mtllib barrel_03_2k.mtl
o barrel_03
usemtl barrel_03
v 2.8656078399080798e-8 0.043030790984630585 -0.3058524429798126
v 2.8656078399080798e-8 0.043030790984630585 -0.3058524429798126
v 2.8656078399080798e-8 0.043030790984630585 -0.3058524429798126
v 2.8656078399080798e-8 0.043030790984630585 -0.3058524429798126
v -0.07319527119398117 0.04303077608346939 -0.2969649136066437
v -0.07319527119398117 0.04303077608346939 -0.2969649136066437
v -0.14213675260543823 0.04303077235817909 -0.270818829536438
v -0.14213675260543823 0.04303077235817909 -0.270818829536438
v -0.20281773805618286 0.0430307574570179 -0.22893381118774414
v -0.20281773805618286 0.0430307574570179 -0.22893381118774414
v -0.2517116665840149 0.04303073510527611 -0.17374393343925476
v -0.2517116665840149 0.04303073510527611 -0.17374393343925476
v -0.2859770655632019 0.04303071275353432 -0.10845669358968735
v -0.2859770655632019 0.04303071275353432 -0.10845669358968735
v -0.3036225140094757 0.04303068667650223 -0.03686635196208954
v -0.3036225140094757 0.04303068667650223 -0.03686635196208954
v -0.3036225140094757 0.04303066059947014 0.03686654195189476
v -0.3036225140094757 0.04303066059947014 0.03686654195189476
v -0.2859770655632019 0.04303063824772835 0.10845689475536346
v -0.2859770655632019 0.04303063824772835 0.10845689475536346
v -0.2517116963863373 0.04303061217069626 0.17374414205551147
v -0.2517116963863373 0.04303061217069626 0.17374414205551147
v -0.20281767845153809 0.04303058236837387 0.22893401980400085
v -0.20281767845153809 0.04303058236837387 0.22893401980400085
v -0.14213667809963226 0.043030574917793274 0.27081912755966187
v -0.14213667809963226 0.043030574917793274 0.27081912755966187
v -0.0731952115893364 0.04303056374192238 0.29696518182754517
v -0.0731952115893364 0.04303056374192238 0.29696518182754517
v 1.2831549156544497e-7 0.04303056001663208 0.3058526813983917
v 1.2831549156544497e-7 0.04303056001663208 0.3058526813983917
v 0.07319546490907669 0.04303056374192238 0.2969651222229004
v 0.07319546490907669 0.04303056374192238 0.2969651222229004
v 0.14213694632053375 0.043030574917793274 0.2708190381526947
v 0.14213694632053375 0.043030574917793274 0.2708190381526947
v 0.20281793177127838 0.04303058236837387 0.2289339005947113
v 0.20281793177127838 0.04303058236837387 0.2289339005947113
v 0.2517118752002716 0.04303061217069626 0.17374396324157715
v 0.2517118752002716 0.04303061217069626 0.17374396324157715
v 0.28597721457481384 0.04303063824772835 0.10845666378736496
v 0.28597721457481384 0.04303063824772835 0.10845666378736496
v 0.3036225736141205 0.04303066059947014 0.03686627373099327
v 0.3036225736141205 0.04303066059947014 0.03686627373099327
v 0.3036225438117981 0.04303068667650223 -0.036866653710603714
v 0.3036225438117981 0.04303068667650223 -0.036866653710603714
v 0.28597700595855713 0.04303071275353432 -0.10845699906349182
v 0.28597700595855713 0.04303071275353432 -0.10845699906349182
v 0.25171151757240295 0.04303073510527611 -0.17374426126480103
v 0.25171151757240295 0.04303073510527611 -0.17374426126480103
v 0.20281746983528137 0.0430307574570179 -0.22893404960632324
v 0.20281746983528137 0.0430307574570179 -0.22893404960632324
v 0.14213639497756958 0.04303077235817909 -0.2708190679550171
v 0.14213639497756958 0.04303077235817909 -0.2708190679550171
v 0.07319488376379013 0.04303077608346939 -0.2969650328159332
v 0.07319488376379013 0.04303077608346939 -0.2969650328159332
v 2.8656078399080798e-8 0.9064323902130127 -0.30585211515426636
v 2.8656078399080798e-8 0.9064323902130127 -0.30585211515426636
v 2.8656078399080798e-8 0.9064323902130127 -0.30585211515426636
v -0.07319527119398117 0.9064323902130127 -0.2969646155834198
v -0.07319527119398117 0.9064323902130127 -0.2969646155834198
v -0.14213675260543823 0.9064322710037231 -0.2708185613155365
v -0.14213675260543823 0.9064322710037231 -0.2708185613155365
v -0.20281773805618286 0.9064322710037231 -0.2289334535598755
v -0.20281773805618286 0.9064322710037231 -0.2289334535598755
v -0.2517116665840149 0.9064322710037231 -0.1737435758113861
v -0.2517116665840149 0.9064322710037231 -0.1737435758113861
v -0.2859770655632019 0.9064322710037231 -0.10845636576414108
v -0.2859770655632019 0.9064322710037231 -0.10845636576414108
v -0.3036225140094757 0.9064322710037231 -0.03686603531241417
v -0.3036225140094757 0.9064322710037231 -0.03686603531241417
v -0.3036225140094757 0.9064322710037231 0.03686685860157013
v -0.3036225140094757 0.9064322710037231 0.03686685860157013
v -0.2859770655632019 0.9064322710037231 0.10845720767974854
v -0.2859770655632019 0.9064322710037231 0.10845720767974854
v -0.2517116963863373 0.9064322710037231 0.17374445497989655
v -0.2517116963863373 0.9064322710037231 0.17374445497989655
v -0.20281767845153809 0.9064322710037231 0.22893434762954712
v -0.20281767845153809 0.9064322710037231 0.22893434762954712
v -0.14213667809963226 0.9064322710037231 0.27081939578056335
v -0.14213667809963226 0.9064322710037231 0.27081939578056335
v -0.0731952115893364 0.906432032585144 0.29696547985076904
v -0.0731952115893364 0.906432032585144 0.29696547985076904
v 1.2831549156544497e-7 0.906432032585144 0.3058529794216156
v 1.2831549156544497e-7 0.906432032585144 0.3058529794216156
v 0.07319546490907669 0.906432032585144 0.29696542024612427
v 0.07319546490907669 0.906432032585144 0.29696542024612427
v 0.14213694632053375 0.9064322710037231 0.2708193361759186
v 0.14213694632053375 0.9064322710037231 0.2708193361759186
v 0.20281793177127838 0.9064322710037231 0.22893419861793518
v 0.20281793177127838 0.9064322710037231 0.22893419861793518
v 0.2517118752002716 0.9064322710037231 0.1737443059682846
v 0.2517118752002716 0.9064322710037231 0.1737443059682846
v 0.28597721457481384 0.9064322710037231 0.10845699161291122
v 0.28597721457481384 0.9064322710037231 0.10845699161291122
v 0.3036225736141205 0.9064322710037231 0.03686659038066864
v 0.3036225736141205 0.9064322710037231 0.03686659038066864
v 0.3036225438117981 0.9064322710037231 -0.03686634078621864
v 0.3036225438117981 0.9064322710037231 -0.03686634078621864
v 0.28597700595855713 0.9064322710037231 -0.10845668613910675
v 0.28597700595855713 0.9064322710037231 -0.10845668613910675
v 0.25171151757240295 0.9064322710037231 -0.17374391853809357
v 0.25171151757240295 0.9064322710037231 -0.17374391853809357
v 0.20281746983528137 0.9064322710037231 -0.22893372178077698
v 0.20281746983528137 0.9064322710037231 -0.22893372178077698
v 0.14213639497756958 0.9064322710037231 -0.2708187699317932
v 0.14213639497756958 0.9064322710037231 -0.2708187699317932
v 0.07319488376379013 0.9064323902130127 -0.29696470499038696
v 0.07319488376379013 0.9064323902130127 -0.29696470499038696
v 0.07319488376379013 0.9064323902130127 -0.29696470499038696
v -0.3036225140094757 0.6334965229034424 0.03686675801873207
v -0.3036225140094757 0.6334965229034424 0.03686675801873207
v -0.3036225140094757 0.6096368432044983 0.03686675429344177
v -0.3036225140094757 0.6096368432044983 0.03686675429344177
v -0.3036225140094757 0.33556467294692993 0.036866653710603714
v -0.3036225140094757 0.33556467294692993 0.036866653710603714
v -0.3036225140094757 0.31137311458587646 0.03686664253473282
v -0.3036225140094757 0.31137311458587646 0.03686664253473282
v -0.2859770655632019 0.3113730251789093 0.10845699906349182
v -0.2859770655632019 0.3113730251789093 0.10845699906349182
v -0.2859770655632019 0.33556464314460754 0.10845699906349182
v -0.2859770655632019 0.33556464314460754 0.10845699906349182
v -0.2859770655632019 0.6096368432044983 0.10845710337162018
v -0.2859770655632019 0.6096368432044983 0.10845710337162018
v -0.2859770655632019 0.6334965229034424 0.10845710337162018
v -0.2859770655632019 0.6334965229034424 0.10845710337162018
v 0.25171151757240295 0.6334966421127319 -0.17374403774738312
v 0.25171151757240295 0.6334966421127319 -0.17374403774738312
v 0.25171151757240295 0.6096369624137878 -0.17374403774738312
v 0.25171151757240295 0.6096369624137878 -0.17374403774738312
v 0.25171151757240295 0.3355647623538971 -0.17374414205551147
v 0.25171151757240295 0.3355647623538971 -0.17374414205551147
v 0.25171151757240295 0.31137314438819885 -0.17374414205551147
v 0.25171151757240295 0.31137314438819885 -0.17374414205551147
v 0.20281746983528137 0.31137317419052124 -0.22893396019935608
v 0.20281746983528137 0.31137317419052124 -0.22893396019935608
v 0.20281746983528137 0.3355647623538971 -0.22893396019935608
v 0.20281746983528137 0.3355647623538971 -0.22893396019935608
v 0.20281746983528137 0.6096369624137878 -0.22893385589122772
v 0.20281746983528137 0.6096369624137878 -0.22893385589122772
v 0.20281746983528137 0.6334966421127319 -0.22893385589122772
v 0.20281746983528137 0.6334966421127319 -0.22893385589122772
v 2.8656078399080798e-8 0.6334966421127319 -0.3058522045612335
v 2.8656078399080798e-8 0.6334966421127319 -0.3058522045612335
v 2.8656078399080798e-8 0.6334966421127319 -0.3058522045612335
v 2.8656078399080798e-8 0.6334966421127319 -0.3058522045612335
v 2.8656078399080798e-8 0.6096369624137878 -0.3058522045612335
v 2.8656078399080798e-8 0.6096369624137878 -0.3058522045612335
v 2.8656078399080798e-8 0.6096369624137878 -0.3058522045612335
v 2.8656078399080798e-8 0.6096369624137878 -0.3058522045612335
v 2.8656078399080798e-8 0.3355647623538971 -0.30585232377052307
v 2.8656078399080798e-8 0.3355647623538971 -0.30585232377052307
v 2.8656078399080798e-8 0.3355647623538971 -0.30585232377052307
v 2.8656078399080798e-8 0.3355647623538971 -0.30585232377052307
v 2.8656078399080798e-8 0.31137317419052124 -0.30585232377052307
v 2.8656078399080798e-8 0.31137317419052124 -0.30585232377052307
v 2.8656078399080798e-8 0.31137317419052124 -0.30585232377052307
v 2.8656078399080798e-8 0.31137317419052124 -0.30585232377052307
v -0.07319527119398117 0.31137317419052124 -0.2969648241996765
v -0.07319527119398117 0.31137317419052124 -0.2969648241996765
v -0.07319527119398117 0.3355647623538971 -0.2969648241996765
v -0.07319527119398117 0.3355647623538971 -0.2969648241996765
v -0.07319527119398117 0.6096369624137878 -0.29696470499038696
v -0.07319527119398117 0.6096369624137878 -0.29696470499038696
v -0.07319527119398117 0.6334966421127319 -0.29696470499038696
v -0.07319527119398117 0.6334966421127319 -0.29696470499038696
v 0.14213694632053375 0.6334964036941528 0.2708192467689514
v 0.14213694632053375 0.6334964036941528 0.2708192467689514
v 0.14213694632053375 0.6096367239952087 0.2708192467689514
v 0.14213694632053375 0.6096367239952087 0.2708192467689514
v 0.14213694632053375 0.33556461334228516 0.27081912755966187
v 0.14213694632053375 0.33556461334228516 0.27081912755966187
v 0.14213694632053375 0.3113730251789093 0.27081912755966187
v 0.14213694632053375 0.3113730251789093 0.27081912755966187
v 0.20281793177127838 0.3113730251789093 0.22893399000167847
v 0.20281793177127838 0.3113730251789093 0.22893399000167847
v 0.20281793177127838 0.33556461334228516 0.22893399000167847
v 0.20281793177127838 0.33556461334228516 0.22893399000167847
v 0.20281793177127838 0.6096367239952087 0.2289341241121292
v 0.20281793177127838 0.6096367239952087 0.2289341241121292
v 0.20281793177127838 0.6334964036941528 0.2289341241121292
v 0.20281793177127838 0.6334964036941528 0.2289341241121292
v -0.2517116963863373 0.3113730251789093 0.17374423146247864
v -0.2517116963863373 0.3113730251789093 0.17374423146247864
v -0.2517116963863373 0.33556464314460754 0.17374423146247864
v -0.2517116963863373 0.33556464314460754 0.17374423146247864
v -0.2517116963863373 0.6096367239952087 0.173744335770607
v -0.2517116963863373 0.6096367239952087 0.173744335770607
v -0.2517116963863373 0.6334964036941528 0.173744335770607
v -0.2517116963863373 0.6334964036941528 0.173744335770607
v 0.14213639497756958 0.31137317419052124 -0.27081891894340515
v 0.14213639497756958 0.31137317419052124 -0.27081891894340515
v 0.14213639497756958 0.3355647623538971 -0.27081891894340515
v 0.14213639497756958 0.3355647623538971 -0.27081891894340515
v 0.14213639497756958 0.6096369624137878 -0.2708188593387604
v 0.14213639497756958 0.6096369624137878 -0.2708188593387604
v 0.14213639497756958 0.6334966421127319 -0.2708188593387604
v 0.14213639497756958 0.6334966421127319 -0.2708188593387604
v -0.14213675260543823 0.31137317419052124 -0.2708187699317932
v -0.14213675260543823 0.31137317419052124 -0.2708187699317932
v -0.14213675260543823 0.3355647623538971 -0.2708187699317932
v -0.14213675260543823 0.3355647623538971 -0.2708187699317932
v -0.14213675260543823 0.6096369624137878 -0.27081865072250366
v -0.14213675260543823 0.6096369624137878 -0.27081865072250366
v -0.14213675260543823 0.6334966421127319 -0.27081865072250366
v -0.14213675260543823 0.6334966421127319 -0.27081865072250366
v 0.2517118752002716 0.3113730251789093 0.1737440526485443
v 0.2517118752002716 0.3113730251789093 0.1737440526485443
v 0.2517118752002716 0.33556464314460754 0.1737440526485443
v 0.2517118752002716 0.33556464314460754 0.1737440526485443
v 0.2517118752002716 0.6096367239952087 0.17374418675899506
v 0.2517118752002716 0.6096367239952087 0.17374418675899506
v 0.2517118752002716 0.6334964036941528 0.17374418675899506
v 0.2517118752002716 0.6334964036941528 0.17374418675899506
v -0.20281767845153809 0.3113730251789093 0.2289341241121292
v -0.20281767845153809 0.3113730251789093 0.2289341241121292
v -0.20281767845153809 0.33556461334228516 0.2289341241121292
v -0.20281767845153809 0.33556461334228516 0.2289341241121292
v -0.20281767845153809 0.6096367239952087 0.22893421351909637
v -0.20281767845153809 0.6096367239952087 0.22893421351909637
v -0.20281767845153809 0.6334964036941528 0.22893421351909637
v -0.20281767845153809 0.6334964036941528 0.22893421351909637
v 0.07319488376379013 0.31137317419052124 -0.29696494340896606
v 0.07319488376379013 0.31137317419052124 -0.29696494340896606
v 0.07319488376379013 0.3355647623538971 -0.29696494340896606
v 0.07319488376379013 0.3355647623538971 -0.29696494340896606
v 0.07319488376379013 0.6096369624137878 -0.2969648241996765
v 0.07319488376379013 0.6096369624137878 -0.2969648241996765
v 0.07319488376379013 0.6334966421127319 -0.2969648241996765
v 0.07319488376379013 0.6334966421127319 -0.2969648241996765
v -0.20281773805618286 0.31137317419052124 -0.2289336919784546
v -0.20281773805618286 0.31137317419052124 -0.2289336919784546
v -0.20281773805618286 0.3355647623538971 -0.2289336919784546
v -0.20281773805618286 0.3355647623538971 -0.2289336919784546
v -0.20281773805618286 0.6096369624137878 -0.22893358767032623
v -0.20281773805618286 0.6096369624137878 -0.22893358767032623
v -0.20281773805618286 0.6334966421127319 -0.22893358767032623
v -0.20281773805618286 0.6334966421127319 -0.22893358767032623
v 0.28597721457481384 0.3113730251789093 0.10845677554607391
v 0.28597721457481384 0.3113730251789093 0.10845677554607391
v 0.28597721457481384 0.33556464314460754 0.10845677554607391
v 0.28597721457481384 0.33556464314460754 0.10845677554607391
v 0.28597721457481384 0.6096368432044983 0.10845687985420227
v 0.28597721457481384 0.6096368432044983 0.10845687985420227
v 0.28597721457481384 0.6334965229034424 0.10845687985420227
v 0.28597721457481384 0.6334965229034424 0.10845687985420227
v -0.14213667809963226 0.3113730251789093 0.27081921696662903
v -0.14213667809963226 0.3113730251789093 0.27081921696662903
v -0.14213667809963226 0.33556461334228516 0.27081921696662903
v -0.14213667809963226 0.33556461334228516 0.27081921696662903
v -0.14213667809963226 0.6096367239952087 0.2708193361759186
v -0.14213667809963226 0.6096367239952087 0.2708193361759186
v -0.14213667809963226 0.6334964036941528 0.2708193361759186
v -0.14213667809963226 0.6334964036941528 0.2708193361759186
v -0.2517116665840149 0.31137314438819885 -0.17374379932880402
v -0.2517116665840149 0.31137314438819885 -0.17374379932880402
v -0.2517116665840149 0.3355647623538971 -0.17374379932880402
v -0.2517116665840149 0.3355647623538971 -0.17374379932880402
v -0.2517116665840149 0.6096369624137878 -0.17374370992183685
v -0.2517116665840149 0.6096369624137878 -0.17374370992183685
v -0.2517116665840149 0.6334966421127319 -0.17374370992183685
v -0.2517116665840149 0.6334966421127319 -0.17374370992183685
v 0.3036225736141205 0.31137311458587646 0.03686637058854103
v 0.3036225736141205 0.31137311458587646 0.03686637058854103
v 0.3036225736141205 0.33556467294692993 0.036866381764411926
v 0.3036225736141205 0.33556467294692993 0.036866381764411926
v 0.3036225736141205 0.6096368432044983 0.036866478621959686
v 0.3036225736141205 0.6096368432044983 0.036866478621959686
v 0.3036225736141205 0.6334965229034424 0.03686648979783058
v 0.3036225736141205 0.6334965229034424 0.03686648979783058
v -0.0731952115893364 0.3113730251789093 0.29696527123451233
v -0.0731952115893364 0.3113730251789093 0.29696527123451233
v -0.0731952115893364 0.33556461334228516 0.29696527123451233
v -0.0731952115893364 0.33556461334228516 0.29696527123451233
v -0.0731952115893364 0.6096367239952087 0.2969653904438019
v -0.0731952115893364 0.6096367239952087 0.2969653904438019
v -0.0731952115893364 0.6334964036941528 0.2969653904438019
v -0.0731952115893364 0.6334964036941528 0.2969653904438019
v -0.2859770655632019 0.31137314438819885 -0.1084565818309784
v -0.2859770655632019 0.31137314438819885 -0.1084565818309784
v -0.2859770655632019 0.3355647623538971 -0.1084565818309784
v -0.2859770655632019 0.3355647623538971 -0.1084565818309784
v -0.2859770655632019 0.6096368432044983 -0.10845647752285004
v -0.2859770655632019 0.6096368432044983 -0.10845647752285004
v -0.2859770655632019 0.6334965229034424 -0.10845647752285004
v -0.2859770655632019 0.6334965229034424 -0.10845647752285004
v 0.3036225438117981 0.31137311458587646 -0.036866556853055954
v 0.3036225438117981 0.31137311458587646 -0.036866556853055954
v 0.3036225438117981 0.33556467294692993 -0.03686654940247536
v 0.3036225438117981 0.33556467294692993 -0.03686654940247536
v 0.3036225438117981 0.6096368432044983 -0.0368664488196373
v 0.3036225438117981 0.6096368432044983 -0.0368664488196373
v 0.3036225438117981 0.6334965229034424 -0.0368664413690567
v 0.3036225438117981 0.6334965229034424 -0.0368664413690567
v 1.2831549156544497e-7 0.3113730251789093 0.3058527112007141
v 1.2831549156544497e-7 0.3113730251789093 0.3058527112007141
v 1.2831549156544497e-7 0.33556461334228516 0.3058527112007141
v 1.2831549156544497e-7 0.33556461334228516 0.3058527112007141
v 1.2831549156544497e-7 0.6096367239952087 0.30585286021232605
v 1.2831549156544497e-7 0.6096367239952087 0.30585286021232605
v 1.2831549156544497e-7 0.6334964036941528 0.30585286021232605
v 1.2831549156544497e-7 0.6334964036941528 0.30585286021232605
v -0.3036225140094757 0.31137311458587646 -0.03686625137925148
v -0.3036225140094757 0.31137311458587646 -0.03686625137925148
v -0.3036225140094757 0.33556467294692993 -0.036866240203380585
v -0.3036225140094757 0.33556467294692993 -0.036866240203380585
v -0.3036225140094757 0.6096368432044983 -0.036866143345832825
v -0.3036225140094757 0.6096368432044983 -0.036866143345832825
v -0.3036225140094757 0.6334965229034424 -0.03686613216996193
v -0.3036225140094757 0.6334965229034424 -0.03686613216996193
v 0.28597700595855713 0.31137314438819885 -0.10845690220594406
v 0.28597700595855713 0.31137314438819885 -0.10845690220594406
v 0.28597700595855713 0.3355647623538971 -0.10845690220594406
v 0.28597700595855713 0.3355647623538971 -0.10845690220594406
v 0.28597700595855713 0.6096368432044983 -0.1084567978978157
v 0.28597700595855713 0.6096368432044983 -0.1084567978978157
v 0.28597700595855713 0.6334965229034424 -0.1084567978978157
v 0.28597700595855713 0.6334965229034424 -0.1084567978978157
v 0.07319546490907669 0.3113730251789093 0.29696521162986755
v 0.07319546490907669 0.3113730251789093 0.29696521162986755
v 0.07319546490907669 0.33556461334228516 0.29696521162986755
v 0.07319546490907669 0.33556461334228516 0.29696521162986755
v 0.07319546490907669 0.6096367239952087 0.2969653010368347
v 0.07319546490907669 0.6096367239952087 0.2969653010368347
v 0.07319546490907669 0.6334964036941528 0.2969653010368347
v 0.07319546490907669 0.6334964036941528 0.2969653010368347
v -0.3131985068321228 0.6295810341835022 0.0380294993519783
v -0.3131985068321228 0.613552451133728 0.038029491901397705
v -0.3131984770298004 0.3314831554889679 0.03802938759326935
v -0.3131984770298004 0.3154546618461609 0.03802938014268875
v -0.2949965298175812 0.3154546022415161 0.11187763512134552
v -0.2949965298175812 0.3314830958843231 0.11187763512134552
v -0.2949965298175812 0.613552451133728 0.11187774688005447
v -0.2949965298175812 0.6295810341835022 0.11187774688005447
v 0.2596502900123596 0.629581093788147 -0.17922377586364746
v 0.2596502900123596 0.6135525107383728 -0.17922377586364746
v 0.2596502900123596 0.33148321509361267 -0.17922386527061462
v 0.2596502900123596 0.3154546916484833 -0.17922386527061462
v 0.20921416580677032 0.31545475125312805 -0.23615434765815735
v 0.20921416580677032 0.33148327469825745 -0.23615434765815735
v 0.20921416580677032 0.6135525107383728 -0.2361542135477066
v 0.20921416580677032 0.629581093788147 -0.2361542135477066
v 2.9399734202684158e-8 0.629581093788147 -0.3154985010623932
v 2.9399734202684158e-8 0.629581093788147 -0.3154985010623932
v 2.9399734202684158e-8 0.6135525107383728 -0.3154985010623932
v 2.9399734202684158e-8 0.6135525107383728 -0.3154985010623932
v 2.9519164002067555e-8 0.3314833343029022 -0.31549862027168274
v 2.9519164002067555e-8 0.3314833343029022 -0.31549862027168274
v 2.9519164002067555e-8 0.3154546916484833 -0.31549862027168274
v 2.9519164002067555e-8 0.3154546916484833 -0.31549862027168274
v -0.07550378888845444 0.31545475125312805 -0.3063308298587799
v -0.07550378888845444 0.33148327469825745 -0.3063308298587799
v -0.07550378888845444 0.6135525107383728 -0.30633068084716797
v -0.07550378888845444 0.629581093788147 -0.30633068084716797
v 0.14661981165409088 0.6295809745788574 0.2793606221675873
v 0.14661981165409088 0.6135523319244385 0.2793606221675873
v 0.14661981165409088 0.33148306608200073 0.27936050295829773
v 0.14661981165409088 0.31545454263687134 0.27936050295829773
v 0.20921462774276733 0.31545454263687134 0.23615439236164093
v 0.20921462774276733 0.33148306608200073 0.23615439236164093
v 0.20921462774276733 0.6135523319244385 0.2361544817686081
v 0.20921462774276733 0.6295809745788574 0.2361544817686081
v -0.25965043902397156 0.3154546022415161 0.17922396957874298
v -0.25965043902397156 0.3314830958843231 0.17922396957874298
v -0.25965043902397156 0.6135523319244385 0.17922407388687134
v -0.25965043902397156 0.6295809745788574 0.17922407388687134
v 0.1466192752122879 0.31545475125312805 -0.2793603539466858
v 0.1466192752122879 0.33148327469825745 -0.2793603539466858
v 0.1466192752122879 0.6135525107383728 -0.27936020493507385
v 0.1466192752122879 0.629581093788147 -0.27936020493507385
v -0.14661960303783417 0.31545475125312805 -0.2793601155281067
v -0.14661960303783417 0.33148327469825745 -0.2793601155281067
v -0.14661960303783417 0.6135525107383728 -0.27935999631881714
v -0.14661960303783417 0.629581093788147 -0.27935999631881714
v 0.25965064764022827 0.3154546022415161 0.17922379076480865
v 0.25965064764022827 0.3314830958843231 0.17922379076480865
v 0.2596506178379059 0.6135523319244385 0.1792239248752594
v 0.2596506178379059 0.6295809745788574 0.1792239248752594
v -0.20921438932418823 0.31545454263687134 0.23615451157093048
v -0.20921438932418823 0.33148306608200073 0.23615451157093048
v -0.20921438932418823 0.6135523319244385 0.23615461587905884
v -0.20921438932418823 0.6295809745788574 0.23615461587905884
v 0.0755033791065216 0.31545475125312805 -0.3063308894634247
v 0.0755033791065216 0.33148327469825745 -0.3063308894634247
v 0.0755033865571022 0.6135525107383728 -0.3063308000564575
v 0.0755033865571022 0.629581093788147 -0.3063308000564575
v -0.20921438932418823 0.31545475125312805 -0.23615406453609467
v -0.20921438932418823 0.33148327469825745 -0.23615406453609467
v -0.20921438932418823 0.6135525107383728 -0.23615394532680511
v -0.20921438932418823 0.629581093788147 -0.23615394532680511
v 0.2949966788291931 0.3154546022415161 0.11187738925218582
v 0.2949966788291931 0.3314830958843231 0.11187738925218582
v 0.2949966788291931 0.613552451133728 0.11187750846147537
v 0.2949966788291931 0.6295810341835022 0.11187750846147537
v -0.14661955833435059 0.31545454263687134 0.2793605923652649
v -0.14661955833435059 0.33148306608200073 0.2793605923652649
v -0.14661955833435059 0.6135523915290833 0.27936071157455444
v -0.14661955833435059 0.6295809745788574 0.27936071157455444
v -0.25965043902397156 0.3154546916484833 -0.17922355234622955
v -0.25965043902397156 0.33148321509361267 -0.17922355234622955
v -0.25965043902397156 0.6135525107383728 -0.1792234480381012
v -0.25965043902397156 0.629581093788147 -0.1792234480381012
v 0.31319859623908997 0.3154546618461609 0.038029104471206665
v 0.31319859623908997 0.3314831554889679 0.03802911192178726
v 0.31319859623908997 0.613552451133728 0.03802920877933502
v 0.31319859623908997 0.6295810341835022 0.03802921995520592
v -0.07550372183322906 0.31545454263687134 0.3063312768936157
v -0.07550372183322906 0.33148306608200073 0.3063312768936157
v -0.07550372183322906 0.6135523319244385 0.3063313663005829
v -0.07550372183322906 0.6295809745788574 0.3063313663005829
v -0.2949965298175812 0.3154546916484833 -0.1118772029876709
v -0.2949965298175812 0.33148321509361267 -0.1118772029876709
v -0.2949965298175812 0.613552451133728 -0.11187710613012314
v -0.2949965298175812 0.6295810341835022 -0.11187710613012314
v 0.3131985068321228 0.3154546618461609 -0.038029298186302185
v 0.3131985068321228 0.3314831554889679 -0.03802929073572159
v 0.3131985068321228 0.613552451133728 -0.03802918642759323
v 0.3131985068321228 0.6295810341835022 -0.03802918270230293
v 1.3232174467248115e-7 0.31545454263687134 0.31549906730651855
v 1.3232174467248115e-7 0.33148306608200073 0.31549906730651855
v 1.3220230243859987e-7 0.6135523319244385 0.3154991567134857
v 1.3220230243859987e-7 0.6295809745788574 0.3154991567134857
v -0.3131984770298004 0.3154546618461609 -0.038028981536626816
v -0.3131984770298004 0.3314831554889679 -0.03802896663546562
v -0.3131985068321228 0.613552451133728 -0.03802887350320816
v -0.3131985068321228 0.6295810341835022 -0.03802886977791786
v 0.2949964702129364 0.3154546916484833 -0.11187753826379776
v 0.2949964702129364 0.33148321509361267 -0.11187753826379776
v 0.2949964702129364 0.613552451133728 -0.11187744140625
v 0.2949964702129364 0.6295810341835022 -0.11187744140625
v 0.07550397515296936 0.31545454263687134 0.30633121728897095
v 0.07550397515296936 0.33148306608200073 0.30633121728897095
v 0.07550397515296936 0.6135523319244385 0.3063313066959381
v 0.07550397515296936 0.6295809745788574 0.3063313066959381
v 0.1483861356973648 0.621566653251648 0.28272613883018494
v 0.0764135867357254 0.621566653251648 0.31002163887023926
v 0.2627783417701721 0.6215667724609375 -0.1813829243183136
v 0.2985503375530243 0.6215667724609375 -0.11322522908449173
v -0.31697171926498413 0.6215667724609375 0.038487646728754044
v -0.31697171926498413 0.6215667724609375 -0.03848699852824211
v 1.3376936180975463e-7 0.621566653251648 0.3193000555038452
v 0.31697168946266174 0.6215667724609375 -0.03848732262849808
v -0.29855039715766907 0.6215667724609375 -0.11322490125894547
v -0.07641332596540451 0.621566653251648 0.3100217580795288
v 0.3169717788696289 0.6215667724609375 0.03848734870553017
v -0.26277846097946167 0.6215667724609375 -0.18138258159160614
v -0.1483858972787857 0.621566653251648 0.2827262282371521
v 0.298550546169281 0.6215667724609375 0.1132253035902977
v -0.2117348313331604 0.6215667724609375 -0.23899894952774048
v 2.972831758540906e-8 0.6215667724609375 -0.3192993700504303
v 2.972831758540906e-8 0.6215667724609375 -0.3192993700504303
v 0.07641298323869705 0.6215667724609375 -0.31002116203308105
v -0.211734801530838 0.621566653251648 0.23899956047534943
v 0.2627786695957184 0.621566653251648 0.18138305842876434
v -0.14838595688343048 0.6215667724609375 -0.2827254831790924
v 0.14838559925556183 0.6215667724609375 -0.2827257215976715
v -0.26277849078178406 0.621566653251648 0.18138323724269867
v 0.21173503994941711 0.621566653251648 0.23899947106838226
v -0.07641340047121048 0.6215667724609375 -0.3100211024284363
v 0.2117345929145813 0.6215667724609375 -0.23899920284748077
v -0.29855039715766907 0.6215667724609375 0.1132255345582962
v 0.0764135792851448 0.32346880435943604 0.31002160906791687
v 0.1483861356973648 0.32346880435943604 0.2827260196208954
v 0.2985503375530243 0.323468953371048 -0.11322534084320068
v 0.2627783417701721 0.323468953371048 -0.18138301372528076
v -0.31697162985801697 0.3234688937664032 -0.03848710656166077
v -0.31697162985801697 0.3234688937664032 0.03848753124475479
v 1.3388192598995374e-7 0.32346880435943604 0.3192999064922333
v 0.31697168946266174 0.3234688937664032 -0.03848743811249733
v -0.29855039715766907 0.323468953371048 -0.11322501301765442
v -0.07641332596540451 0.32346880435943604 0.31002160906791687
v 0.3169717788696289 0.3234688937664032 0.03848724812269211
v -0.26277846097946167 0.323468953371048 -0.1813827008008957
v -0.1483859121799469 0.32346880435943604 0.28272610902786255
v 0.298550546169281 0.32346880435943604 0.11322520673274994
v -0.2117348313331604 0.32346901297569275 -0.23899903893470764
v 0.07641298323869705 0.32346901297569275 -0.3100212812423706
v 2.984088709467869e-8 0.32346901297569275 -0.31929945945739746
v 2.984088709467869e-8 0.32346901297569275 -0.31929945945739746
v -0.211734801530838 0.32346880435943604 0.23899947106838226
v 0.26277869939804077 0.32346880435943604 0.18138296902179718
v -0.14838595688343048 0.32346901297569275 -0.28272563219070435
v 0.14838559925556183 0.32346901297569275 -0.28272584080696106
v -0.26277849078178406 0.32346880435943604 0.18138311803340912
v 0.21173503994941711 0.32346880435943604 0.23899933695793152
v -0.07641340047121048 0.32346901297569275 -0.31002119183540344
v 0.2117345929145813 0.32346901297569275 -0.23899930715560913
v -0.29855039715766907 0.32346880435943604 0.11322542279958725
v 3.0006507500957014e-8 0.919439435005188 -0.31657493114471436
v -0.07576142251491547 0.919439435005188 -0.30737581849098206
v -0.14711987972259521 0.9194391965866089 -0.2803131341934204
v -0.20992827415466309 0.9194391965866089 -0.2369595766067505
v -0.2605363726615906 0.9194391965866089 -0.17983487248420715
v -0.2960030734539032 0.9194391965866089 -0.11225874722003937
v -0.3142671585083008 0.9194391965866089 -0.038158513605594635
v -0.3142671585083008 0.9194391965866089 0.038159362971782684
v -0.2960030734539032 0.9194391965866089 0.11225956678390503
v -0.26053640246391296 0.9194391965866089 0.1798357218503952
v -0.2099282592535019 0.9194391965866089 0.2369605004787445
v -0.14711984992027283 0.9194391965866089 0.28031402826309204
v -0.0757613480091095 0.9194390177726746 0.3073766529560089
v 1.3315985825101961e-7 0.9194390177726746 0.3165757954120636
v 0.07576160132884979 0.9194390177726746 0.3073766529560089
v 0.14712008833885193 0.9194391965866089 0.2803139090538025
v 0.2099284678697586 0.9194391965866089 0.23696038126945496
v 0.2605365514755249 0.9194391965866089 0.17983555793762207
v 0.29600322246551514 0.9194391965866089 0.11225935816764832
v 0.31426724791526794 0.9194391965866089 0.03815907984972
v 0.31426718831062317 0.9194391965866089 -0.0381588339805603
v 0.2960030138492584 0.9194391965866089 -0.11225907504558563
v 0.26053622364997864 0.9194391965866089 -0.17983520030975342
v 0.2099280059337616 0.9194391965866089 -0.23695984482765198
v 0.14711952209472656 0.9194391965866089 -0.28031331300735474
v 0.07576101273298264 0.919439435005188 -0.3073759377002716
v 0.07576101273298264 0.919439435005188 -0.3073759377002716
v 2.9141952850864072e-8 0.927638053894043 -0.3097616136074066
v -0.07413090020418167 0.927638053894043 -0.30076053738594055
v -0.1439536064863205 0.9276379942893982 -0.274280309677124
v -0.20541022717952728 0.9276379942893982 -0.23185984790325165
v -0.25492915511131287 0.9276379942893982 -0.17596447467803955
v -0.2896325886249542 0.9276379942893982 -0.10984272509813309
v -0.3075035810470581 0.9276379942893982 -0.03733726218342781
v -0.3075035810470581 0.9276379942893982 0.03733811900019646
v -0.2896325886249542 0.9276379942893982 0.10984357446432114
v -0.25492915511131287 0.9276379942893982 0.17596536874771118
v -0.2054102122783661 0.9276379942893982 0.2318607121706009
v -0.14395354688167572 0.9276379942893982 0.27428117394447327
v -0.0741308256983757 0.9276377558708191 0.30076146125793457
v 1.3007526433739258e-7 0.9276377558708191 0.30976250767707825
v 0.0741310641169548 0.9276377558708191 0.3007614314556122
v 0.14395380020141602 0.9276379942893982 0.2742810845375061
v 0.205410435795784 0.9276379942893982 0.23186057806015015
v 0.25492939352989197 0.9276379942893982 0.17596517503261566
v 0.28963273763656616 0.9276379942893982 0.10984333604574203
v 0.30750370025634766 0.9276379942893982 0.03733784705400467
v 0.3075036406517029 0.9276379942893982 -0.03733757510781288
v 0.28963249921798706 0.9276379942893982 -0.10984305292367935
v 0.2549290657043457 0.9276379942893982 -0.175964817404747
v 0.20541001856327057 0.9276379942893982 -0.23186011612415314
v 0.14395326375961304 0.9276379942893982 -0.27428048849105835
v 0.07413050532341003 0.927638053894043 -0.3007606267929077
v 0.07413050532341003 0.927638053894043 -0.3007606267929077
v 2.7977584693417157e-8 0.8985652923583984 -0.2874239683151245
v 2.7977584693417157e-8 0.8985652923583984 -0.2874239683151245
v -0.06878513842821121 0.8985651135444641 -0.27907195687294006
v -0.06878513842821121 0.8985651135444641 -0.27907195687294006
v -0.1335727423429489 0.8985651135444641 -0.25450125336647034
v -0.1335727423429489 0.8985651135444641 -0.25450125336647034
v -0.19059759378433228 0.8985651135444641 -0.21513979136943817
v -0.19059759378433228 0.8985651135444641 -0.21513979136943817
v -0.236545592546463 0.8985651135444641 -0.16327521204948425
v -0.236545592546463 0.8985651135444641 -0.16327521204948425
v -0.2687464654445648 0.8985651135444641 -0.10192167013883591
v -0.2687464654445648 0.8985651135444641 -0.10192167013883591
v -0.2853286862373352 0.8985651135444641 -0.03464476764202118
v -0.2853286862373352 0.8985651135444641 -0.03464476764202118
v -0.2853286862373352 0.8985651135444641 0.03464558720588684
v -0.2853286862373352 0.8985651135444641 0.03464558720588684
v -0.2687464654445648 0.8985651135444641 0.10192248970270157
v -0.2687464654445648 0.8985651135444641 0.10192248970270157
v -0.2365456074476242 0.8985651135444641 0.1632760912179947
v -0.2365456074476242 0.8985651135444641 0.1632760912179947
v -0.1905975639820099 0.8985651135444641 0.21514062583446503
v -0.1905975639820099 0.8985651135444641 0.21514062583446503
v -0.13357271254062653 0.8985651135444641 0.2545020878314972
v -0.13357271254062653 0.8985651135444641 0.2545020878314972
v -0.06878507882356644 0.8985651135444641 0.2790727913379669
v -0.06878507882356644 0.8985651135444641 0.2790727913379669
v 1.2163235396656091e-7 0.898564875125885 0.287424772977829
v 1.2163235396656091e-7 0.898564875125885 0.287424772977829
v 0.06878530234098434 0.8985651135444641 0.27907273173332214
v 0.06878530234098434 0.8985651135444641 0.27907273173332214
v 0.13357295095920563 0.8985651135444641 0.25450199842453003
v 0.13357295095920563 0.8985651135444641 0.25450199842453003
v 0.190597802400589 0.8985651135444641 0.21514055132865906
v 0.190597802400589 0.8985651135444641 0.21514055132865906
v 0.23654578626155853 0.8985651135444641 0.16327589750289917
v 0.23654578626155853 0.8985651135444641 0.16327589750289917
v 0.26874658465385437 0.8985651135444641 0.10192228853702545
v 0.26874658465385437 0.8985651135444641 0.10192228853702545
v 0.28532874584198 0.8985651135444641 0.034645333886146545
v 0.28532874584198 0.8985651135444641 0.034645333886146545
v 0.2853287160396576 0.8985651135444641 -0.03464505821466446
v 0.2853287160396576 0.8985651135444641 -0.03464505821466446
v 0.26874640583992004 0.8985651135444641 -0.10192196071147919
v 0.26874640583992004 0.8985651135444641 -0.10192196071147919
v 0.23654548823833466 0.8985651135444641 -0.16327552497386932
v 0.23654548823833466 0.8985651135444641 -0.16327552497386932
v 0.19059737026691437 0.8985651135444641 -0.21514005959033966
v 0.19059737026691437 0.8985651135444641 -0.21514005959033966
v 0.13357244431972504 0.8985651135444641 -0.2545014023780823
v 0.13357244431972504 0.8985651135444641 -0.2545014023780823
v 0.06878475844860077 0.8985651135444641 -0.27907198667526245
v 0.06878475844860077 0.8985651135444641 -0.27907198667526245
v 0.06878475844860077 0.8985651135444641 -0.27907198667526245
v 2.929215270341956e-8 0.9275988340377808 -0.29177147150039673
v 2.802330634210648e-8 0.9231128692626953 -0.2874239683151245
v -0.06878513842821121 0.923112690448761 -0.2790719270706177
v -0.06982556730508804 0.9275987148284912 -0.2832931578159332
v -0.1335727423429489 0.923112690448761 -0.25450125336647034
v -0.13559314608573914 0.9275987148284912 -0.25835075974464417
v -0.19059759378433228 0.923112690448761 -0.21513979136943817
v -0.19348055124282837 0.9275987148284912 -0.2183939665555954
v -0.236545592546463 0.923112690448761 -0.16327521204948425
v -0.24012355506420135 0.9275987148284912 -0.16574490070343018
v -0.2687464654445648 0.923112690448761 -0.10192167013883591
v -0.2728114724159241 0.9275987148284912 -0.1034633219242096
v -0.2853286862373352 0.923112690448761 -0.03464476764202118
v -0.2896445691585541 0.9275987148284912 -0.03516879305243492
v -0.2853286862373352 0.923112690448761 0.034645598381757736
v -0.2896445691585541 0.9275987148284912 0.035169634968042374
v -0.2687464654445648 0.923112690448761 0.10192248970270157
v -0.2728114724159241 0.9275987148284912 0.10346414893865585
v -0.2365456074476242 0.923112690448761 0.1632760912179947
v -0.24012356996536255 0.9275987148284912 0.16574573516845703
v -0.1905975639820099 0.923112690448761 0.21514062583446503
v -0.19348052144050598 0.9275987148284912 0.21839483082294464
v -0.13357271254062653 0.923112690448761 0.2545020878314972
v -0.13559310138225555 0.9275987148284912 0.25835156440734863
v -0.06878507882356644 0.923112690448761 0.2790727913379669
v -0.06982550024986267 0.9275987148284912 0.2832939624786377
v 1.2167807028617972e-7 0.9231124520301819 0.287424772977829
v 1.2436349550171144e-7 0.9275985360145569 0.2917723059654236
v 0.06878530234098434 0.923112690448761 0.27907273173332214
v 0.06982573121786118 0.9275987148284912 0.2832939624786377
v 0.13357295095920563 0.923112690448761 0.25450199842453003
v 0.13559332489967346 0.9275987148284912 0.25835156440734863
v 0.190597802400589 0.923112690448761 0.21514055132865906
v 0.1934807300567627 0.9275987148284912 0.21839474141597748
v 0.23654578626155853 0.923112690448761 0.16327589750289917
v 0.24012374877929688 0.9275987148284912 0.1657455861568451
v 0.26874658465385437 0.923112690448761 0.10192228853702545
v 0.2728115916252136 0.9275987148284912 0.10346393287181854
v 0.28532874584198 0.923112690448761 0.034645337611436844
v 0.28964462876319885 0.9275987148284912 0.03516937792301178
v 0.2853287160396576 0.923112690448761 -0.03464505076408386
v 0.2896445393562317 0.9275987148284912 -0.0351690836250782
v 0.26874640583992004 0.923112690448761 -0.10192196071147919
v 0.2728113830089569 0.9275987148284912 -0.10346362739801407
v 0.23654548823833466 0.923112690448761 -0.16327552497386932
v 0.2401234209537506 0.9275987148284912 -0.16574518382549286
v 0.19059737026691437 0.923112690448761 -0.21514005959033966
v 0.19348035752773285 0.9275987148284912 -0.21839424967765808
v 0.13357244431972504 0.923112690448761 -0.2545014023780823
v 0.13559283316135406 0.9275987148284912 -0.2583509385585785
v 0.06878475844860077 0.923112690448761 -0.27907198667526245
v 0.06878475844860077 0.923112690448761 -0.27907198667526245
v 0.0698251873254776 0.9275987148284912 -0.283293217420578
v 0.0698251873254776 0.9275987148284912 -0.283293217420578
v -1.1433396451820954e-9 0.8985650539398193 3.1817288004276634e-7
v 2.795163389635036e-8 1.1354075724057111e-7 -0.2964426577091217
v 2.795163389635036e-8 1.1354075724057111e-7 -0.2964426577091217
v 2.795163389635036e-8 1.1354075724057111e-7 -0.2964426577091217
v -0.07094337791204453 1.1316422643403712e-7 -0.28782859444618225
v -0.07094337791204453 1.1316422643403712e-7 -0.28782859444618225
v -0.1377638280391693 9.343005302753227e-8 -0.26248693466186523
v -0.1377638280391693 9.343005302753227e-8 -0.26248693466186523
v -0.19657792150974274 8.047965849300454e-8 -0.22189047932624817
v -0.19657792150974274 8.047965849300454e-8 -0.22189047932624817
v -0.24396760761737823 6.696558330077096e-8 -0.16839861869812012
v -0.24396760761737823 6.696558330077096e-8 -0.16839861869812012
v -0.2771787941455841 4.1847844300946235e-8 -0.105119988322258
v -0.2771787941455841 4.1847844300946235e-8 -0.105119988322258
v -0.29428139328956604 2.0188354099559547e-8 -0.035732150077819824
v -0.29428139328956604 2.0188354099559547e-8 -0.035732150077819824
v -0.29428139328956604 -1.2737779719884657e-8 0.03573230654001236
v -0.29428139328956604 -1.2737779719884657e-8 0.03573230654001236
v -0.2771787941455841 -3.8122557555198e-8 0.10512012243270874
v -0.2771787941455841 -3.8122557555198e-8 0.10512012243270874
v -0.24396760761737823 -6.32403001077364e-8 0.16839875280857086
v -0.24396760761737823 -6.32403001077364e-8 0.16839875280857086
v -0.19657792150974274 -7.302908500150807e-8 0.22189074754714966
v -0.19657792150974274 -7.302908500150807e-8 0.22189074754714966
v -0.13776378333568573 -9.343006723838698e-8 0.2624872028827667
v -0.13776378333568573 -9.343006723838698e-8 0.2624872028827667
v -0.07094331085681915 -1.0571365294254065e-7 0.28782886266708374
v -0.07094331085681915 -1.0571365294254065e-7 0.28782886266708374
v 1.2454496811642457e-7 -1.0609018374907464e-7 0.2964428961277008
v 1.2454496811642457e-7 -1.0609018374907464e-7 0.2964428961277008
v 0.07094355672597885 -1.0571365294254065e-7 0.28782880306243896
v 0.07094355672597885 -1.0571365294254065e-7 0.28782880306243896
v 0.13776400685310364 -9.343006013295962e-8 0.2624870836734772
v 0.13776400685310364 -9.343006013295962e-8 0.2624870836734772
v 0.19657811522483826 -7.302908500150807e-8 0.2218906134366989
v 0.19657811522483826 -7.302908500150807e-8 0.2218906134366989
v 0.24396777153015137 -6.324029300230904e-8 0.16839860379695892
v 0.24396777153015137 -6.324029300230904e-8 0.16839860379695892
v 0.27717894315719604 -3.812255044977064e-8 0.10511991381645203
v 0.27717894315719604 -3.812255044977064e-8 0.10511991381645203
v 0.2942814230918884 -1.27377681735652e-8 0.03573204576969147
v 0.2942814230918884 -1.27377681735652e-8 0.03573204576969147
v 0.2942814230918884 2.0188366534057423e-8 -0.0357324481010437
v 0.2942814230918884 2.0188366534057423e-8 -0.0357324481010437
v 0.2771787643432617 4.184785851180095e-8 -0.10512029379606247
v 0.2771787643432617 4.184785851180095e-8 -0.10512029379606247
v 0.24396748840808868 6.696559751162567e-8 -0.16839894652366638
v 0.24396748840808868 6.696559751162567e-8 -0.16839894652366638
v 0.19657765328884125 8.047967270385925e-8 -0.22189079225063324
v 0.19657765328884125 8.047967270385925e-8 -0.22189079225063324
v 0.13776350021362305 9.343006013295962e-8 -0.26248714327812195
v 0.13776350021362305 9.343006013295962e-8 -0.26248714327812195
v 0.07094299793243408 1.1316423353946448e-7 -0.2878287136554718
v 0.07094299793243408 1.1316423353946448e-7 -0.2878287136554718
v 2.795163389635036e-8 0.016639726236462593 -0.2964426577091217
v 2.795163389635036e-8 0.016639726236462593 -0.2964426577091217
v 2.795163389635036e-8 0.016639726236462593 -0.2964426577091217
v -0.07094337791204453 0.016639722511172295 -0.28782859444618225
v -0.07094337791204453 0.016639722511172295 -0.28782859444618225
v -0.1377638280391693 0.01663971319794655 -0.26248693466186523
v -0.1377638280391693 0.01663971319794655 -0.26248693466186523
v -0.19657792150974274 0.016639692708849907 -0.22189047932624817
v -0.19657792150974274 0.016639692708849907 -0.22189047932624817
v -0.24396760761737823 0.016639670357108116 -0.16839861869812012
v -0.24396760761737823 0.016639670357108116 -0.16839861869812012
v -0.2771787941455841 0.016639653593301773 -0.105119988322258
v -0.2771787941455841 0.016639653593301773 -0.105119988322258
v -0.29428139328956604 0.016639629378914833 -0.03573214262723923
v -0.29428139328956604 0.016639629378914833 -0.03573214262723923
v -0.29428139328956604 0.016639599576592445 0.03573231399059296
v -0.29428139328956604 0.016639599576592445 0.03573231399059296
v -0.2771787941455841 0.016639579087495804 0.10512012243270874
v -0.2771787941455841 0.016639579087495804 0.10512012243270874
v -0.24396760761737823 0.016639556735754013 0.16839875280857086
v -0.24396760761737823 0.016639556735754013 0.16839875280857086
v -0.19657792150974274 0.016639534384012222 0.22189074754714966
v -0.19657792150974274 0.016639534384012222 0.22189074754714966
v -0.13776378333568573 0.01663951575756073 0.2624872028827667
v -0.13776378333568573 0.01663951575756073 0.2624872028827667
v -0.07094331085681915 0.016639506444334984 0.28782886266708374
v -0.07094331085681915 0.016639506444334984 0.28782886266708374
v 1.2454496811642457e-7 0.016639502719044685 0.2964428961277008
v 1.2454496811642457e-7 0.016639502719044685 0.2964428961277008
v 0.07094355672597885 0.016639506444334984 0.28782880306243896
v 0.07094355672597885 0.016639506444334984 0.28782880306243896
v 0.13776400685310364 0.01663951575756073 0.2624870836734772
v 0.13776400685310364 0.01663951575756073 0.2624870836734772
v 0.19657811522483826 0.016639534384012222 0.2218906134366989
v 0.19657811522483826 0.016639534384012222 0.2218906134366989
v 0.24396777153015137 0.016639556735754013 0.16839860379695892
v 0.24396777153015137 0.016639556735754013 0.16839860379695892
v 0.27717894315719604 0.016639579087495804 0.10511991381645203
v 0.27717894315719604 0.016639579087495804 0.10511991381645203
v 0.2942814230918884 0.016639599576592445 0.035732049494981766
v 0.2942814230918884 0.016639599576592445 0.035732049494981766
v 0.2942814230918884 0.016639629378914833 -0.0357324443757534
v 0.2942814230918884 0.016639629378914833 -0.0357324443757534
v 0.2771787643432617 0.016639653593301773 -0.10512029379606247
v 0.2771787643432617 0.016639653593301773 -0.10512029379606247
v 0.24396748840808868 0.016639670357108116 -0.16839894652366638
v 0.24396748840808868 0.016639670357108116 -0.16839894652366638
v 0.19657765328884125 0.016639692708849907 -0.22189079225063324
v 0.19657765328884125 0.016639692708849907 -0.22189079225063324
v 0.13776350021362305 0.01663971319794655 -0.26248714327812195
v 0.13776350021362305 0.01663971319794655 -0.26248714327812195
v 0.07094299793243408 0.016639722511172295 -0.2878287136554718
v 0.07094299793243408 0.016639722511172295 -0.2878287136554718
v 5.780643519415207e-9 0.01663961261510849 -3.230776757234821e-11
v -0.07462948560714722 0.03502421826124191 -0.30278369784355164
v -0.07462948560714722 0.03502421826124191 -0.30278369784355164
v 2.870876514293741e-8 0.03502421826124191 -0.3118453621864319
v 2.870876514293741e-8 0.03502421826124191 -0.3118453621864319
v 2.870876514293741e-8 0.03502421826124191 -0.3118453621864319
v 2.870876514293741e-8 0.03502421826124191 -0.3118453621864319
v -0.14492179453372955 0.03502420336008072 -0.27612534165382385
v -0.14492179453372955 0.03502420336008072 -0.27612534165382385
v -0.20679177343845367 0.035024192184209824 -0.23341958224773407
v -0.20679177343845367 0.035024192184209824 -0.23341958224773407
v -0.25664377212524414 0.03502416983246803 -0.17714829742908478
v -0.25664377212524414 0.03502416983246803 -0.17714829742908478
v -0.29158055782318115 0.035024140030145645 -0.11058182269334793
v -0.29158055782318115 0.035024140030145645 -0.11058182269334793
v -0.3095718026161194 0.035024113953113556 -0.03758871555328369
v -0.3095718026161194 0.035024113953113556 -0.03758871555328369
v -0.3095718026161194 0.035024091601371765 0.03758891299366951
v -0.3095718026161194 0.035024091601371765 0.03758891299366951
v -0.29158055782318115 0.035024065524339676 0.11058202385902405
v -0.29158055782318115 0.035024065524339676 0.11058202385902405
v -0.25664380192756653 0.03502403572201729 0.1771485060453415
v -0.25664380192756653 0.03502403572201729 0.1771485060453415
v -0.20679177343845367 0.0350240133702755 0.23341979086399078
v -0.20679177343845367 0.0350240133702755 0.23341979086399078
v -0.14492174983024597 0.035023998469114304 0.27612560987472534
v -0.14492174983024597 0.035023998469114304 0.27612560987472534
v -0.07462941110134125 0.03502398729324341 0.3027840256690979
v -0.07462941110134125 0.03502398729324341 0.3027840256690979
v 1.3032092738285428e-7 0.03502398729324341 0.311845600605011
v 1.3032092738285428e-7 0.03502398729324341 0.311845600605011
v 0.07462966442108154 0.03502398729324341 0.30278390645980835
v 0.07462966442108154 0.03502398729324341 0.30278390645980835
v 0.14492200314998627 0.035023998469114304 0.2761255204677582
v 0.14492200314998627 0.035023998469114304 0.2761255204677582
v 0.2067919820547104 0.0350240133702755 0.23341965675354004
v 0.2067919820547104 0.0350240133702755 0.23341965675354004
v 0.25664395093917847 0.03502403572201729 0.17714835703372955
v 0.25664395093917847 0.03502403572201729 0.17714835703372955
v 0.2915807068347931 0.035024065524339676 0.11058179289102554
v 0.2915807068347931 0.035024065524339676 0.11058179289102554
v 0.30957186222076416 0.035024091601371765 0.037588637322187424
v 0.30957186222076416 0.035024091601371765 0.037588637322187424
v 0.3095717430114746 0.035024113953113556 -0.03758903592824936
v 0.3095717430114746 0.035024113953113556 -0.03758903592824936
v 0.29158052802085876 0.035024140030145645 -0.1105821505188942
v 0.29158052802085876 0.035024140030145645 -0.1105821505188942
v 0.2566436529159546 0.03502416983246803 -0.17714864015579224
v 0.2566436529159546 0.03502416983246803 -0.17714864015579224
v 0.20679153501987457 0.035024192184209824 -0.23341985046863556
v 0.20679153501987457 0.035024192184209824 -0.23341985046863556
v 0.1449214667081833 0.03502420336008072 -0.27612555027008057
v 0.1449214667081833 0.03502420336008072 -0.27612555027008057
v 0.07462908327579498 0.03502421826124191 -0.3027838170528412
v 0.07462908327579498 0.03502421826124191 -0.3027838170528412
v -0.07462948560714722 1.1381793285636377e-7 -0.30278369784355164
v -0.07462948560714722 1.1381793285636377e-7 -0.30278369784355164
v 2.870876514293741e-8 1.2166461260676442e-7 -0.3118453621864319
v 2.870876514293741e-8 1.2166461260676442e-7 -0.3118453621864319
v 2.870876514293741e-8 1.2166461260676442e-7 -0.3118453621864319
v -0.14492179453372955 1.1265265698057192e-7 -0.27612534165382385
v -0.14492179453372955 1.1265265698057192e-7 -0.27612534165382385
v -0.20679177343845367 9.215948182372813e-8 -0.23341958224773407
v -0.20679177343845367 9.215948182372813e-8 -0.23341958224773407
v -0.25664377212524414 6.734804003372119e-8 -0.17714831233024597
v -0.25664377212524414 6.734804003372119e-8 -0.17714831233024597
v -0.29158055782318115 4.208659021287531e-8 -0.11058184504508972
v -0.29158055782318115 4.208659021287531e-8 -0.11058184504508972
v -0.3095718026161194 2.0269506961767547e-8 -0.037588730454444885
v -0.3095718026161194 2.0269506961767547e-8 -0.037588730454444885
v -0.3095718026161194 -1.2818933470271077e-8 0.037588901817798615
v -0.3095718026161194 -1.2818933470271077e-8 0.037588901817798615
v -0.29158055782318115 -3.836130346712707e-8 0.11058198660612106
v -0.29158055782318115 -3.836130346712707e-8 0.11058198660612106
v -0.25664380192756653 -6.362276394611399e-8 0.1771484911441803
v -0.25664380192756653 -6.362276394611399e-8 0.1771484911441803
v -0.20679177343845367 -9.215948892915549e-8 0.23341979086399078
v -0.20679177343845367 -9.215948892915549e-8 0.23341979086399078
v -0.14492174983024597 -1.052020905945028e-7 0.27612560987472534
v -0.14492174983024597 -1.052020905945028e-7 0.27612560987472534
v -0.07462941110134125 -1.0636736647029466e-7 0.3027840256690979
v -0.07462941110134125 -1.0636736647029466e-7 0.3027840256690979
v 1.3032092738285428e-7 -1.1793932941372987e-7 0.311845600605011
v 1.3032092738285428e-7 -1.1793932941372987e-7 0.311845600605011
v 0.07462966442108154 -1.0636736647029466e-7 0.30278390645980835
v 0.07462966442108154 -1.0636736647029466e-7 0.30278390645980835
v 0.14492200314998627 -1.052020905945028e-7 0.2761255204677582
v 0.14492200314998627 -1.052020905945028e-7 0.2761255204677582
v 0.2067919820547104 -9.215948182372813e-8 0.23341965675354004
v 0.2067919820547104 -9.215948182372813e-8 0.23341965675354004
v 0.25664395093917847 -6.362274973525928e-8 0.17714831233024597
v 0.25664395093917847 -6.362274973525928e-8 0.17714831233024597
v 0.2915807068347931 -3.8361296361699715e-8 0.11058177798986435
v 0.2915807068347931 -3.8361296361699715e-8 0.11058177798986435
v 0.30957186222076416 -1.281892192395162e-8 0.03758862242102623
v 0.30957186222076416 -1.281892192395162e-8 0.03758862242102623
v 0.3095717430114746 2.0269521172622262e-8 -0.037589047104120255
v 0.3095717430114746 2.0269521172622262e-8 -0.037589047104120255
v 0.29158052802085876 4.208660442373002e-8 -0.11058216542005539
v 0.29158052802085876 4.208660442373002e-8 -0.11058216542005539
v 0.2566436529159546 6.734806135000326e-8 -0.17714865505695343
v 0.2566436529159546 6.734806135000326e-8 -0.17714865505695343
v 0.20679153501987457 9.215949603458284e-8 -0.23341985046863556
v 0.20679153501987457 9.215949603458284e-8 -0.23341985046863556
v 0.1449214667081833 1.1265267119142663e-7 -0.27612555027008057
v 0.1449214667081833 1.1265267119142663e-7 -0.27612555027008057
v 0.07462908327579498 1.1381793996179113e-7 -0.3027838170528412
v 0.07462908327579498 1.1381793996179113e-7 -0.3027838170528412
v 0.20964926481246948 0.8985650539398193 -0.043310947716236115
v 0.19299019873142242 0.8985650539398193 -0.03999725356698036
v 0.17886731028556824 0.8985650539398193 -0.03056063875555992
v 0.1694307029247284 0.8985650539398193 -0.016437754034996033
v 0.16611701250076294 0.8985650539398193 0.00022133173479232937
v 0.1694307029247284 0.8985650539398193 0.016880415380001068
v 0.17886731028556824 0.8985650539398193 0.031003296375274658
v 0.19299019873142242 0.8985650539398193 0.0404399111866951
v 0.20964926481246948 0.8985650539398193 0.04375361278653145
v 0.22630837559700012 0.8985650539398193 0.040439918637275696
v 0.24043124914169312 0.8985650539398193 0.031003309413790703
v 0.24986787140369415 0.8985650539398193 0.016880420967936516
v 0.2531815767288208 0.8985650539398193 0.00022132927551865578
v 0.2531815767288208 0.8985650539398193 0.00022132927551865578
v 0.24986785650253296 0.8985650539398193 -0.01643775962293148
v 0.24043124914169312 0.8985650539398193 -0.030560646206140518
v 0.22630837559700012 0.8985650539398193 -0.03999726101756096
v 0.20964926481246948 0.9083842039108276 -0.04331094026565552
v 0.19299019873142242 0.9083842039108276 -0.039997246116399765
v 0.17886731028556824 0.9083842039108276 -0.030560629442334175
v 0.1694307029247284 0.9083842039108276 -0.016437750309705734
v 0.1694307029247284 0.9083842039108276 0.016880419105291367
v 0.17886731028556824 0.9083842039108276 0.031003305688500404
v 0.19299019873142242 0.9083842039108276 0.040439918637275696
v 0.20964926481246948 0.9083842039108276 0.04375361278653145
v 0.22630837559700012 0.9083842039108276 0.04043992608785629
v 0.24043124914169312 0.9083842039108276 0.031003313139081
v 0.24986787140369415 0.9083842039108276 0.016880424693226814
v 0.2531815767288208 0.9083842039108276 0.00022133289894554764
v 0.2531815767288208 0.9083842039108276 0.00022133289894554764
v 0.24986785650253296 0.9083842039108276 -0.016437755897641182
v 0.24043124914169312 0.9083842039108276 -0.03056064248085022
v 0.22630837559700012 0.9083842039108276 -0.03999725729227066
v 0.2095903903245926 0.911200761795044 -0.03968378156423569
v 0.1943148970603943 0.911200761795044 -0.03664529323577881
v 0.18136493861675262 0.911200761795044 -0.02799241431057453
v 0.1727120578289032 0.911200761795044 -0.015042462386190891
v 0.16967354714870453 0.911200761795044 0.00023305119248107076
v 0.1727120578289032 0.911200761795044 0.015508562326431274
v 0.18136493861675262 0.911200761795044 0.02845851704478264
v 0.1943148523569107 0.911200761795044 0.037111394107341766
v 0.2095903903245926 0.911200761795044 0.040149886161088943
v 0.2248658686876297 0.911200761795044 0.03711140528321266
v 0.23781585693359375 0.911200761795044 0.028458526358008385
v 0.24646872282028198 0.911200761795044 0.015508566051721573
v 0.24950723350048065 0.911200761795044 0.0002330489078303799
v 0.24950723350048065 0.911200761795044 0.0002330489078303799
v 0.24646872282028198 0.911200761795044 -0.015042470768094063
v 0.23781585693359375 0.911200761795044 -0.027992423623800278
v 0.2248658686876297 0.911200761795044 -0.036645304411649704
v 0.20949655771255493 0.9163549542427063 -0.03800724074244499
v 0.20949655771255493 0.9163549542427063 -0.03800724074244499
v 0.19485551118850708 0.9163549542427063 -0.03509495407342911
v 0.19485551118850708 0.9163549542427063 -0.03509495407342911
v 0.18244342505931854 0.9163549542427063 -0.026801448315382004
v 0.18244342505931854 0.9163549542427063 -0.026801448315382004
v 0.17414993047714233 0.9163549542427063 -0.014389353804290295
v 0.17414993047714233 0.9163549542427063 -0.014389353804290295
v 0.17123763263225555 0.9163549542427063 0.00025171315064653754
v 0.17123763263225555 0.9163549542427063 0.00025171315064653754
v 0.17414993047714233 0.9163549542427063 0.01489278208464384
v 0.17414993047714233 0.9163549542427063 0.01489278208464384
v 0.18244342505931854 0.9163549542427063 0.02730488032102585
v 0.18244342505931854 0.9163549542427063 0.02730488032102585
v 0.19485551118850708 0.9163549542427063 0.03559837117791176
v 0.19485551118850708 0.9163549542427063 0.03559837117791176
v 0.20949655771255493 0.9163549542427063 0.03851066157221794
v 0.20949655771255493 0.9163549542427063 0.03851066157221794
v 0.22413766384124756 0.9163549542427063 0.035598378628492355
v 0.22413766384124756 0.9163549542427063 0.035598378628492355
v 0.2365497350692749 0.9163549542427063 0.027304887771606445
v 0.2365497350692749 0.9163549542427063 0.027304887771606445
v 0.24484321475028992 0.9163549542427063 0.01489278394728899
v 0.24484321475028992 0.9163549542427063 0.01489278394728899
v 0.24775554239749908 0.9163549542427063 0.00025171099696308374
v 0.24775554239749908 0.9163549542427063 0.00025171099696308374
v 0.24775554239749908 0.9163549542427063 0.00025171099696308374
v 0.24484321475028992 0.9163549542427063 -0.01438936498016119
v 0.24484321475028992 0.9163549542427063 -0.01438936498016119
v 0.2365497350692749 0.9163549542427063 -0.0268014594912529
v 0.2365497350692749 0.9163549542427063 -0.0268014594912529
v 0.22413761913776398 0.9163549542427063 -0.035094957798719406
v 0.22413761913776398 0.9163549542427063 -0.035094957798719406
v 0.2088935673236847 0.9163549542427063 -0.03213382139801979
v 0.2088935673236847 0.9163549542427063 -0.03213382139801979
v 0.196454256772995 0.9163549542427063 -0.029659481719136238
v 0.196454256772995 0.9163549542427063 -0.029659481719136238
v 0.23187841475009918 0.9163549542427063 0.02335650473833084
v 0.23187841475009918 0.9163549542427063 0.02335650473833084
v 0.24139904975891113 0.9163549542427063 0.0003716557694133371
v 0.24139904975891113 0.9163549542427063 0.0003716557694133371
v 0.23892468214035034 0.9163549542427063 -0.012067658826708794
v 0.23892468214035034 0.9163549542427063 -0.012067658826708794
v 0.23187841475009918 0.9163549542427063 -0.02261319011449814
v 0.23187841475009918 0.9163549542427063 -0.02261319011449814
v 0.20909611880779266 0.9087458848953247 -0.03127332776784897
v 0.20909611880779266 0.9087458848953247 -0.03127332776784897
v 0.19700148701667786 0.9087458848953247 -0.0288675669580698
v 0.19700148701667786 0.9087458848953247 -0.0288675669580698
v 0.1867482215166092 0.9087458848953247 -0.022016530856490135
v 0.1867482215166092 0.9087458848953247 -0.022016530856490135
v 0.17989718914031982 0.9087458848953247 -0.011763229966163635
v 0.17989718914031982 0.9087458848953247 -0.011763229966163635
v 0.17749141156673431 0.9087458848953247 0.0003313683846499771
v 0.17749141156673431 0.9087458848953247 0.0003313683846499771
v 0.17749141156673431 0.9087458848953247 0.0003313683846499771
v 0.17989718914031982 0.9087458848953247 0.012425964698195457
v 0.17989718914031982 0.9087458848953247 0.012425964698195457
v 0.17989718914031982 0.9087458848953247 0.012425964698195457
v 0.17989718914031982 0.9087458848953247 0.012425964698195457
v 0.1867482215166092 0.9087458848953247 0.022679265588521957
v 0.1867482215166092 0.9087458848953247 0.022679265588521957
v 0.19700148701667786 0.9087458848953247 0.029530303552746773
v 0.19700148701667786 0.9087458848953247 0.029530303552746773
v 0.20909611880779266 0.9087458848953247 0.03193606808781624
v 0.20909611880779266 0.9087458848953247 0.03193606808781624
v 0.2211906760931015 0.9087458848953247 0.029530305415391922
v 0.2211906760931015 0.9087458848953247 0.029530305415391922
v 0.23144401609897614 0.9087458848953247 0.022679273039102554
v 0.23144401609897614 0.9087458848953247 0.022679273039102554
v 0.2382950335741043 0.9087458848953247 0.012425966560840607
v 0.2382950335741043 0.9087458848953247 0.012425966560840607
v 0.24070081114768982 0.9087458848953247 0.0003313666384201497
v 0.24070081114768982 0.9087458848953247 0.0003313666384201497
v 0.2382950335741043 0.9087458848953247 -0.011763232760131359
v 0.2382950335741043 0.9087458848953247 -0.011763232760131359
v 0.23144401609897614 0.9087458848953247 -0.022016538307070732
v 0.23144401609897614 0.9087458848953247 -0.022016538307070732
v 0.2211906760931015 0.9087458848953247 -0.02886757254600525
v 0.2211906760931015 0.9087458848953247 -0.02886757254600525
v 0.20919373631477356 0.9087458848953247 0.0003119458560831845
v 0.24494479596614838 0.9179841876029968 0.00027096079429611564
v 0.24223904311656952 0.9179841876029968 -0.013331523165106773
v 0.17656050622463226 0.9179841876029968 0.013873442076146603
v 0.18426570296287537 0.9179841876029968 0.02540506049990654
v 0.2345338761806488 0.9179841876029968 -0.024863144382834435
v 0.19579733908176422 0.9179841876029968 0.03311024233698845
v 0.22300225496292114 0.9179841876029968 -0.03256833180785179
v 0.20939980447292328 0.9179841876029968 0.035815950483083725
v 0.20939980447292328 0.9179841876029968 -0.03527402877807617
v 0.19579733908176422 0.9179841876029968 -0.032568320631980896
v 0.22300225496292114 0.9179841876029968 0.03311024606227875
v 0.18426570296287537 0.9179841876029968 -0.02486313506960869
v 0.2345338761806488 0.9179841876029968 0.025405069813132286
v 0.17656050622463226 0.9179841876029968 -0.013331515714526176
v 0.24223904311656952 0.9179841876029968 0.013873442076146603
v 0.19089938700199127 0.9142637252807617 0.007299584802240133
v 0.1892385631799698 0.9142637252807617 0.000448707869509235
v 0.19310837984085083 0.9087554812431335 0.00815958995372057
v 0.19126813113689423 0.9087554812431335 -0.0009876908734440804
v 0.1859087347984314 0.9163549542427063 -0.022613180801272392
v 0.1859087347984314 0.9163549542427063 -0.022613180801272392
v 0.17886243760585785 0.9163549542427063 -0.012067650444805622
v 0.17886243760585785 0.9163549542427063 -0.012067650444805622
v 0.23892468214035034 0.9163549542427063 0.012810966931283474
v 0.23892468214035034 0.9163549542427063 0.012810966931283474
v 0.1796625405550003 0.9163549542427063 0.01228032261133194
v 0.1796625405550003 0.9163549542427063 0.01228032261133194
v 0.1796625405550003 0.9163549542427063 0.01228032261133194
v 0.1859087347984314 0.9163549542427063 0.023356499150395393
v 0.1859087347984314 0.9163549542427063 0.023356499150395393
v 0.196454256772995 0.9163549542427063 0.03040280006825924
v 0.196454256772995 0.9163549542427063 0.03040280006825924
v 0.2213328629732132 0.9163549542427063 -0.029659489169716835
v 0.2213328629732132 0.9163549542427063 -0.029659489169716835
v 0.2088935673236847 0.9163549542427063 0.032877132296562195
v 0.2088935673236847 0.9163549542427063 0.032877132296562195
v 0.2213328629732132 0.9163549542427063 0.030402803793549538
v 0.2213328629732132 0.9163549542427063 0.030402803793549538
v 0.19069720804691315 0.9118392467498779 -0.0006537440349347889
v 0.19250090420246124 0.9118392467498779 0.007945193909108639
v 0.16611701250076294 0.9083842039108276 0.0002213355910498649
v 0.17729663848876953 0.9163549542427063 0.0003861431614495814
v 0.17729663848876953 0.9163549542427063 0.0003861431614495814
v 0.17729663848876953 0.9163549542427063 0.0003861431614495814
v 0.17385482788085938 0.9179841876029968 0.00027096294797956944
v 0.19012705981731415 0.9149629473686218 0.004031115677207708
v 0.19453582167625427 0.9087554812431335 0.003087588120251894
v 0.19453582167625427 0.9087554812431335 0.003087588120251894
v 0.19244639575481415 0.9135828018188477 0.003489183494821191
v 0.19244639575481415 0.9135828018188477 0.003489183494821191
v 0.1940554529428482 0.9111583232879639 0.0031831427477300167
v 0.1940554529428482 0.9111583232879639 0.0031831427477300167
v -0.07187877595424652 0.9304735064506531 -0.2916232943534851
v 2.91748616376708e-8 0.9304735064506531 -0.30035096406936646
v 0.07187838107347488 0.9304735064506531 -0.29162338376045227
v 0.07187838107347488 0.9304735064506531 -0.29162338376045227
v -0.13958023488521576 0.9304733872413635 -0.26594752073287964
v -0.19916976988315582 0.9304733872413635 -0.22481583058834076
v -0.24718430638313293 0.9304733872413635 -0.17061857879161835
v -0.2808334231376648 0.9304733872413635 -0.10650564730167389
v -0.29816150665283203 0.9304733872413635 -0.03620293736457825
v -0.29816150665283203 0.9304733872413635 0.036203783005476
v -0.2808334231376648 0.9304733872413635 0.10650648921728134
v -0.24718435108661652 0.9304733872413635 0.17061945796012878
v -0.19916976988315582 0.9304733872413635 0.2248166799545288
v -0.13958019018173218 0.9304733872413635 0.2659483850002289
v -0.07187871634960175 0.9304730892181396 0.29162418842315674
v 1.2704177265732142e-7 0.9304730892181396 0.3003517985343933
v 0.07187893986701965 0.9304730892181396 0.29162418842315674
v 0.13958041369915009 0.9304733872413635 0.2659483253955841
v 0.19916993379592896 0.9304733872413635 0.22481659054756165
v 0.24718451499938965 0.9304733872413635 0.17061927914619446
v 0.28083357214927673 0.9304733872413635 0.10650626569986343
v 0.2981615662574768 0.9304733872413635 0.03620351478457451
v 0.29816144704818726 0.9304733872413635 -0.03620322793722153
v 0.28083333373069763 0.9304733872413635 -0.10650595277547836
v 0.24718420207500458 0.9304733872413635 -0.1706189215183258
v 0.1991695761680603 0.9304733872413635 -0.22481609880924225
v 0.1395799070596695 0.9304733872413635 -0.26594769954681396
v 3.007321325299017e-8 0.9124454855918884 -0.3155868351459503
v 2.9551028291052717e-8 0.9079224467277527 -0.31154119968414307
v -0.07455677539110184 0.9079224467277527 -0.3024883568286896
v -0.0755249559879303 0.9124454855918884 -0.30641642212867737
v -0.14478057622909546 0.9079222679138184 -0.27585598826408386
v -0.1466606855392456 0.9124454259872437 -0.2794382572174072
v -0.20659027993679047 0.9079222679138184 -0.2331918179988861
v -0.2092730700969696 0.9124454259872437 -0.23622004687786102
v -0.2563937306404114 0.9079222679138184 -0.17697536945343018
v -0.2597232162952423 0.9124454259872437 -0.1792735755443573
v -0.29129645228385925 0.9079222679138184 -0.11047375202178955
v -0.29507923126220703 0.9124454259872437 -0.11190836131572723
v -0.30927011370658875 0.9079222679138184 -0.037551771849393845
v -0.31328630447387695 0.9124454259872437 -0.038039423525333405
v -0.30927011370658875 0.9079222679138184 0.037552617490291595
v -0.31328630447387695 0.9124454259872437 0.038040269166231155
v -0.29129645228385925 0.9079222679138184 0.1104745864868164
v -0.29507923126220703 0.9124454259872437 0.11190920323133469
v -0.2563937306404114 0.9079222679138184 0.1769762486219406
v -0.2597232460975647 0.9124454259872437 0.17927443981170654
v -0.20659026503562927 0.9079222679138184 0.23319271206855774
v -0.20927302539348602 0.9124454259872437 0.23622095584869385
v -0.14478056132793427 0.9079222679138184 0.2758568525314331
v -0.1466606706380844 0.9124454259872437 0.27943912148475647
v -0.07455670833587646 0.9079220294952393 0.3024892508983612
v -0.07552489638328552 0.9124451875686646 0.3064173460006714
v 1.3106416929531406e-7 0.9079220294952393 0.3115420937538147
v 1.3290460287862516e-7 0.9124451875686646 0.31558775901794434
v 0.07455696165561676 0.9079220294952393 0.3024892508983612
v 0.07552514225244522 0.9124451875686646 0.3064173460006714
v 0.14478079974651337 0.9079222679138184 0.27585679292678833
v 0.1466609090566635 0.9124454259872437 0.2794390320777893
v 0.20659048855304718 0.9079222679138184 0.233192577958107
v 0.20927326381206512 0.9124454259872437 0.23622077703475952
v 0.2563938796520233 0.9079222679138184 0.1769760698080063
v 0.259723424911499 0.9124454259872437 0.17927426099777222
v 0.2912966012954712 0.9079222679138184 0.1104743629693985
v 0.29507938027381897 0.9124454259872437 0.11190898716449738
v 0.3092702031135559 0.9079222679138184 0.03755233809351921
v 0.3132863938808441 0.9124454259872437 0.03803998604416847
v 0.30927011370658875 0.9079222679138184 -0.037552084773778915
v 0.31328630447387695 0.9124454259872437 -0.038039736449718475
v 0.29129642248153687 0.9079222679138184 -0.11047408729791641
v 0.29507917165756226 0.9124454259872437 -0.1119086816906929
v 0.25639358162879944 0.9079222679138184 -0.17697571218013763
v 0.25972309708595276 0.9124454259872437 -0.17927390336990356
v 0.20659005641937256 0.9079222679138184 -0.23319213092327118
v 0.20927280187606812 0.9124454259872437 -0.23622028529644012
v 0.1447802633047104 0.9079222679138184 -0.2758561670780182
v 0.14666037261486053 0.9124454259872437 -0.27943843603134155
v 0.074556365609169 0.9079224467277527 -0.3024885058403015
v 0.074556365609169 0.9079224467277527 -0.3024885058403015
v 0.07552455365657806 0.9124454855918884 -0.3064166009426117
v 0.07552455365657806 0.9124454855918884 -0.3064166009426117
vt 0.42221641540527344 0.007828950881958008
vt 0.4222164750099182 0.9760946035385132
vt 0.5398731231689453 0.9909014701843262
vt 0.5398731231689453 0.007733345031738281
vt 0.42221641540527344 0.9388536214828491
vt 0.5398731231689453 0.045547425746917725
vt 0.4222162961959839 0.9016126394271851
vt 0.5398731231689453 0.08336162567138672
vt 0.4222162365913391 0.8643717765808105
vt 0.5398731231689453 0.12117582559585571
vt 0.4222160577774048 0.8271306157112122
vt 0.5398731231689453 0.1589900255203247
vt 0.42221593856811523 0.7898896932601929
vt 0.5398731231689453 0.1968042254447937
vt 0.42221593856811523 0.7526487112045288
vt 0.5398731231689453 0.23461830615997314
vt 0.42221587896347046 0.7154077291488647
vt 0.5398731231689453 0.27243250608444214
vt 0.42221587896347046 0.6781668066978455
vt 0.5398731231689453 0.3102465867996216
vt 0.42221587896347046 0.6409258246421814
vt 0.5398731231689453 0.3480607867240906
vt 0.42221587896347046 0.6036848425865173
vt 0.5398731231689453 0.38587498664855957
vt 0.42221587896347046 0.5664438009262085
vt 0.5398731231689453 0.4236891269683838
vt 0.42221587896347046 0.5292027592658997
vt 0.5398731231689453 0.46150338649749756
vt 0.42221587896347046 0.4919617772102356
vt 0.5398731231689453 0.4993175268173218
vt 0.5398731231689453 0.5371317267417908
vt 0.42221587896347046 0.45472079515457153
vt 0.5398731231689453 0.5749459266662598
vt 0.42221587896347046 0.4174797534942627
vt 0.5398731231689453 0.6127601861953735
vt 0.42221587896347046 0.3802388310432434
vt 0.5398731231689453 0.6505743265151978
vt 0.42221593856811523 0.34299778938293457
vt 0.5398731231689453 0.6883885860443115
vt 0.42221593856811523 0.30575674772262573
vt 0.5398731231689453 0.726202666759491
vt 0.42221593856811523 0.26851576566696167
vt 0.5398731231689453 0.76401686668396
vt 0.4222160577774048 0.2312747836112976
vt 0.5398731231689453 0.8018308877944946
vt 0.4222160577774048 0.19403374195098877
vt 0.5398731231689453 0.8396451473236084
vt 0.4222162365913391 0.15679264068603516
vt 0.5398731231689453 0.8774592876434326
vt 0.4222162365913391 0.11955171823501587
vt 0.5398731231689453 0.9152734279632568
vt 0.4222162961959839 0.08231067657470703
vt 0.5398731231689453 0.9530876278877258
vt 0.42221641540527344 0.04506969451904297
vt 0.283247709274292 0.9760948419570923
vt 0.28324776887893677 0.007828712463378906
vt 0.557895839214325 0.8859822750091553
vt 0.28324776887893677 0.04506981372833252
vt 0.557895839214325 0.8507198691368103
vt 0.28324776887893677 0.0823107361793518
vt 0.557895839214325 0.8154573440551758
vt 0.283247709274292 0.11955183744430542
vt 0.557895839214325 0.780194878578186
vt 0.283247709274292 0.15679287910461426
vt 0.557895839214325 0.7449323534965515
vt 0.283247709274292 0.19403380155563354
vt 0.557895839214325 0.709669828414917
vt 0.283247709274292 0.23127490282058716
vt 0.557895839214325 0.6744073629379272
vt 0.283247709274292 0.2685158848762512
vt 0.557895839214325 0.6391448974609375
vt 0.283247709274292 0.3057568669319153
vt 0.557895839214325 0.6038823127746582
vt 0.283247709274292 0.3429979085922241
vt 0.557895839214325 0.5686198472976685
vt 0.283247709274292 0.3802388906478882
vt 0.557895839214325 0.5333574414253235
vt 0.283247709274292 0.417479932308197
vt 0.557895839214325 0.4980948567390442
vt 0.283247709274292 0.45472097396850586
vt 0.557895839214325 0.46283239126205444
vt 0.557895839214325 0.4275699257850647
vt 0.283247709274292 0.4919619560241699
vt 0.557895839214325 0.3923075199127197
vt 0.2832476496696472 0.5292029976844788
vt 0.557895839214325 0.3570449948310852
vt 0.2832476496696472 0.566443920135498
vt 0.557895839214325 0.32178252935409546
vt 0.2832476496696472 0.6036850810050964
vt 0.557895839214325 0.2865201234817505
vt 0.283247709274292 0.640925943851471
vt 0.557895839214325 0.25125765800476074
vt 0.283247709274292 0.6781670451164246
vt 0.557895839214325 0.215995192527771
vt 0.283247709274292 0.7154079675674438
vt 0.557895839214325 0.18073266744613647
vt 0.283247709274292 0.7526489496231079
vt 0.557895839214325 0.1454702615737915
vt 0.283247709274292 0.7898900508880615
vt 0.557895839214325 0.11020779609680176
vt 0.283247709274292 0.8271309733390808
vt 0.557895839214325 0.07494533061981201
vt 0.283247709274292 0.8643720149993896
vt 0.557895839214325 0.039682865142822266
vt 0.283247709274292 0.9016131162643433
vt 0.557895839214325 0.9212445020675659
vt 0.557895839214325 0.0044203996658325195
vt 0.283247709274292 0.9388539791107178
vt 0.14539337158203125 0.26851582527160645
vt 0.46567240357398987 0.7276110649108887
vt 0.003531038761138916 0.7154079675674438
vt 0.485207200050354 0.7276184558868408
vt 0.14195933938026428 0.7154077887535095
vt 0.454164981842041 0.27383655309677124
vt 0.2866816222667694 0.7154078483581543
vt 0.43458569049835205 0.27382922172546387
vt 0.28668156266212463 0.678166925907135
vt 0.4345868229866028 0.3116292357444763
vt 0.1419592797756195 0.6781668066978455
vt 0.45416733622550964 0.3116365671157837
vt 0.0035309195518493652 0.6781670451164246
vt 0.4852049648761749 0.689784824848175
vt 0.14539337158203125 0.3057568073272705
vt 0.46567147970199585 0.6897772550582886
vt 0.46565940976142883 0.16043663024902344
vt 0.14539343118667603 0.8271310925483704
vt 0.48517224192619324 0.16044402122497559
vt 0.0035309195518493652 0.1567925214767456
vt 0.45420074462890625 0.8411619663238525
vt 0.1419592797756195 0.15679264068603516
vt 0.4345991015434265 0.8411545753479004
vt 0.2866818904876709 0.1567925214767456
vt 0.434600293636322 0.8789972066879272
vt 0.2866818904876709 0.11955142021179199
vt 0.45420271158218384 0.8790045976638794
vt 0.14195933938026428 0.11955171823501587
vt 0.4851703643798828 0.12265211343765259
vt 0.003531038761138916 0.11955142021179199
vt 0.4656580090522766 0.12264466285705566
vt 0.14539343118667603 0.8643722534179688
vt 0.46529489755630493 0.9930142164230347
vt 0.46532344818115234 0.008707523345947266
vt 0.14539343118667603 0.007828712463378906
vt 0.1453934907913208 0.9760948419570923
vt 0.003531157970428467 0.007828712463378906
vt 0.003531336784362793 0.9760949611663818
vt 0.48555058240890503 0.9930686950683594
vt 0.48555058240890503 0.008761763572692871
vt 0.14195960760116577 0.9760948419570923
vt 0.14195960760116577 0.007828831672668457
vt 0.45453691482543945 0.9930994510650635
vt 0.45453691482543945 0.008761882781982422
vt 0.2866820693016052 0.007828712463378906
vt 0.28668224811553955 0.9760950803756714
vt 0.43421870470046997 0.9930446147918701
vt 0.4342469871044159 0.008707165718078613
vt 0.2866820693016052 0.9388539791107178
vt 0.4345514476299286 0.04705953598022461
vt 0.1419595181941986 0.9388538599014282
vt 0.4541524648666382 0.04706740379333496
vt 0.003531336784362793 0.9388539791107178
vt 0.4852445125579834 0.9546597003936768
vt 0.14539337158203125 0.04506969451904297
vt 0.4656805694103241 0.9546517133712769
vt 0.4656667113304138 0.4250295162200928
vt 0.14539337158203125 0.566443920135498
vt 0.48518791794776917 0.4250370264053345
vt 0.0035308003425598145 0.41747963428497314
vt 0.45418500900268555 0.5763198733329773
vt 0.14195922017097473 0.41747963428497314
vt 0.43459245562553406 0.5763124227523804
vt 0.28668156266212463 0.41747963428497314
vt 0.4345932602882385 0.6141387224197388
vt 0.28668156266212463 0.3802386522293091
vt 0.4541874825954437 0.6141461133956909
vt 0.14195922017097473 0.38023877143859863
vt 0.4851854145526886 0.3872302174568176
vt 0.0035308003425598145 0.3802386522293091
vt 0.4656659662723541 0.3872227668762207
vt 0.14539337158203125 0.6036850810050964
vt 0.28668156266212463 0.6409258246421814
vt 0.43458789587020874 0.34943151473999023
vt 0.1419592797756195 0.6409258246421814
vt 0.4541695713996887 0.3494389057159424
vt 0.0035309195518493652 0.640925943851471
vt 0.4852027893066406 0.6519538164138794
vt 0.14539337158203125 0.34299784898757935
vt 0.465670645236969 0.6519461870193481
vt 0.434601366519928 0.9168412685394287
vt 0.2866819500923157 0.0823104977607727
vt 0.45420482754707336 0.9168484210968018
vt 0.14195933938026428 0.0823107361793518
vt 0.4851688742637634 0.08486080169677734
vt 0.003531038761138916 0.0823104977607727
vt 0.4656561613082886 0.0848536491394043
vt 0.1453934907913208 0.9016132354736328
vt 0.28668200969696045 0.9016131162643433
vt 0.4345785975456238 0.08485293388366699
vt 0.14195945858955383 0.9016129970550537
vt 0.45415541529655457 0.08486008644104004
vt 0.0035312771797180176 0.9016131162643433
vt 0.48521724343299866 0.9168159365653992
vt 0.14539337158203125 0.0823107361793518
vt 0.4656778573989868 0.9168086051940918
vt 0.4345940053462982 0.6519683003425598
vt 0.28668156266212463 0.342997670173645
vt 0.45418983697891235 0.6519757509231567
vt 0.1419592797756195 0.3429977297782898
vt 0.48518306016921997 0.34942662715911865
vt 0.0035308003425598145 0.342997670173645
vt 0.46566522121429443 0.34941911697387695
vt 0.14539337158203125 0.6409260630607605
vt 0.28668156266212463 0.6036849617958069
vt 0.43458884954452515 0.38723641633987427
vt 0.1419592797756195 0.6036848425865173
vt 0.4541720747947693 0.3872438669204712
vt 0.0035309195518493652 0.6036849617958069
vt 0.485200434923172 0.6141254901885986
vt 0.14539337158203125 0.3802388906478882
vt 0.4656698703765869 0.6141179800033569
vt 0.43460386991500854 0.9546860456466675
vt 0.28668200969696045 0.04506945610046387
vt 0.45423197746276855 0.9546940326690674
vt 0.14195945858955383 0.04506957530975342
vt 0.4851657450199127 0.04707014560699463
vt 0.003531157970428467 0.04506957530975342
vt 0.46562910079956055 0.04706227779388428
vt 0.1453934907913208 0.9388541579246521
vt 0.2866818904876709 0.8643720149993896
vt 0.43458041548728943 0.12264585494995117
vt 0.14195945858955383 0.8643718957901001
vt 0.45415687561035156 0.12265342473983765
vt 0.003531217575073242 0.8643721342086792
vt 0.48521512746810913 0.8789737224578857
vt 0.14539337158203125 0.11955177783966064
vt 0.46567681431770325 0.8789663314819336
vt 0.4345948100090027 0.6898008584976196
vt 0.2866816222667694 0.3057566285133362
vt 0.45419225096702576 0.6898083090782166
vt 0.14195922017097473 0.3057566285133362
vt 0.48518064618110657 0.3116258382797241
vt 0.0035309195518493652 0.3057566285133362
vt 0.46566420793533325 0.311618447303772
vt 0.14539337158203125 0.6781670451164246
vt 0.28668156266212463 0.566443920135498
vt 0.4345897138118744 0.4250444769859314
vt 0.14195922017097473 0.5664438009262085
vt 0.45417454838752747 0.425051748752594
vt 0.0035309195518493652 0.566443920135498
vt 0.48519793152809143 0.5763004422187805
vt 0.14539337158203125 0.41747987270355225
vt 0.4656691551208496 0.5762930512428284
vt 0.2866818904876709 0.8271309733390808
vt 0.4345819056034088 0.16043978929519653
vt 0.14195945858955383 0.8271309733390808
vt 0.45415884256362915 0.16044723987579346
vt 0.003531157970428467 0.8271309733390808
vt 0.4852132201194763 0.8411325216293335
vt 0.14539337158203125 0.1567927598953247
vt 0.4656755328178406 0.8411250114440918
vt 0.43459582328796387 0.7276360988616943
vt 0.2866816818714142 0.2685156464576721
vt 0.45419445633888245 0.7276434898376465
vt 0.14195922017097473 0.2685157060623169
vt 0.48517847061157227 0.27382761240005493
vt 0.0035309195518493652 0.2685157060623169
vt 0.46566319465637207 0.2738202214241028
vt 0.14539337158203125 0.7154079675674438
vt 0.28668156266212463 0.5292028188705444
vt 0.4345904588699341 0.4628556966781616
vt 0.14195922017097473 0.5292028188705444
vt 0.4541770815849304 0.4628632068634033
vt 0.0035308003425598145 0.5292028188705444
vt 0.48519545793533325 0.5384788513183594
vt 0.14539337158203125 0.45472097396850586
vt 0.4656684994697571 0.5384714007377625
vt 0.2866816818714142 0.7898899912834167
vt 0.43458324670791626 0.19823479652404785
vt 0.14195945858955383 0.7898898124694824
vt 0.45416080951690674 0.19824224710464478
vt 0.003531157970428467 0.7898900508880615
vt 0.4852113425731659 0.8032926321029663
vt 0.14539337158203125 0.19403380155563354
vt 0.46567443013191223 0.8032852411270142
vt 0.43459686636924744 0.7654736042022705
vt 0.2866816818714142 0.23127460479736328
vt 0.45419663190841675 0.765481173992157
vt 0.1419592797756195 0.23127466440200806
vt 0.4851763844490051 0.23603153228759766
vt 0.0035309195518493652 0.2312745451927185
vt 0.4656620919704437 0.2360241413116455
vt 0.14539337158203125 0.7526489496231079
vt 0.4345911741256714 0.5006706714630127
vt 0.28668156266212463 0.4919617772102356
vt 0.4541797935962677 0.5006781220436096
vt 0.14195922017097473 0.4919617772102356
vt 0.48519301414489746 0.5006610751152039
vt 0.0035308003425598145 0.4919617772102356
vt 0.4656679928302765 0.5006535053253174
vt 0.14539337158203125 0.4919619560241699
vt 0.2866816818714142 0.7526489496231079
vt 0.43458446860313416 0.236031174659729
vt 0.14195933938026428 0.7526488304138184
vt 0.4541628956794739 0.2360386848449707
vt 0.0035310983657836914 0.7526489496231079
vt 0.48520925641059875 0.7654545903205872
vt 0.14539337158203125 0.23127484321594238
vt 0.4656733274459839 0.7654471397399902
vt 0.4345978796482086 0.8033133149147034
vt 0.2866818308830261 0.19403362274169922
vt 0.4541986882686615 0.8033206462860107
vt 0.1419592797756195 0.194033682346344
vt 0.485174298286438 0.19823706150054932
vt 0.0035309195518493652 0.19403362274169922
vt 0.46566078066825867 0.19822967052459717
vt 0.14539343118667603 0.7898901104927063
vt 0.43459177017211914 0.5384896397590637
vt 0.28668156266212463 0.45472079515457153
vt 0.45418235659599304 0.5384970307350159
vt 0.14195922017097473 0.45472079515457153
vt 0.4851902723312378 0.46284711360931396
vt 0.0035308003425598145 0.45472079515457153
vt 0.46566736698150635 0.46283960342407227
vt 0.14539337158203125 0.5292029976844788
vt 0.47095242142677307 0.7276244759559631
vt 0.4799271523952484 0.7276051640510559
vt 0.4488580524921417 0.27382326126098633
vt 0.43989264965057373 0.27384257316589355
vt 0.43989408016204834 0.3116426467895508
vt 0.44885995984077454 0.31162333488464355
vt 0.47992536425590515 0.6897714734077454
vt 0.47095105051994324 0.6897908449172974
vt 0.4709334373474121 0.16045016050338745
vt 0.47989821434020996 0.16043072938919067
vt 0.4488876760005951 0.8411486148834229
vt 0.4399120807647705 0.8411678671836853
vt 0.43991348147392273 0.8790104985237122
vt 0.44888943433761597 0.8789913654327393
vt 0.4798964858055115 0.12263870239257812
vt 0.4709319770336151 0.12265807390213013
vt 0.47067150473594666 0.9936732649803162
vt 0.4707864820957184 0.00806659460067749
vt 0.48007965087890625 0.9937105178833008
vt 0.480181485414505 0.008103728294372559
vt 0.44903385639190674 0.9937411546707153
vt 0.4491351544857025 0.008103609085083008
vt 0.43962812423706055 0.9937039613723755
vt 0.43974238634109497 0.008066415786743164
vt 0.439899206161499 0.0470501184463501
vt 0.4488518536090851 0.04703497886657715
vt 0.47992151975631714 0.9546691179275513
vt 0.47095608711242676 0.9546842575073242
vt 0.4709429442882538 0.4250430464744568
vt 0.47991156578063965 0.42502361536026
vt 0.44887441396713257 0.5763065814971924
vt 0.43990305066108704 0.5763258934020996
vt 0.43990427255630493 0.6141520738601685
vt 0.44887644052505493 0.6141328811645508
vt 0.47990962862968445 0.38721680641174316
vt 0.47094184160232544 0.38723623752593994
vt 0.43989548087120056 0.3494448661804199
vt 0.4488619267940521 0.3494255542755127
vt 0.4799234867095947 0.6519402265548706
vt 0.4709499478340149 0.6519597172737122
vt 0.4399147629737854 0.9168545007705688
vt 0.44889122247695923 0.9168369770050049
vt 0.4798949360847473 0.08484762907028198
vt 0.47093021869659424 0.08486521244049072
vt 0.4398849606513977 0.08486437797546387
vt 0.44884923100471497 0.08484691381454468
vt 0.4799359142780304 0.916804313659668
vt 0.470958948135376 0.9168219566345215
vt 0.43990558385849 0.651981770992279
vt 0.4488784968852997 0.651962399482727
vt 0.4799076020717621 0.3494132161140442
vt 0.47094056010246277 0.3494325876235962
vt 0.4398968517780304 0.3872498869895935
vt 0.4488639533519745 0.38723063468933105
vt 0.47992151975631714 0.6141120791435242
vt 0.4709487557411194 0.614131510257721
vt 0.4399119019508362 0.9547183513641357
vt 0.44887691736221313 0.9547033309936523
vt 0.47989755868911743 0.04703783988952637
vt 0.47094449400901794 0.047052979469299316
vt 0.4398866891860962 0.12265932559967041
vt 0.44885069131851196 0.12264013290405273
vt 0.4799341857433319 0.878960371017456
vt 0.47095775604248047 0.8789798021316528
vt 0.4399067163467407 0.6898142695426941
vt 0.4488803744316101 0.6897950172424316
vt 0.4799056053161621 0.31161248683929443
vt 0.4709392786026001 0.3116319179534912
vt 0.4398982524871826 0.42505788803100586
vt 0.44886600971221924 0.42503857612609863
vt 0.47991955280303955 0.5762871503829956
vt 0.4709475338459015 0.5763065814971924
vt 0.4398881793022156 0.16045325994491577
vt 0.44885241985321045 0.16043388843536377
vt 0.4799324572086334 0.8411192297935486
vt 0.47095629572868347 0.8411386013031006
vt 0.4399080276489258 0.7276495099067688
vt 0.44888225197792053 0.7276301980018616
vt 0.4799036979675293 0.27381426095962524
vt 0.47093793749809265 0.273833692073822
vt 0.43989941477775574 0.46286916732788086
vt 0.44886815547943115 0.4628499150276184
vt 0.47991758584976196 0.5384654998779297
vt 0.470946341753006 0.5384849905967712
vt 0.43988966941833496 0.19824814796447754
vt 0.44885438680648804 0.1982288360595703
vt 0.4799308180809021 0.8032793402671814
vt 0.4709550440311432 0.8032987117767334
vt 0.43990933895111084 0.765487015247345
vt 0.44888409972190857 0.765467643737793
vt 0.47990190982818604 0.2360181212425232
vt 0.47093653678894043 0.2360374927520752
vt 0.4399006962776184 0.5006842017173767
vt 0.4488702714443207 0.5006648898124695
vt 0.4799156188964844 0.5006477236747742
vt 0.4709452688694 0.5006670355796814
vt 0.4398912191390991 0.23604464530944824
vt 0.4488561749458313 0.23602533340454102
vt 0.4799289107322693 0.7654411792755127
vt 0.47095370292663574 0.7654604911804199
vt 0.4399108290672302 0.8033266663551331
vt 0.4488859176635742 0.803307294845581
vt 0.4799000322818756 0.19822365045547485
vt 0.4709349572658539 0.1982431411743164
vt 0.43990185856819153 0.5385030508041382
vt 0.44887229800224304 0.5384838581085205
vt 0.47991350293159485 0.46283382177352905
vt 0.4709441661834717 0.46285319328308105
vt 0.4754272699356079 0.4250333309173584
vt 0.47542887926101685 0.46284347772598267
vt 0.4754158556461334 0.16044044494628906
vt 0.4754176139831543 0.19823336601257324
vt 0.47543981671333313 0.7276148796081543
vt 0.4754413366317749 0.7654508352279663
vt 0.4754303991794586 0.5006573796272278
vt 0.47541913390159607 0.23602795600891113
vt 0.4754428565502167 0.8032890558242798
vt 0.47543197870254517 0.5384753346443176
vt 0.475420743227005 0.27382397651672363
vt 0.47544437646865845 0.8411288857460022
vt 0.47543349862098694 0.5762968063354492
vt 0.47542253136634827 0.3116222023963928
vt 0.475445955991745 0.8789700269699097
vt 0.4753458499908447 0.9939486980438232
vt 0.4755136966705322 0.007828712463378906
vt 0.47543641924858093 0.04703927040100098
vt 0.47543519735336304 0.6141217947006226
vt 0.4754240810871124 0.34942299127578735
vt 0.475447416305542 0.9168134927749634
vt 0.47541263699531555 0.08485615253448486
vt 0.4754366874694824 0.6519500017166138
vt 0.47542572021484375 0.38722658157348633
vt 0.4754234850406647 0.9546828866004944
vt 0.4754142463207245 0.12264847755432129
vt 0.4754382371902466 0.689781129360199
vt 0.44438713788986206 0.5384935140609741
vt 0.444388747215271 0.5763161778450012
vt 0.44439825415611267 0.8033170700073242
vt 0.4443999230861664 0.8411582708358765
vt 0.4443737268447876 0.23603492975234985
vt 0.4443754255771637 0.27383285760879517
vt 0.4443854093551636 0.5006746053695679
vt 0.4443967938423157 0.7654775381088257
vt 0.4443719983100891 0.19823861122131348
vt 0.44438380002975464 0.462859570980072
vt 0.44439515471458435 0.7276398539543152
vt 0.444370299577713 0.16044366359710693
vt 0.44438210129737854 0.425048291683197
vt 0.44439366459846497 0.6898046731948853
vt 0.4443686008453369 0.1226496696472168
vt 0.4443788528442383 0.9547170400619507
vt 0.4443008303642273 0.9939792156219482
vt 0.4444689452648163 0.007828712463378906
vt 0.4443804621696472 0.3872402310371399
vt 0.44439196586608887 0.6519720554351807
vt 0.44436711072921753 0.08485543727874756
vt 0.44440290331840515 0.9168457984924316
vt 0.44437870383262634 0.34943532943725586
vt 0.44439035654067993 0.6141425371170044
vt 0.444391131401062 0.04703640937805176
vt 0.44440150260925293 0.8790010213851929
vt 0.44437700510025024 0.31163299083709717
vt 0.567009687423706 0.8859822750091553
vt 0.567009687423706 0.8507198691368103
vt 0.567009687423706 0.8154573440551758
vt 0.567009687423706 0.780194878578186
vt 0.567009687423706 0.7449323534965515
vt 0.567009687423706 0.709669828414917
vt 0.567009687423706 0.6744073629379272
vt 0.567009687423706 0.6391448974609375
vt 0.567009687423706 0.6038823127746582
vt 0.567009687423706 0.5686198472976685
vt 0.567009687423706 0.5333574414253235
vt 0.567009687423706 0.4980948567390442
vt 0.567009687423706 0.46283239126205444
vt 0.567009687423706 0.4275699257850647
vt 0.567009687423706 0.3923075199127197
vt 0.567009687423706 0.3570449948310852
vt 0.567009687423706 0.32178252935409546
vt 0.567009687423706 0.2865201234817505
vt 0.567009687423706 0.25125765800476074
vt 0.567009687423706 0.215995192527771
vt 0.567009687423706 0.18073266744613647
vt 0.567009687423706 0.1454702615737915
vt 0.567009687423706 0.11020779609680176
vt 0.567009687423706 0.07494533061981201
vt 0.567009687423706 0.039682865142822266
vt 0.567009687423706 0.9212445020675659
vt 0.567009687423706 0.0044203996658325195
vt 0.5721197724342346 0.8859822750091553
vt 0.5721197724342346 0.8507198691368103
vt 0.5721197724342346 0.8154573440551758
vt 0.5721197724342346 0.780194878578186
vt 0.5721197724342346 0.7449323534965515
vt 0.5721197724342346 0.709669828414917
vt 0.5721197724342346 0.6744073629379272
vt 0.5721197724342346 0.6391448974609375
vt 0.5721197724342346 0.6038823127746582
vt 0.5721197724342346 0.5686198472976685
vt 0.5721197724342346 0.5333574414253235
vt 0.5721197724342346 0.4980948567390442
vt 0.5721197724342346 0.46283239126205444
vt 0.5721197724342346 0.4275699257850647
vt 0.5721197724342346 0.3923075199127197
vt 0.5721197724342346 0.3570449948310852
vt 0.5721197724342346 0.32178252935409546
vt 0.5721197724342346 0.2865201234817505
vt 0.5721197724342346 0.25125765800476074
vt 0.5721197724342346 0.215995192527771
vt 0.5721197724342346 0.18073266744613647
vt 0.5721197724342346 0.1454702615737915
vt 0.5721197724342346 0.11020779609680176
vt 0.5721197724342346 0.07494533061981201
vt 0.5721197724342346 0.039682865142822266
vt 0.5721197724342346 0.9212445020675659
vt 0.5721197724342346 0.0044203996658325195
vt 0.8040768504142761 0.9857140183448792
vt 0.5959296822547913 0.8859822750091553
vt 0.8388189673423767 0.9814954996109009
vt 0.5959296822547913 0.8507198691368103
vt 0.8715419173240662 0.9690854549407959
vt 0.5959296822547913 0.8154573440551758
vt 0.9003439545631409 0.9492047429084778
vt 0.5959296822547913 0.780194878578186
vt 0.9235512614250183 0.923008918762207
vt 0.5959296822547913 0.7449323534965515
vt 0.9398153424263 0.8920204639434814
vt 0.5959296822547913 0.709669828414917
vt 0.9481907486915588 0.8580401539802551
vt 0.5959296822547913 0.6744073629379272
vt 0.9481907486915588 0.823043167591095
vt 0.5959296822547913 0.6391448974609375
vt 0.9398153424263 0.7890628576278687
vt 0.5959296822547913 0.6038823127746582
vt 0.9235511422157288 0.7580745220184326
vt 0.5959296822547913 0.5686198472976685
vt 0.9003438353538513 0.7318787574768066
vt 0.5959296822547913 0.5333574414253235
vt 0.8715417981147766 0.7119981646537781
vt 0.5959296822547913 0.4980948567390442
vt 0.8388188481330872 0.6995879411697388
vt 0.5959296822547913 0.46283239126205444
vt 0.5959296822547913 0.4275699257850647
vt 0.8040767312049866 0.6953696012496948
vt 0.5959296822547913 0.3923075199127197
vt 0.7693347930908203 0.6995879411697388
vt 0.5959296822547913 0.3570449948310852
vt 0.7366117835044861 0.7119981646537781
vt 0.5959296822547913 0.32178252935409546
vt 0.7078097462654114 0.731878936290741
vt 0.5959296822547913 0.2865201234817505
vt 0.6846023201942444 0.7580746412277222
vt 0.5959296822547913 0.25125765800476074
vt 0.6683383584022522 0.7890630960464478
vt 0.5959296822547913 0.215995192527771
vt 0.6599630117416382 0.8230434060096741
vt 0.5959296822547913 0.18073266744613647
vt 0.6599631309509277 0.8580405116081238
vt 0.5959296822547913 0.1454702615737915
vt 0.6683384776115417 0.8920208215713501
vt 0.5959296822547913 0.11020779609680176
vt 0.6846024990081787 0.9230092763900757
vt 0.5959296822547913 0.07494533061981201
vt 0.7078098654747009 0.9492048621177673
vt 0.5959296822547913 0.039682865142822266
vt 0.7366122603416443 0.9690855741500854
vt 0.5959296822547913 0.9212445020675659
vt 0.5959296822547913 0.0044203996658325195
vt 0.769335150718689 0.9814954996109009
vt 0.5811683535575867 0.8859822750091553
vt 0.5841628909111023 0.8859822750091553
vt 0.5841628909111023 0.8507198691368103
vt 0.5811683535575867 0.8507198691368103
vt 0.5841628909111023 0.8154573440551758
vt 0.5811683535575867 0.8154573440551758
vt 0.5841628909111023 0.780194878578186
vt 0.5811683535575867 0.780194878578186
vt 0.5841628909111023 0.7449323534965515
vt 0.5811683535575867 0.7449323534965515
vt 0.5841628909111023 0.709669828414917
vt 0.5811683535575867 0.709669828414917
vt 0.5841628909111023 0.6744073629379272
vt 0.5811683535575867 0.6744073629379272
vt 0.5841628909111023 0.6391448974609375
vt 0.5811683535575867 0.6391448974609375
vt 0.5841628909111023 0.6038823127746582
vt 0.5811683535575867 0.6038823127746582
vt 0.5841628909111023 0.5686198472976685
vt 0.5811683535575867 0.5686198472976685
vt 0.5841628909111023 0.5333574414253235
vt 0.5811683535575867 0.5333574414253235
vt 0.5841628909111023 0.4980948567390442
vt 0.5811683535575867 0.4980948567390442
vt 0.5841628909111023 0.46283239126205444
vt 0.5811683535575867 0.46283239126205444
vt 0.5841628909111023 0.4275699257850647
vt 0.5811683535575867 0.4275699257850647
vt 0.5841628909111023 0.3923075199127197
vt 0.5811683535575867 0.3923075199127197
vt 0.5841628909111023 0.3570449948310852
vt 0.5811683535575867 0.3570449948310852
vt 0.5841628909111023 0.32178252935409546
vt 0.5811683535575867 0.32178252935409546
vt 0.5841628909111023 0.2865201234817505
vt 0.5811683535575867 0.2865201234817505
vt 0.5841628909111023 0.25125765800476074
vt 0.5811683535575867 0.25125765800476074
vt 0.5841628909111023 0.215995192527771
vt 0.5811683535575867 0.215995192527771
vt 0.5841628909111023 0.18073266744613647
vt 0.5811683535575867 0.18073266744613647
vt 0.5841628909111023 0.1454702615737915
vt 0.5811683535575867 0.1454702615737915
vt 0.5841628909111023 0.11020779609680176
vt 0.5811683535575867 0.11020779609680176
vt 0.5841628909111023 0.07494533061981201
vt 0.5811683535575867 0.07494533061981201
vt 0.5841628909111023 0.039682865142822266
vt 0.5811683535575867 0.039682865142822266
vt 0.5841628909111023 0.9212445020675659
vt 0.5841628909111023 0.0044203996658325195
vt 0.5811683535575867 0.9212445020675659
vt 0.5811683535575867 0.0044203996658325195
vt 0.8040768504142761 0.8405418395996094
vt 0.9664850831031799 0.15438663959503174
vt 0.4958209991455078 0.007828712463378906
vt 0.49582117795944214 0.9463056325912476
vt 0.9664850831031799 0.19048196077346802
vt 0.49582111835479736 0.9102107882499695
vt 0.9578469395637512 0.2255282998085022
vt 0.49582093954086304 0.8741159439086914
vt 0.941072404384613 0.25748902559280396
vt 0.4958207607269287 0.8380210399627686
vt 0.9171369671821594 0.28450655937194824
vt 0.49582070112228394 0.8019261360168457
vt 0.8874310851097107 0.3050110340118408
vt 0.49582064151763916 0.7658312320709229
vt 0.8536813259124756 0.3178105354309082
vt 0.49582046270370483 0.7297362685203552
vt 0.8178490996360779 0.32216131687164307
vt 0.49582046270370483 0.6936411261558533
vt 0.7820170521736145 0.3178104758262634
vt 0.49582040309906006 0.6575460433959961
vt 0.7482673525810242 0.3050107955932617
vt 0.4958203434944153 0.6214509606361389
vt 0.718561589717865 0.2845064401626587
vt 0.49582022428512573 0.5853556394577026
vt 0.6946261525154114 0.2574887275695801
vt 0.49582022428512573 0.5492603182792664
vt 0.6778517961502075 0.22552794218063354
vt 0.49582022428512573 0.5131649971008301
vt 0.49582022428512573 0.4770697355270386
vt 0.6692138314247131 0.19048160314559937
vt 0.49582022428512573 0.44097423553466797
vt 0.6692138314247131 0.15438634157180786
vt 0.49582022428512573 0.4048788547515869
vt 0.6778521537780762 0.1193399429321289
vt 0.4958203434944153 0.36878347396850586
vt 0.69462651014328 0.0873790979385376
vt 0.4958203434944153 0.3326880931854248
vt 0.7185621857643127 0.060361385345458984
vt 0.4958203434944153 0.2965925335884094
vt 0.748268187046051 0.03985697031021118
vt 0.49582040309906006 0.2604970932006836
vt 0.7820181250572205 0.027057528495788574
vt 0.49582046270370483 0.22440171241760254
vt 0.8178500533103943 0.022706806659698486
vt 0.49582046270370483 0.18830621242523193
vt 0.8536821603775024 0.02705782651901245
vt 0.49582064151763916 0.15221071243286133
vt 0.887431800365448 0.03985750675201416
vt 0.49582070112228394 0.11611521244049072
vt 0.9171376824378967 0.06036210060119629
vt 0.4958207607269287 0.08001965284347534
vt 0.9410731196403503 0.08737987279891968
vt 0.49582093954086304 0.04392409324645996
vt 0.9578471779823303 0.11934059858322144
vt 0.6824312210083008 0.4531850814819336
vt 0.5042253732681274 0.9463056325912476
vt 0.5042253732681274 0.007828712463378906
vt 0.6992054581642151 0.4212242364883423
vt 0.5042252540588379 0.9102107882499695
vt 0.7231410145759583 0.3942066431045532
vt 0.5042251348495483 0.8741159439086914
vt 0.7528467774391174 0.37370210886001587
vt 0.5042251348495483 0.8380210399627686
vt 0.7865964770317078 0.36090248823165894
vt 0.5042250156402588 0.8019261360168457
vt 0.8224285244941711 0.3565517067909241
vt 0.5042248964309692 0.7658312320709229
vt 0.858260452747345 0.36090242862701416
vt 0.5042247772216797 0.7297360897064209
vt 0.8920102715492249 0.3737019896507263
vt 0.5042247772216797 0.6936410665512085
vt 0.9217161536216736 0.3942064046859741
vt 0.5042247772216797 0.6575460433959961
vt 0.9456518292427063 0.42122405767440796
vt 0.5042246580123901 0.6214509606361389
vt 0.9624260067939758 0.4531848430633545
vt 0.5042246580123901 0.5853556394577026
vt 0.9710641503334045 0.4882313013076782
vt 0.5042246580123901 0.5492603778839111
vt 0.9710641503334045 0.5243266224861145
vt 0.5042246580123901 0.5131649971008301
vt 0.5042246580123901 0.4770697355270386
vt 0.9624260067939758 0.5593730211257935
vt 0.5042246580123901 0.44097423553466797
vt 0.9456518292427063 0.5913337469100952
vt 0.5042246580123901 0.4048788547515869
vt 0.9217161536216736 0.6183515191078186
vt 0.5042246580123901 0.36878347396850586
vt 0.8920104503631592 0.6388559341430664
vt 0.5042247772216797 0.3326880931854248
vt 0.8582606911659241 0.6516554355621338
vt 0.5042247772216797 0.2965925335884094
vt 0.8224286437034607 0.6560063362121582
vt 0.5042247772216797 0.2604970932006836
vt 0.7865964770317078 0.6516554355621338
vt 0.5042248964309692 0.22440177202224731
vt 0.7528467774391174 0.6388558745384216
vt 0.5042248964309692 0.18830621242523193
vt 0.7231410145759583 0.618351399898529
vt 0.5042250156402588 0.15221071243286133
vt 0.6992054581642151 0.5913337469100952
vt 0.5042251348495483 0.11611521244049072
vt 0.6824312210083008 0.5593730211257935
vt 0.5042251348495483 0.08001965284347534
vt 0.6737930178642273 0.5243266224861145
vt 0.5042252540588379 0.04392409324645996
vt 0.6737930178642273 0.48823124170303345
vt 0.8224286437034607 0.5062789916992188
vt 0.5348107218742371 0.045547425746917725
vt 0.5348107218742371 0.045547425746917725
vt 0.5348107218742371 0.9909014701843262
vt 0.5348107218742371 0.007733345031738281
vt 0.5348107218742371 0.9909014701843262
vt 0.5348107218742371 0.007733345031738281
vt 0.5348107218742371 0.08336162567138672
vt 0.5348107218742371 0.08336162567138672
vt 0.5348107218742371 0.12117582559585571
vt 0.5348107218742371 0.12117582559585571
vt 0.5348107218742371 0.1589900255203247
vt 0.5348107218742371 0.1589900255203247
vt 0.5348107218742371 0.1968042254447937
vt 0.5348107218742371 0.1968042254447937
vt 0.5348107218742371 0.23461830615997314
vt 0.5348107218742371 0.23461830615997314
vt 0.5348107218742371 0.27243250608444214
vt 0.5348107218742371 0.27243250608444214
vt 0.5348107218742371 0.3102465867996216
vt 0.5348107218742371 0.3102465867996216
vt 0.5348107218742371 0.3480607867240906
vt 0.5348107218742371 0.3480607867240906
vt 0.5348107218742371 0.38587498664855957
vt 0.5348107218742371 0.38587498664855957
vt 0.5348107218742371 0.4236891269683838
vt 0.5348107218742371 0.4236891269683838
vt 0.5348107218742371 0.46150338649749756
vt 0.5348107218742371 0.46150338649749756
vt 0.5348107218742371 0.4993175268173218
vt 0.5348107218742371 0.4993175268173218
vt 0.5348107218742371 0.5371317267417908
vt 0.5348107218742371 0.5371317267417908
vt 0.5348107218742371 0.5749459266662598
vt 0.5348107218742371 0.5749459266662598
vt 0.5348107218742371 0.6127601861953735
vt 0.5348107218742371 0.6127601861953735
vt 0.5348107218742371 0.6505743265151978
vt 0.5348107218742371 0.6505743265151978
vt 0.5348107218742371 0.6883885860443115
vt 0.5348107218742371 0.6883885860443115
vt 0.5348107218742371 0.726202666759491
vt 0.5348107218742371 0.726202666759491
vt 0.5348107218742371 0.76401686668396
vt 0.5348107218742371 0.76401686668396
vt 0.5348107218742371 0.8018308877944946
vt 0.5348107218742371 0.8018308877944946
vt 0.5348107218742371 0.8396451473236084
vt 0.5348107218742371 0.8396451473236084
vt 0.5348107218742371 0.8774592876434326
vt 0.5348107218742371 0.8774592876434326
vt 0.5348107218742371 0.9152734279632568
vt 0.5348107218742371 0.9152734279632568
vt 0.5348107218742371 0.9530876278877258
vt 0.5348107218742371 0.9530876278877258
vt 0.517082154750824 0.045547425746917725
vt 0.9742079377174377 0.19141972064971924
vt 0.517082154750824 0.9909014701843262
vt 0.517082154750824 0.007733345031738281
vt 0.9742079377174377 0.1534489393234253
vt 0.517082154750824 0.08336162567138672
vt 0.9651208519935608 0.22828704118728638
vt 0.517082154750824 0.12117582559585571
vt 0.947475016117096 0.2619083523750305
vt 0.517082154750824 0.1589900255203247
vt 0.9222956895828247 0.2903296947479248
vt 0.517082154750824 0.1968042254447937
vt 0.8910463452339172 0.3118995428085327
vt 0.517082154750824 0.23461830615997314
vt 0.8555430769920349 0.3253641128540039
vt 0.517082154750824 0.27243250608444214
vt 0.8178490996360779 0.32994091510772705
vt 0.517082154750824 0.3102465867996216
vt 0.7801551818847656 0.3253639340400696
vt 0.517082154750824 0.3480607867240906
vt 0.7446519732475281 0.3118993043899536
vt 0.517082154750824 0.38587498664855957
vt 0.7134028673171997 0.2903294563293457
vt 0.517082154750824 0.4236891269683838
vt 0.688223659992218 0.26190805435180664
vt 0.517082154750824 0.46150338649749756
vt 0.6705778241157532 0.22828668355941772
vt 0.6614909172058105 0.19141936302185059
vt 0.517082154750824 0.4993175268173218
vt 0.6614909172058105 0.15344858169555664
vt 0.517082154750824 0.5371317267417908
vt 0.6705780625343323 0.11658120155334473
vt 0.517082154750824 0.5749459266662598
vt 0.6882241368293762 0.08295965194702148
vt 0.517082154750824 0.6127601861953735
vt 0.7134032845497131 0.05453824996948242
vt 0.517082154750824 0.6505743265151978
vt 0.7446529269218445 0.03296846151351929
vt 0.517082154750824 0.6883885860443115
vt 0.7801563143730164 0.01950395107269287
vt 0.517082154750824 0.726202666759491
vt 0.8178501725196838 0.014927268028259277
vt 0.517082154750824 0.76401686668396
vt 0.8555440306663513 0.019504189491271973
vt 0.517082154750824 0.8018308877944946
vt 0.8910472989082336 0.03296905755996704
vt 0.517082154750824 0.8396451473236084
vt 0.922296404838562 0.05453908443450928
vt 0.517082154750824 0.8774592876434326
vt 0.9474754929542542 0.08296060562133789
vt 0.517082154750824 0.9152734279632568
vt 0.965121328830719 0.1165819764137268
vt 0.517082154750824 0.9530876278877258
vt 0.630415678024292 0.479709267616272
vt 0.630415678024292 0.4611690044403076
vt 0.630415678024292 0.4426288604736328
vt 0.630415678024292 0.42408865690231323
vt 0.630415678024292 0.40557193756103516
vt 0.6304157972335815 0.38663870096206665
vt 0.6304157972335815 0.36809253692626953
vt 0.6304157972335815 0.34955233335494995
vt 0.6304157972335815 0.33101212978363037
vt 0.6304157972335815 0.31247198581695557
vt 0.6304157972335815 0.2939317226409912
vt 0.6304157972335815 0.2753915786743164
vt 0.630415678024292 0.5538700819015503
vt 0.6304157972335815 0.25685131549835205
vt 0.630415678024292 0.5353298187255859
vt 0.630415678024292 0.5167896747589111
vt 0.630415678024292 0.4982494115829468
vt 0.6195484399795532 0.479709267616272
vt 0.6195484399795532 0.4611690044403076
vt 0.6195484399795532 0.4426288604736328
vt 0.6195484399795532 0.42408865690231323
vt 0.6195485591888428 0.38663870096206665
vt 0.6195485591888428 0.36809253692626953
vt 0.6195485591888428 0.34955233335494995
vt 0.6195485591888428 0.33101212978363037
vt 0.6195485591888428 0.31247198581695557
vt 0.6195485591888428 0.2939317226409912
vt 0.6195485591888428 0.2753915786743164
vt 0.6195484399795532 0.5538700819015503
vt 0.6195485591888428 0.25685131549835205
vt 0.6195484399795532 0.5353298187255859
vt 0.6195484399795532 0.5167896747589111
vt 0.6195484399795532 0.4982494115829468
vt 0.6144760847091675 0.479709267616272
vt 0.6144760847091675 0.4611690044403076
vt 0.6144760847091675 0.4426288604736328
vt 0.6144760847091675 0.42408865690231323
vt 0.6144760847091675 0.40557193756103516
vt 0.6144760847091675 0.38663870096206665
vt 0.6144760847091675 0.36809253692626953
vt 0.6144760847091675 0.34955233335494995
vt 0.6144760847091675 0.33101212978363037
vt 0.6144760847091675 0.31247198581695557
vt 0.6144760847091675 0.2939317226409912
vt 0.6144760847091675 0.2753915786743164
vt 0.6144760847091675 0.5538700819015503
vt 0.6144760847091675 0.25685131549835205
vt 0.6144760847091675 0.5353298187255859
vt 0.6144760847091675 0.5167896747589111
vt 0.6144760847091675 0.4982494115829468
vt 0.6084828972816467 0.479709267616272
vt 0.8711451888084412 0.23727065324783325
vt 0.6084828972816467 0.4611690044403076
vt 0.8906967043876648 0.23735260963439941
vt 0.6084828972816467 0.4426288604736328
vt 0.9088008999824524 0.2299390435218811
vt 0.6084828972816467 0.42408865690231323
vt 0.9227084517478943 0.21611112356185913
vt 0.6084828972816467 0.40557193756103516
vt 0.9301604628562927 0.1978965401649475
vt 0.6084828972816467 0.38663870096206665
vt 0.9301604628562927 0.17818713188171387
vt 0.6084828972816467 0.36809253692626953
vt 0.9227404594421387 0.15999972820281982
vt 0.6084828972816467 0.34955233335494995
vt 0.9088488817214966 0.14616942405700684
vt 0.6084828972816467 0.33101212978363037
vt 0.8907484412193298 0.13874423503875732
vt 0.6084828972816467 0.31247198581695557
vt 0.8711898922920227 0.13881146907806396
vt 0.6084828972816467 0.2939317226409912
vt 0.853139340877533 0.14635682106018066
vt 0.6084828972816467 0.2753915786743164
vt 0.8393471837043762 0.160233736038208
vt 0.6084828972816467 0.5538700819015503
vt 0.6084828972816467 0.25685131549835205
vt 0.8319124579429626 0.17831432819366455
vt 0.6084828972816467 0.5353298187255859
vt 0.831928551197052 0.19781458377838135
vt 0.6084828972816467 0.5167896747589111
vt 0.8393480181694031 0.21584540605545044
vt 0.6084828972816467 0.4982494115829468
vt 0.8531131744384766 0.22971463203430176
vt 0.6128942370414734 0.18255358934402466
vt 0.8736525177955627 0.22885948419570923
vt 0.6128942370414734 0.19861650466918945
vt 0.8898430466651917 0.2288881540298462
vt 0.6128942370414734 0.08617562055587769
vt 0.8587193489074707 0.15345454216003418
vt 0.6128942370414734 0.1183016300201416
vt 0.8410605788230896 0.17994773387908936
vt 0.6128942370414734 0.13436448574066162
vt 0.8410400748252869 0.19616472721099854
vt 0.6128942370414734 0.15042757987976074
vt 0.8472456336021423 0.2111409306526184
vt 0.622705340385437 0.18255358934402466
vt 0.7606388926506042 0.23063576221466064
vt 0.7752707004547119 0.2245749831199646
vt 0.622705340385437 0.19861650466918945
vt 0.7864692807197571 0.21337616443634033
vt 0.622705340385437 0.2146795392036438
vt 0.7925295233726501 0.19874435663223267
vt 0.622705340385437 0.2307424545288086
vt 0.8309146761894226 0.11266040802001953
vt 0.7925295233726501 0.18290704488754272
vt 0.622705340385437 0.24678504467010498
vt 0.7864686846733093 0.16827523708343506
vt 0.7864686846733093 0.16827523708343506
vt 0.8308724761009216 0.07809758186340332
vt 0.622705340385437 0.005855441093444824
vt 0.7752699851989746 0.15707659721374512
vt 0.622705340385437 0.02192366123199463
vt 0.7606380581855774 0.15101611614227295
vt 0.622705340385437 0.037986576557159424
vt 0.622705340385437 0.05404961109161377
vt 0.7448008060455322 0.1510164737701416
vt 0.622705340385437 0.07011252641677856
vt 0.7301689982414246 0.15707719326019287
vt 0.622705340385437 0.08617562055587769
vt 0.7189705967903137 0.16827577352523804
vt 0.622705340385437 0.10223853588104248
vt 0.712909996509552 0.18290776014328003
vt 0.622705340385437 0.1183016300201416
vt 0.712909996509552 0.19874531030654907
vt 0.622705340385437 0.13436448574066162
vt 0.7189708352088928 0.21337687969207764
vt 0.622705340385437 0.15042757987976074
vt 0.7301697134971619 0.22457534074783325
vt 0.622705340385437 0.1664905548095703
vt 0.7448015809059143 0.23063576221466064
vt 0.7526019215583801 0.19087493419647217
vt 0.8360841274261475 0.17910480499267578
vt 0.8360804915428162 0.19701707363128662
vt 0.9261859059333801 0.17899614572525024
vt 0.9194021224975586 0.16231542825698853
vt 0.8429133296012878 0.2135714292526245
vt 0.9066811800003052 0.14963507652282715
vt 0.8555555939674377 0.22629249095916748
vt 0.8900870680809021 0.14281535148620605
vt 0.8721035122871399 0.2332167625427246
vt 0.8900381922721863 0.23328208923339844
vt 0.8721457123756409 0.1428682804107666
vt 0.9066346287727356 0.22647202014923096
vt 0.8555818200111389 0.14978408813476562
vt 0.9193673729896545 0.2137908935546875
vt 0.8429194092750549 0.16251260042190552
vt 0.8197560906410217 0.09092754125595093
vt 0.8201457262039185 0.10015422105789185
vt 0.8145976662635803 0.08529305458068848
vt 0.814675509929657 0.10558170080184937
vt 0.6128942370414734 0.2146795392036438
vt 0.9047992825508118 0.22271239757537842
vt 0.6128942370414734 0.2307424545288086
vt 0.9162425398826599 0.21126461029052734
vt 0.6128942370414734 0.10223853588104248
vt 0.8472592234611511 0.16494596004486084
vt 0.6128942370414734 0.005855441093444824
vt 0.8349488973617554 0.08751571178436279
vt 0.921334445476532 0.18032515048980713
vt 0.6128942370414734 0.02192366123199463
vt 0.9162800908088684 0.16483771800994873
vt 0.6128942370414734 0.037986576557159424
vt 0.9048448801040649 0.15339314937591553
vt 0.6128942370414734 0.1664905548095703
vt 0.858692467212677 0.22262734174728394
vt 0.6128942370414734 0.05404961109161377
vt 0.8898895382881165 0.14721006155014038
vt 0.6128942370414734 0.07011252641677856
vt 0.8736923336982727 0.14722871780395508
vt 0.8173637986183167 0.102536141872406
vt 0.817193329334259 0.08839833736419678
vt 0.6195484399795532 0.40557193756103516
vt 0.6128942370414734 0.24678504467010498
vt 0.8349488973617554 0.10322046279907227
vt 0.9213010668754578 0.1959822177886963
vt 0.9261673092842102 0.19708919525146484
vt 0.819468080997467 0.09534955024719238
vt 0.8094892501831055 0.09030532836914062
vt 0.8095070719718933 0.10063302516937256
vt 0.8156437277793884 0.09444427490234375
vt 0.815690815448761 0.09644162654876709
vt 0.8120279908180237 0.09246182441711426
vt 0.8120439648628235 0.0984310507774353
vt 0.5768311023712158 0.8507198691368103
vt 0.5768311023712158 0.8859822750091553
vt 0.5768311023712158 0.9212445020675659
vt 0.5768311023712158 0.0044203996658325195
vt 0.5768311023712158 0.8154573440551758
vt 0.5768311023712158 0.780194878578186
vt 0.5768311023712158 0.7449323534965515
vt 0.5768311023712158 0.709669828414917
vt 0.5768311023712158 0.6744073629379272
vt 0.5768311023712158 0.6391448974609375
vt 0.5768311023712158 0.6038823127746582
vt 0.5768311023712158 0.5686198472976685
vt 0.5768311023712158 0.5333574414253235
vt 0.5768311023712158 0.4980948567390442
vt 0.5768311023712158 0.46283239126205444
vt 0.5768311023712158 0.4275699257850647
vt 0.5768311023712158 0.3923075199127197
vt 0.5768311023712158 0.3570449948310852
vt 0.5768311023712158 0.32178252935409546
vt 0.5768311023712158 0.2865201234817505
vt 0.5768311023712158 0.25125765800476074
vt 0.5768311023712158 0.215995192527771
vt 0.5768311023712158 0.18073266744613647
vt 0.5768311023712158 0.1454702615737915
vt 0.5768311023712158 0.11020779609680176
vt 0.5768311023712158 0.07494533061981201
vt 0.5768311023712158 0.039682865142822266
vt 0.5636239051818848 0.8859822750091553
vt 0.5607149004936218 0.8859822750091553
vt 0.5607149004936218 0.8507198691368103
vt 0.5636239051818848 0.8507198691368103
vt 0.5607149004936218 0.8154573440551758
vt 0.5636239051818848 0.8154573440551758
vt 0.5607149004936218 0.780194878578186
vt 0.5636239051818848 0.780194878578186
vt 0.5607149004936218 0.7449323534965515
vt 0.5636239051818848 0.7449323534965515
vt 0.5607149004936218 0.709669828414917
vt 0.5636239051818848 0.709669828414917
vt 0.5607149004936218 0.6744073629379272
vt 0.5636239051818848 0.6744073629379272
vt 0.5607149004936218 0.6391448974609375
vt 0.5636239051818848 0.6391448974609375
vt 0.5607149004936218 0.6038823127746582
vt 0.5636239051818848 0.6038823127746582
vt 0.5607149004936218 0.5686198472976685
vt 0.5636239051818848 0.5686198472976685
vt 0.5607149004936218 0.5333574414253235
vt 0.5636239051818848 0.5333574414253235
vt 0.5607149004936218 0.4980948567390442
vt 0.5636239051818848 0.4980948567390442
vt 0.5607149004936218 0.46283239126205444
vt 0.5636239051818848 0.46283239126205444
vt 0.5607149004936218 0.4275699257850647
vt 0.5636239051818848 0.4275699257850647
vt 0.5607149004936218 0.3923075199127197
vt 0.5636239051818848 0.3923075199127197
vt 0.5607149004936218 0.3570449948310852
vt 0.5636239051818848 0.3570449948310852
vt 0.5607149004936218 0.32178252935409546
vt 0.5636239051818848 0.32178252935409546
vt 0.5607149004936218 0.2865201234817505
vt 0.5636239051818848 0.2865201234817505
vt 0.5607149004936218 0.25125765800476074
vt 0.5636239051818848 0.25125765800476074
vt 0.5607149004936218 0.215995192527771
vt 0.5636239051818848 0.215995192527771
vt 0.5607149004936218 0.18073266744613647
vt 0.5636239051818848 0.18073266744613647
vt 0.5607149004936218 0.1454702615737915
vt 0.5636239051818848 0.1454702615737915
vt 0.5607149004936218 0.11020779609680176
vt 0.5636239051818848 0.11020779609680176
vt 0.5607149004936218 0.07494533061981201
vt 0.5636239051818848 0.07494533061981201
vt 0.5607149004936218 0.039682865142822266
vt 0.5636239051818848 0.039682865142822266
vt 0.5607149004936218 0.9212445020675659
vt 0.5607149004936218 0.0044203996658325195
vt 0.5636239051818848 0.9212445020675659
vt 0.5636239051818848 0.0044203996658325195
vn -4.348000857134461e-7 2.844986113359098e-7 -0.999999999999865
vn -4.348000857134461e-7 2.844986113359098e-7 -0.999999999999865
vn -3.508021205531143e-7 0.5992313192008542 -0.8005759339929479
vn -3.508021205531143e-7 0.5992313192008542 -0.8005759339929479
vn -0.23931570969491617 2.3708142851274938e-7 -0.9709418062341132
vn -0.19158982534366725 0.5992337117544676 -0.7773109400502135
vn -0.4647231936751083 2.370814625449024e-7 -0.885456014300175
vn -0.3720456329622044 0.5992340277702123 -0.7088727861584482
vn -0.6631227966062748 3.0820596587219634e-7 -0.7485106255898966
vn -0.5308796846945684 0.599232146631193 -0.5992391799793871
vn -0.8229839765654189 2.726436964372547e-7 -0.5680645863953285
vn -0.6588602116580137 0.5992325590323456 -0.45477858534621396
vn -0.9350161756396533 1.5113945372069162e-7 -0.3546050638275967
vn -0.7485500164299217 0.599233344204596 -0.2838877808151313
vn -0.9927088599804339 4.4452786258072436e-8 -0.12053679652432096
vn -0.7947364733555817 0.599234483202207 -0.09649855988416056
vn -0.9927088662210807 -4.445276877395562e-8 0.120536745128009
vn -0.7947363350985499 0.5992345733869355 0.09649913850342187
vn -0.9350162720663096 -1.2743129185989612e-7 0.35460480957145085
vn -0.7485501143888711 0.5992330172802938 0.28388821259355435
vn -0.8229838074000146 -2.015191722215854e-7 0.5680648314737807
vn -0.6588599647463098 0.5992327897264358 0.45477863908847405
vn -0.6631226706470356 -2.8449756689138206e-7 0.748510737180077
vn -0.5308787153769309 0.5992335594851843 0.5992386258799207
vn -0.464723381763804 -3.08205766902179e-7 0.8854559155835589
vn -0.37204529516084156 0.599233904097029 0.7088730679954732
vn -0.23931533060378063 -2.3708137993053105e-7 0.9709418996716267
vn -0.1915897358936492 0.5992333539919459 0.7773112378988002
vn 4.013539864899545e-7 -1.8966503034787773e-7 0.9999999999999016
vn 5.740396822089361e-7 0.5992318917711217 0.800575505423488
vn 0.19159077215551742 0.5992303524306529 0.7773132963938596
vn 0.23931589211764384 -1.8966505472081525e-7 0.9709417612709323
vn 0.37204628947365515 0.5992313585505901 0.7088746979674894
vn 0.4647237123700565 -2.3708133980441474e-7 0.8854557420678555
vn 0.530880240602076 0.5992316321613067 0.5992392019515898
vn 0.6631233042526098 -2.3708133575666274e-7 0.7485101758540392
vn 0.6588613645788567 0.5992313259181349 0.45477853984514355
vn 0.822984323527453 -1.6595697328194822e-7 0.568064083733546
vn 0.7485506000463157 0.5992328574168554 0.28388726946154363
vn 0.935016499671872 -1.1854069558479161e-7 0.3546042094241775
vn 0.7947376269121293 0.5992330236342014 0.09649812307132957
vn 0.9927089624539711 -4.741619985594036e-8 0.12053595257663931
vn 0.7947380330060316 0.599232344921858 -0.0964989932235301
vn 0.9927087512654827 4.445284001870703e-8 -0.12053769186824513
vn 0.748549806937208 0.5992334984593811 -0.28388800759877064
vn 0.935015841725356 1.3928526545857993e-7 -0.3546059442854909
vn 0.6588582391919022 0.5992346401809945 -0.4547787007502663
vn 0.8229831115032199 2.3708135919912554e-7 -0.568065839652784
vn 0.5308777650177607 0.5992342784829059 -0.5992387488312305
vn 0.6631215332034358 3.3191392977258365e-7 -0.7485117448656463
vn 0.37204409509297 0.5992349525322249 -0.7088728115608293
vn 0.46472210839178685 3.793301837464844e-7 -0.8854565838999382
vn 0.19158900719972474 0.5992336565910256 -0.7773111842298248
vn 0.23931475524003049 3.319148486442804e-7 -0.9709420414856359
vn -3.440176783441997e-7 3.72947596360925e-7 -0.9999999999998714
vn -3.440176783441997e-7 3.72947596360925e-7 -0.9999999999998714
vn 1.104203844604953e-8 -0.9673697993399575 -0.2533686470835929
vn -0.23931548493102706 3.729464671866815e-7 -0.970941861633377
vn -0.060635292668363046 -0.9673702378860725 -0.24600443925926602
vn -0.4647232637730426 3.4963737027371323e-7 -0.8854559775098981
vn -0.11774499566371881 -0.9673713340146792 -0.22434085254988873
vn -0.6631229263750353 3.4963746102544005e-7 -0.7485105106247254
vn -0.16800537761049922 -0.9673728378855451 -0.18964172962515566
vn -0.8229839102312364 2.797099476855679e-7 -0.5680646824970075
vn -0.20850358816168096 -0.9673738439138384 -0.14392393767219164
vn -0.9350161582633807 1.398549334196495e-7 -0.3546051096450375
vn -0.23688139454807075 -0.9673755929470512 -0.08984245704176899
vn -0.9927088599549156 4.6618286785976906e-8 -0.1205367967344818
vn -0.2514932724838699 -0.9673771159016877 -0.030539311142958707
vn -0.9927088465820929 -4.370468102068625e-8 0.12053690686942607
vn -0.2514984090658398 -0.9673757857002024 0.030539146652571295
vn -0.9350162052835588 -1.2528671660761824e-7 0.35460498566308724
vn -0.23688784242440025 -0.9673740268065469 0.08984231949142178
vn -0.822983788165732 -2.2143683153912657e-7 0.5680648593394352
vn -0.2085116443385769 -0.9673721501569981 0.14392365085645054
vn -0.66312248170814 -2.7970958448606386e-7 0.7485109045652969
vn -0.16801235261758 -0.9673717722775275 0.18964098599338117
vn -0.46472350091542086 -2.797096973834171e-7 0.8854558530479295
vn -0.11774421935403359 -0.9673722757820674 0.2243371990039393
vn -0.23931565350394007 -3.729463091186552e-7 0.9709418200839034
vn -0.060634841936830615 -0.9673723844525153 0.2459961092008381
vn -5.6093526654128e-7 -0.9673724731183561 0.2533584382896311
vn 5.112486292090371e-7 -4.195647420600827e-7 0.9999999999997813
vn 0.06063422266521751 -0.9673725491608102 0.24599561413143306
vn 0.23931611648568582 -3.7294639081349647e-7 0.9709417059690404
vn 0.11774631765827029 -0.9673720146915766 0.22433722354856306
vn 0.46472371237004484 -3.263279329249146e-7 0.8854557420678333
vn 0.16801555060874973 -0.9673711096617048 0.18964153275461698
vn 0.6631230819192881 -2.564004587928139e-7 0.7485103728244515
vn 0.2085172274968765 -0.9673708858238079 0.14392406017576498
vn 0.822984229327698 -2.2143679534515886e-7 0.5680642202056437
vn 0.23688988192624302 -0.9673735419767172 0.08984216228693183
vn 0.9350166407319691 -1.5150941719371097e-7 0.3546038374782215
vn 0.2515103323516341 -0.9673726953221395 0.03053884519017391
vn 0.9927089686945748 -4.661822514454539e-8 0.12053590118031762
vn 0.2515231185654583 -0.9673693613733181 -0.03053914706218114
vn 0.9927087673129726 4.953200994897157e-8 -0.12053755970632571
vn 0.2369017073203231 -0.9673706584176262 -0.0898420297041661
vn 0.935015787210035 1.54423061063015e-7 -0.35460608803004834
vn 0.20851515909708762 -0.9673714260149812 -0.14392342601695468
vn 0.8229831028718824 2.44746091531338e-7 -0.5680658521573961
vn 0.16801027737993912 -0.9673721332045915 -0.18964098342371571
vn 0.6631216629725013 2.7970982177453354e-7 -0.7485116299006357
vn 0.11774254413350721 -0.9673716876583033 -0.2243406142857231
vn 0.4647219892401638 3.729464448283304e-7 -0.885456646435344
vn 0.060634877083264316 -0.9673703835501245 -0.24600396889315154
vn 0.060634877083264316 -0.9673703835501245 -0.24600396889315154
vn 0.23931444638751725 4.1956586941537685e-7 -0.9709421176105505
vn -0.9927088528227451 -4.3704663531868037e-8 0.12053685547311932
vn -0.373361681965656 0.9265775065869494 0.04533407908944536
vn -0.9927088590633945 -4.6425015579412724e-8 0.12053680407681155
vn -0.37336809706673607 -0.9265748575989722 0.04533538748272269
vn -0.992708864438039 -4.642500085466528e-8 0.12053675981266966
vn -0.38683222215861923 0.9209531186501214 0.04697004522501605
vn -0.9927088661955621 -4.445276255104768e-8 0.12053674533817293
vn -0.3868317358866918 -0.9209533459542482 0.046969593212668734
vn -0.935016259798679 -1.274312820645839e-7 0.3546048419185408
vn -0.3643515316900646 -0.9209528335040783 0.13818046104972012
vn -0.9350161780259856 -1.3927504822400048e-7 0.35460505753536403
vn -0.3643526364031098 0.9209524371203758 0.13818018999894172
vn -0.9350161930159253 -1.3927503270004072e-7 0.3546050180101604
vn -0.3516723856409855 -0.9265736866342259 0.13337067299311853
vn -0.9350161954022587 -1.2528671528358168e-7 0.354605011717925
vn -0.35166359672093056 0.9265774490103721 0.1333677087106538
vn 0.30952713491847134 0.9265772283384203 -0.2136529725369009
vn 0.8229831115032182 2.4474608340225584e-7 -0.5680658396527829
vn 0.309530614271637 -0.9265755965060922 -0.2136550088062592
vn 0.8229831307375735 1.9730620333778155e-7 -0.5680658117871055
vn 0.3206938954301394 0.9209536151901655 -0.22135912924929768
vn 0.8229831586032558 1.9730619580758842e-7 -0.5680657714168048
vn 0.3206937168572394 -0.920953291878864 -0.22136073307109544
vn 0.8229831028718839 2.3708133954200488e-7 -0.5680658521573972
vn 0.2584003320447055 -0.9209529554851148 -0.29167605692346094
vn 0.663121499808749 3.319139428915231e-7 -0.7485117744506663
vn 0.25839777264502256 0.9209551270745906 -0.2916714675917343
vn 0.6631215999928126 2.5533743862368553e-7 -0.7485116856956254
vn 0.2494055408567196 -0.9265757534639192 -0.2815213123064351
vn 0.6631215665981337 2.553374202942211e-7 -0.7485117152806439
vn 0.24940712380604987 0.9265754128102688 -0.2815210311331535
vn 0.6631216629725013 2.7970982177453354e-7 -0.7485116299006357
vn -4.942045494773826e-7 0.926575224196586 -0.3761094972276055
vn -4.942045494773826e-7 0.926575224196586 -0.3761094972276055
vn -3.4401770676590913e-7 3.72947596360925e-7 -0.9999999999998714
vn -3.4401770676590913e-7 3.72947596360925e-7 -0.9999999999998714
vn -4.443562033883601e-7 4.642514568330576e-7 -0.9999999999997935
vn -4.443562033883601e-7 4.642514568330576e-7 -0.9999999999997935
vn -1.950223958353804e-7 -0.9265752410598292 -0.37610945568395526
vn -1.950223958353804e-7 -0.9265752410598292 -0.37610945568395526
vn -4.443562033883601e-7 4.6425139998963876e-7 -0.9999999999997935
vn -4.443562033883601e-7 4.6425139998963876e-7 -0.9999999999997935
vn -2.6163324838118216e-7 0.9209553757059737 -0.389668058683542
vn -2.6163324838118216e-7 0.9209553757059737 -0.389668058683542
vn -4.3480011413515553e-7 2.844986113359098e-7 -0.999999999999865
vn -4.3480011413515553e-7 2.844986113359098e-7 -0.999999999999865
vn -1.1529603897551303e-7 -0.920952316848549 -0.38967528801718565
vn -1.1529603897551303e-7 -0.920952316848549 -0.38967528801718565
vn -0.23931569564717486 2.3708142935820115e-7 -0.9709418096965711
vn -0.09325574885224697 -0.920952181309377 -0.378352276387373
vn -0.23931549917668887 4.1782500226354504e-7 -0.9709418581221213
vn -0.09325382301852339 0.9209552593320278 -0.37834525872687697
vn -0.23931551322443148 4.1782497235184023e-7 -0.9709418546596663
vn -0.09000906199334774 -0.9265753302614056 -0.3651801283066274
vn -0.2393155272721781 3.7294649712687443e-7 -0.9709418511972282
vn -0.09000995732204084 0.9265752411062719 -0.365180133840463
vn 0.1747832822152097 0.9265794967462834 0.33301837857313904
vn 0.46472354648649594 -3.263279494991767e-7 0.8854558291303452
vn 0.17478892300821097 -0.9265736391134713 0.3330317157473866
vn 0.4647235464864802 -4.178249275033176e-7 0.8854558291303152
vn 0.18109079488951912 0.9209531186354967 0.3450383707384366
vn 0.4647235464864802 -4.1782498434673155e-7 0.8854558291303152
vn 0.18108950485349426 -0.9209541046795445 0.3450364159126033
vn 0.46472371353093717 -2.3708132717875222e-7 0.8854557414585775
vn 0.2584010345618509 -0.9209537445491126 0.2916729431029433
vn 0.6631233042526098 -2.3708130733495355e-7 0.7485101758540392
vn 0.25840163480491174 0.9209532360568967 0.2916740168861104
vn 0.663123270858042 -3.4818746670445593e-7 0.748510205439051
vn 0.24941002515653943 -0.9265735999231387 0.28152442749589146
vn 0.6631231782934203 -3.4818742097638516e-7 0.7485102874442753
vn 0.2494002298540889 0.9265796558885628 0.2815131731236747
vn 0.6631230819192881 -2.564004587928139e-7 0.7485103728244515
vn -0.8229838074000146 -2.015191722215854e-7 0.5680648314737807
vn -0.32069624415311837 -0.9209525260508014 0.22136025783037797
vn -0.8229836939658431 -2.089125276109706e-7 0.5680649958114755
vn -0.3206953030349245 0.9209529197366567 0.22135998337519192
vn -0.8229837603000764 -2.0891249997790604e-7 0.5680648997097981
vn -0.3095378199130806 -0.9265731031982664 0.2136553825041444
vn -0.822983788165732 -2.2143685996083555e-7 0.5680648593394352
vn -0.30952541462868977 0.9265787431362112 0.21364889530970463
vn 0.18109034821197978 -0.9209524809780579 -0.3450403071596471
vn 0.46472217848982933 3.7933022482896204e-7 -0.8854565471097515
vn 0.1810870320836658 0.9209555393761443 -0.34503388428315973
vn 0.46472210839180783 2.3212489570621611e-7 -0.8854565838999782
vn 0.17478611673494757 -0.9265753613004953 -0.3330283970288025
vn 0.46472213175782295 2.3212490670218793e-7 -0.8854565716365829
vn 0.17478597435436907 0.9265754366682345 -0.33302826206204283
vn 0.46472199040093076 3.729464412549697e-7 -0.8854566458261286
vn -0.4647232637730579 2.370814811159959e-7 -0.8854559775099272
vn -0.1810918893027425 -0.92095173800958 -0.34504148139882723
vn -0.4647231703091042 3.7139994942133524e-7 -0.8854560265635543
vn -0.181088188629018 0.9209549141113896 -0.3450349462201537
vn -0.46472324040705665 3.7139993398985644e-7 -0.8854559897733072
vn -0.17478639324981013 -0.9265756242976302 -0.3330275201724019
vn -0.46472331166585823 3.49637327040788e-7 -0.8854559523738014
vn -0.17478696802880087 0.9265755309440867 -0.3330274782401339
vn 0.320696686846216 -0.9209525731871336 0.22135942036845255
vn 0.8229843513930909 -1.659569646902731e-7 0.5680640433631282
vn 0.3206949294546329 0.9209532315533707 0.22135922730596036
vn 0.8229843513930728 -2.669436911177577e-7 0.5680640433631157
vn 0.30953350134354823 -0.9265745123870203 0.213655527756151
vn 0.8229843984929333 -2.669437154834079e-7 0.5680639751270571
vn 0.30952673439901196 0.9265783812482093 0.21364855275833622
vn 0.822984267796168 -2.2143678783143314e-7 0.5680641644743631
vn -0.6631226114769772 -2.8449754150582617e-7 0.748510789600172
vn -0.2584016895713454 -0.9209533250299379 0.2916736874367923
vn -0.6631226706470407 -2.5533746071623566e-7 0.7485107371800829
vn -0.2584008471004424 0.9209531772872909 0.2916749002952047
vn -0.6631226410620107 -2.5533744932442724e-7 0.7485107633901321
vn -0.2494115387241074 -0.9265730356411536 0.28152494378653353
vn -0.6631225151027479 -2.797095734304923e-7 0.7485108749802689
vn -0.24939907731951672 0.926580117853568 0.2815126736590056
vn 0.09325593335831274 -0.9209521043391488 -0.37835241826472266
vn 0.23931476928777842 3.319148758823578e-7 -0.9709420380231909
vn 0.09325326609374579 0.9209552638116318 -0.37834538509210935
vn 0.23931465690579126 3.2497640721717383e-7 -0.9709420657227483
vn 0.09000824393058815 -0.9265751839936827 -0.36518070106675277
vn 0.23931467095354028 3.2497640605828643e-7 -0.9709420622603046
vn 0.09000764434315814 0.9265752242406757 -0.3651807467311731
vn 0.23931450257851783 4.1956592027399956e-7 -0.9709421037607857
vn -0.6631227966062748 3.0820596587219634e-7 -0.7485106255898966
vn -0.2584017152245251 -0.9209523565679478 -0.2916767225902109
vn -0.6631228633954438 2.785500206422006e-7 -0.7485105664198399
vn -0.25839973115688225 0.9209544283463931 -0.2916719387380612
vn -0.6631228929804754 2.7855000464791845e-7 -0.748510540209774
vn -0.2494051583474693 -0.9265758909551641 -0.2815211986517495
vn -0.6631229263750353 3.4963743260373173e-7 -0.7485105106247254
vn -0.24940559533456175 0.9265757897769986 -0.28152114452549404
vn 0.3643531596367692 -0.9209522845256106 0.1381798273618898
vn 0.9350165020582186 -1.18540696338536e-7 0.3546042031318853
vn 0.36435018387561185 0.9209534721946077 0.13817975815040295
vn 0.9350165937119537 -1.479796704401762e-7 0.35460396146020945
vn 0.35167053603275744 -0.9265744348135225 0.13337035216431745
vn 0.9350166059795798 -1.479796533932749e-7 0.35460392911303895
vn 0.3516626696133734 0.9265778766374438 0.1333671823442386
vn 0.9350166332370496 -1.5150943984838776e-7 0.35460385724076665
vn -0.4647233116658645 -3.0820577970797594e-7 0.8854559523738134
vn -0.18108891781059322 -0.9209540908637377 0.3450367608930015
vn -0.46472338176379413 -3.714000415590321e-7 0.88545591558354
vn -0.1810909402742407 0.9209529809813899 0.34503866185122367
vn -0.46472338176379413 -3.714000415590321e-7 0.88545591558354
vn -0.17478970241870698 -0.9265727289470855 0.3330338389712528
vn -0.46472338176380795 -2.79709679480584e-7 0.8854559155835663
vn -0.1747807102914594 0.9265799456653194 0.33301847936843804
vn -0.8229839765654189 2.7264366801554745e-7 -0.5680645863953285
vn -0.3206937995638559 -0.9209533322417667 -0.2213604453240989
vn -0.8229839765654352 1.8570005971999328e-7 -0.5680645863953397
vn -0.3206946624444529 0.9209534474688125 -0.22135871583235137
vn -0.8229839102312543 1.8570005744000352e-7 -0.5680646824970198
vn -0.3095310575932989 -0.926575466181493 -0.21365493173742345
vn -0.8229839102312364 2.797099476855679e-7 -0.5680646824970075
vn -0.30952838502715063 0.9265768363452422 -0.21365286146205995
vn 0.3868327738449364 -0.9209529278723058 0.04696924230664291
vn 0.9927089669115454 -4.7416185857999445e-8 0.12053591586498107
vn 0.38682961505713864 0.9209542284423318 0.04696975653476878
vn 0.9927089589134348 -4.3523348347709894e-8 0.12053598173575576
vn 0.37336856158124154 -0.9265746934543191 0.04533491670654598
vn 0.9927089535388188 -4.3523363262391516e-8 0.12053602599995437
vn 0.37335853423462473 0.9265787863651259 0.04533384577005097
vn 0.9927089749096512 -4.6618208426484756e-8 0.12053584999421271
vn -0.23931533060378063 -2.3708137993053105e-7 0.9709418996716267
vn -0.09325425656454474 -0.920954246025612 0.3783476184145876
vn -0.2393152326654244 -4.6425004639994344e-7 0.9709419238111402
vn -0.09325519729869002 0.920953192508466 0.378349950951823
vn -0.23931521822180124 -4.642500766796456e-7 0.9709419273711669
vn -0.09001065281924392 -0.9265729261278204 0.3651858361793108
vn -0.2393155553676625 -3.7294643762354543e-7 0.9709418442723171
vn -0.09000620062062574 0.9265794139656084 0.365170471786794
vn -0.9350161756396533 1.5113945372069162e-7 -0.3546050638275967
vn -0.3643492821359647 -0.9209537069516387 -0.13818057120681698
vn -0.9350161582633809 1.3927507370197727e-7 -0.35460510964503755
vn -0.3643524794312463 0.9209525958136794 -0.13817954623007328
vn -0.9350161582633809 1.3927508791283203e-7 -0.35460510964503755
vn -0.3516706695214067 -0.9265742557867503 -0.13337124394559507
vn -0.9350161385007738 1.3985493046365987e-7 -0.35460516175470763
vn -0.3516622207010414 0.9265779312951781 -0.13336798629491328
vn 0.3868311015591023 -0.9209535641867829 -0.046970538406887245
vn 0.9927087539400657 4.4452833033045645e-8 -0.12053766984125902
vn 0.38682985812243825 0.9209541316437524 -0.04696965268422146
vn 0.9927087770687371 4.6425067823021944e-8 -0.1205374793609448
vn 0.3733682191889923 -0.9265747908685905 -0.04533574557088856
vn 0.9927087770687371 4.6425067823021944e-8 -0.1205374793609448
vn 0.37335970867273094 0.9265782800703529 -0.045334521522567825
vn 0.9927087601807567 4.953202735667257e-8 -0.12053761844495732
vn -2.2172313011365468e-9 -0.9209544715467253 0.38967019559890886
vn 4.013539864899545e-7 -1.8966503034787773e-7 0.9999999999999016
vn 2.971090107819952e-7 0.9209534513800379 0.3896726066727142
vn 4.96914481118323e-7 -4.642499504824464e-7 0.9999999999997689
vn -5.5404079629658425e-8 -0.9265737547492388 0.3761131173063424
vn 4.96914481118323e-7 -4.642499504824464e-7 0.9999999999997689
vn -5.3187891124640284e-8 0.9265797349697991 0.37609838439335824
vn 5.112485723656183e-7 -4.1956477048179215e-7 0.9999999999997813
vn -0.9927088617889943 4.4452781902683813e-8 -0.12053678162949874
vn -0.3868299740742393 -0.9209540529358414 -0.04697024099119344
vn -0.992708857331388 4.642502462606871e-8 -0.12053681834115193
vn -0.38683278158768714 0.9209529236112847 -0.04696926208660182
vn -0.9927088590889125 4.642502192079016e-8 -0.12053680386665114
vn -0.3733690412024279 -0.9265744762994021 -0.04533540495096719
vn -0.9927088528227449 4.66183077673259e-8 -0.1205368554731193
vn -0.3733604384678951 0.9265780037734688 -0.04533415831615968
vn 0.3643490920550886 -0.9209537380771979 -0.138180864957014
vn 0.9350158539929925 1.392852619542281e-7 -0.35460591193850016
vn 0.3643507689500337 0.9209532217679612 -0.13817988450107913
vn 0.9350158441116716 1.2766871114499922e-7 -0.354605937993319
vn 0.35166948625386285 -0.9265746555855896 -0.13337158642076025
vn 0.9350158441116716 1.2766872535585375e-7 -0.354605937993319
vn 0.35165968108740303 0.9265788273796352 -0.13336845710019374
vn 0.9350157773287087 1.5442307364191336e-7 -0.35460611408486276
vn 0.09325456676760045 -0.9209542191507146 0.37834760737380735
vn 0.23931589211764384 -1.8966505472081525e-7 0.9709417612709323
vn 0.09325505802026593 0.9209532150506364 0.37834993041037196
vn 0.2393157799336015 -4.6424995371536123e-7 0.9709417889217441
vn 0.09000936681899509 -0.9265738334734916 0.36518385096699135
vn 0.23931579378343762 -4.6424998058273196e-7 0.9709417855080643
vn 0.09000661985169245 0.9265797579756742 0.36516949556694095
vn 0.23931600449954796 -3.729463556264727e-7 0.970941733571193
vn -0.6956556157465671 0.7133921706932465 0.08446818971567067
vn -0.6956597337251058 -0.7133881214500936 0.08446847368942582
vn -0.7004879518150806 0.7085776727928381 0.0850547528442657
vn -0.7004874782030835 -0.708578212497025 0.08505415718943644
vn -0.659777997514168 -0.708577989017538 0.25022035783695995
vn -0.6597789408327789 0.7085767858030244 0.2502212777815497
vn -0.6552330307376688 -0.7133858856406035 0.2484959830643163
vn -0.6552271144697271 0.7133912981785673 0.2484960445294327
vn 0.5767199554834153 0.7133894161804311 -0.39808244601960446
vn 0.576720474930925 -0.7133886202984993 -0.3980831197426637
vn 0.5807237568114139 0.7085781027853095 -0.4008453449000114
vn 0.5807235271827967 -0.7085778154872789 -0.40084618543232653
vn 0.4679203660477639 -0.708576817605624 -0.5281755622798282
vn 0.46792003889400474 0.7085786518922561 -0.5281733913062886
vn 0.4646935290668514 -0.7133894298235162 -0.5245335503659168
vn 0.46469546041183146 0.7133879765461075 -0.524533815870899
vn -2.2130719452965992e-7 0.7133873726462827 -0.7007699027132834
vn -2.2130719452965992e-7 0.7133873726462827 -0.7007699027132834
vn 2.343250821746142e-8 -0.7133884651424504 -0.7007687905448546
vn 2.343250821746142e-8 -0.7133884651424504 -0.7007687905448546
vn -6.489534583232226e-8 0.708577988855473 -0.7056325061315764
vn -6.489534583232226e-8 0.708577988855473 -0.7056325061315764
vn -1.297905079252505e-7 -0.7085753717198594 -0.7056351341819979
vn -1.297905079252505e-7 -0.7085753717198594 -0.7056351341819979
vn -0.16886959750674432 -0.7085757163526425 -0.6851302892393898
vn -0.1688687697933443 0.7085783076823131 -0.6851278132367359
vn -0.16770503901680955 -0.713389076807027 -0.6804050594908801
vn -0.16770525428163566 0.7133879763828695 -0.680406160200425
vn 0.3256635333818748 0.7133904081667658 0.6204976942430068
vn 0.32566459395348674 -0.713385434010587 0.6205028563887814
vn 0.3279249330316449 0.7085778031219939 0.6248061581154589
vn 0.32792391920319425 -0.7085786912120143 0.6248056830524878
vn 0.46792100896703726 -0.7085783335717779 0.5281729589442384
vn 0.4679213637651524 0.7085774352170152 0.5281738498197697
vn 0.46469781071536265 -0.7133858106621609 0.5245346793704306
vn 0.4646953192568971 0.7133908038785935 0.5245300956114763
vn -0.5807244143300115 -0.7085778666453995 0.4008448097472629
vn -0.5807243271281535 0.7085773692578292 0.4008458153170709
vn -0.5767253872789138 -0.7133849554464222 0.3980825705939579
vn -0.576719291442703 0.7133905382909386 0.3980813971473565
vn 0.32792380047190134 -0.7085760148281613 -0.6248087805835524
vn 0.3279224843261755 0.7085786317590382 -0.6248065035575721
vn 0.3256624755045269 -0.7133877531504944 -0.620501301935099
vn 0.3256634171065857 0.7133867730310086 -0.6205019345843058
vn -0.3279248010660726 -0.7085764690480804 -0.624807740314676
vn -0.32792332476789937 0.7085791763228152 -0.624805444882523
vn -0.32566374399124765 -0.7133884398999903 -0.620499846629039
vn -0.32566360530137606 0.7133874492314801 -0.6205010583883898
vn 0.5807244155867067 -0.7085784046205718 0.4008438569403841
vn 0.5807240408009062 0.7085781452665135 0.40084485837607453
vn 0.5767234807351181 -0.7133864465582537 0.3980826605565203
vn 0.5767207200198299 0.7133899994563633 0.39808029312622184
vn -0.4679208247479871 -0.7085785042006667 0.5281728932384823
vn -0.4679204643131639 0.7085780086382967 0.5281738773842747
vn -0.46469914640658105 -0.7133845506541592 0.5245352097018449
vn -0.46469476301395624 0.7133903881469928 0.5245311538191854
vn 0.16886922204484964 -0.7085756444416704 -0.6851304561541828
vn 0.16886778677781947 0.7085783096172834 -0.6851280535262543
vn 0.16770471231527623 -0.7133867607895759 -0.6804075682981537
vn 0.1677042707339162 0.7133857073218065 -0.6804087816647953
vn -0.46792130860211956 -0.7085768458965481 -0.5281746892983227
vn -0.4679206137371162 0.7085786649138129 -0.528172864570719
vn -0.46469480860115686 -0.7133890553254674 -0.5245329261361684
vn -0.4646964215495073 0.7133877634380545 -0.524533254213623
vn 0.6597774799400736 -0.7085787841412005 0.25021947092283575
vn 0.6597775668478473 0.7085783918226031 0.2502203527421941
vn 0.6552319495578912 -0.7133868355726308 0.24849610683113954
vn 0.655228993090018 0.7133900748070263 0.24849460312261556
vn -0.32792338792371856 -0.7085779322986765 0.6248068225555501
vn -0.32792422045025876 0.7085769696436225 0.6248074773342193
vn -0.3256657281045513 -0.713385014741769 0.6205027431688103
vn -0.3256624496555462 0.7133909208569089 0.6204976735840999
vn -0.5807240961449641 -0.7085776632307663 -0.40084563029555553
vn -0.5807245039888818 0.7085777709844675 -0.40084484895474304
vn -0.5767215593526162 -0.7133880385243363 -0.3980825912650374
vn -0.5767223068168068 0.7133882430546331 -0.3980811418433744
vn 0.7004865725637669 -0.7085791544679914 0.08505376835445419
vn 0.7004859439556865 0.7085797182652277 0.0850542484752009
vn 0.6956608959403576 -0.7133870194463927 0.08446820907803561
vn 0.6956558588003325 0.713392056237304 0.0844671546477281
vn -0.168868819830623 -0.7085766611329113 0.685129503806943
vn -0.16886917011603322 0.7085757987794539 0.6851303093342034
vn -0.16770580055775722 -0.7133861629079634 0.6804079269311422
vn -0.16770381076307017 0.7133914935488563 0.6804028283213381
vn -0.6597776832754425 -0.7085780312073033 -0.25022106694295715
vn -0.6597784265252953 0.7085775248301756 -0.2502205411179259
vn -0.6552327745735634 -0.7133859908194501 -0.24849635656721636
vn -0.6552279579371645 0.7133907066425977 -0.2484955186989666
vn 0.7004864764665846 -0.7085790586378186 -0.08505535813440532
vn 0.7004856594659651 0.7085799107690461 -0.08505498772595599
vn 0.6956611968194876 -0.7133866051425467 -0.08446923015435953
vn 0.6956558065120034 0.7133919430112066 -0.08446854155737164
vn 9.47471220734797e-8 -0.7085774535330748 0.70563304368813
vn 1.5315280383514873e-7 0.7085765911302304 0.7056339096884721
vn 2.2521242230281853e-7 -0.7133859544825355 0.7007713464083637
vn 1.2757739362417967e-7 0.7133911231991159 0.7007660846107547
vn -0.7004870531223132 -0.7085785621859613 -0.08505474483233538
vn -0.7004878911415927 0.7085777909209355 -0.08505426842675967
vn -0.6956605559056066 -0.7133873339922057 -0.08446835298853435
vn -0.6956547777995429 0.713392941982919 -0.08446857672308879
vn 0.6597770163089689 -0.7085784958920884 -0.2502215096863976
vn 0.6597769761205091 0.7085786359537101 -0.25022121902679756
vn 0.655231404480777 -0.7133868857755873 -0.2484973999573392
vn 0.6552279748399598 0.7133906058365144 -0.24849576352794464
vn 0.16886889105896244 -0.7085787902268232 0.6851272842860718
vn 0.16886932820230824 0.7085779171779305 0.6851280794714859
vn 0.1677055238714382 -0.7133852366099881 0.6804089663209308
vn 0.16770409788921006 0.713390385659294 0.6804039191539465
vn 0.4647224612035234 -2.7303572441949737e-7 0.8854563987305446
vn 0.23931551282860863 6.552845157936666e-8 0.9709418547573154
vn 0.8229830836371699 -9.720088171796708e-7 -0.5680658800228284
vn 0.9350163115914522 3.0580015468806813e-7 -0.3546047053520622
vn -0.9927088341236127 0.000002326272968838239 0.12053700945156266
vn -0.9927088581918124 0.0000033528906319562715 -0.12053681120830394
vn 3.8771105437260115e-7 1.0921437976207104e-8 0.9999999999999247
vn 0.9927088109674309 0.0000031016914181599155 -0.12053720014173622
vn -0.9350164253919072 0.000002260737196005835 -0.3546044052775275
vn -0.23931552687634125 -3.1672169016400716e-7 0.9709418512948129
vn 0.992709003461624 0.0000019986255662297475 0.12053561482912416
vn -0.8229847089568553 -0.0000013433359911649198 -0.5680635253397244
vn -0.46472383036069287 -6.55286065831586e-7 0.8854556801412797
vn 0.9350165466918924 2.83957368893001e-7 0.3546040854421838
vn -0.6631228633943799 -0.0000018129598291752116 -0.748510566418639
vn 1.4743946508119035e-7 -0.0000013870230759480513 -0.9999999999990272
vn 1.4743946508119035e-7 -0.0000013870230759480513 -0.9999999999990272
vn 0.239314755041856 -0.000001354254920793354 -0.9709420415335935
vn -0.6631232078784525 -3.604065265726993e-7 0.7485102612341802
vn 0.8229843984929212 3.1672149744523204e-7 0.5680639751270488
vn -0.4647228397024187 -0.000001234122231249219 -0.8854562000784665
vn 0.46472090279483397 -0.0000015726860797678087 -0.8854572166418212
vn -0.8229833748685738 0.0000010047718774916783 0.5680654581022534
vn 0.6631231821029526 -2.8395712027201096e-7 0.7485102840693464
vn -0.23931544278759265 -0.0000013542600496730775 -0.9709418720199188
vn 0.6631203327778299 -0.0000015071598304449243 -0.7485128083435504
vn -0.9350160618330616 0.0000027740471884723696 0.35460536389978237
vn 0.23931610263584804 -4.368577974116875e-8 0.9709417093827962
vn 0.4647237847897426 -7.645014533250181e-8 0.8854557040590405
vn 0.9350158737553714 7.645016488509625e-7 -0.35460585982876086
vn 0.8229831307375877 6.552868706092317e-8 -0.5680658117871153
vn -0.9927089027478523 1.8566462861844646e-7 -0.12053644430262822
vn -0.9927088920495382 -4.587008539346735e-7 0.12053653241058479
vn 1.064838954789587e-7 2.1842851083419975e-8 0.9999999999999942
vn 0.9927087539144238 5.133089507897163e-7 -0.12053767005135162
vn -0.9350162175509975 6.552868835685715e-7 -0.3546049533159346
vn -0.23931524631731801 0 0.9709419204463682
vn 0.9927089464320379 -6.006807931338274e-7 0.12053608452837969
vn -0.8229836574688295 -1.0921441298506921e-8 -0.5680650486865289
vn -0.4647224857303439 0 0.885456385857943
vn 0.9350164032436733 -0.0000019112554924273266 0.35460446367976206
vn -0.6631228633954582 1.856645103109928e-7 -0.7485105664198562
vn 0.2393145726193062 7.644995798563844e-8 -0.970942086497456
vn -8.19106205085518e-9 1.0921416659925853e-8 -1
vn -8.19106205085518e-9 1.0921416659925853e-8 -1
vn -0.6631222927691699 -4.368578719716656e-7 0.7485110719504209
vn 0.8229836468653 -0.000001212282349460946 0.5680650640470871
vn -0.46472347754946164 3.276434125944892e-8 -0.8854558653113851
vn 0.464721729892446 2.1842863076113082e-8 -0.8854567825511148
vn -0.8229835526654902 -0.0000010812237371731953 0.5680652005192004
vn 0.6631226706469857 -4.805432475176669e-7 0.7485107371800208
vn -0.23931587787200873 2.1842852037030303e-8 -0.9709417647821879
vn 0.6631218814966033 -1.0921431798417206e-8 -0.7485114363056885
vn -0.9350163783734737 -0.000001245044986611176 0.35460452926013664
vn -4.947968886607664e-7 0.2651769196310979 -0.9641997725029381
vn -0.2307484862995702 0.2651738189645146 -0.9361826647648588
vn -0.44808779839401686 0.2651701194152514 -0.8537576545482356
vn -0.639385440438083 0.26516990967478554 -0.7217140552593284
vn -0.7935228559012869 0.26517036274644334 -0.5477281770031418
vn -0.9015442697316459 0.2651697861251541 -0.3419106816704818
vn -0.9571713088105726 0.26517082254308444 -0.11622185879463445
vn -0.9571712382752339 0.26517178970180927 0.1162202330276215
vn -0.9015442758071515 0.2651712902991599 0.3419094990789777
vn -0.7935216800637075 0.2651710734004946 0.5477295364507019
vn -0.6393841096256487 0.2651700753146158 0.7217151734000453
vn -0.44808671939950906 0.26516968640056754 0.8537583553395015
vn -0.23074799704729146 0.2651718973486432 0.9361833296503329
vn 1.2369885215690139e-7 0.26517411708507704 0.9642005432627253
vn 0.23074842533271547 0.26517220807369823 0.9361831360753041
vn 0.4480875512975847 0.2651711749976291 0.8537574563788659
vn 0.6393849508464422 0.265169993792119 0.7217144580950142
vn 0.7935221388705199 0.2651701336190316 0.5477293267288326
vn 0.9015442683352906 0.26516932114819325 0.3419110459660405
vn 0.9571724398958543 0.26516702396983094 0.11622121021052931
vn 0.9571723469236963 0.26516682262208674 -0.11622243529151269
vn 0.9015441671832635 0.26516889695585905 -0.3419116416635285
vn 0.793521177858855 0.26516973385259707 -0.5477309125273451
vn 0.6393824560046595 0.26516981852543103 -0.7217167327259634
vn 0.4480862266526137 0.2651713933544358 -0.8537580837864375
vn 0.23074782215165768 0.26517640644857 -0.9361820955536854
vn 0.23074782215165768 0.26517640644857 -0.9361820955536854
vn -6.082841160529914e-7 0.8235381927829795 -0.567260826276039
vn -0.13575590900918147 0.8235376327993386 -0.5507777233443202
vn -0.26362117316557704 0.8235364899818476 -0.502286299561498
vn -0.37616555366824006 0.8235361953049374 -0.4246028865376851
vn -0.46684948048349484 0.8235360391006109 -0.322242074960375
vn -0.5304035045744099 0.8235345304638347 -0.20115416841043846
vn -0.5631301542390081 0.8235345686606746 -0.06837575306808419
vn -0.5631276344801401 0.8235362732645685 0.06837597459859451
vn -0.5304012617746914 0.8235359091401454 0.20115443784448162
vn -0.4668497423412372 0.8235358035222473 0.3222422976471071
vn -0.37616541733383835 0.8235363309856619 0.4246027441606254
vn -0.26361935030990086 0.8235370445689746 0.502286346982261
vn -0.13575351986660675 0.8235379603570033 0.550777822442819
vn -1.5835555191104612e-7 0.8235388492805201 0.5672598731848496
vn 0.13575338913555027 0.8235378924406668 0.5507779562152036
vn 0.2636200121571534 0.8235368255067695 0.5022863587879873
vn 0.37616505015635915 0.8235364888926696 0.42460276318365797
vn 0.46685012126681985 0.8235357148501533 0.32224197529093374
vn 0.5304051381351229 0.8235336144187912 0.20115361135754684
vn 0.5631284255967748 0.8235357605964001 0.06837563384573989
vn 0.5631266166593106 0.8235369222734579 -0.0683765402912295
vn 0.530401809784966 0.8235354769281917 -0.20115476235348867
vn 0.4668496010094792 0.8235355120139696 -0.3222432473911269
vn 0.37616608351539743 0.8235352215516334 -0.42460430576783975
vn 0.26362109182269766 0.8235365412821816 -0.5022862581428945
vn 0.13575448279048394 0.8235382548872344 -0.5507771447142453
vn 0.13575448279048394 0.8235382548872344 -0.5507771447142453
vn 9.095160930827533e-12 0.9999999999996558 8.29500542624222e-7
vn 2.866809893820802e-8 -3.891450060989491e-9 0.9999999999999996
vn -0.0000015074116152278538 0.9999999999987326 5.12411789787352e-7
vn 0.2393159621584162 -5.554569621340813e-7 0.9709417440072722
vn -7.53705523397544e-7 0.9999999999996989 1.8362152005352905e-7
vn 0.46472357101329387 -5.515651460797088e-7 0.8854558162575635
vn -7.537056490034544e-7 0.999999999999704 1.5522248020256436e-7
vn 0.663122578082405 0 0.7485108191852302
vn 0.0000015074123211871717 0.9999999999988571 1.1780254283153405e-7
vn 0.822983327768991 0 0.5680655263385356
vn 0.000001130557961914021 0.9999999999993583 7.353619935197287e-8
vn 0.9350161582633898 0 0.35460510964504094
vn -1.884265969920273e-7 0.999999999999982 2.4996241521079815e-8
vn 0.9927089161206423 0 0.12053633416766732
vn 5.652794925480525e-7 0.9999999999998399 -2.4996245073789943e-8
vn 0.9927089437321449 3.447277178509984e-8 -0.12053610676559863
vn 0 0.9999999999999973 -7.353614961402835e-8
vn 0.9350164526518089 3.4472783716042975e-8 -0.3546043334061588
vn 3.7685316556232255e-7 0.9999999999999221 -1.1780251440995007e-7
vn 0.8229835719002749 0 -0.5680651726538647
vn 7.537057058468733e-7 0.999999999999704 -1.5522248020256436e-7
vn 0.6631224187285258 0 -0.7485109603603874
vn 7.53705535316613e-7 0.9999999999996991 -1.836214096328506e-7
vn 0.4647236656381289 0 -0.8854557665947298
vn 0.0000022611152417026354 0.999999999997421 2.1340021305549715e-7
vn 0.23931541469232365 0 -0.970941878945718
vn -4.252450196417683e-7 3.891006183920002e-9 -0.9999999999999096
vn -3.13626186652866e-13 0.9999999999998066 6.221250714587475e-7
vn -0.23931583572878454 3.891010836312324e-9 -0.9709417751695687
vn -0.0000015074102509858831 0.9999999999988409 2.1340159001757878e-7
vn -0.4647236890040997 0 -0.8854557543313052
vn -0.0000015074103646727367 0.9999999999988469 -1.8362140636652811e-7
vn -0.6631232116880121 0 -0.7485102578592868
vn -0.0000015074102748240849 0.9999999999988518 -1.552222954613208e-7
vn -0.8229843427616909 0 -0.5680640558679169
vn 0 0.9999999999999929 -1.1780228695241908e-7
vn -0.9350167371583165 0 -0.35460358322190694
vn -3.768524550195884e-7 0.9999999999999263 -7.35359506620571e-8
vn -0.9927090114616908 -4.9313826446857416e-14 -0.12053554895860734
vn -5.652790946441205e-7 0.9999999999998399 -2.4996090530744915e-8
vn -0.9927088225364987 -3.447286763938706e-8 0.12053710490217233
vn 1.372114987204159e-13 0.9999999999999998 2.4996411764882245e-8
vn -0.9350159776775016 -3.4472815759146924e-8 0.35460558581018586
vn -5.652786967401872e-7 0.9999999999998377 7.353636277683734e-8
vn -0.8229830365375206 0 0.568065948259075
vn -7.537055353166205e-7 0.9999999999997091 1.1780267072932686e-7
vn -0.6631212478899157 0 0.7485119976305797
vn 7.537054665541255e-7 0.9999999999997038 1.5522271682823468e-7
vn -0.4647216586336214 0 0.8854568199504795
vn 7.537061037508016e-7 0.9999999999996991 1.8362172227165434e-7
vn -0.23931493746484114 0 0.9709419965714735
vn -0.23931493746484114 0 0.9709419965714735
vn 0.0000015074216435076773 0.9999999999987326 5.124122139925802e-7
vn -2.955263161510255e-7 0.8543051374026088 0.5197718078228387
vn -1.0022969165889313e-7 0.3858448557664841 0.9225636819637608
vn 0.220783015382357 0.38584438885103955 0.8957560871748749
vn 0.12438816614861206 0.8543052699208447 0.5046682969116031
vn 0.42873530885396655 0.3858436551753598 0.8168908793118037
vn 0.2415465740768857 0.8543061782870607 0.46023494683941224
vn 0.6117728905898886 0.3858434530987588 0.6905496072260978
vn 0.3446693028565031 0.8543070322183671 0.3890534235431662
vn 0.7592560595668368 0.38584279743430494 0.5240759216746269
vn 0.4277628948613527 0.8543060999643832 0.29526258371741054
vn 0.862612200938496 0.385844147093793 0.32714596886635705
vn 0.4859960146976827 0.85430480241214 0.1843127186971215
vn 0.9158366296013879 0.3858460474769162 0.11120294747357941
vn 0.5159823710021992 0.8543049983715111 0.0626511178862873
vn 0.9158362591017628 0.3858469016307655 -0.11120303510438499
vn 0.5159793698617721 0.8543067909756717 -0.0626513908057779
vn 0.8626118157275239 0.3858451182325636 -0.3271458391961659
vn 0.4859936491979925 0.8543061465618491 -0.1843127257838238
vn 0.7592558774011965 0.38584261740496106 -0.524076318131079
vn 0.42776299841568316 0.854306068529143 -0.2952625246466324
vn 0.6117738017784851 0.3858419737794543 -0.6905496265493696
vn 0.3446709936898807 0.8543063116480016 -0.3890535078716266
vn 0.4287373344265344 0.38584052504447897 -0.8168912946666961
vn 0.24154947290547757 0.8543075178956802 -0.4602309387753155
vn 0.22078401857874252 0.3858414170396323 -0.8957571200035588
vn 0.12438873279484791 0.8543109435573386 -0.504658552758062
vn -5.512626723314939e-7 0.3858412897730898 -0.9225651733649687
vn -2.6282548891146205e-7 0.8543121030484865 -0.5197603588047122
vn -0.2207835179673579 0.3858437223533686 -0.8957562503909499
vn -0.12438724311230948 0.8543119513807644 -0.5046572138381749
vn -0.42873567261182516 0.38584461436645073 -0.8168902353403981
vn -0.24154786814712426 0.8543087857459087 -0.4602294275586152
vn -0.611772621811692 0.38584394059047616 -0.6905495729571205
vn -0.3446710684791128 0.8543062754162818 -0.3890535211739213
vn -0.7592560094362405 0.38584313007442567 -0.5240757494001466
vn -0.4277618751139148 0.8543065637980122 -0.29526271903283136
vn -0.8626116939577649 0.38584586528650155 -0.3271452791782669
vn -0.48599462502370255 0.8543057230966654 -0.18431211553328292
vn -0.9158377101005032 0.3858436413880418 -0.1112023972685985
vn -0.5159817614297768 0.8543053726866368 -0.0626510340742398
vn -0.9158383968757312 0.38584162794281807 0.11120372725105226
vn -0.515982689017018 0.8543047334480969 0.06265211124090986
vn -0.8626113217605504 0.38584454118503914 0.3271478222581082
vn -0.4859953416119953 0.8543048909741172 0.18431408299189128
vn -0.759255304701743 0.3858425388868242 0.5240772056363767
vn -0.4277628978086256 0.8543058672619765 0.29526325274258114
vn -0.6117741648071927 0.3858424540228959 0.6905490365991768
vn -0.3446711028991157 0.8543065848849514 0.38905281113046647
vn -0.4287358640498427 0.38584370781855803 0.8168905630586402
vn -0.24154759304775192 0.8543059003951694 0.46023492788231146
vn -0.2207825814275319 0.3858431302099985 0.8957567362894601
vn -0.2207825814275319 0.3858431302099985 0.8957567362894601
vn -0.12438757213183384 0.8543048238904463 0.5046691983633058
vn -0.12438757213183384 0.8543048238904463 0.5046691983633058
vn 1.4494297317923976e-8 0.9999999999999938 1.1166349622726488e-7
vn -3.097760492131459e-13 -0.9999999999999576 -2.916957839715782e-7
vn 4.586902377922769e-7 0 0.9999999999998948
vn 4.586902377922769e-7 0 0.9999999999998948
vn -3.807513238029537e-8 -0.9999999999998865 -4.749789468405113e-7
vn 0.23931552727219474 0 0.9709418511972957
vn -2.417845621493189e-7 -0.999999999999643 -8.097284762695218e-7
vn 0.464723263773071 0 0.8854559775099522
vn -2.5414029019453553e-7 -0.9999999999997162 -7.09191041530469e-7
vn 0.6631226706470623 0 0.7485107371801073
vn 9.868339034823472e-9 -0.9999999999999258 -3.8541455182891565e-7
vn 0.8229837881657524 0 0.5680648593394492
vn 1.0123273490024335e-7 -0.9999999999999492 -3.020049528387787e-7
vn 0.9350161756396629 -4.93088535975698e-8 0.3546050638276003
vn 3.039780338553801e-8 -0.9999999999999312 -3.702719197917504e-7
vn 0.9927088519312233 -4.930884866031916e-8 0.1205368628154489
vn -3.6477462828085526e-8 -0.9999999999999214 -3.9493738768211723e-7
vn 0.9927088269941142 4.9308850382290474e-8 -0.12053706819052509
vn -1.0731214601519405e-7 -0.9999999999999407 -3.266699390302345e-7
vn 0.9350161954022647 4.930883332348537e-8 -0.3546050117179273
vn 8.131406303845323e-8 -0.9999999999998881 -4.66194251202926e-7
vn 0.8229842293277181 0 -0.5680642202056576
vn 3.453229169279975e-7 -0.9999999999996285 -7.899715228629041e-7
vn 0.6631228633954696 0 -0.748510566419869
vn 2.2234041807672504e-7 -0.9999999999997395 -6.868185096207556e-7
vn 0.4647230523183588 0 -0.885456088489942
vn 1.336320387679165e-8 -0.9999999999999143 -4.140651981287747e-7
vn 0.239315218221827 0 -0.9709419273712715
vn -4.204660513095943e-7 0 -0.9999999999999116
vn -3.48629301425885e-13 -0.9999999999999136 -4.156875661464806e-7
vn -0.23931608878599558 0 -0.9709417127964857
vn -1.3363784745478134e-8 -0.9999999999999143 -4.140642033689446e-7
vn -0.46472361890618424 0 -0.885455791121578
vn -2.2234053080523635e-7 -0.9999999999997393 -6.868175842201529e-7
vn -0.6631233042526284 0 -0.7485101758540602
vn -3.453228806674262e-7 -0.9999999999996283 -7.89970944671234e-7
vn -0.8229845676581299 0 -0.5680637300484523
vn -8.131421225242774e-8 -0.9999999999998881 -4.661948196371146e-7
vn -0.9350165466919301 0 -0.3546040854421981
vn 1.0731198329948987e-7 -0.9999999999999409 -3.2667048799337755e-7
vn -0.9927089285763641 0 -0.120536231585226
vn 3.647703157121721e-8 -0.9999999999999212 -3.949372691136656e-7
vn -0.9927088109466896 -4.930882826891771e-8 0.1205372003524525
vn -3.039810181348703e-8 -0.9999999999999312 -3.7027186294833155e-7
vn -0.935015881250648 -4.9308836025654506e-8 0.3546058400662231
vn -1.012325228089088e-7 -0.9999999999999494 -3.02005076946428e-7
vn -0.8229829337060977 0 0.5680660972356166
vn -9.867912409177008e-9 -0.9999999999999256 -3.8541534218761474e-7
vn -0.6631211257401578 0 0.7485121058453935
vn 2.5414043230309116e-7 -0.9999999999997162 -7.091930310502477e-7
vn -0.4647218712493378 0 0.8854567083615742
vn 2.417837379197454e-7 -0.999999999999643 -8.097294426076424e-7
vn -0.23931439019653533 0 0.970942131460398
vn 3.8074528418969975e-8 -0.9999999999998865 -4.749794300095716e-7
vn 1.5191263503208924e-13 -0.9999999999999265 -3.832827530913792e-7
vn 4.586902946356958e-7 0 0.9999999999998948
vn 4.586902946356958e-7 0 0.9999999999998948
vn -2.2142022869363996e-8 -0.9999999999999267 -3.819353594558242e-7
vn 0.23931549917670975 0 0.970941858122206
vn 3.321303608040272e-8 -0.9999999999999201 -3.9804660431068195e-7
vn 0.46472324040708873 0 0.8854559897733684
vn 4.4284050204620155e-8 -0.9999999999999181 -4.024560098514155e-7
vn 0.6631225446878023 0 0.7485108487702592
vn 5.535510272380547e-9 -0.9999999999999432 -3.3753082107066705e-7
vn 0.8229837324344362 0 0.5680649400801675
vn -1.1071009886620124e-8 -0.9999999999999492 -3.1905926789475615e-7
vn 0.9350161657583613 -4.9308835312903704e-8 0.3546050898824356
vn -1.1071007881968097e-8 -0.9999999999999258 -3.847433960932102e-7
vn 0.992708851956741 -4.930885162220937e-8 0.120536862605292
vn 1.2251027151293902e-15 -0.9999999999999363 -3.57164765318862e-7
vn 0.9927088243195448 4.930885380215545e-8 -0.12053709021751347
vn -5.5355044992208454e-9 -0.999999999999948 -3.22421527698663e-7
vn 0.9350162151648647 4.93088556819641e-8 -0.35460495960825106
vn -3.321302344261087e-8 -0.9999999999999323 -3.6637277389670335e-7
vn 0.8229842293277181 0 -0.5680642202056576
vn -2.214199490424394e-8 -0.9999999999999241 -3.8904715893292407e-7
vn 0.6631228633954696 0 -0.748510566419869
vn 0 -0.9999999999999274 -3.8081824410007723e-7
vn 0.4647231224163213 0 -0.8854560516997017
vn -4.428398625577449e-8 -0.9999999999999307 -3.697334420848818e-7
vn 0.23931523266545024 0 -0.970941923811245
vn -4.204660513095943e-7 0 -0.9999999999999116
vn 1.960163666580657e-14 -0.9999999999999314 -3.707158100496345e-7
vn -0.23931610283373356 0 -0.9709417093340227
vn 2.2142010891455657e-8 -0.9999999999999314 -3.6973361261513866e-7
vn -0.46472361890618424 0 -0.885455791121578
vn 1.1070997452122006e-8 -0.9999999999999274 -3.808183919317977e-7
vn -0.6631233042526284 0 -0.7485101758540602
vn 4.428401112476992e-8 -0.9999999999999234 -3.890472441980521e-7
vn -0.8229845868923327 0 -0.5680637021828243
vn 1.6606501063164406e-8 -0.9999999999999327 -3.663726886315752e-7
vn -0.9350165763357624 0 -0.3546040072776242
vn 8.30325319611759e-9 -0.999999999999948 -3.224213571684064e-7
vn -0.9927089321424316 0 -0.12053620221590244
vn 8.303254084295911e-9 -0.9999999999999363 -3.5716462321031483e-7
vn -0.992708807380593 -4.930884230264009e-8 0.12053722972176882
vn 2.2142005562385016e-8 -0.9999999999999258 -3.8474323105216956e-7
vn -0.9350158713693277 -4.930881774098738e-8 0.354605866121042
vn 3.87485053824274e-8 -0.9999999999999483 -3.190591448036157e-7
vn -0.8229829058404085 0 0.568066137605893
vn 7.350617984842286e-15 -0.9999999999999432 -3.3753062211870104e-7
vn -0.6631211257401578 0 0.7485121058453935
vn -4.428403599376544e-8 -0.9999999999999181 -4.0245595300799663e-7
vn -0.4647218011512712 0 0.8854567451517428
vn -4.428404218601379e-8 -0.9999999999999196 -3.980465758889706e-7
vn -0.23931437614878417 0 0.9709421349228378
vn 1.519127118494283e-13 -0.999999999999927 -3.819353594558243e-7
vn 6.386999817919582e-10 -0.9999999999999323 -3.6817908721784314e-7
vn -0.2393156535039567 0 -0.9709418200839708
vn -0.19158997572860068 0.599233656445122 -0.7773109456219717
vn -4.204660797313037e-7 0 -0.9999999999999116
vn -4.204660797313037e-7 0 -0.9999999999999116
vn -3.197086122176076e-7 0.5992312906067141 -0.8005759553956824
vn -3.197086122176076e-7 0.5992312906067141 -0.8005759553956824
vn -0.46472319367512127 0 -0.8854560143001997
vn -0.37204534142032675 0.5992340498130108 -0.70887292053804
vn -0.6631226706470623 0 -0.7485107371801073
vn -0.5308796846943439 0.5992320870262939 -0.5992392395837794
vn -0.8229837324344329 8.907639390537652e-8 -0.5680649400801653
vn -0.6588603842880394 0.5992325534080887 -0.45477834265918954
vn -0.9350160321927194 1.558836722733055e-7 -0.3546054420656271
vn -0.7485500164299217 0.599233344204596 -0.2838877808151313
vn -0.992708868004121 6.680728190032138e-8 -0.12053673044334813
vn -0.7947365101697456 0.5992344660180927 -0.09649836340179589
vn -0.9927088029229681 -8.907638186970163e-8 0.12053726643341345
vn -0.7947363303850102 0.599234584495396 0.09649910834198364
vn -0.935016222659817 -1.7815276444231416e-7 0.3546049398456481
vn -0.7485500617908558 0.5992330466685529 0.28388828924989074
vn -0.8229840793966466 -8.907639209690626e-8 0.568064437418543
vn -0.6588601105868841 0.5992327597371913 0.45477846731698796
vn -0.6631228633954696 0 0.748510566419869
vn -0.5308790242156174 0.5992335716932213 0.599238340064835
vn -0.46472357101336453 0 0.8854558162576982
vn -0.3720454268775444 0.5992338646374213 0.7088730322217134
vn -0.2393154008425076 0 0.9709418823593869
vn -0.19158954041255816 0.5992333484684782 0.7773112903385362
vn 5.644855262790079e-7 0.5992318631769648 0.8005755268262605
vn 7.835959081601101e-7 0 0.9999999999996931
vn 0.1915907003845959 0.59923036098444 0.7773133074897135
vn 0.23931597640408636 0 0.9709417404961838
vn 0.37204625140775677 0.5992313336370397 0.7088747390061315
vn 0.4647238069948262 0 0.8854556924048971
vn 0.5308802834083532 0.5992316728047764 0.599239123385528
vn 0.6631234006267435 0 0.7485100904738848
vn 0.6588611416268373 0.5992313453793917 0.4547788372043985
vn 0.8229843706272972 -2.672289182897453e-7 0.5680640154974788
vn 0.7485504955648374 0.5992329288114736 0.28388739425634946
vn 0.9350165194343949 -3.1176716893816807e-7 0.3546041573144523
vn 0.7947376221984799 0.5992330347427819 0.09649809290997582
vn 0.992708960670941 -4.453787647239008e-8 0.12053596726130249
vn 0.7947379943352203 0.5992323753687173 -0.09649912263847835
vn 0.9927087806603547 4.4538483932728e-8 -0.12053744978150961
vn 0.7485497948004248 0.5992334768539879 -0.28388808520563713
vn 0.935015957914864 1.3361453190194966e-7 -0.3546056379198328
vn 0.6588585206755603 0.599234565533546 -0.45477839131057485
vn 0.8229828952373348 2.6722899926894007e-7 -0.5680661529669786
vn 0.530877826785535 0.599234280924563 -0.5992386916682613
vn 0.6631214368290637 1.7815261306655386e-7 -0.7485118302456726
vn 0.37204433194969927 0.5992349500166152 -0.7088726893756642
vn 0.46472191798137724 0 -0.8854566838347937
vn 0.19158908648188203 0.5992336845282653 -0.7773111431516451
vn 0.23931450257853892 0 -0.9709421037608713
vn -0.2393156675516985 0 -0.9709418166215136
vn -3.807516307146136e-8 -0.9999999999998863 -4.7497906041659766e-7
vn -4.1568802089383147e-7 0 -0.9999999999999136
vn -4.1568802089383147e-7 0 -0.9999999999999136
vn -3.234269948214215e-13 -0.9999999999999576 -2.916958692367065e-7
vn -0.46472319367512127 0 -0.8854560143001997
vn -2.4178429234369144e-7 -0.9999999999996427 -8.097281834725692e-7
vn -0.6631227040416555 0 -0.7485107075950769
vn -2.5414065967678015e-7 -0.9999999999997162 -7.091916668081138e-7
vn -0.822983760300091 8.907638981601441e-8 -0.5680648997098081
vn 9.868646044595406e-9 -0.9999999999999256 -3.854143474277254e-7
vn -0.9350160321927194 1.558836722733055e-7 -0.3546054420656271
vn 1.0123267912831067e-7 -0.9999999999999494 -3.020049632595903e-7
vn -0.9927088671126002 6.680728184032385e-8 -0.1205367377856785
vn 3.0397760752973864e-8 -0.9999999999999312 -3.702720050568787e-7
vn -0.9927088029484831 -8.907637300949843e-8 0.12053726622328083
vn -3.647744861723081e-8 -0.9999999999999214 -3.9493733083869837e-7
vn -0.9350162645713412 -1.7815276957378266e-7 0.35460482933404064
vn -1.0731211830260966e-7 -0.9999999999999409 -3.2666994798089837e-7
vn -0.8229840793966466 -8.907639209690626e-8 0.568064437418543
vn 8.131404882759852e-8 -0.9999999999998881 -4.6619419435950713e-7
vn -0.6631227966063064 0 0.7485106255899321
vn 3.453228806674262e-7 -0.9999999999996283 -7.899714562620343e-7
vn -0.4647235464865207 0 0.8854558291303924
vn 2.2234014711213617e-7 -0.9999999999997393 -6.868180958109532e-7
vn -0.2393154008425076 0 0.9709418823593869
vn 1.3363165685119603e-8 -0.9999999999999143 -4.1406516970706525e-7
vn -3.589549718660929e-13 -0.9999999999999136 -4.1568759456819e-7
vn 7.835960218469478e-7 0 0.9999999999996931
vn -1.3363786430200294e-8 -0.9999999999999141 -4.1406419962738463e-7
vn 0.23931597640408636 0 0.9709417404961838
vn -2.2234030438988732e-7 -0.9999999999997395 -6.868171453787029e-7
vn 0.46472373689692065 0 0.8854557291951765
vn -3.453228806674262e-7 -0.9999999999996283 -7.899708309843895e-7
vn 0.6631233338376651 0 0.7485101496439581
vn -8.131404656886601e-8 -0.9999999999998879 -4.661947053159372e-7
vn 0.8229844177271527 -2.6722914160301615e-7 0.5680639472614224
vn 1.0731201101206621e-7 -0.9999999999999407 -3.2667045062103475e-7
vn 0.9350165194343949 -3.1176716893816807e-7 0.3546041573144523
vn 3.647700808073464e-8 -0.9999999999999214 -3.949372739952795e-7
vn 0.9927089615624561 -4.4537872959674284e-8 0.12053595991897091
vn -3.0398116024341744e-8 -0.9999999999999312 -3.7027186294833155e-7
vn 0.9927087806603547 4.4538483932728e-8 -0.12053744978150961
vn -1.0123248728177202e-7 -0.9999999999999494 -3.0200510536813743e-7
vn 0.9350159480335484 1.3361454470075598e-7 -0.3546056639746565
vn -9.868306172221943e-9 -0.9999999999999258 -3.854150634196854e-7
vn 0.8229829337060682 2.6722897305185e-7 -0.5680660972355963
vn 2.541399055643712e-7 -0.9999999999997162 -7.091921361277661e-7
vn 0.6631214072440447 1.78152661961733e-7 -0.748511856455625
vn 2.4178380917460233e-7 -0.9999999999996427 -8.097294340278587e-7
vn 0.46472191798137724 0 -0.8854566838347937
vn 3.807454618253837e-8 -0.9999999999998865 -4.7497948685299047e-7
vn 0.23931448853078902 0 -0.9709421072233128
vn -6.480389060923234e-7 5.337606694409199e-7 -0.9999999999996476
vn -0.38268275098741183 7.116812731694029e-7 -0.9238798147465934
vn -0.7071056188949476 5.337613381999151e-7 -0.7071079434760357
vn -0.9238790094631378 2.1128124204606917e-7 -0.3826846951125255
vn -0.9999999999997773 -5.559773974538201e-9 -6.673834036517624e-7
vn -0.9238796533908813 -2.613205736661654e-7 0.38268314053571334
vn -0.707106065930318 -5.782411661862434e-7 0.7071074964418171
vn -0.3826824035860132 -3.558405039853151e-7 0.9238799586447933
vn -3.481999820629028e-7 -5.33759223326638e-7 0.9999999999997968
vn 0.3826840555501953 -7.116794970704455e-7 0.9238792743790438
vn 0.7071079136738855 -2.6687988454030593e-7 0.7071056486973453
vn 0.9238799989837545 -1.2787970993894026e-7 0.38268230619896887
vn 0.9999999999997642 -1.3836224725792685e-14 -6.867277716130168e-7
vn 0.9999999999997642 -1.3836224725792685e-14 -6.867277716130168e-7
vn 0.9238793550574581 1.278801805200263e-7 -0.38268386077622685
vn 0.7071066321749208 8.896031066705157e-8 -0.7071069301981372
vn 0.3826828694479555 1.779198344202732e-7 -0.9238797656789802
vn 0.0004540032472822818 0.4194642250207649 -0.9077717542470577
vn -0.34719447039008455 0.41816580574675405 -0.8394005948501089
vn -0.642431872945187 0.4169538345444911 -0.6429858384776328
vn -0.8400351778862263 0.41601787896596365 -0.34823845895351235
vn -0.840316358265234 0.4155077945982553 0.3481690547132946
vn -0.6428284838406039 0.41601578652295057 0.6431970193703336
vn -0.3474703976246874 0.4169521866720523 0.8398899908940072
vn 0.0004560212381423523 0.4181642977028181 0.9083712964263783
vn 0.34780852496160125 0.41946382513053987 0.83849825841852
vn 0.641774448751922 0.42065216332921 0.6412310928328587
vn 0.837873155162323 0.421556291108258 0.34678360584863777
vn 0.9065754824491078 0.4220437023271636 -0.00008915238686126381
vn 0.9065754824491078 0.4220437023271636 -0.00008915238686126381
vn 0.8376012662248253 0.42204136753542276 -0.34685040421974384
vn 0.6413858039687165 0.42155531724619183 -0.6410268051874788
vn 0.34753172515573544 0.4206530321761358 -0.8380171397598627
vn 0.00030028540907808403 0.5927671246731145 -0.8053738546386028
vn -0.30902560432524917 0.5888355162287828 -0.7468439667688275
vn -0.573220307112099 0.5851671639733741 -0.573583358999953
vn -0.751000217989588 0.5823363603188244 -0.3112603990716061
vn -0.814048469445887 0.5807969402079044 -0.00006031537567347455
vn -0.7520616568573337 0.5807944472876794 0.3115783597825767
vn -0.5747233122900521 0.5823339314770076 0.5749611348264186
vn -0.31008867287473213 0.5851662916952356 0.7492832748823597
vn 0.00029940370410039567 0.5888348187035062 0.8082533431046425
vn 0.3084771181975323 0.5927670280371486 0.743955051075367
vn 0.5677828010768934 0.5963648992613426 0.5674254116007544
vn 0.73979251685283 0.5990971254629104 0.30625098574638554
vn 0.799573568714211 0.6005681515972916 -0.00005916615321511191
vn 0.799573568714211 0.6005681515972916 -0.00005916615321511191
vn 0.7387332077119213 0.6005660693905298 -0.30593078321814005
vn 0.5662827051368625 0.5990966127084392 -0.5660451806209038
vn 0.30741769630571336 0.5963652259547313 -0.7415139090199525
vn -0.00040765160766354034 0.60348920224527 -0.7973710658116046
vn -0.00040765160766354034 0.60348920224527 -0.7973710658116046
vn -0.3069300715770369 0.59853060305748 -0.7399696266505568
vn -0.3069300715770369 0.59853060305748 -0.7399696266505568
vn -0.5691328802568005 0.5938757822681251 -0.5686820903158643
vn -0.5691328802568005 0.5938757822681251 -0.5686820903158643
vn -0.7458434509017229 0.5902643647872643 -0.3087159315767433
vn -0.7458434509017229 0.5902643647872643 -0.3087159315767433
vn -0.8086485002357324 0.5882921026573228 0.00007083450096086049
vn -0.8086485002357324 0.5882921026573228 0.00007083450096086049
vn -0.7471214374101239 0.5882915006692363 0.30939080141880115
vn -0.7471214374101239 0.5882915006692363 0.30939080141880115
vn -0.5709315171292996 0.5902636267680355 0.5706365337612739
vn -0.5709315171292996 0.5902636267680355 0.5706365337612739
vn -0.30818642594297485 0.593876627408074 0.7431902033012188
vn -0.30818642594297485 0.593876627408074 0.7431902033012188
vn -0.0003926708136273058 0.5985314589177245 0.8010992064004636
vn -0.0003926708136273058 0.5985314589177245 0.8010992064004636
vn 0.3047659396891263 0.6034893989099664 0.7368298768431497
vn 0.3047659396891263 0.6034893989099664 0.7368298768431497
vn 0.5611494989879569 0.6079978524912236 0.5616492242954009
vn 0.5611494989879569 0.6079978524912236 0.5616492242954009
vn 0.7309897506220085 0.6114046543712512 0.30304840058766913
vn 0.7309897506220085 0.6114046543712512 0.30304840058766913
vn 0.7899009511357796 0.6132344412761745 0.00008618287962450756
vn 0.7899009511357796 0.6132344412761745 0.00008618287962450756
vn 0.7899009511357796 0.6132344412761745 0.00008618287962450756
vn 0.7297403593595627 0.6132339055242151 -0.3023626713688288
vn 0.7297403593595627 0.6132339055242151 -0.3023626713688288
vn 0.5593751563581814 0.6114048246631167 -0.559717406222036
vn 0.5593751563581814 0.6114048246631167 -0.559717406222036
vn 0.3034976113781689 0.6079989053660788 -0.733639237610282
vn 0.3034976113781689 0.6079989053660788 -0.733639237610282
vn 0.007563746353229216 0.595044039227913 0.8036575023730157
vn 0.007563746353229216 0.595044039227913 0.8036575023730157
vn 0.3173883140581886 0.5865747709219533 0.745113881374625
vn 0.3173883140581886 0.5865747709219533 0.745113881374625
vn -0.5603825636785043 0.6018896303585967 -0.568946618930018
vn -0.5603825636785043 0.6018896303585967 -0.568946618930018
vn -0.7932659661245656 0.6088738194016357 -0.0013338049797302525
vn -0.7932659661245656 0.6088738194016357 -0.0013338049797302525
vn -0.7323768279743076 0.6088667528524027 0.30480396834238055
vn -0.7323768279743076 0.6088667528524027 0.30480396834238055
vn -0.5594375886358648 0.6065427234895938 0.5649207988763694
vn -0.5594375886358648 0.6065427234895938 0.5649207988763694
vn -0.0033303406553367 0.11228284356214065 0.9936707059548044
vn 0.000004899746727401481 0.9999999999879963 0
vn 0.000004846012416180598 0.9999999999882581 0
vn 0.3767167682689897 0.12265252500633421 0.9181725516560265
vn -0.000004857673957246319 0.9999999999882017 0
vn 0.6989000962148084 0.1322233066950668 0.702890925163751
vn 0 1 0
vn 0.9243700100230006 0.11086961142358467 0.3650315244370835
vn -0.08143195508605801 0.03038474358131405 -0.9962156413389422
vn -7.355632760661877e-7 0.9999999999997295 0
vn 0.9838314646129934 0.08209877455926921 0.15917110432901627
vn -0.0000014704710338248805 0.9999999999989189 0
vn 0.000009716969543201789 0.9999999999527902 0
vn 0.3219411239290753 0.05717478082297246 0.9450317228332226
vn 0.8495589204282333 0.07818693400367131 -0.5216669857983353
vn 8.951371199827918e-9 1 0
vn 0.7153229604914855 0.10892052783226312 -0.690253128070013
vn -0.000004871114924695993 0.9999999999881362 0
vn 0.3767161845932262 0.13222334859773582 -0.9168434448427518
vn -0.0033309511674560195 0.12265320404130967 -0.9924440015954152
vn 0 1 0
vn -0.3833383664549735 0.1122828064559719 -0.916757475114331
vn 0.000004867907881780225 0.9999999999881517 0
vn -0.70536264665977 0.10269311365420468 -0.7013684203791392
vn 1.3523857589348154e-8 1 0
vn -0.9203911722301684 0.09534935962568199 -0.3791946593766176
vn -0.0000024496480364104345 0.9999999999969997 0
vn -0.9958163346204126 0.09137497899477112 0.0006640157162445064
vn -1.7494816262342283e-8 1 0
vn -0.9202678190439332 0.09137505871667419 0.38047041918741453
vn -1.749048654688206e-8 0.9999999999999998 0
vn -0.7052193279733531 0.09535006427909869 0.7025482650286626
vn 0.000002440580601607515 0.9999999999970219 0
vn -0.3832681092499102 0.10269355595499556 0.917910447700274
vn -0.0000048882197915516255 0.9999999999880527 0
vn 2.1008983708270074e-7 0.999999999999978 0
vn 0.1041938788044936 0.9945566429933296 0.0008482319926488284
vn 0.09593345024868773 0.994557121524563 -0.04065593619827486
vn -0.0961228756196079 0.9945853332880981 0.03950199477014494
vn -0.05834176915918933 0.9967981877102803 0.054677334873570696
vn 0.07026711546579158 0.994795563563922 -0.07378563002140971
vn -0.032372176867254014 0.9973709651084266 0.06483209177221386
vn 0.033559220422962485 0.9952578739888406 -0.09129919489139185
vn -0.005486561598603635 0.9966488152452648 0.08161517452064242
vn -0.0050159430717550526 0.9959031686078301 -0.09028687098346524
vn -0.036309667861699674 0.9966486351673237 -0.07330147364742365
vn 0.029919526409392102 0.9959033398211408 0.08533088346276098
vn -0.054718044985936645 0.9973708550777589 -0.04751118809687792
vn 0.06594900486341243 0.995257689897609 0.07150426181144923
vn -0.07401227528585354 0.9968698459250439 -0.027797363047427148
vn 0.09316234896022187 0.9947949498799339 0.041276923693438605
vn 0.5252961067902007 0.7477010698557108 0.40621067234587016
vn 0.3049751323974575 0.7413522252642365 -0.5978185734107951
vn 0.7305679359459595 0.14478109852618595 0.667314711719449
vn 0.41914462417279513 0.13386125662695514 -0.8979971870787229
vn 0.5823480863032398 0.5776827713281788 0.5719731830160829
vn 0.5823480863032398 0.5776827713281788 0.5719731830160829
vn 0.7580115241640649 0.5814053448889802 0.2956118302250388
vn 0.7580115241640649 0.5814053448889802 0.2956118302250388
vn -0.7330323445551287 0.6065479506915765 -0.3078362638609363
vn -0.7330323445551287 0.6065479506915765 -0.3078362638609363
vn 0.589445366953686 0.8077480990321362 -0.009857377278208556
vn 0.589445366953686 0.8077480990321362 -0.009857377278208556
vn 0.589445366953686 0.8077480990321362 -0.009857377278208556
vn 0.5874000506671186 0.5820373614286302 -0.5623110263701615
vn 0.5874000506671186 0.5820373614286302 -0.5623110263701615
vn 0.31913188497190087 0.57768411163494 -0.7512894962388544
vn 0.31913188497190087 0.57768411163494 -0.7512894962388544
vn -0.3000004153537076 0.6018896423964553 0.7400868929818106
vn -0.3000004153537076 0.6018896423964553 0.7400868929818106
vn 0.008093092556545953 0.5865734790937162 -0.8098555769251485
vn 0.008093092556545953 0.5865734790937162 -0.8098555769251485
vn -0.3005567510271045 0.5950432463840913 -0.7453785443281237
vn -0.3005567510271045 0.5950432463840913 -0.7453785443281237
vn 0.39927150484898577 0.31458370842138256 -0.8611732437851729
vn 0.7062403072358238 0.32441622518226393 0.629268417508729
vn -0.9095886889401095 0.4155098174115234 -0.0000926652859280692
vn 0.5510197387480611 0.8067360994466869 -0.21343409605675395
vn 0.5510197387480611 0.8067360994466869 -0.21343409605675395
vn 0.5510197387480611 0.8067360994466869 -0.21343409605675395
vn -0.1033560975598529 0.99464425481029 -0.0005687443021925444
vn 0.33461202350219604 0.9397042478343084 -0.0706450304686941
vn 0.9564427077173975 0.21735039080956742 -0.19487471480195043
vn 0.9564427077173975 0.21735039080956742 -0.19487471480195043
vn 0.6976430263963516 0.7003949727856162 -0.1508014914288829
vn 0.6976430263963516 0.7003949727856162 -0.1508014914288829
vn 0.9064215873162798 0.3793545900878789 -0.18571483792711135
vn 0.9064215873162798 0.3793545900878789 -0.18571483792711135
vn -0.0019116045519278063 0.999968114292089 -0.007753461624386591
vn -1.2195119475613784e-7 0.9999681042289318 -0.007986897068410704
vn 0.0019122180562168873 0.9999681132527677 -0.00775344438335611
vn 0.0019122180562168873 0.9999681132527677 -0.00775344438335611
vn -0.00371131070535299 0.9999681149598391 -0.007070730974537301
vn -0.005295953241398714 0.9999681103259777 -0.005977558896288182
vn -0.006573659784897431 0.9999681041186069 -0.004536269664738708
vn -0.007467205646377198 0.9999681101232645 -0.002831885651239563
vn -0.007927619387872648 0.9999681125600934 -0.0009626597766466962
vn -0.007926366379027964 0.9999681225017913 0.0009626506467877731
vn -0.007465812463576831 0.9999681202606552 0.0028319792778623985
vn -0.0065751758234741725 0.9999680918264372 0.004536782106804195
vn -0.0052970594580508444 0.9999681018983008 0.0059779885419396555
vn -0.003710707785027735 0.9999680852698135 0.007075244840801667
vn -0.0019109426056230676 0.9999680513845649 0.007761733602376185
vn -3.6833993188938596e-7 0.999968051236083 0.007993529068874152
vn 0.0019104655463314639 0.9999680569835407 0.00776112968314263
vn 0.003710192564847283 0.9999680944389724 0.00707421905387936
vn 0.005294851208906969 0.9999681174497471 0.005977343447067484
vn 0.006574545358237205 0.9999680979363553 0.004536349069507319
vn 0.007468333374208188 0.9999681017229142 0.0028318780488055537
vn 0.007923848699539056 0.9999681424120842 0.0009626955448876983
vn 0.007922190119195425 0.9999681556799803 -0.0009625641247647364
vn 0.007463890323162431 0.9999681349015934 -0.002831876175355151
vn 0.006573356174903598 0.999968104295565 -0.0045366705999069406
vn 0.00529828924828234 0.9999680978801958 -0.005977570819724787
vn 0.0037131216553854237 0.9999681131791299 -0.0070700320043942345
vn -3.1035895112550544e-7 -0.41315629387814323 -0.9106601324472161
vn -4.77159298198078e-7 -0.8434100298481677 -0.5372704361411347
vn -0.12857683883364568 -0.8434094982752899 -0.5216592898957809
vn -0.21793351951152176 -0.41315668756100943 -0.8841982428148879
vn -0.2496815067961507 -0.8434102770338814 -0.47572917690387173
vn -0.4232032943425818 -0.41315553064177346 -0.8063507172178249
vn -0.35627435582595857 -0.8434110034033777 -0.4021522879692542
vn -0.6038804665030413 -0.4131536901632023 -0.6816395018487396
vn -0.4421626032962939 -0.8434112102551118 -0.30520446042325733
vn -0.7494603979497972 -0.41315305166791677 -0.517313896780687
vn -0.5023521552564723 -0.8434125993633766 -0.1905190262002453
vn -0.8514838564227684 -0.41315247304961544 -0.32292456745252
vn -0.5333482579584827 -0.84341310766639 -0.06476083345027454
vn -0.9040228143043837 -0.41315096939734774 -0.1097680632206542
vn -0.5333478193413637 -0.8434133469198459 0.06476132982942695
vn -0.9040222833099949 -0.41315237259594795 0.10976715491130533
vn -0.5023535736907476 -0.8434118446933073 0.19051862699265604
vn -0.8514839236679889 -0.41315274585910494 0.3229240411057194
vn -0.44216703213026437 -0.8434092182040567 0.3052035490382375
vn -0.7494604715400776 -0.41315240678235493 0.517314305204169
vn -0.3562779016775997 -0.8434096906225856 0.40215189983403143
vn -0.6038796098933557 -0.4131541110703394 0.6816400056193346
vn -0.24968358732628018 -0.8434095334827774 0.4757294031802571
vn -0.4232050946341086 -0.4131536358644874 0.8063507431928675
vn -0.12857852894091917 -0.8434097778621349 0.5216584212891935
vn -0.21793562810521805 -0.4131523208952012 0.8841997634818123
vn -2.762510377975529e-7 -0.8434101010720857 0.5372703243335687
vn -5.342241185536986e-8 -0.4131511188282841 0.9106624802916469
vn 0.12857909808007464 -0.8434102736891412 0.5216574793602816
vn 0.21793629361883807 -0.41315201176657046 0.8841997438910053
vn 0.24968562831920887 -0.8434091146756884 0.4757290744665642
vn 0.4232074266448968 -0.41315203379230986 0.8063503401164298
vn 0.35627815051820866 -0.8434089404340733 0.40215325270249697
vn 0.603880466443303 -0.4131540963777751 0.6816392556877009
vn 0.44216617362788835 -0.8434094080143355 0.30520426827320113
vn 0.7494586752431542 -0.41315475361312604 0.5173150332917585
vn 0.5023550995489214 -0.8434110893741663 0.19051794739046374
vn 0.8514833822166638 -0.4131530712539406 0.32292505248479453
vn 0.5333551607165921 -0.8434087981355092 0.06476010936212398
vn 0.9040225065383508 -0.41315182921202304 0.10976736168313872
vn 0.5333582453044707 -0.8434067480895101 -0.06476140395956144
vn 0.9040212768892647 -0.4131540420982891 -0.10976915973691663
vn 0.5023585645652048 -0.8434087185303722 -0.19051930640998627
vn 0.8514822771372388 -0.41315445545997315 -0.32292619536785094
vn 0.4421666891962765 -0.8434086501853765 -0.30520561554087516
vn 0.7494585662965353 -0.4131524048871235 -0.5173170669335473
vn 0.3562782681179649 -0.8434085789959984 -0.40215390653680594
vn 0.6038798269119617 -0.41315106756939174 -0.6816416580689969
vn 0.249682051190159 -0.8434095197661321 -0.4757302337263601
vn 0.42320474776549516 -0.41315302051943287 -0.8063512405300886
vn 0.12857494082459264 -0.8434100959811018 -0.5216587913465094
vn 0.12857494082459264 -0.8434100959811018 -0.5216587913465094
vn 0.21793287943095166 -0.4131556143935572 -0.8841989020339353
vn 0.21793287943095166 -0.4131556143935572 -0.8841989020339353
f 19/19/19 117/117/117 115/115/115
f 19/19/19 115/115/115 17/17/17
f 50/50/50 134/134/134 132/132/132
f 50/50/50 132/132/132 48/48/48
f 5/5/5 157/157/157 154/154/154
f 5/5/5 154/154/154 2/2/2
f 36/36/36 174/174/174 172/172/172
f 36/36/36 172/172/172 34/34/34
f 48/48/48 132/132/132 310/310/310
f 48/48/48 310/310/310 46/46/46
f 1/1/1 153/153/153 222/222/222
f 1/1/1 222/222/222 54/54/54
f 34/34/34 172/172/172 318/318/318
f 34/34/34 318/318/318 32/32/32
f 219/219/219 76/76/76 74/74/74
f 219/219/219 74/74/74 187/187/187
f 228/228/228 108/108/108 105/105/105
f 228/228/228 105/105/105 196/196/196
f 235/235/235 62/62/62 60/60/60
f 235/235/235 60/60/60 203/203/203
f 244/244/244 93/93/93 91/91/91
f 244/244/244 91/91/91 212/212/212
f 251/251/251 78/78/78 76/76/76
f 251/251/251 76/76/76 219/219/219
f 259/259/259 64/64/64 62/62/62
f 259/259/259 62/62/62 235/235/235
f 161/161/161 159/159/159 199/199/199
f 161/161/161 199/199/199 201/201/201
f 268/268/268 95/95/95 93/93/93
f 268/268/268 93/93/93 244/244/244
f 275/275/275 80/80/80 78/78/78
f 275/275/275 78/78/78 251/251/251
f 283/283/283 66/66/66 64/64/64
f 283/283/283 64/64/64 259/259/259
f 292/292/292 97/97/97 95/95/95
f 292/292/292 95/95/95 268/268/268
f 300/300/300 83/83/83 80/80/80
f 300/300/300 80/80/80 275/275/275
f 307/307/307 68/68/68 66/66/66
f 307/307/307 66/66/66 283/283/283
f 316/316/316 99/99/99 97/97/97
f 316/316/316 97/97/97 292/292/292
f 324/324/324 85/85/85 83/83/83
f 324/324/324 83/83/83 300/300/300
f 121/121/121 119/119/119 183/183/183
f 121/121/121 183/183/183 185/185/185
f 138/138/138 136/136/136 192/192/192
f 138/138/138 192/192/192 194/194/194
f 178/178/178 176/176/176 208/208/208
f 178/178/178 208/208/208 210/210/210
f 212/212/212 91/91/91 89/89/89
f 212/212/212 89/89/89 180/180/180
f 196/196/196 105/105/105 103/103/103
f 196/196/196 103/103/103 140/140/140
f 187/187/187 74/74/74 72/72/72
f 187/187/187 72/72/72 123/123/123
f 298/298/298 296/296/296 320/320/320
f 298/298/298 320/320/320 322/322/322
f 290/290/290 288/288/288 312/312/312
f 290/290/290 312/312/312 314/314/314
f 281/281/281 279/279/279 303/303/303
f 281/281/281 303/303/303 305/305/305
f 273/273/273 271/271/271 296/296/296
f 273/273/273 296/296/296 298/298/298
f 266/266/266 264/264/264 288/288/288
f 266/266/266 288/288/288 290/290/290
f 257/257/257 255/255/255 279/279/279
f 257/257/257 279/279/279 281/281/281
f 249/249/249 247/247/247 271/271/271
f 249/249/249 271/271/271 273/273/273
f 242/242/242 240/240/240 264/264/264
f 242/242/242 264/264/264 266/266/266
f 203/203/203 60/60/60 58/58/58
f 203/203/203 58/58/58 163/163/163
f 233/233/233 231/231/231 255/255/255
f 233/233/233 255/255/255 257/257/257
f 217/217/217 215/215/215 247/247/247
f 217/217/217 247/247/247 249/249/249
f 210/210/210 208/208/208 240/240/240
f 210/210/210 240/240/240 242/242/242
f 201/201/201 199/199/199 231/231/231
f 201/201/201 231/231/231 233/233/233
f 194/194/194 192/192/192 224/224/224
f 194/194/194 224/224/224 226/226/226
f 185/185/185 183/183/183 215/215/215
f 185/185/185 215/215/215 217/217/217
f 322/322/322 320/320/320 170/170/170
f 322/322/322 170/170/170 168/168/168
f 226/226/226 224/224/224 150/150/150
f 226/226/226 150/150/150 145/145/145
f 314/314/314 312/312/312 130/130/130
f 314/314/314 130/130/130 128/128/128
f 166/166/166 87/87/87 85/85/85
f 166/166/166 85/85/85 324/324/324
f 144/144/144 55/55/55 108/108/108
f 144/144/144 108/108/108 228/228/228
f 126/126/126 101/101/101 99/99/99
f 126/126/126 99/99/99 316/316/316
f 17/17/17 115/115/115 301/301/301
f 17/17/17 301/301/301 15/15/15
f 168/168/168 170/170/170 176/176/176
f 168/168/168 176/176/176 178/178/178
f 128/128/128 130/130/130 136/136/136
f 128/128/128 136/136/136 138/138/138
f 111/111/111 113/113/113 119/119/119
f 111/111/111 119/119/119 121/121/121
f 32/32/32 318/318/318 294/294/294
f 32/32/32 294/294/294 29/29/29
f 46/46/46 310/310/310 286/286/286
f 46/46/46 286/286/286 44/44/44
f 15/15/15 301/301/301 277/277/277
f 15/15/15 277/277/277 13/13/13
f 29/29/29 294/294/294 269/269/269
f 29/29/29 269/269/269 27/27/27
f 44/44/44 286/286/286 262/262/262
f 44/44/44 262/262/262 42/42/42
f 13/13/13 277/277/277 253/253/253
f 13/13/13 253/253/253 11/11/11
f 27/27/27 269/269/269 245/245/245
f 27/27/27 245/245/245 25/25/25
f 42/42/42 262/262/262 238/238/238
f 42/42/42 238/238/238 40/40/40
f 11/11/11 253/253/253 229/229/229
f 11/11/11 229/229/229 9/9/9
f 146/146/146 149/149/149 159/159/159
f 146/146/146 159/159/159 161/161/161
f 25/25/25 245/245/245 213/213/213
f 25/25/25 213/213/213 23/23/23
f 40/40/40 238/238/238 206/206/206
f 40/40/40 206/206/206 38/38/38
f 9/9/9 229/229/229 197/197/197
f 9/9/9 197/197/197 7/7/7
f 54/54/54 222/222/222 190/190/190
f 54/54/54 190/190/190 52/52/52
f 23/23/23 213/213/213 181/181/181
f 23/23/23 181/181/181 21/21/21
f 38/38/38 206/206/206 174/174/174
f 38/38/38 174/174/174 36/36/36
f 7/7/7 197/197/197 157/157/157
f 7/7/7 157/157/157 5/5/5
f 52/52/52 190/190/190 134/134/134
f 52/52/52 134/134/134 50/50/50
f 21/21/21 181/181/181 117/117/117
f 21/21/21 117/117/117 19/19/19
f 180/180/180 89/89/89 87/87/87
f 180/180/180 87/87/87 166/166/166
f 163/163/163 58/58/58 56/56/56
f 163/163/163 56/56/56 143/143/143
f 140/140/140 103/103/103 101/101/101
f 140/140/140 101/101/101 126/126/126
f 123/123/123 72/72/72 70/70/70
f 123/123/123 70/70/70 109/109/109
f 305/305/305 303/303/303 113/113/113
f 305/305/305 113/113/113 111/111/111
f 431/431/431 321/321/321 167/167/167
f 431/431/431 167/167/167 354/354/354
f 354/354/354 167/167/167 177/177/177
f 354/354/354 177/177/177 359/359/359
f 355/355/355 169/169/169 319/319/319
f 355/355/355 319/319/319 430/430/430
f 358/358/358 175/175/175 169/169/169
f 358/358/358 169/169/169 355/355/355
f 427/427/427 313/313/313 127/127/127
f 427/427/427 127/127/127 334/334/334
f 334/334/334 127/127/127 137/137/137
f 334/334/334 137/137/137 339/339/339
f 335/335/335 129/129/129 311/311/311
f 335/335/335 311/311/311 426/426/426
f 338/338/338 135/135/135 129/129/129
f 338/338/338 129/129/129 335/335/335
f 423/423/423 306/306/306 112/112/112
f 423/423/423 112/112/112 326/326/326
f 326/326/326 112/112/112 122/122/122
f 326/326/326 122/122/122 331/331/331
f 327/327/327 114/114/114 304/304/304
f 327/327/327 304/304/304 422/422/422
f 330/330/330 120/120/120 114/114/114
f 330/330/330 114/114/114 327/327/327
f 419/419/419 297/297/297 321/321/321
f 419/419/419 321/321/321 431/431/431
f 430/430/430 319/319/319 295/295/295
f 430/430/430 295/295/295 418/418/418
f 299/299/299 420/420/420 432/432/432
f 299/299/299 432/432/432 323/323/323
f 415/415/415 289/289/289 313/313/313
f 415/415/415 313/313/313 427/427/427
f 317/317/317 429/429/429 417/417/417
f 317/317/317 417/417/417 293/293/293
f 426/426/426 311/311/311 287/287/287
f 426/426/426 287/287/287 414/414/414
f 291/291/291 416/416/416 428/428/428
f 291/291/291 428/428/428 315/315/315
f 411/411/411 282/282/282 306/306/306
f 411/411/411 306/306/306 423/423/423
f 309/309/309 425/425/425 413/413/413
f 309/309/309 413/413/413 285/285/285
f 422/422/422 304/304/304 280/280/280
f 422/422/422 280/280/280 410/410/410
f 284/284/284 412/412/412 424/424/424
f 284/284/284 424/424/424 308/308/308
f 407/407/407 274/274/274 297/297/297
f 407/407/407 297/297/297 419/419/419
f 302/302/302 421/421/421 409/409/409
f 302/302/302 409/409/409 278/278/278
f 418/418/418 295/295/295 272/272/272
f 418/418/418 272/272/272 406/406/406
f 276/276/276 408/408/408 420/420/420
f 276/276/276 420/420/420 299/299/299
f 403/403/403 265/265/265 289/289/289
f 403/403/403 289/289/289 415/415/415
f 293/293/293 417/417/417 405/405/405
f 293/293/293 405/405/405 270/270/270
f 414/414/414 287/287/287 263/263/263
f 414/414/414 263/263/263 402/402/402
f 267/267/267 404/404/404 416/416/416
f 267/267/267 416/416/416 291/291/291
f 399/399/399 258/258/258 282/282/282
f 399/399/399 282/282/282 411/411/411
f 285/285/285 413/413/413 401/401/401
f 285/285/285 401/401/401 261/261/261
f 410/410/410 280/280/280 256/256/256
f 410/410/410 256/256/256 398/398/398
f 260/260/260 400/400/400 412/412/412
f 260/260/260 412/412/412 284/284/284
f 395/395/395 250/250/250 274/274/274
f 395/395/395 274/274/274 407/407/407
f 278/278/278 409/409/409 397/397/397
f 278/278/278 397/397/397 254/254/254
f 406/406/406 272/272/272 248/248/248
f 406/406/406 248/248/248 394/394/394
f 252/252/252 396/396/396 408/408/408
f 252/252/252 408/408/408 276/276/276
f 391/391/391 241/241/241 265/265/265
f 391/391/391 265/265/265 403/403/403
f 270/270/270 405/405/405 393/393/393
f 270/270/270 393/393/393 246/246/246
f 402/402/402 263/263/263 239/239/239
f 402/402/402 239/239/239 390/390/390
f 243/243/243 392/392/392 404/404/404
f 243/243/243 404/404/404 267/267/267
f 387/387/387 234/234/234 258/258/258
f 387/387/387 258/258/258 399/399/399
f 261/261/261 401/401/401 389/389/389
f 261/261/261 389/389/389 237/237/237
f 398/398/398 256/256/256 232/232/232
f 398/398/398 232/232/232 386/386/386
f 236/236/236 388/388/388 400/400/400
f 236/236/236 400/400/400 260/260/260
f 383/383/383 225/225/225 148/148/148
f 383/383/383 148/148/148 344/344/344
f 343/343/343 147/147/147 162/162/162
f 343/343/343 162/162/162 351/351/351
f 345/345/345 151/151/151 223/223/223
f 345/345/345 223/223/223 382/382/382
f 350/350/350 160/160/160 152/152/152
f 350/350/350 152/152/152 346/346/346
f 379/379/379 218/218/218 250/250/250
f 379/379/379 250/250/250 395/395/395
f 254/254/254 397/397/397 385/385/385
f 254/254/254 385/385/385 230/230/230
f 394/394/394 248/248/248 216/216/216
f 394/394/394 216/216/216 378/378/378
f 220/220/220 380/380/380 396/396/396
f 220/220/220 396/396/396 252/252/252
f 375/375/375 209/209/209 241/241/241
f 375/375/375 241/241/241 391/391/391
f 246/246/246 393/393/393 377/377/377
f 246/246/246 377/377/377 214/214/214
f 390/390/390 239/239/239 207/207/207
f 390/390/390 207/207/207 374/374/374
f 211/211/211 376/376/376 392/392/392
f 211/211/211 392/392/392 243/243/243
f 371/371/371 202/202/202 234/234/234
f 371/371/371 234/234/234 387/387/387
f 237/237/237 389/389/389 373/373/373
f 237/237/237 373/373/373 205/205/205
f 386/386/386 232/232/232 200/200/200
f 386/386/386 200/200/200 370/370/370
f 204/204/204 372/372/372 388/388/388
f 204/204/204 388/388/388 236/236/236
f 367/367/367 193/193/193 225/225/225
f 367/367/367 225/225/225 383/383/383
f 230/230/230 385/385/385 369/369/369
f 230/230/230 369/369/369 198/198/198
f 382/382/382 223/223/223 191/191/191
f 382/382/382 191/191/191 366/366/366
f 195/195/195 368/368/368 384/384/384
f 195/195/195 384/384/384 227/227/227
f 363/363/363 186/186/186 218/218/218
f 363/363/363 218/218/218 379/379/379
f 221/221/221 381/381/381 365/365/365
f 221/221/221 365/365/365 189/189/189
f 378/378/378 216/216/216 184/184/184
f 378/378/378 184/184/184 362/362/362
f 188/188/188 364/364/364 380/380/380
f 188/188/188 380/380/380 220/220/220
f 359/359/359 177/177/177 209/209/209
f 359/359/359 209/209/209 375/375/375
f 214/214/214 377/377/377 361/361/361
f 214/214/214 361/361/361 182/182/182
f 374/374/374 207/207/207 175/175/175
f 374/374/374 175/175/175 358/358/358
f 179/179/179 360/360/360 376/376/376
f 179/179/179 376/376/376 211/211/211
f 351/351/351 162/162/162 202/202/202
f 351/351/351 202/202/202 371/371/371
f 165/165/165 353/353/353 360/360/360
f 165/165/165 360/360/360 179/179/179
f 370/370/370 200/200/200 160/160/160
f 370/370/370 160/160/160 350/350/350
f 164/164/164 352/352/352 372/372/372
f 164/164/164 372/372/372 204/204/204
f 339/339/339 137/137/137 193/193/193
f 339/339/339 193/193/193 367/367/367
f 141/141/141 341/341/341 352/352/352
f 141/141/141 352/352/352 164/164/164
f 366/366/366 191/191/191 135/135/135
f 366/366/366 135/135/135 338/338/338
f 139/139/139 340/340/340 368/368/368
f 139/139/139 368/368/368 195/195/195
f 331/331/331 122/122/122 186/186/186
f 331/331/331 186/186/186 363/363/363
f 125/125/125 333/333/333 340/340/340
f 125/125/125 340/340/340 139/139/139
f 362/362/362 184/184/184 120/120/120
f 362/362/362 120/120/120 330/330/330
f 124/124/124 332/332/332 364/364/364
f 124/124/124 364/364/364 188/188/188
f 323/323/323 432/432/432 353/353/353
f 323/323/323 353/353/353 165/165/165
f 173/173/173 357/357/357 356/356/356
f 173/173/173 356/356/356 171/171/171
f 171/171/171 356/356/356 429/429/429
f 171/171/171 429/429/429 317/317/317
f 205/205/205 373/373/373 357/357/357
f 205/205/205 357/357/357 173/173/173
f 227/227/227 384/384/384 342/342/342
f 227/227/227 342/342/342 142/142/142
f 158/158/158 349/349/349 348/348/348
f 158/158/158 348/348/348 156/156/156
f 155/155/155 347/347/347 381/381/381
f 155/155/155 381/381/381 221/221/221
f 198/198/198 369/369/369 349/349/349
f 198/198/198 349/349/349 158/158/158
f 315/315/315 428/428/428 333/333/333
f 315/315/315 333/333/333 125/125/125
f 133/133/133 337/337/337 336/336/336
f 133/133/133 336/336/336 131/131/131
f 131/131/131 336/336/336 425/425/425
f 131/131/131 425/425/425 309/309/309
f 189/189/189 365/365/365 337/337/337
f 189/189/189 337/337/337 133/133/133
f 308/308/308 424/424/424 325/325/325
f 308/308/308 325/325/325 110/110/110
f 118/118/118 329/329/329 328/328/328
f 118/118/118 328/328/328 116/116/116
f 116/116/116 328/328/328 421/421/421
f 116/116/116 421/421/421 302/302/302
f 182/182/182 361/361/361 329/329/329
f 182/182/182 329/329/329 118/118/118
f 109/109/109 70/70/70 68/68/68
f 109/109/109 68/68/68 307/307/307
f 433/433/433 353/353/353 432/432/432
f 433/433/433 432/432/432 434/434/434
f 460/460/460 429/429/429 356/356/356
f 460/460/460 356/356/356 461/461/461
f 435/435/435 333/333/333 428/428/428
f 435/435/435 428/428/428 436/436/436
f 462/462/462 425/425/425 336/336/336
f 462/462/462 336/336/336 463/463/463
f 437/437/437 325/325/325 424/424/424
f 437/437/437 424/424/424 438/438/438
f 464/464/464 421/421/421 328/328/328
f 464/464/464 328/328/328 465/465/465
f 434/434/434 432/432/432 420/420/420
f 434/434/434 420/420/420 439/439/439
f 466/466/466 417/417/417 429/429/429
f 466/466/466 429/429/429 460/460/460
f 436/436/436 428/428/428 416/416/416
f 436/436/436 416/416/416 440/440/440
f 467/467/467 413/413/413 425/425/425
f 467/467/467 425/425/425 462/462/462
f 438/438/438 424/424/424 412/412/412
f 438/438/438 412/412/412 441/441/441
f 468/468/468 409/409/409 421/421/421
f 468/468/468 421/421/421 464/464/464
f 439/439/439 420/420/420 408/408/408
f 439/439/439 408/408/408 442/442/442
f 469/469/469 405/405/405 417/417/417
f 469/469/469 417/417/417 466/466/466
f 440/440/440 416/416/416 404/404/404
f 440/440/440 404/404/404 443/443/443
f 470/470/470 401/401/401 413/413/413
f 470/470/470 413/413/413 467/467/467
f 441/441/441 412/412/412 400/400/400
f 441/441/441 400/400/400 444/444/444
f 471/471/471 397/397/397 409/409/409
f 471/471/471 409/409/409 468/468/468
f 442/442/442 408/408/408 396/396/396
f 442/442/442 396/396/396 445/445/445
f 472/472/472 393/393/393 405/405/405
f 472/472/472 405/405/405 469/469/469
f 443/443/443 404/404/404 392/392/392
f 443/443/443 392/392/392 446/446/446
f 473/473/473 389/389/389 401/401/401
f 473/473/473 401/401/401 470/470/470
f 444/444/444 400/400/400 388/388/388
f 444/444/444 388/388/388 447/447/447
f 474/474/474 385/385/385 397/397/397
f 474/474/474 397/397/397 471/471/471
f 449/449/449 342/342/342 384/384/384
f 449/449/449 384/384/384 450/450/450
f 475/475/475 381/381/381 347/347/347
f 475/475/475 347/347/347 476/476/476
f 445/445/445 396/396/396 380/380/380
f 445/445/445 380/380/380 451/451/451
f 478/478/478 377/377/377 393/393/393
f 478/478/478 393/393/393 472/472/472
f 446/446/446 392/392/392 376/376/376
f 446/446/446 376/376/376 452/452/452
f 479/479/479 373/373/373 389/389/389
f 479/479/479 389/389/389 473/473/473
f 447/447/447 388/388/388 372/372/372
f 447/447/447 372/372/372 453/453/453
f 480/480/480 369/369/369 385/385/385
f 480/480/480 385/385/385 474/474/474
f 450/450/450 384/384/384 368/368/368
f 450/450/450 368/368/368 454/454/454
f 481/481/481 365/365/365 381/381/381
f 481/481/481 381/381/381 475/475/475
f 451/451/451 380/380/380 364/364/364
f 451/451/451 364/364/364 455/455/455
f 482/482/482 361/361/361 377/377/377
f 482/482/482 377/377/377 478/478/478
f 452/452/452 376/376/376 360/360/360
f 452/452/452 360/360/360 456/456/456
f 483/483/483 357/357/357 373/373/373
f 483/483/483 373/373/373 479/479/479
f 453/453/453 372/372/372 352/352/352
f 453/453/453 352/352/352 457/457/457
f 484/484/484 349/349/349 369/369/369
f 484/484/484 369/369/369 480/480/480
f 454/454/454 368/368/368 340/340/340
f 454/454/454 340/340/340 458/458/458
f 485/485/485 337/337/337 365/365/365
f 485/485/485 365/365/365 481/481/481
f 455/455/455 364/364/364 332/332/332
f 455/455/455 332/332/332 459/459/459
f 486/486/486 329/329/329 361/361/361
f 486/486/486 361/361/361 482/482/482
f 456/456/456 360/360/360 353/353/353
f 456/456/456 353/353/353 433/433/433
f 461/461/461 356/356/356 357/357/357
f 461/461/461 357/357/357 483/483/483
f 457/457/457 352/352/352 341/341/341
f 457/457/457 341/341/341 448/448/448
f 477/477/477 348/348/348 349/349/349
f 477/477/477 349/349/349 484/484/484
f 458/458/458 340/340/340 333/333/333
f 458/458/458 333/333/333 435/435/435
f 463/463/463 336/336/336 337/337/337
f 463/463/463 337/337/337 485/485/485
f 459/459/459 332/332/332 325/325/325
f 459/459/459 325/325/325 437/437/437
f 465/465/465 328/328/328 329/329/329
f 465/465/465 329/329/329 486/486/486
f 110/110/110 325/325/325 332/332/332
f 110/110/110 332/332/332 124/124/124
f 331/331/331 459/459/459 437/437/437
f 331/331/331 437/437/437 326/326/326
f 339/339/339 458/458/458 435/435/435
f 339/339/339 435/435/435 334/334/334
f 351/351/351 457/457/457 448/448/448
f 351/351/351 448/448/448 343/343/343
f 359/359/359 456/456/456 433/433/433
f 359/359/359 433/433/433 354/354/354
f 363/363/363 455/455/455 459/459/459
f 363/363/363 459/459/459 331/331/331
f 367/367/367 454/454/454 458/458/458
f 367/367/367 458/458/458 339/339/339
f 371/371/371 453/453/453 457/457/457
f 371/371/371 457/457/457 351/351/351
f 375/375/375 452/452/452 456/456/456
f 375/375/375 456/456/456 359/359/359
f 379/379/379 451/451/451 455/455/455
f 379/379/379 455/455/455 363/363/363
f 383/383/383 450/450/450 454/454/454
f 383/383/383 454/454/454 367/367/367
f 387/387/387 447/447/447 453/453/453
f 387/387/387 453/453/453 371/371/371
f 391/391/391 446/446/446 452/452/452
f 391/391/391 452/452/452 375/375/375
f 395/395/395 445/445/445 451/451/451
f 395/395/395 451/451/451 379/379/379
f 344/344/344 449/449/449 450/450/450
f 344/344/344 450/450/450 383/383/383
f 399/399/399 444/444/444 447/447/447
f 399/399/399 447/447/447 387/387/387
f 403/403/403 443/443/443 446/446/446
f 403/403/403 446/446/446 391/391/391
f 407/407/407 442/442/442 445/445/445
f 407/407/407 445/445/445 395/395/395
f 411/411/411 441/441/441 444/444/444
f 411/411/411 444/444/444 399/399/399
f 415/415/415 440/440/440 443/443/443
f 415/415/415 443/443/443 403/403/403
f 419/419/419 439/439/439 442/442/442
f 419/419/419 442/442/442 407/407/407
f 423/423/423 438/438/438 441/441/441
f 423/423/423 441/441/441 411/411/411
f 427/427/427 436/436/436 440/440/440
f 427/427/427 440/440/440 415/415/415
f 431/431/431 434/434/434 439/439/439
f 431/431/431 439/439/439 419/419/419
f 326/326/326 437/437/437 438/438/438
f 326/326/326 438/438/438 423/423/423
f 334/334/334 435/435/435 436/436/436
f 334/334/334 436/436/436 427/427/427
f 354/354/354 433/433/433 434/434/434
f 354/354/354 434/434/434 431/431/431
f 327/327/327 465/465/465 486/486/486
f 327/327/327 486/486/486 330/330/330
f 335/335/335 463/463/463 485/485/485
f 335/335/335 485/485/485 338/338/338
f 346/346/346 477/477/477 484/484/484
f 346/346/346 484/484/484 350/350/350
f 355/355/355 461/461/461 483/483/483
f 355/355/355 483/483/483 358/358/358
f 330/330/330 486/486/486 482/482/482
f 330/330/330 482/482/482 362/362/362
f 338/338/338 485/485/485 481/481/481
f 338/338/338 481/481/481 366/366/366
f 350/350/350 484/484/484 480/480/480
f 350/350/350 480/480/480 370/370/370
f 358/358/358 483/483/483 479/479/479
f 358/358/358 479/479/479 374/374/374
f 362/362/362 482/482/482 478/478/478
f 362/362/362 478/478/478 378/378/378
f 366/366/366 481/481/481 475/475/475
f 366/366/366 475/475/475 382/382/382
f 370/370/370 480/480/480 474/474/474
f 370/370/370 474/474/474 386/386/386
f 374/374/374 479/479/479 473/473/473
f 374/374/374 473/473/473 390/390/390
f 378/378/378 478/478/478 472/472/472
f 378/378/378 472/472/472 394/394/394
f 382/382/382 475/475/475 476/476/476
f 382/382/382 476/476/476 345/345/345
f 386/386/386 474/474/474 471/471/471
f 386/386/386 471/471/471 398/398/398
f 390/390/390 473/473/473 470/470/470
f 390/390/390 470/470/470 402/402/402
f 394/394/394 472/472/472 469/469/469
f 394/394/394 469/469/469 406/406/406
f 398/398/398 471/471/471 468/468/468
f 398/398/398 468/468/468 410/410/410
f 402/402/402 470/470/470 467/467/467
f 402/402/402 467/467/467 414/414/414
f 406/406/406 469/469/469 466/466/466
f 406/406/406 466/466/466 418/418/418
f 410/410/410 468/468/468 464/464/464
f 410/410/410 464/464/464 422/422/422
f 414/414/414 467/467/467 462/462/462
f 414/414/414 462/462/462 426/426/426
f 418/418/418 466/466/466 460/460/460
f 418/418/418 460/460/460 430/430/430
f 422/422/422 464/464/464 465/465/465
f 422/422/422 465/465/465 327/327/327
f 426/426/426 462/462/462 463/463/463
f 426/426/426 463/463/463 335/335/335
f 430/430/430 460/460/460 461/461/461
f 430/430/430 461/461/461 355/355/355
f 1107/1107/1107 90/90/90 92/92/92
f 1107/1107/1107 92/92/92 1109/1109/1109
f 1093/1093/1093 77/77/77 79/79/79
f 1093/1093/1093 79/79/79 1095/1095/1095
f 1079/1079/1079 63/63/63 65/65/65
f 1079/1079/1079 65/65/65 1081/1081/1081
f 1109/1109/1109 92/92/92 94/94/94
f 1109/1109/1109 94/94/94 1111/1111/1111
f 1095/1095/1095 79/79/79 81/81/81
f 1095/1095/1095 81/81/81 1097/1097/1097
f 1081/1081/1081 65/65/65 67/67/67
f 1081/1081/1081 67/67/67 1083/1083/1083
f 1111/1111/1111 94/94/94 96/96/96
f 1111/1111/1111 96/96/96 1113/1113/1113
f 1097/1097/1097 81/81/81 82/82/82
f 1097/1097/1097 82/82/82 1099/1099/1099
f 1077/1077/1077 61/61/61 63/63/63
f 1077/1077/1077 63/63/63 1079/1079/1079
f 1083/1083/1083 67/67/67 69/69/69
f 1083/1083/1083 69/69/69 1085/1085/1085
f 1113/1113/1113 96/96/96 98/98/98
f 1113/1113/1113 98/98/98 1115/1115/1115
f 1099/1099/1099 82/82/82 84/84/84
f 1099/1099/1099 84/84/84 1101/1101/1101
f 1085/1085/1085 69/69/69 71/71/71
f 1085/1085/1085 71/71/71 1087/1087/1087
f 1115/1115/1115 98/98/98 100/100/100
f 1115/1115/1115 100/100/100 1117/1117/1117
f 1101/1101/1101 84/84/84 86/86/86
f 1101/1101/1101 86/86/86 1103/1103/1103
f 1087/1087/1087 71/71/71 73/73/73
f 1087/1087/1087 73/73/73 1089/1089/1089
f 1117/1117/1117 100/100/100 102/102/102
f 1117/1117/1117 102/102/102 1119/1119/1119
f 1103/1103/1103 86/86/86 88/88/88
f 1103/1103/1103 88/88/88 1105/1105/1105
f 1089/1089/1089 73/73/73 75/75/75
f 1089/1089/1089 75/75/75 1091/1091/1091
f 1119/1119/1119 102/102/102 104/104/104
f 1119/1119/1119 104/104/104 1121/1121/1121
f 1105/1105/1105 88/88/88 90/90/90
f 1105/1105/1105 90/90/90 1107/1107/1107
f 1091/1091/1091 75/75/75 77/77/77
f 1091/1091/1091 77/77/77 1093/1093/1093
f 1121/1121/1121 104/104/104 107/107/107
f 1121/1121/1121 107/107/107 1124/1124/1124
f 1075/1075/1075 59/59/59 61/61/61
f 1075/1075/1075 61/61/61 1077/1077/1077
f 1104/1104/1104 502/502/502 501/501/501
f 1104/1104/1104 501/501/501 1102/1102/1102
f 1090/1090/1090 495/495/495 494/494/494
f 1090/1090/1090 494/494/494 1088/1088/1088
f 1120/1120/1120 510/510/510 509/509/509
f 1120/1120/1120 509/509/509 1118/1118/1118
f 1106/1106/1106 503/503/503 502/502/502
f 1106/1106/1106 502/502/502 1104/1104/1104
f 1092/1092/1092 496/496/496 495/495/495
f 1092/1092/1092 495/495/495 1090/1090/1090
f 1122/1122/1122 511/511/511 510/510/510
f 1122/1122/1122 510/510/510 1120/1120/1120
f 1078/1078/1078 489/489/489 488/488/488
f 1078/1078/1078 488/488/488 1076/1076/1076
f 1108/1108/1108 504/504/504 503/503/503
f 1108/1108/1108 503/503/503 1106/1106/1106
f 1094/1094/1094 497/497/497 496/496/496
f 1094/1094/1094 496/496/496 1092/1092/1092
f 1126/1126/1126 513/513/513 511/511/511
f 1126/1126/1126 511/511/511 1122/1122/1122
f 1080/1080/1080 490/490/490 489/489/489
f 1080/1080/1080 489/489/489 1078/1078/1078
f 1110/1110/1110 505/505/505 504/504/504
f 1110/1110/1110 504/504/504 1108/1108/1108
f 1096/1096/1096 498/498/498 497/497/497
f 1096/1096/1096 497/497/497 1094/1094/1094
f 1073/1073/1073 487/487/487 512/512/512
f 1073/1073/1073 512/512/512 1125/1125/1125
f 1082/1082/1082 491/491/491 490/490/490
f 1082/1082/1082 490/490/490 1080/1080/1080
f 1112/1112/1112 506/506/506 505/505/505
f 1112/1112/1112 505/505/505 1110/1110/1110
f 1098/1098/1098 499/499/499 498/498/498
f 1098/1098/1098 498/498/498 1096/1096/1096
f 1084/1084/1084 492/492/492 491/491/491
f 1084/1084/1084 491/491/491 1082/1082/1082
f 1114/1114/1114 507/507/507 506/506/506
f 1114/1114/1114 506/506/506 1112/1112/1112
f 1100/1100/1100 500/500/500 499/499/499
f 1100/1100/1100 499/499/499 1098/1098/1098
f 1086/1086/1086 493/493/493 492/492/492
f 1086/1086/1086 492/492/492 1084/1084/1084
f 1116/1116/1116 508/508/508 507/507/507
f 1116/1116/1116 507/507/507 1114/1114/1114
f 1102/1102/1102 501/501/501 500/500/500
f 1102/1102/1102 500/500/500 1100/1100/1100
f 1088/1088/1088 494/494/494 493/493/493
f 1088/1088/1088 493/493/493 1086/1086/1086
f 1118/1118/1118 509/509/509 508/508/508
f 1118/1118/1118 508/508/508 1116/1116/1116
f 508/508/508 535/535/535 534/534/534
f 508/508/508 534/534/534 507/507/507
f 501/501/501 528/528/528 527/527/527
f 501/501/501 527/527/527 500/500/500
f 494/494/494 521/521/521 520/520/520
f 494/494/494 520/520/520 493/493/493
f 509/509/509 536/536/536 535/535/535
f 509/509/509 535/535/535 508/508/508
f 502/502/502 529/529/529 528/528/528
f 502/502/502 528/528/528 501/501/501
f 495/495/495 522/522/522 521/521/521
f 495/495/495 521/521/521 494/494/494
f 510/510/510 537/537/537 536/536/536
f 510/510/510 536/536/536 509/509/509
f 488/488/488 515/515/515 514/514/514
f 488/488/488 514/514/514 487/487/487
f 503/503/503 530/530/530 529/529/529
f 503/503/503 529/529/529 502/502/502
f 496/496/496 523/523/523 522/522/522
f 496/496/496 522/522/522 495/495/495
f 511/511/511 538/538/538 537/537/537
f 511/511/511 537/537/537 510/510/510
f 489/489/489 516/516/516 515/515/515
f 489/489/489 515/515/515 488/488/488
f 504/504/504 531/531/531 530/530/530
f 504/504/504 530/530/530 503/503/503
f 497/497/497 524/524/524 523/523/523
f 497/497/497 523/523/523 496/496/496
f 513/513/513 540/540/540 538/538/538
f 513/513/513 538/538/538 511/511/511
f 490/490/490 517/517/517 516/516/516
f 490/490/490 516/516/516 489/489/489
f 505/505/505 532/532/532 531/531/531
f 505/505/505 531/531/531 504/504/504
f 498/498/498 525/525/525 524/524/524
f 498/498/498 524/524/524 497/497/497
f 487/487/487 514/514/514 539/539/539
f 487/487/487 539/539/539 512/512/512
f 491/491/491 518/518/518 517/517/517
f 491/491/491 517/517/517 490/490/490
f 506/506/506 533/533/533 532/532/532
f 506/506/506 532/532/532 505/505/505
f 499/499/499 526/526/526 525/525/525
f 499/499/499 525/525/525 498/498/498
f 492/492/492 519/519/519 518/518/518
f 492/492/492 518/518/518 491/491/491
f 507/507/507 534/534/534 533/533/533
f 507/507/507 533/533/533 506/506/506
f 500/500/500 527/527/527 526/526/526
f 500/500/500 526/526/526 499/499/499
f 493/493/493 520/520/520 519/519/519
f 493/493/493 519/519/519 492/492/492
f 608/608/608 556/556/556 554/554/554
f 608/608/608 554/554/554 606/606/606
f 638/638/638 585/585/585 583/583/583
f 638/638/638 583/583/583 636/636/636
f 624/624/624 571/571/571 569/569/569
f 624/624/624 569/569/569 622/622/622
f 610/610/610 558/558/558 556/556/556
f 610/610/610 556/556/556 608/608/608
f 640/640/640 587/587/587 585/585/585
f 640/640/640 585/585/585 638/638/638
f 626/626/626 573/573/573 571/571/571
f 626/626/626 571/571/571 624/624/624
f 612/612/612 560/560/560 558/558/558
f 612/612/612 558/558/558 610/610/610
f 642/642/642 589/589/589 587/587/587
f 642/642/642 587/587/587 640/640/640
f 595/595/595 542/542/542 591/591/591
f 595/595/595 591/591/591 644/644/644
f 628/628/628 575/575/575 573/573/573
f 628/628/628 573/573/573 626/626/626
f 614/614/614 562/562/562 560/560/560
f 614/614/614 560/560/560 612/612/612
f 645/645/645 592/592/592 589/589/589
f 645/645/645 589/589/589 642/642/642
f 600/600/600 548/548/548 546/546/546
f 600/600/600 546/546/546 598/598/598
f 630/630/630 577/577/577 575/575/575
f 630/630/630 575/575/575 628/628/628
f 616/616/616 564/564/564 562/562/562
f 616/616/616 562/562/562 614/614/614
f 602/602/602 550/550/550 548/548/548
f 602/602/602 548/548/548 600/600/600
f 632/632/632 579/579/579 577/577/577
f 632/632/632 577/577/577 630/630/630
f 618/618/618 566/566/566 564/564/564
f 618/618/618 564/564/564 616/616/616
f 598/598/598 546/546/546 544/544/544
f 598/598/598 544/544/544 596/596/596
f 604/604/604 552/552/552 550/550/550
f 604/604/604 550/550/550 602/602/602
f 634/634/634 581/581/581 579/579/579
f 634/634/634 579/579/579 632/632/632
f 620/620/620 567/567/567 566/566/566
f 620/620/620 566/566/566 618/618/618
f 606/606/606 554/554/554 552/552/552
f 606/606/606 552/552/552 604/604/604
f 636/636/636 583/583/583 581/581/581
f 636/636/636 581/581/581 634/634/634
f 622/622/622 569/569/569 567/567/567
f 622/622/622 567/567/567 620/620/620
f 1054/1054/1054 607/607/607 605/605/605
f 1054/1054/1054 605/605/605 1053/1053/1053
f 1069/1069/1069 637/637/637 635/635/635
f 1069/1069/1069 635/635/635 1068/1068/1068
f 1062/1062/1062 623/623/623 621/621/621
f 1062/1062/1062 621/621/621 1061/1061/1061
f 1055/1055/1055 609/609/609 607/607/607
f 1055/1055/1055 607/607/607 1054/1054/1054
f 1070/1070/1070 639/639/639 637/637/637
f 1070/1070/1070 637/637/637 1069/1069/1069
f 1063/1063/1063 625/625/625 623/623/623
f 1063/1063/1063 623/623/623 1062/1062/1062
f 1056/1056/1056 611/611/611 609/609/609
f 1056/1056/1056 609/609/609 1055/1055/1055
f 1071/1071/1071 641/641/641 639/639/639
f 1071/1071/1071 639/639/639 1070/1070/1070
f 1046/1046/1046 597/597/597 594/594/594
f 1046/1046/1046 594/594/594 1047/1047/1047
f 1064/1064/1064 627/627/627 625/625/625
f 1064/1064/1064 625/625/625 1063/1063/1063
f 1057/1057/1057 613/613/613 611/611/611
f 1057/1057/1057 611/611/611 1056/1056/1056
f 1072/1072/1072 643/643/643 641/641/641
f 1072/1072/1072 641/641/641 1071/1071/1071
f 1050/1050/1050 599/599/599 597/597/597
f 1050/1050/1050 597/597/597 1046/1046/1046
f 1065/1065/1065 629/629/629 627/627/627
f 1065/1065/1065 627/627/627 1064/1064/1064
f 1058/1058/1058 615/615/615 613/613/613
f 1058/1058/1058 613/613/613 1057/1057/1057
f 1049/1049/1049 647/647/647 643/643/643
f 1049/1049/1049 643/643/643 1072/1072/1072
f 1051/1051/1051 601/601/601 599/599/599
f 1051/1051/1051 599/599/599 1050/1050/1050
f 1066/1066/1066 631/631/631 629/629/629
f 1066/1066/1066 629/629/629 1065/1065/1065
f 1059/1059/1059 617/617/617 615/615/615
f 1059/1059/1059 615/615/615 1058/1058/1058
f 1047/1047/1047 594/594/594 646/646/646
f 1047/1047/1047 646/646/646 1048/1048/1048
f 1052/1052/1052 603/603/603 601/601/601
f 1052/1052/1052 601/601/601 1051/1051/1051
f 1067/1067/1067 633/633/633 631/631/631
f 1067/1067/1067 631/631/631 1066/1066/1066
f 1060/1060/1060 619/619/619 617/617/617
f 1060/1060/1060 617/617/617 1059/1059/1059
f 1053/1053/1053 605/605/605 603/603/603
f 1053/1053/1053 603/603/603 1052/1052/1052
f 1068/1068/1068 635/635/635 633/633/633
f 1068/1068/1068 633/633/633 1067/1067/1067
f 1061/1061/1061 621/621/621 619/619/619
f 1061/1061/1061 619/619/619 1060/1060/1060
f 597/597/597 596/596/596 595/595/595
f 597/597/597 595/595/595 594/594/594
f 599/599/599 598/598/598 596/596/596
f 599/599/599 596/596/596 597/597/597
f 601/601/601 600/600/600 598/598/598
f 601/601/601 598/598/598 599/599/599
f 603/603/603 602/602/602 600/600/600
f 603/603/603 600/600/600 601/601/601
f 605/605/605 604/604/604 602/602/602
f 605/605/605 602/602/602 603/603/603
f 607/607/607 606/606/606 604/604/604
f 607/607/607 604/604/604 605/605/605
f 609/609/609 608/608/608 606/606/606
f 609/609/609 606/606/606 607/607/607
f 611/611/611 610/610/610 608/608/608
f 611/611/611 608/608/608 609/609/609
f 613/613/613 612/612/612 610/610/610
f 613/613/613 610/610/610 611/611/611
f 615/615/615 614/614/614 612/612/612
f 615/615/615 612/612/612 613/613/613
f 617/617/617 616/616/616 614/614/614
f 617/617/617 614/614/614 615/615/615
f 619/619/619 618/618/618 616/616/616
f 619/619/619 616/616/616 617/617/617
f 621/621/621 620/620/620 618/618/618
f 621/621/621 618/618/618 619/619/619
f 623/623/623 622/622/622 620/620/620
f 623/623/623 620/620/620 621/621/621
f 625/625/625 624/624/624 622/622/622
f 625/625/625 622/622/622 623/623/623
f 627/627/627 626/626/626 624/624/624
f 627/627/627 624/624/624 625/625/625
f 629/629/629 628/628/628 626/626/626
f 629/629/629 626/626/626 627/627/627
f 631/631/631 630/630/630 628/628/628
f 631/631/631 628/628/628 629/629/629
f 633/633/633 632/632/632 630/630/630
f 633/633/633 630/630/630 631/631/631
f 635/635/635 634/634/634 632/632/632
f 635/635/635 632/632/632 633/633/633
f 637/637/637 636/636/636 634/634/634
f 637/637/637 634/634/634 635/635/635
f 639/639/639 638/638/638 636/636/636
f 639/639/639 636/636/636 637/637/637
f 641/641/641 640/640/640 638/638/638
f 641/641/641 638/638/638 639/639/639
f 643/643/643 642/642/642 640/640/640
f 643/643/643 640/640/640 641/641/641
f 647/647/647 645/645/645 642/642/642
f 647/647/647 642/642/642 643/643/643
f 594/594/594 595/595/595 644/644/644
f 594/594/594 644/644/644 646/646/646
f 596/596/596 544/544/544 542/542/542
f 596/596/596 542/542/542 595/595/595
f 1123/1123/1123 106/106/106 57/57/57
f 1123/1123/1123 57/57/57 1074/1074/1074
f 561/561/561 648/648/648 559/559/559
f 593/593/593 648/648/648 590/590/590
f 547/547/547 648/648/648 545/545/545
f 578/578/578 648/648/648 576/576/576
f 563/563/563 648/648/648 561/561/561
f 541/541/541 648/648/648 593/593/593
f 549/549/549 648/648/648 547/547/547
f 580/580/580 648/648/648 578/578/578
f 565/565/565 648/648/648 563/563/563
f 551/551/551 648/648/648 549/549/549
f 582/582/582 648/648/648 580/580/580
f 568/568/568 648/648/648 565/565/565
f 553/553/553 648/648/648 551/551/551
f 584/584/584 648/648/648 582/582/582
f 570/570/570 648/648/648 568/568/568
f 555/555/555 648/648/648 553/553/553
f 586/586/586 648/648/648 584/584/584
f 572/572/572 648/648/648 570/570/570
f 557/557/557 648/648/648 555/555/555
f 588/588/588 648/648/648 586/586/586
f 543/543/543 648/648/648 541/541/541
f 574/574/574 648/648/648 572/572/572
f 559/559/559 648/648/648 557/557/557
f 590/590/590 648/648/648 588/588/588
f 545/545/545 648/648/648 543/543/543
f 576/576/576 648/648/648 574/574/574
f 1076/1076/1076 488/488/488 487/487/487
f 1076/1076/1076 487/487/487 1073/1073/1073
f 33/33/33 788/788/788 790/790/790
f 33/33/33 790/790/790 35/35/35
f 697/697/697 699/699/699 859/859/859
f 697/697/697 859/859/859 857/857/857
f 31/31/31 786/786/786 788/788/788
f 31/31/31 788/788/788 33/33/33
f 697/697/697 857/857/857 855/855/855
f 697/697/697 855/855/855 695/695/695
f 30/30/30 784/784/784 786/786/786
f 30/30/30 786/786/786 31/31/31
f 855/855/855 853/853/853 693/693/693
f 855/855/855 693/693/693 695/695/695
f 28/28/28 783/783/783 784/784/784
f 28/28/28 784/784/784 30/30/30
f 853/853/853 851/851/851 691/691/691
f 853/853/853 691/691/691 693/693/693
f 26/26/26 781/781/781 783/783/783
f 26/26/26 783/783/783 28/28/28
f 851/851/851 849/849/849 689/689/689
f 851/851/851 689/689/689 691/691/691
f 24/24/24 779/779/779 781/781/781
f 24/24/24 781/781/781 26/26/26
f 849/849/849 847/847/847 687/687/687
f 849/849/849 687/687/687 689/689/689
f 22/22/22 777/777/777 779/779/779
f 22/22/22 779/779/779 24/24/24
f 847/847/847 845/845/845 685/685/685
f 847/847/847 685/685/685 687/687/687
f 20/20/20 775/775/775 777/777/777
f 20/20/20 777/777/777 22/22/22
f 845/845/845 843/843/843 683/683/683
f 845/845/845 683/683/683 685/685/685
f 18/18/18 773/773/773 775/775/775
f 18/18/18 775/775/775 20/20/20
f 843/843/843 841/841/841 681/681/681
f 843/843/843 681/681/681 683/683/683
f 16/16/16 771/771/771 773/773/773
f 16/16/16 773/773/773 18/18/18
f 841/841/841 839/839/839 679/679/679
f 841/841/841 679/679/679 681/681/681
f 14/14/14 769/769/769 771/771/771
f 14/14/14 771/771/771 16/16/16
f 839/839/839 837/837/837 677/677/677
f 839/839/839 677/677/677 679/679/679
f 12/12/12 767/767/767 769/769/769
f 12/12/12 769/769/769 14/14/14
f 837/837/837 836/836/836 674/674/674
f 837/837/837 674/674/674 677/677/677
f 10/10/10 765/765/765 767/767/767
f 10/10/10 767/767/767 12/12/12
f 836/836/836 834/834/834 672/672/672
f 836/836/836 672/672/672 674/674/674
f 834/834/834 832/832/832 670/670/670
f 834/834/834 670/670/670 672/672/672
f 701/701/701 649/649/649 814/814/814
f 701/701/701 814/814/814 861/861/861
f 656/656/656 658/658/658 820/820/820
f 656/656/656 820/820/820 818/818/818
f 658/658/658 660/660/660 822/822/822
f 658/658/658 822/822/822 820/820/820
f 660/660/660 662/662/662 824/824/824
f 660/660/660 824/824/824 822/822/822
f 662/662/662 664/664/664 826/826/826
f 662/662/662 826/826/826 824/824/824
f 664/664/664 666/666/666 828/828/828
f 664/664/664 828/828/828 826/826/826
f 666/666/666 668/668/668 830/830/830
f 666/666/666 830/830/830 828/828/828
f 652/652/652 654/654/654 816/816/816
f 652/652/652 816/816/816 811/811/811
f 668/668/668 670/670/670 832/832/832
f 668/668/668 832/832/832 830/830/830
f 699/699/699 701/701/701 861/861/861
f 699/699/699 861/861/861 859/859/859
f 654/654/654 656/656/656 818/818/818
f 654/654/654 818/818/818 816/816/816
f 653/653/653 706/706/706 708/708/708
f 653/653/653 708/708/708 655/655/655
f 682/682/682 735/735/735 737/737/737
f 682/682/682 737/737/737 684/684/684
f 669/669/669 722/722/722 724/724/724
f 669/669/669 724/724/724 671/671/671
f 698/698/698 751/751/751 753/753/753
f 698/698/698 753/753/753 700/700/700
f 655/655/655 708/708/708 710/710/710
f 655/655/655 710/710/710 657/657/657
f 684/684/684 737/737/737 739/739/739
f 684/684/684 739/739/739 686/686/686
f 671/671/671 724/724/724 726/726/726
f 671/671/671 726/726/726 673/673/673
f 700/700/700 753/753/753 704/704/704
f 700/700/700 704/704/704 650/650/650
f 657/657/657 710/710/710 712/712/712
f 657/657/657 712/712/712 659/659/659
f 686/686/686 739/739/739 741/741/741
f 686/686/686 741/741/741 688/688/688
f 673/673/673 726/726/726 728/728/728
f 673/673/673 728/728/728 675/675/675
f 659/659/659 712/712/712 714/714/714
f 659/659/659 714/714/714 661/661/661
f 688/688/688 741/741/741 743/743/743
f 688/688/688 743/743/743 690/690/690
f 675/675/675 728/728/728 729/729/729
f 675/675/675 729/729/729 676/676/676
f 661/661/661 714/714/714 716/716/716
f 661/661/661 716/716/716 663/663/663
f 690/690/690 743/743/743 745/745/745
f 690/690/690 745/745/745 692/692/692
f 676/676/676 729/729/729 731/731/731
f 676/676/676 731/731/731 678/678/678
f 663/663/663 716/716/716 718/718/718
f 663/663/663 718/718/718 665/665/665
f 692/692/692 745/745/745 747/747/747
f 692/692/692 747/747/747 694/694/694
f 678/678/678 731/731/731 733/733/733
f 678/678/678 733/733/733 680/680/680
f 665/665/665 718/718/718 720/720/720
f 665/665/665 720/720/720 667/667/667
f 694/694/694 747/747/747 749/749/749
f 694/694/694 749/749/749 696/696/696
f 651/651/651 703/703/703 706/706/706
f 651/651/651 706/706/706 653/653/653
f 680/680/680 733/733/733 735/735/735
f 680/680/680 735/735/735 682/682/682
f 667/667/667 720/720/720 722/722/722
f 667/667/667 722/722/722 669/669/669
f 696/696/696 749/749/749 751/751/751
f 696/696/696 751/751/751 698/698/698
f 750/750/750 755/755/755 752/752/752
f 705/705/705 755/755/755 707/707/707
f 736/736/736 755/755/755 738/738/738
f 721/721/721 755/755/755 723/723/723
f 752/752/752 755/755/755 754/754/754
f 707/707/707 755/755/755 709/709/709
f 738/738/738 755/755/755 740/740/740
f 723/723/723 755/755/755 725/725/725
f 754/754/754 755/755/755 702/702/702
f 709/709/709 755/755/755 711/711/711
f 740/740/740 755/755/755 742/742/742
f 725/725/725 755/755/755 727/727/727
f 711/711/711 755/755/755 713/713/713
f 742/742/742 755/755/755 744/744/744
f 727/727/727 755/755/755 730/730/730
f 713/713/713 755/755/755 715/715/715
f 744/744/744 755/755/755 746/746/746
f 730/730/730 755/755/755 732/732/732
f 715/715/715 755/755/755 717/717/717
f 746/746/746 755/755/755 748/748/748
f 732/732/732 755/755/755 734/734/734
f 717/717/717 755/755/755 719/719/719
f 748/748/748 755/755/755 750/750/750
f 702/702/702 755/755/755 705/705/705
f 734/734/734 755/755/755 736/736/736
f 719/719/719 755/755/755 721/721/721
f 768/768/768 821/821/821 823/823/823
f 768/768/768 823/823/823 770/770/770
f 799/799/799 852/852/852 854/854/854
f 799/799/799 854/854/854 801/801/801
f 785/785/785 838/838/838 840/840/840
f 785/785/785 840/840/840 787/787/787
f 770/770/770 823/823/823 825/825/825
f 770/770/770 825/825/825 772/772/772
f 801/801/801 854/854/854 856/856/856
f 801/801/801 856/856/856 803/803/803
f 787/787/787 840/840/840 842/842/842
f 787/787/787 842/842/842 789/789/789
f 772/772/772 825/825/825 827/827/827
f 772/772/772 827/827/827 774/774/774
f 803/803/803 856/856/856 858/858/858
f 803/803/803 858/858/858 805/805/805
f 759/759/759 813/813/813 810/810/810
f 759/759/759 810/810/810 756/756/756
f 789/789/789 842/842/842 844/844/844
f 789/789/789 844/844/844 791/791/791
f 774/774/774 827/827/827 829/829/829
f 774/774/774 829/829/829 776/776/776
f 805/805/805 858/858/858 860/860/860
f 805/805/805 860/860/860 807/807/807
f 756/756/756 810/810/810 815/815/815
f 756/756/756 815/815/815 762/762/762
f 791/791/791 844/844/844 846/846/846
f 791/791/791 846/846/846 793/793/793
f 776/776/776 829/829/829 831/831/831
f 776/776/776 831/831/831 778/778/778
f 807/807/807 860/860/860 862/862/862
f 807/807/807 862/862/862 809/809/809
f 762/762/762 815/815/815 817/817/817
f 762/762/762 817/817/817 764/764/764
f 793/793/793 846/846/846 848/848/848
f 793/793/793 848/848/848 795/795/795
f 778/778/778 831/831/831 833/833/833
f 778/778/778 833/833/833 780/780/780
f 809/809/809 862/862/862 812/812/812
f 809/809/809 812/812/812 758/758/758
f 764/764/764 817/817/817 819/819/819
f 764/764/764 819/819/819 766/766/766
f 795/795/795 848/848/848 850/850/850
f 795/795/795 850/850/850 797/797/797
f 780/780/780 833/833/833 835/835/835
f 780/780/780 835/835/835 782/782/782
f 766/766/766 819/819/819 821/821/821
f 766/766/766 821/821/821 768/768/768
f 797/797/797 850/850/850 852/852/852
f 797/797/797 852/852/852 799/799/799
f 782/782/782 835/835/835 838/838/838
f 782/782/782 838/838/838 785/785/785
f 35/35/35 790/790/790 792/792/792
f 35/35/35 792/792/792 37/37/37
f 37/37/37 792/792/792 794/794/794
f 37/37/37 794/794/794 39/39/39
f 39/39/39 794/794/794 796/796/796
f 39/39/39 796/796/796 41/41/41
f 41/41/41 796/796/796 798/798/798
f 41/41/41 798/798/798 43/43/43
f 43/43/43 798/798/798 800/800/800
f 43/43/43 800/800/800 45/45/45
f 45/45/45 800/800/800 802/802/802
f 45/45/45 802/802/802 47/47/47
f 47/47/47 802/802/802 804/804/804
f 47/47/47 804/804/804 49/49/49
f 49/49/49 804/804/804 806/806/806
f 49/49/49 806/806/806 51/51/51
f 51/51/51 806/806/806 808/808/808
f 51/51/51 808/808/808 53/53/53
f 53/53/53 808/808/808 760/760/760
f 53/53/53 760/760/760 3/3/3
f 4/4/4 761/761/761 757/757/757
f 4/4/4 757/757/757 6/6/6
f 6/6/6 757/757/757 763/763/763
f 6/6/6 763/763/763 8/8/8
f 8/8/8 763/763/763 765/765/765
f 8/8/8 765/765/765 10/10/10
f 649/649/649 652/652/652 811/811/811
f 649/649/649 811/811/811 814/814/814
f 867/867/867 1034/1034/1034 883/883/883
f 867/867/867 883/883/883 866/866/866
f 876/876/876 892/892/892 890/890/890
f 876/876/876 890/890/890 874/874/874
f 877/877/877 893/893/893 891/891/891
f 877/877/877 891/891/891 875/875/875
f 869/869/869 885/885/885 884/884/884
f 869/869/869 884/884/884 868/868/868
f 878/878/878 894/894/894 893/893/893
f 878/878/878 893/893/893 877/877/877
f 870/870/870 886/886/886 885/885/885
f 870/870/870 885/885/885 869/869/869
f 879/879/879 895/895/895 894/894/894
f 879/879/879 894/894/894 878/878/878
f 871/871/871 887/887/887 886/886/886
f 871/871/871 886/886/886 870/870/870
f 864/864/864 881/881/881 880/880/880
f 864/864/864 880/880/880 863/863/863
f 863/863/863 880/880/880 895/895/895
f 863/863/863 895/895/895 879/879/879
f 872/872/872 888/888/888 887/887/887
f 872/872/872 887/887/887 871/871/871
f 865/865/865 882/882/882 881/881/881
f 865/865/865 881/881/881 864/864/864
f 873/873/873 889/889/889 888/888/888
f 873/873/873 888/888/888 872/872/872
f 866/866/866 883/883/883 882/882/882
f 866/866/866 882/882/882 865/865/865
f 874/874/874 890/890/890 889/889/889
f 874/874/874 889/889/889 873/873/873
f 889/889/889 906/906/906 905/905/905
f 889/889/889 905/905/905 888/888/888
f 883/883/883 899/899/899 898/898/898
f 883/883/883 898/898/898 882/882/882
f 890/890/890 907/907/907 906/906/906
f 890/890/890 906/906/906 889/889/889
f 1034/1034/1034 900/900/900 899/899/899
f 1034/1034/1034 899/899/899 883/883/883
f 892/892/892 909/909/909 907/907/907
f 892/892/892 907/907/907 890/890/890
f 893/893/893 910/910/910 908/908/908
f 893/893/893 908/908/908 891/891/891
f 885/885/885 902/902/902 901/901/901
f 885/885/885 901/901/901 884/884/884
f 894/894/894 911/911/911 910/910/910
f 894/894/894 910/910/910 893/893/893
f 886/886/886 903/903/903 902/902/902
f 886/886/886 902/902/902 885/885/885
f 895/895/895 912/912/912 911/911/911
f 895/895/895 911/911/911 894/894/894
f 887/887/887 904/904/904 903/903/903
f 887/887/887 903/903/903 886/886/886
f 881/881/881 897/897/897 896/896/896
f 881/881/881 896/896/896 880/880/880
f 880/880/880 896/896/896 912/912/912
f 880/880/880 912/912/912 895/895/895
f 888/888/888 905/905/905 904/904/904
f 888/888/888 904/904/904 887/887/887
f 882/882/882 898/898/898 897/897/897
f 882/882/882 897/897/897 881/881/881
f 912/912/912 944/944/944 942/942/942
f 912/912/912 942/942/942 911/911/911
f 904/904/904 929/929/929 927/927/927
f 904/904/904 927/927/927 903/903/903
f 897/897/897 915/915/915 913/913/913
f 897/897/897 913/913/913 896/896/896
f 896/896/896 913/913/913 944/944/944
f 896/896/896 944/944/944 912/912/912
f 905/905/905 931/931/931 929/929/929
f 905/905/905 929/929/929 904/904/904
f 898/898/898 917/917/917 915/915/915
f 898/898/898 915/915/915 897/897/897
f 906/906/906 933/933/933 931/931/931
f 906/906/906 931/931/931 905/905/905
f 899/899/899 919/919/919 917/917/917
f 899/899/899 917/917/917 898/898/898
f 907/907/907 935/935/935 933/933/933
f 907/907/907 933/933/933 906/906/906
f 900/900/900 921/921/921 919/919/919
f 900/900/900 919/919/919 899/899/899
f 909/909/909 938/938/938 935/935/935
f 909/909/909 935/935/935 907/907/907
f 910/910/910 940/940/940 937/937/937
f 910/910/910 937/937/937 908/908/908
f 902/902/902 925/925/925 923/923/923
f 902/902/902 923/923/923 901/901/901
f 911/911/911 942/942/942 940/940/940
f 911/911/911 940/940/940 910/910/910
f 903/903/903 927/927/927 925/925/925
f 903/903/903 925/925/925 902/902/902
f 995/995/995 955/955/955 953/953/953
f 995/995/995 953/953/953 994/994/994
f 997/997/997 1023/1023/1023 1021/1021/1021
f 997/997/997 1021/1021/1021 996/996/996
f 998/998/998 957/957/957 955/955/955
f 998/998/998 955/955/955 995/995/995
f 999/999/999 1025/1025/1025 1023/1023/1023
f 999/999/999 1023/1023/1023 997/997/997
f 1000/1000/1000 1027/1027/1027 957/957/957
f 1000/1000/1000 957/957/957 998/998/998
f 1001/1001/1001 1029/1029/1029 1025/1025/1025
f 1001/1001/1001 1025/1025/1025 999/999/999
f 1003/1003/1003 949/949/949 947/947/947
f 1003/1003/1003 947/947/947 1002/1002/1002
f 1002/1002/1002 947/947/947 1027/1027/1027
f 1002/1002/1002 1027/1027/1027 1000/1000/1000
f 1004/1004/1004 1031/1031/1031 1029/1029/1029
f 1004/1004/1004 1029/1029/1029 1001/1001/1001
f 1005/1005/1005 1014/1014/1014 949/949/949
f 1005/1005/1005 949/949/949 1003/1003/1003
f 1006/1006/1006 951/951/951 1031/1031/1031
f 1006/1006/1006 1031/1031/1031 1004/1004/1004
f 1007/1007/1007 1016/1016/1016 1014/1014/1014
f 1007/1007/1007 1014/1014/1014 1005/1005/1005
f 1008/1008/1008 1018/1018/1018 951/951/951
f 1008/1008/1008 951/951/951 1006/1006/1006
f 1038/1038/1038 1037/1037/1037 1016/1016/1016
f 1038/1038/1038 1016/1016/1016 1007/1007/1007
f 994/994/994 953/953/953 1018/1018/1018
f 994/994/994 1018/1018/1018 1008/1008/1008
f 1015/1015/1015 965/965/965 963/963/963
f 1015/1015/1015 963/963/963 1013/1013/1013
f 1017/1017/1017 983/983/983 981/981/981
f 1017/1017/1017 981/981/981 950/950/950
f 1035/1035/1035 968/968/968 965/965/965
f 1035/1035/1035 965/965/965 1015/1015/1015
f 952/952/952 985/985/985 983/983/983
f 952/952/952 983/983/983 1017/1017/1017
f 954/954/954 987/987/987 985/985/985
f 954/954/954 985/985/985 952/952/952
f 1022/1022/1022 974/974/974 972/972/972
f 1022/1022/1022 972/972/972 1019/1019/1019
f 956/956/956 989/989/989 987/987/987
f 956/956/956 987/987/987 954/954/954
f 1024/1024/1024 976/976/976 974/974/974
f 1024/1024/1024 974/974/974 1022/1022/1022
f 1026/1026/1026 991/991/991 989/989/989
f 1026/1026/1026 989/989/989 956/956/956
f 1028/1028/1028 977/977/977 976/976/976
f 1028/1028/1028 976/976/976 1024/1024/1024
f 948/948/948 961/961/961 958/958/958
f 948/948/948 958/958/958 946/946/946
f 946/946/946 958/958/958 991/991/991
f 946/946/946 991/991/991 1026/1026/1026
f 1030/1030/1030 979/979/979 977/977/977
f 1030/1030/1030 977/977/977 1028/1028/1028
f 1013/1013/1013 963/963/963 961/961/961
f 1013/1013/1013 961/961/961 948/948/948
f 950/950/950 981/981/981 979/979/979
f 950/950/950 979/979/979 1030/1030/1030
f 978/978/978 993/993/993 975/975/975
f 960/960/960 993/993/993 959/959/959
f 959/959/959 993/993/993 992/992/992
f 980/980/980 993/993/993 978/978/978
f 962/962/962 993/993/993 960/960/960
f 982/982/982 993/993/993 980/980/980
f 964/964/964 993/993/993 962/962/962
f 984/984/984 993/993/993 982/982/982
f 967/967/967 993/993/993 964/964/964
f 986/986/986 993/993/993 984/984/984
f 969/969/969 993/993/993 967/967/967
f 988/988/988 993/993/993 986/986/986
f 973/973/973 993/993/993 970/970/970
f 990/990/990 993/993/993 988/988/988
f 975/975/975 993/993/993 973/973/973
f 992/992/992 993/993/993 990/990/990
f 939/939/939 994/994/994 1008/1008/1008
f 939/939/939 1008/1008/1008 936/936/936
f 922/922/922 1038/1038/1038 1007/1007/1007
f 922/922/922 1007/1007/1007 920/920/920
f 936/936/936 1008/1008/1008 1006/1006/1006
f 936/936/936 1006/1006/1006 934/934/934
f 920/920/920 1007/1007/1007 1005/1005/1005
f 920/920/920 1005/1005/1005 918/918/918
f 934/934/934 1006/1006/1006 1004/1004/1004
f 934/934/934 1004/1004/1004 932/932/932
f 918/918/918 1005/1005/1005 1003/1003/1003
f 918/918/918 1003/1003/1003 916/916/916
f 932/932/932 1004/1004/1004 1001/1001/1001
f 932/932/932 1001/1001/1001 930/930/930
f 914/914/914 1002/1002/1002 1000/1000/1000
f 914/914/914 1000/1000/1000 945/945/945
f 916/916/916 1003/1003/1003 1002/1002/1002
f 916/916/916 1002/1002/1002 914/914/914
f 930/930/930 1001/1001/1001 999/999/999
f 930/930/930 999/999/999 928/928/928
f 945/945/945 1000/1000/1000 998/998/998
f 945/945/945 998/998/998 943/943/943
f 928/928/928 999/999/999 997/997/997
f 928/928/928 997/997/997 926/926/926
f 943/943/943 998/998/998 995/995/995
f 943/943/943 995/995/995 941/941/941
f 926/926/926 997/997/997 996/996/996
f 926/926/926 996/996/996 924/924/924
f 941/941/941 995/995/995 994/994/994
f 941/941/941 994/994/994 939/939/939
f 1020/1020/1020 1033/1033/1033 1009/1009/1009
f 1036/1036/1036 1032/1032/1032 1012/1012/1012
f 1036/1036/1036 1012/1012/1012 966/966/966
f 1041/1041/1041 1012/1012/1012 1032/1032/1032
f 1041/1041/1041 1032/1032/1032 1045/1045/1045
f 1036/1036/1036 1010/1010/1010 1032/1032/1032
f 971/971/971 1011/1011/1011 1033/1033/1033
f 971/971/971 1033/1033/1033 1020/1020/1020
f 924/924/924 996/996/996 1038/1038/1038
f 924/924/924 1038/1038/1038 922/922/922
f 996/996/996 1021/1021/1021 1037/1037/1037
f 996/996/996 1037/1037/1037 1038/1038/1038
f 901/901/901 923/923/923 921/921/921
f 901/901/901 921/921/921 900/900/900
f 884/884/884 901/901/901 900/900/900
f 884/884/884 900/900/900 1034/1034/1034
f 868/868/868 884/884/884 1034/1034/1034
f 868/868/868 1034/1034/1034 867/867/867
f 1045/1045/1045 1032/1032/1032 1010/1010/1010
f 1045/1045/1045 1010/1010/1010 1043/1043/1043
f 1033/1033/1033 1044/1044/1044 1042/1042/1042
f 1033/1033/1033 1042/1042/1042 1009/1009/1009
f 1011/1011/1011 1040/1040/1040 1044/1044/1044
f 1011/1011/1011 1044/1044/1044 1033/1033/1033
f 1010/1010/1010 1039/1039/1039 1043/1043/1043
f 1039/1039/1039 1009/1009/1009 1042/1042/1042
f 1009/1009/1009 1039/1039/1039 1020/1020/1020
f 1036/1036/1036 1020/1020/1020 1039/1039/1039
f 1010/1010/1010 1036/1036/1036 1039/1039/1039
f 527/527/527 1061/1061/1061 1060/1060/1060
f 527/527/527 1060/1060/1060 526/526/526
f 534/534/534 1068/1068/1068 1067/1067/1067
f 534/534/534 1067/1067/1067 533/533/533
f 519/519/519 1053/1053/1053 1052/1052/1052
f 519/519/519 1052/1052/1052 518/518/518
f 526/526/526 1060/1060/1060 1059/1059/1059
f 526/526/526 1059/1059/1059 525/525/525
f 533/533/533 1067/1067/1067 1066/1066/1066
f 533/533/533 1066/1066/1066 532/532/532
f 518/518/518 1052/1052/1052 1051/1051/1051
f 518/518/518 1051/1051/1051 517/517/517
f 514/514/514 1047/1047/1047 1048/1048/1048
f 514/514/514 1048/1048/1048 539/539/539
f 525/525/525 1059/1059/1059 1058/1058/1058
f 525/525/525 1058/1058/1058 524/524/524
f 532/532/532 1066/1066/1066 1065/1065/1065
f 532/532/532 1065/1065/1065 531/531/531
f 517/517/517 1051/1051/1051 1050/1050/1050
f 517/517/517 1050/1050/1050 516/516/516
f 540/540/540 1049/1049/1049 1072/1072/1072
f 540/540/540 1072/1072/1072 538/538/538
f 524/524/524 1058/1058/1058 1057/1057/1057
f 524/524/524 1057/1057/1057 523/523/523
f 531/531/531 1065/1065/1065 1064/1064/1064
f 531/531/531 1064/1064/1064 530/530/530
f 516/516/516 1050/1050/1050 1046/1046/1046
f 516/516/516 1046/1046/1046 515/515/515
f 538/538/538 1072/1072/1072 1071/1071/1071
f 538/538/538 1071/1071/1071 537/537/537
f 523/523/523 1057/1057/1057 1056/1056/1056
f 523/523/523 1056/1056/1056 522/522/522
f 530/530/530 1064/1064/1064 1063/1063/1063
f 530/530/530 1063/1063/1063 529/529/529
f 515/515/515 1046/1046/1046 1047/1047/1047
f 515/515/515 1047/1047/1047 514/514/514
f 537/537/537 1071/1071/1071 1070/1070/1070
f 537/537/537 1070/1070/1070 536/536/536
f 522/522/522 1056/1056/1056 1055/1055/1055
f 522/522/522 1055/1055/1055 521/521/521
f 529/529/529 1063/1063/1063 1062/1062/1062
f 529/529/529 1062/1062/1062 528/528/528
f 536/536/536 1070/1070/1070 1069/1069/1069
f 536/536/536 1069/1069/1069 535/535/535
f 521/521/521 1055/1055/1055 1054/1054/1054
f 521/521/521 1054/1054/1054 520/520/520
f 528/528/528 1062/1062/1062 1061/1061/1061
f 528/528/528 1061/1061/1061 527/527/527
f 535/535/535 1069/1069/1069 1068/1068/1068
f 535/535/535 1068/1068/1068 534/534/534
f 520/520/520 1054/1054/1054 1053/1053/1053
f 520/520/520 1053/1053/1053 519/519/519
f 1074/1074/1074 1075/1075/1075 1076/1076/1076
f 1074/1074/1074 1076/1076/1076 1073/1073/1073
f 1075/1075/1075 1077/1077/1077 1078/1078/1078
f 1075/1075/1075 1078/1078/1078 1076/1076/1076
f 1077/1077/1077 1079/1079/1079 1080/1080/1080
f 1077/1077/1077 1080/1080/1080 1078/1078/1078
f 1079/1079/1079 1081/1081/1081 1082/1082/1082
f 1079/1079/1079 1082/1082/1082 1080/1080/1080
f 1081/1081/1081 1083/1083/1083 1084/1084/1084
f 1081/1081/1081 1084/1084/1084 1082/1082/1082
f 1083/1083/1083 1085/1085/1085 1086/1086/1086
f 1083/1083/1083 1086/1086/1086 1084/1084/1084
f 1085/1085/1085 1087/1087/1087 1088/1088/1088
f 1085/1085/1085 1088/1088/1088 1086/1086/1086
f 1087/1087/1087 1089/1089/1089 1090/1090/1090
f 1087/1087/1087 1090/1090/1090 1088/1088/1088
f 1089/1089/1089 1091/1091/1091 1092/1092/1092
f 1089/1089/1089 1092/1092/1092 1090/1090/1090
f 1091/1091/1091 1093/1093/1093 1094/1094/1094
f 1091/1091/1091 1094/1094/1094 1092/1092/1092
f 1093/1093/1093 1095/1095/1095 1096/1096/1096
f 1093/1093/1093 1096/1096/1096 1094/1094/1094
f 1095/1095/1095 1097/1097/1097 1098/1098/1098
f 1095/1095/1095 1098/1098/1098 1096/1096/1096
f 1097/1097/1097 1099/1099/1099 1100/1100/1100
f 1097/1097/1097 1100/1100/1100 1098/1098/1098
f 1099/1099/1099 1101/1101/1101 1102/1102/1102
f 1099/1099/1099 1102/1102/1102 1100/1100/1100
f 1101/1101/1101 1103/1103/1103 1104/1104/1104
f 1101/1101/1101 1104/1104/1104 1102/1102/1102
f 1103/1103/1103 1105/1105/1105 1106/1106/1106
f 1103/1103/1103 1106/1106/1106 1104/1104/1104
f 1105/1105/1105 1107/1107/1107 1108/1108/1108
f 1105/1105/1105 1108/1108/1108 1106/1106/1106
f 1107/1107/1107 1109/1109/1109 1110/1110/1110
f 1107/1107/1107 1110/1110/1110 1108/1108/1108
f 1109/1109/1109 1111/1111/1111 1112/1112/1112
f 1109/1109/1109 1112/1112/1112 1110/1110/1110
f 1111/1111/1111 1113/1113/1113 1114/1114/1114
f 1111/1111/1111 1114/1114/1114 1112/1112/1112
f 1113/1113/1113 1115/1115/1115 1116/1116/1116
f 1113/1113/1113 1116/1116/1116 1114/1114/1114
f 1115/1115/1115 1117/1117/1117 1118/1118/1118
f 1115/1115/1115 1118/1118/1118 1116/1116/1116
f 1117/1117/1117 1119/1119/1119 1120/1120/1120
f 1117/1117/1117 1120/1120/1120 1118/1118/1118
f 1119/1119/1119 1121/1121/1121 1122/1122/1122
f 1119/1119/1119 1122/1122/1122 1120/1120/1120
f 1121/1121/1121 1124/1124/1124 1126/1126/1126
f 1121/1121/1121 1126/1126/1126 1122/1122/1122
f 1123/1123/1123 1074/1074/1074 1073/1073/1073
f 1123/1123/1123 1073/1073/1073 1125/1125/1125
f 1074/1074/1074 57/57/57 59/59/59
f 1074/1074/1074 59/59/59 1075/1075/1075
