mtllib model.mtl
o carpet
usemtl _02_-_Default
v -0.49605740901359496 1.39147014837247e-17 -0.06266624441707425
v -0.49605740901359496 -1.3914876290147077e-17 0.06266703167521293
v -0.49999999777210036 -8.911521920759053e-23 4.013392680163448e-7
v -0.49605740901359496 -1.3914876290147077e-17 0.06266703167521293
v -0.49605740901359496 1.39147014837247e-17 -0.06266624441707425
v -0.48429165445607936 2.7610050489991544e-17 -0.1243446130984065
v -0.49605740901359496 -1.3914876290147077e-17 0.06266703167521293
v -0.48429165445607936 2.7610050489991544e-17 -0.1243446130984065
v -0.48429136377615123 -2.7610222607084346e-17 0.1243453882448815
v -0.48429136377615123 -2.7610222607084346e-17 0.1243453882448815
v -0.48429165445607936 2.7610050489991544e-17 -0.1243446130984065
v -0.4648883332336631 4.0869964766105915e-17 -0.1840619580912799
v -0.48429136377615123 -2.7610222607084346e-17 0.1243453882448815
v -0.4648883332336631 4.0869964766105915e-17 -0.1840619580912799
v -0.46488804255373495 -4.087013419386914e-17 0.18406272112609123
v -0.46488804255373495 -4.087013419386914e-17 0.18406272112609123
v -0.4648883332336631 4.0869964766105915e-17 -0.1840619580912799
v -0.4381535313106646 5.3485343558949976e-17 -0.24087657332187007
v -0.46488804255373495 -4.087013419386914e-17 0.18406272112609123
v -0.4381535313106646 5.3485343558949976e-17 -0.24087657332187007
v -0.4381530468441177 -5.348549954006533e-17 0.24087727579836304
v -0.4381530468441177 -5.348549954006533e-17 0.24087727579836304
v -0.4381535313106646 5.3485343558949976e-17 -0.24087657332187007
v -0.4045087103595417 6.525723833455163e-17 -0.2938924742467144
v -0.4381530468441177 -5.348549954006533e-17 0.24087727579836304
v -0.4045087103595417 6.525723833455163e-17 -0.2938924742467144
v -0.4045082016696675 -6.525735128639379e-17 0.2938929829365886
v -0.4045082016696675 -6.525735128639379e-17 0.2938929829365886
v -0.4045087103595417 6.525723833455163e-17 -0.2938924742467144
v -0.3644844096957822 7.59999589537437e-17 -0.3422733868242531
v -0.4045082016696675 -6.525735128639379e-17 0.2938929829365886
v -0.3644844096957822 7.59999589537437e-17 -0.3422733868242531
v -0.364483901005908 -7.600007190558585e-17 0.34227389551412735
v -0.364483901005908 -7.600007190558585e-17 0.34227389551412735
v -0.3644844096957822 7.59999589537437e-17 -0.3422733868242531
v -0.3187120830165888 8.55441314398907e-17 -0.3852565184764245
v -0.364483901005908 -7.600007190558585e-17 0.34227389551412735
v -0.3187120830165888 8.55441314398907e-17 -0.3852565184764245
v -0.3187115743267146 -8.554424439173285e-17 0.3852570271662987
v -0.3187115743267146 -8.554424439173285e-17 0.3852570271662987
v -0.3187120830165888 8.55441314398907e-17 -0.3852565184764245
v -0.26791360970013933 9.373918560874579e-17 -0.4221637613775613
v -0.3187115743267146 -8.554424439173285e-17 0.3852570271662987
v -0.26791360970013933 9.373918560874579e-17 -0.4221637613775613
v -0.26791285877699167 -9.373929318192879e-17 0.42216424584410817
v -0.26791285877699167 -9.373929318192879e-17 0.42216424584410817
v -0.26791360970013933 9.373918560874579e-17 -0.4221637613775613
v -0.21288981294842557 1.0045594758216105e-16 -0.45241336809817057
v -0.26791285877699167 -9.373929318192879e-17 0.42216424584410817
v -0.21288981294842557 1.0045594758216105e-16 -0.45241336809817057
v -0.21288908624860525 -1.0045605515534405e-16 0.45241385256471744
v -0.21288908624860525 -1.0045605515534405e-16 0.45241385256471744
v -0.21288981294842557 1.0045594758216105e-16 -0.45241336809817057
v -0.15450871147349154 1.0558845777488025e-16 -0.47552813908957603
v -0.21288908624860525 -1.0045605515534405e-16 0.45241385256471744
v -0.15450871147349154 1.0558845777488025e-16 -0.47552813908957603
v -0.1545078636570345 -1.0558851156147175e-16 0.47552838132284947
v -0.1545078636570345 -1.0558851156147175e-16 0.47552838132284947
v -0.15450871147349154 1.0558845777488025e-16 -0.47552813908957603
v -0.09369084621689483 1.0905577812401325e-16 -0.49114356172190554
v -0.1545078636570345 -1.0558851156147175e-16 0.47552838132284947
v -0.09369084621689483 1.0905577812401325e-16 -0.49114356172190554
v -0.09368998023294228 -1.0905583191060475e-16 0.491143803955179
v -0.09368998023294228 -1.0905583191060475e-16 0.491143803955179
v -0.09369084621689483 1.0905577812401325e-16 -0.49114356172190554
v -0.03139541552271807 1.108032506952771e-16 -0.4990134785426896
v -0.09368998023294228 -1.0905583191060475e-16 0.491143803955179
v -0.03139541552271807 1.108032506952771e-16 -0.4990134785426896
v -0.031394552566681444 -1.108032506952771e-16 0.4990134785426896
v -0.031394552566681444 -1.108032506952771e-16 0.4990134785426896
v -0.03139541552271807 1.108032506952771e-16 -0.4990134785426896
v 0.03139513695445362 1.108032506952771e-16 -0.4990134785426896
v -0.031394552566681444 -1.108032506952771e-16 0.4990134785426896
v 0.03139513695445362 1.108032506952771e-16 -0.4990134785426896
v 0.031395999910490247 -1.108031969086856e-16 0.4990132363094162
v 0.031395999910490247 -1.108031969086856e-16 0.4990132363094162
v 0.03139513695445362 1.108032506952771e-16 -0.4990134785426896
v 0.09369056764863037 1.0905577812401325e-16 -0.49114356172190554
v 0.031395999910490247 -1.108031969086856e-16 0.4990132363094162
v 0.09369056764863037 1.0905577812401325e-16 -0.49114356172190554
v 0.09369140335342374 -1.0905577812401325e-16 0.49114356172190554
v 0.09369140335342374 -1.0905577812401325e-16 0.49114356172190554
v 0.09369056764863037 1.0905577812401325e-16 -0.49114356172190554
v 0.15450842079356342 1.0558851156147175e-16 -0.47552838132284947
v 0.09369140335342374 -1.0905577812401325e-16 0.49114356172190554
v 0.15450842079356342 1.0558851156147175e-16 -0.47552838132284947
v 0.1545092443866931 -1.0558839323097045e-16 0.4755278484096479
v 0.1545092443866931 -1.0558839323097045e-16 0.4755278484096479
v 0.15450842079356342 1.0558851156147175e-16 -0.47552838132284947
v 0.21288959493847948 1.0045600136875255e-16 -0.452413610331444
v 0.1545092443866931 -1.0558839323097045e-16 0.4755278484096479
v 0.21288959493847948 1.0045600136875255e-16 -0.452413610331444
v 0.21289039430828183 -1.0045589379556955e-16 0.4524131258648971
v 0.21289039430828183 -1.0045589379556955e-16 0.4524131258648971
v 0.21288959493847948 1.0045600136875255e-16 -0.452413610331444
v 0.26791334324353855 9.373923939533729e-17 -0.4221640036108347
v 0.21289039430828183 -1.0045589379556955e-16 0.4524131258648971
v 0.26791334324353855 9.373923939533729e-17 -0.4221640036108347
v 0.26791411839001356 -9.373912106483599e-17 0.42216347069763316
v 0.26791411839001356 -9.373912106483599e-17 0.42216347069763316
v 0.26791334324353855 9.373923939533729e-17 -0.4221640036108347
v 0.3187120830165888 8.55441314398907e-17 -0.3852565184764245
v 0.26791411839001356 -9.373912106483599e-17 0.42216347069763316
v 0.3187120830165888 8.55441314398907e-17 -0.3852565184764245
v 0.31871259170646304 -8.554401848804855e-17 0.3852560097865503
v 0.31871259170646304 -8.554401848804855e-17 0.3852560097865503
v 0.3187120830165888 8.55441314398907e-17 -0.3852565184764245
v 0.3644844096957822 7.60000127403352e-17 -0.34227362905752656
v 0.31871259170646304 -8.554401848804855e-17 0.3852560097865503
v 0.3644844096957822 7.60000127403352e-17 -0.34227362905752656
v 0.36448491838565644 -7.599984600190155e-17 0.3422728781343789
v 0.36448491838565644 -7.599984600190155e-17 0.3422728781343789
v 0.3644844096957822 7.60000127403352e-17 -0.34227362905752656
v 0.4045084681262683 6.525729212114313e-17 -0.2938927164799878
v 0.36448491838565644 -7.599984600190155e-17 0.3422728781343789
v 0.4045084681262683 6.525729212114313e-17 -0.2938927164799878
v 0.4045089768161425 -6.525712538270948e-17 0.29389196555684016
v 0.4045089768161425 -6.525712538270948e-17 0.29389196555684016
v 0.4045084681262683 6.525729212114313e-17 -0.2938927164799878
v 0.43815328907739115 5.3485408102859776e-17 -0.2408768640017982
v 0.4045089768161425 -6.525712538270948e-17 0.29389196555684016
v 0.43815328907739115 5.3485408102859776e-17 -0.2408768640017982
v 0.4381538219905927 -5.3485219849789524e-17 0.24087601618534116
v 0.4381538219905927 -5.3485219849789524e-17 0.24087601618534116
v 0.43815328907739115 5.3485408102859776e-17 -0.2408768640017982
v 0.4648883332336631 4.0870040067334016e-17 -0.1840622972178627
v 0.4381538219905927 -5.3485219849789524e-17 0.24087601618534116
v 0.4648883332336631 4.0870040067334016e-17 -0.1840622972178627
v 0.4648885754669365 -4.0869835678286313e-17 0.18406137673142364
v 0.4648885754669365 -4.0869835678286313e-17 0.18406137673142364
v 0.4648883332336631 4.0870040067334016e-17 -0.1840622972178627
v 0.48429165445607936 2.761012848054922e-17 -0.12434496433665299
v 0.4648885754669365 -4.0869835678286313e-17 0.18406137673142364
v 0.48429165445607936 2.761012848054922e-17 -0.12434496433665299
v 0.4842918966893528 -2.7609907955524067e-17 0.12434397118023188
v 0.4842918966893528 -2.7609907955524067e-17 0.12434397118023188
v 0.48429165445607936 2.761012848054922e-17 -0.12434496433665299
v 0.49605740901359496 1.3914786197606313e-17 -0.06266662593447991
v 0.4842918966893528 -2.7609907955524067e-17 0.12434397118023188
v 0.49605740901359496 1.3914786197606313e-17 -0.06266662593447991
v 0.49605740901359496 -1.391456029392201e-17 0.06266560855473147
v 0.49605740901359496 -1.391456029392201e-17 0.06266560855473147
v 0.49605740901359496 1.3914786197606313e-17 -0.06266662593447991
v 0.49999999777210036 0 0
v 0.49999999777210036 0 0
v 0.49605740901359496 1.3914786197606313e-17 -0.06266662593447991
v 0.49605740901359496 -1.391456029392201e-17 0.06266560855473147
v 0.49605740901359496 -1.391456029392201e-17 0.06266560855473147
v 0.49605740901359496 1.3914786197606313e-17 -0.06266662593447991
v 0.4842918966893528 -2.7609907955524067e-17 0.12434397118023188
v 0.49605740901359496 1.3914786197606313e-17 -0.06266662593447991
v 0.48429165445607936 2.761012848054922e-17 -0.12434496433665299
v 0.4842918966893528 -2.7609907955524067e-17 0.12434397118023188
v 0.4842918966893528 -2.7609907955524067e-17 0.12434397118023188
v 0.48429165445607936 2.761012848054922e-17 -0.12434496433665299
v 0.4648885754669365 -4.0869835678286313e-17 0.18406137673142364
v 0.48429165445607936 2.761012848054922e-17 -0.12434496433665299
v 0.4648883332336631 4.0870040067334016e-17 -0.1840622972178627
v 0.4648885754669365 -4.0869835678286313e-17 0.18406137673142364
v 0.4648885754669365 -4.0869835678286313e-17 0.18406137673142364
v 0.4648883332336631 4.0870040067334016e-17 -0.1840622972178627
v 0.4381538219905927 -5.3485219849789524e-17 0.24087601618534116
v 0.4648883332336631 4.0870040067334016e-17 -0.1840622972178627
v 0.43815328907739115 5.3485408102859776e-17 -0.2408768640017982
v 0.4381538219905927 -5.3485219849789524e-17 0.24087601618534116
v 0.4381538219905927 -5.3485219849789524e-17 0.24087601618534116
v 0.43815328907739115 5.3485408102859776e-17 -0.2408768640017982
v 0.4045089768161425 -6.525712538270948e-17 0.29389196555684016
v 0.43815328907739115 5.3485408102859776e-17 -0.2408768640017982
v 0.4045084681262683 6.525729212114313e-17 -0.2938927164799878
v 0.4045089768161425 -6.525712538270948e-17 0.29389196555684016
v 0.4045089768161425 -6.525712538270948e-17 0.29389196555684016
v 0.4045084681262683 6.525729212114313e-17 -0.2938927164799878
v 0.36448491838565644 -7.599984600190155e-17 0.3422728781343789
v 0.4045084681262683 6.525729212114313e-17 -0.2938927164799878
v 0.3644844096957822 7.60000127403352e-17 -0.34227362905752656
v 0.36448491838565644 -7.599984600190155e-17 0.3422728781343789
v 0.36448491838565644 -7.599984600190155e-17 0.3422728781343789
v 0.3644844096957822 7.60000127403352e-17 -0.34227362905752656
v 0.31871259170646304 -8.554401848804855e-17 0.3852560097865503
v 0.3644844096957822 7.60000127403352e-17 -0.34227362905752656
v 0.3187120830165888 8.55441314398907e-17 -0.3852565184764245
v 0.31871259170646304 -8.554401848804855e-17 0.3852560097865503
v 0.31871259170646304 -8.554401848804855e-17 0.3852560097865503
v 0.3187120830165888 8.55441314398907e-17 -0.3852565184764245
v 0.26791411839001356 -9.373912106483599e-17 0.42216347069763316
v 0.3187120830165888 8.55441314398907e-17 -0.3852565184764245
v 0.26791334324353855 9.373923939533729e-17 -0.4221640036108347
v 0.26791411839001356 -9.373912106483599e-17 0.42216347069763316
v 0.26791411839001356 -9.373912106483599e-17 0.42216347069763316
v 0.26791334324353855 9.373923939533729e-17 -0.4221640036108347
v 0.21289039430828183 -1.0045589379556955e-16 0.4524131258648971
v 0.26791334324353855 9.373923939533729e-17 -0.4221640036108347
v 0.21288959493847948 1.0045600136875255e-16 -0.452413610331444
v 0.21289039430828183 -1.0045589379556955e-16 0.4524131258648971
v 0.21289039430828183 -1.0045589379556955e-16 0.4524131258648971
v 0.21288959493847948 1.0045600136875255e-16 -0.452413610331444
v 0.1545092443866931 -1.0558839323097045e-16 0.4755278484096479
v 0.21288959493847948 1.0045600136875255e-16 -0.452413610331444
v 0.15450842079356342 1.0558851156147175e-16 -0.47552838132284947
v 0.1545092443866931 -1.0558839323097045e-16 0.4755278484096479
v 0.1545092443866931 -1.0558839323097045e-16 0.4755278484096479
v 0.15450842079356342 1.0558851156147175e-16 -0.47552838132284947
v 0.09369140335342374 -1.0905577812401325e-16 0.49114356172190554
v 0.15450842079356342 1.0558851156147175e-16 -0.47552838132284947
v 0.09369056764863037 1.0905577812401325e-16 -0.49114356172190554
v 0.09369140335342374 -1.0905577812401325e-16 0.49114356172190554
v 0.09369140335342374 -1.0905577812401325e-16 0.49114356172190554
v 0.09369056764863037 1.0905577812401325e-16 -0.49114356172190554
v 0.031395999910490247 -1.108031969086856e-16 0.4990132363094162
v 0.09369056764863037 1.0905577812401325e-16 -0.49114356172190554
v 0.03139513695445362 1.108032506952771e-16 -0.4990134785426896
v 0.031395999910490247 -1.108031969086856e-16 0.4990132363094162
v 0.031395999910490247 -1.108031969086856e-16 0.4990132363094162
v 0.03139513695445362 1.108032506952771e-16 -0.4990134785426896
v -0.031394552566681444 -1.108032506952771e-16 0.4990134785426896
v 0.03139513695445362 1.108032506952771e-16 -0.4990134785426896
v -0.03139541552271807 1.108032506952771e-16 -0.4990134785426896
v -0.031394552566681444 -1.108032506952771e-16 0.4990134785426896
v -0.031394552566681444 -1.108032506952771e-16 0.4990134785426896
v -0.03139541552271807 1.108032506952771e-16 -0.4990134785426896
v -0.09368998023294228 -1.0905583191060475e-16 0.491143803955179
v -0.03139541552271807 1.108032506952771e-16 -0.4990134785426896
v -0.09369084621689483 1.0905577812401325e-16 -0.49114356172190554
v -0.09368998023294228 -1.0905583191060475e-16 0.491143803955179
v -0.09368998023294228 -1.0905583191060475e-16 0.491143803955179
v -0.09369084621689483 1.0905577812401325e-16 -0.49114356172190554
v -0.1545078636570345 -1.0558851156147175e-16 0.47552838132284947
v -0.09369084621689483 1.0905577812401325e-16 -0.49114356172190554
v -0.15450871147349154 1.0558845777488025e-16 -0.47552813908957603
v -0.1545078636570345 -1.0558851156147175e-16 0.47552838132284947
v -0.1545078636570345 -1.0558851156147175e-16 0.47552838132284947
v -0.15450871147349154 1.0558845777488025e-16 -0.47552813908957603
v -0.21288908624860525 -1.0045605515534405e-16 0.45241385256471744
v -0.15450871147349154 1.0558845777488025e-16 -0.47552813908957603
v -0.21288981294842557 1.0045594758216105e-16 -0.45241336809817057
v -0.21288908624860525 -1.0045605515534405e-16 0.45241385256471744
v -0.21288908624860525 -1.0045605515534405e-16 0.45241385256471744
v -0.21288981294842557 1.0045594758216105e-16 -0.45241336809817057
v -0.26791285877699167 -9.373929318192879e-17 0.42216424584410817
v -0.21288981294842557 1.0045594758216105e-16 -0.45241336809817057
v -0.26791360970013933 9.373918560874579e-17 -0.4221637613775613
v -0.26791285877699167 -9.373929318192879e-17 0.42216424584410817
v -0.26791285877699167 -9.373929318192879e-17 0.42216424584410817
v -0.26791360970013933 9.373918560874579e-17 -0.4221637613775613
v -0.3187115743267146 -8.554424439173285e-17 0.3852570271662987
v -0.26791360970013933 9.373918560874579e-17 -0.4221637613775613
v -0.3187120830165888 8.55441314398907e-17 -0.3852565184764245
v -0.3187115743267146 -8.554424439173285e-17 0.3852570271662987
v -0.3187115743267146 -8.554424439173285e-17 0.3852570271662987
v -0.3187120830165888 8.55441314398907e-17 -0.3852565184764245
v -0.364483901005908 -7.600007190558585e-17 0.34227389551412735
v -0.3187120830165888 8.55441314398907e-17 -0.3852565184764245
v -0.3644844096957822 7.59999589537437e-17 -0.3422733868242531
v -0.364483901005908 -7.600007190558585e-17 0.34227389551412735
v -0.364483901005908 -7.600007190558585e-17 0.34227389551412735
v -0.3644844096957822 7.59999589537437e-17 -0.3422733868242531
v -0.4045082016696675 -6.525735128639379e-17 0.2938929829365886
v -0.3644844096957822 7.59999589537437e-17 -0.3422733868242531
v -0.4045087103595417 6.525723833455163e-17 -0.2938924742467144
v -0.4045082016696675 -6.525735128639379e-17 0.2938929829365886
v -0.4045082016696675 -6.525735128639379e-17 0.2938929829365886
v -0.4045087103595417 6.525723833455163e-17 -0.2938924742467144
v -0.4381530468441177 -5.348549954006533e-17 0.24087727579836304
v -0.4045087103595417 6.525723833455163e-17 -0.2938924742467144
v -0.4381535313106646 5.3485343558949976e-17 -0.24087657332187007
v -0.4381530468441177 -5.348549954006533e-17 0.24087727579836304
v -0.4381530468441177 -5.348549954006533e-17 0.24087727579836304
v -0.4381535313106646 5.3485343558949976e-17 -0.24087657332187007
v -0.46488804255373495 -4.087013419386914e-17 0.18406272112609123
v -0.4381535313106646 5.3485343558949976e-17 -0.24087657332187007
v -0.4648883332336631 4.0869964766105915e-17 -0.1840619580912799
v -0.46488804255373495 -4.087013419386914e-17 0.18406272112609123
v -0.46488804255373495 -4.087013419386914e-17 0.18406272112609123
v -0.4648883332336631 4.0869964766105915e-17 -0.1840619580912799
v -0.48429136377615123 -2.7610222607084346e-17 0.1243453882448815
v -0.4648883332336631 4.0869964766105915e-17 -0.1840619580912799
v -0.48429165445607936 2.7610050489991544e-17 -0.1243446130984065
v -0.48429136377615123 -2.7610222607084346e-17 0.1243453882448815
v -0.48429136377615123 -2.7610222607084346e-17 0.1243453882448815
v -0.48429165445607936 2.7610050489991544e-17 -0.1243446130984065
v -0.49605740901359496 -1.3914876290147077e-17 0.06266703167521293
v -0.48429165445607936 2.7610050489991544e-17 -0.1243446130984065
v -0.49605740901359496 1.39147014837247e-17 -0.06266624441707425
v -0.49605740901359496 -1.3914876290147077e-17 0.06266703167521293
v -0.49999999777210036 -8.911521920759053e-23 4.013392680163448e-7
v -0.49605740901359496 -1.3914876290147077e-17 0.06266703167521293
v -0.49605740901359496 1.39147014837247e-17 -0.06266624441707425
v 0.49999999777210036 0 0
v 0.49605740901359496 0.0069999988484805015 0.06266560855473147
v 0.49605740901359496 -1.391456029392201e-17 0.06266560855473147
v 0.49605740901359496 0.0069999988484805015 0.06266560855473147
v 0.49999999777210036 0 0
v 0.49999999777210036 0.006999998848480515 1.5543119787865301e-18
v 0.49999999777210036 0.006999998848480515 1.5543119787865301e-18
v 0.49999999777210036 0 0
v 0.49605740901359496 0.0069999988484805015 0.06266560855473147
v 0.49605740901359496 -1.391456029392201e-17 0.06266560855473147
v 0.49605740901359496 0.0069999988484805015 0.06266560855473147
v 0.49999999777210036 0 0
v 0.49605740901359496 -1.391456029392201e-17 0.06266560855473147
v 0.4842918966893528 0.006999998848480488 0.12434397118023188
v 0.4842918966893528 -2.7609907955524067e-17 0.12434397118023188
v 0.4842918966893528 0.006999998848480488 0.12434397118023188
v 0.49605740901359496 -1.391456029392201e-17 0.06266560855473147
v 0.49605740901359496 0.0069999988484805015 0.06266560855473147
v 0.49605740901359496 0.0069999988484805015 0.06266560855473147
v 0.49605740901359496 -1.391456029392201e-17 0.06266560855473147
v 0.4842918966893528 0.006999998848480488 0.12434397118023188
v 0.4842918966893528 -2.7609907955524067e-17 0.12434397118023188
v 0.4842918966893528 0.006999998848480488 0.12434397118023188
v 0.49605740901359496 -1.391456029392201e-17 0.06266560855473147
v 0.4842918966893528 -2.7609907955524067e-17 0.12434397118023188
v 0.4648885754669365 0.006999998848480475 0.18406137673142364
v 0.4648885754669365 -4.0869835678286313e-17 0.18406137673142364
v 0.4648885754669365 0.006999998848480475 0.18406137673142364
v 0.4842918966893528 -2.7609907955524067e-17 0.12434397118023188
v 0.4842918966893528 0.006999998848480488 0.12434397118023188
v 0.4842918966893528 0.006999998848480488 0.12434397118023188
v 0.4842918966893528 -2.7609907955524067e-17 0.12434397118023188
v 0.4648885754669365 0.006999998848480475 0.18406137673142364
v 0.4648885754669365 -4.0869835678286313e-17 0.18406137673142364
v 0.4648885754669365 0.006999998848480475 0.18406137673142364
v 0.4842918966893528 -2.7609907955524067e-17 0.12434397118023188
v 0.4648885754669365 -4.0869835678286313e-17 0.18406137673142364
v 0.4381538219905927 0.006999998848480462 0.24087601618534116
v 0.4381538219905927 -5.3485219849789524e-17 0.24087601618534116
v 0.4381538219905927 0.006999998848480462 0.24087601618534116
v 0.4648885754669365 -4.0869835678286313e-17 0.18406137673142364
v 0.4648885754669365 0.006999998848480475 0.18406137673142364
v 0.4648885754669365 0.006999998848480475 0.18406137673142364
v 0.4648885754669365 -4.0869835678286313e-17 0.18406137673142364
v 0.4381538219905927 0.006999998848480462 0.24087601618534116
v 0.4381538219905927 -5.3485219849789524e-17 0.24087601618534116
v 0.4381538219905927 0.006999998848480462 0.24087601618534116
v 0.4648885754669365 -4.0869835678286313e-17 0.18406137673142364
v 0.4381538219905927 -5.3485219849789524e-17 0.24087601618534116
v 0.4045089768161425 0.00699999884848045 0.29389196555684016
v 0.4045089768161425 -6.525712538270948e-17 0.29389196555684016
v 0.4045089768161425 0.00699999884848045 0.29389196555684016
v 0.4381538219905927 -5.3485219849789524e-17 0.24087601618534116
v 0.4381538219905927 0.006999998848480462 0.24087601618534116
v 0.4381538219905927 0.006999998848480462 0.24087601618534116
v 0.4381538219905927 -5.3485219849789524e-17 0.24087601618534116
v 0.4045089768161425 0.00699999884848045 0.29389196555684016
v 0.4045089768161425 -6.525712538270948e-17 0.29389196555684016
v 0.4045089768161425 0.00699999884848045 0.29389196555684016
v 0.4381538219905927 -5.3485219849789524e-17 0.24087601618534116
v 0.4045089768161425 -6.525712538270948e-17 0.29389196555684016
v 0.36448491838565644 0.006999998848480439 0.3422728781343789
v 0.36448491838565644 -7.599984600190155e-17 0.3422728781343789
v 0.36448491838565644 0.006999998848480439 0.3422728781343789
v 0.4045089768161425 -6.525712538270948e-17 0.29389196555684016
v 0.4045089768161425 0.00699999884848045 0.29389196555684016
v 0.4045089768161425 0.00699999884848045 0.29389196555684016
v 0.4045089768161425 -6.525712538270948e-17 0.29389196555684016
v 0.36448491838565644 0.006999998848480439 0.3422728781343789
v 0.36448491838565644 -7.599984600190155e-17 0.3422728781343789
v 0.36448491838565644 0.006999998848480439 0.3422728781343789
v 0.4045089768161425 -6.525712538270948e-17 0.29389196555684016
v 0.36448491838565644 0.006999998848480439 0.3422728781343789
v 0.31871259170646304 -8.554401848804855e-17 0.3852560097865503
v 0.36448491838565644 -7.599984600190155e-17 0.3422728781343789
v 0.31871259170646304 -8.554401848804855e-17 0.3852560097865503
v 0.36448491838565644 0.006999998848480439 0.3422728781343789
v 0.31871259170646304 0.0069999988484804295 0.3852560097865503
v 0.31871259170646304 0.0069999988484804295 0.3852560097865503
v 0.36448491838565644 0.006999998848480439 0.3422728781343789
v 0.31871259170646304 -8.554401848804855e-17 0.3852560097865503
v 0.36448491838565644 -7.599984600190155e-17 0.3422728781343789
v 0.31871259170646304 -8.554401848804855e-17 0.3852560097865503
v 0.36448491838565644 0.006999998848480439 0.3422728781343789
v 0.31871259170646304 0.0069999988484804295 0.3852560097865503
v 0.26791411839001356 -9.373912106483599e-17 0.42216347069763316
v 0.31871259170646304 -8.554401848804855e-17 0.3852560097865503
v 0.26791411839001356 -9.373912106483599e-17 0.42216347069763316
v 0.31871259170646304 0.0069999988484804295 0.3852560097865503
v 0.26791411839001356 0.006999998848480422 0.42216347069763316
v 0.26791411839001356 0.006999998848480422 0.42216347069763316
v 0.31871259170646304 0.0069999988484804295 0.3852560097865503
v 0.26791411839001356 -9.373912106483599e-17 0.42216347069763316
v 0.31871259170646304 -8.554401848804855e-17 0.3852560097865503
v 0.26791411839001356 -9.373912106483599e-17 0.42216347069763316
v 0.31871259170646304 0.0069999988484804295 0.3852560097865503
v 0.26791411839001356 0.006999998848480422 0.42216347069763316
v 0.21289039430828183 -1.0045589379556955e-16 0.4524131258648971
v 0.26791411839001356 -9.373912106483599e-17 0.42216347069763316
v 0.21289039430828183 -1.0045589379556955e-16 0.4524131258648971
v 0.26791411839001356 0.006999998848480422 0.42216347069763316
v 0.21289039430828183 0.006999998848480415 0.4524131258648971
v 0.21289039430828183 0.006999998848480415 0.4524131258648971
v 0.26791411839001356 0.006999998848480422 0.42216347069763316
v 0.21289039430828183 -1.0045589379556955e-16 0.4524131258648971
v 0.26791411839001356 -9.373912106483599e-17 0.42216347069763316
v 0.21289039430828183 -1.0045589379556955e-16 0.4524131258648971
v 0.26791411839001356 0.006999998848480422 0.42216347069763316
v 0.21289039430828183 0.006999998848480415 0.4524131258648971
v 0.1545092443866931 -1.0558839323097045e-16 0.4755278484096479
v 0.21289039430828183 -1.0045589379556955e-16 0.4524131258648971
v 0.1545092443866931 -1.0558839323097045e-16 0.4755278484096479
v 0.21289039430828183 0.006999998848480415 0.4524131258648971
v 0.1545092443866931 0.0069999988484804095 0.4755278484096479
v 0.1545092443866931 0.0069999988484804095 0.4755278484096479
v 0.21289039430828183 0.006999998848480415 0.4524131258648971
v 0.1545092443866931 -1.0558839323097045e-16 0.4755278484096479
v 0.21289039430828183 -1.0045589379556955e-16 0.4524131258648971
v 0.1545092443866931 -1.0558839323097045e-16 0.4755278484096479
v 0.21289039430828183 0.006999998848480415 0.4524131258648971
v 0.1545092443866931 0.0069999988484804095 0.4755278484096479
v 0.09369140335342374 -1.0905577812401325e-16 0.49114356172190554
v 0.1545092443866931 -1.0558839323097045e-16 0.4755278484096479
v 0.09369140335342374 -1.0905577812401325e-16 0.49114356172190554
v 0.1545092443866931 0.0069999988484804095 0.4755278484096479
v 0.09369140335342374 0.006999998848480406 0.49114356172190554
v 0.09369140335342374 0.006999998848480406 0.49114356172190554
v 0.1545092443866931 0.0069999988484804095 0.4755278484096479
v 0.09369140335342374 -1.0905577812401325e-16 0.49114356172190554
v 0.1545092443866931 -1.0558839323097045e-16 0.4755278484096479
v 0.09369140335342374 -1.0905577812401325e-16 0.49114356172190554
v 0.1545092443866931 0.0069999988484804095 0.4755278484096479
v 0.09369140335342374 0.006999998848480406 0.49114356172190554
v 0.031395999910490247 -1.108031969086856e-16 0.4990132363094162
v 0.09369140335342374 -1.0905577812401325e-16 0.49114356172190554
v 0.031395999910490247 -1.108031969086856e-16 0.4990132363094162
v 0.09369140335342374 0.006999998848480406 0.49114356172190554
v 0.031395999910490247 0.006999998848480404 0.4990132363094162
v 0.031395999910490247 0.006999998848480404 0.4990132363094162
v 0.09369140335342374 0.006999998848480406 0.49114356172190554
v 0.031395999910490247 -1.108031969086856e-16 0.4990132363094162
v 0.09369140335342374 -1.0905577812401325e-16 0.49114356172190554
v 0.031395999910490247 -1.108031969086856e-16 0.4990132363094162
v 0.09369140335342374 0.006999998848480406 0.49114356172190554
v 0.031395999910490247 0.006999998848480404 0.4990132363094162
v -0.031394552566681444 -1.108032506952771e-16 0.4990134785426896
v 0.031395999910490247 -1.108031969086856e-16 0.4990132363094162
v -0.031394552566681444 -1.108032506952771e-16 0.4990134785426896
v 0.031395999910490247 0.006999998848480404 0.4990132363094162
v -0.031394552566681444 0.006999998848480404 0.4990134785426896
v -0.031394552566681444 0.006999998848480404 0.4990134785426896
v 0.031395999910490247 0.006999998848480404 0.4990132363094162
v -0.031394552566681444 -1.108032506952771e-16 0.4990134785426896
v 0.031395999910490247 -1.108031969086856e-16 0.4990132363094162
v -0.031394552566681444 -1.108032506952771e-16 0.4990134785426896
v 0.031395999910490247 0.006999998848480404 0.4990132363094162
v -0.031394552566681444 0.006999998848480404 0.4990134785426896
v -0.09368998023294228 -1.0905583191060475e-16 0.491143803955179
v -0.031394552566681444 -1.108032506952771e-16 0.4990134785426896
v -0.09368998023294228 -1.0905583191060475e-16 0.491143803955179
v -0.031394552566681444 0.006999998848480404 0.4990134785426896
v -0.09368998023294228 0.006999998848480406 0.491143803955179
v -0.09368998023294228 0.006999998848480406 0.491143803955179
v -0.031394552566681444 0.006999998848480404 0.4990134785426896
v -0.09368998023294228 -1.0905583191060475e-16 0.491143803955179
v -0.031394552566681444 -1.108032506952771e-16 0.4990134785426896
v -0.09368998023294228 -1.0905583191060475e-16 0.491143803955179
v -0.031394552566681444 0.006999998848480404 0.4990134785426896
v -0.09368998023294228 0.006999998848480406 0.491143803955179
v -0.1545078636570345 -1.0558851156147175e-16 0.47552838132284947
v -0.09368998023294228 -1.0905583191060475e-16 0.491143803955179
v -0.1545078636570345 -1.0558851156147175e-16 0.47552838132284947
v -0.09368998023294228 0.006999998848480406 0.491143803955179
v -0.1545078636570345 0.0069999988484804095 0.47552838132284947
v -0.1545078636570345 0.0069999988484804095 0.47552838132284947
v -0.09368998023294228 0.006999998848480406 0.491143803955179
v -0.1545078636570345 -1.0558851156147175e-16 0.47552838132284947
v -0.09368998023294228 -1.0905583191060475e-16 0.491143803955179
v -0.1545078636570345 -1.0558851156147175e-16 0.47552838132284947
v -0.09368998023294228 0.006999998848480406 0.491143803955179
v -0.1545078636570345 0.0069999988484804095 0.47552838132284947
v -0.21288908624860525 -1.0045605515534405e-16 0.45241385256471744
v -0.1545078636570345 -1.0558851156147175e-16 0.47552838132284947
v -0.21288908624860525 -1.0045605515534405e-16 0.45241385256471744
v -0.1545078636570345 0.0069999988484804095 0.47552838132284947
v -0.21288908624860525 0.006999998848480415 0.45241385256471744
v -0.21288908624860525 0.006999998848480415 0.45241385256471744
v -0.1545078636570345 0.0069999988484804095 0.47552838132284947
v -0.21288908624860525 -1.0045605515534405e-16 0.45241385256471744
v -0.1545078636570345 -1.0558851156147175e-16 0.47552838132284947
v -0.21288908624860525 -1.0045605515534405e-16 0.45241385256471744
v -0.1545078636570345 0.0069999988484804095 0.47552838132284947
v -0.21288908624860525 0.006999998848480415 0.45241385256471744
v -0.26791285877699167 -9.373929318192879e-17 0.42216424584410817
v -0.21288908624860525 -1.0045605515534405e-16 0.45241385256471744
v -0.26791285877699167 -9.373929318192879e-17 0.42216424584410817
v -0.21288908624860525 0.006999998848480415 0.45241385256471744
v -0.26791285877699167 0.006999998848480422 0.42216424584410817
v -0.26791285877699167 0.006999998848480422 0.42216424584410817
v -0.21288908624860525 0.006999998848480415 0.45241385256471744
v -0.26791285877699167 -9.373929318192879e-17 0.42216424584410817
v -0.21288908624860525 -1.0045605515534405e-16 0.45241385256471744
v -0.26791285877699167 -9.373929318192879e-17 0.42216424584410817
v -0.21288908624860525 0.006999998848480415 0.45241385256471744
v -0.26791285877699167 0.006999998848480422 0.42216424584410817
v -0.3187115743267146 -8.554424439173285e-17 0.3852570271662987
v -0.26791285877699167 -9.373929318192879e-17 0.42216424584410817
v -0.3187115743267146 -8.554424439173285e-17 0.3852570271662987
v -0.26791285877699167 0.006999998848480422 0.42216424584410817
v -0.3187115743267146 0.0069999988484804295 0.3852570271662987
v -0.3187115743267146 0.0069999988484804295 0.3852570271662987
v -0.26791285877699167 0.006999998848480422 0.42216424584410817
v -0.3187115743267146 -8.554424439173285e-17 0.3852570271662987
v -0.26791285877699167 -9.373929318192879e-17 0.42216424584410817
v -0.3187115743267146 -8.554424439173285e-17 0.3852570271662987
v -0.26791285877699167 0.006999998848480422 0.42216424584410817
v -0.3187115743267146 0.0069999988484804295 0.3852570271662987
v -0.364483901005908 -7.600007190558585e-17 0.34227389551412735
v -0.3187115743267146 -8.554424439173285e-17 0.3852570271662987
v -0.364483901005908 -7.600007190558585e-17 0.34227389551412735
v -0.3187115743267146 0.0069999988484804295 0.3852570271662987
v -0.364483901005908 0.006999998848480439 0.34227389551412735
v -0.364483901005908 0.006999998848480439 0.34227389551412735
v -0.3187115743267146 0.0069999988484804295 0.3852570271662987
v -0.364483901005908 -7.600007190558585e-17 0.34227389551412735
v -0.3187115743267146 -8.554424439173285e-17 0.3852570271662987
v -0.364483901005908 -7.600007190558585e-17 0.34227389551412735
v -0.3187115743267146 0.0069999988484804295 0.3852570271662987
v -0.4045082016696675 0.00699999884848045 0.2938929829365886
v -0.364483901005908 -7.600007190558585e-17 0.34227389551412735
v -0.364483901005908 0.006999998848480439 0.34227389551412735
v -0.364483901005908 -7.600007190558585e-17 0.34227389551412735
v -0.4045082016696675 0.00699999884848045 0.2938929829365886
v -0.4045082016696675 -6.525735128639379e-17 0.2938929829365886
v -0.4045082016696675 -6.525735128639379e-17 0.2938929829365886
v -0.4045082016696675 0.00699999884848045 0.2938929829365886
v -0.364483901005908 -7.600007190558585e-17 0.34227389551412735
v -0.364483901005908 0.006999998848480439 0.34227389551412735
v -0.364483901005908 -7.600007190558585e-17 0.34227389551412735
v -0.4045082016696675 0.00699999884848045 0.2938929829365886
v -0.4381530468441177 0.006999998848480462 0.24087727579836304
v -0.4045082016696675 -6.525735128639379e-17 0.2938929829365886
v -0.4045082016696675 0.00699999884848045 0.2938929829365886
v -0.4045082016696675 -6.525735128639379e-17 0.2938929829365886
v -0.4381530468441177 0.006999998848480462 0.24087727579836304
v -0.4381530468441177 -5.348549954006533e-17 0.24087727579836304
v -0.4381530468441177 -5.348549954006533e-17 0.24087727579836304
v -0.4381530468441177 0.006999998848480462 0.24087727579836304
v -0.4045082016696675 -6.525735128639379e-17 0.2938929829365886
v -0.4045082016696675 0.00699999884848045 0.2938929829365886
v -0.4045082016696675 -6.525735128639379e-17 0.2938929829365886
v -0.4381530468441177 0.006999998848480462 0.24087727579836304
v -0.46488804255373495 0.006999998848480475 0.18406272112609123
v -0.4381530468441177 -5.348549954006533e-17 0.24087727579836304
v -0.4381530468441177 0.006999998848480462 0.24087727579836304
v -0.4381530468441177 -5.348549954006533e-17 0.24087727579836304
v -0.46488804255373495 0.006999998848480475 0.18406272112609123
v -0.46488804255373495 -4.087013419386914e-17 0.18406272112609123
v -0.46488804255373495 -4.087013419386914e-17 0.18406272112609123
v -0.46488804255373495 0.006999998848480475 0.18406272112609123
v -0.4381530468441177 -5.348549954006533e-17 0.24087727579836304
v -0.4381530468441177 0.006999998848480462 0.24087727579836304
v -0.4381530468441177 -5.348549954006533e-17 0.24087727579836304
v -0.46488804255373495 0.006999998848480475 0.18406272112609123
v -0.48429136377615123 0.006999998848480488 0.1243453882448815
v -0.46488804255373495 -4.087013419386914e-17 0.18406272112609123
v -0.46488804255373495 0.006999998848480475 0.18406272112609123
v -0.46488804255373495 -4.087013419386914e-17 0.18406272112609123
v -0.48429136377615123 0.006999998848480488 0.1243453882448815
v -0.48429136377615123 -2.7610222607084346e-17 0.1243453882448815
v -0.48429136377615123 -2.7610222607084346e-17 0.1243453882448815
v -0.48429136377615123 0.006999998848480488 0.1243453882448815
v -0.46488804255373495 -4.087013419386914e-17 0.18406272112609123
v -0.46488804255373495 0.006999998848480475 0.18406272112609123
v -0.46488804255373495 -4.087013419386914e-17 0.18406272112609123
v -0.48429136377615123 0.006999998848480488 0.1243453882448815
v -0.49605740901359496 0.0069999988484805015 0.06266703167521293
v -0.48429136377615123 -2.7610222607084346e-17 0.1243453882448815
v -0.48429136377615123 0.006999998848480488 0.1243453882448815
v -0.48429136377615123 -2.7610222607084346e-17 0.1243453882448815
v -0.49605740901359496 0.0069999988484805015 0.06266703167521293
v -0.49605740901359496 -1.3914876290147077e-17 0.06266703167521293
v -0.49605740901359496 -1.3914876290147077e-17 0.06266703167521293
v -0.49605740901359496 0.0069999988484805015 0.06266703167521293
v -0.48429136377615123 -2.7610222607084346e-17 0.1243453882448815
v -0.48429136377615123 0.006999998848480488 0.1243453882448815
v -0.48429136377615123 -2.7610222607084346e-17 0.1243453882448815
v -0.49605740901359496 0.0069999988484805015 0.06266703167521293
v -0.49999999777210036 0.006999998848480515 4.013392680178991e-7
v -0.49605740901359496 -1.3914876290147077e-17 0.06266703167521293
v -0.49605740901359496 0.0069999988484805015 0.06266703167521293
v -0.49605740901359496 -1.3914876290147077e-17 0.06266703167521293
v -0.49999999777210036 0.006999998848480515 4.013392680178991e-7
v -0.49999999777210036 -8.911521920759053e-23 4.013392680163448e-7
v -0.49999999777210036 -8.911521920759053e-23 4.013392680163448e-7
v -0.49999999777210036 0.006999998848480515 4.013392680178991e-7
v -0.49605740901359496 -1.3914876290147077e-17 0.06266703167521293
v -0.49605740901359496 0.0069999988484805015 0.06266703167521293
v -0.49605740901359496 -1.3914876290147077e-17 0.06266703167521293
v -0.49999999777210036 0.006999998848480515 4.013392680178991e-7
v -0.49605740901359496 0.006999998848480529 -0.06266624441707425
v -0.49999999777210036 -8.911521920759053e-23 4.013392680163448e-7
v -0.49999999777210036 0.006999998848480515 4.013392680178991e-7
v -0.49999999777210036 -8.911521920759053e-23 4.013392680163448e-7
v -0.49605740901359496 0.006999998848480529 -0.06266624441707425
v -0.49605740901359496 1.39147014837247e-17 -0.06266624441707425
v -0.49605740901359496 1.39147014837247e-17 -0.06266624441707425
v -0.49605740901359496 0.006999998848480529 -0.06266624441707425
v -0.49999999777210036 -8.911521920759053e-23 4.013392680163448e-7
v -0.49999999777210036 0.006999998848480515 4.013392680178991e-7
v -0.49999999777210036 -8.911521920759053e-23 4.013392680163448e-7
v -0.49605740901359496 0.006999998848480529 -0.06266624441707425
v -0.48429165445607936 0.006999998848480543 -0.1243446130984065
v -0.49605740901359496 1.39147014837247e-17 -0.06266624441707425
v -0.49605740901359496 0.006999998848480529 -0.06266624441707425
v -0.49605740901359496 1.39147014837247e-17 -0.06266624441707425
v -0.48429165445607936 0.006999998848480543 -0.1243446130984065
v -0.48429165445607936 2.7610050489991544e-17 -0.1243446130984065
v -0.48429165445607936 2.7610050489991544e-17 -0.1243446130984065
v -0.48429165445607936 0.006999998848480543 -0.1243446130984065
v -0.49605740901359496 1.39147014837247e-17 -0.06266624441707425
v -0.49605740901359496 0.006999998848480529 -0.06266624441707425
v -0.49605740901359496 1.39147014837247e-17 -0.06266624441707425
v -0.48429165445607936 0.006999998848480543 -0.1243446130984065
v -0.4648883332336631 0.006999998848480556 -0.1840619580912799
v -0.48429165445607936 2.7610050489991544e-17 -0.1243446130984065
v -0.48429165445607936 0.006999998848480543 -0.1243446130984065
v -0.48429165445607936 2.7610050489991544e-17 -0.1243446130984065
v -0.4648883332336631 0.006999998848480556 -0.1840619580912799
v -0.4648883332336631 4.0869964766105915e-17 -0.1840619580912799
v -0.4648883332336631 4.0869964766105915e-17 -0.1840619580912799
v -0.4648883332336631 0.006999998848480556 -0.1840619580912799
v -0.48429165445607936 2.7610050489991544e-17 -0.1243446130984065
v -0.48429165445607936 0.006999998848480543 -0.1243446130984065
v -0.48429165445607936 2.7610050489991544e-17 -0.1243446130984065
v -0.4648883332336631 0.006999998848480556 -0.1840619580912799
v -0.4381535313106646 0.006999998848480569 -0.24087657332187007
v -0.4648883332336631 4.0869964766105915e-17 -0.1840619580912799
v -0.4648883332336631 0.006999998848480556 -0.1840619580912799
v -0.4648883332336631 4.0869964766105915e-17 -0.1840619580912799
v -0.4381535313106646 0.006999998848480569 -0.24087657332187007
v -0.4381535313106646 5.3485343558949976e-17 -0.24087657332187007
v -0.4381535313106646 5.3485343558949976e-17 -0.24087657332187007
v -0.4381535313106646 0.006999998848480569 -0.24087657332187007
v -0.4648883332336631 4.0869964766105915e-17 -0.1840619580912799
v -0.4648883332336631 0.006999998848480556 -0.1840619580912799
v -0.4648883332336631 4.0869964766105915e-17 -0.1840619580912799
v -0.4381535313106646 0.006999998848480569 -0.24087657332187007
v -0.4045087103595417 0.00699999884848058 -0.2938924742467144
v -0.4381535313106646 5.3485343558949976e-17 -0.24087657332187007
v -0.4381535313106646 0.006999998848480569 -0.24087657332187007
v -0.4381535313106646 5.3485343558949976e-17 -0.24087657332187007
v -0.4045087103595417 0.00699999884848058 -0.2938924742467144
v -0.4045087103595417 6.525723833455163e-17 -0.2938924742467144
v -0.4045087103595417 6.525723833455163e-17 -0.2938924742467144
v -0.4045087103595417 0.00699999884848058 -0.2938924742467144
v -0.4381535313106646 5.3485343558949976e-17 -0.24087657332187007
v -0.4381535313106646 0.006999998848480569 -0.24087657332187007
v -0.4381535313106646 5.3485343558949976e-17 -0.24087657332187007
v -0.4045087103595417 0.00699999884848058 -0.2938924742467144
v -0.3644844096957822 0.006999998848480592 -0.3422733868242531
v -0.4045087103595417 6.525723833455163e-17 -0.2938924742467144
v -0.4045087103595417 0.00699999884848058 -0.2938924742467144
v -0.4045087103595417 6.525723833455163e-17 -0.2938924742467144
v -0.3644844096957822 0.006999998848480592 -0.3422733868242531
v -0.3644844096957822 7.59999589537437e-17 -0.3422733868242531
v -0.3644844096957822 7.59999589537437e-17 -0.3422733868242531
v -0.3644844096957822 0.006999998848480592 -0.3422733868242531
v -0.4045087103595417 6.525723833455163e-17 -0.2938924742467144
v -0.4045087103595417 0.00699999884848058 -0.2938924742467144
v -0.4045087103595417 6.525723833455163e-17 -0.2938924742467144
v -0.3644844096957822 0.006999998848480592 -0.3422733868242531
v -0.3644844096957822 0.006999998848480592 -0.3422733868242531
v -0.3187120830165888 8.55441314398907e-17 -0.3852565184764245
v -0.3644844096957822 7.59999589537437e-17 -0.3422733868242531
v -0.3187120830165888 8.55441314398907e-17 -0.3852565184764245
v -0.3644844096957822 0.006999998848480592 -0.3422733868242531
v -0.3187120830165888 0.006999998848480601 -0.3852565184764245
v -0.3187120830165888 0.006999998848480601 -0.3852565184764245
v -0.3644844096957822 0.006999998848480592 -0.3422733868242531
v -0.3187120830165888 8.55441314398907e-17 -0.3852565184764245
v -0.3644844096957822 7.59999589537437e-17 -0.3422733868242531
v -0.3187120830165888 8.55441314398907e-17 -0.3852565184764245
v -0.3644844096957822 0.006999998848480592 -0.3422733868242531
v -0.3187120830165888 0.006999998848480601 -0.3852565184764245
v -0.26791360970013933 9.373918560874579e-17 -0.4221637613775613
v -0.3187120830165888 8.55441314398907e-17 -0.3852565184764245
v -0.26791360970013933 9.373918560874579e-17 -0.4221637613775613
v -0.3187120830165888 0.006999998848480601 -0.3852565184764245
v -0.26791360970013933 0.006999998848480609 -0.4221637613775613
v -0.26791360970013933 0.006999998848480609 -0.4221637613775613
v -0.3187120830165888 0.006999998848480601 -0.3852565184764245
v -0.26791360970013933 9.373918560874579e-17 -0.4221637613775613
v -0.3187120830165888 8.55441314398907e-17 -0.3852565184764245
v -0.26791360970013933 9.373918560874579e-17 -0.4221637613775613
v -0.3187120830165888 0.006999998848480601 -0.3852565184764245
v -0.26791360970013933 0.006999998848480609 -0.4221637613775613
v -0.21288981294842557 1.0045594758216105e-16 -0.45241336809817057
v -0.26791360970013933 9.373918560874579e-17 -0.4221637613775613
v -0.21288981294842557 1.0045594758216105e-16 -0.45241336809817057
v -0.26791360970013933 0.006999998848480609 -0.4221637613775613
v -0.21288981294842557 0.006999998848480616 -0.45241336809817057
v -0.21288981294842557 0.006999998848480616 -0.45241336809817057
v -0.26791360970013933 0.006999998848480609 -0.4221637613775613
v -0.21288981294842557 1.0045594758216105e-16 -0.45241336809817057
v -0.26791360970013933 9.373918560874579e-17 -0.4221637613775613
v -0.21288981294842557 1.0045594758216105e-16 -0.45241336809817057
v -0.26791360970013933 0.006999998848480609 -0.4221637613775613
v -0.21288981294842557 0.006999998848480616 -0.45241336809817057
v -0.15450871147349154 1.0558845777488025e-16 -0.47552813908957603
v -0.21288981294842557 1.0045594758216105e-16 -0.45241336809817057
v -0.15450871147349154 1.0558845777488025e-16 -0.47552813908957603
v -0.21288981294842557 0.006999998848480616 -0.45241336809817057
v -0.15450871147349154 0.006999998848480621 -0.47552813908957603
v -0.15450871147349154 0.006999998848480621 -0.47552813908957603
v -0.21288981294842557 0.006999998848480616 -0.45241336809817057
v -0.15450871147349154 1.0558845777488025e-16 -0.47552813908957603
v -0.21288981294842557 1.0045594758216105e-16 -0.45241336809817057
v -0.15450871147349154 1.0558845777488025e-16 -0.47552813908957603
v -0.21288981294842557 0.006999998848480616 -0.45241336809817057
v -0.15450871147349154 0.006999998848480621 -0.47552813908957603
v -0.09369084621689483 1.0905577812401325e-16 -0.49114356172190554
v -0.15450871147349154 1.0558845777488025e-16 -0.47552813908957603
v -0.09369084621689483 1.0905577812401325e-16 -0.49114356172190554
v -0.15450871147349154 0.006999998848480621 -0.47552813908957603
v -0.09369084621689483 0.006999998848480625 -0.49114356172190554
v -0.09369084621689483 0.006999998848480625 -0.49114356172190554
v -0.15450871147349154 0.006999998848480621 -0.47552813908957603
v -0.09369084621689483 1.0905577812401325e-16 -0.49114356172190554
v -0.15450871147349154 1.0558845777488025e-16 -0.47552813908957603
v -0.09369084621689483 1.0905577812401325e-16 -0.49114356172190554
v -0.15450871147349154 0.006999998848480621 -0.47552813908957603
v -0.09369084621689483 0.006999998848480625 -0.49114356172190554
v -0.03139541552271807 1.108032506952771e-16 -0.4990134785426896
v -0.09369084621689483 1.0905577812401325e-16 -0.49114356172190554
v -0.03139541552271807 1.108032506952771e-16 -0.4990134785426896
v -0.09369084621689483 0.006999998848480625 -0.49114356172190554
v -0.03139541552271807 0.006999998848480626 -0.4990134785426896
v -0.03139541552271807 0.006999998848480626 -0.4990134785426896
v -0.09369084621689483 0.006999998848480625 -0.49114356172190554
v -0.03139541552271807 1.108032506952771e-16 -0.4990134785426896
v -0.09369084621689483 1.0905577812401325e-16 -0.49114356172190554
v -0.03139541552271807 1.108032506952771e-16 -0.4990134785426896
v -0.09369084621689483 0.006999998848480625 -0.49114356172190554
v -0.03139541552271807 0.006999998848480626 -0.4990134785426896
v 0.03139513695445362 1.108032506952771e-16 -0.4990134785426896
v -0.03139541552271807 1.108032506952771e-16 -0.4990134785426896
v 0.03139513695445362 1.108032506952771e-16 -0.4990134785426896
v -0.03139541552271807 0.006999998848480626 -0.4990134785426896
v 0.03139513695445362 0.006999998848480626 -0.4990134785426896
v 0.03139513695445362 0.006999998848480626 -0.4990134785426896
v -0.03139541552271807 0.006999998848480626 -0.4990134785426896
v 0.03139513695445362 1.108032506952771e-16 -0.4990134785426896
v -0.03139541552271807 1.108032506952771e-16 -0.4990134785426896
v 0.03139513695445362 1.108032506952771e-16 -0.4990134785426896
v -0.03139541552271807 0.006999998848480626 -0.4990134785426896
v 0.03139513695445362 0.006999998848480626 -0.4990134785426896
v 0.09369056764863037 1.0905577812401325e-16 -0.49114356172190554
v 0.03139513695445362 1.108032506952771e-16 -0.4990134785426896
v 0.09369056764863037 1.0905577812401325e-16 -0.49114356172190554
v 0.03139513695445362 0.006999998848480626 -0.4990134785426896
v 0.09369056764863037 0.006999998848480625 -0.49114356172190554
v 0.09369056764863037 0.006999998848480625 -0.49114356172190554
v 0.03139513695445362 0.006999998848480626 -0.4990134785426896
v 0.09369056764863037 1.0905577812401325e-16 -0.49114356172190554
v 0.03139513695445362 1.108032506952771e-16 -0.4990134785426896
v 0.09369056764863037 1.0905577812401325e-16 -0.49114356172190554
v 0.03139513695445362 0.006999998848480626 -0.4990134785426896
v 0.09369056764863037 0.006999998848480625 -0.49114356172190554
v 0.15450842079356342 1.0558851156147175e-16 -0.47552838132284947
v 0.09369056764863037 1.0905577812401325e-16 -0.49114356172190554
v 0.15450842079356342 1.0558851156147175e-16 -0.47552838132284947
v 0.09369056764863037 0.006999998848480625 -0.49114356172190554
v 0.15450842079356342 0.006999998848480621 -0.47552838132284947
v 0.15450842079356342 0.006999998848480621 -0.47552838132284947
v 0.09369056764863037 0.006999998848480625 -0.49114356172190554
v 0.15450842079356342 1.0558851156147175e-16 -0.47552838132284947
v 0.09369056764863037 1.0905577812401325e-16 -0.49114356172190554
v 0.15450842079356342 1.0558851156147175e-16 -0.47552838132284947
v 0.09369056764863037 0.006999998848480625 -0.49114356172190554
v 0.15450842079356342 0.006999998848480621 -0.47552838132284947
v 0.21288959493847948 1.0045600136875255e-16 -0.452413610331444
v 0.15450842079356342 1.0558851156147175e-16 -0.47552838132284947
v 0.21288959493847948 1.0045600136875255e-16 -0.452413610331444
v 0.15450842079356342 0.006999998848480621 -0.47552838132284947
v 0.21288959493847948 0.006999998848480616 -0.452413610331444
v 0.21288959493847948 0.006999998848480616 -0.452413610331444
v 0.15450842079356342 0.006999998848480621 -0.47552838132284947
v 0.21288959493847948 1.0045600136875255e-16 -0.452413610331444
v 0.15450842079356342 1.0558851156147175e-16 -0.47552838132284947
v 0.21288959493847948 1.0045600136875255e-16 -0.452413610331444
v 0.15450842079356342 0.006999998848480621 -0.47552838132284947
v 0.21288959493847948 0.006999998848480616 -0.452413610331444
v 0.26791334324353855 9.373923939533729e-17 -0.4221640036108347
v 0.21288959493847948 1.0045600136875255e-16 -0.452413610331444
v 0.26791334324353855 9.373923939533729e-17 -0.4221640036108347
v 0.21288959493847948 0.006999998848480616 -0.452413610331444
v 0.26791334324353855 0.006999998848480609 -0.4221640036108347
v 0.26791334324353855 0.006999998848480609 -0.4221640036108347
v 0.21288959493847948 0.006999998848480616 -0.452413610331444
v 0.26791334324353855 9.373923939533729e-17 -0.4221640036108347
v 0.21288959493847948 1.0045600136875255e-16 -0.452413610331444
v 0.26791334324353855 9.373923939533729e-17 -0.4221640036108347
v 0.21288959493847948 0.006999998848480616 -0.452413610331444
v 0.26791334324353855 0.006999998848480609 -0.4221640036108347
v 0.3187120830165888 8.55441314398907e-17 -0.3852565184764245
v 0.26791334324353855 9.373923939533729e-17 -0.4221640036108347
v 0.3187120830165888 8.55441314398907e-17 -0.3852565184764245
v 0.26791334324353855 0.006999998848480609 -0.4221640036108347
v 0.3187120830165888 0.006999998848480601 -0.3852565184764245
v 0.3187120830165888 0.006999998848480601 -0.3852565184764245
v 0.26791334324353855 0.006999998848480609 -0.4221640036108347
v 0.3187120830165888 8.55441314398907e-17 -0.3852565184764245
v 0.26791334324353855 9.373923939533729e-17 -0.4221640036108347
v 0.3187120830165888 8.55441314398907e-17 -0.3852565184764245
v 0.26791334324353855 0.006999998848480609 -0.4221640036108347
v 0.3187120830165888 0.006999998848480601 -0.3852565184764245
v 0.3644844096957822 7.60000127403352e-17 -0.34227362905752656
v 0.3187120830165888 8.55441314398907e-17 -0.3852565184764245
v 0.3644844096957822 7.60000127403352e-17 -0.34227362905752656
v 0.3187120830165888 0.006999998848480601 -0.3852565184764245
v 0.3644844096957822 0.006999998848480592 -0.34227362905752656
v 0.3644844096957822 0.006999998848480592 -0.34227362905752656
v 0.3187120830165888 0.006999998848480601 -0.3852565184764245
v 0.3644844096957822 7.60000127403352e-17 -0.34227362905752656
v 0.3187120830165888 8.55441314398907e-17 -0.3852565184764245
v 0.3644844096957822 7.60000127403352e-17 -0.34227362905752656
v 0.3187120830165888 0.006999998848480601 -0.3852565184764245
v 0.3644844096957822 7.60000127403352e-17 -0.34227362905752656
v 0.4045084681262683 0.00699999884848058 -0.2938927164799878
v 0.4045084681262683 6.525729212114313e-17 -0.2938927164799878
v 0.4045084681262683 0.00699999884848058 -0.2938927164799878
v 0.3644844096957822 7.60000127403352e-17 -0.34227362905752656
v 0.3644844096957822 0.006999998848480592 -0.34227362905752656
v 0.3644844096957822 0.006999998848480592 -0.34227362905752656
v 0.3644844096957822 7.60000127403352e-17 -0.34227362905752656
v 0.4045084681262683 0.00699999884848058 -0.2938927164799878
v 0.4045084681262683 6.525729212114313e-17 -0.2938927164799878
v 0.4045084681262683 0.00699999884848058 -0.2938927164799878
v 0.3644844096957822 7.60000127403352e-17 -0.34227362905752656
v 0.4045084681262683 6.525729212114313e-17 -0.2938927164799878
v 0.43815328907739115 0.006999998848480569 -0.2408768640017982
v 0.43815328907739115 5.3485408102859776e-17 -0.2408768640017982
v 0.43815328907739115 0.006999998848480569 -0.2408768640017982
v 0.4045084681262683 6.525729212114313e-17 -0.2938927164799878
v 0.4045084681262683 0.00699999884848058 -0.2938927164799878
v 0.4045084681262683 0.00699999884848058 -0.2938927164799878
v 0.4045084681262683 6.525729212114313e-17 -0.2938927164799878
v 0.43815328907739115 0.006999998848480569 -0.2408768640017982
v 0.43815328907739115 5.3485408102859776e-17 -0.2408768640017982
v 0.43815328907739115 0.006999998848480569 -0.2408768640017982
v 0.4045084681262683 6.525729212114313e-17 -0.2938927164799878
v 0.43815328907739115 5.3485408102859776e-17 -0.2408768640017982
v 0.4648883332336631 0.006999998848480556 -0.1840622972178627
v 0.4648883332336631 4.0870040067334016e-17 -0.1840622972178627
v 0.4648883332336631 0.006999998848480556 -0.1840622972178627
v 0.43815328907739115 5.3485408102859776e-17 -0.2408768640017982
v 0.43815328907739115 0.006999998848480569 -0.2408768640017982
v 0.43815328907739115 0.006999998848480569 -0.2408768640017982
v 0.43815328907739115 5.3485408102859776e-17 -0.2408768640017982
v 0.4648883332336631 0.006999998848480556 -0.1840622972178627
v 0.4648883332336631 4.0870040067334016e-17 -0.1840622972178627
v 0.4648883332336631 0.006999998848480556 -0.1840622972178627
v 0.43815328907739115 5.3485408102859776e-17 -0.2408768640017982
v 0.4648883332336631 4.0870040067334016e-17 -0.1840622972178627
v 0.48429165445607936 0.006999998848480543 -0.12434496433665299
v 0.48429165445607936 2.761012848054922e-17 -0.12434496433665299
v 0.48429165445607936 0.006999998848480543 -0.12434496433665299
v 0.4648883332336631 4.0870040067334016e-17 -0.1840622972178627
v 0.4648883332336631 0.006999998848480556 -0.1840622972178627
v 0.4648883332336631 0.006999998848480556 -0.1840622972178627
v 0.4648883332336631 4.0870040067334016e-17 -0.1840622972178627
v 0.48429165445607936 0.006999998848480543 -0.12434496433665299
v 0.48429165445607936 2.761012848054922e-17 -0.12434496433665299
v 0.48429165445607936 0.006999998848480543 -0.12434496433665299
v 0.4648883332336631 4.0870040067334016e-17 -0.1840622972178627
v 0.48429165445607936 2.761012848054922e-17 -0.12434496433665299
v 0.49605740901359496 0.006999998848480529 -0.06266662593447991
v 0.49605740901359496 1.3914786197606313e-17 -0.06266662593447991
v 0.49605740901359496 0.006999998848480529 -0.06266662593447991
v 0.48429165445607936 2.761012848054922e-17 -0.12434496433665299
v 0.48429165445607936 0.006999998848480543 -0.12434496433665299
v 0.48429165445607936 0.006999998848480543 -0.12434496433665299
v 0.48429165445607936 2.761012848054922e-17 -0.12434496433665299
v 0.49605740901359496 0.006999998848480529 -0.06266662593447991
v 0.49605740901359496 1.3914786197606313e-17 -0.06266662593447991
v 0.49605740901359496 0.006999998848480529 -0.06266662593447991
v 0.48429165445607936 2.761012848054922e-17 -0.12434496433665299
v 0.49605740901359496 1.3914786197606313e-17 -0.06266662593447991
v 0.49999999777210036 0.006999998848480515 1.5543119787865301e-18
v 0.49999999777210036 0 0
v 0.49999999777210036 0.006999998848480515 1.5543119787865301e-18
v 0.49605740901359496 1.3914786197606313e-17 -0.06266662593447991
v 0.49605740901359496 0.006999998848480529 -0.06266662593447991
v 0.49605740901359496 0.006999998848480529 -0.06266662593447991
v 0.49605740901359496 1.3914786197606313e-17 -0.06266662593447991
v 0.49999999777210036 0.006999998848480515 1.5543119787865301e-18
v 0.49999999777210036 0 0
v 0.49999999777210036 0.006999998848480515 1.5543119787865301e-18
v 0.49605740901359496 1.3914786197606313e-17 -0.06266662593447991
v -0.49605740901359496 0.0069999988484805015 0.06266703167521293
v -0.49605740901359496 0.006999998848480529 -0.06266624441707425
v -0.49999999777210036 0.006999998848480515 4.013392680178991e-7
v -0.49605740901359496 0.006999998848480529 -0.06266624441707425
v -0.49605740901359496 0.0069999988484805015 0.06266703167521293
v -0.48429165445607936 0.006999998848480543 -0.1243446130984065
v -0.48429165445607936 0.006999998848480543 -0.1243446130984065
v -0.49605740901359496 0.0069999988484805015 0.06266703167521293
v -0.48429136377615123 0.006999998848480488 0.1243453882448815
v -0.48429165445607936 0.006999998848480543 -0.1243446130984065
v -0.48429136377615123 0.006999998848480488 0.1243453882448815
v -0.4648883332336631 0.006999998848480556 -0.1840619580912799
v -0.4648883332336631 0.006999998848480556 -0.1840619580912799
v -0.48429136377615123 0.006999998848480488 0.1243453882448815
v -0.46488804255373495 0.006999998848480475 0.18406272112609123
v -0.4648883332336631 0.006999998848480556 -0.1840619580912799
v -0.46488804255373495 0.006999998848480475 0.18406272112609123
v -0.4381535313106646 0.006999998848480569 -0.24087657332187007
v -0.4381535313106646 0.006999998848480569 -0.24087657332187007
v -0.46488804255373495 0.006999998848480475 0.18406272112609123
v -0.4381530468441177 0.006999998848480462 0.24087727579836304
v -0.4381535313106646 0.006999998848480569 -0.24087657332187007
v -0.4381530468441177 0.006999998848480462 0.24087727579836304
v -0.4045087103595417 0.00699999884848058 -0.2938924742467144
v -0.4045087103595417 0.00699999884848058 -0.2938924742467144
v -0.4381530468441177 0.006999998848480462 0.24087727579836304
v -0.4045082016696675 0.00699999884848045 0.2938929829365886
v -0.4045087103595417 0.00699999884848058 -0.2938924742467144
v -0.4045082016696675 0.00699999884848045 0.2938929829365886
v -0.3644844096957822 0.006999998848480592 -0.3422733868242531
v -0.3644844096957822 0.006999998848480592 -0.3422733868242531
v -0.4045082016696675 0.00699999884848045 0.2938929829365886
v -0.364483901005908 0.006999998848480439 0.34227389551412735
v -0.3644844096957822 0.006999998848480592 -0.3422733868242531
v -0.364483901005908 0.006999998848480439 0.34227389551412735
v -0.3187120830165888 0.006999998848480601 -0.3852565184764245
v -0.3187120830165888 0.006999998848480601 -0.3852565184764245
v -0.364483901005908 0.006999998848480439 0.34227389551412735
v -0.3187115743267146 0.0069999988484804295 0.3852570271662987
v -0.3187120830165888 0.006999998848480601 -0.3852565184764245
v -0.3187115743267146 0.0069999988484804295 0.3852570271662987
v -0.26791360970013933 0.006999998848480609 -0.4221637613775613
v -0.26791360970013933 0.006999998848480609 -0.4221637613775613
v -0.3187115743267146 0.0069999988484804295 0.3852570271662987
v -0.26791285877699167 0.006999998848480422 0.42216424584410817
v -0.26791360970013933 0.006999998848480609 -0.4221637613775613
v -0.26791285877699167 0.006999998848480422 0.42216424584410817
v -0.21288981294842557 0.006999998848480616 -0.45241336809817057
v -0.21288981294842557 0.006999998848480616 -0.45241336809817057
v -0.26791285877699167 0.006999998848480422 0.42216424584410817
v -0.21288908624860525 0.006999998848480415 0.45241385256471744
v -0.21288981294842557 0.006999998848480616 -0.45241336809817057
v -0.21288908624860525 0.006999998848480415 0.45241385256471744
v -0.15450871147349154 0.006999998848480621 -0.47552813908957603
v -0.15450871147349154 0.006999998848480621 -0.47552813908957603
v -0.21288908624860525 0.006999998848480415 0.45241385256471744
v -0.1545078636570345 0.0069999988484804095 0.47552838132284947
v -0.15450871147349154 0.006999998848480621 -0.47552813908957603
v -0.1545078636570345 0.0069999988484804095 0.47552838132284947
v -0.09369084621689483 0.006999998848480625 -0.49114356172190554
v -0.09369084621689483 0.006999998848480625 -0.49114356172190554
v -0.1545078636570345 0.0069999988484804095 0.47552838132284947
v -0.09368998023294228 0.006999998848480406 0.491143803955179
v -0.09369084621689483 0.006999998848480625 -0.49114356172190554
v -0.09368998023294228 0.006999998848480406 0.491143803955179
v -0.03139541552271807 0.006999998848480626 -0.4990134785426896
v -0.03139541552271807 0.006999998848480626 -0.4990134785426896
v -0.09368998023294228 0.006999998848480406 0.491143803955179
v -0.031394552566681444 0.006999998848480404 0.4990134785426896
v -0.03139541552271807 0.006999998848480626 -0.4990134785426896
v -0.031394552566681444 0.006999998848480404 0.4990134785426896
v 0.03139513695445362 0.006999998848480626 -0.4990134785426896
v 0.03139513695445362 0.006999998848480626 -0.4990134785426896
v -0.031394552566681444 0.006999998848480404 0.4990134785426896
v 0.031395999910490247 0.006999998848480404 0.4990132363094162
v 0.03139513695445362 0.006999998848480626 -0.4990134785426896
v 0.031395999910490247 0.006999998848480404 0.4990132363094162
v 0.09369056764863037 0.006999998848480625 -0.49114356172190554
v 0.09369056764863037 0.006999998848480625 -0.49114356172190554
v 0.031395999910490247 0.006999998848480404 0.4990132363094162
v 0.09369140335342374 0.006999998848480406 0.49114356172190554
v 0.09369056764863037 0.006999998848480625 -0.49114356172190554
v 0.09369140335342374 0.006999998848480406 0.49114356172190554
v 0.15450842079356342 0.006999998848480621 -0.47552838132284947
v 0.15450842079356342 0.006999998848480621 -0.47552838132284947
v 0.09369140335342374 0.006999998848480406 0.49114356172190554
v 0.1545092443866931 0.0069999988484804095 0.4755278484096479
v 0.15450842079356342 0.006999998848480621 -0.47552838132284947
v 0.1545092443866931 0.0069999988484804095 0.4755278484096479
v 0.21288959493847948 0.006999998848480616 -0.452413610331444
v 0.21288959493847948 0.006999998848480616 -0.452413610331444
v 0.1545092443866931 0.0069999988484804095 0.4755278484096479
v 0.21289039430828183 0.006999998848480415 0.4524131258648971
v 0.21288959493847948 0.006999998848480616 -0.452413610331444
v 0.21289039430828183 0.006999998848480415 0.4524131258648971
v 0.26791334324353855 0.006999998848480609 -0.4221640036108347
v 0.26791334324353855 0.006999998848480609 -0.4221640036108347
v 0.21289039430828183 0.006999998848480415 0.4524131258648971
v 0.26791411839001356 0.006999998848480422 0.42216347069763316
v 0.26791334324353855 0.006999998848480609 -0.4221640036108347
v 0.26791411839001356 0.006999998848480422 0.42216347069763316
v 0.3187120830165888 0.006999998848480601 -0.3852565184764245
v 0.3187120830165888 0.006999998848480601 -0.3852565184764245
v 0.26791411839001356 0.006999998848480422 0.42216347069763316
v 0.31871259170646304 0.0069999988484804295 0.3852560097865503
v 0.3187120830165888 0.006999998848480601 -0.3852565184764245
v 0.31871259170646304 0.0069999988484804295 0.3852560097865503
v 0.3644844096957822 0.006999998848480592 -0.34227362905752656
v 0.3644844096957822 0.006999998848480592 -0.34227362905752656
v 0.31871259170646304 0.0069999988484804295 0.3852560097865503
v 0.36448491838565644 0.006999998848480439 0.3422728781343789
v 0.3644844096957822 0.006999998848480592 -0.34227362905752656
v 0.36448491838565644 0.006999998848480439 0.3422728781343789
v 0.4045084681262683 0.00699999884848058 -0.2938927164799878
v 0.4045084681262683 0.00699999884848058 -0.2938927164799878
v 0.36448491838565644 0.006999998848480439 0.3422728781343789
v 0.4045089768161425 0.00699999884848045 0.29389196555684016
v 0.4045084681262683 0.00699999884848058 -0.2938927164799878
v 0.4045089768161425 0.00699999884848045 0.29389196555684016
v 0.43815328907739115 0.006999998848480569 -0.2408768640017982
v 0.43815328907739115 0.006999998848480569 -0.2408768640017982
v 0.4045089768161425 0.00699999884848045 0.29389196555684016
v 0.4381538219905927 0.006999998848480462 0.24087601618534116
v 0.43815328907739115 0.006999998848480569 -0.2408768640017982
v 0.4381538219905927 0.006999998848480462 0.24087601618534116
v 0.4648883332336631 0.006999998848480556 -0.1840622972178627
v 0.4648883332336631 0.006999998848480556 -0.1840622972178627
v 0.4381538219905927 0.006999998848480462 0.24087601618534116
v 0.4648885754669365 0.006999998848480475 0.18406137673142364
v 0.4648883332336631 0.006999998848480556 -0.1840622972178627
v 0.4648885754669365 0.006999998848480475 0.18406137673142364
v 0.48429165445607936 0.006999998848480543 -0.12434496433665299
v 0.48429165445607936 0.006999998848480543 -0.12434496433665299
v 0.4648885754669365 0.006999998848480475 0.18406137673142364
v 0.4842918966893528 0.006999998848480488 0.12434397118023188
v 0.48429165445607936 0.006999998848480543 -0.12434496433665299
v 0.4842918966893528 0.006999998848480488 0.12434397118023188
v 0.49605740901359496 0.006999998848480529 -0.06266662593447991
v 0.49605740901359496 0.006999998848480529 -0.06266662593447991
v 0.4842918966893528 0.006999998848480488 0.12434397118023188
v 0.49605740901359496 0.0069999988484805015 0.06266560855473147
v 0.49605740901359496 0.006999998848480529 -0.06266662593447991
v 0.49605740901359496 0.0069999988484805015 0.06266560855473147
v 0.49999999777210036 0.006999998848480515 1.5543119787865301e-18
v 0.49999999777210036 0.006999998848480515 1.5543119787865301e-18
v 0.49605740901359496 0.0069999988484805015 0.06266560855473147
v 0.49605740901359496 0.006999998848480529 -0.06266662593447991
v 0.49605740901359496 0.0069999988484805015 0.06266560855473147
v 0.4842918966893528 0.006999998848480488 0.12434397118023188
v 0.49605740901359496 0.006999998848480529 -0.06266662593447991
v 0.49605740901359496 0.006999998848480529 -0.06266662593447991
v 0.4842918966893528 0.006999998848480488 0.12434397118023188
v 0.48429165445607936 0.006999998848480543 -0.12434496433665299
v 0.4842918966893528 0.006999998848480488 0.12434397118023188
v 0.4648885754669365 0.006999998848480475 0.18406137673142364
v 0.48429165445607936 0.006999998848480543 -0.12434496433665299
v 0.48429165445607936 0.006999998848480543 -0.12434496433665299
v 0.4648885754669365 0.006999998848480475 0.18406137673142364
v 0.4648883332336631 0.006999998848480556 -0.1840622972178627
v 0.4648885754669365 0.006999998848480475 0.18406137673142364
v 0.4381538219905927 0.006999998848480462 0.24087601618534116
v 0.4648883332336631 0.006999998848480556 -0.1840622972178627
v 0.4648883332336631 0.006999998848480556 -0.1840622972178627
v 0.4381538219905927 0.006999998848480462 0.24087601618534116
v 0.43815328907739115 0.006999998848480569 -0.2408768640017982
v 0.4381538219905927 0.006999998848480462 0.24087601618534116
v 0.4045089768161425 0.00699999884848045 0.29389196555684016
v 0.43815328907739115 0.006999998848480569 -0.2408768640017982
v 0.43815328907739115 0.006999998848480569 -0.2408768640017982
v 0.4045089768161425 0.00699999884848045 0.29389196555684016
v 0.4045084681262683 0.00699999884848058 -0.2938927164799878
v 0.4045089768161425 0.00699999884848045 0.29389196555684016
v 0.36448491838565644 0.006999998848480439 0.3422728781343789
v 0.4045084681262683 0.00699999884848058 -0.2938927164799878
v 0.4045084681262683 0.00699999884848058 -0.2938927164799878
v 0.36448491838565644 0.006999998848480439 0.3422728781343789
v 0.3644844096957822 0.006999998848480592 -0.34227362905752656
v 0.36448491838565644 0.006999998848480439 0.3422728781343789
v 0.31871259170646304 0.0069999988484804295 0.3852560097865503
v 0.3644844096957822 0.006999998848480592 -0.34227362905752656
v 0.3644844096957822 0.006999998848480592 -0.34227362905752656
v 0.31871259170646304 0.0069999988484804295 0.3852560097865503
v 0.3187120830165888 0.006999998848480601 -0.3852565184764245
v 0.31871259170646304 0.0069999988484804295 0.3852560097865503
v 0.26791411839001356 0.006999998848480422 0.42216347069763316
v 0.3187120830165888 0.006999998848480601 -0.3852565184764245
v 0.3187120830165888 0.006999998848480601 -0.3852565184764245
v 0.26791411839001356 0.006999998848480422 0.42216347069763316
v 0.26791334324353855 0.006999998848480609 -0.4221640036108347
v 0.26791411839001356 0.006999998848480422 0.42216347069763316
v 0.21289039430828183 0.006999998848480415 0.4524131258648971
v 0.26791334324353855 0.006999998848480609 -0.4221640036108347
v 0.26791334324353855 0.006999998848480609 -0.4221640036108347
v 0.21289039430828183 0.006999998848480415 0.4524131258648971
v 0.21288959493847948 0.006999998848480616 -0.452413610331444
v 0.21289039430828183 0.006999998848480415 0.4524131258648971
v 0.1545092443866931 0.0069999988484804095 0.4755278484096479
v 0.21288959493847948 0.006999998848480616 -0.452413610331444
v 0.21288959493847948 0.006999998848480616 -0.452413610331444
v 0.1545092443866931 0.0069999988484804095 0.4755278484096479
v 0.15450842079356342 0.006999998848480621 -0.47552838132284947
v 0.1545092443866931 0.0069999988484804095 0.4755278484096479
v 0.09369140335342374 0.006999998848480406 0.49114356172190554
v 0.15450842079356342 0.006999998848480621 -0.47552838132284947
v 0.15450842079356342 0.006999998848480621 -0.47552838132284947
v 0.09369140335342374 0.006999998848480406 0.49114356172190554
v 0.09369056764863037 0.006999998848480625 -0.49114356172190554
v 0.09369140335342374 0.006999998848480406 0.49114356172190554
v 0.031395999910490247 0.006999998848480404 0.4990132363094162
v 0.09369056764863037 0.006999998848480625 -0.49114356172190554
v 0.09369056764863037 0.006999998848480625 -0.49114356172190554
v 0.031395999910490247 0.006999998848480404 0.4990132363094162
v 0.03139513695445362 0.006999998848480626 -0.4990134785426896
v 0.031395999910490247 0.006999998848480404 0.4990132363094162
v -0.031394552566681444 0.006999998848480404 0.4990134785426896
v 0.03139513695445362 0.006999998848480626 -0.4990134785426896
v 0.03139513695445362 0.006999998848480626 -0.4990134785426896
v -0.031394552566681444 0.006999998848480404 0.4990134785426896
v -0.03139541552271807 0.006999998848480626 -0.4990134785426896
v -0.031394552566681444 0.006999998848480404 0.4990134785426896
v -0.09368998023294228 0.006999998848480406 0.491143803955179
v -0.03139541552271807 0.006999998848480626 -0.4990134785426896
v -0.03139541552271807 0.006999998848480626 -0.4990134785426896
v -0.09368998023294228 0.006999998848480406 0.491143803955179
v -0.09369084621689483 0.006999998848480625 -0.49114356172190554
v -0.09368998023294228 0.006999998848480406 0.491143803955179
v -0.1545078636570345 0.0069999988484804095 0.47552838132284947
v -0.09369084621689483 0.006999998848480625 -0.49114356172190554
v -0.09369084621689483 0.006999998848480625 -0.49114356172190554
v -0.1545078636570345 0.0069999988484804095 0.47552838132284947
v -0.15450871147349154 0.006999998848480621 -0.47552813908957603
v -0.1545078636570345 0.0069999988484804095 0.47552838132284947
v -0.21288908624860525 0.006999998848480415 0.45241385256471744
v -0.15450871147349154 0.006999998848480621 -0.47552813908957603
v -0.15450871147349154 0.006999998848480621 -0.47552813908957603
v -0.21288908624860525 0.006999998848480415 0.45241385256471744
v -0.21288981294842557 0.006999998848480616 -0.45241336809817057
v -0.21288908624860525 0.006999998848480415 0.45241385256471744
v -0.26791285877699167 0.006999998848480422 0.42216424584410817
v -0.21288981294842557 0.006999998848480616 -0.45241336809817057
v -0.21288981294842557 0.006999998848480616 -0.45241336809817057
v -0.26791285877699167 0.006999998848480422 0.42216424584410817
v -0.26791360970013933 0.006999998848480609 -0.4221637613775613
v -0.26791285877699167 0.006999998848480422 0.42216424584410817
v -0.3187115743267146 0.0069999988484804295 0.3852570271662987
v -0.26791360970013933 0.006999998848480609 -0.4221637613775613
v -0.26791360970013933 0.006999998848480609 -0.4221637613775613
v -0.3187115743267146 0.0069999988484804295 0.3852570271662987
v -0.3187120830165888 0.006999998848480601 -0.3852565184764245
v -0.3187115743267146 0.0069999988484804295 0.3852570271662987
v -0.364483901005908 0.006999998848480439 0.34227389551412735
v -0.3187120830165888 0.006999998848480601 -0.3852565184764245
v -0.3187120830165888 0.006999998848480601 -0.3852565184764245
v -0.364483901005908 0.006999998848480439 0.34227389551412735
v -0.3644844096957822 0.006999998848480592 -0.3422733868242531
v -0.364483901005908 0.006999998848480439 0.34227389551412735
v -0.4045082016696675 0.00699999884848045 0.2938929829365886
v -0.3644844096957822 0.006999998848480592 -0.3422733868242531
v -0.3644844096957822 0.006999998848480592 -0.3422733868242531
v -0.4045082016696675 0.00699999884848045 0.2938929829365886
v -0.4045087103595417 0.00699999884848058 -0.2938924742467144
v -0.4045082016696675 0.00699999884848045 0.2938929829365886
v -0.4381530468441177 0.006999998848480462 0.24087727579836304
v -0.4045087103595417 0.00699999884848058 -0.2938924742467144
v -0.4045087103595417 0.00699999884848058 -0.2938924742467144
v -0.4381530468441177 0.006999998848480462 0.24087727579836304
v -0.4381535313106646 0.006999998848480569 -0.24087657332187007
v -0.4381530468441177 0.006999998848480462 0.24087727579836304
v -0.46488804255373495 0.006999998848480475 0.18406272112609123
v -0.4381535313106646 0.006999998848480569 -0.24087657332187007
v -0.4381535313106646 0.006999998848480569 -0.24087657332187007
v -0.46488804255373495 0.006999998848480475 0.18406272112609123
v -0.4648883332336631 0.006999998848480556 -0.1840619580912799
v -0.46488804255373495 0.006999998848480475 0.18406272112609123
v -0.48429136377615123 0.006999998848480488 0.1243453882448815
v -0.4648883332336631 0.006999998848480556 -0.1840619580912799
v -0.4648883332336631 0.006999998848480556 -0.1840619580912799
v -0.48429136377615123 0.006999998848480488 0.1243453882448815
v -0.48429165445607936 0.006999998848480543 -0.1243446130984065
v -0.48429136377615123 0.006999998848480488 0.1243453882448815
v -0.49605740901359496 0.0069999988484805015 0.06266703167521293
v -0.48429165445607936 0.006999998848480543 -0.1243446130984065
v -0.48429165445607936 0.006999998848480543 -0.1243446130984065
v -0.49605740901359496 0.0069999988484805015 0.06266703167521293
v -0.49605740901359496 0.006999998848480529 -0.06266624441707425
v -0.49999999777210036 0.006999998848480515 4.013392680178991e-7
v -0.49605740901359496 0.006999998848480529 -0.06266624441707425
v -0.49605740901359496 0.0069999988484805015 0.06266703167521293
vt 0.9955618977546692 0.5627273917198181
vt 0.9955617785453796 0.4372718930244446
vt 0.9995005130767822 0.4999997019767761
vt 0.9955617785453796 0.4372718930244446
vt 0.9955618977546692 0.5627273917198181
vt 0.9838078022003174 0.6244658827781677
vt 0.9955617785453796 0.4372718930244446
vt 0.9838078022003174 0.6244658827781677
vt 0.9838076829910278 0.37553340196609497
vt 0.9838076829910278 0.37553340196609497
vt 0.9838078022003174 0.6244658827781677
vt 0.9644238948822021 0.6842414736747742
vt 0.9838076829910278 0.37553340196609497
vt 0.9644238948822021 0.6842414736747742
vt 0.9644237160682678 0.3157578110694885
vt 0.9644237160682678 0.3157578110694885
vt 0.9644238948822021 0.6842414736747742
vt 0.9377157092094421 0.7411115765571594
vt 0.9644237160682678 0.3157578110694885
vt 0.9377157092094421 0.7411115765571594
vt 0.937715470790863 0.25888776779174805
vt 0.937715470790863 0.25888776779174805
vt 0.9377157092094421 0.7411115765571594
vt 0.904104471206665 0.7941790819168091
vt 0.937715470790863 0.25888776779174805
vt 0.904104471206665 0.7941790819168091
vt 0.9041041731834412 0.20582032203674316
vt 0.9041041731834412 0.20582032203674316
vt 0.904104471206665 0.7941790819168091
vt 0.8641203045845032 0.842607319355011
vt 0.9041041731834412 0.20582032203674316
vt 0.8641203045845032 0.842607319355011
vt 0.8641198873519897 0.15739226341247559
vt 0.8641198873519897 0.15739226341247559
vt 0.8641203045845032 0.842607319355011
vt 0.8183937072753906 0.8856322765350342
vt 0.8641198873519897 0.15739226341247559
vt 0.8183937072753906 0.8856322765350342
vt 0.8183932900428772 0.11436730623245239
vt 0.8183932900428772 0.11436730623245239
vt 0.8183937072753906 0.8856322765350342
vt 0.7676457762718201 0.9225755929946899
vt 0.8183932900428772 0.11436730623245239
vt 0.7676457762718201 0.9225755929946899
vt 0.7676452994346619 0.07742398977279663
vt 0.7676452994346619 0.07742398977279663
vt 0.7676457762718201 0.9225755929946899
vt 0.712677001953125 0.9528546929359436
vt 0.7676452994346619 0.07742398977279663
vt 0.712677001953125 0.9528546929359436
vt 0.7126765251159668 0.047144949436187744
vt 0.7126765251159668 0.047144949436187744
vt 0.712677001953125 0.9528546929359436
vt 0.6543542146682739 0.9759920239448547
vt 0.7126765251159668 0.047144949436187744
vt 0.6543542146682739 0.9759920239448547
vt 0.6543536186218262 0.024007797241210938
vt 0.6543536186218262 0.024007797241210938
vt 0.6543542146682739 0.9759920239448547
vt 0.5935971140861511 0.9916226267814636
vt 0.6543536186218262 0.024007797241210938
vt 0.5935971140861511 0.9916226267814636
vt 0.5935965180397034 0.00837719440460205
vt 0.5935965180397034 0.00837719440460205
vt 0.5935971140861511 0.9916226267814636
vt 0.5313639044761658 0.9995000958442688
vt 0.5935965180397034 0.00837719440460205
vt 0.5313639044761658 0.9995000958442688
vt 0.531363308429718 0.0004999041557312012
vt 0.531363308429718 0.0004999041557312012
vt 0.5313639044761658 0.9995000958442688
vt 0.46863609552383423 0.9995000958442688
vt 0.531363308429718 0.0004999041557312012
vt 0.46863609552383423 0.9995000958442688
vt 0.4686354994773865 0.000500023365020752
vt 0.4686354994773865 0.000500023365020752
vt 0.46863609552383423 0.9995000958442688
vt 0.4064028859138489 0.9916226863861084
vt 0.4686354994773865 0.000500023365020752
vt 0.4064028859138489 0.9916226863861084
vt 0.4064022898674011 0.008377432823181152
vt 0.4064022898674011 0.008377432823181152
vt 0.4064028859138489 0.9916226863861084
vt 0.3456457853317261 0.9759920835494995
vt 0.4064022898674011 0.008377432823181152
vt 0.3456457853317261 0.9759920835494995
vt 0.3456451892852783 0.024008214473724365
vt 0.3456451892852783 0.024008214473724365
vt 0.3456457853317261 0.9759920835494995
vt 0.287322998046875 0.9528548121452332
vt 0.3456451892852783 0.024008214473724365
vt 0.287322998046875 0.9528548121452332
vt 0.28732240200042725 0.0471455454826355
vt 0.28732240200042725 0.0471455454826355
vt 0.287322998046875 0.9528548121452332
vt 0.23235419392585754 0.9225757122039795
vt 0.28732240200042725 0.0471455454826355
vt 0.23235419392585754 0.9225757122039795
vt 0.2323535978794098 0.07742470502853394
vt 0.2323535978794098 0.07742470502853394
vt 0.23235419392585754 0.9225757122039795
vt 0.18160629272460938 0.8856322765350342
vt 0.2323535978794098 0.07742470502853394
vt 0.18160629272460938 0.8856322765350342
vt 0.18160580098628998 0.11436808109283447
vt 0.18160580098628998 0.11436808109283447
vt 0.18160629272460938 0.8856322765350342
vt 0.13587969541549683 0.8426073789596558
vt 0.18160580098628998 0.11436808109283447
vt 0.13587969541549683 0.8426073789596558
vt 0.13587920367717743 0.157393217086792
vt 0.13587920367717743 0.157393217086792
vt 0.13587969541549683 0.8426073789596558
vt 0.09589552879333496 0.7941792011260986
vt 0.13587920367717743 0.157393217086792
vt 0.09589552879333496 0.7941792011260986
vt 0.09589511901140213 0.20582139492034912
vt 0.09589511901140213 0.20582139492034912
vt 0.09589552879333496 0.7941792011260986
vt 0.06228429824113846 0.7411118149757385
vt 0.09589511901140213 0.20582139492034912
vt 0.06228429824113846 0.7411118149757385
vt 0.062283918261528015 0.25888895988464355
vt 0.062283918261528015 0.25888895988464355
vt 0.06228429824113846 0.7411118149757385
vt 0.035576120018959045 0.684241771697998
vt 0.062283918261528015 0.25888895988464355
vt 0.035576120018959045 0.684241771697998
vt 0.03557581827044487 0.3157590627670288
vt 0.03557581827044487 0.3157590627670288
vt 0.035576120018959045 0.684241771697998
vt 0.016192199662327766 0.6244661808013916
vt 0.03557581827044487 0.3157590627670288
vt 0.016192199662327766 0.6244661808013916
vt 0.016192009672522545 0.37553471326828003
vt 0.016192009672522545 0.37553471326828003
vt 0.016192199662327766 0.6244661808013916
vt 0.004438161849975586 0.562727689743042
vt 0.016192009672522545 0.37553471326828003
vt 0.004438161849975586 0.562727689743042
vt 0.004438092932105064 0.43727320432662964
vt 0.004438092932105064 0.43727320432662964
vt 0.004438161849975586 0.562727689743042
vt 0.0004994770279154181 0.49999988079071045
vt 0.0004994770279154181 0.49999988079071045
vt 0.004438161849975586 0.562727689743042
vt 0.004438092932105064 0.43727320432662964
vt 0.004438092932105064 0.43727320432662964
vt 0.004438161849975586 0.562727689743042
vt 0.016192009672522545 0.37553471326828003
vt 0.004438161849975586 0.562727689743042
vt 0.016192199662327766 0.6244661808013916
vt 0.016192009672522545 0.37553471326828003
vt 0.016192009672522545 0.37553471326828003
vt 0.016192199662327766 0.6244661808013916
vt 0.03557581827044487 0.3157590627670288
vt 0.016192199662327766 0.6244661808013916
vt 0.035576120018959045 0.684241771697998
vt 0.03557581827044487 0.3157590627670288
vt 0.03557581827044487 0.3157590627670288
vt 0.035576120018959045 0.684241771697998
vt 0.062283918261528015 0.25888895988464355
vt 0.035576120018959045 0.684241771697998
vt 0.06228429824113846 0.7411118149757385
vt 0.062283918261528015 0.25888895988464355
vt 0.062283918261528015 0.25888895988464355
vt 0.06228429824113846 0.7411118149757385
vt 0.09589511901140213 0.20582139492034912
vt 0.06228429824113846 0.7411118149757385
vt 0.09589552879333496 0.7941792011260986
vt 0.09589511901140213 0.20582139492034912
vt 0.09589511901140213 0.20582139492034912
vt 0.09589552879333496 0.7941792011260986
vt 0.13587920367717743 0.157393217086792
vt 0.09589552879333496 0.7941792011260986
vt 0.13587969541549683 0.8426073789596558
vt 0.13587920367717743 0.157393217086792
vt 0.13587920367717743 0.157393217086792
vt 0.13587969541549683 0.8426073789596558
vt 0.18160580098628998 0.11436808109283447
vt 0.13587969541549683 0.8426073789596558
vt 0.18160629272460938 0.8856322765350342
vt 0.18160580098628998 0.11436808109283447
vt 0.18160580098628998 0.11436808109283447
vt 0.18160629272460938 0.8856322765350342
vt 0.2323535978794098 0.07742470502853394
vt 0.18160629272460938 0.8856322765350342
vt 0.23235419392585754 0.9225757122039795
vt 0.2323535978794098 0.07742470502853394
vt 0.2323535978794098 0.07742470502853394
vt 0.23235419392585754 0.9225757122039795
vt 0.28732240200042725 0.0471455454826355
vt 0.23235419392585754 0.9225757122039795
vt 0.287322998046875 0.9528548121452332
vt 0.28732240200042725 0.0471455454826355
vt 0.28732240200042725 0.0471455454826355
vt 0.287322998046875 0.9528548121452332
vt 0.3456451892852783 0.024008214473724365
vt 0.287322998046875 0.9528548121452332
vt 0.3456457853317261 0.9759920835494995
vt 0.3456451892852783 0.024008214473724365
vt 0.3456451892852783 0.024008214473724365
vt 0.3456457853317261 0.9759920835494995
vt 0.4064022898674011 0.008377432823181152
vt 0.3456457853317261 0.9759920835494995
vt 0.4064028859138489 0.9916226863861084
vt 0.4064022898674011 0.008377432823181152
vt 0.4064022898674011 0.008377432823181152
vt 0.4064028859138489 0.9916226863861084
vt 0.4686354994773865 0.000500023365020752
vt 0.4064028859138489 0.9916226863861084
vt 0.46863609552383423 0.9995000958442688
vt 0.4686354994773865 0.000500023365020752
vt 0.4686354994773865 0.000500023365020752
vt 0.46863609552383423 0.9995000958442688
vt 0.531363308429718 0.0004999041557312012
vt 0.46863609552383423 0.9995000958442688
vt 0.5313639044761658 0.9995000958442688
vt 0.531363308429718 0.0004999041557312012
vt 0.531363308429718 0.0004999041557312012
vt 0.5313639044761658 0.9995000958442688
vt 0.5935965180397034 0.00837719440460205
vt 0.5313639044761658 0.9995000958442688
vt 0.5935971140861511 0.9916226267814636
vt 0.5935965180397034 0.00837719440460205
vt 0.5935965180397034 0.00837719440460205
vt 0.5935971140861511 0.9916226267814636
vt 0.6543536186218262 0.024007797241210938
vt 0.5935971140861511 0.9916226267814636
vt 0.6543542146682739 0.9759920239448547
vt 0.6543536186218262 0.024007797241210938
vt 0.6543536186218262 0.024007797241210938
vt 0.6543542146682739 0.9759920239448547
vt 0.7126765251159668 0.047144949436187744
vt 0.6543542146682739 0.9759920239448547
vt 0.712677001953125 0.9528546929359436
vt 0.7126765251159668 0.047144949436187744
vt 0.7126765251159668 0.047144949436187744
vt 0.712677001953125 0.9528546929359436
vt 0.7676452994346619 0.07742398977279663
vt 0.712677001953125 0.9528546929359436
vt 0.7676457762718201 0.9225755929946899
vt 0.7676452994346619 0.07742398977279663
vt 0.7676452994346619 0.07742398977279663
vt 0.7676457762718201 0.9225755929946899
vt 0.8183932900428772 0.11436730623245239
vt 0.7676457762718201 0.9225755929946899
vt 0.8183937072753906 0.8856322765350342
vt 0.8183932900428772 0.11436730623245239
vt 0.8183932900428772 0.11436730623245239
vt 0.8183937072753906 0.8856322765350342
vt 0.8641198873519897 0.15739226341247559
vt 0.8183937072753906 0.8856322765350342
vt 0.8641203045845032 0.842607319355011
vt 0.8641198873519897 0.15739226341247559
vt 0.8641198873519897 0.15739226341247559
vt 0.8641203045845032 0.842607319355011
vt 0.9041041731834412 0.20582032203674316
vt 0.8641203045845032 0.842607319355011
vt 0.904104471206665 0.7941790819168091
vt 0.9041041731834412 0.20582032203674316
vt 0.9041041731834412 0.20582032203674316
vt 0.904104471206665 0.7941790819168091
vt 0.937715470790863 0.25888776779174805
vt 0.904104471206665 0.7941790819168091
vt 0.9377157092094421 0.7411115765571594
vt 0.937715470790863 0.25888776779174805
vt 0.937715470790863 0.25888776779174805
vt 0.9377157092094421 0.7411115765571594
vt 0.9644237160682678 0.3157578110694885
vt 0.9377157092094421 0.7411115765571594
vt 0.9644238948822021 0.6842414736747742
vt 0.9644237160682678 0.3157578110694885
vt 0.9644237160682678 0.3157578110694885
vt 0.9644238948822021 0.6842414736747742
vt 0.9838076829910278 0.37553340196609497
vt 0.9644238948822021 0.6842414736747742
vt 0.9838078022003174 0.6244658827781677
vt 0.9838076829910278 0.37553340196609497
vt 0.9838076829910278 0.37553340196609497
vt 0.9838078022003174 0.6244658827781677
vt 0.9955617785453796 0.4372718930244446
vt 0.9838078022003174 0.6244658827781677
vt 0.9955618977546692 0.5627273917198181
vt 0.9955617785453796 0.4372718930244446
vt 0.9995005130767822 0.4999997019767761
vt 0.9955617785453796 0.4372718930244446
vt 0.9955618977546692 0.5627273917198181
vt 0.49999991059303284 0.0004995465278625488
vt 0.4372730851173401 0.9995003938674927
vt 0.4372730851173401 0.0004995465278625488
vt 0.4372730851173401 0.9995003938674927
vt 0.49999991059303284 0.0004995465278625488
vt 0.49999991059303284 0.9995003938674927
vt 0.49999991059303284 0.9995003938674927
vt 0.49999991059303284 0.0004995465278625488
vt 0.4372730851173401 0.9995003938674927
vt 0.4372730851173401 0.0004995465278625488
vt 0.4372730851173401 0.9995003938674927
vt 0.49999991059303284 0.0004995465278625488
vt 0.4372730851173401 0.0004995465278625488
vt 0.3755345046520233 0.9995003938674927
vt 0.3755345046520233 0.0004995465278625488
vt 0.3755345046520233 0.9995003938674927
vt 0.4372730851173401 0.0004995465278625488
vt 0.4372730851173401 0.9995003938674927
vt 0.4372730851173401 0.9995003938674927
vt 0.4372730851173401 0.0004995465278625488
vt 0.3755345046520233 0.9995003938674927
vt 0.3755345046520233 0.0004995465278625488
vt 0.3755345046520233 0.9995003938674927
vt 0.4372730851173401 0.0004995465278625488
vt 0.3755345046520233 0.0004995465278625488
vt 0.31575891375541687 0.9995003938674927
vt 0.31575891375541687 0.0004995465278625488
vt 0.31575891375541687 0.9995003938674927
vt 0.3755345046520233 0.0004995465278625488
vt 0.3755345046520233 0.9995003938674927
vt 0.3755345046520233 0.9995003938674927
vt 0.3755345046520233 0.0004995465278625488
vt 0.31575891375541687 0.9995003938674927
vt 0.31575891375541687 0.0004995465278625488
vt 0.31575891375541687 0.9995003938674927
vt 0.3755345046520233 0.0004995465278625488
vt 0.31575891375541687 0.0004995465278625488
vt 0.2588888108730316 0.9995003938674927
vt 0.2588888108730316 0.0004995465278625488
vt 0.2588888108730316 0.9995003938674927
vt 0.31575891375541687 0.0004995465278625488
vt 0.31575891375541687 0.9995003938674927
vt 0.31575891375541687 0.9995003938674927
vt 0.31575891375541687 0.0004995465278625488
vt 0.2588888108730316 0.9995003938674927
vt 0.2588888108730316 0.0004995465278625488
vt 0.2588888108730316 0.9995003938674927
vt 0.31575891375541687 0.0004995465278625488
vt 0.2588888108730316 0.0004995465278625488
vt 0.2058212012052536 0.9995003938674927
vt 0.2058212012052536 0.0004995465278625488
vt 0.2058212012052536 0.9995003938674927
vt 0.2588888108730316 0.0004995465278625488
vt 0.2588888108730316 0.9995003938674927
vt 0.2588888108730316 0.9995003938674927
vt 0.2588888108730316 0.0004995465278625488
vt 0.2058212012052536 0.9995003938674927
vt 0.2058212012052536 0.0004995465278625488
vt 0.2058212012052536 0.9995003938674927
vt 0.2588888108730316 0.0004995465278625488
vt 0.2058212012052536 0.0004995465278625488
vt 0.15739290416240692 0.9995003938674927
vt 0.15739290416240692 0.0004995465278625488
vt 0.15739290416240692 0.9995003938674927
vt 0.2058212012052536 0.0004995465278625488
vt 0.2058212012052536 0.9995003938674927
vt 0.2058212012052536 0.9995003938674927
vt 0.2058212012052536 0.0004995465278625488
vt 0.15739290416240692 0.9995003938674927
vt 0.15739290416240692 0.0004995465278625488
vt 0.15739290416240692 0.9995003938674927
vt 0.2058212012052536 0.0004995465278625488
vt 0.8641207218170166 0.9995003938674927
vt 0.8183941841125488 0.0004995465278625488
vt 0.8641207218170166 0.0004995465278625488
vt 0.8183941841125488 0.0004995465278625488
vt 0.8641207218170166 0.9995003938674927
vt 0.8183941841125488 0.9995003938674927
vt 0.8183941841125488 0.9995003938674927
vt 0.8641207218170166 0.9995003938674927
vt 0.8183941841125488 0.0004995465278625488
vt 0.8641207218170166 0.0004995465278625488
vt 0.8183941841125488 0.0004995465278625488
vt 0.8641207218170166 0.9995003938674927
vt 0.8183941841125488 0.9995003938674927
vt 0.7676463723182678 0.0004995465278625488
vt 0.8183941841125488 0.0004995465278625488
vt 0.7676463723182678 0.0004995465278625488
vt 0.8183941841125488 0.9995003938674927
vt 0.7676463723182678 0.9995003938674927
vt 0.7676463723182678 0.9995003938674927
vt 0.8183941841125488 0.9995003938674927
vt 0.7676463723182678 0.0004995465278625488
vt 0.8183941841125488 0.0004995465278625488
vt 0.7676463723182678 0.0004995465278625488
vt 0.8183941841125488 0.9995003938674927
vt 0.7676463723182678 0.9995003938674927
vt 0.7126775979995728 0.0004995465278625488
vt 0.7676463723182678 0.0004995465278625488
vt 0.7126775979995728 0.0004995465278625488
vt 0.7676463723182678 0.9995003938674927
vt 0.7126775979995728 0.9995003938674927
vt 0.7126775979995728 0.9995003938674927
vt 0.7676463723182678 0.9995003938674927
vt 0.7126775979995728 0.0004995465278625488
vt 0.7676463723182678 0.0004995465278625488
vt 0.7126775979995728 0.0004995465278625488
vt 0.7676463723182678 0.9995003938674927
vt 0.7126775979995728 0.9995003938674927
vt 0.6543548107147217 0.0004995465278625488
vt 0.7126775979995728 0.0004995465278625488
vt 0.6543548107147217 0.0004995465278625488
vt 0.7126775979995728 0.9995003938674927
vt 0.6543548107147217 0.9995003938674927
vt 0.6543548107147217 0.9995003938674927
vt 0.7126775979995728 0.9995003938674927
vt 0.6543548107147217 0.0004995465278625488
vt 0.7126775979995728 0.0004995465278625488
vt 0.6543548107147217 0.0004995465278625488
vt 0.7126775979995728 0.9995003938674927
vt 0.6543548107147217 0.9995003938674927
vt 0.5935977101325989 0.0004995465278625488
vt 0.6543548107147217 0.0004995465278625488
vt 0.5935977101325989 0.0004995465278625488
vt 0.6543548107147217 0.9995003938674927
vt 0.5935977101325989 0.9995003938674927
vt 0.5935977101325989 0.9995003938674927
vt 0.6543548107147217 0.9995003938674927
vt 0.5935977101325989 0.0004995465278625488
vt 0.6543548107147217 0.0004995465278625488
vt 0.5935977101325989 0.0004995465278625488
vt 0.6543548107147217 0.9995003938674927
vt 0.5935977101325989 0.9995003938674927
vt 0.5313645005226135 0.0004995465278625488
vt 0.5935977101325989 0.0004995465278625488
vt 0.5313645005226135 0.0004995465278625488
vt 0.5935977101325989 0.9995003938674927
vt 0.5313645005226135 0.9995003938674927
vt 0.5313645005226135 0.9995003938674927
vt 0.5935977101325989 0.9995003938674927
vt 0.5313645005226135 0.0004995465278625488
vt 0.5935977101325989 0.0004995465278625488
vt 0.5313645005226135 0.0004995465278625488
vt 0.5935977101325989 0.9995003938674927
vt 0.5313645005226135 0.9995003938674927
vt 0.468636691570282 0.0004995465278625488
vt 0.5313645005226135 0.0004995465278625488
vt 0.468636691570282 0.0004995465278625488
vt 0.5313645005226135 0.9995003938674927
vt 0.468636691570282 0.9995003938674927
vt 0.468636691570282 0.9995003938674927
vt 0.5313645005226135 0.9995003938674927
vt 0.468636691570282 0.0004995465278625488
vt 0.5313645005226135 0.0004995465278625488
vt 0.468636691570282 0.0004995465278625488
vt 0.5313645005226135 0.9995003938674927
vt 0.468636691570282 0.9995003938674927
vt 0.406403511762619 0.0004995465278625488
vt 0.468636691570282 0.0004995465278625488
vt 0.406403511762619 0.0004995465278625488
vt 0.468636691570282 0.9995003938674927
vt 0.406403511762619 0.9995003938674927
vt 0.406403511762619 0.9995003938674927
vt 0.468636691570282 0.9995003938674927
vt 0.406403511762619 0.0004995465278625488
vt 0.468636691570282 0.0004995465278625488
vt 0.406403511762619 0.0004995465278625488
vt 0.468636691570282 0.9995003938674927
vt 0.406403511762619 0.9995003938674927
vt 0.3456464111804962 0.0004995465278625488
vt 0.406403511762619 0.0004995465278625488
vt 0.3456464111804962 0.0004995465278625488
vt 0.406403511762619 0.9995003938674927
vt 0.3456464111804962 0.9995003938674927
vt 0.3456464111804962 0.9995003938674927
vt 0.406403511762619 0.9995003938674927
vt 0.3456464111804962 0.0004995465278625488
vt 0.406403511762619 0.0004995465278625488
vt 0.3456464111804962 0.0004995465278625488
vt 0.406403511762619 0.9995003938674927
vt 0.3456464111804962 0.9995003938674927
vt 0.2873235046863556 0.0004995465278625488
vt 0.3456464111804962 0.0004995465278625488
vt 0.2873235046863556 0.0004995465278625488
vt 0.3456464111804962 0.9995003938674927
vt 0.2873235046863556 0.9995003938674927
vt 0.2873235046863556 0.9995003938674927
vt 0.3456464111804962 0.9995003938674927
vt 0.2873235046863556 0.0004995465278625488
vt 0.3456464111804962 0.0004995465278625488
vt 0.2873235046863556 0.0004995465278625488
vt 0.3456464111804962 0.9995003938674927
vt 0.2873235046863556 0.9995003938674927
vt 0.23235470056533813 0.0004995465278625488
vt 0.2873235046863556 0.0004995465278625488
vt 0.23235470056533813 0.0004995465278625488
vt 0.2873235046863556 0.9995003938674927
vt 0.23235470056533813 0.9995003938674927
vt 0.23235470056533813 0.9995003938674927
vt 0.2873235046863556 0.9995003938674927
vt 0.23235470056533813 0.0004995465278625488
vt 0.2873235046863556 0.0004995465278625488
vt 0.23235470056533813 0.0004995465278625488
vt 0.2873235046863556 0.9995003938674927
vt 0.23235470056533813 0.9995003938674927
vt 0.18160679936408997 0.0004995465278625488
vt 0.23235470056533813 0.0004995465278625488
vt 0.18160679936408997 0.0004995465278625488
vt 0.23235470056533813 0.9995003938674927
vt 0.18160679936408997 0.9995003938674927
vt 0.18160679936408997 0.9995003938674927
vt 0.23235470056533813 0.9995003938674927
vt 0.18160679936408997 0.0004995465278625488
vt 0.23235470056533813 0.0004995465278625488
vt 0.18160679936408997 0.0004995465278625488
vt 0.23235470056533813 0.9995003938674927
vt 0.18160679936408997 0.9995003938674927
vt 0.13588009774684906 0.0004995465278625488
vt 0.18160679936408997 0.0004995465278625488
vt 0.13588009774684906 0.0004995465278625488
vt 0.18160679936408997 0.9995003938674927
vt 0.13588009774684906 0.9995003938674927
vt 0.13588009774684906 0.9995003938674927
vt 0.18160679936408997 0.9995003938674927
vt 0.13588009774684906 0.0004995465278625488
vt 0.18160679936408997 0.0004995465278625488
vt 0.13588009774684906 0.0004995465278625488
vt 0.18160679936408997 0.9995003938674927
vt 0.7941799163818359 0.9995003938674927
vt 0.8426079750061035 0.0004995465278625488
vt 0.8426079750061035 0.9995003938674927
vt 0.8426079750061035 0.0004995465278625488
vt 0.7941799163818359 0.9995003938674927
vt 0.7941799163818359 0.0004995465278625488
vt 0.7941799163818359 0.0004995465278625488
vt 0.7941799163818359 0.9995003938674927
vt 0.8426079750061035 0.0004995465278625488
vt 0.8426079750061035 0.9995003938674927
vt 0.8426079750061035 0.0004995465278625488
vt 0.7941799163818359 0.9995003938674927
vt 0.7411122918128967 0.9995003938674927
vt 0.7941799163818359 0.0004995465278625488
vt 0.7941799163818359 0.9995003938674927
vt 0.7941799163818359 0.0004995465278625488
vt 0.7411122918128967 0.9995003938674927
vt 0.7411122918128967 0.0004995465278625488
vt 0.7411122918128967 0.0004995465278625488
vt 0.7411122918128967 0.9995003938674927
vt 0.7941799163818359 0.0004995465278625488
vt 0.7941799163818359 0.9995003938674927
vt 0.7941799163818359 0.0004995465278625488
vt 0.7411122918128967 0.9995003938674927
vt 0.6842421889305115 0.9995003938674927
vt 0.7411122918128967 0.0004995465278625488
vt 0.7411122918128967 0.9995003938674927
vt 0.7411122918128967 0.0004995465278625488
vt 0.6842421889305115 0.9995003938674927
vt 0.6842421889305115 0.0004995465278625488
vt 0.6842421889305115 0.0004995465278625488
vt 0.6842421889305115 0.9995003938674927
vt 0.7411122918128967 0.0004995465278625488
vt 0.7411122918128967 0.9995003938674927
vt 0.7411122918128967 0.0004995465278625488
vt 0.6842421889305115 0.9995003938674927
vt 0.6244667172431946 0.9995003938674927
vt 0.6842421889305115 0.0004995465278625488
vt 0.6842421889305115 0.9995003938674927
vt 0.6842421889305115 0.0004995465278625488
vt 0.6244667172431946 0.9995003938674927
vt 0.6244667172431946 0.0004995465278625488
vt 0.6244667172431946 0.0004995465278625488
vt 0.6244667172431946 0.9995003938674927
vt 0.6842421889305115 0.0004995465278625488
vt 0.6842421889305115 0.9995003938674927
vt 0.6842421889305115 0.0004995465278625488
vt 0.6244667172431946 0.9995003938674927
vt 0.5627281069755554 0.9995003938674927
vt 0.6244667172431946 0.0004995465278625488
vt 0.6244667172431946 0.9995003938674927
vt 0.6244667172431946 0.0004995465278625488
vt 0.5627281069755554 0.9995003938674927
vt 0.5627281069755554 0.0004995465278625488
vt 0.5627281069755554 0.0004995465278625488
vt 0.5627281069755554 0.9995003938674927
vt 0.6244667172431946 0.0004995465278625488
vt 0.6244667172431946 0.9995003938674927
vt 0.6244667172431946 0.0004995465278625488
vt 0.5627281069755554 0.9995003938674927
vt 0.5000001788139343 0.9995003938674927
vt 0.5627281069755554 0.0004995465278625488
vt 0.5627281069755554 0.9995003938674927
vt 0.5627281069755554 0.0004995465278625488
vt 0.5000001788139343 0.9995003938674927
vt 0.5000001788139343 0.0004995465278625488
vt 0.5000001788139343 0.0004995465278625488
vt 0.5000001788139343 0.9995003938674927
vt 0.5627281069755554 0.0004995465278625488
vt 0.5627281069755554 0.9995003938674927
vt 0.5627281069755554 0.0004995465278625488
vt 0.5000001788139343 0.9995003938674927
vt 0.43727248907089233 0.9995003938674927
vt 0.5000001788139343 0.0004995465278625488
vt 0.5000001788139343 0.9995003938674927
vt 0.5000001788139343 0.0004995465278625488
vt 0.43727248907089233 0.9995003938674927
vt 0.43727248907089233 0.0004995465278625488
vt 0.43727248907089233 0.0004995465278625488
vt 0.43727248907089233 0.9995003938674927
vt 0.5000001788139343 0.0004995465278625488
vt 0.5000001788139343 0.9995003938674927
vt 0.5000001788139343 0.0004995465278625488
vt 0.43727248907089233 0.9995003938674927
vt 0.37553390860557556 0.9995003938674927
vt 0.43727248907089233 0.0004995465278625488
vt 0.43727248907089233 0.9995003938674927
vt 0.43727248907089233 0.0004995465278625488
vt 0.37553390860557556 0.9995003938674927
vt 0.37553390860557556 0.0004995465278625488
vt 0.37553390860557556 0.0004995465278625488
vt 0.37553390860557556 0.9995003938674927
vt 0.43727248907089233 0.0004995465278625488
vt 0.43727248907089233 0.9995003938674927
vt 0.43727248907089233 0.0004995465278625488
vt 0.37553390860557556 0.9995003938674927
vt 0.31575828790664673 0.9995003938674927
vt 0.37553390860557556 0.0004995465278625488
vt 0.37553390860557556 0.9995003938674927
vt 0.37553390860557556 0.0004995465278625488
vt 0.31575828790664673 0.9995003938674927
vt 0.31575828790664673 0.0004995465278625488
vt 0.31575828790664673 0.0004995465278625488
vt 0.31575828790664673 0.9995003938674927
vt 0.37553390860557556 0.0004995465278625488
vt 0.37553390860557556 0.9995003938674927
vt 0.37553390860557556 0.0004995465278625488
vt 0.31575828790664673 0.9995003938674927
vt 0.25888821482658386 0.9995003938674927
vt 0.31575828790664673 0.0004995465278625488
vt 0.31575828790664673 0.9995003938674927
vt 0.31575828790664673 0.0004995465278625488
vt 0.25888821482658386 0.9995003938674927
vt 0.25888821482658386 0.0004995465278625488
vt 0.25888821482658386 0.0004995465278625488
vt 0.25888821482658386 0.9995003938674927
vt 0.31575828790664673 0.0004995465278625488
vt 0.31575828790664673 0.9995003938674927
vt 0.31575828790664673 0.0004995465278625488
vt 0.25888821482658386 0.9995003938674927
vt 0.205820694565773 0.9995003938674927
vt 0.25888821482658386 0.0004995465278625488
vt 0.25888821482658386 0.9995003938674927
vt 0.25888821482658386 0.0004995465278625488
vt 0.205820694565773 0.9995003938674927
vt 0.205820694565773 0.0004995465278625488
vt 0.205820694565773 0.0004995465278625488
vt 0.205820694565773 0.9995003938674927
vt 0.25888821482658386 0.0004995465278625488
vt 0.25888821482658386 0.9995003938674927
vt 0.25888821482658386 0.0004995465278625488
vt 0.205820694565773 0.9995003938674927
vt 0.15739239752292633 0.9995003938674927
vt 0.205820694565773 0.0004995465278625488
vt 0.205820694565773 0.9995003938674927
vt 0.205820694565773 0.0004995465278625488
vt 0.15739239752292633 0.9995003938674927
vt 0.15739239752292633 0.0004995465278625488
vt 0.15739239752292633 0.0004995465278625488
vt 0.15739239752292633 0.9995003938674927
vt 0.205820694565773 0.0004995465278625488
vt 0.205820694565773 0.9995003938674927
vt 0.205820694565773 0.0004995465278625488
vt 0.15739239752292633 0.9995003938674927
vt 0.8641201853752136 0.9995003938674927
vt 0.8183937072753906 0.0004995465278625488
vt 0.8641201853752136 0.0004995465278625488
vt 0.8183937072753906 0.0004995465278625488
vt 0.8641201853752136 0.9995003938674927
vt 0.8183937072753906 0.9995003938674927
vt 0.8183937072753906 0.9995003938674927
vt 0.8641201853752136 0.9995003938674927
vt 0.8183937072753906 0.0004995465278625488
vt 0.8641201853752136 0.0004995465278625488
vt 0.8183937072753906 0.0004995465278625488
vt 0.8641201853752136 0.9995003938674927
vt 0.8183937072753906 0.9995003938674927
vt 0.7676457762718201 0.0004995465278625488
vt 0.8183937072753906 0.0004995465278625488
vt 0.7676457762718201 0.0004995465278625488
vt 0.8183937072753906 0.9995003938674927
vt 0.7676457762718201 0.9995003938674927
vt 0.7676457762718201 0.9995003938674927
vt 0.8183937072753906 0.9995003938674927
vt 0.7676457762718201 0.0004995465278625488
vt 0.8183937072753906 0.0004995465278625488
vt 0.7676457762718201 0.0004995465278625488
vt 0.8183937072753906 0.9995003938674927
vt 0.7676457762718201 0.9995003938674927
vt 0.712677001953125 0.0004995465278625488
vt 0.7676457762718201 0.0004995465278625488
vt 0.712677001953125 0.0004995465278625488
vt 0.7676457762718201 0.9995003938674927
vt 0.712677001953125 0.9995003938674927
vt 0.712677001953125 0.9995003938674927
vt 0.7676457762718201 0.9995003938674927
vt 0.712677001953125 0.0004995465278625488
vt 0.7676457762718201 0.0004995465278625488
vt 0.712677001953125 0.0004995465278625488
vt 0.7676457762718201 0.9995003938674927
vt 0.712677001953125 0.9995003938674927
vt 0.6543542146682739 0.0004995465278625488
vt 0.712677001953125 0.0004995465278625488
vt 0.6543542146682739 0.0004995465278625488
vt 0.712677001953125 0.9995003938674927
vt 0.6543542146682739 0.9995003938674927
vt 0.6543542146682739 0.9995003938674927
vt 0.712677001953125 0.9995003938674927
vt 0.6543542146682739 0.0004995465278625488
vt 0.712677001953125 0.0004995465278625488
vt 0.6543542146682739 0.0004995465278625488
vt 0.712677001953125 0.9995003938674927
vt 0.6543542146682739 0.9995003938674927
vt 0.5935971140861511 0.0004995465278625488
vt 0.6543542146682739 0.0004995465278625488
vt 0.5935971140861511 0.0004995465278625488
vt 0.6543542146682739 0.9995003938674927
vt 0.5935971140861511 0.9995003938674927
vt 0.5935971140861511 0.9995003938674927
vt 0.6543542146682739 0.9995003938674927
vt 0.5935971140861511 0.0004995465278625488
vt 0.6543542146682739 0.0004995465278625488
vt 0.5935971140861511 0.0004995465278625488
vt 0.6543542146682739 0.9995003938674927
vt 0.5935971140861511 0.9995003938674927
vt 0.5313640236854553 0.0004995465278625488
vt 0.5935971140861511 0.0004995465278625488
vt 0.5313640236854553 0.0004995465278625488
vt 0.5935971140861511 0.9995003938674927
vt 0.5313640236854553 0.9995003938674927
vt 0.5313640236854553 0.9995003938674927
vt 0.5935971140861511 0.9995003938674927
vt 0.5313640236854553 0.0004995465278625488
vt 0.5935971140861511 0.0004995465278625488
vt 0.5313640236854553 0.0004995465278625488
vt 0.5935971140861511 0.9995003938674927
vt 0.5313640236854553 0.9995003938674927
vt 0.46863609552383423 0.0004995465278625488
vt 0.5313640236854553 0.0004995465278625488
vt 0.46863609552383423 0.0004995465278625488
vt 0.5313640236854553 0.9995003938674927
vt 0.46863609552383423 0.9995003938674927
vt 0.46863609552383423 0.9995003938674927
vt 0.5313640236854553 0.9995003938674927
vt 0.46863609552383423 0.0004995465278625488
vt 0.5313640236854553 0.0004995465278625488
vt 0.46863609552383423 0.0004995465278625488
vt 0.5313640236854553 0.9995003938674927
vt 0.46863609552383423 0.9995003938674927
vt 0.4064028859138489 0.0004995465278625488
vt 0.46863609552383423 0.0004995465278625488
vt 0.4064028859138489 0.0004995465278625488
vt 0.46863609552383423 0.9995003938674927
vt 0.4064028859138489 0.9995003938674927
vt 0.4064028859138489 0.9995003938674927
vt 0.46863609552383423 0.9995003938674927
vt 0.4064028859138489 0.0004995465278625488
vt 0.46863609552383423 0.0004995465278625488
vt 0.4064028859138489 0.0004995465278625488
vt 0.46863609552383423 0.9995003938674927
vt 0.4064028859138489 0.9995003938674927
vt 0.3456457853317261 0.0004995465278625488
vt 0.4064028859138489 0.0004995465278625488
vt 0.3456457853317261 0.0004995465278625488
vt 0.4064028859138489 0.9995003938674927
vt 0.3456457853317261 0.9995003938674927
vt 0.3456457853317261 0.9995003938674927
vt 0.4064028859138489 0.9995003938674927
vt 0.3456457853317261 0.0004995465278625488
vt 0.4064028859138489 0.0004995465278625488
vt 0.3456457853317261 0.0004995465278625488
vt 0.4064028859138489 0.9995003938674927
vt 0.3456457853317261 0.9995003938674927
vt 0.287322998046875 0.0004995465278625488
vt 0.3456457853317261 0.0004995465278625488
vt 0.287322998046875 0.0004995465278625488
vt 0.3456457853317261 0.9995003938674927
vt 0.287322998046875 0.9995003938674927
vt 0.287322998046875 0.9995003938674927
vt 0.3456457853317261 0.9995003938674927
vt 0.287322998046875 0.0004995465278625488
vt 0.3456457853317261 0.0004995465278625488
vt 0.287322998046875 0.0004995465278625488
vt 0.3456457853317261 0.9995003938674927
vt 0.287322998046875 0.9995003938674927
vt 0.23235419392585754 0.0004995465278625488
vt 0.287322998046875 0.0004995465278625488
vt 0.23235419392585754 0.0004995465278625488
vt 0.287322998046875 0.9995003938674927
vt 0.23235419392585754 0.9995003938674927
vt 0.23235419392585754 0.9995003938674927
vt 0.287322998046875 0.9995003938674927
vt 0.23235419392585754 0.0004995465278625488
vt 0.287322998046875 0.0004995465278625488
vt 0.23235419392585754 0.0004995465278625488
vt 0.287322998046875 0.9995003938674927
vt 0.23235419392585754 0.9995003938674927
vt 0.18160629272460938 0.0004995465278625488
vt 0.23235419392585754 0.0004995465278625488
vt 0.18160629272460938 0.0004995465278625488
vt 0.23235419392585754 0.9995003938674927
vt 0.18160629272460938 0.9995003938674927
vt 0.18160629272460938 0.9995003938674927
vt 0.23235419392585754 0.9995003938674927
vt 0.18160629272460938 0.0004995465278625488
vt 0.23235419392585754 0.0004995465278625488
vt 0.18160629272460938 0.0004995465278625488
vt 0.23235419392585754 0.9995003938674927
vt 0.18160629272460938 0.9995003938674927
vt 0.13587979972362518 0.0004995465278625488
vt 0.18160629272460938 0.0004995465278625488
vt 0.13587979972362518 0.0004995465278625488
vt 0.18160629272460938 0.9995003938674927
vt 0.13587979972362518 0.9995003938674927
vt 0.13587979972362518 0.9995003938674927
vt 0.18160629272460938 0.9995003938674927
vt 0.13587979972362518 0.0004995465278625488
vt 0.18160629272460938 0.0004995465278625488
vt 0.13587979972362518 0.0004995465278625488
vt 0.18160629272460938 0.9995003938674927
vt 0.8426076173782349 0.0004995465278625488
vt 0.794179379940033 0.9995003938674927
vt 0.794179379940033 0.0004995465278625488
vt 0.794179379940033 0.9995003938674927
vt 0.8426076173782349 0.0004995465278625488
vt 0.8426076173782349 0.9995003938674927
vt 0.8426076173782349 0.9995003938674927
vt 0.8426076173782349 0.0004995465278625488
vt 0.794179379940033 0.9995003938674927
vt 0.794179379940033 0.0004995465278625488
vt 0.794179379940033 0.9995003938674927
vt 0.8426076173782349 0.0004995465278625488
vt 0.794179379940033 0.0004995465278625488
vt 0.7411118745803833 0.9995003938674927
vt 0.7411118745803833 0.0004995465278625488
vt 0.7411118745803833 0.9995003938674927
vt 0.794179379940033 0.0004995465278625488
vt 0.794179379940033 0.9995003938674927
vt 0.794179379940033 0.9995003938674927
vt 0.794179379940033 0.0004995465278625488
vt 0.7411118745803833 0.9995003938674927
vt 0.7411118745803833 0.0004995465278625488
vt 0.7411118745803833 0.9995003938674927
vt 0.794179379940033 0.0004995465278625488
vt 0.7411118745803833 0.0004995465278625488
vt 0.684241771697998 0.9995003938674927
vt 0.684241771697998 0.0004995465278625488
vt 0.684241771697998 0.9995003938674927
vt 0.7411118745803833 0.0004995465278625488
vt 0.7411118745803833 0.9995003938674927
vt 0.7411118745803833 0.9995003938674927
vt 0.7411118745803833 0.0004995465278625488
vt 0.684241771697998 0.9995003938674927
vt 0.684241771697998 0.0004995465278625488
vt 0.684241771697998 0.9995003938674927
vt 0.7411118745803833 0.0004995465278625488
vt 0.684241771697998 0.0004995465278625488
vt 0.6244661808013916 0.9995003938674927
vt 0.6244661808013916 0.0004995465278625488
vt 0.6244661808013916 0.9995003938674927
vt 0.684241771697998 0.0004995465278625488
vt 0.684241771697998 0.9995003938674927
vt 0.684241771697998 0.9995003938674927
vt 0.684241771697998 0.0004995465278625488
vt 0.6244661808013916 0.9995003938674927
vt 0.6244661808013916 0.0004995465278625488
vt 0.6244661808013916 0.9995003938674927
vt 0.684241771697998 0.0004995465278625488
vt 0.6244661808013916 0.0004995465278625488
vt 0.562727689743042 0.9995003938674927
vt 0.562727689743042 0.0004995465278625488
vt 0.562727689743042 0.9995003938674927
vt 0.6244661808013916 0.0004995465278625488
vt 0.6244661808013916 0.9995003938674927
vt 0.6244661808013916 0.9995003938674927
vt 0.6244661808013916 0.0004995465278625488
vt 0.562727689743042 0.9995003938674927
vt 0.562727689743042 0.0004995465278625488
vt 0.562727689743042 0.9995003938674927
vt 0.6244661808013916 0.0004995465278625488
vt 0.562727689743042 0.0004995465278625488
vt 0.49999991059303284 0.9995003938674927
vt 0.49999991059303284 0.0004995465278625488
vt 0.49999991059303284 0.9995003938674927
vt 0.562727689743042 0.0004995465278625488
vt 0.562727689743042 0.9995003938674927
vt 0.562727689743042 0.9995003938674927
vt 0.562727689743042 0.0004995465278625488
vt 0.49999991059303284 0.9995003938674927
vt 0.49999991059303284 0.0004995465278625488
vt 0.49999991059303284 0.9995003938674927
vt 0.562727689743042 0.0004995465278625488
vt 0.004438209813088179 0.4372718930244446
vt 0.004438160918653011 0.5627275705337524
vt 0.0004994869232177734 0.4999997019767761
vt 0.004438160918653011 0.5627275705337524
vt 0.004438209813088179 0.4372718930244446
vt 0.01619219034910202 0.6244661211967468
vt 0.01619219034910202 0.6244661211967468
vt 0.004438209813088179 0.4372718930244446
vt 0.016192279756069183 0.3755333423614502
vt 0.01619219034910202 0.6244661211967468
vt 0.016192279756069183 0.3755333423614502
vt 0.03557610139250755 0.684241771697998
vt 0.03557610139250755 0.684241771697998
vt 0.016192279756069183 0.3755333423614502
vt 0.03557629883289337 0.315757691860199
vt 0.03557610139250755 0.684241771697998
vt 0.03557629883289337 0.315757691860199
vt 0.062284309417009354 0.7411118745803833
vt 0.062284309417009354 0.7411118745803833
vt 0.03557629883289337 0.315757691860199
vt 0.062284521758556366 0.2588875889778137
vt 0.062284309417009354 0.7411118745803833
vt 0.062284521758556366 0.2588875889778137
vt 0.09589557349681854 0.7941794991493225
vt 0.09589557349681854 0.7941794991493225
vt 0.062284521758556366 0.2588875889778137
vt 0.09589579701423645 0.20582008361816406
vt 0.09589557349681854 0.7941794991493225
vt 0.09589579701423645 0.20582008361816406
vt 0.13587979972362518 0.8426076769828796
vt 0.13587979972362518 0.8426076769828796
vt 0.09589579701423645 0.20582008361816406
vt 0.13588009774684906 0.15739190578460693
vt 0.13587979972362518 0.8426076769828796
vt 0.13588009774684906 0.15739190578460693
vt 0.18160629272460938 0.8856326937675476
vt 0.18160629272460938 0.8856326937675476
vt 0.13588009774684906 0.15739190578460693
vt 0.1816066950559616 0.11436688899993896
vt 0.18160629272460938 0.8856326937675476
vt 0.1816066950559616 0.11436688899993896
vt 0.2323542982339859 0.9225761294364929
vt 0.2323542982339859 0.9225761294364929
vt 0.1816066950559616 0.11436688899993896
vt 0.23235459625720978 0.0774235725402832
vt 0.2323542982339859 0.9225761294364929
vt 0.23235459625720978 0.0774235725402832
vt 0.287322998046875 0.9528552293777466
vt 0.287322998046875 0.9528552293777466
vt 0.23235459625720978 0.0774235725402832
vt 0.28732338547706604 0.047144532203674316
vt 0.287322998046875 0.9528552293777466
vt 0.28732338547706604 0.047144532203674316
vt 0.3456457853317261 0.9759925007820129
vt 0.3456457853317261 0.9759925007820129
vt 0.28732338547706604 0.047144532203674316
vt 0.34564629197120667 0.024007320404052734
vt 0.3456457853317261 0.9759925007820129
vt 0.34564629197120667 0.024007320404052734
vt 0.4064028859138489 0.9916231036186218
vt 0.4064028859138489 0.9916231036186218
vt 0.34564629197120667 0.024007320404052734
vt 0.40640339255332947 0.008376717567443848
vt 0.4064028859138489 0.9916231036186218
vt 0.40640339255332947 0.008376717567443848
vt 0.46863609552383423 0.999500572681427
vt 0.46863609552383423 0.999500572681427
vt 0.40640339255332947 0.008376717567443848
vt 0.4686366021633148 0.0004993677139282227
vt 0.46863609552383423 0.999500572681427
vt 0.4686366021633148 0.0004993677139282227
vt 0.5313640236854553 0.999500572681427
vt 0.5313640236854553 0.999500572681427
vt 0.4686366021633148 0.0004993677139282227
vt 0.531364381313324 0.0004994869232177734
vt 0.5313640236854553 0.999500572681427
vt 0.531364381313324 0.0004994869232177734
vt 0.5935971736907959 0.9916232228279114
vt 0.5935971736907959 0.9916232228279114
vt 0.531364381313324 0.0004994869232177734
vt 0.5935975909233093 0.008376896381378174
vt 0.5935971736907959 0.9916232228279114
vt 0.5935975909233093 0.008376896381378174
vt 0.6543542742729187 0.9759926199913025
vt 0.6543542742729187 0.9759926199913025
vt 0.5935975909233093 0.008376896381378174
vt 0.6543546915054321 0.024007678031921387
vt 0.6543542742729187 0.9759926199913025
vt 0.6543546915054321 0.024007678031921387
vt 0.7126771211624146 0.9528552889823914
vt 0.7126771211624146 0.9528552889823914
vt 0.6543546915054321 0.024007678031921387
vt 0.7126775979995728 0.04714500904083252
vt 0.7126771211624146 0.9528552889823914
vt 0.7126775979995728 0.04714500904083252
vt 0.7676458954811096 0.9225761294364929
vt 0.7676458954811096 0.9225761294364929
vt 0.7126775979995728 0.04714500904083252
vt 0.767646312713623 0.07742422819137573
vt 0.7676458954811096 0.9225761294364929
vt 0.767646312713623 0.07742422819137573
vt 0.8183937072753906 0.8856326937675476
vt 0.8183937072753906 0.8856326937675476
vt 0.767646312713623 0.07742422819137573
vt 0.818394124507904 0.11436772346496582
vt 0.8183937072753906 0.8856326937675476
vt 0.818394124507904 0.11436772346496582
vt 0.8641203045845032 0.8426076769828796
vt 0.8641203045845032 0.8426076769828796
vt 0.818394124507904 0.11436772346496582
vt 0.8641207218170166 0.15739279985427856
vt 0.8641203045845032 0.8426076769828796
vt 0.8641207218170166 0.15739279985427856
vt 0.904104471206665 0.7941794991493225
vt 0.904104471206665 0.7941794991493225
vt 0.8641207218170166 0.15739279985427856
vt 0.9041048288345337 0.20582109689712524
vt 0.904104471206665 0.7941794991493225
vt 0.9041048288345337 0.20582109689712524
vt 0.9377157092094421 0.7411119937896729
vt 0.9377157092094421 0.7411119937896729
vt 0.9041048288345337 0.20582109689712524
vt 0.937716007232666 0.25888872146606445
vt 0.9377157092094421 0.7411119937896729
vt 0.937716007232666 0.25888872146606445
vt 0.9644238948822021 0.6842418909072876
vt 0.9644238948822021 0.6842418909072876
vt 0.937716007232666 0.25888872146606445
vt 0.9644240736961365 0.3157588243484497
vt 0.9644238948822021 0.6842418909072876
vt 0.9644240736961365 0.3157588243484497
vt 0.9838078022003174 0.6244661808013916
vt 0.9838078022003174 0.6244661808013916
vt 0.9644240736961365 0.3157588243484497
vt 0.9838079810142517 0.3755345344543457
vt 0.9838078022003174 0.6244661808013916
vt 0.9838079810142517 0.3755345344543457
vt 0.9955617785453796 0.562727689743042
vt 0.9955617785453796 0.562727689743042
vt 0.9838079810142517 0.3755345344543457
vt 0.9955618977546692 0.4372730851173401
vt 0.9955617785453796 0.562727689743042
vt 0.9955618977546692 0.4372730851173401
vt 0.9995005130767822 0.49999988079071045
vt 0.9995005130767822 0.49999988079071045
vt 0.9955618977546692 0.4372730851173401
vt 0.9955617785453796 0.562727689743042
vt 0.9955618977546692 0.4372730851173401
vt 0.9838079810142517 0.3755345344543457
vt 0.9955617785453796 0.562727689743042
vt 0.9955617785453796 0.562727689743042
vt 0.9838079810142517 0.3755345344543457
vt 0.9838078022003174 0.6244661808013916
vt 0.9838079810142517 0.3755345344543457
vt 0.9644240736961365 0.3157588243484497
vt 0.9838078022003174 0.6244661808013916
vt 0.9838078022003174 0.6244661808013916
vt 0.9644240736961365 0.3157588243484497
vt 0.9644238948822021 0.6842418909072876
vt 0.9644240736961365 0.3157588243484497
vt 0.937716007232666 0.25888872146606445
vt 0.9644238948822021 0.6842418909072876
vt 0.9644238948822021 0.6842418909072876
vt 0.937716007232666 0.25888872146606445
vt 0.9377157092094421 0.7411119937896729
vt 0.937716007232666 0.25888872146606445
vt 0.9041048288345337 0.20582109689712524
vt 0.9377157092094421 0.7411119937896729
vt 0.9377157092094421 0.7411119937896729
vt 0.9041048288345337 0.20582109689712524
vt 0.904104471206665 0.7941794991493225
vt 0.9041048288345337 0.20582109689712524
vt 0.8641207218170166 0.15739279985427856
vt 0.904104471206665 0.7941794991493225
vt 0.904104471206665 0.7941794991493225
vt 0.8641207218170166 0.15739279985427856
vt 0.8641203045845032 0.8426076769828796
vt 0.8641207218170166 0.15739279985427856
vt 0.818394124507904 0.11436772346496582
vt 0.8641203045845032 0.8426076769828796
vt 0.8641203045845032 0.8426076769828796
vt 0.818394124507904 0.11436772346496582
vt 0.8183937072753906 0.8856326937675476
vt 0.818394124507904 0.11436772346496582
vt 0.767646312713623 0.07742422819137573
vt 0.8183937072753906 0.8856326937675476
vt 0.8183937072753906 0.8856326937675476
vt 0.767646312713623 0.07742422819137573
vt 0.7676458954811096 0.9225761294364929
vt 0.767646312713623 0.07742422819137573
vt 0.7126775979995728 0.04714500904083252
vt 0.7676458954811096 0.9225761294364929
vt 0.7676458954811096 0.9225761294364929
vt 0.7126775979995728 0.04714500904083252
vt 0.7126771211624146 0.9528552889823914
vt 0.7126775979995728 0.04714500904083252
vt 0.6543546915054321 0.024007678031921387
vt 0.7126771211624146 0.9528552889823914
vt 0.7126771211624146 0.9528552889823914
vt 0.6543546915054321 0.024007678031921387
vt 0.6543542742729187 0.9759926199913025
vt 0.6543546915054321 0.024007678031921387
vt 0.5935975909233093 0.008376896381378174
vt 0.6543542742729187 0.9759926199913025
vt 0.6543542742729187 0.9759926199913025
vt 0.5935975909233093 0.008376896381378174
vt 0.5935971736907959 0.9916232228279114
vt 0.5935975909233093 0.008376896381378174
vt 0.531364381313324 0.0004994869232177734
vt 0.5935971736907959 0.9916232228279114
vt 0.5935971736907959 0.9916232228279114
vt 0.531364381313324 0.0004994869232177734
vt 0.5313640236854553 0.999500572681427
vt 0.531364381313324 0.0004994869232177734
vt 0.4686366021633148 0.0004993677139282227
vt 0.5313640236854553 0.999500572681427
vt 0.5313640236854553 0.999500572681427
vt 0.4686366021633148 0.0004993677139282227
vt 0.46863609552383423 0.999500572681427
vt 0.4686366021633148 0.0004993677139282227
vt 0.40640339255332947 0.008376717567443848
vt 0.46863609552383423 0.999500572681427
vt 0.46863609552383423 0.999500572681427
vt 0.40640339255332947 0.008376717567443848
vt 0.4064028859138489 0.9916231036186218
vt 0.40640339255332947 0.008376717567443848
vt 0.34564629197120667 0.024007320404052734
vt 0.4064028859138489 0.9916231036186218
vt 0.4064028859138489 0.9916231036186218
vt 0.34564629197120667 0.024007320404052734
vt 0.3456457853317261 0.9759925007820129
vt 0.34564629197120667 0.024007320404052734
vt 0.28732338547706604 0.047144532203674316
vt 0.3456457853317261 0.9759925007820129
vt 0.3456457853317261 0.9759925007820129
vt 0.28732338547706604 0.047144532203674316
vt 0.287322998046875 0.9528552293777466
vt 0.28732338547706604 0.047144532203674316
vt 0.23235459625720978 0.0774235725402832
vt 0.287322998046875 0.9528552293777466
vt 0.287322998046875 0.9528552293777466
vt 0.23235459625720978 0.0774235725402832
vt 0.2323542982339859 0.9225761294364929
vt 0.23235459625720978 0.0774235725402832
vt 0.1816066950559616 0.11436688899993896
vt 0.2323542982339859 0.9225761294364929
vt 0.2323542982339859 0.9225761294364929
vt 0.1816066950559616 0.11436688899993896
vt 0.18160629272460938 0.8856326937675476
vt 0.1816066950559616 0.11436688899993896
vt 0.13588009774684906 0.15739190578460693
vt 0.18160629272460938 0.8856326937675476
vt 0.18160629272460938 0.8856326937675476
vt 0.13588009774684906 0.15739190578460693
vt 0.13587979972362518 0.8426076769828796
vt 0.13588009774684906 0.15739190578460693
vt 0.09589579701423645 0.20582008361816406
vt 0.13587979972362518 0.8426076769828796
vt 0.13587979972362518 0.8426076769828796
vt 0.09589579701423645 0.20582008361816406
vt 0.09589557349681854 0.7941794991493225
vt 0.09589579701423645 0.20582008361816406
vt 0.062284521758556366 0.2588875889778137
vt 0.09589557349681854 0.7941794991493225
vt 0.09589557349681854 0.7941794991493225
vt 0.062284521758556366 0.2588875889778137
vt 0.062284309417009354 0.7411118745803833
vt 0.062284521758556366 0.2588875889778137
vt 0.03557629883289337 0.315757691860199
vt 0.062284309417009354 0.7411118745803833
vt 0.062284309417009354 0.7411118745803833
vt 0.03557629883289337 0.315757691860199
vt 0.03557610139250755 0.684241771697998
vt 0.03557629883289337 0.315757691860199
vt 0.016192279756069183 0.3755333423614502
vt 0.03557610139250755 0.684241771697998
vt 0.03557610139250755 0.684241771697998
vt 0.016192279756069183 0.3755333423614502
vt 0.01619219034910202 0.6244661211967468
vt 0.016192279756069183 0.3755333423614502
vt 0.004438209813088179 0.4372718930244446
vt 0.01619219034910202 0.6244661211967468
vt 0.01619219034910202 0.6244661211967468
vt 0.004438209813088179 0.4372718930244446
vt 0.004438160918653011 0.5627275705337524
vt 0.0004994869232177734 0.4999997019767761
vt 0.004438160918653011 0.5627275705337524
vt 0.004438209813088179 0.4372718930244446
vn 0 -1 -2.220446049250313e-16
vn 0 -1 -2.220446049250313e-16
vn 0 -1 -2.220446049250313e-16
vn 0 -1 -2.220446049250313e-16
vn 0 -1 -2.220446049250313e-16
vn 0 -1 -2.220446049250313e-16
vn 0 -1 -2.220446049250313e-16
vn 0 -1 -2.220446049250313e-16
vn 0 -1 -2.220446049250313e-16
vn 0 -1 -2.220446049250313e-16
vn 0 -1 -2.220446049250313e-16
vn 0 -1 -2.220446049250313e-16
vn 0 -1 -2.220446049250313e-16
vn 0 -1 -2.220446049250313e-16
vn 0 -1 -2.220446049250313e-16
vn 0 -1 -2.220446049250313e-16
vn 0 -1 -2.220446049250313e-16
vn 0 -1 -2.220446049250313e-16
vn 0 -1 -2.220446049250313e-16
vn 0 -1 -2.220446049250313e-16
vn 0 -1 -2.220446049250313e-16
vn 0 -1 -2.220446049250313e-16
vn 0 -1 -2.220446049250313e-16
vn 0 -1 -2.220446049250313e-16
vn 0 -1 -2.220446049250313e-16
vn 0 -1 -2.220446049250313e-16
vn 0 -1 -2.220446049250313e-16
vn 0 -1 -2.220446049250313e-16
vn 0 -1 -2.220446049250313e-16
vn 0 -1 -2.220446049250313e-16
vn 0 -1 -2.220446049250313e-16
vn 0 -1 -2.220446049250313e-16
vn 0 -1 -2.220446049250313e-16
vn 0 -1 -2.220446049250313e-16
vn 0 -1 -2.220446049250313e-16
vn 0 -1 -2.220446049250313e-16
vn 0 -1 -2.220446049250313e-16
vn 0 -1 -2.220446049250313e-16
vn 0 -1 -2.220446049250313e-16
vn 0 -1 -2.220446049250313e-16
vn 0 -1 -2.220446049250313e-16
vn 0 -1 -2.220446049250313e-16
vn 0 -1 -2.220446049250313e-16
vn 0 -1 -2.220446049250313e-16
vn 0 -1 -2.220446049250313e-16
vn 0 -1 -2.220446049250313e-16
vn 0 -1 -2.220446049250313e-16
vn 0 -1 -2.220446049250313e-16
vn 0 -1 -2.220446049250313e-16
vn 0 -1 -2.220446049250313e-16
vn 0 -1 -2.220446049250313e-16
vn 0 -1 -2.220446049250313e-16
vn 0 -1 -2.220446049250313e-16
vn 0 -1 -2.220446049250313e-16
vn 0 -1 -2.220446049250313e-16
vn 0 -1 -2.220446049250313e-16
vn 0 -1 -2.220446049250313e-16
vn 0 -1 -2.220446049250313e-16
vn 0 -1 -2.220446049250313e-16
vn 0 -1 -2.220446049250313e-16
vn 0 -1 -2.220446049250313e-16
vn 0 -1 -2.220446049250313e-16
vn 0 -1 -2.220446049250313e-16
vn 0 -1 -2.220446049250313e-16
vn 0 -1 -2.220446049250313e-16
vn 0 -1 -2.220446049250313e-16
vn 0 -1 -2.220446049250313e-16
vn 0 -1 -2.220446049250313e-16
vn 0 -1 -2.220446049250313e-16
vn 0 -1 -2.220446049250313e-16
vn 0 -1 -2.220446049250313e-16
vn 0 -1 -2.220446049250313e-16
vn 0 -1 -2.220446049250313e-16
vn 0 -1 -2.220446049250313e-16
vn 0 -1 -2.220446049250313e-16
vn 0 -1 -2.220446049250313e-16
vn 0 -1 -2.220446049250313e-16
vn 0 -1 -2.220446049250313e-16
vn 0 -1 -2.220446049250313e-16
vn 0 -1 -2.220446049250313e-16
vn 0 -1 -2.220446049250313e-16
vn 0 -1 -2.220446049250313e-16
vn 0 -1 -2.220446049250313e-16
vn 0 -1 -2.220446049250313e-16
vn 0 -1 -2.220446049250313e-16
vn 0 -1 -2.220446049250313e-16
vn 0 -1 -2.220446049250313e-16
vn 0 -1 -2.220446049250313e-16
vn 0 -1 -2.220446049250313e-16
vn 0 -1 -2.220446049250313e-16
vn 0 -1 -2.220446049250313e-16
vn 0 -1 -2.220446049250313e-16
vn 0 -1 -2.220446049250313e-16
vn 0 -1 -2.220446049250313e-16
vn 0 -1 -2.220446049250313e-16
vn 0 -1 -2.220446049250313e-16
vn 0 -1 -2.220446049250313e-16
vn 0 -1 -2.220446049250313e-16
vn 0 -1 -2.220446049250313e-16
vn 0 -1 -2.220446049250313e-16
vn 0 -1 -2.220446049250313e-16
vn 0 -1 -2.220446049250313e-16
vn 0 -1 -2.220446049250313e-16
vn 0 -1 -2.220446049250313e-16
vn 0 -1 -2.220446049250313e-16
vn 0 -1 -2.220446049250313e-16
vn 0 -1 -2.220446049250313e-16
vn 0 -1 -2.220446049250313e-16
vn 0 -1 -2.220446049250313e-16
vn 0 -1 -2.220446049250313e-16
vn 0 -1 -2.220446049250313e-16
vn 0 -1 -2.220446049250313e-16
vn 0 -1 -2.220446049250313e-16
vn 0 -1 -2.220446049250313e-16
vn 0 -1 -2.220446049250313e-16
vn 0 -1 -2.220446049250313e-16
vn 0 -1 -2.220446049250313e-16
vn 0 -1 -2.220446049250313e-16
vn 0 -1 -2.220446049250313e-16
vn 0 -1 -2.220446049250313e-16
vn 0 -1 -2.220446049250313e-16
vn 0 -1 -2.220446049250313e-16
vn 0 -1 -2.220446049250313e-16
vn 0 -1 -2.220446049250313e-16
vn 0 -1 -2.220446049250313e-16
vn 0 -1 -2.220446049250313e-16
vn 0 -1 -2.220446049250313e-16
vn 0 -1 -2.220446049250313e-16
vn 0 -1 -2.220446049250313e-16
vn 0 -1 -2.220446049250313e-16
vn 0 -1 -2.220446049250313e-16
vn 0 -1 -2.220446049250313e-16
vn 0 -1 -2.220446049250313e-16
vn 0 -1 -2.220446049250313e-16
vn 0 -1 -2.220446049250313e-16
vn 0 -1 -2.220446049250313e-16
vn 0 -1 -2.220446049250313e-16
vn 0 -1 -2.220446049250313e-16
vn 0 -1 -2.220446049250313e-16
vn 0 -1 -2.220446049250313e-16
vn 0 -1 -2.220446049250313e-16
vn 0 -1 -2.220446049250313e-16
vn 0 -1 -2.220446049250313e-16
vn 0 -1 -2.220446049250313e-16
vn 0 1 2.220446049250313e-16
vn 0 1 2.220446049250313e-16
vn 0 1 2.220446049250313e-16
vn 0 1 2.220446049250313e-16
vn 0 1 2.220446049250313e-16
vn 0 1 2.220446049250313e-16
vn 0 1 2.220446049250313e-16
vn 0 1 2.220446049250313e-16
vn 0 1 2.220446049250313e-16
vn 0 1 2.220446049250313e-16
vn 0 1 2.220446049250313e-16
vn 0 1 2.220446049250313e-16
vn 0 1 2.220446049250313e-16
vn 0 1 2.220446049250313e-16
vn 0 1 2.220446049250313e-16
vn 0 1 2.220446049250313e-16
vn 0 1 2.220446049250313e-16
vn 0 1 2.220446049250313e-16
vn 0 1 2.220446049250313e-16
vn 0 1 2.220446049250313e-16
vn 0 1 2.220446049250313e-16
vn 0 1 2.220446049250313e-16
vn 0 1 2.220446049250313e-16
vn 0 1 2.220446049250313e-16
vn 0 1 2.220446049250313e-16
vn 0 1 2.220446049250313e-16
vn 0 1 2.220446049250313e-16
vn 0 1 2.220446049250313e-16
vn 0 1 2.220446049250313e-16
vn 0 1 2.220446049250313e-16
vn 0 1 2.220446049250313e-16
vn 0 1 2.220446049250313e-16
vn 0 1 2.220446049250313e-16
vn 0 1 2.220446049250313e-16
vn 0 1 2.220446049250313e-16
vn 0 1 2.220446049250313e-16
vn 0 1 2.220446049250313e-16
vn 0 1 2.220446049250313e-16
vn 0 1 2.220446049250313e-16
vn 0 1 2.220446049250313e-16
vn 0 1 2.220446049250313e-16
vn 0 1 2.220446049250313e-16
vn 0 1 2.220446049250313e-16
vn 0 1 2.220446049250313e-16
vn 0 1 2.220446049250313e-16
vn 0 1 2.220446049250313e-16
vn 0 1 2.220446049250313e-16
vn 0 1 2.220446049250313e-16
vn 0 1 2.220446049250313e-16
vn 0 1 2.220446049250313e-16
vn 0 1 2.220446049250313e-16
vn 0 1 2.220446049250313e-16
vn 0 1 2.220446049250313e-16
vn 0 1 2.220446049250313e-16
vn 0 1 2.220446049250313e-16
vn 0 1 2.220446049250313e-16
vn 0 1 2.220446049250313e-16
vn 0 1 2.220446049250313e-16
vn 0 1 2.220446049250313e-16
vn 0 1 2.220446049250313e-16
vn 0 1 2.220446049250313e-16
vn 0 1 2.220446049250313e-16
vn 0 1 2.220446049250313e-16
vn 0 1 2.220446049250313e-16
vn 0 1 2.220446049250313e-16
vn 0 1 2.220446049250313e-16
vn 0 1 2.220446049250313e-16
vn 0 1 2.220446049250313e-16
vn 0 1 2.220446049250313e-16
vn 0 1 2.220446049250313e-16
vn 0 1 2.220446049250313e-16
vn 0 1 2.220446049250313e-16
vn 0 1 2.220446049250313e-16
vn 0 1 2.220446049250313e-16
vn 0 1 2.220446049250313e-16
vn 0 1 2.220446049250313e-16
vn 0 1 2.220446049250313e-16
vn 0 1 2.220446049250313e-16
vn 0 1 2.220446049250313e-16
vn 0 1 2.220446049250313e-16
vn 0 1 2.220446049250313e-16
vn 0 1 2.220446049250313e-16
vn 0 1 2.220446049250313e-16
vn 0 1 2.220446049250313e-16
vn 0 1 2.220446049250313e-16
vn 0 1 2.220446049250313e-16
vn 0 1 2.220446049250313e-16
vn 0 1 2.220446049250313e-16
vn 0 1 2.220446049250313e-16
vn 0 1 2.220446049250313e-16
vn 0 1 2.220446049250313e-16
vn 0 1 2.220446049250313e-16
vn 0 1 2.220446049250313e-16
vn 0 1 2.220446049250313e-16
vn 0 1 2.220446049250313e-16
vn 0 1 2.220446049250313e-16
vn 0 1 2.220446049250313e-16
vn 0 1 2.220446049250313e-16
vn 0 1 2.220446049250313e-16
vn 0 1 2.220446049250313e-16
vn 0 1 2.220446049250313e-16
vn 0 1 2.220446049250313e-16
vn 0 1 2.220446049250313e-16
vn 0 1 2.220446049250313e-16
vn 0 1 2.220446049250313e-16
vn 0 1 2.220446049250313e-16
vn 0 1 2.220446049250313e-16
vn 0 1 2.220446049250313e-16
vn 0 1 2.220446049250313e-16
vn 0 1 2.220446049250313e-16
vn 0 1 2.220446049250313e-16
vn 0 1 2.220446049250313e-16
vn 0 1 2.220446049250313e-16
vn 0 1 2.220446049250313e-16
vn 0 1 2.220446049250313e-16
vn 0 1 2.220446049250313e-16
vn 0 1 2.220446049250313e-16
vn 0 1 2.220446049250313e-16
vn 0 1 2.220446049250313e-16
vn 0 1 2.220446049250313e-16
vn 0 1 2.220446049250313e-16
vn 0 1 2.220446049250313e-16
vn 0 1 2.220446049250313e-16
vn 0 1 2.220446049250313e-16
vn 0 1 2.220446049250313e-16
vn 0 1 2.220446049250313e-16
vn 0 1 2.220446049250313e-16
vn 0 1 2.220446049250313e-16
vn 0 1 2.220446049250313e-16
vn 0 1 2.220446049250313e-16
vn 0 1 2.220446049250313e-16
vn 0 1 2.220446049250313e-16
vn 0 1 2.220446049250313e-16
vn 0 1 2.220446049250313e-16
vn 0 1 2.220446049250313e-16
vn 0 1 2.220446049250313e-16
vn 0 1 2.220446049250313e-16
vn 0 1 2.220446049250313e-16
vn 0 1 2.220446049250313e-16
vn 0 1 2.220446049250313e-16
vn 0 1 2.220446049250313e-16
vn 0 1 2.220446049250313e-16
vn 0 1 2.220446049250313e-16
vn 0 1 2.220446049250313e-16
vn 0.9999999999999653 -2.950004082303588e-17 -2.643814127622954e-7
vn 0.9921148710811838 -5.73293685580488e-17 0.12533188971513268
vn 0.9921148710811838 -5.73293685580488e-17 0.12533188971513268
vn 0.9921148710811838 -5.73293685580488e-17 0.12533188971513268
vn 0.9999999999999653 -2.950004082303588e-17 -2.643814127622954e-7
vn 0.9999999999999653 -2.950004082303588e-17 -2.643814127622954e-7
vn -0.9999999999999653 2.950004082303588e-17 2.643814127622954e-7
vn -0.9999999999999653 2.950004082303588e-17 2.643814127622954e-7
vn -0.9921148710811838 5.73293685580488e-17 -0.12533188971513268
vn -0.9921148710811838 5.73293685580488e-17 -0.12533188971513268
vn -0.9921148710811838 5.73293685580488e-17 -0.12533188971513268
vn -0.9999999999999653 2.950004082303588e-17 2.643814127622954e-7
vn 0.9921148710811838 -5.73293685580488e-17 0.12533188971513268
vn 0.9685837469337243 -5.521974113376021e-17 0.24868760559349773
vn 0.9685837469337243 -5.521974113376021e-17 0.24868760559349773
vn 0.9685837469337243 -5.521974113376021e-17 0.24868760559349773
vn 0.9921148710811838 -5.73293685580488e-17 0.12533188971513268
vn 0.9921148710811838 -5.73293685580488e-17 0.12533188971513268
vn -0.9921148710811838 5.73293685580488e-17 -0.12533188971513268
vn -0.9921148710811838 5.73293685580488e-17 -0.12533188971513268
vn -0.9685837469337243 5.521974113376021e-17 -0.24868760559349773
vn -0.9685837469337243 5.521974113376021e-17 -0.24868760559349773
vn -0.9685837469337243 5.521974113376021e-17 -0.24868760559349773
vn -0.9921148710811838 5.73293685580488e-17 -0.12533188971513268
vn 0.9685837469337243 -5.521974113376021e-17 0.24868760559349773
vn 0.9297773447669146 -8.173958918553762e-17 0.36812238339740466
vn 0.9297773447669146 -8.173958918553762e-17 0.36812238339740466
vn 0.9297773447669146 -8.173958918553762e-17 0.36812238339740466
vn 0.9685837469337243 -5.521974113376021e-17 0.24868760559349773
vn 0.9685837469337243 -5.521974113376021e-17 0.24868760559349773
vn -0.9685837469337243 5.521974113376021e-17 -0.24868760559349773
vn -0.9685837469337243 5.521974113376021e-17 -0.24868760559349773
vn -0.9297773447669146 8.173958918553762e-17 -0.36812238339740466
vn -0.9297773447669146 8.173958918553762e-17 -0.36812238339740466
vn -0.9297773447669146 8.173958918553762e-17 -0.36812238339740466
vn -0.9685837469337243 5.521974113376021e-17 -0.24868760559349773
vn 0.9297773447669146 -8.173958918553762e-17 0.36812238339740466
vn 0.8763074310754149 -1.0697050089666872e-16 0.48175230797787255
vn 0.8763074310754149 -1.0697050089666872e-16 0.48175230797787255
vn 0.8763074310754149 -1.0697050089666872e-16 0.48175230797787255
vn 0.9297773447669146 -8.173958918553762e-17 0.36812238339740466
vn 0.9297773447669146 -8.173958918553762e-17 0.36812238339740466
vn -0.9297773447669146 8.173958918553762e-17 -0.36812238339740466
vn -0.9297773447669146 8.173958918553762e-17 -0.36812238339740466
vn -0.8763074310754149 1.0697050089666872e-16 -0.48175230797787255
vn -0.8763074310754149 1.0697050089666872e-16 -0.48175230797787255
vn -0.8763074310754149 1.0697050089666872e-16 -0.48175230797787255
vn -0.9297773447669146 8.173958918553762e-17 -0.36812238339740466
vn 0.8763074310754149 -1.0697050089666872e-16 0.48175230797787255
vn 0.8090180443281945 -1.3051422324063917e-16 0.5877838071530923
vn 0.8090180443281945 -1.3051422324063917e-16 0.5877838071530923
vn 0.8090180443281945 -1.3051422324063917e-16 0.5877838071530923
vn 0.8763074310754149 -1.0697050089666872e-16 0.48175230797787255
vn 0.8763074310754149 -1.0697050089666872e-16 0.48175230797787255
vn -0.8763074310754149 1.0697050089666872e-16 -0.48175230797787255
vn -0.8763074310754149 1.0697050089666872e-16 -0.48175230797787255
vn -0.8090180443281945 1.3051422324063917e-16 -0.5877838071530923
vn -0.8090180443281945 1.3051422324063917e-16 -0.5877838071530923
vn -0.8090180443281945 1.3051422324063917e-16 -0.5877838071530923
vn -0.8763074310754149 1.0697050089666872e-16 -0.48175230797787255
vn 0.8090180443281945 -1.3051422324063917e-16 0.5877838071530923
vn 0.728969912504198 -1.519996878256305e-16 0.6845457374519412
vn 0.728969912504198 -1.519996878256305e-16 0.6845457374519412
vn 0.728969912504198 -1.519996878256305e-16 0.6845457374519412
vn 0.8090180443281945 -1.3051422324063917e-16 0.5877838071530923
vn 0.8090180443281945 -1.3051422324063917e-16 0.5877838071530923
vn -0.8090180443281945 1.3051422324063917e-16 -0.5877838071530923
vn -0.8090180443281945 1.3051422324063917e-16 -0.5877838071530923
vn -0.728969912504198 1.519996878256305e-16 -0.6845457374519412
vn -0.728969912504198 1.519996878256305e-16 -0.6845457374519412
vn -0.728969912504198 1.519996878256305e-16 -0.6845457374519412
vn -0.8090180443281945 1.3051422324063917e-16 -0.5877838071530923
vn 0.728969912504198 -1.519996878256305e-16 0.6845457374519412
vn 0.6374252704220598 -1.7108807333273588e-16 0.7705121833088454
vn 0.728969912504198 -1.519996878256305e-16 0.6845457374519412
vn 0.6374252704220598 -1.7108807333273588e-16 0.7705121833088454
vn 0.728969912504198 -1.519996878256305e-16 0.6845457374519412
vn 0.6374252704220598 -1.7108807333273588e-16 0.7705121833088454
vn -0.6374252704220598 1.7108807333273588e-16 -0.7705121833088454
vn -0.728969912504198 1.519996878256305e-16 -0.6845457374519412
vn -0.6374252704220598 1.7108807333273588e-16 -0.7705121833088454
vn -0.728969912504198 1.519996878256305e-16 -0.6845457374519412
vn -0.6374252704220598 1.7108807333273588e-16 -0.7705121833088454
vn -0.728969912504198 1.519996878256305e-16 -0.6845457374519412
vn 0.6374252704220598 -1.7108807333273588e-16 0.7705121833088454
vn 0.5358281969714117 -1.874782630848372e-16 0.8443270357689406
vn 0.6374252704220598 -1.7108807333273588e-16 0.7705121833088454
vn 0.5358281969714117 -1.874782630848372e-16 0.8443270357689406
vn 0.6374252704220598 -1.7108807333273588e-16 0.7705121833088454
vn 0.5358281969714117 -1.874782630848372e-16 0.8443270357689406
vn -0.5358281969714117 1.874782630848372e-16 -0.8443270357689406
vn -0.6374252704220598 1.7108807333273588e-16 -0.7705121833088454
vn -0.5358281969714117 1.874782630848372e-16 -0.8443270357689406
vn -0.6374252704220598 1.7108807333273588e-16 -0.7705121833088454
vn -0.5358281969714117 1.874782630848372e-16 -0.8443270357689406
vn -0.6374252704220598 1.7108807333273588e-16 -0.7705121833088454
vn 0.5358281969714117 -1.874782630848372e-16 0.8443270357689406
vn 0.425780489385143 -2.0091184023434364e-16 0.9048264888137106
vn 0.5358281969714117 -1.874782630848372e-16 0.8443270357689406
vn 0.425780489385143 -2.0091184023434364e-16 0.9048264888137106
vn 0.5358281969714117 -1.874782630848372e-16 0.8443270357689406
vn 0.425780489385143 -2.0091184023434364e-16 0.9048264888137106
vn -0.425780489385143 2.0091184023434364e-16 -0.9048264888137106
vn -0.5358281969714117 1.874782630848372e-16 -0.8443270357689406
vn -0.425780489385143 2.0091184023434364e-16 -0.9048264888137106
vn -0.5358281969714117 1.874782630848372e-16 -0.8443270357689406
vn -0.425780489385143 2.0091184023434364e-16 -0.9048264888137106
vn -0.5358281969714117 1.874782630848372e-16 -0.8443270357689406
vn 0.425780489385143 -2.0091184023434364e-16 0.9048264888137106
vn 0.3090186890020825 -2.1117684616006612e-16 0.9510559656757503
vn 0.425780489385143 -2.0091184023434364e-16 0.9048264888137106
vn 0.3090186890020825 -2.1117684616006612e-16 0.9510559656757503
vn 0.425780489385143 -2.0091184023434364e-16 0.9048264888137106
vn 0.3090186890020825 -2.1117684616006612e-16 0.9510559656757503
vn -0.3090186890020825 2.1117684616006612e-16 -0.9510559656757503
vn -0.425780489385143 2.0091184023434364e-16 -0.9048264888137106
vn -0.3090186890020825 2.1117684616006612e-16 -0.9510559656757503
vn -0.425780489385143 2.0091184023434364e-16 -0.9048264888137106
vn -0.3090186890020825 2.1117684616006612e-16 -0.9510559656757503
vn -0.425780489385143 2.0091184023434364e-16 -0.9048264888137106
vn 0.3090186890020825 -2.1117684616006612e-16 0.9510559656757503
vn 0.18738269753029466 -2.1811152593296112e-16 0.982286986916894
vn 0.3090186890020825 -2.1117684616006612e-16 0.9510559656757503
vn 0.18738269753029466 -2.1811152593296112e-16 0.982286986916894
vn 0.3090186890020825 -2.1117684616006612e-16 0.9510559656757503
vn 0.18738269753029466 -2.1811152593296112e-16 0.982286986916894
vn -0.18738269753029466 2.1811152593296112e-16 -0.982286986916894
vn -0.3090186890020825 2.1117684616006612e-16 -0.9510559656757503
vn -0.18738269753029466 2.1811152593296112e-16 -0.982286986916894
vn -0.3090186890020825 2.1117684616006612e-16 -0.9510559656757503
vn -0.18738269753029466 2.1811152593296112e-16 -0.982286986916894
vn -0.3090186890020825 2.1117684616006612e-16 -0.9510559656757503
vn 0.18738269753029466 -2.1811152593296112e-16 0.982286986916894
vn 0.06279152233544219 -2.2160643660930106e-16 0.9980266653365517
vn 0.18738269753029466 -2.1811152593296112e-16 0.982286986916894
vn 0.06279152233544219 -2.2160643660930106e-16 0.9980266653365517
vn 0.18738269753029466 -2.1811152593296112e-16 0.982286986916894
vn 0.06279152233544219 -2.2160643660930106e-16 0.9980266653365517
vn -0.06279152233544219 2.2160643660930106e-16 -0.9980266653365517
vn -0.18738269753029466 2.1811152593296112e-16 -0.982286986916894
vn -0.06279152233544219 2.2160643660930106e-16 -0.9980266653365517
vn -0.18738269753029466 2.1811152593296112e-16 -0.982286986916894
vn -0.06279152233544219 2.2160643660930106e-16 -0.9980266653365517
vn -0.18738269753029466 2.1811152593296112e-16 -0.982286986916894
vn 0.06279152233544219 -2.2160643660930106e-16 0.9980266653365517
vn -0.06278882465348916 -2.2160647429533837e-16 0.9980268350593753
vn 0.06279152233544219 -2.2160643660930106e-16 0.9980266653365517
vn -0.06278882465348916 -2.2160647429533837e-16 0.9980268350593753
vn 0.06279152233544219 -2.2160643660930106e-16 0.9980266653365517
vn -0.06278882465348916 -2.2160647429533837e-16 0.9980268350593753
vn 0.06278882465348916 2.2160647429533837e-16 -0.9980268350593753
vn -0.06279152233544219 2.2160643660930106e-16 -0.9980266653365517
vn 0.06278882465348916 2.2160647429533837e-16 -0.9980268350593753
vn -0.06279152233544219 2.2160643660930106e-16 -0.9980266653365517
vn 0.06278882465348916 2.2160647429533837e-16 -0.9980268350593753
vn -0.06279152233544219 2.2160643660930106e-16 -0.9980266653365517
vn -0.06278882465348916 -2.2160647429533837e-16 0.9980268350593753
vn -0.1873799963817494 -2.181116403462699e-16 0.9822875021886288
vn -0.06278882465348916 -2.2160647429533837e-16 0.9980268350593753
vn -0.1873799963817494 -2.181116403462699e-16 0.9822875021886288
vn -0.06278882465348916 -2.2160647429533837e-16 0.9980268350593753
vn -0.1873799963817494 -2.181116403462699e-16 0.9822875021886288
vn 0.1873799963817494 2.181116403462699e-16 -0.9822875021886288
vn 0.06278882465348916 2.2160647429533837e-16 -0.9980268350593753
vn 0.1873799963817494 2.181116403462699e-16 -0.9822875021886288
vn 0.06278882465348916 2.2160647429533837e-16 -0.9980268350593753
vn 0.1873799963817494 2.181116403462699e-16 -0.9822875021886288
vn 0.06278882465348916 2.2160647429533837e-16 -0.9980268350593753
vn -0.1873799963817494 -2.181116403462699e-16 0.9822875021886288
vn -0.30901569556186126 -2.1117706212694962e-16 0.9510569383041264
vn -0.1873799963817494 -2.181116403462699e-16 0.9822875021886288
vn -0.30901569556186126 -2.1117706212694962e-16 0.9510569383041264
vn -0.1873799963817494 -2.181116403462699e-16 0.9822875021886288
vn -0.30901569556186126 -2.1117706212694962e-16 0.9510569383041264
vn 0.30901569556186126 2.1117706212694962e-16 -0.9510569383041264
vn 0.1873799963817494 2.181116403462699e-16 -0.9822875021886288
vn 0.30901569556186126 2.1117706212694962e-16 -0.9510569383041264
vn 0.1873799963817494 2.181116403462699e-16 -0.9822875021886288
vn 0.30901569556186126 2.1117706212694962e-16 -0.9510569383041264
vn 0.1873799963817494 2.181116403462699e-16 -0.9822875021886288
vn -0.30901569556186126 -2.1117706212694962e-16 0.9510569383041264
vn -0.42577790736525906 -2.0091211001987223e-16 0.9048277038197167
vn -0.30901569556186126 -2.1117706212694962e-16 0.9510569383041264
vn -0.42577790736525906 -2.0091211001987223e-16 0.9048277038197167
vn -0.30901569556186126 -2.1117706212694962e-16 0.9510569383041264
vn -0.42577790736525906 -2.0091211001987223e-16 0.9048277038197167
vn 0.42577790736525906 2.0091211001987223e-16 -0.9048277038197167
vn 0.30901569556186126 2.1117706212694962e-16 -0.9510569383041264
vn 0.42577790736525906 2.0091211001987223e-16 -0.9048277038197167
vn 0.30901569556186126 2.1117706212694962e-16 -0.9510569383041264
vn 0.42577790736525906 2.0091211001987223e-16 -0.9048277038197167
vn 0.30901569556186126 2.1117706212694962e-16 -0.9510569383041264
vn -0.42577790736525906 -2.0091211001987223e-16 0.9048277038197167
vn -0.535825780670287 -1.8747860357516217e-16 0.8443285692010413
vn -0.42577790736525906 -2.0091211001987223e-16 0.9048277038197167
vn -0.535825780670287 -1.8747860357516217e-16 0.8443285692010413
vn -0.42577790736525906 -2.0091211001987223e-16 0.9048277038197167
vn -0.535825780670287 -1.8747860357516217e-16 0.8443285692010413
vn 0.535825780670287 1.8747860357516217e-16 -0.8443285692010413
vn 0.42577790736525906 2.0091211001987223e-16 -0.9048277038197167
vn 0.535825780670287 1.8747860357516217e-16 -0.8443285692010413
vn 0.42577790736525906 2.0091211001987223e-16 -0.9048277038197167
vn 0.535825780670287 1.8747860357516217e-16 -0.8443285692010413
vn 0.42577790736525906 2.0091211001987223e-16 -0.9048277038197167
vn -0.535825780670287 -1.8747860357516217e-16 0.8443285692010413
vn -0.6374232122031056 -1.7108845140984584e-16 0.770513886016777
vn -0.535825780670287 -1.8747860357516217e-16 0.8443285692010413
vn -0.6374232122031056 -1.7108845140984584e-16 0.770513886016777
vn -0.535825780670287 -1.8747860357516217e-16 0.8443285692010413
vn -0.6374232122031056 -1.7108845140984584e-16 0.770513886016777
vn 0.6374232122031056 1.7108845140984584e-16 -0.770513886016777
vn 0.535825780670287 1.8747860357516217e-16 -0.8443285692010413
vn 0.6374232122031056 1.7108845140984584e-16 -0.770513886016777
vn 0.535825780670287 1.8747860357516217e-16 -0.8443285692010413
vn 0.6374232122031056 1.7108845140984584e-16 -0.770513886016777
vn 0.535825780670287 1.8747860357516217e-16 -0.8443285692010413
vn -0.6374232122031056 -1.7108845140984584e-16 0.770513886016777
vn -0.7289678920839445 -1.5200016556143097e-16 0.6845478889827142
vn -0.6374232122031056 -1.7108845140984584e-16 0.770513886016777
vn -0.7289678920839445 -1.5200016556143097e-16 0.6845478889827142
vn -0.6374232122031056 -1.7108845140984584e-16 0.770513886016777
vn -0.7289678920839445 -1.5200016556143097e-16 0.6845478889827142
vn 0.7289678920839445 1.5200016556143097e-16 -0.6845478889827142
vn 0.6374232122031056 1.7108845140984584e-16 -0.770513886016777
vn 0.7289678920839445 1.5200016556143097e-16 -0.6845478889827142
vn 0.6374232122031056 1.7108845140984584e-16 -0.770513886016777
vn 0.7289678920839445 1.5200016556143097e-16 -0.6845478889827142
vn 0.6374232122031056 1.7108845140984584e-16 -0.770513886016777
vn -0.8090163133873715 -1.3051475224797191e-16 0.5877861895903189
vn -0.7289678920839445 -1.5200016556143097e-16 0.6845478889827142
vn -0.7289678920839445 -1.5200016556143097e-16 0.6845478889827142
vn -0.7289678920839445 -1.5200016556143097e-16 0.6845478889827142
vn -0.8090163133873715 -1.3051475224797191e-16 0.5877861895903189
vn -0.8090163133873715 -1.3051475224797191e-16 0.5877861895903189
vn 0.8090163133873715 1.3051475224797191e-16 -0.5877861895903189
vn 0.8090163133873715 1.3051475224797191e-16 -0.5877861895903189
vn 0.7289678920839445 1.5200016556143097e-16 -0.6845478889827142
vn 0.7289678920839445 1.5200016556143097e-16 -0.6845478889827142
vn 0.7289678920839445 1.5200016556143097e-16 -0.6845478889827142
vn 0.8090163133873715 1.3051475224797191e-16 -0.5877861895903189
vn -0.8763062875381831 -1.0697096276906162e-16 0.4817543880662091
vn -0.8090163133873715 -1.3051475224797191e-16 0.5877861895903189
vn -0.8090163133873715 -1.3051475224797191e-16 0.5877861895903189
vn -0.8090163133873715 -1.3051475224797191e-16 0.5877861895903189
vn -0.8763062875381831 -1.0697096276906162e-16 0.4817543880662091
vn -0.8763062875381831 -1.0697096276906162e-16 0.4817543880662091
vn 0.8763062875381831 1.0697096276906162e-16 -0.4817543880662091
vn 0.8763062875381831 1.0697096276906162e-16 -0.4817543880662091
vn 0.8090163133873715 1.3051475224797191e-16 -0.5877861895903189
vn 0.8090163133873715 1.3051475224797191e-16 -0.5877861895903189
vn 0.8090163133873715 1.3051475224797191e-16 -0.5877861895903189
vn 0.8763062875381831 1.0697096276906162e-16 -0.4817543880662091
vn -0.9297761427660381 -8.174026329383531e-17 0.36812541931128295
vn -0.8763062875381831 -1.0697096276906162e-16 0.4817543880662091
vn -0.8763062875381831 -1.0697096276906162e-16 0.4817543880662091
vn -0.8763062875381831 -1.0697096276906162e-16 0.4817543880662091
vn -0.9297761427660381 -8.174026329383531e-17 0.36812541931128295
vn -0.9297761427660381 -8.174026329383531e-17 0.36812541931128295
vn 0.9297761427660381 8.174026329383531e-17 -0.36812541931128295
vn 0.9297761427660381 8.174026329383531e-17 -0.36812541931128295
vn 0.8763062875381831 1.0697096276906162e-16 -0.4817543880662091
vn 0.8763062875381831 1.0697096276906162e-16 -0.4817543880662091
vn 0.8763062875381831 1.0697096276906162e-16 -0.4817543880662091
vn 0.9297761427660381 8.174026329383531e-17 -0.36812541931128295
vn -0.9685828553232384 -5.522051220622944e-17 0.24869107819518282
vn -0.9297761427660381 -8.174026329383531e-17 0.36812541931128295
vn -0.9297761427660381 -8.174026329383531e-17 0.36812541931128295
vn -0.9297761427660381 -8.174026329383531e-17 0.36812541931128295
vn -0.9685828553232384 -5.522051220622944e-17 0.24869107819518282
vn -0.9685828553232384 -5.522051220622944e-17 0.24869107819518282
vn 0.9685828553232384 5.522051220622944e-17 -0.24869107819518282
vn 0.9685828553232384 5.522051220622944e-17 -0.24869107819518282
vn 0.9297761427660381 8.174026329383531e-17 -0.36812541931128295
vn 0.9297761427660381 8.174026329383531e-17 -0.36812541931128295
vn 0.9297761427660381 8.174026329383531e-17 -0.36812541931128295
vn 0.9685828553232384 5.522051220622944e-17 -0.24869107819518282
vn -0.9921145921734112 -1.7565460520908943e-17 0.12533409750178048
vn -0.9685828553232384 -5.522051220622944e-17 0.24869107819518282
vn -0.9685828553232384 -5.522051220622944e-17 0.24869107819518282
vn -0.9685828553232384 -5.522051220622944e-17 0.24869107819518282
vn -0.9921145921734112 -1.7565460520908943e-17 0.12533409750178048
vn -0.9921145921734112 -1.7565460520908943e-17 0.12533409750178048
vn 0.9921145921734112 1.7565460520908943e-17 -0.12533409750178048
vn 0.9921145921734112 1.7565460520908943e-17 -0.12533409750178048
vn 0.9685828553232384 5.522051220622944e-17 -0.24869107819518282
vn 0.9685828553232384 5.522051220622944e-17 -0.24869107819518282
vn 0.9685828553232384 5.522051220622944e-17 -0.24869107819518282
vn 0.9921145921734112 1.7565460520908943e-17 -0.12533409750178048
vn -0.9999999999997021 2.0528178361270142e-17 7.716916456954525e-7
vn -0.9921145921734112 -1.7565460520908943e-17 0.12533409750178048
vn -0.9921145921734112 -1.7565460520908943e-17 0.12533409750178048
vn -0.9921145921734112 -1.7565460520908943e-17 0.12533409750178048
vn -0.9999999999997021 2.0528178361270142e-17 7.716916456954525e-7
vn -0.9999999999997021 2.0528178361270142e-17 7.716916456954525e-7
vn 0.9999999999997021 -2.0528178361270142e-17 -7.716916456954525e-7
vn 0.9999999999997021 -2.0528178361270142e-17 -7.716916456954525e-7
vn 0.9921145921734112 1.7565460520908943e-17 -0.12533409750178048
vn 0.9921145921734112 1.7565460520908943e-17 -0.12533409750178048
vn 0.9921145921734112 1.7565460520908943e-17 -0.12533409750178048
vn 0.9999999999997021 -2.0528178361270142e-17 -7.716916456954525e-7
vn -0.992114782123753 3.809347624401792e-17 -0.12533259389136553
vn -0.9999999999997021 2.0528178361270142e-17 7.716916456954525e-7
vn -0.9999999999997021 2.0528178361270142e-17 7.716916456954525e-7
vn -0.9999999999997021 2.0528178361270142e-17 7.716916456954525e-7
vn -0.992114782123753 3.809347624401792e-17 -0.12533259389136553
vn -0.992114782123753 3.809347624401792e-17 -0.12533259389136553
vn 0.992114782123753 -3.809347624401792e-17 0.12533259389136553
vn 0.992114782123753 -3.809347624401792e-17 0.12533259389136553
vn 0.9999999999997021 -2.0528178361270142e-17 -7.716916456954525e-7
vn 0.9999999999997021 -2.0528178361270142e-17 -7.716916456954525e-7
vn 0.9999999999997021 -2.0528178361270142e-17 -7.716916456954525e-7
vn 0.992114782123753 -3.809347624401792e-17 0.12533259389136553
vn -0.96858333348256 5.522009869133445e-17 -0.24868921588965584
vn -0.992114782123753 3.809347624401792e-17 -0.12533259389136553
vn -0.992114782123753 3.809347624401792e-17 -0.12533259389136553
vn -0.992114782123753 3.809347624401792e-17 -0.12533259389136553
vn -0.96858333348256 5.522009869133445e-17 -0.24868921588965584
vn -0.96858333348256 5.522009869133445e-17 -0.24868921588965584
vn 0.96858333348256 -5.522009869133445e-17 0.24868921588965584
vn 0.96858333348256 -5.522009869133445e-17 0.24868921588965584
vn 0.992114782123753 -3.809347624401792e-17 0.12533259389136553
vn 0.992114782123753 -3.809347624401792e-17 0.12533259389136553
vn 0.992114782123753 -3.809347624401792e-17 0.12533259389136553
vn 0.96858333348256 -5.522009869133445e-17 0.24868921588965584
vn -0.9297767539682431 8.173992051911688e-17 -0.36812387559118875
vn -0.96858333348256 5.522009869133445e-17 -0.24868921588965584
vn -0.96858333348256 5.522009869133445e-17 -0.24868921588965584
vn -0.96858333348256 5.522009869133445e-17 -0.24868921588965584
vn -0.9297767539682431 8.173992051911688e-17 -0.36812387559118875
vn -0.9297767539682431 8.173992051911688e-17 -0.36812387559118875
vn 0.9297767539682431 -8.173992051911688e-17 0.36812387559118875
vn 0.9297767539682431 -8.173992051911688e-17 0.36812387559118875
vn 0.96858333348256 -5.522009869133445e-17 0.24868921588965584
vn 0.96858333348256 -5.522009869133445e-17 0.24868921588965584
vn 0.96858333348256 -5.522009869133445e-17 0.24868921588965584
vn 0.9297767539682431 -8.173992051911688e-17 0.36812387559118875
vn -0.8763068158982806 1.0697074936580127e-16 -0.4817534269833653
vn -0.9297767539682431 8.173992051911688e-17 -0.36812387559118875
vn -0.9297767539682431 8.173992051911688e-17 -0.36812387559118875
vn -0.9297767539682431 8.173992051911688e-17 -0.36812387559118875
vn -0.8763068158982806 1.0697074936580127e-16 -0.4817534269833653
vn -0.8763068158982806 1.0697074936580127e-16 -0.4817534269833653
vn 0.8763068158982806 -1.0697074936580127e-16 0.4817534269833653
vn 0.8763068158982806 -1.0697074936580127e-16 0.4817534269833653
vn 0.9297767539682431 -8.173992051911688e-17 0.36812387559118875
vn 0.9297767539682431 -8.173992051911688e-17 0.36812387559118875
vn 0.9297767539682431 -8.173992051911688e-17 0.36812387559118875
vn 0.8763068158982806 -1.0697074936580127e-16 0.4817534269833653
vn -0.8090173308735132 1.30514441285901e-16 -0.5877847891416522
vn -0.8763068158982806 1.0697074936580127e-16 -0.4817534269833653
vn -0.8763068158982806 1.0697074936580127e-16 -0.4817534269833653
vn -0.8763068158982806 1.0697074936580127e-16 -0.4817534269833653
vn -0.8090173308735132 1.30514441285901e-16 -0.5877847891416522
vn -0.8090173308735132 1.30514441285901e-16 -0.5877847891416522
vn 0.8090173308735132 -1.30514441285901e-16 0.5877847891416522
vn 0.8090173308735132 -1.30514441285901e-16 0.5877847891416522
vn 0.8763068158982806 -1.0697074936580127e-16 0.4817534269833653
vn 0.8763068158982806 -1.0697074936580127e-16 0.4817534269833653
vn 0.8763068158982806 -1.0697074936580127e-16 0.4817534269833653
vn 0.8090173308735132 -1.30514441285901e-16 0.5877847891416522
vn -0.7289691050618764 1.519998787486764e-16 -0.6845465972928996
vn -0.8090173308735132 1.30514441285901e-16 -0.5877847891416522
vn -0.8090173308735132 1.30514441285901e-16 -0.5877847891416522
vn -0.8090173308735132 1.30514441285901e-16 -0.5877847891416522
vn -0.7289691050618764 1.519998787486764e-16 -0.6845465972928996
vn -0.7289691050618764 1.519998787486764e-16 -0.6845465972928996
vn 0.7289691050618764 -1.519998787486764e-16 0.6845465972928996
vn 0.7289691050618764 -1.519998787486764e-16 0.6845465972928996
vn 0.8090173308735132 -1.30514441285901e-16 0.5877847891416522
vn 0.8090173308735132 -1.30514441285901e-16 0.5877847891416522
vn 0.8090173308735132 -1.30514441285901e-16 0.5877847891416522
vn 0.7289691050618764 -1.519998787486764e-16 0.6845465972928996
vn -0.7289691050618764 1.519998787486764e-16 -0.6845465972928996
vn -0.6374241589586744 1.7108827749925056e-16 -0.7705131027930848
vn -0.7289691050618764 1.519998787486764e-16 -0.6845465972928996
vn -0.6374241589586744 1.7108827749925056e-16 -0.7705131027930848
vn -0.7289691050618764 1.519998787486764e-16 -0.6845465972928996
vn -0.6374241589586744 1.7108827749925056e-16 -0.7705131027930848
vn 0.6374241589586744 -1.7108827749925056e-16 0.7705131027930848
vn 0.7289691050618764 -1.519998787486764e-16 0.6845465972928996
vn 0.6374241589586744 -1.7108827749925056e-16 0.7705131027930848
vn 0.7289691050618764 -1.519998787486764e-16 0.6845465972928996
vn 0.6374241589586744 -1.7108827749925056e-16 0.7705131027930848
vn 0.7289691050618764 -1.519998787486764e-16 0.6845465972928996
vn -0.6374241589586744 1.7108827749925056e-16 -0.7705131027930848
vn -0.5358269271267427 1.8747844202382307e-16 -0.8443278416384907
vn -0.6374241589586744 1.7108827749925056e-16 -0.7705131027930848
vn -0.5358269271267427 1.8747844202382307e-16 -0.8443278416384907
vn -0.6374241589586744 1.7108827749925056e-16 -0.7705131027930848
vn -0.5358269271267427 1.8747844202382307e-16 -0.8443278416384907
vn 0.5358269271267427 -1.8747844202382307e-16 0.8443278416384907
vn 0.6374241589586744 -1.7108827749925056e-16 0.7705131027930848
vn 0.5358269271267427 -1.8747844202382307e-16 0.8443278416384907
vn 0.6374241589586744 -1.7108827749925056e-16 0.7705131027930848
vn 0.5358269271267427 -1.8747844202382307e-16 0.8443278416384907
vn 0.6374241589586744 -1.7108827749925056e-16 0.7705131027930848
vn -0.5358269271267427 1.8747844202382307e-16 -0.8443278416384907
vn -0.42577969281999867 2.0091192346464726e-16 -0.904826863649675
vn -0.5358269271267427 1.8747844202382307e-16 -0.8443278416384907
vn -0.42577969281999867 2.0091192346464726e-16 -0.904826863649675
vn -0.5358269271267427 1.8747844202382307e-16 -0.8443278416384907
vn -0.42577969281999867 2.0091192346464726e-16 -0.904826863649675
vn 0.42577969281999867 -2.0091192346464726e-16 0.904826863649675
vn 0.5358269271267427 -1.8747844202382307e-16 0.8443278416384907
vn 0.42577969281999867 -2.0091192346464726e-16 0.904826863649675
vn 0.5358269271267427 -1.8747844202382307e-16 0.8443278416384907
vn 0.42577969281999867 -2.0091192346464726e-16 0.904826863649675
vn 0.5358269271267427 -1.8747844202382307e-16 0.8443278416384907
vn -0.42577969281999867 2.0091192346464726e-16 -0.904826863649675
vn -0.30901738029707526 2.1117694057912007e-16 -0.9510563909013665
vn -0.42577969281999867 2.0091192346464726e-16 -0.904826863649675
vn -0.30901738029707526 2.1117694057912007e-16 -0.9510563909013665
vn -0.42577969281999867 2.0091192346464726e-16 -0.904826863649675
vn -0.30901738029707526 2.1117694057912007e-16 -0.9510563909013665
vn 0.30901738029707526 -2.1117694057912007e-16 0.9510563909013665
vn 0.42577969281999867 -2.0091192346464726e-16 0.904826863649675
vn 0.30901738029707526 -2.1117694057912007e-16 0.9510563909013665
vn 0.42577969281999867 -2.0091192346464726e-16 0.904826863649675
vn 0.30901738029707526 -2.1117694057912007e-16 0.9510563909013665
vn 0.42577969281999867 -2.0091192346464726e-16 0.904826863649675
vn -0.30901738029707526 2.1117694057912007e-16 -0.9510563909013665
vn -0.18738189161490632 2.1811156006952485e-16 -0.9822871406543097
vn -0.30901738029707526 2.1117694057912007e-16 -0.9510563909013665
vn -0.18738189161490632 2.1811156006952485e-16 -0.9822871406543097
vn -0.30901738029707526 2.1117694057912007e-16 -0.9510563909013665
vn -0.18738189161490632 2.1811156006952485e-16 -0.9822871406543097
vn 0.18738189161490632 -2.1811156006952485e-16 0.9822871406543097
vn 0.30901738029707526 -2.1117694057912007e-16 0.9510563909013665
vn 0.18738189161490632 -2.1811156006952485e-16 0.9822871406543097
vn 0.30901738029707526 -2.1117694057912007e-16 0.9510563909013665
vn 0.18738189161490632 -2.1811156006952485e-16 0.9822871406543097
vn 0.30901738029707526 -2.1117694057912007e-16 0.9510563909013665
vn -0.18738189161490632 2.1811156006952485e-16 -0.9822871406543097
vn -0.06279112901160704 2.216064421040518e-16 -0.9980266900827091
vn -0.18738189161490632 2.1811156006952485e-16 -0.9822871406543097
vn -0.06279112901160704 2.216064421040518e-16 -0.9980266900827091
vn -0.18738189161490632 2.1811156006952485e-16 -0.9822871406543097
vn -0.06279112901160704 2.216064421040518e-16 -0.9980266900827091
vn 0.06279112901160704 -2.216064421040518e-16 0.9980266900827091
vn 0.18738189161490632 -2.1811156006952485e-16 0.9822871406543097
vn 0.06279112901160704 -2.216064421040518e-16 0.9980266900827091
vn 0.18738189161490632 -2.1811156006952485e-16 0.9822871406543097
vn 0.06279112901160704 -2.216064421040518e-16 0.9980266900827091
vn 0.18738189161490632 -2.1811156006952485e-16 0.9822871406543097
vn -0.06279112901160704 2.216064421040518e-16 -0.9980266900827091
vn 0.0627903571570426 2.216064528867924e-16 -0.9980267386438556
vn -0.06279112901160704 2.216064421040518e-16 -0.9980266900827091
vn 0.0627903571570426 2.216064528867924e-16 -0.9980267386438556
vn -0.06279112901160704 2.216064421040518e-16 -0.9980266900827091
vn 0.0627903571570426 2.216064528867924e-16 -0.9980267386438556
vn -0.0627903571570426 -2.216064528867924e-16 0.9980267386438556
vn 0.06279112901160704 -2.216064421040518e-16 0.9980266900827091
vn -0.0627903571570426 -2.216064528867924e-16 0.9980267386438556
vn 0.06279112901160704 -2.216064421040518e-16 0.9980266900827091
vn -0.0627903571570426 -2.216064528867924e-16 0.9980267386438556
vn 0.06279112901160704 -2.216064421040518e-16 0.9980266900827091
vn 0.0627903571570426 2.216064528867924e-16 -0.9980267386438556
vn 0.18738119050217197 2.1811158976678606e-16 -0.9822872743988842
vn 0.0627903571570426 2.216064528867924e-16 -0.9980267386438556
vn 0.18738119050217197 2.1811158976678606e-16 -0.9822872743988842
vn 0.0627903571570426 2.216064528867924e-16 -0.9980267386438556
vn 0.18738119050217197 2.1811158976678606e-16 -0.9822872743988842
vn -0.18738119050217197 -2.1811158976678606e-16 0.9822872743988842
vn -0.0627903571570426 -2.216064528867924e-16 0.9980267386438556
vn -0.18738119050217197 -2.1811158976678606e-16 0.9822872743988842
vn -0.0627903571570426 -2.216064528867924e-16 0.9980267386438556
vn -0.18738119050217197 -2.1811158976678606e-16 0.9822872743988842
vn -0.0627903571570426 -2.216064528867924e-16 0.9980267386438556
vn 0.18738119050217197 2.1811158976678606e-16 -0.9822872743988842
vn 0.30901689644175834 2.1117697548768578e-16 -0.95105654811557
vn 0.18738119050217197 2.1811158976678606e-16 -0.9822872743988842
vn 0.30901689644175834 2.1117697548768578e-16 -0.95105654811557
vn 0.18738119050217197 2.1811158976678606e-16 -0.9822872743988842
vn 0.30901689644175834 2.1117697548768578e-16 -0.95105654811557
vn -0.30901689644175834 -2.1117697548768578e-16 0.95105654811557
vn -0.18738119050217197 -2.1811158976678606e-16 0.9822872743988842
vn -0.30901689644175834 -2.1117697548768578e-16 0.95105654811557
vn -0.18738119050217197 -2.1811158976678606e-16 0.9822872743988842
vn -0.30901689644175834 -2.1117697548768578e-16 0.95105654811557
vn -0.18738119050217197 -2.1811158976678606e-16 0.9822872743988842
vn 0.30901689644175834 2.1117697548768578e-16 -0.95105654811557
vn 0.4257794028986882 2.0091195375746293e-16 -0.9048270000763884
vn 0.30901689644175834 2.1117697548768578e-16 -0.95105654811557
vn 0.4257794028986882 2.0091195375746293e-16 -0.9048270000763884
vn 0.30901689644175834 2.1117697548768578e-16 -0.95105654811557
vn 0.4257794028986882 2.0091195375746293e-16 -0.9048270000763884
vn -0.4257794028986882 -2.0091195375746293e-16 0.9048270000763884
vn -0.30901689644175834 -2.1117697548768578e-16 0.95105654811557
vn -0.4257794028986882 -2.0091195375746293e-16 0.9048270000763884
vn -0.30901689644175834 -2.1117697548768578e-16 0.95105654811557
vn -0.4257794028986882 -2.0091195375746293e-16 0.9048270000763884
vn -0.30901689644175834 -2.1117697548768578e-16 0.95105654811557
vn 0.4257794028986882 2.0091195375746293e-16 -0.9048270000763884
vn 0.5358268846352193 1.8747844801146647e-16 -0.8443278686044393
vn 0.4257794028986882 2.0091195375746293e-16 -0.9048270000763884
vn 0.5358268846352193 1.8747844801146647e-16 -0.8443278686044393
vn 0.4257794028986882 2.0091195375746293e-16 -0.9048270000763884
vn 0.5358268846352193 1.8747844801146647e-16 -0.8443278686044393
vn -0.5358268846352193 -1.8747844801146647e-16 0.8443278686044393
vn -0.4257794028986882 -2.0091195375746293e-16 0.9048270000763884
vn -0.5358268846352193 -1.8747844801146647e-16 0.8443278686044393
vn -0.4257794028986882 -2.0091195375746293e-16 0.9048270000763884
vn -0.5358268846352193 -1.8747844801146647e-16 0.8443278686044393
vn -0.4257794028986882 -2.0091195375746293e-16 0.9048270000763884
vn 0.5358268846352193 1.8747844801146647e-16 -0.8443278686044393
vn 0.6374238002661463 1.710883433879356e-16 -0.7705133995293423
vn 0.5358268846352193 1.8747844801146647e-16 -0.8443278686044393
vn 0.6374238002661463 1.710883433879356e-16 -0.7705133995293423
vn 0.5358268846352193 1.8747844801146647e-16 -0.8443278686044393
vn 0.6374238002661463 1.710883433879356e-16 -0.7705133995293423
vn -0.6374238002661463 -1.710883433879356e-16 0.7705133995293423
vn -0.5358268846352193 -1.8747844801146647e-16 0.8443278686044393
vn -0.6374238002661463 -1.710883433879356e-16 0.7705133995293423
vn -0.5358268846352193 -1.8747844801146647e-16 0.8443278686044393
vn -0.6374238002661463 -1.710883433879356e-16 0.7705133995293423
vn -0.5358268846352193 -1.8747844801146647e-16 0.8443278686044393
vn 0.6374238002661463 1.710883433879356e-16 -0.7705133995293423
vn 0.728968613922267 1.5199999488042896e-16 -0.6845471203038171
vn 0.6374238002661463 1.710883433879356e-16 -0.7705133995293423
vn 0.728968613922267 1.5199999488042896e-16 -0.6845471203038171
vn 0.6374238002661463 1.710883433879356e-16 -0.7705133995293423
vn 0.728968613922267 1.5199999488042896e-16 -0.6845471203038171
vn -0.728968613922267 -1.5199999488042896e-16 0.6845471203038171
vn -0.6374238002661463 -1.710883433879356e-16 0.7705133995293423
vn -0.728968613922267 -1.5199999488042896e-16 0.6845471203038171
vn -0.6374238002661463 -1.710883433879356e-16 0.7705133995293423
vn -0.728968613922267 -1.5199999488042896e-16 0.6845471203038171
vn -0.6374238002661463 -1.710883433879356e-16 0.7705133995293423
vn 0.728968613922267 1.5199999488042896e-16 -0.6845471203038171
vn 0.8090169444722133 1.3051455937722347e-16 -0.5877853209776881
vn 0.8090169444722133 1.3051455937722347e-16 -0.5877853209776881
vn 0.8090169444722133 1.3051455937722347e-16 -0.5877853209776881
vn 0.728968613922267 1.5199999488042896e-16 -0.6845471203038171
vn 0.728968613922267 1.5199999488042896e-16 -0.6845471203038171
vn -0.728968613922267 -1.5199999488042896e-16 0.6845471203038171
vn -0.728968613922267 -1.5199999488042896e-16 0.6845471203038171
vn -0.8090169444722133 -1.3051455937722347e-16 0.5877853209776881
vn -0.8090169444722133 -1.3051455937722347e-16 0.5877853209776881
vn -0.8090169444722133 -1.3051455937722347e-16 0.5877853209776881
vn -0.728968613922267 -1.5199999488042896e-16 0.6845471203038171
vn 0.8090169444722133 1.3051455937722347e-16 -0.5877853209776881
vn 0.8763066485833442 1.069708169439262e-16 -0.48175373132818355
vn 0.8763066485833442 1.069708169439262e-16 -0.48175373132818355
vn 0.8763066485833442 1.069708169439262e-16 -0.48175373132818355
vn 0.8090169444722133 1.3051455937722347e-16 -0.5877853209776881
vn 0.8090169444722133 1.3051455937722347e-16 -0.5877853209776881
vn -0.8090169444722133 -1.3051455937722347e-16 0.5877853209776881
vn -0.8090169444722133 -1.3051455937722347e-16 0.5877853209776881
vn -0.8763066485833442 -1.069708169439262e-16 0.48175373132818355
vn -0.8763066485833442 -1.069708169439262e-16 0.48175373132818355
vn -0.8763066485833442 -1.069708169439262e-16 0.48175373132818355
vn -0.8090169444722133 -1.3051455937722347e-16 0.5877853209776881
vn 0.8763066485833442 1.069708169439262e-16 -0.48175373132818355
vn 0.9297765563270903 8.174003136050643e-17 -0.3681243747764294
vn 0.9297765563270903 8.174003136050643e-17 -0.3681243747764294
vn 0.9297765563270903 8.174003136050643e-17 -0.3681243747764294
vn 0.8763066485833442 1.069708169439262e-16 -0.48175373132818355
vn 0.8763066485833442 1.069708169439262e-16 -0.48175373132818355
vn -0.8763066485833442 -1.069708169439262e-16 0.48175373132818355
vn -0.8763066485833442 -1.069708169439262e-16 0.48175373132818355
vn -0.9297765563270903 -8.174003136050643e-17 0.3681243747764294
vn -0.9297765563270903 -8.174003136050643e-17 0.3681243747764294
vn -0.9297765563270903 -8.174003136050643e-17 0.3681243747764294
vn -0.8763066485833442 -1.069708169439262e-16 0.48175373132818355
vn 0.9297765563270903 8.174003136050643e-17 -0.3681243747764294
vn 0.9685831321884945 5.522027277198703e-17 -0.24868999987921794
vn 0.9685831321884945 5.522027277198703e-17 -0.24868999987921794
vn 0.9685831321884945 5.522027277198703e-17 -0.24868999987921794
vn 0.9297765563270903 8.174003136050643e-17 -0.3681243747764294
vn 0.9297765563270903 8.174003136050643e-17 -0.3681243747764294
vn -0.9297765563270903 -8.174003136050643e-17 0.3681243747764294
vn -0.9297765563270903 -8.174003136050643e-17 0.3681243747764294
vn -0.9685831321884945 -5.522027277198703e-17 0.24868999987921794
vn -0.9685831321884945 -5.522027277198703e-17 0.24868999987921794
vn -0.9685831321884945 -5.522027277198703e-17 0.24868999987921794
vn -0.9297765563270903 -8.174003136050643e-17 0.3681243747764294
vn 0.9685831321884945 5.522027277198703e-17 -0.24868999987921794
vn 0.9921146811319138 2.782960380490629e-17 -0.1253333933256445
vn 0.9921146811319138 2.782960380490629e-17 -0.1253333933256445
vn 0.9921146811319138 2.782960380490629e-17 -0.1253333933256445
vn 0.9685831321884945 5.522027277198703e-17 -0.24868999987921794
vn 0.9685831321884945 5.522027277198703e-17 -0.24868999987921794
vn -0.9685831321884945 -5.522027277198703e-17 0.24868999987921794
vn -0.9685831321884945 -5.522027277198703e-17 0.24868999987921794
vn -0.9921146811319138 -2.782960380490629e-17 0.1253333933256445
vn -0.9921146811319138 -2.782960380490629e-17 0.1253333933256445
vn -0.9921146811319138 -2.782960380490629e-17 0.1253333933256445
vn -0.9685831321884945 -5.522027277198703e-17 0.24868999987921794
vn 0.9921146811319138 2.782960380490629e-17 -0.1253333933256445
vn 0.9999999999999653 -2.950004082303588e-17 -2.643814127622954e-7
vn 0.9999999999999653 -2.950004082303588e-17 -2.643814127622954e-7
vn 0.9999999999999653 -2.950004082303588e-17 -2.643814127622954e-7
vn 0.9921146811319138 2.782960380490629e-17 -0.1253333933256445
vn 0.9921146811319138 2.782960380490629e-17 -0.1253333933256445
vn -0.9921146811319138 -2.782960380490629e-17 0.1253333933256445
vn -0.9921146811319138 -2.782960380490629e-17 0.1253333933256445
vn -0.9999999999999653 2.950004082303588e-17 2.643814127622954e-7
vn -0.9999999999999653 2.950004082303588e-17 2.643814127622954e-7
vn -0.9999999999999653 2.950004082303588e-17 2.643814127622954e-7
vn -0.9921146811319138 -2.782960380490629e-17 0.1253333933256445
vn 0 1 2.220446049250313e-16
vn 0 1 2.220446049250313e-16
vn 0 1 2.220446049250313e-16
vn 0 1 2.220446049250313e-16
vn 0 1 2.220446049250313e-16
vn 0 1 2.220446049250313e-16
vn 0 1 2.220446049250313e-16
vn 0 1 2.220446049250313e-16
vn 0 1 2.220446049250313e-16
vn 0 1 2.220446049250313e-16
vn 0 1 2.220446049250313e-16
vn 0 1 2.220446049250313e-16
vn 0 1 2.220446049250313e-16
vn 0 1 2.220446049250313e-16
vn 0 1 2.220446049250313e-16
vn 0 1 2.220446049250313e-16
vn 0 1 2.220446049250313e-16
vn 0 1 2.220446049250313e-16
vn 0 1 2.220446049250313e-16
vn 0 1 2.220446049250313e-16
vn 0 1 2.220446049250313e-16
vn 0 1 2.220446049250313e-16
vn 0 1 2.220446049250313e-16
vn 0 1 2.220446049250313e-16
vn 0 1 2.220446049250313e-16
vn 0 1 2.220446049250313e-16
vn 0 1 2.220446049250313e-16
vn 0 1 2.220446049250313e-16
vn 0 1 2.220446049250313e-16
vn 0 1 2.220446049250313e-16
vn 0 1 2.220446049250313e-16
vn 0 1 2.220446049250313e-16
vn 0 1 2.220446049250313e-16
vn 0 1 2.220446049250313e-16
vn 0 1 2.220446049250313e-16
vn 0 1 2.220446049250313e-16
vn 0 1 2.220446049250313e-16
vn 0 1 2.220446049250313e-16
vn 0 1 2.220446049250313e-16
vn 0 1 2.220446049250313e-16
vn 0 1 2.220446049250313e-16
vn 0 1 2.220446049250313e-16
vn 0 1 2.220446049250313e-16
vn 0 1 2.220446049250313e-16
vn 0 1 2.220446049250313e-16
vn 0 1 2.220446049250313e-16
vn 0 1 2.220446049250313e-16
vn 0 1 2.220446049250313e-16
vn 0 1 2.220446049250313e-16
vn 0 1 2.220446049250313e-16
vn 0 1 2.220446049250313e-16
vn 0 1 2.220446049250313e-16
vn 0 1 2.220446049250313e-16
vn 0 1 2.220446049250313e-16
vn 0 1 2.220446049250313e-16
vn 0 1 2.220446049250313e-16
vn 0 1 2.220446049250313e-16
vn 0 1 2.220446049250313e-16
vn 0 1 2.220446049250313e-16
vn 0 1 2.220446049250313e-16
vn 0 1 2.220446049250313e-16
vn 0 1 2.220446049250313e-16
vn 0 1 2.220446049250313e-16
vn 0 1 2.220446049250313e-16
vn 0 1 2.220446049250313e-16
vn 0 1 2.220446049250313e-16
vn 0 1 2.220446049250313e-16
vn 0 1 2.220446049250313e-16
vn 0 1 2.220446049250313e-16
vn 0 1 2.220446049250313e-16
vn 0 1 2.220446049250313e-16
vn 0 1 2.220446049250313e-16
vn 0 1 2.220446049250313e-16
vn 0 1 2.220446049250313e-16
vn 0 1 2.220446049250313e-16
vn 0 1 2.220446049250313e-16
vn 0 1 2.220446049250313e-16
vn 0 1 2.220446049250313e-16
vn 0 1 2.220446049250313e-16
vn 0 1 2.220446049250313e-16
vn 0 1 2.220446049250313e-16
vn 0 1 2.220446049250313e-16
vn 0 1 2.220446049250313e-16
vn 0 1 2.220446049250313e-16
vn 0 1 2.220446049250313e-16
vn 0 1 2.220446049250313e-16
vn 0 1 2.220446049250313e-16
vn 0 1 2.220446049250313e-16
vn 0 1 2.220446049250313e-16
vn 0 1 2.220446049250313e-16
vn 0 1 2.220446049250313e-16
vn 0 1 2.220446049250313e-16
vn 0 1 2.220446049250313e-16
vn 0 1 2.220446049250313e-16
vn 0 1 2.220446049250313e-16
vn 0 1 2.220446049250313e-16
vn 0 1 2.220446049250313e-16
vn 0 1 2.220446049250313e-16
vn 0 1 2.220446049250313e-16
vn 0 1 2.220446049250313e-16
vn 0 1 2.220446049250313e-16
vn 0 1 2.220446049250313e-16
vn 0 1 2.220446049250313e-16
vn 0 1 2.220446049250313e-16
vn 0 1 2.220446049250313e-16
vn 0 1 2.220446049250313e-16
vn 0 1 2.220446049250313e-16
vn 0 1 2.220446049250313e-16
vn 0 1 2.220446049250313e-16
vn 0 1 2.220446049250313e-16
vn 0 1 2.220446049250313e-16
vn 0 1 2.220446049250313e-16
vn 0 1 2.220446049250313e-16
vn 0 1 2.220446049250313e-16
vn 0 1 2.220446049250313e-16
vn 0 1 2.220446049250313e-16
vn 0 1 2.220446049250313e-16
vn 0 1 2.220446049250313e-16
vn 0 1 2.220446049250313e-16
vn 0 1 2.220446049250313e-16
vn 0 1 2.220446049250313e-16
vn 0 1 2.220446049250313e-16
vn 0 1 2.220446049250313e-16
vn 0 1 2.220446049250313e-16
vn 0 1 2.220446049250313e-16
vn 0 1 2.220446049250313e-16
vn 0 1 2.220446049250313e-16
vn 0 1 2.220446049250313e-16
vn 0 1 2.220446049250313e-16
vn 0 1 2.220446049250313e-16
vn 0 1 2.220446049250313e-16
vn 0 1 2.220446049250313e-16
vn 0 1 2.220446049250313e-16
vn 0 1 2.220446049250313e-16
vn 0 1 2.220446049250313e-16
vn 0 1 2.220446049250313e-16
vn 0 1 2.220446049250313e-16
vn 0 1 2.220446049250313e-16
vn 0 1 2.220446049250313e-16
vn 0 1 2.220446049250313e-16
vn 0 1 2.220446049250313e-16
vn 0 1 2.220446049250313e-16
vn 0 1 2.220446049250313e-16
vn 0 1 2.220446049250313e-16
vn 0 -1 -2.220446049250313e-16
vn 0 -1 -2.220446049250313e-16
vn 0 -1 -2.220446049250313e-16
vn 0 -1 -2.220446049250313e-16
vn 0 -1 -2.220446049250313e-16
vn 0 -1 -2.220446049250313e-16
vn 0 -1 -2.220446049250313e-16
vn 0 -1 -2.220446049250313e-16
vn 0 -1 -2.220446049250313e-16
vn 0 -1 -2.220446049250313e-16
vn 0 -1 -2.220446049250313e-16
vn 0 -1 -2.220446049250313e-16
vn 0 -1 -2.220446049250313e-16
vn 0 -1 -2.220446049250313e-16
vn 0 -1 -2.220446049250313e-16
vn 0 -1 -2.220446049250313e-16
vn 0 -1 -2.220446049250313e-16
vn 0 -1 -2.220446049250313e-16
vn 0 -1 -2.220446049250313e-16
vn 0 -1 -2.220446049250313e-16
vn 0 -1 -2.220446049250313e-16
vn 0 -1 -2.220446049250313e-16
vn 0 -1 -2.220446049250313e-16
vn 0 -1 -2.220446049250313e-16
vn 0 -1 -2.220446049250313e-16
vn 0 -1 -2.220446049250313e-16
vn 0 -1 -2.220446049250313e-16
vn 0 -1 -2.220446049250313e-16
vn 0 -1 -2.220446049250313e-16
vn 0 -1 -2.220446049250313e-16
vn 0 -1 -2.220446049250313e-16
vn 0 -1 -2.220446049250313e-16
vn 0 -1 -2.220446049250313e-16
vn 0 -1 -2.220446049250313e-16
vn 0 -1 -2.220446049250313e-16
vn 0 -1 -2.220446049250313e-16
vn 0 -1 -2.220446049250313e-16
vn 0 -1 -2.220446049250313e-16
vn 0 -1 -2.220446049250313e-16
vn 0 -1 -2.220446049250313e-16
vn 0 -1 -2.220446049250313e-16
vn 0 -1 -2.220446049250313e-16
vn 0 -1 -2.220446049250313e-16
vn 0 -1 -2.220446049250313e-16
vn 0 -1 -2.220446049250313e-16
vn 0 -1 -2.220446049250313e-16
vn 0 -1 -2.220446049250313e-16
vn 0 -1 -2.220446049250313e-16
vn 0 -1 -2.220446049250313e-16
vn 0 -1 -2.220446049250313e-16
vn 0 -1 -2.220446049250313e-16
vn 0 -1 -2.220446049250313e-16
vn 0 -1 -2.220446049250313e-16
vn 0 -1 -2.220446049250313e-16
vn 0 -1 -2.220446049250313e-16
vn 0 -1 -2.220446049250313e-16
vn 0 -1 -2.220446049250313e-16
vn 0 -1 -2.220446049250313e-16
vn 0 -1 -2.220446049250313e-16
vn 0 -1 -2.220446049250313e-16
vn 0 -1 -2.220446049250313e-16
vn 0 -1 -2.220446049250313e-16
vn 0 -1 -2.220446049250313e-16
vn 0 -1 -2.220446049250313e-16
vn 0 -1 -2.220446049250313e-16
vn 0 -1 -2.220446049250313e-16
vn 0 -1 -2.220446049250313e-16
vn 0 -1 -2.220446049250313e-16
vn 0 -1 -2.220446049250313e-16
vn 0 -1 -2.220446049250313e-16
vn 0 -1 -2.220446049250313e-16
vn 0 -1 -2.220446049250313e-16
vn 0 -1 -2.220446049250313e-16
vn 0 -1 -2.220446049250313e-16
vn 0 -1 -2.220446049250313e-16
vn 0 -1 -2.220446049250313e-16
vn 0 -1 -2.220446049250313e-16
vn 0 -1 -2.220446049250313e-16
vn 0 -1 -2.220446049250313e-16
vn 0 -1 -2.220446049250313e-16
vn 0 -1 -2.220446049250313e-16
vn 0 -1 -2.220446049250313e-16
vn 0 -1 -2.220446049250313e-16
vn 0 -1 -2.220446049250313e-16
vn 0 -1 -2.220446049250313e-16
vn 0 -1 -2.220446049250313e-16
vn 0 -1 -2.220446049250313e-16
vn 0 -1 -2.220446049250313e-16
vn 0 -1 -2.220446049250313e-16
vn 0 -1 -2.220446049250313e-16
vn 0 -1 -2.220446049250313e-16
vn 0 -1 -2.220446049250313e-16
vn 0 -1 -2.220446049250313e-16
vn 0 -1 -2.220446049250313e-16
vn 0 -1 -2.220446049250313e-16
vn 0 -1 -2.220446049250313e-16
vn 0 -1 -2.220446049250313e-16
vn 0 -1 -2.220446049250313e-16
vn 0 -1 -2.220446049250313e-16
vn 0 -1 -2.220446049250313e-16
vn 0 -1 -2.220446049250313e-16
vn 0 -1 -2.220446049250313e-16
vn 0 -1 -2.220446049250313e-16
vn 0 -1 -2.220446049250313e-16
vn 0 -1 -2.220446049250313e-16
vn 0 -1 -2.220446049250313e-16
vn 0 -1 -2.220446049250313e-16
vn 0 -1 -2.220446049250313e-16
vn 0 -1 -2.220446049250313e-16
vn 0 -1 -2.220446049250313e-16
vn 0 -1 -2.220446049250313e-16
vn 0 -1 -2.220446049250313e-16
vn 0 -1 -2.220446049250313e-16
vn 0 -1 -2.220446049250313e-16
vn 0 -1 -2.220446049250313e-16
vn 0 -1 -2.220446049250313e-16
vn 0 -1 -2.220446049250313e-16
vn 0 -1 -2.220446049250313e-16
vn 0 -1 -2.220446049250313e-16
vn 0 -1 -2.220446049250313e-16
vn 0 -1 -2.220446049250313e-16
vn 0 -1 -2.220446049250313e-16
vn 0 -1 -2.220446049250313e-16
vn 0 -1 -2.220446049250313e-16
vn 0 -1 -2.220446049250313e-16
vn 0 -1 -2.220446049250313e-16
vn 0 -1 -2.220446049250313e-16
vn 0 -1 -2.220446049250313e-16
vn 0 -1 -2.220446049250313e-16
vn 0 -1 -2.220446049250313e-16
vn 0 -1 -2.220446049250313e-16
vn 0 -1 -2.220446049250313e-16
vn 0 -1 -2.220446049250313e-16
vn 0 -1 -2.220446049250313e-16
vn 0 -1 -2.220446049250313e-16
vn 0 -1 -2.220446049250313e-16
vn 0 -1 -2.220446049250313e-16
vn 0 -1 -2.220446049250313e-16
vn 0 -1 -2.220446049250313e-16
vn 0 -1 -2.220446049250313e-16
vn 0 -1 -2.220446049250313e-16
vn 0 -1 -2.220446049250313e-16
vn 0 -1 -2.220446049250313e-16
vn 0 -1 -2.220446049250313e-16
f 1/1/1 2/2/2 3/3/3
f 4/4/4 5/5/5 6/6/6
f 7/7/7 8/8/8 9/9/9
f 10/10/10 11/11/11 12/12/12
f 13/13/13 14/14/14 15/15/15
f 16/16/16 17/17/17 18/18/18
f 19/19/19 20/20/20 21/21/21
f 22/22/22 23/23/23 24/24/24
f 25/25/25 26/26/26 27/27/27
f 28/28/28 29/29/29 30/30/30
f 31/31/31 32/32/32 33/33/33
f 34/34/34 35/35/35 36/36/36
f 37/37/37 38/38/38 39/39/39
f 40/40/40 41/41/41 42/42/42
f 43/43/43 44/44/44 45/45/45
f 46/46/46 47/47/47 48/48/48
f 49/49/49 50/50/50 51/51/51
f 52/52/52 53/53/53 54/54/54
f 55/55/55 56/56/56 57/57/57
f 58/58/58 59/59/59 60/60/60
f 61/61/61 62/62/62 63/63/63
f 64/64/64 65/65/65 66/66/66
f 67/67/67 68/68/68 69/69/69
f 70/70/70 71/71/71 72/72/72
f 73/73/73 74/74/74 75/75/75
f 76/76/76 77/77/77 78/78/78
f 79/79/79 80/80/80 81/81/81
f 82/82/82 83/83/83 84/84/84
f 85/85/85 86/86/86 87/87/87
f 88/88/88 89/89/89 90/90/90
f 91/91/91 92/92/92 93/93/93
f 94/94/94 95/95/95 96/96/96
f 97/97/97 98/98/98 99/99/99
f 100/100/100 101/101/101 102/102/102
f 103/103/103 104/104/104 105/105/105
f 106/106/106 107/107/107 108/108/108
f 109/109/109 110/110/110 111/111/111
f 112/112/112 113/113/113 114/114/114
f 115/115/115 116/116/116 117/117/117
f 118/118/118 119/119/119 120/120/120
f 121/121/121 122/122/122 123/123/123
f 124/124/124 125/125/125 126/126/126
f 127/127/127 128/128/128 129/129/129
f 130/130/130 131/131/131 132/132/132
f 133/133/133 134/134/134 135/135/135
f 136/136/136 137/137/137 138/138/138
f 139/139/139 140/140/140 141/141/141
f 142/142/142 143/143/143 144/144/144
f 145/145/145 146/146/146 147/147/147
f 148/148/148 149/149/149 150/150/150
f 151/151/151 152/152/152 153/153/153
f 154/154/154 155/155/155 156/156/156
f 157/157/157 158/158/158 159/159/159
f 160/160/160 161/161/161 162/162/162
f 163/163/163 164/164/164 165/165/165
f 166/166/166 167/167/167 168/168/168
f 169/169/169 170/170/170 171/171/171
f 172/172/172 173/173/173 174/174/174
f 175/175/175 176/176/176 177/177/177
f 178/178/178 179/179/179 180/180/180
f 181/181/181 182/182/182 183/183/183
f 184/184/184 185/185/185 186/186/186
f 187/187/187 188/188/188 189/189/189
f 190/190/190 191/191/191 192/192/192
f 193/193/193 194/194/194 195/195/195
f 196/196/196 197/197/197 198/198/198
f 199/199/199 200/200/200 201/201/201
f 202/202/202 203/203/203 204/204/204
f 205/205/205 206/206/206 207/207/207
f 208/208/208 209/209/209 210/210/210
f 211/211/211 212/212/212 213/213/213
f 214/214/214 215/215/215 216/216/216
f 217/217/217 218/218/218 219/219/219
f 220/220/220 221/221/221 222/222/222
f 223/223/223 224/224/224 225/225/225
f 226/226/226 227/227/227 228/228/228
f 229/229/229 230/230/230 231/231/231
f 232/232/232 233/233/233 234/234/234
f 235/235/235 236/236/236 237/237/237
f 238/238/238 239/239/239 240/240/240
f 241/241/241 242/242/242 243/243/243
f 244/244/244 245/245/245 246/246/246
f 247/247/247 248/248/248 249/249/249
f 250/250/250 251/251/251 252/252/252
f 253/253/253 254/254/254 255/255/255
f 256/256/256 257/257/257 258/258/258
f 259/259/259 260/260/260 261/261/261
f 262/262/262 263/263/263 264/264/264
f 265/265/265 266/266/266 267/267/267
f 268/268/268 269/269/269 270/270/270
f 271/271/271 272/272/272 273/273/273
f 274/274/274 275/275/275 276/276/276
f 277/277/277 278/278/278 279/279/279
f 280/280/280 281/281/281 282/282/282
f 283/283/283 284/284/284 285/285/285
f 286/286/286 287/287/287 288/288/288
f 289/289/289 290/290/290 291/291/291
f 292/292/292 293/293/293 294/294/294
f 295/295/295 296/296/296 297/297/297
f 298/298/298 299/299/299 300/300/300
f 301/301/301 302/302/302 303/303/303
f 304/304/304 305/305/305 306/306/306
f 307/307/307 308/308/308 309/309/309
f 310/310/310 311/311/311 312/312/312
f 313/313/313 314/314/314 315/315/315
f 316/316/316 317/317/317 318/318/318
f 319/319/319 320/320/320 321/321/321
f 322/322/322 323/323/323 324/324/324
f 325/325/325 326/326/326 327/327/327
f 328/328/328 329/329/329 330/330/330
f 331/331/331 332/332/332 333/333/333
f 334/334/334 335/335/335 336/336/336
f 337/337/337 338/338/338 339/339/339
f 340/340/340 341/341/341 342/342/342
f 343/343/343 344/344/344 345/345/345
f 346/346/346 347/347/347 348/348/348
f 349/349/349 350/350/350 351/351/351
f 352/352/352 353/353/353 354/354/354
f 355/355/355 356/356/356 357/357/357
f 358/358/358 359/359/359 360/360/360
f 361/361/361 362/362/362 363/363/363
f 364/364/364 365/365/365 366/366/366
f 367/367/367 368/368/368 369/369/369
f 370/370/370 371/371/371 372/372/372
f 373/373/373 374/374/374 375/375/375
f 376/376/376 377/377/377 378/378/378
f 379/379/379 380/380/380 381/381/381
f 382/382/382 383/383/383 384/384/384
f 385/385/385 386/386/386 387/387/387
f 388/388/388 389/389/389 390/390/390
f 391/391/391 392/392/392 393/393/393
f 394/394/394 395/395/395 396/396/396
f 397/397/397 398/398/398 399/399/399
f 400/400/400 401/401/401 402/402/402
f 403/403/403 404/404/404 405/405/405
f 406/406/406 407/407/407 408/408/408
f 409/409/409 410/410/410 411/411/411
f 412/412/412 413/413/413 414/414/414
f 415/415/415 416/416/416 417/417/417
f 418/418/418 419/419/419 420/420/420
f 421/421/421 422/422/422 423/423/423
f 424/424/424 425/425/425 426/426/426
f 427/427/427 428/428/428 429/429/429
f 430/430/430 431/431/431 432/432/432
f 433/433/433 434/434/434 435/435/435
f 436/436/436 437/437/437 438/438/438
f 439/439/439 440/440/440 441/441/441
f 442/442/442 443/443/443 444/444/444
f 445/445/445 446/446/446 447/447/447
f 448/448/448 449/449/449 450/450/450
f 451/451/451 452/452/452 453/453/453
f 454/454/454 455/455/455 456/456/456
f 457/457/457 458/458/458 459/459/459
f 460/460/460 461/461/461 462/462/462
f 463/463/463 464/464/464 465/465/465
f 466/466/466 467/467/467 468/468/468
f 469/469/469 470/470/470 471/471/471
f 472/472/472 473/473/473 474/474/474
f 475/475/475 476/476/476 477/477/477
f 478/478/478 479/479/479 480/480/480
f 481/481/481 482/482/482 483/483/483
f 484/484/484 485/485/485 486/486/486
f 487/487/487 488/488/488 489/489/489
f 490/490/490 491/491/491 492/492/492
f 493/493/493 494/494/494 495/495/495
f 496/496/496 497/497/497 498/498/498
f 499/499/499 500/500/500 501/501/501
f 502/502/502 503/503/503 504/504/504
f 505/505/505 506/506/506 507/507/507
f 508/508/508 509/509/509 510/510/510
f 511/511/511 512/512/512 513/513/513
f 514/514/514 515/515/515 516/516/516
f 517/517/517 518/518/518 519/519/519
f 520/520/520 521/521/521 522/522/522
f 523/523/523 524/524/524 525/525/525
f 526/526/526 527/527/527 528/528/528
f 529/529/529 530/530/530 531/531/531
f 532/532/532 533/533/533 534/534/534
f 535/535/535 536/536/536 537/537/537
f 538/538/538 539/539/539 540/540/540
f 541/541/541 542/542/542 543/543/543
f 544/544/544 545/545/545 546/546/546
f 547/547/547 548/548/548 549/549/549
f 550/550/550 551/551/551 552/552/552
f 553/553/553 554/554/554 555/555/555
f 556/556/556 557/557/557 558/558/558
f 559/559/559 560/560/560 561/561/561
f 562/562/562 563/563/563 564/564/564
f 565/565/565 566/566/566 567/567/567
f 568/568/568 569/569/569 570/570/570
f 571/571/571 572/572/572 573/573/573
f 574/574/574 575/575/575 576/576/576
f 577/577/577 578/578/578 579/579/579
f 580/580/580 581/581/581 582/582/582
f 583/583/583 584/584/584 585/585/585
f 586/586/586 587/587/587 588/588/588
f 589/589/589 590/590/590 591/591/591
f 592/592/592 593/593/593 594/594/594
f 595/595/595 596/596/596 597/597/597
f 598/598/598 599/599/599 600/600/600
f 601/601/601 602/602/602 603/603/603
f 604/604/604 605/605/605 606/606/606
f 607/607/607 608/608/608 609/609/609
f 610/610/610 611/611/611 612/612/612
f 613/613/613 614/614/614 615/615/615
f 616/616/616 617/617/617 618/618/618
f 619/619/619 620/620/620 621/621/621
f 622/622/622 623/623/623 624/624/624
f 625/625/625 626/626/626 627/627/627
f 628/628/628 629/629/629 630/630/630
f 631/631/631 632/632/632 633/633/633
f 634/634/634 635/635/635 636/636/636
f 637/637/637 638/638/638 639/639/639
f 640/640/640 641/641/641 642/642/642
f 643/643/643 644/644/644 645/645/645
f 646/646/646 647/647/647 648/648/648
f 649/649/649 650/650/650 651/651/651
f 652/652/652 653/653/653 654/654/654
f 655/655/655 656/656/656 657/657/657
f 658/658/658 659/659/659 660/660/660
f 661/661/661 662/662/662 663/663/663
f 664/664/664 665/665/665 666/666/666
f 667/667/667 668/668/668 669/669/669
f 670/670/670 671/671/671 672/672/672
f 673/673/673 674/674/674 675/675/675
f 676/676/676 677/677/677 678/678/678
f 679/679/679 680/680/680 681/681/681
f 682/682/682 683/683/683 684/684/684
f 685/685/685 686/686/686 687/687/687
f 688/688/688 689/689/689 690/690/690
f 691/691/691 692/692/692 693/693/693
f 694/694/694 695/695/695 696/696/696
f 697/697/697 698/698/698 699/699/699
f 700/700/700 701/701/701 702/702/702
f 703/703/703 704/704/704 705/705/705
f 706/706/706 707/707/707 708/708/708
f 709/709/709 710/710/710 711/711/711
f 712/712/712 713/713/713 714/714/714
f 715/715/715 716/716/716 717/717/717
f 718/718/718 719/719/719 720/720/720
f 721/721/721 722/722/722 723/723/723
f 724/724/724 725/725/725 726/726/726
f 727/727/727 728/728/728 729/729/729
f 730/730/730 731/731/731 732/732/732
f 733/733/733 734/734/734 735/735/735
f 736/736/736 737/737/737 738/738/738
f 739/739/739 740/740/740 741/741/741
f 742/742/742 743/743/743 744/744/744
f 745/745/745 746/746/746 747/747/747
f 748/748/748 749/749/749 750/750/750
f 751/751/751 752/752/752 753/753/753
f 754/754/754 755/755/755 756/756/756
f 757/757/757 758/758/758 759/759/759
f 760/760/760 761/761/761 762/762/762
f 763/763/763 764/764/764 765/765/765
f 766/766/766 767/767/767 768/768/768
f 769/769/769 770/770/770 771/771/771
f 772/772/772 773/773/773 774/774/774
f 775/775/775 776/776/776 777/777/777
f 778/778/778 779/779/779 780/780/780
f 781/781/781 782/782/782 783/783/783
f 784/784/784 785/785/785 786/786/786
f 787/787/787 788/788/788 789/789/789
f 790/790/790 791/791/791 792/792/792
f 793/793/793 794/794/794 795/795/795
f 796/796/796 797/797/797 798/798/798
f 799/799/799 800/800/800 801/801/801
f 802/802/802 803/803/803 804/804/804
f 805/805/805 806/806/806 807/807/807
f 808/808/808 809/809/809 810/810/810
f 811/811/811 812/812/812 813/813/813
f 814/814/814 815/815/815 816/816/816
f 817/817/817 818/818/818 819/819/819
f 820/820/820 821/821/821 822/822/822
f 823/823/823 824/824/824 825/825/825
f 826/826/826 827/827/827 828/828/828
f 829/829/829 830/830/830 831/831/831
f 832/832/832 833/833/833 834/834/834
f 835/835/835 836/836/836 837/837/837
f 838/838/838 839/839/839 840/840/840
f 841/841/841 842/842/842 843/843/843
f 844/844/844 845/845/845 846/846/846
f 847/847/847 848/848/848 849/849/849
f 850/850/850 851/851/851 852/852/852
f 853/853/853 854/854/854 855/855/855
f 856/856/856 857/857/857 858/858/858
f 859/859/859 860/860/860 861/861/861
f 862/862/862 863/863/863 864/864/864
f 865/865/865 866/866/866 867/867/867
f 868/868/868 869/869/869 870/870/870
f 871/871/871 872/872/872 873/873/873
f 874/874/874 875/875/875 876/876/876
f 877/877/877 878/878/878 879/879/879
f 880/880/880 881/881/881 882/882/882
f 883/883/883 884/884/884 885/885/885
f 886/886/886 887/887/887 888/888/888
f 889/889/889 890/890/890 891/891/891
f 892/892/892 893/893/893 894/894/894
f 895/895/895 896/896/896 897/897/897
f 898/898/898 899/899/899 900/900/900
f 901/901/901 902/902/902 903/903/903
f 904/904/904 905/905/905 906/906/906
f 907/907/907 908/908/908 909/909/909
f 910/910/910 911/911/911 912/912/912
f 913/913/913 914/914/914 915/915/915
f 916/916/916 917/917/917 918/918/918
f 919/919/919 920/920/920 921/921/921
f 922/922/922 923/923/923 924/924/924
f 925/925/925 926/926/926 927/927/927
f 928/928/928 929/929/929 930/930/930
f 931/931/931 932/932/932 933/933/933
f 934/934/934 935/935/935 936/936/936
f 937/937/937 938/938/938 939/939/939
f 940/940/940 941/941/941 942/942/942
f 943/943/943 944/944/944 945/945/945
f 946/946/946 947/947/947 948/948/948
f 949/949/949 950/950/950 951/951/951
f 952/952/952 953/953/953 954/954/954
f 955/955/955 956/956/956 957/957/957
f 958/958/958 959/959/959 960/960/960
f 961/961/961 962/962/962 963/963/963
f 964/964/964 965/965/965 966/966/966
f 967/967/967 968/968/968 969/969/969
f 970/970/970 971/971/971 972/972/972
f 973/973/973 974/974/974 975/975/975
f 976/976/976 977/977/977 978/978/978
f 979/979/979 980/980/980 981/981/981
f 982/982/982 983/983/983 984/984/984
f 985/985/985 986/986/986 987/987/987
f 988/988/988 989/989/989 990/990/990
f 991/991/991 992/992/992 993/993/993
f 994/994/994 995/995/995 996/996/996
f 997/997/997 998/998/998 999/999/999
f 1000/1000/1000 1001/1001/1001 1002/1002/1002
f 1003/1003/1003 1004/1004/1004 1005/1005/1005
f 1006/1006/1006 1007/1007/1007 1008/1008/1008
f 1009/1009/1009 1010/1010/1010 1011/1011/1011
f 1012/1012/1012 1013/1013/1013 1014/1014/1014
f 1015/1015/1015 1016/1016/1016 1017/1017/1017
f 1018/1018/1018 1019/1019/1019 1020/1020/1020
f 1021/1021/1021 1022/1022/1022 1023/1023/1023
f 1024/1024/1024 1025/1025/1025 1026/1026/1026
f 1027/1027/1027 1028/1028/1028 1029/1029/1029
f 1030/1030/1030 1031/1031/1031 1032/1032/1032
f 1033/1033/1033 1034/1034/1034 1035/1035/1035
f 1036/1036/1036 1037/1037/1037 1038/1038/1038
f 1039/1039/1039 1040/1040/1040 1041/1041/1041
f 1042/1042/1042 1043/1043/1043 1044/1044/1044
f 1045/1045/1045 1046/1046/1046 1047/1047/1047
f 1048/1048/1048 1049/1049/1049 1050/1050/1050
f 1051/1051/1051 1052/1052/1052 1053/1053/1053
f 1054/1054/1054 1055/1055/1055 1056/1056/1056
f 1057/1057/1057 1058/1058/1058 1059/1059/1059
f 1060/1060/1060 1061/1061/1061 1062/1062/1062
f 1063/1063/1063 1064/1064/1064 1065/1065/1065
f 1066/1066/1066 1067/1067/1067 1068/1068/1068
f 1069/1069/1069 1070/1070/1070 1071/1071/1071
f 1072/1072/1072 1073/1073/1073 1074/1074/1074
f 1075/1075/1075 1076/1076/1076 1077/1077/1077
f 1078/1078/1078 1079/1079/1079 1080/1080/1080
f 1081/1081/1081 1082/1082/1082 1083/1083/1083
f 1084/1084/1084 1085/1085/1085 1086/1086/1086
f 1087/1087/1087 1088/1088/1088 1089/1089/1089
f 1090/1090/1090 1091/1091/1091 1092/1092/1092
f 1093/1093/1093 1094/1094/1094 1095/1095/1095
f 1096/1096/1096 1097/1097/1097 1098/1098/1098
f 1099/1099/1099 1100/1100/1100 1101/1101/1101
f 1102/1102/1102 1103/1103/1103 1104/1104/1104
f 1105/1105/1105 1106/1106/1106 1107/1107/1107
f 1108/1108/1108 1109/1109/1109 1110/1110/1110
f 1111/1111/1111 1112/1112/1112 1113/1113/1113
f 1114/1114/1114 1115/1115/1115 1116/1116/1116
f 1117/1117/1117 1118/1118/1118 1119/1119/1119
f 1120/1120/1120 1121/1121/1121 1122/1122/1122
f 1123/1123/1123 1124/1124/1124 1125/1125/1125
f 1126/1126/1126 1127/1127/1127 1128/1128/1128
f 1129/1129/1129 1130/1130/1130 1131/1131/1131
f 1132/1132/1132 1133/1133/1133 1134/1134/1134
f 1135/1135/1135 1136/1136/1136 1137/1137/1137
f 1138/1138/1138 1139/1139/1139 1140/1140/1140
f 1141/1141/1141 1142/1142/1142 1143/1143/1143
f 1144/1144/1144 1145/1145/1145 1146/1146/1146
f 1147/1147/1147 1148/1148/1148 1149/1149/1149
f 1150/1150/1150 1151/1151/1151 1152/1152/1152
f 1153/1153/1153 1154/1154/1154 1155/1155/1155
f 1156/1156/1156 1157/1157/1157 1158/1158/1158
f 1159/1159/1159 1160/1160/1160 1161/1161/1161
f 1162/1162/1162 1163/1163/1163 1164/1164/1164
f 1165/1165/1165 1166/1166/1166 1167/1167/1167
f 1168/1168/1168 1169/1169/1169 1170/1170/1170
f 1171/1171/1171 1172/1172/1172 1173/1173/1173
f 1174/1174/1174 1175/1175/1175 1176/1176/1176
o ID4_1
usemtl edge_color000255
v 0.49999999777210036 0 0
v 0.49605740901359496 -1.391456029392201e-17 0.06266560855473147
v 0.49605740901359496 -1.391456029392201e-17 0.06266560855473147
v 0.4842918966893528 -2.7609907955524067e-17 0.12434397118023188
v 0.4842918966893528 -2.7609907955524067e-17 0.12434397118023188
v 0.4648885754669365 -4.0869835678286313e-17 0.18406137673142364
v 0.4648885754669365 -4.0869835678286313e-17 0.18406137673142364
v 0.4381538219905927 -5.3485219849789524e-17 0.24087601618534116
v 0.4381538219905927 -5.3485219849789524e-17 0.24087601618534116
v 0.4045089768161425 -6.525712538270948e-17 0.29389196555684016
v 0.4045089768161425 -6.525712538270948e-17 0.29389196555684016
v 0.36448491838565644 -7.599984600190155e-17 0.3422728781343789
v 0.36448491838565644 -7.599984600190155e-17 0.3422728781343789
v 0.31871259170646304 -8.554401848804855e-17 0.3852560097865503
v 0.31871259170646304 -8.554401848804855e-17 0.3852560097865503
v 0.26791411839001356 -9.373912106483599e-17 0.42216347069763316
v 0.26791411839001356 -9.373912106483599e-17 0.42216347069763316
v 0.21289039430828183 -1.0045589379556955e-16 0.4524131258648971
v 0.21289039430828183 -1.0045589379556955e-16 0.4524131258648971
v 0.1545092443866931 -1.0558839323097045e-16 0.4755278484096479
v 0.1545092443866931 -1.0558839323097045e-16 0.4755278484096479
v 0.09369140335342374 -1.0905577812401325e-16 0.49114356172190554
v 0.09369140335342374 -1.0905577812401325e-16 0.49114356172190554
v 0.031395999910490247 -1.108031969086856e-16 0.4990132363094162
v 0.031395999910490247 -1.108031969086856e-16 0.4990132363094162
v -0.031394552566681444 -1.108032506952771e-16 0.4990134785426896
v -0.031394552566681444 -1.108032506952771e-16 0.4990134785426896
v -0.09368998023294228 -1.0905583191060475e-16 0.491143803955179
v -0.09368998023294228 -1.0905583191060475e-16 0.491143803955179
v -0.1545078636570345 -1.0558851156147175e-16 0.47552838132284947
v -0.1545078636570345 -1.0558851156147175e-16 0.47552838132284947
v -0.21288908624860525 -1.0045605515534405e-16 0.45241385256471744
v -0.21288908624860525 -1.0045605515534405e-16 0.45241385256471744
v -0.26791285877699167 -9.373929318192879e-17 0.42216424584410817
v -0.26791285877699167 -9.373929318192879e-17 0.42216424584410817
v -0.3187115743267146 -8.554424439173285e-17 0.3852570271662987
v -0.3187115743267146 -8.554424439173285e-17 0.3852570271662987
v -0.364483901005908 -7.600007190558585e-17 0.34227389551412735
v -0.364483901005908 -7.600007190558585e-17 0.34227389551412735
v -0.4045082016696675 -6.525735128639379e-17 0.2938929829365886
v -0.4045082016696675 -6.525735128639379e-17 0.2938929829365886
v -0.4381530468441177 -5.348549954006533e-17 0.24087727579836304
v -0.4381530468441177 -5.348549954006533e-17 0.24087727579836304
v -0.46488804255373495 -4.087013419386914e-17 0.18406272112609123
v -0.46488804255373495 -4.087013419386914e-17 0.18406272112609123
v -0.48429136377615123 -2.7610222607084346e-17 0.1243453882448815
v -0.48429136377615123 -2.7610222607084346e-17 0.1243453882448815
v -0.49605740901359496 -1.3914876290147077e-17 0.06266703167521293
v -0.49605740901359496 -1.3914876290147077e-17 0.06266703167521293
v -0.49999999777210036 -8.911521920759053e-23 4.013392680163448e-7
v -0.49999999777210036 -8.911521920759053e-23 4.013392680163448e-7
v -0.49605740901359496 1.39147014837247e-17 -0.06266624441707425
v -0.49605740901359496 1.39147014837247e-17 -0.06266624441707425
v -0.48429165445607936 2.7610050489991544e-17 -0.1243446130984065
v -0.48429165445607936 2.7610050489991544e-17 -0.1243446130984065
v -0.4648883332336631 4.0869964766105915e-17 -0.1840619580912799
v -0.4648883332336631 4.0869964766105915e-17 -0.1840619580912799
v -0.4381535313106646 5.3485343558949976e-17 -0.24087657332187007
v -0.4381535313106646 5.3485343558949976e-17 -0.24087657332187007
v -0.4045087103595417 6.525723833455163e-17 -0.2938924742467144
v -0.4045087103595417 6.525723833455163e-17 -0.2938924742467144
v -0.3644844096957822 7.59999589537437e-17 -0.3422733868242531
v -0.3644844096957822 7.59999589537437e-17 -0.3422733868242531
v -0.3187120830165888 8.55441314398907e-17 -0.3852565184764245
v -0.3187120830165888 8.55441314398907e-17 -0.3852565184764245
v -0.26791360970013933 9.373918560874579e-17 -0.4221637613775613
v -0.26791360970013933 9.373918560874579e-17 -0.4221637613775613
v -0.21288981294842557 1.0045594758216105e-16 -0.45241336809817057
v -0.21288981294842557 1.0045594758216105e-16 -0.45241336809817057
v -0.15450871147349154 1.0558845777488025e-16 -0.47552813908957603
v -0.15450871147349154 1.0558845777488025e-16 -0.47552813908957603
v -0.09369084621689483 1.0905577812401325e-16 -0.49114356172190554
v -0.09369084621689483 1.0905577812401325e-16 -0.49114356172190554
v -0.03139541552271807 1.108032506952771e-16 -0.4990134785426896
v -0.03139541552271807 1.108032506952771e-16 -0.4990134785426896
v 0.03139513695445362 1.108032506952771e-16 -0.4990134785426896
v 0.03139513695445362 1.108032506952771e-16 -0.4990134785426896
v 0.09369056764863037 1.0905577812401325e-16 -0.49114356172190554
v 0.09369056764863037 1.0905577812401325e-16 -0.49114356172190554
v 0.15450842079356342 1.0558851156147175e-16 -0.47552838132284947
v 0.15450842079356342 1.0558851156147175e-16 -0.47552838132284947
v 0.21288959493847948 1.0045600136875255e-16 -0.452413610331444
v 0.21288959493847948 1.0045600136875255e-16 -0.452413610331444
v 0.26791334324353855 9.373923939533729e-17 -0.4221640036108347
v 0.26791334324353855 9.373923939533729e-17 -0.4221640036108347
v 0.3187120830165888 8.55441314398907e-17 -0.3852565184764245
v 0.3187120830165888 8.55441314398907e-17 -0.3852565184764245
v 0.3644844096957822 7.60000127403352e-17 -0.34227362905752656
v 0.3644844096957822 7.60000127403352e-17 -0.34227362905752656
v 0.4045084681262683 6.525729212114313e-17 -0.2938927164799878
v 0.4045084681262683 6.525729212114313e-17 -0.2938927164799878
v 0.43815328907739115 5.3485408102859776e-17 -0.2408768640017982
v 0.43815328907739115 5.3485408102859776e-17 -0.2408768640017982
v 0.4648883332336631 4.0870040067334016e-17 -0.1840622972178627
v 0.4648883332336631 4.0870040067334016e-17 -0.1840622972178627
v 0.48429165445607936 2.761012848054922e-17 -0.12434496433665299
v 0.48429165445607936 2.761012848054922e-17 -0.12434496433665299
v 0.49605740901359496 1.3914786197606313e-17 -0.06266662593447991
v 0.49605740901359496 1.3914786197606313e-17 -0.06266662593447991
v 0.49999999777210036 0 0
v 0.49605740901359496 -1.391456029392201e-17 0.06266560855473147
v 0.49605740901359496 0.0069999988484805015 0.06266560855473147
v 0.49999999777210036 0.006999998848480515 1.5543119787865301e-18
v 0.49999999777210036 0 0
v 0.49999999777210036 0.006999998848480515 1.5543119787865301e-18
v 0.49605740901359496 0.0069999988484805015 0.06266560855473147
v 0.4842918966893528 -2.7609907955524067e-17 0.12434397118023188
v 0.4842918966893528 0.006999998848480488 0.12434397118023188
v 0.49605740901359496 0.0069999988484805015 0.06266560855473147
v 0.4842918966893528 0.006999998848480488 0.12434397118023188
v 0.4648885754669365 -4.0869835678286313e-17 0.18406137673142364
v 0.4648885754669365 0.006999998848480475 0.18406137673142364
v 0.4842918966893528 0.006999998848480488 0.12434397118023188
v 0.4648885754669365 0.006999998848480475 0.18406137673142364
v 0.4381538219905927 -5.3485219849789524e-17 0.24087601618534116
v 0.4381538219905927 0.006999998848480462 0.24087601618534116
v 0.4648885754669365 0.006999998848480475 0.18406137673142364
v 0.4381538219905927 0.006999998848480462 0.24087601618534116
v 0.4045089768161425 -6.525712538270948e-17 0.29389196555684016
v 0.4045089768161425 0.00699999884848045 0.29389196555684016
v 0.4381538219905927 0.006999998848480462 0.24087601618534116
v 0.4045089768161425 0.00699999884848045 0.29389196555684016
v 0.36448491838565644 -7.599984600190155e-17 0.3422728781343789
v 0.36448491838565644 0.006999998848480439 0.3422728781343789
v 0.4045089768161425 0.00699999884848045 0.29389196555684016
v 0.36448491838565644 0.006999998848480439 0.3422728781343789
v 0.31871259170646304 -8.554401848804855e-17 0.3852560097865503
v 0.31871259170646304 0.0069999988484804295 0.3852560097865503
v 0.36448491838565644 0.006999998848480439 0.3422728781343789
v 0.31871259170646304 0.0069999988484804295 0.3852560097865503
v 0.26791411839001356 -9.373912106483599e-17 0.42216347069763316
v 0.26791411839001356 0.006999998848480422 0.42216347069763316
v 0.31871259170646304 0.0069999988484804295 0.3852560097865503
v 0.26791411839001356 0.006999998848480422 0.42216347069763316
v 0.21289039430828183 -1.0045589379556955e-16 0.4524131258648971
v 0.21289039430828183 0.006999998848480415 0.4524131258648971
v 0.26791411839001356 0.006999998848480422 0.42216347069763316
v 0.21289039430828183 0.006999998848480415 0.4524131258648971
v 0.1545092443866931 -1.0558839323097045e-16 0.4755278484096479
v 0.1545092443866931 0.0069999988484804095 0.4755278484096479
v 0.21289039430828183 0.006999998848480415 0.4524131258648971
v 0.1545092443866931 0.0069999988484804095 0.4755278484096479
v 0.09369140335342374 -1.0905577812401325e-16 0.49114356172190554
v 0.09369140335342374 0.006999998848480406 0.49114356172190554
v 0.1545092443866931 0.0069999988484804095 0.4755278484096479
v 0.09369140335342374 0.006999998848480406 0.49114356172190554
v 0.031395999910490247 -1.108031969086856e-16 0.4990132363094162
v 0.031395999910490247 0.006999998848480404 0.4990132363094162
v 0.09369140335342374 0.006999998848480406 0.49114356172190554
v 0.031395999910490247 0.006999998848480404 0.4990132363094162
v -0.031394552566681444 -1.108032506952771e-16 0.4990134785426896
v -0.031394552566681444 0.006999998848480404 0.4990134785426896
v 0.031395999910490247 0.006999998848480404 0.4990132363094162
v -0.031394552566681444 0.006999998848480404 0.4990134785426896
v -0.09368998023294228 -1.0905583191060475e-16 0.491143803955179
v -0.09368998023294228 0.006999998848480406 0.491143803955179
v -0.031394552566681444 0.006999998848480404 0.4990134785426896
v -0.09368998023294228 0.006999998848480406 0.491143803955179
v -0.1545078636570345 -1.0558851156147175e-16 0.47552838132284947
v -0.1545078636570345 0.0069999988484804095 0.47552838132284947
v -0.09368998023294228 0.006999998848480406 0.491143803955179
v -0.1545078636570345 0.0069999988484804095 0.47552838132284947
v -0.21288908624860525 -1.0045605515534405e-16 0.45241385256471744
v -0.21288908624860525 0.006999998848480415 0.45241385256471744
v -0.1545078636570345 0.0069999988484804095 0.47552838132284947
v -0.21288908624860525 0.006999998848480415 0.45241385256471744
v -0.26791285877699167 -9.373929318192879e-17 0.42216424584410817
v -0.26791285877699167 0.006999998848480422 0.42216424584410817
v -0.21288908624860525 0.006999998848480415 0.45241385256471744
v -0.26791285877699167 0.006999998848480422 0.42216424584410817
v -0.3187115743267146 -8.554424439173285e-17 0.3852570271662987
v -0.3187115743267146 0.0069999988484804295 0.3852570271662987
v -0.26791285877699167 0.006999998848480422 0.42216424584410817
v -0.3187115743267146 0.0069999988484804295 0.3852570271662987
v -0.364483901005908 -7.600007190558585e-17 0.34227389551412735
v -0.364483901005908 0.006999998848480439 0.34227389551412735
v -0.3187115743267146 0.0069999988484804295 0.3852570271662987
v -0.364483901005908 0.006999998848480439 0.34227389551412735
v -0.4045082016696675 -6.525735128639379e-17 0.2938929829365886
v -0.4045082016696675 0.00699999884848045 0.2938929829365886
v -0.364483901005908 0.006999998848480439 0.34227389551412735
v -0.4045082016696675 0.00699999884848045 0.2938929829365886
v -0.4381530468441177 -5.348549954006533e-17 0.24087727579836304
v -0.4381530468441177 0.006999998848480462 0.24087727579836304
v -0.4045082016696675 0.00699999884848045 0.2938929829365886
v -0.4381530468441177 0.006999998848480462 0.24087727579836304
v -0.46488804255373495 -4.087013419386914e-17 0.18406272112609123
v -0.46488804255373495 0.006999998848480475 0.18406272112609123
v -0.4381530468441177 0.006999998848480462 0.24087727579836304
v -0.46488804255373495 0.006999998848480475 0.18406272112609123
v -0.48429136377615123 -2.7610222607084346e-17 0.1243453882448815
v -0.48429136377615123 0.006999998848480488 0.1243453882448815
v -0.46488804255373495 0.006999998848480475 0.18406272112609123
v -0.48429136377615123 0.006999998848480488 0.1243453882448815
v -0.49605740901359496 -1.3914876290147077e-17 0.06266703167521293
v -0.49605740901359496 0.0069999988484805015 0.06266703167521293
v -0.48429136377615123 0.006999998848480488 0.1243453882448815
v -0.49605740901359496 0.0069999988484805015 0.06266703167521293
v -0.49999999777210036 -8.911521920759053e-23 4.013392680163448e-7
v -0.49999999777210036 0.006999998848480515 4.013392680178991e-7
v -0.49605740901359496 0.0069999988484805015 0.06266703167521293
v -0.49999999777210036 0.006999998848480515 4.013392680178991e-7
v -0.49605740901359496 1.39147014837247e-17 -0.06266624441707425
v -0.49605740901359496 0.006999998848480529 -0.06266624441707425
v -0.49999999777210036 0.006999998848480515 4.013392680178991e-7
v -0.49605740901359496 0.006999998848480529 -0.06266624441707425
v -0.48429165445607936 2.7610050489991544e-17 -0.1243446130984065
v -0.48429165445607936 0.006999998848480543 -0.1243446130984065
v -0.49605740901359496 0.006999998848480529 -0.06266624441707425
v -0.48429165445607936 0.006999998848480543 -0.1243446130984065
v -0.4648883332336631 4.0869964766105915e-17 -0.1840619580912799
v -0.4648883332336631 0.006999998848480556 -0.1840619580912799
v -0.48429165445607936 0.006999998848480543 -0.1243446130984065
v -0.4648883332336631 0.006999998848480556 -0.1840619580912799
v -0.4381535313106646 5.3485343558949976e-17 -0.24087657332187007
v -0.4381535313106646 0.006999998848480569 -0.24087657332187007
v -0.4648883332336631 0.006999998848480556 -0.1840619580912799
v -0.4381535313106646 0.006999998848480569 -0.24087657332187007
v -0.4045087103595417 6.525723833455163e-17 -0.2938924742467144
v -0.4045087103595417 0.00699999884848058 -0.2938924742467144
v -0.4381535313106646 0.006999998848480569 -0.24087657332187007
v -0.4045087103595417 0.00699999884848058 -0.2938924742467144
v -0.3644844096957822 7.59999589537437e-17 -0.3422733868242531
v -0.3644844096957822 0.006999998848480592 -0.3422733868242531
v -0.4045087103595417 0.00699999884848058 -0.2938924742467144
v -0.3644844096957822 0.006999998848480592 -0.3422733868242531
v -0.3187120830165888 8.55441314398907e-17 -0.3852565184764245
v -0.3187120830165888 0.006999998848480601 -0.3852565184764245
v -0.3644844096957822 0.006999998848480592 -0.3422733868242531
v -0.3187120830165888 0.006999998848480601 -0.3852565184764245
v -0.26791360970013933 9.373918560874579e-17 -0.4221637613775613
v -0.26791360970013933 0.006999998848480609 -0.4221637613775613
v -0.3187120830165888 0.006999998848480601 -0.3852565184764245
v -0.26791360970013933 0.006999998848480609 -0.4221637613775613
v -0.21288981294842557 1.0045594758216105e-16 -0.45241336809817057
v -0.21288981294842557 0.006999998848480616 -0.45241336809817057
v -0.26791360970013933 0.006999998848480609 -0.4221637613775613
v -0.21288981294842557 0.006999998848480616 -0.45241336809817057
v -0.15450871147349154 1.0558845777488025e-16 -0.47552813908957603
v -0.15450871147349154 0.006999998848480621 -0.47552813908957603
v -0.21288981294842557 0.006999998848480616 -0.45241336809817057
v -0.15450871147349154 0.006999998848480621 -0.47552813908957603
v -0.09369084621689483 1.0905577812401325e-16 -0.49114356172190554
v -0.09369084621689483 0.006999998848480625 -0.49114356172190554
v -0.15450871147349154 0.006999998848480621 -0.47552813908957603
v -0.09369084621689483 0.006999998848480625 -0.49114356172190554
v -0.03139541552271807 1.108032506952771e-16 -0.4990134785426896
v -0.03139541552271807 0.006999998848480626 -0.4990134785426896
v -0.09369084621689483 0.006999998848480625 -0.49114356172190554
v -0.03139541552271807 0.006999998848480626 -0.4990134785426896
v 0.03139513695445362 1.108032506952771e-16 -0.4990134785426896
v 0.03139513695445362 0.006999998848480626 -0.4990134785426896
v -0.03139541552271807 0.006999998848480626 -0.4990134785426896
v 0.03139513695445362 0.006999998848480626 -0.4990134785426896
v 0.09369056764863037 1.0905577812401325e-16 -0.49114356172190554
v 0.09369056764863037 0.006999998848480625 -0.49114356172190554
v 0.03139513695445362 0.006999998848480626 -0.4990134785426896
v 0.09369056764863037 0.006999998848480625 -0.49114356172190554
v 0.15450842079356342 1.0558851156147175e-16 -0.47552838132284947
v 0.15450842079356342 0.006999998848480621 -0.47552838132284947
v 0.09369056764863037 0.006999998848480625 -0.49114356172190554
v 0.15450842079356342 0.006999998848480621 -0.47552838132284947
v 0.21288959493847948 1.0045600136875255e-16 -0.452413610331444
v 0.21288959493847948 0.006999998848480616 -0.452413610331444
v 0.15450842079356342 0.006999998848480621 -0.47552838132284947
v 0.21288959493847948 0.006999998848480616 -0.452413610331444
v 0.26791334324353855 9.373923939533729e-17 -0.4221640036108347
v 0.26791334324353855 0.006999998848480609 -0.4221640036108347
v 0.21288959493847948 0.006999998848480616 -0.452413610331444
v 0.26791334324353855 0.006999998848480609 -0.4221640036108347
v 0.3187120830165888 8.55441314398907e-17 -0.3852565184764245
v 0.3187120830165888 0.006999998848480601 -0.3852565184764245
v 0.26791334324353855 0.006999998848480609 -0.4221640036108347
v 0.3187120830165888 0.006999998848480601 -0.3852565184764245
v 0.3644844096957822 7.60000127403352e-17 -0.34227362905752656
v 0.3644844096957822 0.006999998848480592 -0.34227362905752656
v 0.3187120830165888 0.006999998848480601 -0.3852565184764245
v 0.3644844096957822 0.006999998848480592 -0.34227362905752656
v 0.4045084681262683 6.525729212114313e-17 -0.2938927164799878
v 0.4045084681262683 0.00699999884848058 -0.2938927164799878
v 0.3644844096957822 0.006999998848480592 -0.34227362905752656
v 0.4045084681262683 0.00699999884848058 -0.2938927164799878
v 0.43815328907739115 5.3485408102859776e-17 -0.2408768640017982
v 0.43815328907739115 0.006999998848480569 -0.2408768640017982
v 0.4045084681262683 0.00699999884848058 -0.2938927164799878
v 0.43815328907739115 0.006999998848480569 -0.2408768640017982
v 0.4648883332336631 4.0870040067334016e-17 -0.1840622972178627
v 0.4648883332336631 0.006999998848480556 -0.1840622972178627
v 0.43815328907739115 0.006999998848480569 -0.2408768640017982
v 0.4648883332336631 0.006999998848480556 -0.1840622972178627
v 0.48429165445607936 2.761012848054922e-17 -0.12434496433665299
v 0.48429165445607936 0.006999998848480543 -0.12434496433665299
v 0.4648883332336631 0.006999998848480556 -0.1840622972178627
v 0.48429165445607936 0.006999998848480543 -0.12434496433665299
v 0.49605740901359496 1.3914786197606313e-17 -0.06266662593447991
v 0.49605740901359496 0.006999998848480529 -0.06266662593447991
v 0.48429165445607936 0.006999998848480543 -0.12434496433665299
v 0.49605740901359496 0.006999998848480529 -0.06266662593447991
v 0.49605740901359496 0.006999998848480529 -0.06266662593447991
v 0.49999999777210036 0.006999998848480515 1.5543119787865301e-18
v 0 0 0
v 0 0 0
v 0 0 0
v 0 0 0
v 0 0 0
v 0 0 0
v 0 0 0
v 0 0 0
v 0 0 0
v 0 0 0
v 0 0 0
v 0 0 0
v 0 0 0
v 0 0 0
v 0 0 0
v 0 0 0
v 0 0 0
v 0 0 0
v 0 0 0
v 0 0 0
v 0 0 0
v 0 0 0
v 0 0 0
v 0 0 0
v 0 0 0
v 0 0 0
v 0 0 0
v 0 0 0
v 0 0 0
v 0 0 0
v 0 0 0
v 0 0 0
v 0 0 0
v 0 0 0
v 0 0 0
v 0 0 0
v 0 0 0
v 0 0 0
v 0 0 0
v 0 0 0
v 0 0 0
v 0 0 0
v 0 0 0
v 0 0 0
v 0 0 0
v 0 0 0
v 0 0 0
v 0 0 0
v 0 0 0
v 0 0 0
v 0 0 0
v 0 0 0
v 0 0 0
v 0 0 0
v 0 0 0
v 0 0 0
v 0 0 0
v 0 0 0
v 0 0 0
v 0 0 0
v 0 0 0
v 0 0 0
v 0 0 0
v 0 0 0
v 0 0 0
v 0 0 0
v 0 0 0
v 0 0 0
v 0 0 0
v 0 0 0
v 0 0 0
v 0 0 0
v 0 0 0
v 0 0 0
v 0 0 0
v 0 0 0
v 0 0 0
v 0 0 0
v 0 0 0
v 0 0 0
v 0 0 0
v 0 0 0
v 0 0 0
v 0 0 0
v 0 0 0
v 0 0 0
v 0 0 0
v 0 0 0
v 0 0 0
v 0 0 0
v 0 0 0
v 0 0 0
v 0 0 0
v 0 0 0
v 0 0 0
v 0 0 0
v 0 0 0
v 0 0 0
v 0 0 0
v 0 0 0
v 0 0 0
v 0 0 0
v 0 0 0
v 0 0 0
v 0 0 0
v 0 0 0
v 0 0 0
v 0 0 0
v 0 0 0
v 0 0 0
v 0 0 0
v 0 0 0
v 0 0 0
v 0 0 0
v 0 0 0
v 0 0 0
v 0 0 0
v 0 0 0
v 0 0 0
v 0 0 0
v 0 0 0
v 0 0 0
v 0 0 0
v 0 0 0
v 0 0 0
v 0 0 0
v 0 0 0
v 0 0 0
v 0 0 0
v 0 0 0
v 0 0 0
v 0 0 0
v 0 0 0
v 0 0 0
v 0 0 0
v 0 0 0
v 0 0 0
v 0 0 0
v 0 0 0
v 0 0 0
v 0 0 0
v 0 0 0
v 0 0 0
v 0 0 0
v 0 0 0
v 0 0 0
v 0 0 0
v 0 0 0
v 0 0 0
v 0 0 0
l 1177 1178
l 1179 1180
l 1181 1182
l 1183 1184
l 1185 1186
l 1187 1188
l 1189 1190
l 1191 1192
l 1193 1194
l 1195 1196
l 1197 1198
l 1199 1200
l 1201 1202
l 1203 1204
l 1205 1206
l 1207 1208
l 1209 1210
l 1211 1212
l 1213 1214
l 1215 1216
l 1217 1218
l 1219 1220
l 1221 1222
l 1223 1224
l 1225 1226
l 1227 1228
l 1229 1230
l 1231 1232
l 1233 1234
l 1235 1236
l 1237 1238
l 1239 1240
l 1241 1242
l 1243 1244
l 1245 1246
l 1247 1248
l 1249 1250
l 1251 1252
l 1253 1254
l 1255 1256
l 1257 1258
l 1259 1260
l 1261 1262
l 1263 1264
l 1265 1266
l 1267 1268
l 1269 1270
l 1271 1272
l 1273 1274
l 1275 1276
l 1277 1278
l 1279 1280
l 1281 1282
l 1283 1284
l 1285 1286
l 1287 1288
l 1289 1290
l 1291 1292
l 1293 1294
l 1295 1296
l 1297 1298
l 1299 1300
l 1301 1302
l 1303 1304
l 1305 1306
l 1307 1308
l 1309 1310
l 1311 1312
l 1313 1314
l 1315 1316
l 1317 1318
l 1319 1320
l 1321 1322
l 1323 1324
l 1325 1326
l 1327 1328
l 1329 1330
l 1331 1332
l 1333 1334
l 1335 1336
l 1337 1338
l 1339 1340
l 1341 1342
l 1343 1344
l 1345 1346
l 1347 1348
l 1349 1350
l 1351 1352
l 1353 1354
l 1355 1356
l 1357 1358
l 1359 1360
l 1361 1362
l 1363 1364
l 1365 1366
l 1367 1368
l 1369 1370
l 1371 1372
l 1373 1374
l 1375 1376
l 1377 1378
l 1379 1380
l 1381 1382
l 1383 1384
l 1385 1386
l 1387 1388
l 1389 1390
l 1391 1392
l 1393 1394
l 1395 1396
l 1397 1398
l 1399 1400
l 1401 1402
l 1403 1404
l 1405 1406
l 1407 1408
l 1409 1410
l 1411 1412
l 1413 1414
l 1415 1416
l 1417 1418
l 1419 1420
l 1421 1422
l 1423 1424
l 1425 1426
l 1427 1428
l 1429 1430
l 1431 1432
l 1433 1434
l 1435 1436
l 1437 1438
l 1439 1440
l 1441 1442
l 1443 1444
l 1445 1446
l 1447 1448
l 1449 1450
l 1451 1452
l 1453 1454
l 1455 1456
l 1457 1458
l 1459 1460
l 1461 1462
l 1463 1464
l 1465 1466
l 1467 1468
l 1469 1470
l 1471 1472
l 1473 1474
l 1475 1476
l 1477 1478
l 1479 1480
l 1481 1482
l 1483 1484
l 1485 1486
l 1487 1488
l 1489 1490
l 1491 1492
l 1493 1494
l 1495 1496
l 1497 1498
l 1499 1500
l 1501 1502
l 1503 1504
l 1505 1506
l 1507 1508
l 1509 1510
l 1511 1512
l 1513 1514
l 1515 1516
l 1517 1518
l 1519 1520
l 1521 1522
l 1523 1524
l 1525 1526
l 1527 1528
l 1529 1530
l 1531 1532
l 1533 1534
l 1535 1536
l 1537 1538
l 1539 1540
l 1541 1542
l 1543 1544
l 1545 1546
l 1547 1548
l 1549 1550
l 1551 1552
l 1553 1554
l 1555 1556
l 1557 1558
l 1559 1560
l 1561 1562
l 1563 1564
l 1565 1566
l 1567 1568
l 1569 1570
l 1571 1572
l 1573 1574
l 1575 1576
l 1577 1578
l 1579 1580
l 1581 1582
l 1583 1584
l 1585 1586
l 1587 1588
l 1589 1590
l 1591 1592
l 1593 1594
l 1595 1596
l 1597 1598
l 1599 1600
l 1601 1602
l 1603 1604
l 1605 1606
l 1607 1608
l 1609 1610
l 1611 1612
l 1613 1614
l 1615 1616
l 1617 1618
l 1619 1620
l 1621 1622
l 1623 1624
l 1625 1626
