# Blender v2.92.0 OBJ File: 'door.blend'
# www.blender.org
mtllib door.mtl
o Cube.013
v -1.123452 -0.126560 -0.433642
v -1.123452 -0.109494 -0.433642
v -1.127322 -0.126560 -0.433642
v -1.127322 -0.109494 -0.433642
v -1.125118 -0.084170 -0.444481
v -1.125118 -0.084170 -0.430642
v -1.129333 -0.084435 -0.444481
v -1.129333 -0.084435 -0.430642
v -1.133481 -0.085227 -0.444481
v -1.133481 -0.085227 -0.430642
v -1.137497 -0.086532 -0.444481
v -1.137497 -0.086532 -0.430642
v -1.141319 -0.088330 -0.444481
v -1.141319 -0.088330 -0.430642
v -1.144884 -0.090592 -0.430642
v -1.148138 -0.093284 -0.444481
v -1.148138 -0.093284 -0.430642
v -1.151029 -0.096363 -0.444480
v -1.151029 -0.096363 -0.430642
v -1.153511 -0.099779 -0.444480
v -1.153511 -0.099779 -0.430642
v -1.155545 -0.103480 -0.444480
v -1.155545 -0.103480 -0.430642
v -1.157100 -0.107406 -0.444480
v -1.157100 -0.107406 -0.430642
v -1.158150 -0.111497 -0.430642
v -1.158680 -0.115686 -0.430642
v -1.158680 -0.119909 -0.444481
v -1.158150 -0.124099 -0.444481
v -1.158150 -0.124099 -0.430642
v -1.157100 -0.128189 -0.444481
v -1.157100 -0.128189 -0.430642
v -1.155545 -0.132116 -0.444481
v -1.153511 -0.135816 -0.430642
v -1.151029 -0.139233 -0.444481
v -1.148138 -0.142311 -0.444481
v -1.148138 -0.142311 -0.430642
v -1.144884 -0.145003 -0.444481
v -1.144884 -0.145003 -0.430642
v -1.141319 -0.147266 -0.430642
v -1.137497 -0.149064 -0.444481
v -1.137497 -0.149064 -0.430642
v -1.133481 -0.150369 -0.444481
v -1.133481 -0.150369 -0.430642
v -1.129333 -0.151160 -0.444481
v -1.129333 -0.151160 -0.430642
v -1.125118 -0.151425 -0.430642
v -1.120904 -0.151160 -0.444481
v -1.120904 -0.151160 -0.430642
v -1.116755 -0.150369 -0.444481
v -1.112739 -0.149064 -0.444481
v -1.112739 -0.149064 -0.430642
v -1.108918 -0.147266 -0.444481
v -1.108918 -0.147266 -0.430642
v -1.105353 -0.145003 -0.444481
v -1.105353 -0.145003 -0.430642
v -1.102099 -0.142311 -0.444481
v -1.102099 -0.142311 -0.430642
v -1.099208 -0.139233 -0.444481
v -1.099208 -0.139233 -0.430642
v -1.096726 -0.135816 -0.444481
v -1.094691 -0.132116 -0.444481
v -1.094691 -0.132116 -0.430642
v -1.093137 -0.128189 -0.430642
v -1.092086 -0.124099 -0.444481
v -1.091557 -0.119909 -0.444481
v -1.091557 -0.119909 -0.430642
v -1.091557 -0.115686 -0.430642
v -1.092086 -0.111497 -0.444481
v -1.093137 -0.107406 -0.444481
v -1.093137 -0.107406 -0.430642
v -1.094691 -0.103480 -0.430642
v -1.096726 -0.099779 -0.444481
v -1.099208 -0.096363 -0.430642
v -1.102099 -0.093284 -0.444481
v -1.102099 -0.093284 -0.430642
v -1.105353 -0.090592 -0.444481
v -1.105353 -0.090592 -0.430642
v -1.108918 -0.088330 -0.444481
v -1.108918 -0.088330 -0.430642
v -1.112739 -0.086532 -0.444481
v -1.112739 -0.086532 -0.430642
v -1.116755 -0.085227 -0.430642
v -1.120904 -0.084435 -0.444481
v -1.120904 -0.084435 -0.430642
v -1.125993 -0.087208 -0.445886
v -1.126124 -0.088774 -0.446095
v -1.129920 -0.087453 -0.445885
v -1.122066 -0.087457 -0.445886
v -1.118202 -0.088196 -0.445887
v -1.122379 -0.089010 -0.446095
v -1.118693 -0.089713 -0.446095
v -1.115124 -0.090873 -0.446095
v -1.114460 -0.089413 -0.445888
v -1.111728 -0.092471 -0.446095
v -1.110901 -0.091089 -0.445889
v -1.108560 -0.094481 -0.446095
v -1.107579 -0.093199 -0.445889
v -1.105669 -0.096873 -0.446095
v -1.104548 -0.095707 -0.445889
v -1.103100 -0.099609 -0.446095
v -1.101855 -0.098575 -0.445889
v -1.100894 -0.102645 -0.446095
v -1.099542 -0.101758 -0.445889
v -1.099087 -0.105933 -0.446095
v -1.097646 -0.105206 -0.445889
v -1.097705 -0.109422 -0.446095
v -1.096196 -0.108864 -0.445888
v -1.096772 -0.113057 -0.446095
v -1.095217 -0.112674 -0.445888
v -1.096302 -0.116780 -0.446095
v -1.094722 -0.116578 -0.445887
v -1.096302 -0.120532 -0.446095
v -1.094720 -0.120512 -0.445886
v -1.096772 -0.124255 -0.446095
v -1.095211 -0.124416 -0.445885
v -1.097705 -0.127890 -0.446095
v -1.096187 -0.128228 -0.445884
v -1.099087 -0.131379 -0.446095
v -1.097634 -0.131887 -0.445883
v -1.100894 -0.134667 -0.446095
v -1.099528 -0.135337 -0.445882
v -1.103100 -0.137703 -0.446095
v -1.101839 -0.138521 -0.445881
v -1.105669 -0.140439 -0.446095
v -1.104532 -0.141392 -0.445880
v -1.108560 -0.142830 -0.446095
v -1.107563 -0.143902 -0.445879
v -1.111728 -0.144841 -0.446095
v -1.110885 -0.146012 -0.445878
v -1.115124 -0.146439 -0.446095
v -1.114446 -0.147689 -0.445876
v -1.118693 -0.147599 -0.446095
v -1.118190 -0.148907 -0.445876
v -1.122379 -0.148302 -0.446095
v -1.122057 -0.149646 -0.445875
v -1.126124 -0.148537 -0.446095
v -1.125986 -0.149894 -0.445874
v -1.129869 -0.148302 -0.446095
v -1.129916 -0.149647 -0.445873
v -1.133555 -0.147599 -0.446095
v -1.133784 -0.148910 -0.445873
v -1.137124 -0.146439 -0.446095
v -1.137529 -0.147694 -0.445872
v -1.140520 -0.144841 -0.446095
v -1.141092 -0.146017 -0.445872
v -1.143688 -0.142830 -0.446095
v -1.144417 -0.143907 -0.445872
v -1.146579 -0.140438 -0.446095
v -1.147452 -0.141397 -0.445871
v -1.149148 -0.137703 -0.446095
v -1.150148 -0.138526 -0.445871
v -1.151354 -0.134667 -0.446095
v -1.152462 -0.135340 -0.445871
v -1.153162 -0.131379 -0.446095
v -1.154360 -0.131889 -0.445872
v -1.154543 -0.127890 -0.446095
v -1.155809 -0.128228 -0.445872
v -1.155476 -0.124255 -0.446095
v -1.156788 -0.124413 -0.445872
v -1.155946 -0.120532 -0.446095
v -1.157281 -0.120506 -0.445873
v -1.155946 -0.116780 -0.446095
v -1.157280 -0.116569 -0.445873
v -1.155476 -0.113057 -0.446095
v -1.156786 -0.112663 -0.445874
v -1.154543 -0.109422 -0.446095
v -1.155806 -0.108850 -0.445875
v -1.153162 -0.105933 -0.446095
v -1.154356 -0.105190 -0.445876
v -1.151354 -0.102645 -0.446095
v -1.152458 -0.101741 -0.445877
v -1.149148 -0.099609 -0.446095
v -1.150144 -0.098557 -0.445878
v -1.146579 -0.096873 -0.446095
v -1.147448 -0.095689 -0.445879
v -1.143688 -0.094481 -0.446095
v -1.144414 -0.093182 -0.445880
v -1.140519 -0.092471 -0.446095
v -1.141091 -0.091075 -0.445881
v -1.137124 -0.090873 -0.446095
v -1.137529 -0.089402 -0.445882
v -1.133555 -0.089713 -0.446095
v -1.133786 -0.088188 -0.445883
v -1.129869 -0.089010 -0.446095
v -1.144884 -0.090592 -0.444481
v -1.158150 -0.111496 -0.444481
v -1.158679 -0.115686 -0.444481
v -1.153511 -0.135816 -0.444481
v -1.141318 -0.147266 -0.444481
v -1.125118 -0.151425 -0.444481
v -1.093136 -0.128189 -0.444481
v -1.091557 -0.115686 -0.444481
v -1.094691 -0.103480 -0.444481
v -1.099207 -0.096363 -0.444481
v -1.116755 -0.085227 -0.444481
v -1.096725 -0.099779 -0.430642
v -1.092086 -0.111497 -0.430642
v -1.092086 -0.124099 -0.430642
v -1.096725 -0.135816 -0.430642
v -1.116755 -0.150369 -0.430642
v -1.151028 -0.139233 -0.430642
v -1.155545 -0.132116 -0.430642
v -1.158679 -0.119909 -0.430642
v -1.125118 -0.092671 -0.445888
v -1.128267 -0.092869 -0.445888
v -1.121969 -0.092869 -0.445888
v -1.125118 -0.092671 -0.446925
v -1.125118 -0.093485 -0.447334
v -1.128267 -0.092869 -0.446925
v -1.121969 -0.092869 -0.446925
v -1.118869 -0.093460 -0.446925
v -1.122071 -0.093677 -0.447334
v -1.119072 -0.094249 -0.447334
v -1.116168 -0.095193 -0.447334
v -1.115868 -0.094435 -0.446925
v -1.113405 -0.096493 -0.447334
v -1.113013 -0.095779 -0.446925
v -1.110827 -0.098129 -0.447334
v -1.110349 -0.097469 -0.446925
v -1.108475 -0.100075 -0.447334
v -1.107917 -0.099481 -0.446925
v -1.106385 -0.102300 -0.447334
v -1.105757 -0.101781 -0.446925
v -1.104590 -0.104770 -0.447334
v -1.103902 -0.104334 -0.446925
v -1.103119 -0.107446 -0.447334
v -1.102382 -0.107099 -0.446925
v -1.101995 -0.110285 -0.447334
v -1.101221 -0.110033 -0.446925
v -1.101236 -0.113242 -0.447334
v -1.100436 -0.113089 -0.446925
v -1.100853 -0.116271 -0.447334
v -1.100040 -0.116220 -0.446925
v -1.100853 -0.119324 -0.447334
v -1.100040 -0.119375 -0.446925
v -1.101236 -0.122353 -0.447334
v -1.100436 -0.122506 -0.446925
v -1.101995 -0.125311 -0.447334
v -1.101221 -0.125562 -0.446925
v -1.103119 -0.128149 -0.447334
v -1.102382 -0.128496 -0.446925
v -1.104590 -0.130825 -0.447334
v -1.103902 -0.131261 -0.446925
v -1.106385 -0.133295 -0.447334
v -1.105757 -0.133814 -0.446925
v -1.108475 -0.135521 -0.447334
v -1.107917 -0.136115 -0.446925
v -1.110827 -0.137467 -0.447334
v -1.110349 -0.138126 -0.446925
v -1.113405 -0.139103 -0.447334
v -1.113013 -0.139817 -0.446925
v -1.116168 -0.140403 -0.447334
v -1.115868 -0.141160 -0.446925
v -1.119072 -0.141346 -0.447334
v -1.118869 -0.142135 -0.446925
v -1.122071 -0.141918 -0.447334
v -1.121969 -0.142727 -0.446925
v -1.125118 -0.142110 -0.447334
v -1.125118 -0.142925 -0.446925
v -1.128165 -0.141918 -0.447334
v -1.128267 -0.142727 -0.446925
v -1.131164 -0.141346 -0.447334
v -1.131367 -0.142135 -0.446925
v -1.134068 -0.140403 -0.447334
v -1.134368 -0.141160 -0.446925
v -1.136831 -0.139103 -0.447334
v -1.137223 -0.139817 -0.446925
v -1.139408 -0.137467 -0.447334
v -1.139887 -0.138126 -0.446925
v -1.141761 -0.135521 -0.447334
v -1.142319 -0.136115 -0.446925
v -1.143851 -0.133295 -0.447334
v -1.144479 -0.133814 -0.446925
v -1.145646 -0.130825 -0.447334
v -1.146333 -0.131261 -0.446925
v -1.147116 -0.128149 -0.447334
v -1.147854 -0.128496 -0.446925
v -1.148240 -0.125311 -0.447334
v -1.149015 -0.125562 -0.446925
v -1.149000 -0.122353 -0.447334
v -1.149800 -0.122506 -0.446925
v -1.149382 -0.119324 -0.447334
v -1.150195 -0.119375 -0.446925
v -1.149382 -0.116271 -0.447334
v -1.150195 -0.116220 -0.446925
v -1.149000 -0.113242 -0.447334
v -1.149800 -0.113089 -0.446925
v -1.148240 -0.110285 -0.447334
v -1.149015 -0.110033 -0.446925
v -1.147116 -0.107446 -0.447334
v -1.147854 -0.107099 -0.446925
v -1.145646 -0.104770 -0.447334
v -1.146333 -0.104334 -0.446925
v -1.143851 -0.102300 -0.447334
v -1.144479 -0.101781 -0.446925
v -1.141761 -0.100075 -0.447334
v -1.142318 -0.099481 -0.446925
v -1.139408 -0.098129 -0.447334
v -1.139887 -0.097469 -0.446925
v -1.136831 -0.096493 -0.447334
v -1.137223 -0.095779 -0.446925
v -1.134068 -0.095193 -0.447334
v -1.134368 -0.094435 -0.446925
v -1.131164 -0.094249 -0.447334
v -1.131367 -0.093460 -0.446925
v -1.128165 -0.093677 -0.447334
v -1.131367 -0.093460 -0.445888
v -1.134368 -0.094435 -0.445888
v -1.137223 -0.095779 -0.445888
v -1.139887 -0.097469 -0.445888
v -1.142318 -0.099481 -0.445888
v -1.144479 -0.101781 -0.445888
v -1.146333 -0.104334 -0.445888
v -1.147854 -0.107099 -0.445888
v -1.149015 -0.110033 -0.445888
v -1.149800 -0.113089 -0.445888
v -1.150195 -0.116220 -0.445888
v -1.150195 -0.119375 -0.445888
v -1.149800 -0.122506 -0.445888
v -1.149015 -0.125562 -0.445888
v -1.147854 -0.128496 -0.445888
v -1.146333 -0.131261 -0.445888
v -1.144479 -0.133814 -0.445888
v -1.142319 -0.136115 -0.445888
v -1.139887 -0.138126 -0.445888
v -1.137223 -0.139817 -0.445888
v -1.134368 -0.141160 -0.445888
v -1.131367 -0.142135 -0.445888
v -1.128267 -0.142727 -0.445888
v -1.125118 -0.142925 -0.445888
v -1.121969 -0.142727 -0.445888
v -1.118869 -0.142135 -0.445888
v -1.115868 -0.141160 -0.445888
v -1.113013 -0.139817 -0.445888
v -1.110349 -0.138126 -0.445888
v -1.107917 -0.136115 -0.445888
v -1.105757 -0.133814 -0.445888
v -1.103902 -0.131261 -0.445888
v -1.102382 -0.128496 -0.445888
v -1.101221 -0.125562 -0.445888
v -1.100436 -0.122506 -0.445888
v -1.100040 -0.119375 -0.445888
v -1.100040 -0.116220 -0.445888
v -1.100436 -0.113089 -0.445888
v -1.101221 -0.110033 -0.445888
v -1.102382 -0.107099 -0.445888
v -1.103902 -0.104334 -0.445888
v -1.105757 -0.101781 -0.445888
v -1.107917 -0.099481 -0.445888
v -1.110349 -0.097469 -0.445888
v -1.113013 -0.095779 -0.445888
v -1.115868 -0.094435 -0.445888
v -1.118869 -0.093460 -0.445888
v -1.127322 -0.126560 -0.445888
v -1.127322 -0.126560 -0.446095
v -1.127322 -0.126560 -0.447334
v -1.127322 -0.109494 -0.445888
v -1.127322 -0.109494 -0.446095
v -1.127322 -0.109494 -0.447334
v -1.123452 -0.109494 -0.445888
v -1.123452 -0.109494 -0.446095
v -1.123452 -0.109494 -0.447334
v -1.123452 -0.126560 -0.445888
v -1.123452 -0.126560 -0.446095
v -1.123452 -0.126560 -0.447334
v -1.125118 0.033422 -0.444480
v -1.125118 0.033422 -0.430642
v -1.129333 0.033156 -0.430642
v -1.133481 0.032365 -0.444480
v -1.137497 0.031060 -0.444480
v -1.137497 0.031060 -0.430642
v -1.141319 0.029262 -0.444480
v -1.141319 0.029262 -0.430642
v -1.144884 0.026999 -0.444480
v -1.144884 0.026999 -0.430642
v -1.148138 0.024308 -0.444480
v -1.148138 0.024308 -0.430642
v -1.151029 0.021229 -0.430642
v -1.153511 0.017813 -0.444480
v -1.155545 0.014112 -0.444480
v -1.157100 0.010186 -0.444480
v -1.157100 0.010186 -0.430642
v -1.158150 0.006095 -0.444480
v -1.158150 -0.006507 -0.430642
v -1.157100 -0.010597 -0.444480
v -1.157100 -0.010597 -0.430642
v -1.153511 -0.018224 -0.444480
v -1.153511 -0.018224 -0.430642
v -1.151029 -0.021641 -0.444480
v -1.151029 -0.021641 -0.430642
v -1.148138 -0.024719 -0.444480
v -1.144884 -0.027411 -0.430642
v -1.141319 -0.029674 -0.444481
v -1.141319 -0.029674 -0.430642
v -1.137497 -0.031472 -0.444481
v -1.137497 -0.031472 -0.430642
v -1.133481 -0.032777 -0.444481
v -1.133481 -0.032777 -0.430642
v -1.129333 -0.033568 -0.430642
v -1.125118 -0.033834 -0.444481
v -1.125118 -0.033834 -0.430642
v -1.120904 -0.033568 -0.430642
v -1.116755 -0.032777 -0.444481
v -1.116755 -0.032777 -0.430642
v -1.112739 -0.031472 -0.444481
v -1.112739 -0.031472 -0.430642
v -1.108918 -0.029674 -0.444481
v -1.105353 -0.027411 -0.444481
v -1.102099 -0.024719 -0.444481
v -1.102099 -0.024719 -0.430642
v -1.099208 -0.021641 -0.444481
v -1.099208 -0.021641 -0.430642
v -1.096726 -0.018224 -0.444481
v -1.096726 -0.018224 -0.430642
v -1.094691 -0.014524 -0.430642
v -1.093137 -0.010597 -0.444481
v -1.092086 -0.006507 -0.444481
v -1.092086 -0.006507 -0.430642
v -1.091557 -0.002317 -0.444481
v -1.091557 0.001906 -0.444481
v -1.091557 0.001906 -0.430642
v -1.093137 0.010186 -0.444481
v -1.093137 0.010186 -0.430642
v -1.094691 0.014112 -0.444481
v -1.094691 0.014112 -0.430642
v -1.096726 0.017813 -0.444481
v -1.096726 0.017813 -0.430642
v -1.099208 0.021229 -0.444481
v -1.102099 0.024308 -0.444480
v -1.102099 0.024308 -0.430642
v -1.105353 0.026999 -0.444480
v -1.108918 0.029262 -0.430642
v -1.112739 0.031060 -0.444480
v -1.112739 0.031060 -0.430642
v -1.116755 0.032365 -0.444480
v -1.116755 0.032365 -0.430642
v -1.129333 0.033156 -0.444480
v -1.120903 0.033156 -0.444480
v -1.125993 0.030384 -0.445886
v -1.126124 0.028817 -0.446095
v -1.129920 0.030139 -0.445885
v -1.122066 0.030135 -0.445886
v -1.118202 0.029396 -0.445887
v -1.122379 0.028582 -0.446095
v -1.118693 0.027879 -0.446095
v -1.115124 0.026719 -0.446095
v -1.114460 0.028179 -0.445888
v -1.111728 0.025121 -0.446095
v -1.110901 0.026502 -0.445889
v -1.108560 0.023110 -0.446095
v -1.107579 0.024393 -0.445889
v -1.105669 0.020719 -0.446095
v -1.104548 0.021885 -0.445889
v -1.103100 0.017983 -0.446095
v -1.101855 0.019017 -0.445889
v -1.100894 0.014947 -0.446095
v -1.099542 0.015833 -0.445889
v -1.099087 0.011659 -0.446095
v -1.097646 0.012386 -0.445889
v -1.097705 0.008170 -0.446095
v -1.096196 0.008728 -0.445888
v -1.096772 0.004535 -0.446095
v -1.095217 0.004918 -0.445888
v -1.096302 0.000812 -0.446095
v -1.094722 0.001014 -0.445887
v -1.096302 -0.002940 -0.446095
v -1.094720 -0.002921 -0.445886
v -1.096772 -0.006663 -0.446095
v -1.095211 -0.006824 -0.445885
v -1.097705 -0.010298 -0.446095
v -1.096187 -0.010636 -0.445884
v -1.099087 -0.013787 -0.446095
v -1.097634 -0.014296 -0.445883
v -1.100894 -0.017075 -0.446095
v -1.099528 -0.017745 -0.445882
v -1.103100 -0.020111 -0.446095
v -1.101839 -0.020930 -0.445881
v -1.105669 -0.022847 -0.446095
v -1.104532 -0.023800 -0.445880
v -1.108560 -0.025239 -0.446095
v -1.107563 -0.026310 -0.445879
v -1.111728 -0.027249 -0.446095
v -1.110885 -0.028420 -0.445878
v -1.115124 -0.028847 -0.446095
v -1.114446 -0.030098 -0.445876
v -1.118693 -0.030007 -0.446095
v -1.118190 -0.031315 -0.445876
v -1.122379 -0.030710 -0.446095
v -1.122057 -0.032054 -0.445875
v -1.126124 -0.030946 -0.446095
v -1.125986 -0.032302 -0.445874
v -1.129869 -0.030710 -0.446095
v -1.129915 -0.032056 -0.445873
v -1.133555 -0.030007 -0.446095
v -1.133784 -0.031318 -0.445873
v -1.137124 -0.028847 -0.446095
v -1.137529 -0.030102 -0.445872
v -1.140519 -0.027249 -0.446095
v -1.141092 -0.028426 -0.445872
v -1.143688 -0.025239 -0.446095
v -1.144417 -0.026316 -0.445872
v -1.146579 -0.022847 -0.446095
v -1.147452 -0.023805 -0.445871
v -1.149148 -0.020111 -0.446095
v -1.150148 -0.020935 -0.445871
v -1.151354 -0.017075 -0.446095
v -1.152462 -0.017748 -0.445871
v -1.153162 -0.013787 -0.446095
v -1.154360 -0.014297 -0.445872
v -1.154543 -0.010298 -0.446095
v -1.155809 -0.010636 -0.445872
v -1.155476 -0.006663 -0.446095
v -1.156788 -0.006821 -0.445872
v -1.155946 -0.002940 -0.446095
v -1.157281 -0.002915 -0.445873
v -1.155946 0.000812 -0.446095
v -1.157280 0.001023 -0.445873
v -1.155476 0.004535 -0.446095
v -1.156786 0.004929 -0.445874
v -1.154543 0.008170 -0.446095
v -1.155806 0.008742 -0.445875
v -1.153162 0.011659 -0.446095
v -1.154356 0.012402 -0.445876
v -1.151354 0.014947 -0.446095
v -1.152458 0.015851 -0.445877
v -1.149148 0.017983 -0.446095
v -1.150144 0.019034 -0.445878
v -1.146579 0.020719 -0.446095
v -1.147448 0.021902 -0.445879
v -1.143688 0.023110 -0.446095
v -1.144414 0.024410 -0.445880
v -1.140519 0.025121 -0.446095
v -1.141091 0.026517 -0.445881
v -1.137124 0.026719 -0.446095
v -1.137529 0.028190 -0.445882
v -1.133555 0.027879 -0.446095
v -1.133786 0.029404 -0.445883
v -1.129869 0.028582 -0.446095
v -1.151028 0.021229 -0.444480
v -1.158679 0.001906 -0.444480
v -1.158679 -0.002317 -0.444480
v -1.158150 -0.006507 -0.444480
v -1.155545 -0.014524 -0.444480
v -1.144884 -0.027411 -0.444480
v -1.129333 -0.033568 -0.444481
v -1.120903 -0.033568 -0.444481
v -1.094691 -0.014524 -0.444481
v -1.092086 0.006095 -0.444481
v -1.108918 0.029262 -0.444480
v -1.120903 0.033156 -0.430642
v -1.105352 0.026999 -0.430642
v -1.099207 0.021229 -0.430642
v -1.092086 0.006095 -0.430642
v -1.091557 -0.002317 -0.430642
v -1.093136 -0.010597 -0.430642
v -1.105352 -0.027411 -0.430642
v -1.108918 -0.029674 -0.430642
v -1.148138 -0.024719 -0.430642
v -1.155545 -0.014524 -0.430642
v -1.158679 -0.002317 -0.430642
v -1.158679 0.001906 -0.430642
v -1.158150 0.006095 -0.430642
v -1.155545 0.014112 -0.430642
v -1.153511 0.017813 -0.430642
v -1.133481 0.032365 -0.430642
v -1.125118 0.024921 -0.445888
v -1.128267 0.024723 -0.445888
v -1.121969 0.024723 -0.445888
v -1.125118 0.024921 -0.446925
v -1.125118 0.024107 -0.447334
v -1.128267 0.024723 -0.446925
v -1.121969 0.024723 -0.446925
v -1.118869 0.024132 -0.446925
v -1.122071 0.023915 -0.447334
v -1.119072 0.023343 -0.447334
v -1.116168 0.022399 -0.447334
v -1.115868 0.023157 -0.446925
v -1.113405 0.021099 -0.447334
v -1.113013 0.021813 -0.446925
v -1.110827 0.019463 -0.447334
v -1.110348 0.020122 -0.446925
v -1.108475 0.017517 -0.447334
v -1.107917 0.018111 -0.446925
v -1.106385 0.015292 -0.447334
v -1.105757 0.015811 -0.446925
v -1.104590 0.012821 -0.447334
v -1.103902 0.013258 -0.446925
v -1.103119 0.010146 -0.447334
v -1.102382 0.010493 -0.446925
v -1.101995 0.007307 -0.447334
v -1.101221 0.007559 -0.446925
v -1.101236 0.004350 -0.447334
v -1.100436 0.004502 -0.446925
v -1.100853 0.001321 -0.447334
v -1.100040 0.001372 -0.446925
v -1.100853 -0.001732 -0.447334
v -1.100040 -0.001784 -0.446925
v -1.101236 -0.004762 -0.447334
v -1.100436 -0.004914 -0.446925
v -1.101995 -0.007719 -0.447334
v -1.101221 -0.007971 -0.446925
v -1.103119 -0.010558 -0.447334
v -1.102382 -0.010904 -0.446925
v -1.104590 -0.013233 -0.447334
v -1.103902 -0.013670 -0.446925
v -1.106385 -0.015703 -0.447334
v -1.105757 -0.016222 -0.446925
v -1.108475 -0.017929 -0.447334
v -1.107917 -0.018523 -0.446925
v -1.110827 -0.019875 -0.447334
v -1.110348 -0.020534 -0.446925
v -1.113405 -0.021511 -0.447334
v -1.113013 -0.022225 -0.446925
v -1.116168 -0.022811 -0.447334
v -1.115868 -0.023569 -0.446925
v -1.119072 -0.023754 -0.447334
v -1.118869 -0.024544 -0.446925
v -1.122071 -0.024327 -0.447334
v -1.121969 -0.025135 -0.446925
v -1.125118 -0.024518 -0.447334
v -1.125118 -0.025333 -0.446925
v -1.128165 -0.024327 -0.447334
v -1.128267 -0.025135 -0.446925
v -1.131164 -0.023754 -0.447334
v -1.131367 -0.024544 -0.446925
v -1.134068 -0.022811 -0.447334
v -1.134368 -0.023569 -0.446925
v -1.136831 -0.021511 -0.447334
v -1.137223 -0.022225 -0.446925
v -1.139408 -0.019875 -0.447334
v -1.139887 -0.020534 -0.446925
v -1.141761 -0.017929 -0.447334
v -1.142318 -0.018523 -0.446925
v -1.143851 -0.015703 -0.447334
v -1.144479 -0.016223 -0.446925
v -1.145646 -0.013233 -0.447334
v -1.146333 -0.013670 -0.446925
v -1.147116 -0.010558 -0.447334
v -1.147854 -0.010904 -0.446925
v -1.148240 -0.007719 -0.447334
v -1.149015 -0.007971 -0.446925
v -1.149000 -0.004762 -0.447334
v -1.149800 -0.004914 -0.446925
v -1.149382 -0.001732 -0.447334
v -1.150195 -0.001784 -0.446925
v -1.149382 0.001321 -0.447334
v -1.150195 0.001372 -0.446925
v -1.149000 0.004350 -0.447334
v -1.149800 0.004502 -0.446925
v -1.148240 0.007307 -0.447334
v -1.149015 0.007559 -0.446925
v -1.147116 0.010146 -0.447334
v -1.147854 0.010493 -0.446925
v -1.145646 0.012821 -0.447334
v -1.146333 0.013258 -0.446925
v -1.143851 0.015292 -0.447334
v -1.144479 0.015811 -0.446925
v -1.141761 0.017517 -0.447334
v -1.142318 0.018111 -0.446925
v -1.139408 0.019463 -0.447334
v -1.139887 0.020122 -0.446925
v -1.136831 0.021099 -0.447334
v -1.137223 0.021813 -0.446925
v -1.134068 0.022399 -0.447334
v -1.134368 0.023157 -0.446925
v -1.131164 0.023343 -0.447334
v -1.131367 0.024132 -0.446925
v -1.128165 0.023915 -0.447334
v -1.131367 0.024132 -0.445888
v -1.134368 0.023157 -0.445888
v -1.137223 0.021813 -0.445888
v -1.139887 0.020122 -0.445888
v -1.142318 0.018111 -0.445888
v -1.144479 0.015811 -0.445888
v -1.146333 0.013258 -0.445888
v -1.147854 0.010493 -0.445888
v -1.149015 0.007559 -0.445888
v -1.149800 0.004502 -0.445888
v -1.150195 0.001372 -0.445888
v -1.150195 -0.001784 -0.445888
v -1.149800 -0.004914 -0.445888
v -1.149015 -0.007971 -0.445888
v -1.147854 -0.010904 -0.445888
v -1.146333 -0.013670 -0.445888
v -1.144479 -0.016223 -0.445888
v -1.142318 -0.018523 -0.445888
v -1.139887 -0.020534 -0.445888
v -1.137223 -0.022225 -0.445888
v -1.134368 -0.023569 -0.445888
v -1.131367 -0.024544 -0.445888
v -1.128267 -0.025135 -0.445888
v -1.125118 -0.025333 -0.445888
v -1.121969 -0.025135 -0.445888
v -1.118869 -0.024544 -0.445888
v -1.115868 -0.023569 -0.445888
v -1.113013 -0.022225 -0.445888
v -1.110348 -0.020534 -0.445888
v -1.107917 -0.018523 -0.445888
v -1.105757 -0.016222 -0.445888
v -1.103902 -0.013670 -0.445888
v -1.102382 -0.010904 -0.445888
v -1.101221 -0.007971 -0.445888
v -1.100436 -0.004914 -0.445888
v -1.100040 -0.001784 -0.445888
v -1.100040 0.001372 -0.445888
v -1.100436 0.004502 -0.445888
v -1.101221 0.007559 -0.445888
v -1.102382 0.010493 -0.445888
v -1.103902 0.013258 -0.445888
v -1.105757 0.015811 -0.445888
v -1.107917 0.018111 -0.445888
v -1.110348 0.020122 -0.445888
v -1.113013 0.021813 -0.445888
v -1.115868 0.023157 -0.445888
v -1.118869 0.024132 -0.445888
v -1.111000 -0.000206 -0.446925
v -1.111112 0.001564 -0.446925
v -1.111112 -0.001975 -0.446925
v -1.111000 -0.000206 -0.487741
v -1.111112 0.001564 -0.487853
v -1.111112 -0.001975 -0.487853
v -1.090230 -0.000206 -0.487741
v -1.090230 0.001564 -0.487853
v -1.090230 -0.001975 -0.487853
v -1.090230 -0.000206 -0.490565
v -1.090230 0.001210 -0.490654
v -1.090230 -0.001621 -0.490654
v -1.088086 -0.000206 -0.490565
v -1.088086 0.001210 -0.490654
v -1.088086 -0.001621 -0.490654
v -1.088086 -0.000206 -0.487744
v -1.088086 0.001563 -0.487855
v -1.088086 -0.001975 -0.487855
v -0.987473 -0.000206 -0.487744
v -0.987473 0.001563 -0.487855
v -0.987473 -0.001975 -0.487855
v -0.987474 -0.000206 -0.490485
v -0.987474 0.001220 -0.490574
v -0.987474 -0.001631 -0.490574
v -0.985467 -0.000206 -0.490485
v -0.985467 0.001220 -0.490574
v -0.985467 -0.001631 -0.490574
v -0.985466 -0.000206 -0.487802
v -0.985466 0.001556 -0.487913
v -0.985466 -0.001968 -0.487913
v -0.976154 -0.000206 -0.487802
v -0.974536 -0.000206 -0.488150
v -0.976154 0.001556 -0.487913
v -0.976154 -0.001968 -0.487913
v -0.974536 -0.001140 -0.488209
v -0.976154 -0.003702 -0.488244
v -0.974536 -0.002447 -0.488458
v -0.976154 -0.005381 -0.488789
v -0.985466 -0.003702 -0.488244
v -0.985466 -0.005381 -0.488789
v -0.985467 -0.003035 -0.490842
v -0.985467 -0.004393 -0.491283
v -0.987474 -0.003035 -0.490842
v -0.987474 -0.004393 -0.491283
v -0.987473 -0.003716 -0.488187
v -0.987473 -0.005402 -0.488735
v -1.088086 -0.003716 -0.488187
v -1.088086 -0.005402 -0.488735
v -1.088086 -0.003015 -0.490920
v -1.088086 -0.004364 -0.491358
v -1.090230 -0.003015 -0.490920
v -1.090230 -0.004364 -0.491358
v -1.090230 -0.003717 -0.488185
v -1.090230 -0.005403 -0.488733
v -1.111444 -0.003717 -0.488185
v -1.111992 -0.005403 -0.488733
v -1.111444 -0.003717 -0.446925
v -1.111992 -0.005403 -0.446925
v -1.112747 -0.007007 -0.446925
v -1.113697 -0.008504 -0.446925
v -1.112747 -0.007007 -0.489488
v -1.113697 -0.008504 -0.490438
v -1.090230 -0.007007 -0.489488
v -1.090230 -0.008504 -0.490438
v -1.090230 -0.005647 -0.491962
v -1.090230 -0.006844 -0.492722
v -1.088086 -0.005647 -0.491962
v -1.088086 -0.006844 -0.492722
v -1.088086 -0.007006 -0.489490
v -1.088086 -0.008503 -0.490440
v -0.987473 -0.007006 -0.489490
v -0.987473 -0.008503 -0.490440
v -0.987474 -0.005686 -0.491892
v -0.987474 -0.006892 -0.492657
v -0.985467 -0.005686 -0.491892
v -0.985467 -0.006892 -0.492657
v -0.985466 -0.006978 -0.489541
v -0.985466 -0.008468 -0.490487
v -0.976154 -0.006978 -0.489541
v -0.974536 -0.005463 -0.489659
v -0.976154 -0.008468 -0.490487
v -0.974536 -0.006911 -0.490578
v -0.976154 -0.009829 -0.491612
v -0.974536 -0.008247 -0.491684
v -0.976154 -0.011037 -0.492899
v -0.985466 -0.009829 -0.491612
v -0.985466 -0.011037 -0.492899
v -0.985467 -0.007992 -0.493567
v -0.985467 -0.008970 -0.494609
v -0.987474 -0.007992 -0.493567
v -0.987474 -0.008970 -0.494609
v -0.987473 -0.009868 -0.491569
v -0.987473 -0.011082 -0.492862
v -1.088086 -0.009868 -0.491569
v -1.088086 -0.011082 -0.492862
v -1.088086 -0.007937 -0.493626
v -1.088086 -0.008908 -0.494660
v -1.090230 -0.007937 -0.493626
v -1.090230 -0.008908 -0.494660
v -1.090230 -0.009870 -0.491568
v -1.090230 -0.011084 -0.492860
v -1.114827 -0.009870 -0.491568
v -1.116119 -0.011084 -0.492860
v -1.114827 -0.009870 -0.446925
v -1.116119 -0.011084 -0.446925
v -1.117553 -0.012126 -0.446925
v -1.119107 -0.012980 -0.446925
v -1.117553 -0.012126 -0.494294
v -1.119107 -0.012980 -0.495848
v -1.090230 -0.012126 -0.494294
v -1.090230 -0.012980 -0.495848
v -1.090230 -0.009742 -0.495807
v -1.090230 -0.010425 -0.497050
v -1.088086 -0.009742 -0.495807
v -1.088086 -0.010425 -0.497050
v -1.088086 -0.012124 -0.494296
v -1.088086 -0.012978 -0.495849
v -0.987473 -0.012124 -0.494296
v -0.987473 -0.012978 -0.495849
v -0.987474 -0.009810 -0.495764
v -0.987474 -0.010498 -0.497016
v -0.985467 -0.009810 -0.495764
v -0.985467 -0.010498 -0.497016
v -0.985466 -0.012075 -0.494327
v -0.985466 -0.012925 -0.495874
v -0.976154 -0.012075 -0.494327
v -0.974536 -0.010470 -0.494370
v -0.976154 -0.012925 -0.495874
v -0.974536 -0.011314 -0.495906
v -0.976154 -0.013575 -0.497515
v -0.974536 -0.011960 -0.497537
v -0.976154 -0.014014 -0.499225
v -0.985466 -0.013575 -0.497515
v -0.985466 -0.014014 -0.499225
v -0.985467 -0.011024 -0.498344
v -0.985467 -0.011379 -0.499728
v -0.987474 -0.011024 -0.498344
v -0.987474 -0.011379 -0.499728
v -0.987473 -0.013630 -0.497497
v -0.987473 -0.014071 -0.499214
v -1.088086 -0.013630 -0.497497
v -1.088086 -0.014071 -0.499214
v -1.088086 -0.010947 -0.498369
v -1.088086 -0.011300 -0.499743
v -1.090230 -0.010947 -0.498369
v -1.090230 -0.011300 -0.499743
v -1.090230 -0.013633 -0.497496
v -1.090230 -0.014074 -0.499214
v -1.120755 -0.013633 -0.497496
v -1.122473 -0.014074 -0.499214
v -1.120755 -0.013633 -0.446925
v -1.122473 -0.014074 -0.446925
v -1.124232 -0.014296 -0.446925
v -1.126005 -0.014296 -0.446925
v -1.124232 -0.014296 -0.500973
v -1.126005 -0.014296 -0.502745
v -1.090230 -0.014296 -0.500973
v -1.090230 -0.014296 -0.502745
v -1.090230 -0.011478 -0.501150
v -1.090230 -0.011478 -0.502568
v -1.088086 -0.011478 -0.501150
v -1.088086 -0.011478 -0.502568
v -1.088086 -0.014293 -0.500973
v -1.088086 -0.014293 -0.502745
v -0.987473 -0.014293 -0.500973
v -0.987473 -0.014293 -0.502745
v -0.987474 -0.011558 -0.501145
v -0.987474 -0.011558 -0.502573
v -0.985467 -0.011558 -0.501145
v -0.985467 -0.011558 -0.502573
v -0.985466 -0.014235 -0.500976
v -0.985466 -0.014235 -0.502742
v -0.976154 -0.014235 -0.500976
v -0.974536 -0.012617 -0.500981
v -0.976154 -0.014235 -0.502742
v -0.974536 -0.012617 -0.502737
v -0.976154 -0.014014 -0.504493
v -0.974536 -0.012396 -0.504480
v -0.976154 -0.013575 -0.506203
v -0.985466 -0.014014 -0.504493
v -0.985466 -0.013575 -0.506203
v -0.985467 -0.011379 -0.503990
v -0.985467 -0.011024 -0.505374
v -0.987474 -0.011379 -0.503990
v -0.987474 -0.011024 -0.505374
v -0.987473 -0.014071 -0.504504
v -0.987473 -0.013630 -0.506221
v -1.088086 -0.014071 -0.504504
v -1.088086 -0.013630 -0.506221
v -1.088086 -0.011300 -0.503975
v -1.088086 -0.010947 -0.505349
v -1.090230 -0.011300 -0.503975
v -1.090230 -0.010947 -0.505349
v -1.090230 -0.014074 -0.504504
v -1.090230 -0.013633 -0.506222
v -1.127764 -0.014074 -0.504504
v -1.129481 -0.013633 -0.506222
v -1.127764 -0.014074 -0.446925
v -1.129481 -0.013633 -0.446925
v -1.131129 -0.012980 -0.446925
v -1.132683 -0.012126 -0.446925
v -1.131129 -0.012980 -0.507870
v -1.132683 -0.012126 -0.509424
v -1.090230 -0.012980 -0.507870
v -1.090230 -0.012126 -0.509424
v -1.090230 -0.010425 -0.506668
v -1.090230 -0.009742 -0.507911
v -1.088086 -0.010425 -0.506668
v -1.088086 -0.009742 -0.507911
v -1.088086 -0.012978 -0.507869
v -1.088086 -0.012124 -0.509422
v -0.987473 -0.012978 -0.507869
v -0.987473 -0.012124 -0.509422
v -0.987474 -0.010498 -0.506702
v -0.987474 -0.009810 -0.507954
v -0.985467 -0.010498 -0.506702
v -0.985467 -0.009810 -0.507954
v -0.985466 -0.012925 -0.507844
v -0.985466 -0.012075 -0.509391
v -0.976154 -0.012925 -0.507844
v -0.974536 -0.011314 -0.507812
v -0.976154 -0.012075 -0.509391
v -0.974536 -0.010469 -0.509348
v -0.976154 -0.011037 -0.510819
v -0.974536 -0.009441 -0.510763
v -0.976154 -0.009829 -0.512106
v -0.985466 -0.011037 -0.510819
v -0.985466 -0.009829 -0.512106
v -0.985467 -0.008970 -0.509109
v -0.985467 -0.007992 -0.510150
v -0.987474 -0.008970 -0.509109
v -0.987474 -0.007992 -0.510150
v -0.987473 -0.011082 -0.510856
v -0.987473 -0.009868 -0.512148
v -1.088086 -0.011082 -0.510856
v -1.088086 -0.009868 -0.512148
v -1.088086 -0.008908 -0.509058
v -1.088086 -0.007937 -0.510092
v -1.090230 -0.008908 -0.509058
v -1.090230 -0.007937 -0.510092
v -1.090230 -0.011084 -0.510858
v -1.090230 -0.009870 -0.512150
v -1.134117 -0.011084 -0.510858
v -1.135410 -0.009870 -0.512150
v -1.134117 -0.011084 -0.446925
v -1.135410 -0.009870 -0.446925
v -1.136540 -0.008504 -0.446925
v -1.137490 -0.007007 -0.446925
v -1.136540 -0.008504 -0.513281
v -1.137490 -0.007007 -0.514230
v -1.090230 -0.008504 -0.513280
v -1.090230 -0.007007 -0.514230
v -1.090230 -0.006844 -0.510996
v -1.090230 -0.005647 -0.511756
v -1.088086 -0.006844 -0.510996
v -1.088086 -0.005647 -0.511756
v -1.088086 -0.008503 -0.513278
v -1.088086 -0.007006 -0.514228
v -0.987473 -0.008503 -0.513278
v -0.987473 -0.007006 -0.514228
v -0.987474 -0.006892 -0.511061
v -0.987474 -0.005686 -0.511826
v -0.985467 -0.006892 -0.511061
v -0.985467 -0.005686 -0.511826
v -0.985466 -0.008468 -0.513231
v -0.985466 -0.006978 -0.514177
v -0.976154 -0.008468 -0.513231
v -0.974536 -0.006911 -0.513140
v -0.976154 -0.006978 -0.514177
v -0.974536 -0.005463 -0.514059
v -0.976154 -0.005381 -0.514929
v -0.974536 -0.003947 -0.514772
v -0.976154 -0.003702 -0.515474
v -0.985466 -0.005381 -0.514929
v -0.985466 -0.003702 -0.515474
v -0.985467 -0.004393 -0.512435
v -0.985467 -0.003035 -0.512876
v -0.987474 -0.004393 -0.512435
v -0.987474 -0.003035 -0.512876
v -0.987473 -0.005402 -0.514983
v -0.987473 -0.003716 -0.515531
v -1.088086 -0.005402 -0.514983
v -1.088086 -0.003716 -0.515531
v -1.088086 -0.004364 -0.512360
v -1.088086 -0.003015 -0.512798
v -1.090230 -0.004364 -0.512360
v -1.090230 -0.003015 -0.512798
v -1.090230 -0.005403 -0.514985
v -1.090230 -0.003717 -0.515533
v -1.138244 -0.005403 -0.514985
v -1.138792 -0.003717 -0.515533
v -1.138244 -0.005403 -0.446925
v -1.138792 -0.003717 -0.446925
v -1.139125 -0.001975 -0.446925
v -1.139236 -0.000206 -0.446925
v -1.139125 -0.001975 -0.515865
v -1.139236 -0.000206 -0.515977
v -1.090230 -0.001975 -0.515865
v -1.090230 -0.000206 -0.515977
v -1.090230 -0.001621 -0.513064
v -1.090230 -0.000206 -0.513153
v -1.088086 -0.001621 -0.513064
v -1.088086 -0.000206 -0.513153
v -1.088086 -0.001975 -0.515863
v -1.088086 -0.000206 -0.515974
v -0.987473 -0.001975 -0.515863
v -0.987473 -0.000206 -0.515974
v -0.987474 -0.001631 -0.513144
v -0.987474 -0.000206 -0.513233
v -0.985467 -0.001631 -0.513144
v -0.985467 -0.000206 -0.513233
v -0.985466 -0.001968 -0.515805
v -0.985466 -0.000206 -0.515916
v -0.976154 -0.001968 -0.515805
v -0.974536 -0.001140 -0.515509
v -0.976154 -0.000206 -0.515916
v -0.974536 -0.000206 -0.515568
v -0.976154 0.001556 -0.515805
v -0.974536 0.000728 -0.515509
v -0.976154 0.003290 -0.515474
v -0.985466 0.001556 -0.515805
v -0.985466 0.003290 -0.515474
v -0.985467 0.001220 -0.513144
v -0.985467 0.002623 -0.512876
v -0.987474 0.001220 -0.513144
v -0.987474 0.002623 -0.512876
v -0.987473 0.001563 -0.515863
v -0.987473 0.003304 -0.515531
v -1.088086 0.001563 -0.515863
v -1.088086 0.003304 -0.515531
v -1.088086 0.001210 -0.513064
v -1.088086 0.002603 -0.512798
v -1.090230 0.001210 -0.513064
v -1.090230 0.002603 -0.512798
v -1.090230 0.001564 -0.515865
v -1.090230 0.003305 -0.515533
v -1.139125 0.001564 -0.515865
v -1.138792 0.003305 -0.515533
v -1.139125 0.001564 -0.446925
v -1.138792 0.003305 -0.446925
v -1.138244 0.004991 -0.446925
v -1.137490 0.006595 -0.446925
v -1.138244 0.004991 -0.514985
v -1.137490 0.006595 -0.514230
v -1.090230 0.004991 -0.514985
v -1.090230 0.006595 -0.514230
v -1.090230 0.003952 -0.512360
v -1.090230 0.005235 -0.511756
v -1.088086 0.003952 -0.512360
v -1.088086 0.005235 -0.511756
v -1.088086 0.004990 -0.514983
v -1.088086 0.006594 -0.514228
v -0.987473 0.004990 -0.514983
v -0.987473 0.006594 -0.514228
v -0.987474 0.003981 -0.512435
v -0.987474 0.005274 -0.511826
v -0.985467 0.003981 -0.512435
v -0.985467 0.005274 -0.511826
v -0.985466 0.004969 -0.514929
v -0.985466 0.006566 -0.514177
v -0.976154 0.004969 -0.514929
v -0.974536 0.003535 -0.514772
v -0.976154 0.006566 -0.514177
v -0.974536 0.005051 -0.514059
v -0.976154 0.008057 -0.513231
v -0.974536 0.006500 -0.513140
v -0.976154 0.009417 -0.512106
v -0.985466 0.008057 -0.513231
v -0.985466 0.009417 -0.512106
v -0.985467 0.006480 -0.511061
v -0.985467 0.007580 -0.510150
v -0.987474 0.006480 -0.511061
v -0.987474 0.007580 -0.510150
v -0.987473 0.008091 -0.513278
v -0.987473 0.009457 -0.512148
v -1.088086 0.008091 -0.513278
v -1.088086 0.009457 -0.512148
v -1.088086 0.006433 -0.510996
v -1.088086 0.007525 -0.510092
v -1.090230 0.006433 -0.510996
v -1.090230 0.007525 -0.510092
v -1.090230 0.008092 -0.513280
v -1.090230 0.009458 -0.512150
v -1.136540 0.008092 -0.513281
v -1.135410 0.009458 -0.512150
v -1.136540 0.008092 -0.446925
v -1.135410 0.009458 -0.446925
v -1.134117 0.010672 -0.446925
v -1.132683 0.011714 -0.446925
v -1.134117 0.010672 -0.510858
v -1.132683 0.011714 -0.509424
v -1.090230 0.010672 -0.510858
v -1.090230 0.011714 -0.509424
v -1.090230 0.008496 -0.509058
v -1.090230 0.009330 -0.507911
v -1.088086 0.008496 -0.509058
v -1.088086 0.009330 -0.507911
v -1.088086 0.010670 -0.510856
v -1.088086 0.011712 -0.509422
v -0.987473 0.010670 -0.510856
v -0.987473 0.011712 -0.509422
v -0.987474 0.008558 -0.509109
v -0.987474 0.009398 -0.507954
v -0.985467 0.008558 -0.509109
v -0.985467 0.009398 -0.507954
v -0.985466 0.010625 -0.510819
v -0.985466 0.011663 -0.509391
v -0.976154 0.010625 -0.510819
v -0.974536 0.009029 -0.510763
v -0.976154 0.011663 -0.509391
v -0.974536 0.010058 -0.509348
v -0.976154 0.012513 -0.507844
v -0.974536 0.010902 -0.507812
v -0.976154 0.013163 -0.506203
v -0.985466 0.012513 -0.507844
v -0.985466 0.013163 -0.506203
v -0.985467 0.010086 -0.506702
v -0.985467 0.010612 -0.505374
v -0.987474 0.010086 -0.506702
v -0.987474 0.010612 -0.505374
v -0.987473 0.012566 -0.507869
v -0.987473 0.013218 -0.506221
v -1.088086 0.012566 -0.507869
v -1.088086 0.013218 -0.506221
v -1.088086 0.010013 -0.506668
v -1.088086 0.010535 -0.505349
v -1.090230 0.010013 -0.506668
v -1.090230 0.010535 -0.505349
v -1.090230 0.012568 -0.507870
v -1.090230 0.013221 -0.506222
v -1.131129 0.012568 -0.507870
v -1.129481 0.013221 -0.506222
v -1.131129 0.012568 -0.446925
v -1.129481 0.013221 -0.446925
v -1.127764 0.013662 -0.446925
v -1.126005 0.013884 -0.446925
v -1.127764 0.013662 -0.504504
v -1.126005 0.013884 -0.502745
v -1.090230 0.013662 -0.504504
v -1.090230 0.013884 -0.502745
v -1.090230 0.010888 -0.503975
v -1.090230 0.011066 -0.502568
v -1.088086 0.010888 -0.503975
v -1.088086 0.011066 -0.502568
v -1.088086 0.013659 -0.504504
v -1.088086 0.013882 -0.502745
v -0.987473 0.013659 -0.504504
v -0.987473 0.013881 -0.502745
v -0.987474 0.010967 -0.503990
v -0.987474 0.011146 -0.502573
v -0.985467 0.010967 -0.503990
v -0.985467 0.011146 -0.502573
v -0.985466 0.013602 -0.504493
v -0.985466 0.013823 -0.502742
v -0.976154 0.013602 -0.504493
v -0.974536 0.011985 -0.504480
v -0.976154 0.013823 -0.502742
v -0.974536 0.012205 -0.502737
v -0.976154 0.013823 -0.500976
v -0.974536 0.012205 -0.500981
v -0.976154 0.013602 -0.499225
v -0.985466 0.013823 -0.500976
v -0.985466 0.013602 -0.499225
v -0.985467 0.011146 -0.501145
v -0.985467 0.010967 -0.499728
v -0.987474 0.011146 -0.501145
v -0.987474 0.010967 -0.499728
v -0.987473 0.013881 -0.500973
v -0.987473 0.013659 -0.499214
v -1.088086 0.013882 -0.500973
v -1.088086 0.013659 -0.499214
v -1.088086 0.011066 -0.501150
v -1.088086 0.010888 -0.499743
v -1.090230 0.011066 -0.501150
v -1.090230 0.010888 -0.499743
v -1.090230 0.013884 -0.500973
v -1.090230 0.013662 -0.499214
v -1.124232 0.013884 -0.500973
v -1.122473 0.013662 -0.499214
v -1.124232 0.013884 -0.446925
v -1.122473 0.013662 -0.446925
v -1.120755 0.013221 -0.446925
v -1.119107 0.012568 -0.446925
v -1.120755 0.013221 -0.497496
v -1.119107 0.012568 -0.495848
v -1.090230 0.013221 -0.497496
v -1.090230 0.012568 -0.495848
v -1.090230 0.010535 -0.498369
v -1.090230 0.010013 -0.497050
v -1.088086 0.010535 -0.498369
v -1.088086 0.010013 -0.497050
v -1.088086 0.013218 -0.497497
v -1.088086 0.012566 -0.495849
v -0.987473 0.013218 -0.497497
v -0.987473 0.012566 -0.495849
v -0.987474 0.010612 -0.498344
v -0.987474 0.010086 -0.497016
v -0.985467 0.010612 -0.498344
v -0.985467 0.010086 -0.497016
v -0.985466 0.013163 -0.497515
v -0.985466 0.012513 -0.495874
v -0.976154 0.013163 -0.497515
v -0.974536 0.011548 -0.497537
v -0.976154 0.012513 -0.495874
v -0.974536 0.010902 -0.495906
v -0.976154 0.011663 -0.494327
v -0.974536 0.010058 -0.494370
v -0.976154 0.010625 -0.492899
v -0.985466 0.011663 -0.494327
v -0.985466 0.010625 -0.492899
v -0.985467 0.009398 -0.495764
v -0.985467 0.008558 -0.494609
v -0.987474 0.009398 -0.495764
v -0.987474 0.008558 -0.494609
v -0.987473 0.011712 -0.494296
v -0.987473 0.010670 -0.492862
v -1.088086 0.011712 -0.494296
v -1.088086 0.010670 -0.492862
v -1.088086 0.009330 -0.495807
v -1.088086 0.008496 -0.494660
v -1.090230 0.009330 -0.495807
v -1.090230 0.008496 -0.494660
v -1.090230 0.011714 -0.494294
v -1.090230 0.010672 -0.492860
v -1.117553 0.011714 -0.494294
v -1.116119 0.010672 -0.492860
v -1.117553 0.011714 -0.446925
v -1.116119 0.010672 -0.446925
v -1.114827 0.009458 -0.446925
v -1.113697 0.008092 -0.446925
v -1.114827 0.009458 -0.491568
v -1.113697 0.008092 -0.490438
v -1.090230 0.009458 -0.491568
v -1.090230 0.008092 -0.490438
v -1.090230 0.007525 -0.493626
v -1.090230 0.006433 -0.492722
v -1.088086 0.007525 -0.493626
v -1.088086 0.006433 -0.492722
v -1.088086 0.009457 -0.491569
v -1.088086 0.008091 -0.490440
v -0.987473 0.009457 -0.491569
v -0.987473 0.008091 -0.490440
v -0.987474 0.007580 -0.493567
v -0.987474 0.006480 -0.492657
v -0.985467 0.007580 -0.493567
v -0.985467 0.006480 -0.492657
v -0.985466 0.009417 -0.491612
v -0.985466 0.008057 -0.490487
v -0.976154 0.009417 -0.491612
v -0.974536 0.007836 -0.491684
v -0.976154 0.008057 -0.490487
v -0.974536 0.006499 -0.490578
v -0.976154 0.006566 -0.489541
v -0.974536 0.005051 -0.489659
v -0.976154 0.004969 -0.488789
v -0.985466 0.006566 -0.489541
v -0.985466 0.004969 -0.488789
v -0.985467 0.005274 -0.491892
v -0.985467 0.003981 -0.491283
v -0.987474 0.005274 -0.491892
v -0.987474 0.003981 -0.491283
v -0.987473 0.006594 -0.489490
v -0.987473 0.004990 -0.488735
v -1.088086 0.006594 -0.489490
v -1.088086 0.004990 -0.488735
v -1.088086 0.005235 -0.491962
v -1.088086 0.003952 -0.491358
v -1.090230 0.005235 -0.491962
v -1.090230 0.003952 -0.491358
v -1.090230 0.006595 -0.489488
v -1.090230 0.004991 -0.488733
v -1.112747 0.006595 -0.489488
v -1.111992 0.004991 -0.488733
v -1.112747 0.006595 -0.446925
v -1.111992 0.004991 -0.446925
v -1.111444 0.003305 -0.446925
v -1.111444 0.003305 -0.488185
v -1.090230 0.003305 -0.488185
v -1.090230 0.002603 -0.490920
v -1.088086 0.002603 -0.490920
v -1.088086 0.003304 -0.488187
v -0.987473 0.003304 -0.488187
v -0.987474 0.002623 -0.490842
v -0.985467 0.002623 -0.490842
v -0.985466 0.003290 -0.488244
v -0.976154 0.003290 -0.488244
v -0.974536 0.002035 -0.488458
v -0.974536 0.000728 -0.488209
v -0.974536 0.003535 -0.488946
v -0.974536 0.009029 -0.492955
v -0.974536 0.011985 -0.499238
v -0.974536 0.011548 -0.506181
v -0.974536 0.007836 -0.512034
v -0.974536 0.002035 -0.515260
v -0.974536 -0.002447 -0.515260
v -0.974536 -0.008247 -0.512034
v -0.974536 -0.011960 -0.506181
v -0.974536 -0.012396 -0.499238
v -0.974536 -0.009441 -0.492955
v -0.974536 -0.003947 -0.488946
v -0.814832 0.575712 -0.423142
v -0.814832 0.680712 -0.423142
v -0.610832 0.575712 -0.423142
v -0.814832 0.575712 -0.424642
v -0.814832 0.680712 -0.424642
v -0.610832 0.575712 -0.424642
v -0.610832 0.680712 -0.424642
v -0.610832 0.680712 -0.423142
v -0.814832 0.575712 -0.414892
v -0.814832 0.680712 -0.414892
v -0.610832 0.575712 -0.414892
v -0.814832 0.575712 -0.416392
v -0.814832 0.680712 -0.416392
v -0.610832 0.575712 -0.416392
v -0.610832 0.680712 -0.416392
v -0.610832 0.680712 -0.414892
v -0.814832 0.720712 -0.423142
v -0.814832 0.825712 -0.423142
v -0.610832 0.720712 -0.423142
v -0.814832 0.720712 -0.424642
v -0.814832 0.825712 -0.424642
v -0.610832 0.720712 -0.424642
v -0.610832 0.825712 -0.424642
v -0.610832 0.825712 -0.423142
v -0.814832 0.720712 -0.414892
v -0.814832 0.825712 -0.414892
v -0.610832 0.720712 -0.414892
v -0.814832 0.720712 -0.416392
v -0.814832 0.825712 -0.416392
v -0.610832 0.720712 -0.416392
v -0.610832 0.825712 -0.416392
v -0.610832 0.825712 -0.414892
v -1.048832 0.575712 -0.423142
v -1.048832 0.680712 -0.423142
v -0.844832 0.575712 -0.423142
v -1.048832 0.575712 -0.424642
v -1.048832 0.680712 -0.424642
v -0.844832 0.575712 -0.424642
v -0.844832 0.680712 -0.424642
v -0.844832 0.680712 -0.423142
v -1.048832 0.575712 -0.414892
v -1.048832 0.680712 -0.414892
v -0.844832 0.575712 -0.414892
v -1.048832 0.575712 -0.416392
v -1.048832 0.680712 -0.416392
v -0.844832 0.575712 -0.416392
v -0.844832 0.680712 -0.416392
v -0.844832 0.680712 -0.414892
v -1.048832 0.720712 -0.423142
v -1.048832 0.825712 -0.423142
v -0.844832 0.720712 -0.423142
v -1.048832 0.720712 -0.424642
v -1.048832 0.825712 -0.424642
v -0.844832 0.720712 -0.424642
v -0.844832 0.825712 -0.424642
v -0.844832 0.825712 -0.423142
v -1.048832 0.720712 -0.414892
v -1.048832 0.825712 -0.414892
v -0.844832 0.720712 -0.414892
v -1.048832 0.720712 -0.416392
v -1.048832 0.825712 -0.416392
v -0.844832 0.720712 -0.416392
v -0.844832 0.825712 -0.416392
v -0.844832 0.825712 -0.414892
v -0.580832 0.575712 -0.423142
v -0.580832 0.680712 -0.423142
v -0.376832 0.575712 -0.423142
v -0.580832 0.575712 -0.424642
v -0.580832 0.680712 -0.424642
v -0.376832 0.575712 -0.424642
v -0.376832 0.680712 -0.424642
v -0.376832 0.680712 -0.423142
v -0.580832 0.575712 -0.414892
v -0.580832 0.680712 -0.414892
v -0.376832 0.575712 -0.414892
v -0.580832 0.575712 -0.416392
v -0.580832 0.680712 -0.416392
v -0.376832 0.575712 -0.416392
v -0.376832 0.680712 -0.416392
v -0.376832 0.680712 -0.414892
v -0.580832 0.720712 -0.423142
v -0.580832 0.825712 -0.423142
v -0.376832 0.720712 -0.423142
v -0.580832 0.720712 -0.424642
v -0.580832 0.825712 -0.424642
v -0.376832 0.720712 -0.424642
v -0.376832 0.825712 -0.424642
v -0.376832 0.825712 -0.423142
v -0.580832 0.720712 -0.414892
v -0.580832 0.825712 -0.414892
v -0.376832 0.720712 -0.414892
v -0.580832 0.720712 -0.416392
v -0.580832 0.825712 -0.416392
v -0.376832 0.720712 -0.416392
v -0.376832 0.825712 -0.416392
v -0.376832 0.825712 -0.414892
v -1.212832 -0.987498 -0.400642
v -1.212832 1.000000 -0.400642
v -0.212832 -0.987498 -0.400642
v -0.212832 1.000000 -0.400642
v -1.212832 0.575712 -0.400642
v -0.212832 0.575712 -0.400642
v -0.212832 0.825712 -0.400642
v -1.212832 0.825712 -0.400642
v -1.212832 0.416225 -0.400642
v -0.212832 0.416225 -0.400642
v -1.212832 -0.783775 -0.400642
v -0.212832 -0.783775 -0.400642
v -1.048832 -0.987498 -0.400642
v -1.048832 1.000000 -0.400642
v -1.048832 0.575712 -0.430642
v -1.048832 0.575712 -0.400642
v -1.048832 0.825712 -0.400642
v -1.048832 0.825712 -0.430642
v -1.048832 0.416225 -0.430642
v -1.048832 0.416225 -0.400642
v -1.048832 -0.783775 -0.430642
v -1.048832 -0.783775 -0.400642
v -0.888832 -0.987498 -0.400642
v -0.888832 0.575712 -0.430642
v -0.888832 0.825712 -0.430642
v -0.888832 0.416225 -0.430642
v -0.888832 -0.783775 -0.430642
v -0.888832 1.000000 -0.400642
v -0.888832 0.575712 -0.400642
v -0.888832 0.825712 -0.400642
v -0.888832 0.416225 -0.400642
v -0.888832 -0.783775 -0.400642
v -0.792832 -0.987498 -0.400642
v -0.792832 0.575712 -0.430642
v -0.792832 0.825712 -0.430642
v -0.792832 0.416225 -0.430642
v -0.792832 -0.783775 -0.430642
v -0.792832 1.000000 -0.400642
v -0.792832 0.575712 -0.400642
v -0.792832 0.825712 -0.400642
v -0.792832 0.416225 -0.400642
v -0.792832 -0.783775 -0.400642
v -0.632832 -0.987498 -0.400642
v -0.632832 0.575712 -0.430642
v -0.632832 0.825712 -0.430642
v -0.632832 0.416225 -0.430642
v -0.632832 -0.783775 -0.430642
v -0.632832 1.000000 -0.400642
v -0.632832 0.575712 -0.400642
v -0.632832 0.825712 -0.400642
v -0.632832 0.416225 -0.400642
v -0.632832 -0.783775 -0.400642
v -0.536832 -0.987498 -0.400642
v -0.536832 0.575712 -0.430642
v -0.536832 0.825712 -0.430642
v -0.536832 0.416225 -0.430642
v -0.536832 -0.783775 -0.430642
v -0.536832 1.000000 -0.400642
v -0.536832 0.575712 -0.400642
v -0.536832 0.825712 -0.400642
v -0.536832 0.416225 -0.400642
v -0.536832 -0.783775 -0.400642
v -0.376832 -0.987498 -0.400642
v -0.376832 0.575712 -0.430642
v -0.376832 0.825712 -0.430642
v -0.376832 0.416225 -0.430642
v -0.376832 -0.783775 -0.430642
v -0.376832 1.000000 -0.400642
v -0.376832 0.575712 -0.400642
v -0.376832 0.825712 -0.400642
v -0.376832 0.416225 -0.400642
v -0.376832 -0.783775 -0.400642
v -1.036630 -0.771493 -0.426319
v -1.036630 0.403942 -0.426319
v -0.901033 0.403942 -0.426319
v -0.901033 -0.771493 -0.426319
v -0.780630 -0.771493 -0.426319
v -0.780630 0.403942 -0.426319
v -0.645033 0.403942 -0.426319
v -0.645033 -0.771493 -0.426319
v -0.524630 -0.771493 -0.426319
v -0.524630 0.403942 -0.426319
v -0.389033 0.403942 -0.426319
v -0.389033 -0.771493 -0.426319
v -1.036630 -0.771493 -0.422404
v -1.033129 -0.767992 -0.421250
v -1.033129 0.400441 -0.421250
v -1.036630 0.403942 -0.422404
v -0.904534 0.400441 -0.421250
v -0.901033 0.403942 -0.422404
v -0.901033 -0.771493 -0.422404
v -0.904534 -0.767992 -0.421250
v -0.780630 -0.771493 -0.422404
v -0.777129 -0.767992 -0.421250
v -0.777129 0.400441 -0.421250
v -0.780630 0.403942 -0.422404
v -0.648534 0.400441 -0.421250
v -0.645033 0.403942 -0.422404
v -0.645033 -0.771493 -0.422404
v -0.648534 -0.767992 -0.421250
v -0.524630 -0.771493 -0.422404
v -0.521129 -0.767992 -0.421250
v -0.521129 0.400441 -0.421250
v -0.524630 0.403942 -0.422404
v -0.392534 0.400441 -0.421250
v -0.389033 0.403942 -0.422404
v -0.389033 -0.771493 -0.422404
v -0.392534 -0.767992 -0.421250
v -0.580832 0.680712 -0.430642
v -0.376832 0.680712 -0.430642
v -0.580832 0.680712 -0.400642
v -0.376832 0.680712 -0.400642
v -0.580832 0.720712 -0.400642
v -0.580832 0.720712 -0.430642
v -0.376832 0.720712 -0.400642
v -0.376832 0.720712 -0.430642
v -0.376832 0.700712 -0.400642
v -0.376832 0.700712 -0.430642
v -0.580832 0.700712 -0.400642
v -0.580832 0.700712 -0.430642
v -0.814832 0.680712 -0.430642
v -0.610832 0.680712 -0.430642
v -0.814832 0.680712 -0.400642
v -0.610832 0.680712 -0.400642
v -0.814832 0.720712 -0.400642
v -0.814832 0.720712 -0.430642
v -0.610832 0.720712 -0.400642
v -0.610832 0.720712 -0.430642
v -0.610832 0.700712 -0.400642
v -0.610832 0.700712 -0.430642
v -0.814832 0.700712 -0.400642
v -0.814832 0.700712 -0.430642
v -1.048832 0.680712 -0.430642
v -0.844832 0.680712 -0.430642
v -1.048832 0.680712 -0.400642
v -0.844832 0.680712 -0.400642
v -1.048832 0.720712 -0.400642
v -1.048832 0.720712 -0.430642
v -0.844832 0.720712 -0.400642
v -0.844832 0.720712 -0.430642
v -0.844832 0.700712 -0.400642
v -0.844832 0.700712 -0.430642
v -1.048832 0.700712 -0.400642
v -1.048832 0.700712 -0.430642
v -0.580832 0.575712 -0.430642
v -0.580832 0.825712 -0.430642
v -0.580832 0.575712 -0.400642
v -0.580832 0.825712 -0.400642
v -0.610832 0.575712 -0.400642
v -0.610832 0.575712 -0.430642
v -0.610832 0.825712 -0.400642
v -0.610832 0.825712 -0.430642
v -0.600832 0.825712 -0.400642
v -0.600832 0.825712 -0.430642
v -0.600832 0.575712 -0.400642
v -0.600832 0.575712 -0.430642
v -0.814832 0.575712 -0.430642
v -0.814832 0.825712 -0.430642
v -0.814832 0.575712 -0.400642
v -0.814832 0.825712 -0.400642
v -0.844832 0.575712 -0.400642
v -0.844832 0.575712 -0.430642
v -0.844832 0.825712 -0.400642
v -0.844832 0.825712 -0.430642
v -0.824832 0.825712 -0.400642
v -0.824832 0.825712 -0.430642
v -0.824832 0.575712 -0.400642
v -0.824832 0.575712 -0.430642
v -1.206023 -0.980689 -0.430642
v -1.212832 -0.987498 -0.426778
v -1.206023 0.993191 -0.430642
v -1.212832 1.000000 -0.426778
v -0.219640 -0.980689 -0.430642
v -0.212832 -0.987498 -0.426778
v -0.219640 0.993191 -0.430642
v -0.212832 1.000000 -0.426778
v -1.212832 0.575712 -0.426778
v -1.206023 0.575712 -0.430642
v -0.212832 0.575712 -0.426778
v -0.219640 0.575712 -0.430642
v -0.219640 0.825712 -0.430642
v -0.212832 0.825712 -0.426778
v -1.206023 0.825712 -0.430642
v -1.212832 0.825712 -0.426778
v -1.212832 0.416225 -0.426778
v -1.206023 0.416225 -0.430642
v -0.219640 0.416225 -0.430642
v -0.212832 0.416225 -0.426778
v -1.206023 -0.783775 -0.430642
v -1.212832 -0.783775 -0.426778
v -0.219640 -0.783775 -0.430642
v -0.212832 -0.783775 -0.426778
v -1.048832 -0.987498 -0.426778
v -1.048832 -0.980689 -0.430642
v -1.048832 0.993191 -0.430642
v -1.048832 1.000000 -0.426778
v -0.888832 -0.987498 -0.426778
v -0.888832 -0.980689 -0.430642
v -0.888832 0.993191 -0.430642
v -0.888832 1.000000 -0.426778
v -0.792832 -0.987498 -0.426778
v -0.792832 -0.980689 -0.430642
v -0.792832 0.993191 -0.430642
v -0.792832 1.000000 -0.426778
v -0.632832 -0.987498 -0.426778
v -0.632832 -0.980689 -0.430642
v -0.632832 0.993191 -0.430642
v -0.632832 1.000000 -0.426778
v -0.536832 -0.987498 -0.426778
v -0.536832 -0.980689 -0.430642
v -0.536832 0.993191 -0.430642
v -0.536832 1.000000 -0.426778
v -0.376832 -0.980689 -0.430642
v -0.376832 -0.987498 -0.426778
v -0.376832 0.993191 -0.430642
v -0.376832 1.000000 -0.426778
v -0.600832 0.720712 -0.430642
v -0.824832 0.720712 -0.430642
v -0.824832 0.720712 -0.400642
v -0.824832 0.680712 -0.430642
v -0.824832 0.680712 -0.400642
v -0.600832 0.720712 -0.400642
v -0.600832 0.680712 -0.430642
v -0.600832 0.680712 -0.400642
v -1.212832 0.680712 -0.400642
v -1.212832 0.720712 -0.400642
v -1.206023 0.720712 -0.430642
v -1.212832 0.680712 -0.426778
v -1.206023 0.680712 -0.430642
v -1.212832 0.720712 -0.426778
v -0.212832 0.680712 -0.426778
v -0.212832 0.720712 -0.400642
v -0.219640 0.680712 -0.430642
v -0.212832 0.720712 -0.426778
v -0.219640 0.720712 -0.430642
v -0.212832 0.680712 -0.400642
v -0.814832 0.575712 -0.428456
v -0.814832 0.680712 -0.428456
v -0.811252 0.582712 -0.426260
v -0.610832 0.575712 -0.428456
v -0.610832 0.680712 -0.428456
v -0.614412 0.582712 -0.426260
v -0.614412 0.677212 -0.426260
v -0.614412 0.582712 -0.405024
v -0.614412 0.677212 -0.405024
v -0.610832 0.575712 -0.402828
v -0.811252 0.582712 -0.405024
v -0.811252 0.677212 -0.405024
v -0.814832 0.575712 -0.402828
v -0.814832 0.680712 -0.402828
v -0.610832 0.680712 -0.402828
v -0.811252 0.677212 -0.426260
v -0.814832 0.720712 -0.428456
v -0.814832 0.825712 -0.428456
v -0.811252 0.727711 -0.426260
v -0.610832 0.720712 -0.428456
v -0.610832 0.825712 -0.428456
v -0.614412 0.727711 -0.426260
v -0.614412 0.822212 -0.426260
v -0.614412 0.727711 -0.405024
v -0.614412 0.822212 -0.405024
v -0.610832 0.720712 -0.402828
v -0.811252 0.727711 -0.405024
v -0.811252 0.822212 -0.405024
v -0.814832 0.720712 -0.402828
v -0.814832 0.825712 -0.402828
v -0.610832 0.825712 -0.402828
v -0.811252 0.822212 -0.426260
v -1.048832 0.575712 -0.428456
v -1.048832 0.680712 -0.428456
v -1.045252 0.582712 -0.426260
v -0.844832 0.575712 -0.428456
v -0.844832 0.680712 -0.428456
v -0.848412 0.582712 -0.426260
v -0.848412 0.677212 -0.426260
v -0.848412 0.582712 -0.405024
v -0.848412 0.677212 -0.405024
v -0.844832 0.575712 -0.402828
v -1.045252 0.582712 -0.405024
v -1.045252 0.677212 -0.405024
v -1.048832 0.575712 -0.402828
v -1.048832 0.680712 -0.402828
v -0.844832 0.680712 -0.402828
v -1.045252 0.677212 -0.426260
v -1.048832 0.720712 -0.428456
v -1.048832 0.825712 -0.428456
v -1.045252 0.727711 -0.426260
v -0.844832 0.720712 -0.428456
v -0.844832 0.825712 -0.428456
v -0.848412 0.727711 -0.426260
v -0.848412 0.822212 -0.426260
v -0.848412 0.727711 -0.405024
v -0.848412 0.822212 -0.405024
v -0.844832 0.720712 -0.402828
v -1.045252 0.727711 -0.405024
v -1.045252 0.822212 -0.405024
v -1.048832 0.720712 -0.402828
v -1.048832 0.825712 -0.402828
v -0.844832 0.825712 -0.402828
v -1.045252 0.822212 -0.426260
v -0.580832 0.575712 -0.428456
v -0.580832 0.680712 -0.428456
v -0.577252 0.582712 -0.426260
v -0.376832 0.575712 -0.428456
v -0.376832 0.680712 -0.428456
v -0.380412 0.582712 -0.426260
v -0.380412 0.677212 -0.426260
v -0.380412 0.582712 -0.405024
v -0.380412 0.677212 -0.405024
v -0.376832 0.575712 -0.402828
v -0.577252 0.582712 -0.405024
v -0.577252 0.677212 -0.405024
v -0.580832 0.575712 -0.402828
v -0.580832 0.680712 -0.402828
v -0.376832 0.680712 -0.402828
v -0.577252 0.677212 -0.426260
v -0.580832 0.720712 -0.428456
v -0.580832 0.825712 -0.428456
v -0.577252 0.727711 -0.426260
v -0.376832 0.720712 -0.428456
v -0.376832 0.825712 -0.428456
v -0.380412 0.727711 -0.426260
v -0.380412 0.822212 -0.426260
v -0.380412 0.727711 -0.405024
v -0.380412 0.822212 -0.405024
v -0.376832 0.720712 -0.402828
v -0.577252 0.727711 -0.405024
v -0.577252 0.822212 -0.405024
v -0.580832 0.720712 -0.402828
v -0.580832 0.825712 -0.402828
v -0.376832 0.825712 -0.402828
v -0.577252 0.822212 -0.426260
v -1.211398 0.041522 -0.405180
v -1.211398 -0.183014 -0.405180
v -1.211398 0.041522 -0.422239
v -1.211398 -0.183014 -0.422239
v -1.213068 0.041522 -0.405180
v -1.213068 -0.183014 -0.405180
v -1.213068 0.041522 -0.422239
v -1.213068 -0.183014 -0.422239
v -1.213068 0.010869 -0.417606
v -1.213068 -0.008291 -0.417606
v -1.213068 0.010869 -0.409011
v -1.213068 -0.008291 -0.409011
v -1.221525 0.010869 -0.417606
v -1.221525 -0.008291 -0.417606
v -1.212282 -0.089575 -0.417606
v -1.212282 -0.108735 -0.417606
v -1.212282 -0.089575 -0.409011
v -1.212282 -0.108735 -0.409011
v -1.213874 -0.089575 -0.417606
v -1.213874 -0.089575 -0.409011
v -1.213874 -0.108735 -0.417606
v -1.213874 -0.108735 -0.409011
v -1.123452 -0.126560 -0.398292
v -1.123452 -0.109494 -0.398292
v -1.127322 -0.126560 -0.398292
v -1.127322 -0.109494 -0.398292
v -1.125118 -0.084170 -0.387454
v -1.125118 -0.084170 -0.401293
v -1.129333 -0.084435 -0.387454
v -1.129333 -0.084435 -0.401293
v -1.133481 -0.085227 -0.387454
v -1.133481 -0.085227 -0.401293
v -1.137497 -0.086532 -0.387454
v -1.137497 -0.086532 -0.401293
v -1.141319 -0.088330 -0.387454
v -1.141319 -0.088330 -0.401293
v -1.144884 -0.090592 -0.401293
v -1.148138 -0.093284 -0.387454
v -1.148138 -0.093284 -0.401293
v -1.151029 -0.096363 -0.387454
v -1.151029 -0.096363 -0.401293
v -1.153511 -0.099779 -0.387454
v -1.153511 -0.099779 -0.401293
v -1.155545 -0.103480 -0.387454
v -1.155545 -0.103480 -0.401293
v -1.157100 -0.107406 -0.387454
v -1.157100 -0.107406 -0.401293
v -1.158150 -0.111497 -0.401293
v -1.158680 -0.115686 -0.401293
v -1.158680 -0.119909 -0.387454
v -1.158150 -0.124099 -0.387454
v -1.158150 -0.124099 -0.401293
v -1.157100 -0.128189 -0.387454
v -1.157100 -0.128189 -0.401293
v -1.155545 -0.132116 -0.387454
v -1.153511 -0.135816 -0.401293
v -1.151029 -0.139233 -0.387454
v -1.148138 -0.142311 -0.387454
v -1.148138 -0.142311 -0.401293
v -1.144884 -0.145003 -0.387454
v -1.144884 -0.145003 -0.401293
v -1.141319 -0.147266 -0.401293
v -1.137497 -0.149064 -0.387454
v -1.137497 -0.149064 -0.401293
v -1.133481 -0.150369 -0.387454
v -1.133481 -0.150369 -0.401293
v -1.129333 -0.151160 -0.387454
v -1.129333 -0.151160 -0.401293
v -1.125118 -0.151425 -0.401293
v -1.120904 -0.151160 -0.387454
v -1.120904 -0.151160 -0.401293
v -1.116755 -0.150369 -0.387454
v -1.112739 -0.149064 -0.387454
v -1.112739 -0.149064 -0.401293
v -1.108918 -0.147266 -0.387454
v -1.108918 -0.147266 -0.401293
v -1.105353 -0.145003 -0.387454
v -1.105353 -0.145003 -0.401293
v -1.102099 -0.142311 -0.387454
v -1.102099 -0.142311 -0.401293
v -1.099208 -0.139233 -0.387454
v -1.099208 -0.139233 -0.401293
v -1.096726 -0.135816 -0.387454
v -1.094691 -0.132116 -0.387454
v -1.094691 -0.132116 -0.401293
v -1.093137 -0.128189 -0.401293
v -1.092086 -0.124099 -0.387454
v -1.091557 -0.119909 -0.387454
v -1.091557 -0.119909 -0.401293
v -1.091557 -0.115686 -0.401293
v -1.092086 -0.111497 -0.387454
v -1.093137 -0.107406 -0.387454
v -1.093137 -0.107406 -0.401293
v -1.094691 -0.103480 -0.401293
v -1.096726 -0.099779 -0.387454
v -1.099208 -0.096363 -0.401293
v -1.102099 -0.093284 -0.387454
v -1.102099 -0.093284 -0.401293
v -1.105353 -0.090592 -0.387454
v -1.105353 -0.090592 -0.401293
v -1.108918 -0.088330 -0.387454
v -1.108918 -0.088330 -0.401293
v -1.112739 -0.086532 -0.387454
v -1.112739 -0.086532 -0.401293
v -1.116755 -0.085227 -0.401293
v -1.120904 -0.084435 -0.387454
v -1.120904 -0.084435 -0.401293
v -1.125993 -0.087208 -0.386049
v -1.126124 -0.088774 -0.385839
v -1.129920 -0.087453 -0.386050
v -1.122066 -0.087457 -0.386048
v -1.118202 -0.088196 -0.386047
v -1.122379 -0.089010 -0.385839
v -1.118693 -0.089713 -0.385839
v -1.115124 -0.090873 -0.385839
v -1.114460 -0.089413 -0.386046
v -1.111728 -0.092471 -0.385839
v -1.110901 -0.091089 -0.386046
v -1.108560 -0.094481 -0.385839
v -1.107579 -0.093199 -0.386045
v -1.105669 -0.096873 -0.385839
v -1.104548 -0.095707 -0.386045
v -1.103100 -0.099609 -0.385839
v -1.101855 -0.098575 -0.386045
v -1.100894 -0.102645 -0.385839
v -1.099542 -0.101758 -0.386045
v -1.099087 -0.105933 -0.385839
v -1.097646 -0.105206 -0.386045
v -1.097705 -0.109422 -0.385839
v -1.096196 -0.108864 -0.386046
v -1.096772 -0.113057 -0.385839
v -1.095217 -0.112674 -0.386046
v -1.096302 -0.116780 -0.385839
v -1.094722 -0.116578 -0.386047
v -1.096302 -0.120532 -0.385839
v -1.094720 -0.120512 -0.386048
v -1.096772 -0.124255 -0.385839
v -1.095211 -0.124416 -0.386049
v -1.097705 -0.127890 -0.385839
v -1.096187 -0.128228 -0.386050
v -1.099087 -0.131379 -0.385839
v -1.097634 -0.131887 -0.386051
v -1.100894 -0.134667 -0.385839
v -1.099528 -0.135337 -0.386052
v -1.103100 -0.137703 -0.385839
v -1.101839 -0.138521 -0.386053
v -1.105669 -0.140439 -0.385839
v -1.104532 -0.141392 -0.386055
v -1.108560 -0.142830 -0.385839
v -1.107563 -0.143902 -0.386056
v -1.111728 -0.144841 -0.385839
v -1.110885 -0.146012 -0.386057
v -1.115124 -0.146439 -0.385839
v -1.114446 -0.147689 -0.386058
v -1.118693 -0.147599 -0.385839
v -1.118190 -0.148907 -0.386059
v -1.122379 -0.148302 -0.385839
v -1.122057 -0.149646 -0.386060
v -1.126124 -0.148537 -0.385839
v -1.125986 -0.149894 -0.386060
v -1.129869 -0.148302 -0.385839
v -1.129916 -0.149647 -0.386061
v -1.133555 -0.147599 -0.385839
v -1.133784 -0.148910 -0.386062
v -1.137124 -0.146439 -0.385839
v -1.137529 -0.147694 -0.386062
v -1.140520 -0.144841 -0.385839
v -1.141092 -0.146017 -0.386063
v -1.143688 -0.142830 -0.385839
v -1.144417 -0.143907 -0.386063
v -1.146579 -0.140438 -0.385839
v -1.147452 -0.141397 -0.386063
v -1.149148 -0.137703 -0.385839
v -1.150148 -0.138526 -0.386063
v -1.151354 -0.134667 -0.385839
v -1.152462 -0.135340 -0.386063
v -1.153162 -0.131379 -0.385839
v -1.154360 -0.131889 -0.386063
v -1.154543 -0.127890 -0.385839
v -1.155809 -0.128228 -0.386062
v -1.155476 -0.124255 -0.385839
v -1.156788 -0.124413 -0.386062
v -1.155946 -0.120532 -0.385839
v -1.157281 -0.120506 -0.386062
v -1.155946 -0.116780 -0.385839
v -1.157280 -0.116569 -0.386061
v -1.155476 -0.113057 -0.385839
v -1.156786 -0.112663 -0.386060
v -1.154543 -0.109422 -0.385839
v -1.155806 -0.108850 -0.386059
v -1.153162 -0.105933 -0.385839
v -1.154356 -0.105190 -0.386059
v -1.151354 -0.102645 -0.385839
v -1.152458 -0.101741 -0.386058
v -1.149148 -0.099609 -0.385839
v -1.150144 -0.098557 -0.386057
v -1.146579 -0.096873 -0.385839
v -1.147448 -0.095689 -0.386055
v -1.143688 -0.094481 -0.385839
v -1.144414 -0.093182 -0.386054
v -1.140519 -0.092471 -0.385839
v -1.141091 -0.091075 -0.386053
v -1.137124 -0.090873 -0.385839
v -1.137529 -0.089402 -0.386052
v -1.133555 -0.089713 -0.385839
v -1.133786 -0.088188 -0.386051
v -1.129869 -0.089010 -0.385839
v -1.144884 -0.090592 -0.387454
v -1.158150 -0.111496 -0.387454
v -1.158679 -0.115686 -0.387454
v -1.153511 -0.135816 -0.387454
v -1.141318 -0.147266 -0.387454
v -1.125118 -0.151425 -0.387454
v -1.093136 -0.128189 -0.387454
v -1.091557 -0.115686 -0.387454
v -1.094691 -0.103480 -0.387454
v -1.099207 -0.096363 -0.387454
v -1.116755 -0.085227 -0.387454
v -1.096725 -0.099779 -0.401293
v -1.092086 -0.111497 -0.401293
v -1.092086 -0.124099 -0.401293
v -1.096725 -0.135816 -0.401293
v -1.116755 -0.150369 -0.401293
v -1.151028 -0.139233 -0.401293
v -1.155545 -0.132116 -0.401293
v -1.158679 -0.119909 -0.401293
v -1.125118 -0.092671 -0.386046
v -1.128267 -0.092869 -0.386046
v -1.121969 -0.092869 -0.386046
v -1.125118 -0.092671 -0.385009
v -1.125118 -0.093485 -0.384600
v -1.128267 -0.092869 -0.385009
v -1.121969 -0.092869 -0.385009
v -1.118869 -0.093460 -0.385009
v -1.122071 -0.093677 -0.384600
v -1.119072 -0.094249 -0.384600
v -1.116168 -0.095193 -0.384600
v -1.115868 -0.094435 -0.385009
v -1.113405 -0.096493 -0.384600
v -1.113013 -0.095779 -0.385009
v -1.110827 -0.098129 -0.384600
v -1.110349 -0.097469 -0.385009
v -1.108475 -0.100075 -0.384600
v -1.107917 -0.099481 -0.385009
v -1.106385 -0.102300 -0.384600
v -1.105757 -0.101781 -0.385009
v -1.104590 -0.104770 -0.384600
v -1.103902 -0.104334 -0.385009
v -1.103119 -0.107446 -0.384600
v -1.102382 -0.107099 -0.385009
v -1.101995 -0.110285 -0.384600
v -1.101221 -0.110033 -0.385009
v -1.101236 -0.113242 -0.384600
v -1.100436 -0.113089 -0.385009
v -1.100853 -0.116271 -0.384600
v -1.100040 -0.116220 -0.385009
v -1.100853 -0.119324 -0.384600
v -1.100040 -0.119375 -0.385009
v -1.101236 -0.122353 -0.384600
v -1.100436 -0.122506 -0.385009
v -1.101995 -0.125311 -0.384600
v -1.101221 -0.125562 -0.385009
v -1.103119 -0.128149 -0.384600
v -1.102382 -0.128496 -0.385009
v -1.104590 -0.130825 -0.384600
v -1.103902 -0.131261 -0.385009
v -1.106385 -0.133295 -0.384600
v -1.105757 -0.133814 -0.385009
v -1.108475 -0.135521 -0.384600
v -1.107917 -0.136115 -0.385009
v -1.110827 -0.137467 -0.384600
v -1.110349 -0.138126 -0.385009
v -1.113405 -0.139103 -0.384600
v -1.113013 -0.139817 -0.385009
v -1.116168 -0.140403 -0.384600
v -1.115868 -0.141160 -0.385009
v -1.119072 -0.141346 -0.384600
v -1.118869 -0.142135 -0.385009
v -1.122071 -0.141918 -0.384600
v -1.121969 -0.142727 -0.385009
v -1.125118 -0.142110 -0.384600
v -1.125118 -0.142925 -0.385009
v -1.128165 -0.141918 -0.384600
v -1.128267 -0.142727 -0.385009
v -1.131164 -0.141346 -0.384600
v -1.131367 -0.142135 -0.385009
v -1.134068 -0.140403 -0.384600
v -1.134368 -0.141160 -0.385009
v -1.136831 -0.139103 -0.384600
v -1.137223 -0.139817 -0.385009
v -1.139408 -0.137467 -0.384600
v -1.139887 -0.138126 -0.385009
v -1.141761 -0.135521 -0.384600
v -1.142319 -0.136115 -0.385009
v -1.143851 -0.133295 -0.384600
v -1.144479 -0.133814 -0.385009
v -1.145646 -0.130825 -0.384600
v -1.146333 -0.131261 -0.385009
v -1.147116 -0.128149 -0.384600
v -1.147854 -0.128496 -0.385009
v -1.148240 -0.125311 -0.384600
v -1.149015 -0.125562 -0.385009
v -1.149000 -0.122353 -0.384600
v -1.149800 -0.122506 -0.385009
v -1.149382 -0.119324 -0.384600
v -1.150195 -0.119375 -0.385009
v -1.149382 -0.116271 -0.384600
v -1.150195 -0.116220 -0.385009
v -1.149000 -0.113242 -0.384600
v -1.149800 -0.113089 -0.385009
v -1.148240 -0.110285 -0.384600
v -1.149015 -0.110033 -0.385009
v -1.147116 -0.107446 -0.384600
v -1.147854 -0.107099 -0.385009
v -1.145646 -0.104770 -0.384600
v -1.146333 -0.104334 -0.385009
v -1.143851 -0.102300 -0.384600
v -1.144479 -0.101781 -0.385009
v -1.141761 -0.100075 -0.384600
v -1.142318 -0.099481 -0.385009
v -1.139408 -0.098129 -0.384600
v -1.139887 -0.097469 -0.385009
v -1.136831 -0.096493 -0.384600
v -1.137223 -0.095779 -0.385009
v -1.134068 -0.095193 -0.384600
v -1.134368 -0.094435 -0.385009
v -1.131164 -0.094249 -0.384600
v -1.131367 -0.093460 -0.385009
v -1.128165 -0.093677 -0.384600
v -1.131367 -0.093460 -0.386046
v -1.134368 -0.094435 -0.386046
v -1.137223 -0.095779 -0.386046
v -1.139887 -0.097469 -0.386046
v -1.142318 -0.099481 -0.386046
v -1.144479 -0.101781 -0.386046
v -1.146333 -0.104334 -0.386046
v -1.147854 -0.107099 -0.386046
v -1.149015 -0.110033 -0.386046
v -1.149800 -0.113089 -0.386046
v -1.150195 -0.116220 -0.386046
v -1.150195 -0.119375 -0.386046
v -1.149800 -0.122506 -0.386046
v -1.149015 -0.125562 -0.386046
v -1.147854 -0.128496 -0.386046
v -1.146333 -0.131261 -0.386046
v -1.144479 -0.133814 -0.386046
v -1.142319 -0.136115 -0.386046
v -1.139887 -0.138126 -0.386046
v -1.137223 -0.139817 -0.386046
v -1.134368 -0.141160 -0.386046
v -1.131367 -0.142135 -0.386046
v -1.128267 -0.142727 -0.386046
v -1.125118 -0.142925 -0.386046
v -1.121969 -0.142727 -0.386046
v -1.118869 -0.142135 -0.386046
v -1.115868 -0.141160 -0.386046
v -1.113013 -0.139817 -0.386046
v -1.110349 -0.138126 -0.386046
v -1.107917 -0.136115 -0.386046
v -1.105757 -0.133814 -0.386046
v -1.103902 -0.131261 -0.386046
v -1.102382 -0.128496 -0.386046
v -1.101221 -0.125562 -0.386046
v -1.100436 -0.122506 -0.386046
v -1.100040 -0.119375 -0.386046
v -1.100040 -0.116220 -0.386046
v -1.100436 -0.113089 -0.386046
v -1.101221 -0.110033 -0.386046
v -1.102382 -0.107099 -0.386046
v -1.103902 -0.104334 -0.386046
v -1.105757 -0.101781 -0.386046
v -1.107917 -0.099481 -0.386046
v -1.110349 -0.097469 -0.386046
v -1.113013 -0.095779 -0.386046
v -1.115868 -0.094435 -0.386046
v -1.118869 -0.093460 -0.386046
v -1.127322 -0.126560 -0.386046
v -1.127322 -0.126560 -0.385839
v -1.127322 -0.126560 -0.384600
v -1.127322 -0.109494 -0.386046
v -1.127322 -0.109494 -0.385839
v -1.127322 -0.109494 -0.384600
v -1.123452 -0.109494 -0.386046
v -1.123452 -0.109494 -0.385839
v -1.123452 -0.109494 -0.384600
v -1.123452 -0.126560 -0.386046
v -1.123452 -0.126560 -0.385839
v -1.123452 -0.126560 -0.384600
v -1.125118 0.033422 -0.387454
v -1.125118 0.033422 -0.401293
v -1.129333 0.033156 -0.401293
v -1.133481 0.032365 -0.387454
v -1.137497 0.031060 -0.387454
v -1.137497 0.031060 -0.401293
v -1.141319 0.029262 -0.387454
v -1.141319 0.029262 -0.401293
v -1.144884 0.026999 -0.387454
v -1.144884 0.026999 -0.401293
v -1.148138 0.024308 -0.387454
v -1.148138 0.024308 -0.401293
v -1.151029 0.021229 -0.401293
v -1.153511 0.017813 -0.387454
v -1.155545 0.014112 -0.387454
v -1.157100 0.010186 -0.387454
v -1.157100 0.010186 -0.401293
v -1.158150 0.006095 -0.387454
v -1.158150 -0.006507 -0.401293
v -1.157100 -0.010597 -0.387454
v -1.157100 -0.010597 -0.401293
v -1.153511 -0.018224 -0.387454
v -1.153511 -0.018224 -0.401293
v -1.151029 -0.021641 -0.387454
v -1.151029 -0.021641 -0.401293
v -1.148138 -0.024719 -0.387454
v -1.144884 -0.027411 -0.401293
v -1.141319 -0.029674 -0.387454
v -1.141319 -0.029674 -0.401293
v -1.137497 -0.031472 -0.387454
v -1.137497 -0.031472 -0.401293
v -1.133481 -0.032777 -0.387454
v -1.133481 -0.032777 -0.401293
v -1.129333 -0.033568 -0.401293
v -1.125118 -0.033834 -0.387454
v -1.125118 -0.033834 -0.401293
v -1.120904 -0.033568 -0.401293
v -1.116755 -0.032777 -0.387454
v -1.116755 -0.032777 -0.401293
v -1.112739 -0.031472 -0.387454
v -1.112739 -0.031472 -0.401293
v -1.108918 -0.029674 -0.387454
v -1.105353 -0.027411 -0.387454
v -1.102099 -0.024719 -0.387454
v -1.102099 -0.024719 -0.401293
v -1.099208 -0.021641 -0.387454
v -1.099208 -0.021641 -0.401293
v -1.096726 -0.018224 -0.387454
v -1.096726 -0.018224 -0.401293
v -1.094691 -0.014524 -0.401293
v -1.093137 -0.010597 -0.387454
v -1.092086 -0.006507 -0.387454
v -1.092086 -0.006507 -0.401293
v -1.091557 -0.002317 -0.387454
v -1.091557 0.001906 -0.387454
v -1.091557 0.001906 -0.401293
v -1.093137 0.010186 -0.387454
v -1.093137 0.010186 -0.401293
v -1.094691 0.014112 -0.387454
v -1.094691 0.014112 -0.401293
v -1.096726 0.017813 -0.387454
v -1.096726 0.017813 -0.401293
v -1.099208 0.021229 -0.387454
v -1.102099 0.024308 -0.387454
v -1.102099 0.024308 -0.401293
v -1.105353 0.026999 -0.387454
v -1.108918 0.029262 -0.401293
v -1.112739 0.031060 -0.387454
v -1.112739 0.031060 -0.401293
v -1.116755 0.032365 -0.387454
v -1.116755 0.032365 -0.401293
v -1.129333 0.033156 -0.387454
v -1.120903 0.033156 -0.387454
v -1.125993 0.030384 -0.386049
v -1.126124 0.028817 -0.385839
v -1.129920 0.030139 -0.386050
v -1.122066 0.030135 -0.386048
v -1.118202 0.029396 -0.386047
v -1.122379 0.028582 -0.385839
v -1.118693 0.027879 -0.385839
v -1.115124 0.026719 -0.385839
v -1.114460 0.028179 -0.386046
v -1.111728 0.025121 -0.385839
v -1.110901 0.026502 -0.386046
v -1.108560 0.023110 -0.385839
v -1.107579 0.024393 -0.386045
v -1.105669 0.020719 -0.385839
v -1.104548 0.021885 -0.386045
v -1.103100 0.017983 -0.385839
v -1.101855 0.019017 -0.386045
v -1.100894 0.014947 -0.385839
v -1.099542 0.015833 -0.386045
v -1.099087 0.011659 -0.385839
v -1.097646 0.012386 -0.386045
v -1.097705 0.008170 -0.385839
v -1.096196 0.008728 -0.386046
v -1.096772 0.004535 -0.385839
v -1.095217 0.004918 -0.386046
v -1.096302 0.000812 -0.385839
v -1.094722 0.001014 -0.386047
v -1.096302 -0.002940 -0.385839
v -1.094720 -0.002921 -0.386048
v -1.096772 -0.006663 -0.385839
v -1.095211 -0.006824 -0.386049
v -1.097705 -0.010298 -0.385839
v -1.096187 -0.010636 -0.386050
v -1.099087 -0.013787 -0.385839
v -1.097634 -0.014296 -0.386051
v -1.100894 -0.017075 -0.385839
v -1.099528 -0.017745 -0.386052
v -1.103100 -0.020111 -0.385839
v -1.101839 -0.020930 -0.386053
v -1.105669 -0.022847 -0.385839
v -1.104532 -0.023800 -0.386055
v -1.108560 -0.025239 -0.385839
v -1.107563 -0.026310 -0.386056
v -1.111728 -0.027249 -0.385839
v -1.110885 -0.028420 -0.386057
v -1.115124 -0.028847 -0.385839
v -1.114446 -0.030098 -0.386058
v -1.118693 -0.030007 -0.385839
v -1.118190 -0.031315 -0.386059
v -1.122379 -0.030710 -0.385839
v -1.122057 -0.032054 -0.386060
v -1.126124 -0.030946 -0.385839
v -1.125986 -0.032302 -0.386060
v -1.129869 -0.030710 -0.385839
v -1.129915 -0.032056 -0.386061
v -1.133555 -0.030007 -0.385839
v -1.133784 -0.031318 -0.386062
v -1.137124 -0.028847 -0.385839
v -1.137529 -0.030102 -0.386062
v -1.140519 -0.027249 -0.385839
v -1.141092 -0.028426 -0.386063
v -1.143688 -0.025239 -0.385839
v -1.144417 -0.026316 -0.386063
v -1.146579 -0.022847 -0.385839
v -1.147452 -0.023805 -0.386063
v -1.149148 -0.020111 -0.385839
v -1.150148 -0.020935 -0.386063
v -1.151354 -0.017075 -0.385839
v -1.152462 -0.017748 -0.386063
v -1.153162 -0.013787 -0.385839
v -1.154360 -0.014297 -0.386063
v -1.154543 -0.010298 -0.385839
v -1.155809 -0.010636 -0.386062
v -1.155476 -0.006663 -0.385839
v -1.156788 -0.006821 -0.386062
v -1.155946 -0.002940 -0.385839
v -1.157281 -0.002915 -0.386062
v -1.155946 0.000812 -0.385839
v -1.157280 0.001023 -0.386061
v -1.155476 0.004535 -0.385839
v -1.156786 0.004929 -0.386060
v -1.154543 0.008170 -0.385839
v -1.155806 0.008742 -0.386059
v -1.153162 0.011659 -0.385839
v -1.154356 0.012402 -0.386059
v -1.151354 0.014947 -0.385839
v -1.152458 0.015851 -0.386058
v -1.149148 0.017983 -0.385839
v -1.150144 0.019034 -0.386057
v -1.146579 0.020719 -0.385839
v -1.147448 0.021902 -0.386055
v -1.143688 0.023110 -0.385839
v -1.144414 0.024410 -0.386054
v -1.140519 0.025121 -0.385839
v -1.141091 0.026517 -0.386053
v -1.137124 0.026719 -0.385839
v -1.137529 0.028190 -0.386052
v -1.133555 0.027879 -0.385839
v -1.133786 0.029404 -0.386051
v -1.129869 0.028582 -0.385839
v -1.151028 0.021229 -0.387454
v -1.158679 0.001906 -0.387454
v -1.158679 -0.002317 -0.387454
v -1.158150 -0.006507 -0.387454
v -1.155545 -0.014524 -0.387454
v -1.144884 -0.027411 -0.387454
v -1.129333 -0.033568 -0.387454
v -1.120903 -0.033568 -0.387454
v -1.094691 -0.014524 -0.387454
v -1.092086 0.006095 -0.387454
v -1.108918 0.029262 -0.387454
v -1.120903 0.033156 -0.401293
v -1.105352 0.026999 -0.401293
v -1.099207 0.021229 -0.401293
v -1.092086 0.006095 -0.401293
v -1.091557 -0.002317 -0.401293
v -1.093136 -0.010597 -0.401293
v -1.105352 -0.027411 -0.401293
v -1.108918 -0.029674 -0.401293
v -1.148138 -0.024719 -0.401293
v -1.155545 -0.014524 -0.401293
v -1.158679 -0.002317 -0.401293
v -1.158679 0.001906 -0.401293
v -1.158150 0.006095 -0.401293
v -1.155545 0.014112 -0.401293
v -1.153511 0.017813 -0.401293
v -1.133481 0.032365 -0.401293
v -1.125118 0.024921 -0.386046
v -1.128267 0.024723 -0.386046
v -1.121969 0.024723 -0.386046
v -1.125118 0.024921 -0.385009
v -1.125118 0.024107 -0.384600
v -1.128267 0.024723 -0.385009
v -1.121969 0.024723 -0.385009
v -1.118869 0.024132 -0.385009
v -1.122071 0.023915 -0.384600
v -1.119072 0.023343 -0.384600
v -1.116168 0.022399 -0.384600
v -1.115868 0.023157 -0.385009
v -1.113405 0.021099 -0.384600
v -1.113013 0.021813 -0.385009
v -1.110827 0.019463 -0.384600
v -1.110348 0.020122 -0.385009
v -1.108475 0.017517 -0.384600
v -1.107917 0.018111 -0.385009
v -1.106385 0.015292 -0.384600
v -1.105757 0.015811 -0.385009
v -1.104590 0.012821 -0.384600
v -1.103902 0.013258 -0.385009
v -1.103119 0.010146 -0.384600
v -1.102382 0.010493 -0.385009
v -1.101995 0.007307 -0.384600
v -1.101221 0.007559 -0.385009
v -1.101236 0.004350 -0.384600
v -1.100436 0.004502 -0.385009
v -1.100853 0.001321 -0.384600
v -1.100040 0.001372 -0.385009
v -1.100853 -0.001732 -0.384600
v -1.100040 -0.001784 -0.385009
v -1.101236 -0.004762 -0.384600
v -1.100436 -0.004914 -0.385009
v -1.101995 -0.007719 -0.384600
v -1.101221 -0.007971 -0.385009
v -1.103119 -0.010558 -0.384600
v -1.102382 -0.010904 -0.385009
v -1.104590 -0.013233 -0.384600
v -1.103902 -0.013670 -0.385009
v -1.106385 -0.015703 -0.384600
v -1.105757 -0.016222 -0.385009
v -1.108475 -0.017929 -0.384600
v -1.107917 -0.018523 -0.385009
v -1.110827 -0.019875 -0.384600
v -1.110348 -0.020534 -0.385009
v -1.113405 -0.021511 -0.384600
v -1.113013 -0.022225 -0.385009
v -1.116168 -0.022811 -0.384600
v -1.115868 -0.023569 -0.385009
v -1.119072 -0.023754 -0.384600
v -1.118869 -0.024544 -0.385009
v -1.122071 -0.024327 -0.384600
v -1.121969 -0.025135 -0.385009
v -1.125118 -0.024518 -0.384600
v -1.125118 -0.025333 -0.385009
v -1.128165 -0.024327 -0.384600
v -1.128267 -0.025135 -0.385009
v -1.131164 -0.023754 -0.384600
v -1.131367 -0.024544 -0.385009
v -1.134068 -0.022811 -0.384600
v -1.134368 -0.023569 -0.385009
v -1.136831 -0.021511 -0.384600
v -1.137223 -0.022225 -0.385009
v -1.139408 -0.019875 -0.384600
v -1.139887 -0.020534 -0.385009
v -1.141761 -0.017929 -0.384600
v -1.142318 -0.018523 -0.385009
v -1.143851 -0.015703 -0.384600
v -1.144479 -0.016223 -0.385009
v -1.145646 -0.013233 -0.384600
v -1.146333 -0.013670 -0.385009
v -1.147116 -0.010558 -0.384600
v -1.147854 -0.010904 -0.385009
v -1.148240 -0.007719 -0.384600
v -1.149015 -0.007971 -0.385009
v -1.149000 -0.004762 -0.384600
v -1.149800 -0.004914 -0.385009
v -1.149382 -0.001732 -0.384600
v -1.150195 -0.001784 -0.385009
v -1.149382 0.001321 -0.384600
v -1.150195 0.001372 -0.385009
v -1.149000 0.004350 -0.384600
v -1.149800 0.004502 -0.385009
v -1.148240 0.007307 -0.384600
v -1.149015 0.007559 -0.385009
v -1.147116 0.010146 -0.384600
v -1.147854 0.010493 -0.385009
v -1.145646 0.012821 -0.384600
v -1.146333 0.013258 -0.385009
v -1.143851 0.015292 -0.384600
v -1.144479 0.015811 -0.385009
v -1.141761 0.017517 -0.384600
v -1.142318 0.018111 -0.385009
v -1.139408 0.019463 -0.384600
v -1.139887 0.020122 -0.385009
v -1.136831 0.021099 -0.384600
v -1.137223 0.021813 -0.385009
v -1.134068 0.022399 -0.384600
v -1.134368 0.023157 -0.385009
v -1.131164 0.023343 -0.384600
v -1.131367 0.024132 -0.385009
v -1.128165 0.023915 -0.384600
v -1.131367 0.024132 -0.386046
v -1.134368 0.023157 -0.386046
v -1.137223 0.021813 -0.386046
v -1.139887 0.020122 -0.386046
v -1.142318 0.018111 -0.386046
v -1.144479 0.015811 -0.386046
v -1.146333 0.013258 -0.386046
v -1.147854 0.010493 -0.386046
v -1.149015 0.007559 -0.386046
v -1.149800 0.004502 -0.386046
v -1.150195 0.001372 -0.386046
v -1.150195 -0.001784 -0.386046
v -1.149800 -0.004914 -0.386046
v -1.149015 -0.007971 -0.386046
v -1.147854 -0.010904 -0.386046
v -1.146333 -0.013670 -0.386046
v -1.144479 -0.016223 -0.386046
v -1.142318 -0.018523 -0.386046
v -1.139887 -0.020534 -0.386046
v -1.137223 -0.022225 -0.386046
v -1.134368 -0.023569 -0.386046
v -1.131367 -0.024544 -0.386046
v -1.128267 -0.025135 -0.386046
v -1.125118 -0.025333 -0.386046
v -1.121969 -0.025135 -0.386046
v -1.118869 -0.024544 -0.386046
v -1.115868 -0.023569 -0.386046
v -1.113013 -0.022225 -0.386046
v -1.110348 -0.020534 -0.386046
v -1.107917 -0.018523 -0.386046
v -1.105757 -0.016222 -0.386046
v -1.103902 -0.013670 -0.386046
v -1.102382 -0.010904 -0.386046
v -1.101221 -0.007971 -0.386046
v -1.100436 -0.004914 -0.386046
v -1.100040 -0.001784 -0.386046
v -1.100040 0.001372 -0.386046
v -1.100436 0.004502 -0.386046
v -1.101221 0.007559 -0.386046
v -1.102382 0.010493 -0.386046
v -1.103902 0.013258 -0.386046
v -1.105757 0.015811 -0.386046
v -1.107917 0.018111 -0.386046
v -1.110348 0.020122 -0.386046
v -1.113013 0.021813 -0.386046
v -1.115868 0.023157 -0.386046
v -1.118869 0.024132 -0.386046
v -1.111000 -0.000206 -0.385009
v -1.111112 0.001564 -0.385009
v -1.111112 -0.001975 -0.385009
v -1.111000 -0.000206 -0.344193
v -1.111112 0.001564 -0.344082
v -1.111112 -0.001975 -0.344082
v -1.090230 -0.000206 -0.344193
v -1.090230 0.001564 -0.344082
v -1.090230 -0.001975 -0.344082
v -1.090230 -0.000206 -0.341370
v -1.090230 0.001210 -0.341280
v -1.090230 -0.001621 -0.341280
v -1.088086 -0.000206 -0.341370
v -1.088086 0.001210 -0.341280
v -1.088086 -0.001621 -0.341280
v -1.088086 -0.000206 -0.344190
v -1.088086 0.001563 -0.344079
v -1.088086 -0.001975 -0.344079
v -0.987473 -0.000206 -0.344190
v -0.987473 0.001563 -0.344079
v -0.987473 -0.001975 -0.344079
v -0.987474 -0.000206 -0.341450
v -0.987474 0.001220 -0.341360
v -0.987474 -0.001631 -0.341360
v -0.985467 -0.000206 -0.341450
v -0.985467 0.001220 -0.341360
v -0.985467 -0.001631 -0.341360
v -0.985466 -0.000206 -0.344132
v -0.985466 0.001556 -0.344021
v -0.985466 -0.001968 -0.344021
v -0.976154 -0.000206 -0.344132
v -0.974536 -0.000206 -0.343784
v -0.976154 0.001556 -0.344021
v -0.976154 -0.001968 -0.344021
v -0.974536 -0.001140 -0.343725
v -0.976154 -0.003702 -0.343691
v -0.974536 -0.002447 -0.343476
v -0.976154 -0.005381 -0.343145
v -0.985466 -0.003702 -0.343691
v -0.985466 -0.005381 -0.343145
v -0.985467 -0.003035 -0.341092
v -0.985467 -0.004393 -0.340651
v -0.987474 -0.003035 -0.341092
v -0.987474 -0.004393 -0.340651
v -0.987473 -0.003716 -0.343747
v -0.987473 -0.005402 -0.343199
v -1.088086 -0.003716 -0.343747
v -1.088086 -0.005402 -0.343199
v -1.088086 -0.003015 -0.341015
v -1.088086 -0.004364 -0.340576
v -1.090230 -0.003015 -0.341015
v -1.090230 -0.004364 -0.340576
v -1.090230 -0.003717 -0.343750
v -1.090230 -0.005403 -0.343202
v -1.111444 -0.003717 -0.343750
v -1.111992 -0.005403 -0.343202
v -1.111444 -0.003717 -0.385009
v -1.111992 -0.005403 -0.385009
v -1.112747 -0.007007 -0.385009
v -1.113697 -0.008504 -0.385009
v -1.112747 -0.007007 -0.342447
v -1.113697 -0.008504 -0.341497
v -1.090230 -0.007007 -0.342447
v -1.090230 -0.008504 -0.341497
v -1.090230 -0.005647 -0.339972
v -1.090230 -0.006844 -0.339213
v -1.088086 -0.005647 -0.339972
v -1.088086 -0.006844 -0.339213
v -1.088086 -0.007006 -0.342445
v -1.088086 -0.008503 -0.341495
v -0.987473 -0.007006 -0.342445
v -0.987473 -0.008503 -0.341495
v -0.987474 -0.005686 -0.340043
v -0.987474 -0.006892 -0.339277
v -0.985467 -0.005686 -0.340043
v -0.985467 -0.006892 -0.339277
v -0.985466 -0.006978 -0.342393
v -0.985466 -0.008468 -0.341448
v -0.976154 -0.006978 -0.342393
v -0.974536 -0.005463 -0.342275
v -0.976154 -0.008468 -0.341448
v -0.974536 -0.006911 -0.341356
v -0.976154 -0.009829 -0.340322
v -0.974536 -0.008247 -0.340251
v -0.976154 -0.011037 -0.339036
v -0.985466 -0.009829 -0.340322
v -0.985466 -0.011037 -0.339036
v -0.985467 -0.007992 -0.338367
v -0.985467 -0.008970 -0.337326
v -0.987474 -0.007992 -0.338367
v -0.987474 -0.008970 -0.337326
v -0.987473 -0.009868 -0.340365
v -0.987473 -0.011082 -0.339073
v -1.088086 -0.009868 -0.340365
v -1.088086 -0.011082 -0.339073
v -1.088086 -0.007937 -0.338308
v -1.088086 -0.008908 -0.337275
v -1.090230 -0.007937 -0.338308
v -1.090230 -0.008908 -0.337275
v -1.090230 -0.009870 -0.340367
v -1.090230 -0.011084 -0.339074
v -1.114827 -0.009870 -0.340367
v -1.116119 -0.011084 -0.339074
v -1.114827 -0.009870 -0.385009
v -1.116119 -0.011084 -0.385009
v -1.117553 -0.012126 -0.385009
v -1.119107 -0.012980 -0.385009
v -1.117553 -0.012126 -0.337640
v -1.119107 -0.012980 -0.336086
v -1.090230 -0.012126 -0.337640
v -1.090230 -0.012980 -0.336086
v -1.090230 -0.009742 -0.336127
v -1.090230 -0.010425 -0.334884
v -1.088086 -0.009742 -0.336127
v -1.088086 -0.010425 -0.334884
v -1.088086 -0.012124 -0.337639
v -1.088086 -0.012978 -0.336085
v -0.987473 -0.012124 -0.337639
v -0.987473 -0.012978 -0.336085
v -0.987474 -0.009810 -0.336170
v -0.987474 -0.010498 -0.334918
v -0.985467 -0.009810 -0.336170
v -0.985467 -0.010498 -0.334918
v -0.985466 -0.012075 -0.337607
v -0.985466 -0.012925 -0.336060
v -0.976154 -0.012075 -0.337607
v -0.974536 -0.010470 -0.337564
v -0.976154 -0.012925 -0.336060
v -0.974536 -0.011314 -0.336028
v -0.976154 -0.013575 -0.334419
v -0.974536 -0.011960 -0.334397
v -0.976154 -0.014014 -0.332709
v -0.985466 -0.013575 -0.334419
v -0.985466 -0.014014 -0.332709
v -0.985467 -0.011024 -0.333590
v -0.985467 -0.011379 -0.332207
v -0.987474 -0.011024 -0.333590
v -0.987474 -0.011379 -0.332207
v -0.987473 -0.013630 -0.334437
v -0.987473 -0.014071 -0.332720
v -1.088086 -0.013630 -0.334437
v -1.088086 -0.014071 -0.332720
v -1.088086 -0.010947 -0.333565
v -1.088086 -0.011300 -0.332192
v -1.090230 -0.010947 -0.333565
v -1.090230 -0.011300 -0.332192
v -1.090230 -0.013633 -0.334438
v -1.090230 -0.014074 -0.332721
v -1.120755 -0.013633 -0.334438
v -1.122473 -0.014074 -0.332721
v -1.120755 -0.013633 -0.385009
v -1.122473 -0.014074 -0.385009
v -1.124232 -0.014296 -0.385009
v -1.126005 -0.014296 -0.385009
v -1.124232 -0.014296 -0.330962
v -1.126005 -0.014296 -0.329189
v -1.090230 -0.014296 -0.330962
v -1.090230 -0.014296 -0.329189
v -1.090230 -0.011478 -0.330785
v -1.090230 -0.011478 -0.329366
v -1.088086 -0.011478 -0.330785
v -1.088086 -0.011478 -0.329366
v -1.088086 -0.014293 -0.330962
v -1.088086 -0.014293 -0.329189
v -0.987473 -0.014293 -0.330962
v -0.987473 -0.014293 -0.329189
v -0.987474 -0.011558 -0.330790
v -0.987474 -0.011558 -0.329361
v -0.985467 -0.011558 -0.330790
v -0.985467 -0.011558 -0.329361
v -0.985466 -0.014235 -0.330958
v -0.985466 -0.014235 -0.329193
v -0.976154 -0.014235 -0.330958
v -0.974536 -0.012617 -0.330954
v -0.976154 -0.014235 -0.329193
v -0.974536 -0.012617 -0.329197
v -0.976154 -0.014014 -0.327441
v -0.974536 -0.012396 -0.327454
v -0.976154 -0.013575 -0.325731
v -0.985466 -0.014014 -0.327441
v -0.985466 -0.013575 -0.325731
v -0.985467 -0.011379 -0.327944
v -0.985467 -0.011024 -0.326560
v -0.987474 -0.011379 -0.327944
v -0.987474 -0.011024 -0.326560
v -0.987473 -0.014071 -0.327430
v -0.987473 -0.013630 -0.325713
v -1.088086 -0.014071 -0.327430
v -1.088086 -0.013630 -0.325713
v -1.088086 -0.011300 -0.327959
v -1.088086 -0.010947 -0.326585
v -1.090230 -0.011300 -0.327959
v -1.090230 -0.010947 -0.326585
v -1.090230 -0.014074 -0.327430
v -1.090230 -0.013633 -0.325713
v -1.127764 -0.014074 -0.327430
v -1.129481 -0.013633 -0.325713
v -1.127764 -0.014074 -0.385009
v -1.129481 -0.013633 -0.385009
v -1.131129 -0.012980 -0.385009
v -1.132683 -0.012126 -0.385009
v -1.131129 -0.012980 -0.324064
v -1.132683 -0.012126 -0.322511
v -1.090230 -0.012980 -0.324064
v -1.090230 -0.012126 -0.322511
v -1.090230 -0.010425 -0.325267
v -1.090230 -0.009742 -0.324024
v -1.088086 -0.010425 -0.325267
v -1.088086 -0.009742 -0.324024
v -1.088086 -0.012978 -0.324065
v -1.088086 -0.012124 -0.322512
v -0.987473 -0.012978 -0.324065
v -0.987473 -0.012124 -0.322512
v -0.987474 -0.010498 -0.325232
v -0.987474 -0.009810 -0.323981
v -0.985467 -0.010498 -0.325232
v -0.985467 -0.009810 -0.323981
v -0.985466 -0.012925 -0.324090
v -0.985466 -0.012075 -0.322543
v -0.976154 -0.012925 -0.324090
v -0.974536 -0.011314 -0.324122
v -0.976154 -0.012075 -0.322543
v -0.974536 -0.010469 -0.322587
v -0.976154 -0.011037 -0.321115
v -0.974536 -0.009441 -0.321171
v -0.976154 -0.009829 -0.319828
v -0.985466 -0.011037 -0.321115
v -0.985466 -0.009829 -0.319828
v -0.985467 -0.008970 -0.322825
v -0.985467 -0.007992 -0.321784
v -0.987474 -0.008970 -0.322825
v -0.987474 -0.007992 -0.321784
v -0.987473 -0.011082 -0.321078
v -0.987473 -0.009868 -0.319786
v -1.088086 -0.011082 -0.321078
v -1.088086 -0.009868 -0.319786
v -1.088086 -0.008908 -0.322876
v -1.088086 -0.007937 -0.321842
v -1.090230 -0.008908 -0.322876
v -1.090230 -0.007937 -0.321842
v -1.090230 -0.011084 -0.321076
v -1.090230 -0.009870 -0.319784
v -1.134117 -0.011084 -0.321076
v -1.135410 -0.009870 -0.319784
v -1.134117 -0.011084 -0.385009
v -1.135410 -0.009870 -0.385009
v -1.136540 -0.008504 -0.385009
v -1.137490 -0.007007 -0.385009
v -1.136540 -0.008504 -0.318654
v -1.137490 -0.007007 -0.317704
v -1.090230 -0.008504 -0.318654
v -1.090230 -0.007007 -0.317704
v -1.090230 -0.006844 -0.320938
v -1.090230 -0.005647 -0.320178
v -1.088086 -0.006844 -0.320938
v -1.088086 -0.005647 -0.320178
v -1.088086 -0.008503 -0.318656
v -1.088086 -0.007006 -0.317706
v -0.987473 -0.008503 -0.318656
v -0.987473 -0.007006 -0.317706
v -0.987474 -0.006892 -0.320873
v -0.987474 -0.005686 -0.320108
v -0.985467 -0.006892 -0.320873
v -0.985467 -0.005686 -0.320108
v -0.985466 -0.008468 -0.318703
v -0.985466 -0.006978 -0.317757
v -0.976154 -0.008468 -0.318703
v -0.974536 -0.006911 -0.318795
v -0.976154 -0.006978 -0.317757
v -0.974536 -0.005463 -0.317876
v -0.976154 -0.005381 -0.317006
v -0.974536 -0.003947 -0.317162
v -0.976154 -0.003702 -0.316460
v -0.985466 -0.005381 -0.317005
v -0.985466 -0.003702 -0.316460
v -0.985467 -0.004393 -0.319500
v -0.985467 -0.003035 -0.319058
v -0.987474 -0.004393 -0.319500
v -0.987474 -0.003035 -0.319058
v -0.987473 -0.005402 -0.316951
v -0.987473 -0.003716 -0.316404
v -1.088086 -0.005402 -0.316951
v -1.088086 -0.003716 -0.316404
v -1.088086 -0.004364 -0.319574
v -1.088086 -0.003015 -0.319136
v -1.090230 -0.004364 -0.319574
v -1.090230 -0.003015 -0.319136
v -1.090230 -0.005403 -0.316949
v -1.090230 -0.003717 -0.316401
v -1.138244 -0.005403 -0.316949
v -1.138792 -0.003717 -0.316401
v -1.138244 -0.005403 -0.385009
v -1.138792 -0.003717 -0.385009
v -1.139125 -0.001975 -0.385009
v -1.139236 -0.000206 -0.385009
v -1.139125 -0.001975 -0.316069
v -1.139236 -0.000206 -0.315958
v -1.090230 -0.001975 -0.316069
v -1.090230 -0.000206 -0.315958
v -1.090230 -0.001621 -0.318870
v -1.090230 -0.000206 -0.318781
v -1.088086 -0.001621 -0.318870
v -1.088086 -0.000206 -0.318781
v -1.088086 -0.001975 -0.316071
v -1.088086 -0.000206 -0.315960
v -0.987473 -0.001975 -0.316071
v -0.987473 -0.000206 -0.315960
v -0.987474 -0.001631 -0.318791
v -0.987474 -0.000206 -0.318701
v -0.985467 -0.001631 -0.318791
v -0.985467 -0.000206 -0.318701
v -0.985466 -0.001968 -0.316129
v -0.985466 -0.000206 -0.316018
v -0.976154 -0.001968 -0.316129
v -0.974536 -0.001140 -0.316425
v -0.976154 -0.000206 -0.316018
v -0.974536 -0.000206 -0.316367
v -0.976154 0.001556 -0.316129
v -0.974536 0.000728 -0.316425
v -0.976154 0.003290 -0.316460
v -0.985466 0.001556 -0.316129
v -0.985466 0.003290 -0.316460
v -0.985467 0.001220 -0.318791
v -0.985467 0.002623 -0.319058
v -0.987474 0.001220 -0.318791
v -0.987474 0.002623 -0.319058
v -0.987473 0.001563 -0.316071
v -0.987473 0.003304 -0.316404
v -1.088086 0.001563 -0.316071
v -1.088086 0.003304 -0.316404
v -1.088086 0.001210 -0.318870
v -1.088086 0.002603 -0.319136
v -1.090230 0.001210 -0.318870
v -1.090230 0.002603 -0.319136
v -1.090230 0.001564 -0.316069
v -1.090230 0.003305 -0.316401
v -1.139125 0.001564 -0.316069
v -1.138792 0.003305 -0.316401
v -1.139125 0.001564 -0.385009
v -1.138792 0.003305 -0.385009
v -1.138244 0.004991 -0.385009
v -1.137490 0.006595 -0.385009
v -1.138244 0.004991 -0.316949
v -1.137490 0.006595 -0.317704
v -1.090230 0.004991 -0.316949
v -1.090230 0.006595 -0.317704
v -1.090230 0.003952 -0.319574
v -1.090230 0.005235 -0.320178
v -1.088086 0.003952 -0.319574
v -1.088086 0.005235 -0.320178
v -1.088086 0.004990 -0.316951
v -1.088086 0.006594 -0.317706
v -0.987473 0.004990 -0.316951
v -0.987473 0.006594 -0.317706
v -0.987474 0.003981 -0.319500
v -0.987474 0.005274 -0.320108
v -0.985467 0.003981 -0.319500
v -0.985467 0.005274 -0.320108
v -0.985466 0.004969 -0.317005
v -0.985466 0.006566 -0.317757
v -0.976154 0.004969 -0.317006
v -0.974536 0.003535 -0.317162
v -0.976154 0.006566 -0.317757
v -0.974536 0.005051 -0.317876
v -0.976154 0.008057 -0.318703
v -0.974536 0.006500 -0.318795
v -0.976154 0.009417 -0.319828
v -0.985466 0.008057 -0.318703
v -0.985466 0.009417 -0.319828
v -0.985467 0.006480 -0.320873
v -0.985467 0.007580 -0.321784
v -0.987474 0.006480 -0.320873
v -0.987474 0.007580 -0.321784
v -0.987473 0.008091 -0.318656
v -0.987473 0.009457 -0.319786
v -1.088086 0.008091 -0.318656
v -1.088086 0.009457 -0.319786
v -1.088086 0.006433 -0.320938
v -1.088086 0.007525 -0.321842
v -1.090230 0.006433 -0.320938
v -1.090230 0.007525 -0.321842
v -1.090230 0.008092 -0.318654
v -1.090230 0.009458 -0.319784
v -1.136540 0.008092 -0.318654
v -1.135410 0.009458 -0.319784
v -1.136540 0.008092 -0.385009
v -1.135410 0.009458 -0.385009
v -1.134117 0.010672 -0.385009
v -1.132683 0.011714 -0.385009
v -1.134117 0.010672 -0.321076
v -1.132683 0.011714 -0.322511
v -1.090230 0.010672 -0.321076
v -1.090230 0.011714 -0.322511
v -1.090230 0.008496 -0.322876
v -1.090230 0.009330 -0.324024
v -1.088086 0.008496 -0.322876
v -1.088086 0.009330 -0.324024
v -1.088086 0.010670 -0.321078
v -1.088086 0.011712 -0.322512
v -0.987473 0.010670 -0.321078
v -0.987473 0.011712 -0.322512
v -0.987474 0.008558 -0.322825
v -0.987474 0.009398 -0.323981
v -0.985467 0.008558 -0.322825
v -0.985467 0.009398 -0.323981
v -0.985466 0.010625 -0.321115
v -0.985466 0.011663 -0.322543
v -0.976154 0.010625 -0.321115
v -0.974536 0.009029 -0.321171
v -0.976154 0.011663 -0.322543
v -0.974536 0.010058 -0.322587
v -0.976154 0.012513 -0.324090
v -0.974536 0.010902 -0.324122
v -0.976154 0.013163 -0.325731
v -0.985466 0.012513 -0.324090
v -0.985466 0.013163 -0.325731
v -0.985467 0.010086 -0.325232
v -0.985467 0.010612 -0.326560
v -0.987474 0.010086 -0.325232
v -0.987474 0.010612 -0.326560
v -0.987473 0.012566 -0.324065
v -0.987473 0.013218 -0.325713
v -1.088086 0.012566 -0.324065
v -1.088086 0.013218 -0.325713
v -1.088086 0.010013 -0.325267
v -1.088086 0.010535 -0.326585
v -1.090230 0.010013 -0.325267
v -1.090230 0.010535 -0.326585
v -1.090230 0.012568 -0.324064
v -1.090230 0.013221 -0.325713
v -1.131129 0.012568 -0.324064
v -1.129481 0.013221 -0.325713
v -1.131129 0.012568 -0.385009
v -1.129481 0.013221 -0.385009
v -1.127764 0.013662 -0.385009
v -1.126005 0.013884 -0.385009
v -1.127764 0.013662 -0.327430
v -1.126005 0.013884 -0.329189
v -1.090230 0.013662 -0.327430
v -1.090230 0.013884 -0.329189
v -1.090230 0.010888 -0.327959
v -1.090230 0.011066 -0.329366
v -1.088086 0.010888 -0.327959
v -1.088086 0.011066 -0.329366
v -1.088086 0.013659 -0.327430
v -1.088086 0.013882 -0.329189
v -0.987473 0.013659 -0.327430
v -0.987473 0.013881 -0.329189
v -0.987474 0.010967 -0.327944
v -0.987474 0.011146 -0.329361
v -0.985467 0.010967 -0.327944
v -0.985467 0.011146 -0.329361
v -0.985466 0.013602 -0.327441
v -0.985466 0.013823 -0.329193
v -0.976154 0.013602 -0.327441
v -0.974536 0.011985 -0.327454
v -0.976154 0.013823 -0.329193
v -0.974536 0.012205 -0.329197
v -0.976154 0.013823 -0.330958
v -0.974536 0.012205 -0.330954
v -0.976154 0.013602 -0.332709
v -0.985466 0.013823 -0.330958
v -0.985466 0.013602 -0.332709
v -0.985467 0.011146 -0.330790
v -0.985467 0.010967 -0.332207
v -0.987474 0.011146 -0.330790
v -0.987474 0.010967 -0.332207
v -0.987473 0.013881 -0.330962
v -0.987473 0.013659 -0.332720
v -1.088086 0.013882 -0.330962
v -1.088086 0.013659 -0.332720
v -1.088086 0.011066 -0.330785
v -1.088086 0.010888 -0.332192
v -1.090230 0.011066 -0.330785
v -1.090230 0.010888 -0.332192
v -1.090230 0.013884 -0.330962
v -1.090230 0.013662 -0.332721
v -1.124232 0.013884 -0.330962
v -1.122473 0.013662 -0.332721
v -1.124232 0.013884 -0.385009
v -1.122473 0.013662 -0.385009
v -1.120755 0.013221 -0.385009
v -1.119107 0.012568 -0.385009
v -1.120755 0.013221 -0.334438
v -1.119107 0.012568 -0.336086
v -1.090230 0.013221 -0.334438
v -1.090230 0.012568 -0.336086
v -1.090230 0.010535 -0.333565
v -1.090230 0.010013 -0.334884
v -1.088086 0.010535 -0.333565
v -1.088086 0.010013 -0.334884
v -1.088086 0.013218 -0.334437
v -1.088086 0.012566 -0.336085
v -0.987473 0.013218 -0.334437
v -0.987473 0.012566 -0.336085
v -0.987474 0.010612 -0.333590
v -0.987474 0.010086 -0.334918
v -0.985467 0.010612 -0.333590
v -0.985467 0.010086 -0.334918
v -0.985466 0.013163 -0.334419
v -0.985466 0.012513 -0.336060
v -0.976154 0.013163 -0.334419
v -0.974536 0.011548 -0.334397
v -0.976154 0.012513 -0.336060
v -0.974536 0.010902 -0.336028
v -0.976154 0.011663 -0.337607
v -0.974536 0.010058 -0.337564
v -0.976154 0.010625 -0.339036
v -0.985466 0.011663 -0.337607
v -0.985466 0.010625 -0.339036
v -0.985467 0.009398 -0.336170
v -0.985467 0.008558 -0.337326
v -0.987474 0.009398 -0.336170
v -0.987474 0.008558 -0.337326
v -0.987473 0.011712 -0.337639
v -0.987473 0.010670 -0.339073
v -1.088086 0.011712 -0.337639
v -1.088086 0.010670 -0.339073
v -1.088086 0.009330 -0.336127
v -1.088086 0.008496 -0.337275
v -1.090230 0.009330 -0.336127
v -1.090230 0.008496 -0.337275
v -1.090230 0.011714 -0.337640
v -1.090230 0.010672 -0.339074
v -1.117553 0.011714 -0.337640
v -1.116119 0.010672 -0.339074
v -1.117553 0.011714 -0.385009
v -1.116119 0.010672 -0.385009
v -1.114827 0.009458 -0.385009
v -1.113697 0.008092 -0.385009
v -1.114827 0.009458 -0.340367
v -1.113697 0.008092 -0.341497
v -1.090230 0.009458 -0.340367
v -1.090230 0.008092 -0.341497
v -1.090230 0.007525 -0.338308
v -1.090230 0.006433 -0.339213
v -1.088086 0.007525 -0.338308
v -1.088086 0.006433 -0.339213
v -1.088086 0.009457 -0.340365
v -1.088086 0.008091 -0.341495
v -0.987473 0.009457 -0.340365
v -0.987473 0.008091 -0.341495
v -0.987474 0.007580 -0.338367
v -0.987474 0.006480 -0.339277
v -0.985467 0.007580 -0.338367
v -0.985467 0.006480 -0.339277
v -0.985466 0.009417 -0.340322
v -0.985466 0.008057 -0.341448
v -0.976154 0.009417 -0.340322
v -0.974536 0.007836 -0.340251
v -0.976154 0.008057 -0.341448
v -0.974536 0.006499 -0.341356
v -0.976154 0.006566 -0.342393
v -0.974536 0.005051 -0.342275
v -0.976154 0.004969 -0.343145
v -0.985466 0.006566 -0.342393
v -0.985466 0.004969 -0.343145
v -0.985467 0.005274 -0.340043
v -0.985467 0.003981 -0.340651
v -0.987474 0.005274 -0.340043
v -0.987474 0.003981 -0.340651
v -0.987473 0.006594 -0.342445
v -0.987473 0.004990 -0.343199
v -1.088086 0.006594 -0.342445
v -1.088086 0.004990 -0.343199
v -1.088086 0.005235 -0.339972
v -1.088086 0.003952 -0.340576
v -1.090230 0.005235 -0.339972
v -1.090230 0.003952 -0.340576
v -1.090230 0.006595 -0.342447
v -1.090230 0.004991 -0.343202
v -1.112747 0.006595 -0.342447
v -1.111992 0.004991 -0.343202
v -1.112747 0.006595 -0.385009
v -1.111992 0.004991 -0.385009
v -1.111444 0.003305 -0.385009
v -1.111444 0.003305 -0.343750
v -1.090230 0.003305 -0.343750
v -1.090230 0.002603 -0.341015
v -1.088086 0.002603 -0.341015
v -1.088086 0.003304 -0.343747
v -0.987473 0.003304 -0.343747
v -0.987474 0.002623 -0.341092
v -0.985467 0.002623 -0.341092
v -0.985466 0.003290 -0.343691
v -0.976154 0.003290 -0.343691
v -0.974536 0.002035 -0.343476
v -0.974536 0.000728 -0.343725
v -0.974536 0.003535 -0.342988
v -0.974536 0.009029 -0.338979
v -0.974536 0.011985 -0.332696
v -0.974536 0.011548 -0.325754
v -0.974536 0.007836 -0.319900
v -0.974536 0.002035 -0.316675
v -0.974536 -0.002447 -0.316675
v -0.974536 -0.008247 -0.319900
v -0.974536 -0.011960 -0.325754
v -0.974536 -0.012396 -0.332696
v -0.974536 -0.009441 -0.338979
v -0.974536 -0.003947 -0.342988
vt 0.375000 0.181797
vt 0.625000 0.181797
vt 0.625000 0.279084
vt 0.375000 0.279084
vt 0.375000 1.285581
vt 0.625000 1.285581
vt 0.625000 1.535580
vt 0.375000 1.535580
vt 0.698011 -0.182451
vt 0.671282 -0.184132
vt 0.644974 -0.189151
vt 0.619503 -0.197427
vt 0.595270 -0.208830
vt 0.572658 -0.223180
vt 0.552022 -0.240252
vt 0.533688 -0.259775
vt 0.517946 -0.281442
vt 0.505044 -0.304911
vt 0.495185 -0.329812
vt 0.488524 -0.355753
vt 0.485168 -0.382323
vt 0.485168 -0.409105
vt 0.488524 -0.435676
vt 0.495185 -0.461616
vt 0.505044 -0.486517
vt 0.517946 -0.509987
vt 0.533688 -0.531654
vt 0.552022 -0.551177
vt 0.572657 -0.568248
vt 0.595270 -0.582599
vt 0.619503 -0.594002
vt 0.644974 -0.602278
vt 0.671281 -0.607296
vt 0.678940 -0.452128
vt 0.678940 -0.330326
vt 0.706559 -0.330326
vt 0.724739 -0.184132
vt 0.455851 1.000386
vt 0.430586 1.000386
vt 0.405392 1.000386
vt 0.380661 1.000386
vt 0.356823 1.000386
vt 0.334317 1.000386
vt 0.313569 1.000385
vt 0.294979 1.000385
vt 0.278912 1.000385
vt 0.265685 1.000385
vt 0.255565 1.000385
vt 0.248764 1.000385
vt 0.245434 1.000385
vt 0.245667 1.000385
vt 0.249492 1.000385
vt 0.256877 1.000385
vt 0.267729 1.000385
vt 0.281894 1.000386
vt 0.299163 1.000385
vt 0.319271 1.000385
vt 0.341906 1.000386
vt 0.366708 1.000385
vt 0.393279 1.000385
vt 0.421187 1.000385
vt 0.449971 1.000385
vt 0.455543 1.000386
vt 0.447425 1.000386
vt 0.481527 1.000386
vt 0.480877 1.000386
vt 0.375000 0.459425
vt 0.625000 0.459425
vt 0.625000 0.469266
vt 0.375000 0.469267
vt 0.375000 0.470916
vt 0.625000 0.470916
vt 0.625000 0.568203
vt 0.375000 0.568203
vt 0.453436 1.000385
vt 0.481343 1.000385
vt 0.509055 1.000385
vt 0.536489 1.000385
vt 0.563476 1.000386
vt 0.588833 1.000386
vt 0.612104 1.000386
vt 0.632879 1.000386
vt 0.650794 1.000386
vt 0.665542 1.000386
vt 0.676875 1.000386
vt 0.684610 1.000386
vt 0.688633 1.000386
vt 0.688908 1.000386
vt 0.685479 1.000386
vt 0.678470 1.000386
vt 0.668091 1.000386
vt 0.654622 1.000386
vt 0.638414 1.000386
vt 0.619860 1.000386
vt 0.599369 1.000386
vt 0.577323 1.000386
vt 0.553944 1.000386
vt 0.528755 1.000386
vt 0.501863 1.000386
vt 0.474267 1.000386
vt 0.480303 1.000386
vt 0.491596 1.000386
vt 0.456057 1.000385
vt 0.375000 0.280733
vt 0.625000 0.280733
vt 0.625000 0.290575
vt 0.375000 0.290575
vt 0.698011 -0.608978
vt 0.724740 -0.607296
vt 0.751047 -0.602278
vt 0.776518 -0.594002
vt 0.800751 -0.582599
vt 0.823364 -0.568248
vt 0.844000 -0.551177
vt 0.862333 -0.531654
vt 0.878075 -0.509987
vt 0.890977 -0.486518
vt 0.900836 -0.461616
vt 0.907497 -0.435676
vt 0.910853 -0.409105
vt 0.910853 -0.382323
vt 0.907497 -0.355753
vt 0.900836 -0.329812
vt 0.890977 -0.304911
vt 0.878075 -0.281442
vt 0.862333 -0.259775
vt 0.844000 -0.240252
vt 0.823364 -0.223180
vt 0.800751 -0.208830
vt 0.776518 -0.197427
vt 0.751047 -0.189151
vt 0.706559 -0.452128
vt -0.410580 0.459452
vt -0.160581 0.459436
vt -0.160581 0.469351
vt -0.410581 0.469383
vt -0.410581 0.470919
vt -0.160581 0.470918
vt -0.160581 0.568203
vt -0.410581 0.568203
vt 1.160584 0.459428
vt 1.410584 0.459434
vt 1.410580 0.469303
vt 1.160580 0.469292
vt 1.160581 0.470918
vt 1.410581 0.470920
vt 1.410581 0.568203
vt 1.160581 0.568203
vt 0.698011 0.457139
vt 0.671282 0.455457
vt 0.644974 0.450439
vt 0.619503 0.442163
vt 0.595270 0.430759
vt 0.572657 0.416409
vt 0.552021 0.399337
vt 0.533688 0.379814
vt 0.517946 0.358147
vt 0.505044 0.334678
vt 0.495185 0.309777
vt 0.488524 0.283837
vt 0.485168 0.257266
vt 0.485168 0.230484
vt 0.488524 0.203913
vt 0.495185 0.177973
vt 0.505044 0.153072
vt 0.517946 0.129603
vt 0.533688 0.107936
vt 0.552022 0.088412
vt 0.572657 0.071341
vt 0.595270 0.056991
vt 0.619503 0.045587
vt 0.644974 0.037311
vt 0.671282 0.032293
vt 0.698011 0.030611
vt 0.724740 0.032293
vt 0.751047 0.037311
vt 0.776518 0.045587
vt 0.800751 0.056991
vt 0.823364 0.071341
vt 0.844000 0.088413
vt 0.862333 0.107936
vt 0.878075 0.129603
vt 0.890977 0.153072
vt 0.900836 0.177973
vt 0.907497 0.203913
vt 0.910853 0.230484
vt 0.910853 0.257266
vt 0.907497 0.283837
vt 0.900836 0.309777
vt 0.890978 0.334678
vt 0.878075 0.358147
vt 0.862333 0.379815
vt 0.844000 0.399338
vt 0.823364 0.416409
vt 0.800751 0.430760
vt 0.776518 0.442163
vt 0.751048 0.450439
vt 0.724740 0.455457
vt 0.041803 1.000386
vt 0.040399 1.000386
vt 0.041443 1.000386
vt 0.044548 1.000386
vt 0.049629 1.000386
vt 0.056668 1.000386
vt 0.065653 1.000386
vt 0.076556 1.000385
vt 0.089325 1.000384
vt 0.103883 1.000384
vt 0.120127 1.000384
vt 0.137926 1.000384
vt 0.157128 1.000385
vt 0.177560 1.000385
vt 0.199032 1.000385
vt 0.221342 1.000384
vt 0.244278 1.000384
vt 0.267627 1.000383
vt 0.291175 1.000384
vt 0.314716 1.000385
vt 0.338057 1.000385
vt 0.361023 1.000386
vt 0.383462 1.000386
vt 0.405254 1.000386
vt 0.426318 1.000385
vt 0.446617 1.000386
vt 0.466177 1.000385
vt 0.485097 1.000386
vt 0.503590 1.000386
vt 0.521802 1.000386
vt 0.539811 1.000386
vt 0.557674 1.000386
vt 0.575435 1.000386
vt 0.593134 1.000386
vt 0.610801 1.000386
vt 0.628465 1.000386
vt 0.646146 1.000386
vt 0.663853 1.000386
vt 0.681581 1.000386
vt 0.699297 1.000386
vt 0.716912 1.000386
vt 0.734226 1.000386
vt 0.750784 1.000385
vt 0.765477 1.000385
vt 0.775167 1.000385
vt 0.768519 1.000385
vt 0.694089 1.000385
vt 0.375553 1.000386
vt 0.095443 1.000386
vt 0.047869 1.000386
vt -0.075669 1.000386
vt -0.075669 1.000386
vt 0.637121 1.000385
vt 0.637120 1.000385
vt 0.379673 1.000386
vt 0.519045 1.000386
vt 0.656745 1.000386
vt 0.781117 1.000386
vt 0.883095 1.000385
vt 0.957785 1.000385
vt 1.004510 1.000385
vt 1.025759 1.000385
vt 1.025772 1.000385
vt 1.009356 1.000386
vt 0.981130 1.000386
vt 0.945172 1.000386
vt 0.904914 1.000386
vt 0.863183 1.000386
vt 0.822329 1.000386
vt 0.784481 1.000386
vt 0.750974 1.000386
vt 0.719525 1.000386
vt 0.689345 1.000386
vt 0.660106 1.000386
vt 0.631599 1.000386
vt 0.603672 1.000386
vt 0.576201 1.000386
vt 0.549078 1.000386
vt 0.522209 1.000386
vt 0.495503 1.000386
vt 0.468873 1.000386
vt 0.442232 1.000385
vt 0.415493 1.000385
vt 0.388563 1.000385
vt 0.361338 1.000385
vt 0.333699 1.000385
vt 0.305497 1.000385
vt 0.276527 1.000385
vt 0.246459 1.000384
vt 0.214521 1.000382
vt 0.178514 1.000384
vt 0.139440 1.000385
vt 0.098923 1.000386
vt 0.058648 1.000386
vt 0.020556 1.000386
vt -0.013073 1.000386
vt -0.039562 1.000386
vt -0.055806 1.000386
vt -0.058301 1.000386
vt -0.043267 1.000386
vt -0.006984 1.000387
vt 0.053578 1.000387
vt 0.139799 1.000386
vt 0.250236 1.000386
vt 0.074447 1.000386
vt 0.074447 1.000386
vt 0.158192 1.000386
vt 0.158192 1.000386
vt 25.084263 1.000334
vt 24.559898 1.000333
vt 25.269844 1.000329
vt 25.797020 1.000332
vt -2.881572 1.000404
vt -2.819638 1.000402
vt -2.736223 1.000402
vt -2.797829 1.000404
vt 24.769188 1.000331
vt 26.308735 1.000327
vt 26.876701 1.000325
vt 25.479158 1.000328
vt -2.844233 1.000411
vt -3.008430 1.000412
vt -2.941697 1.000411
vt -2.760819 1.000410
vt 26.308884 1.000326
vt 26.308887 1.000326
vt 26.876862 1.000324
vt 26.876862 1.000324
vt -3.008425 1.000403
vt -2.941691 1.000403
vt 26.309795 1.000317
vt 24.771584 1.000322
vt 25.481510 1.000319
vt 26.877834 1.000315
vt -3.008084 1.000415
vt -2.844059 1.000414
vt -2.760688 1.000413
vt -2.941374 1.000415
vt 24.774111 1.000300
vt 24.774261 1.000313
vt 25.484280 1.000310
vt 25.484114 1.000295
vt -2.843015 1.000411
vt -2.843006 1.000403
vt -2.759660 1.000402
vt -2.759670 1.000411
vt 24.774223 1.000314
vt 26.269012 1.000309
vt 26.841137 1.000307
vt 25.484215 1.000313
vt -3.002285 1.000414
vt -2.935120 1.000412
vt 26.268948 1.000320
vt 26.268929 1.000320
vt 26.841015 1.000316
vt 26.841042 1.000316
vt -3.002335 1.000431
vt -2.935174 1.000431
vt -2.935174 1.000432
vt 24.805893 1.000309
vt 25.512970 1.000307
vt -2.846393 1.000407
vt -2.763391 1.000408
vt -2.935131 1.000409
vt 24.805553 1.000302
vt 24.805542 1.000300
vt 25.512621 1.000296
vt 25.512630 1.000298
vt -2.846371 1.000425
vt -2.763366 1.000424
vt -2.694831 1.000452
vt -2.672542 1.000454
vt -2.755547 1.000454
vt -2.738819 1.000454
vt 24.596855 1.000283
vt 24.739298 1.000284
vt 24.032217 1.000290
vt 24.222179 1.000285
vt 0.721097 1.000280
vt 0.719378 1.000282
vt 0.730333 1.000280
vt 0.729357 1.000280
vt 0.742907 1.000363
vt 0.742907 1.000363
vt 0.731952 1.000365
vt 0.731952 1.000364
vt 0.877890 1.000360
vt 0.876907 1.000361
vt 0.891557 1.000357
vt 0.890981 1.000357
vt 0.901388 1.000263
vt 0.901388 1.000263
vt 0.886736 1.000266
vt 0.886736 1.000266
vt 0.946737 1.000297
vt 0.934882 1.000300
vt 0.780403 1.000341
vt 0.742895 1.000345
vt 0.731940 1.000344
vt 0.771538 1.000342
vt 0.946744 1.000261
vt 0.934889 1.000263
vt 0.780404 1.000330
vt 0.771537 1.000326
vt 0.900413 1.000306
vt 0.885702 1.000308
vt 0.742082 1.000347
vt 0.731082 1.000349
vt 0.900410 1.000299
vt 0.885699 1.000300
vt 0.742083 1.000319
vt 0.731082 1.000323
vt 0.948091 1.000280
vt 0.936321 1.000282
vt 0.781525 1.000350
vt 0.742083 1.000352
vt 0.731082 1.000353
vt 0.772723 1.000351
vt 0.948081 1.000256
vt 0.936310 1.000257
vt 0.781538 1.000330
vt 0.781538 1.000330
vt 0.772736 1.000330
vt 0.772736 1.000330
vt 0.900362 1.000292
vt 0.885648 1.000294
vt 0.742038 1.000334
vt 0.731036 1.000335
vt 0.938566 1.000281
vt 0.876866 1.000279
vt 0.862151 1.000283
vt 0.922299 1.000285
vt 0.757619 1.000371
vt 0.732056 1.000372
vt 0.721052 1.000371
vt 0.746216 1.000370
vt 0.054023 1.000386
vt 0.054023 1.000386
vt 0.037756 1.000386
vt 0.037756 1.000386
vt 0.051271 1.000386
vt 0.051271 1.000386
vt 0.039869 1.000387
vt 0.039869 1.000386
vt 0.060060 1.000387
vt 0.060060 1.000387
vt 0.042433 1.000388
vt 0.042433 1.000387
vt 0.067689 1.000386
vt 0.067689 1.000385
vt 0.049446 1.000385
vt 0.049446 1.000386
vt 0.639297 1.000438
vt 0.509912 1.000437
vt 0.496908 1.000437
vt 0.621055 1.000438
vt 0.800641 1.000342
vt 0.705324 1.000344
vt 0.690891 1.000342
vt 0.783013 1.000342
vt 0.555612 1.000447
vt 0.582536 1.000451
vt 0.572132 1.000450
vt 0.542607 1.000446
vt 0.740410 1.000358
vt 0.778156 1.000356
vt 0.766610 1.000357
vt 0.725978 1.000359
vt 0.582547 1.000450
vt 0.572146 1.000451
vt 0.572146 1.000451
vt 0.778151 1.000329
vt 0.778151 1.000329
vt 0.766605 1.000328
vt 0.766605 1.000328
vt 0.555647 1.000450
vt 0.542645 1.000448
vt 0.778165 1.000359
vt 0.740453 1.000361
vt 0.726023 1.000361
vt 0.766619 1.000360
vt 0.555644 1.000441
vt 0.542641 1.000440
vt 0.740455 1.000369
vt 0.726026 1.000368
vt 0.581782 1.000443
vt 0.571304 1.000442
vt 0.740453 1.000347
vt 0.777094 1.000344
vt 0.765466 1.000345
vt 0.726023 1.000348
vt 0.581784 1.000477
vt 0.581784 1.000477
vt 0.571307 1.000474
vt 0.571307 1.000474
vt 0.777085 1.000315
vt 0.765458 1.000317
vt 0.581781 1.000448
vt 0.556200 1.000445
vt 0.543251 1.000443
vt 0.571303 1.000446
vt 0.741229 1.000335
vt 0.726859 1.000336
vt 0.556198 1.000436
vt 0.543250 1.000437
vt 0.741227 1.000335
vt 0.726857 1.000337
vt 0.721543 1.000307
vt 0.721098 1.000309
vt 0.735471 1.000313
vt 0.735184 1.000312
vt 0.540156 1.000424
vt 0.539941 1.000423
vt 0.552890 1.000417
vt 0.552739 1.000416
vt 0.379609 1.000490
vt 0.379499 1.000491
vt 0.390489 1.000496
vt 0.390406 1.000495
vt 0.392378 1.000514
vt 0.392379 1.000515
vt 0.381388 1.000510
vt 0.381388 1.000509
vt 0.244432 1.000343
vt 0.244373 1.000343
vt 0.253152 1.000342
vt 0.253104 1.000343
vt 0.254202 1.000342
vt 0.254201 1.000342
vt 0.245423 1.000344
vt 0.245423 1.000345
vt 0.264906 1.000348
vt 0.254201 1.000351
vt 0.245423 1.000352
vt 0.257803 1.000349
vt 0.409500 1.000517
vt 0.400607 1.000514
vt 0.264905 1.000349
vt 0.257803 1.000351
vt 0.257803 1.000351
vt 0.409500 1.000525
vt 0.400608 1.000522
vt 0.253969 1.000353
vt 0.245154 1.000353
vt 0.392007 1.000514
vt 0.380971 1.000509
vt 0.253967 1.000345
vt 0.253967 1.000345
vt 0.245152 1.000347
vt 0.245152 1.000346
vt 0.392008 1.000522
vt 0.380973 1.000517
vt 0.265225 1.000348
vt 0.245154 1.000351
vt 0.258172 1.000350
vt 0.410011 1.000508
vt 0.401181 1.000506
vt 0.265226 1.000347
vt 0.258172 1.000341
vt 0.410008 1.000499
vt 0.401179 1.000498
vt 0.253947 1.000354
vt 0.265212 1.000352
vt 0.258159 1.000355
vt 0.245130 1.000355
vt 0.391977 1.000499
vt 0.380939 1.000496
vt 0.390123 1.000351
vt 0.189813 1.000348
vt 0.180996 1.000350
vt 0.371307 1.000352
vt 0.500991 1.000496
vt 0.336568 1.000498
vt 0.325530 1.000494
vt 0.482398 1.000492
vt 0.086664 1.000386
vt 0.086664 1.000387
vt 0.067847 1.000387
vt 0.067847 1.000386
vt 0.076573 1.000386
vt 0.076573 1.000386
vt 0.057980 1.000386
vt 0.057980 1.000386
vt 0.098001 1.000386
vt 0.098001 1.000386
vt 0.079027 1.000386
vt 0.079027 1.000385
vt 0.110647 1.000387
vt 0.110647 1.000386
vt 0.091557 1.000386
vt 0.091556 1.000387
vt 0.240626 1.000274
vt -0.031847 1.000271
vt -0.036280 1.000276
vt 0.221534 1.000279
vt 0.304309 1.000403
vt 0.067732 1.000404
vt 0.061175 1.000404
vt 0.285334 1.000403
vt 0.046366 1.000274
vt 0.049583 1.000271
vt 0.046037 1.000275
vt 0.041933 1.000279
vt 0.139502 1.000403
vt 0.145937 1.000403
vt 0.140692 1.000404
vt 0.132946 1.000403
vt 0.049596 1.000275
vt 0.046050 1.000277
vt 0.145949 1.000409
vt 0.140704 1.000408
vt 0.046380 1.000277
vt 0.041948 1.000280
vt 0.139519 1.000410
vt 0.132964 1.000410
vt 0.046380 1.000272
vt 0.041948 1.000275
vt 0.139519 1.000392
vt 0.132964 1.000392
vt 0.049505 1.000274
vt 0.045934 1.000275
vt 0.145767 1.000403
vt 0.140485 1.000404
vt 0.049505 1.000265
vt 0.045934 1.000270
vt 0.145768 1.000433
vt 0.140486 1.000438
vt 0.046446 1.000282
vt 0.042033 1.000284
vt 0.139652 1.000411
vt 0.133124 1.000412
vt 0.046446 1.000287
vt 0.042033 1.000288
vt 0.139652 1.000414
vt 0.133124 1.000415
vt 0.132603 1.000429
vt 0.132571 1.000428
vt 0.139100 1.000432
vt 0.139073 1.000433
vt 0.041787 1.000281
vt 0.041770 1.000281
vt 0.046183 1.000278
vt 0.046168 1.000278
vt -0.029387 1.000541
vt -0.029395 1.000543
vt -0.026808 1.000550
vt -0.026816 1.000551
vt -0.026703 1.000546
vt -0.026703 1.000545
vt -0.029289 1.000542
vt -0.029289 1.000543
vt -0.080983 1.000278
vt -0.080986 1.000278
vt -0.079798 1.000273
vt -0.079801 1.000272
vt -0.079768 1.000281
vt -0.080956 1.000283
vt -0.079441 1.000280
vt -0.080402 1.000281
vt -0.025472 1.000550
vt -0.027564 1.000546
vt -0.079440 1.000282
vt -0.080401 1.000283
vt -0.025471 1.000542
vt -0.025471 1.000542
vt -0.027564 1.000541
vt -0.079775 1.000278
vt -0.080968 1.000279
vt -0.026729 1.000547
vt -0.029326 1.000544
vt -0.079775 1.000277
vt -0.080967 1.000278
vt -0.026729 1.000539
vt -0.029326 1.000536
vt -0.079429 1.000270
vt -0.080384 1.000273
vt -0.025435 1.000546
vt -0.027513 1.000543
vt -0.079430 1.000278
vt -0.080385 1.000280
vt -0.025435 1.000544
vt -0.027513 1.000543
vt -0.079779 1.000271
vt -0.080972 1.000275
vt -0.026738 1.000549
vt -0.025445 1.000550
vt -0.029335 1.000545
vt 0.172079 1.000311
vt -0.166951 1.000249
vt -0.168144 1.000250
vt 0.152830 1.000310
vt 0.196901 1.000502
vt -0.110113 1.000581
vt -0.112711 1.000575
vt 0.177724 1.000502
vt 0.140122 1.000370
vt 0.140124 1.000370
vt 0.120876 1.000366
vt 0.120875 1.000366
vt 0.124669 1.000401
vt 0.124669 1.000401
vt 0.105491 1.000406
vt 0.105491 1.000405
vt 0.157053 1.000381
vt 0.157051 1.000382
vt 0.137749 1.000381
vt 0.137750 1.000380
vt 0.175475 1.000386
vt 0.175475 1.000387
vt 0.156127 1.000387
vt 0.156127 1.000386
vt 0.175405 1.000383
vt -0.215008 1.000386
vt -0.215005 1.000388
vt 0.165028 1.000409
vt -0.202244 1.000392
vt -0.202548 1.000392
vt 0.145724 1.000407
vt -0.124532 1.000390
vt -0.124534 1.000390
vt -0.124531 1.000391
vt -0.124529 1.000389
vt -0.112692 1.000405
vt -0.112666 1.000405
vt -0.112910 1.000403
vt -0.112997 1.000402
vt -0.124534 1.000398
vt -0.124532 1.000399
vt -0.112663 1.000391
vt -0.112906 1.000391
vt -0.124533 1.000383
vt -0.124530 1.000385
vt -0.112691 1.000406
vt -0.112996 1.000404
vt -0.124533 1.000380
vt -0.124530 1.000382
vt -0.112691 1.000393
vt -0.112995 1.000393
vt -0.124532 1.000385
vt -0.124530 1.000386
vt -0.112663 1.000387
vt -0.112909 1.000387
vt -0.124532 1.000386
vt -0.124529 1.000387
vt -0.112665 1.000406
vt -0.112910 1.000405
vt -0.124531 1.000375
vt -0.124528 1.000376
vt -0.112691 1.000399
vt -0.112995 1.000398
vt -0.124533 1.000383
vt -0.124530 1.000383
vt -0.112692 1.000399
vt -0.112995 1.000398
vt -0.112997 1.000401
vt -0.112696 1.000406
vt -0.124530 1.000393
vt -0.124533 1.000386
vt -0.114137 1.000424
vt -0.114137 1.000425
vt -0.113834 1.000427
vt -0.113835 1.000427
vt -0.113838 1.000424
vt -0.114141 1.000422
vt -0.080546 1.000335
vt -0.080549 1.000336
vt -0.079352 1.000330
vt -0.079355 1.000328
vt -0.079383 1.000331
vt -0.080580 1.000333
vt -0.080580 1.000334
vt -0.079942 1.000327
vt -0.080911 1.000328
vt -0.113924 1.000438
vt -0.114169 1.000436
vt -0.079942 1.000307
vt -0.080911 1.000308
vt -0.113922 1.000415
vt -0.114168 1.000416
vt -0.079370 1.000308
vt -0.080572 1.000313
vt -0.113837 1.000432
vt -0.114142 1.000430
vt -0.079371 1.000319
vt -0.080573 1.000322
vt -0.113837 1.000432
vt -0.114141 1.000430
vt -0.079958 1.000315
vt -0.080920 1.000319
vt -0.113925 1.000424
vt -0.114168 1.000422
vt -0.079960 1.000341
vt -0.080922 1.000338
vt -0.113925 1.000426
vt -0.114169 1.000424
vt -0.079360 1.000309
vt -0.080563 1.000313
vt -0.113830 1.000431
vt -0.114135 1.000428
vt 0.249030 1.000294
vt -0.167308 1.000301
vt -0.168510 1.000305
vt 0.229612 1.000299
vt 0.203388 1.000423
vt -0.203767 1.000428
vt -0.204071 1.000426
vt 0.184002 1.000423
vt 0.216813 1.000387
vt 0.216813 1.000386
vt 0.197397 1.000387
vt 0.197397 1.000387
vt 0.195401 1.000386
vt 0.195401 1.000386
vt 0.176016 1.000386
vt 0.176017 1.000386
vt 0.239665 1.000400
vt 0.239665 1.000399
vt 0.220223 1.000403
vt 0.220223 1.000404
vt 0.263902 1.000365
vt 0.263901 1.000365
vt 0.244438 1.000360
vt 0.244439 1.000361
vt 0.396388 1.000388
vt -0.011998 1.000286
vt -0.016517 1.000285
vt 0.376924 1.000384
vt 0.312926 1.000442
vt -0.104070 1.000539
vt -0.106705 1.000537
vt 0.293484 1.000444
vt 0.067765 1.000311
vt 0.063578 1.000310
vt 0.059964 1.000309
vt 0.063247 1.000310
vt -0.019534 1.000527
vt -0.021377 1.000525
vt -0.023484 1.000524
vt -0.022168 1.000523
vt 0.063567 1.000305
vt 0.059953 1.000301
vt -0.021387 1.000529
vt -0.023495 1.000527
vt 0.067748 1.000308
vt 0.063231 1.000308
vt -0.019547 1.000523
vt -0.022181 1.000520
vt 0.067748 1.000312
vt 0.063231 1.000311
vt -0.019548 1.000524
vt -0.022182 1.000522
vt 0.063686 1.000312
vt 0.060046 1.000311
vt -0.021335 1.000521
vt -0.023457 1.000518
vt 0.063687 1.000295
vt 0.060047 1.000300
vt -0.021336 1.000523
vt -0.023458 1.000521
vt 0.067662 1.000303
vt 0.063163 1.000303
vt -0.019586 1.000522
vt -0.022209 1.000519
vt 0.067661 1.000314
vt 0.063163 1.000309
vt -0.019586 1.000520
vt -0.022209 1.000519
vt -0.022095 1.000522
vt -0.022102 1.000523
vt -0.019479 1.000525
vt -0.019488 1.000525
vt 0.063447 1.000315
vt 0.063431 1.000316
vt 0.067930 1.000318
vt 0.067913 1.000317
vt 0.178614 1.000415
vt 0.178586 1.000415
vt 0.185290 1.000420
vt 0.185257 1.000421
vt 0.184725 1.000434
vt 0.184725 1.000436
vt 0.178021 1.000432
vt 0.178021 1.000432
vt 0.326695 1.000370
vt 0.326645 1.000369
vt 0.335741 1.000365
vt 0.335680 1.000364
vt 0.334652 1.000342
vt 0.334652 1.000340
vt 0.325556 1.000345
vt 0.325556 1.000345
vt 0.321826 1.000354
vt 0.334655 1.000352
vt 0.325558 1.000353
vt 0.314465 1.000354
vt 0.177164 1.000431
vt 0.171740 1.000428
vt 0.321822 1.000340
vt 0.321822 1.000339
vt 0.314461 1.000342
vt 0.314461 1.000342
vt 0.177165 1.000433
vt 0.171740 1.000430
vt 0.334934 1.000351
vt 0.321827 1.000351
vt 0.314466 1.000352
vt 0.325800 1.000351
vt 0.184887 1.000431
vt 0.178155 1.000428
vt 0.334939 1.000370
vt 0.325804 1.000369
vt 0.184888 1.000435
vt 0.178156 1.000434
vt 0.321447 1.000357
vt 0.314138 1.000356
vt 0.176938 1.000428
vt 0.171552 1.000427
vt 0.321448 1.000368
vt 0.314139 1.000369
vt 0.176938 1.000427
vt 0.171552 1.000427
vt 0.334967 1.000357
vt 0.321461 1.000357
vt 0.314153 1.000358
vt 0.325830 1.000358
vt 0.184912 1.000435
vt 0.176953 1.000433
vt 0.178178 1.000433
vt 0.630636 1.000365
vt 0.268499 1.000350
vt 0.259363 1.000352
vt 0.611141 1.000367
vt 0.501310 1.000447
vt 0.111202 1.000439
vt 0.104469 1.000438
vt 0.481827 1.000445
vt 0.316177 1.000384
vt 0.316177 1.000384
vt 0.296682 1.000383
vt 0.296682 1.000384
vt 0.289441 1.000384
vt 0.289441 1.000384
vt 0.269961 1.000383
vt 0.269961 1.000384
vt 0.343994 1.000387
vt 0.343994 1.000386
vt 0.324487 1.000386
vt 0.324487 1.000387
vt 0.372755 1.000387
vt 0.372755 1.000387
vt 0.353240 1.000389
vt 0.353240 1.000388
vt 0.984278 1.000362
vt 0.705542 1.000376
vt 0.691628 1.000375
vt 0.964761 1.000363
vt 0.789277 1.000545
vt 0.464491 1.000562
vt 0.452912 1.000557
vt 0.769770 1.000538
vt 0.754448 1.000368
vt 0.722857 1.000367
vt 0.711727 1.000368
vt 0.740534 1.000367
vt 0.522651 1.000558
vt 0.501426 1.000551
vt 0.492162 1.000547
vt 0.511071 1.000554
vt 0.722851 1.000388
vt 0.711719 1.000387
vt 0.501412 1.000558
vt 0.492149 1.000552
vt 0.492149 1.000552
vt 0.722842 1.000366
vt 0.754401 1.000365
vt 0.740490 1.000366
vt 0.501412 1.000548
vt 0.522616 1.000556
vt 0.511038 1.000552
vt 0.492148 1.000545
vt 0.754408 1.000369
vt 0.740496 1.000368
vt 0.522617 1.000552
vt 0.511039 1.000551
vt 0.511038 1.000548
vt 0.723739 1.000364
vt 0.712529 1.000364
vt 0.522618 1.000547
vt 0.502017 1.000540
vt 0.492687 1.000538
vt 0.511040 1.000544
vt 0.723751 1.000393
vt 0.723752 1.000393
vt 0.712539 1.000391
vt 0.502010 1.000499
vt 0.492680 1.000496
vt 0.723737 1.000358
vt 0.753748 1.000356
vt 0.739894 1.000358
vt 0.522180 1.000554
vt 0.510651 1.000549
vt 0.753751 1.000360
vt 0.753750 1.000357
vt 0.739897 1.000360
vt 0.522180 1.000552
vt 0.510650 1.000547
vt 0.510650 1.000546
vt 0.512717 1.000557
vt 0.512628 1.000556
vt 0.524159 1.000557
vt 0.524044 1.000557
vt 0.743589 1.000347
vt 0.743429 1.000348
vt 0.757284 1.000352
vt 0.757054 1.000352
vt 1.026037 1.000392
vt 1.025719 1.000393
vt 1.041634 1.000396
vt 1.041142 1.000397
vt 1.035286 1.000433
vt 1.035288 1.000436
vt 1.019372 1.000434
vt 1.019371 1.000432
vt 1.350788 1.000185
vt 1.350093 1.000186
vt 1.367679 1.000182
vt 1.366501 1.000182
vt 1.355871 1.000213
vt 1.355868 1.000213
vt 1.338284 1.000216
vt 1.338286 1.000216
vt 1.298090 1.000233
vt 1.283859 1.000235
vt 0.992522 1.000400
vt 0.979644 1.000399
vt 1.298055 1.000235
vt 1.283826 1.000238
vt 1.283826 1.000238
vt 0.992546 1.000421
vt 0.979666 1.000417
vt 0.979667 1.000419
vt 1.357133 1.000235
vt 1.283863 1.000247
vt 1.339474 1.000238
vt 1.036206 1.000413
vt 0.979645 1.000411
vt 1.020224 1.000413
vt 1.357111 1.000175
vt 1.339455 1.000183
vt 1.036206 1.000412
vt 1.020225 1.000410
vt 1.296359 1.000237
vt 1.282229 1.000238
vt 0.991235 1.000404
vt 0.978448 1.000403
vt 1.296361 1.000223
vt 1.282235 1.000227
vt 0.991248 1.000416
vt 0.978460 1.000413
vt 0.978460 1.000413
vt 1.357206 1.000256
vt 1.296381 1.000265
vt 1.282252 1.000268
vt 1.339544 1.000259
vt 1.036246 1.000415
vt 1.020263 1.000413
vt 1.494258 1.000270
vt 1.328975 1.000258
vt 1.311311 1.000258
vt 1.474732 1.000271
vt 1.222485 1.000424
vt 0.997372 1.000429
vt 0.981390 1.000428
vt 1.202963 1.000423
vt 0.432485 1.000385
vt 0.432484 1.000385
vt 0.412957 1.000386
vt 0.412957 1.000385
vt 0.402306 1.000385
vt 0.402306 1.000386
vt 0.382784 1.000386
vt 0.382784 1.000386
vt 0.463122 1.000386
vt 0.463121 1.000386
vt 0.443591 1.000386
vt 0.443591 1.000386
vt 0.494032 1.000386
vt 0.494032 1.000386
vt 0.474500 1.000385
vt 0.474500 1.000385
vt 1.183475 1.000420
vt 1.149572 1.000413
vt 1.130117 1.000413
vt 1.163941 1.000417
vt 1.672962 1.000343
vt 1.572030 1.000332
vt 1.553186 1.000334
vt 1.653431 1.000344
vt 1.155310 1.000416
vt 1.113122 1.000414
vt 1.097558 1.000413
vt 1.135855 1.000414
vt 1.589143 1.000316
vt 1.517754 1.000319
vt 1.502678 1.000320
vt 1.570297 1.000317
vt 1.113122 1.000422
vt 1.097558 1.000421
vt 1.517781 1.000374
vt 1.517780 1.000374
vt 1.502702 1.000376
vt 1.502704 1.000376
vt 1.155277 1.000425
vt 1.135825 1.000425
vt 1.517768 1.000347
vt 1.589090 1.000346
vt 1.570249 1.000346
vt 1.502691 1.000347
vt 1.155249 1.000405
vt 1.135799 1.000404
vt 1.589113 1.000381
vt 1.589107 1.000375
vt 1.570261 1.000373
vt 1.570265 1.000379
vt 1.155257 1.000426
vt 1.114307 1.000423
vt 1.098633 1.000422
vt 1.519820 1.000364
vt 1.504636 1.000364
vt 1.114291 1.000434
vt 1.098615 1.000432
vt 1.519839 1.000401
vt 1.504658 1.000402
vt 1.504658 1.000403
vt 1.154362 1.000424
vt 1.134990 1.000423
vt 1.587650 1.000377
vt 1.568886 1.000376
vt 1.504638 1.000375
vt 1.154360 1.000419
vt 1.134990 1.000419
vt 1.587663 1.000386
vt 1.568896 1.000385
vt 1.592023 1.000349
vt 1.590354 1.000351
vt 1.609117 1.000349
vt 1.606169 1.000348
vt 1.160067 1.000397
vt 1.156167 1.000397
vt 1.175539 1.000398
vt 1.170332 1.000397
vt -0.170775 1.000352
vt -0.175979 1.000359
vt -0.156609 1.000355
vt -0.160510 1.000353
vt -0.135415 1.000399
vt -0.135414 1.000400
vt -0.154784 1.000400
vt -0.154784 1.000399
vt -0.606382 1.000540
vt -0.609326 1.000540
vt -0.590566 1.000540
vt -0.592237 1.000540
vt -0.569077 1.000544
vt -0.569077 1.000542
vt -0.587836 1.000545
vt -0.587836 1.000546
vt -0.504853 1.000523
vt -0.520033 1.000525
vt -0.099023 1.000410
vt -0.114696 1.000410
vt -0.504867 1.000493
vt -0.520046 1.000493
vt -0.099018 1.000407
vt -0.114690 1.000409
vt -0.570481 1.000511
vt -0.589318 1.000513
vt -0.136219 1.000408
vt -0.155668 1.000410
vt -0.570483 1.000515
vt -0.589320 1.000517
vt -0.136221 1.000400
vt -0.155671 1.000401
vt -0.502935 1.000489
vt -0.518008 1.000490
vt -0.097974 1.000405
vt -0.113536 1.000405
vt -0.502914 1.000480
vt -0.517986 1.000481
vt -0.097972 1.000419
vt -0.113535 1.000420
vt -0.570552 1.000476
vt -0.589394 1.000478
vt -0.136275 1.000399
vt -0.155728 1.000401
vt -0.653656 1.000499
vt -0.553427 1.000503
vt -0.572269 1.000508
vt -0.673182 1.000501
vt -0.164352 1.000426
vt -0.130534 1.000420
vt -0.149987 1.000420
vt -0.183882 1.000427
vt 0.555935 1.000386
vt 0.555935 1.000386
vt 0.536407 1.000386
vt 0.536407 1.000386
vt 0.525031 1.000386
vt 0.525031 1.000385
vt 0.505500 1.000386
vt 0.505500 1.000386
vt 0.586558 1.000386
vt 0.586558 1.000386
vt 0.567036 1.000386
vt 0.567036 1.000386
vt 0.616718 1.000385
vt 0.616718 1.000385
vt 0.597203 1.000386
vt 0.597203 1.000385
vt -0.203152 1.000367
vt 0.018347 1.000357
vt 0.002370 1.000356
vt -0.222667 1.000368
vt -0.474906 1.000431
vt -0.311527 1.000432
vt -0.329184 1.000434
vt -0.494428 1.000432
vt -0.020533 1.000345
vt 0.021258 1.000347
vt 0.008476 1.000346
vt -0.036510 1.000344
vt -0.339751 1.000397
vt -0.282476 1.000396
vt -0.296601 1.000396
vt -0.357408 1.000397
vt 0.021266 1.000293
vt 0.008483 1.000293
vt -0.282484 1.000387
vt -0.296611 1.000387
vt 0.021273 1.000354
vt -0.020477 1.000353
vt -0.036452 1.000352
vt 0.008491 1.000353
vt -0.339682 1.000395
vt -0.357337 1.000395
vt -0.020493 1.000354
vt -0.036468 1.000353
vt -0.339696 1.000373
vt -0.357350 1.000370
vt 0.020083 1.000355
vt 0.007211 1.000354
vt -0.284098 1.000386
vt -0.298324 1.000385
vt 0.020104 1.000409
vt 0.007234 1.000408
vt -0.284099 1.000384
vt -0.298326 1.000384
vt -0.019627 1.000350
vt -0.035536 1.000349
vt -0.338525 1.000374
vt -0.356107 1.000375
vt -0.019623 1.000343
vt -0.035533 1.000341
vt -0.338522 1.000361
vt -0.356103 1.000360
vt -0.366721 1.000409
vt -0.367900 1.000408
vt -0.350319 1.000408
vt -0.351013 1.000409
vt -0.041427 1.000377
vt -0.041920 1.000380
vt -0.026009 1.000383
vt -0.026328 1.000383
vt 0.242604 1.000349
vt 0.242375 1.000349
vt 0.256220 1.000346
vt 0.256057 1.000346
vt 0.259759 1.000353
vt 0.259759 1.000352
vt 0.245912 1.000352
vt 0.245912 1.000352
vt 0.475396 1.000349
vt 0.475279 1.000350
vt 0.486805 1.000356
vt 0.486718 1.000357
vt 0.488795 1.000350
vt 0.488794 1.000349
vt 0.477269 1.000350
vt 0.477270 1.000350
vt 0.506754 1.000359
vt 0.477269 1.000356
vt 0.497427 1.000358
vt 0.287106 1.000345
vt 0.259751 1.000343
vt 0.245904 1.000343
vt 0.275901 1.000345
vt 0.506765 1.000367
vt 0.497441 1.000366
vt 0.287120 1.000379
vt 0.287121 1.000378
vt 0.275918 1.000381
vt 0.275917 1.000381
vt 0.488409 1.000355
vt 0.476835 1.000353
vt 0.259157 1.000342
vt 0.287106 1.000343
vt 0.275902 1.000342
vt 0.245252 1.000340
vt 0.488409 1.000364
vt 0.476835 1.000360
vt 0.259162 1.000349
vt 0.245257 1.000346
vt 0.507300 1.000361
vt 0.498039 1.000360
vt 0.287916 1.000343
vt 0.259150 1.000341
vt 0.245244 1.000340
vt 0.276790 1.000343
vt 0.507304 1.000366
vt 0.498042 1.000363
vt 0.287925 1.000356
vt 0.287926 1.000355
vt 0.276801 1.000355
vt 0.276800 1.000356
vt 0.488381 1.000368
vt 0.476805 1.000369
vt 0.259109 1.000332
vt 0.287904 1.000335
vt 0.276779 1.000334
vt 0.245202 1.000330
vt 0.229859 1.000370
vt 0.546512 1.000368
vt 0.534935 1.000365
vt 0.210363 1.000370
vt 0.034975 1.000307
vt 0.307984 1.000309
vt 0.294076 1.000307
vt 0.015467 1.000305
vt 0.674972 1.000386
vt 0.674972 1.000385
vt 0.655477 1.000385
vt 0.655477 1.000386
vt 0.646246 1.000387
vt 0.646246 1.000387
vt 0.626739 1.000387
vt 0.626739 1.000387
vt 0.702751 1.000386
vt 0.702751 1.000386
vt 0.683270 1.000386
vt 0.683270 1.000386
vt 0.729434 1.000385
vt 0.729435 1.000386
vt 0.709973 1.000386
vt 0.709971 1.000386
vt 0.517961 1.000439
vt 0.894992 1.000440
vt 0.888271 1.000442
vt 0.498503 1.000441
vt 0.388555 1.000388
vt 0.740079 1.000381
vt 0.730950 1.000382
vt 0.369075 1.000388
vt 0.821350 1.000442
vt 0.827948 1.000440
vt 0.822573 1.000441
vt 0.814631 1.000445
vt 0.673655 1.000379
vt 0.685324 1.000380
vt 0.678021 1.000380
vt 0.664527 1.000381
vt 0.827970 1.000465
vt 0.827970 1.000465
vt 0.822594 1.000464
vt 0.822594 1.000464
vt 0.685334 1.000376
vt 0.678035 1.000374
vt 0.827960 1.000443
vt 0.821368 1.000445
vt 0.814650 1.000446
vt 0.822583 1.000444
vt 0.673693 1.000382
vt 0.664567 1.000383
vt 0.821361 1.000434
vt 0.814642 1.000432
vt 0.814643 1.000435
vt 0.673692 1.000380
vt 0.664566 1.000380
vt 0.821369 1.000453
vt 0.827773 1.000451
vt 0.822358 1.000452
vt 0.814652 1.000455
vt 0.685013 1.000381
vt 0.677658 1.000381
vt 0.827762 1.000438
vt 0.827762 1.000437
vt 0.822348 1.000438
vt 0.822348 1.000438
vt 0.685023 1.000382
vt 0.677667 1.000383
vt 0.821506 1.000447
vt 0.814816 1.000449
vt 0.822360 1.000446
vt 0.673935 1.000387
vt 0.664846 1.000387
vt 0.821501 1.000452
vt 0.821500 1.000450
vt 0.814810 1.000454
vt 0.814810 1.000455
vt 0.673932 1.000384
vt 0.664842 1.000385
vt 0.663828 1.000375
vt 0.663768 1.000376
vt 0.672859 1.000379
vt 0.672809 1.000380
vt 0.814262 1.000443
vt 0.814229 1.000445
vt 0.820926 1.000444
vt 0.820899 1.000444
vt 0.931211 1.000319
vt 0.931194 1.000318
vt 0.935689 1.000322
vt 0.935673 1.000324
vt 0.935956 1.000323
vt 0.935954 1.000321
vt 0.931461 1.000320
vt 0.931462 1.000321
vt 1.018249 1.000304
vt 1.018241 1.000303
vt 1.020867 1.000306
vt 1.020859 1.000307
vt 1.020970 1.000312
vt 1.020971 1.000312
vt 1.018343 1.000309
vt 1.018343 1.000309
vt 1.022213 1.000303
vt 1.020086 1.000300
vt 0.939075 1.000322
vt 0.935440 1.000321
vt 1.022216 1.000295
vt 1.020089 1.000289
vt 0.939061 1.000326
vt 0.935424 1.000326
vt 1.020948 1.000292
vt 1.018309 1.000288
vt 0.935891 1.000323
vt 0.931377 1.000321
vt 1.020939 1.000296
vt 1.018301 1.000292
vt 0.935882 1.000313
vt 0.931369 1.000309
vt 1.022260 1.000299
vt 1.020150 1.000298
vt 0.939159 1.000319
vt 0.935547 1.000316
vt 1.022271 1.000301
vt 1.020161 1.000301
vt 1.020161 1.000299
vt 0.939160 1.000322
vt 0.935546 1.000319
vt 1.020941 1.000302
vt 1.020149 1.000301
vt 1.018302 1.000300
vt 0.935860 1.000313
vt 0.939141 1.000313
vt 0.931346 1.000308
vt 0.705719 1.000294
vt 1.105364 1.000297
vt 1.102726 1.000293
vt 0.686296 1.000290
vt 0.622531 1.000314
vt 1.015540 1.000316
vt 1.011025 1.000313
vt 0.603087 1.000311
vt 0.779082 1.000389
vt 0.779082 1.000389
vt 0.759666 1.000388
vt 0.759666 1.000388
vt 0.754916 1.000388
vt 0.754916 1.000388
vt 0.735474 1.000388
vt 0.735474 1.000388
vt 0.801851 1.000389
vt 0.801852 1.000390
vt 0.782466 1.000390
vt 0.782466 1.000388
vt 0.823154 1.000382
vt 0.823154 1.000382
vt 0.803808 1.000383
vt 0.803808 1.000383
vt 0.815162 1.000381
vt 1.202471 1.000365
vt 1.202165 1.000364
vt 0.795814 1.000382
vt 0.769696 1.000340
vt 1.167194 1.000345
vt 1.165996 1.000344
vt 0.750311 1.000339
vt 1.112716 1.000367
vt 1.112746 1.000367
vt 1.112502 1.000366
vt 1.112410 1.000366
vt 1.079373 1.000322
vt 1.079724 1.000323
vt 1.078764 1.000322
vt 1.078174 1.000321
vt 1.112758 1.000364
vt 1.112757 1.000363
vt 1.112516 1.000366
vt 1.079741 1.000323
vt 1.078779 1.000322
vt 1.112736 1.000373
vt 1.112432 1.000372
vt 1.079380 1.000331
vt 1.078179 1.000328
vt 1.112729 1.000367
vt 1.112425 1.000365
vt 1.079383 1.000321
vt 1.078183 1.000319
vt 1.112761 1.000366
vt 1.112517 1.000368
vt 1.079712 1.000319
vt 1.078744 1.000317
vt 1.112751 1.000363
vt 1.112503 1.000362
vt 1.079726 1.000340
vt 1.078759 1.000337
vt 1.078759 1.000338
vt 1.112743 1.000363
vt 1.112719 1.000363
vt 1.112415 1.000364
vt 1.079395 1.000333
vt 1.078200 1.000331
vt 1.112724 1.000360
vt 1.112420 1.000360
vt 1.079384 1.000327
vt 1.078191 1.000325
vt 1.078172 1.000327
vt 1.079357 1.000330
vt 1.112418 1.000360
vt 1.112723 1.000362
vt 1.122856 1.000272
vt 1.122857 1.000274
vt 1.122859 1.000279
vt 1.122858 1.000278
vt 1.122866 1.000274
vt 1.122864 1.000270
vt 1.110999 1.000377
vt 1.110998 1.000376
vt 1.111298 1.000376
vt 1.111298 1.000376
vt 1.111294 1.000382
vt 1.110990 1.000381
vt 1.111211 1.000378
vt 1.110967 1.000376
vt 1.122858 1.000276
vt 1.122856 1.000272
vt 1.111224 1.000397
vt 1.110978 1.000394
vt 1.122858 1.000283
vt 1.122854 1.000276
vt 1.111297 1.000385
vt 1.110994 1.000384
vt 1.122853 1.000280
vt 1.122851 1.000277
vt 1.111296 1.000382
vt 1.110993 1.000381
vt 1.122859 1.000285
vt 1.122856 1.000281
vt 1.111204 1.000389
vt 1.110960 1.000388
vt 1.122859 1.000282
vt 1.122858 1.000279
vt 1.111218 1.000386
vt 1.110977 1.000385
vt 1.122853 1.000269
vt 1.122851 1.000263
vt 1.111288 1.000386
vt 1.110985 1.000386
vt 1.122862 1.000289
vt 1.122862 1.000286
vt 0.853314 1.000380
vt 1.200589 1.000383
vt 1.200286 1.000382
vt 0.834066 1.000380
vt 0.842926 1.000291
vt 1.213123 1.000274
vt 1.213122 1.000271
vt 0.823622 1.000288
vt 0.861244 1.000388
vt 0.861244 1.000387
vt 0.841997 1.000388
vt 0.841997 1.000387
vt 0.842967 1.000384
vt 0.842967 1.000384
vt 0.823663 1.000384
vt 0.823663 1.000384
vt 0.877990 1.000385
vt 0.877989 1.000384
vt 0.858811 1.000384
vt 0.858812 1.000385
vt 0.893216 1.000384
vt 0.893217 1.000385
vt 0.874127 1.000385
vt 0.874126 1.000384
vt 0.821250 1.000374
vt 1.110345 1.000368
vt 1.107756 1.000367
vt 0.802160 1.000375
vt 0.846129 1.000376
vt 1.165949 1.000373
vt 1.164762 1.000373
vt 0.826947 1.000374
vt 1.027352 1.000361
vt 1.025548 1.000361
vt 1.023476 1.000360
vt 1.024765 1.000361
vt 1.079094 1.000374
vt 1.078513 1.000374
vt 1.077561 1.000374
vt 1.077904 1.000374
vt 1.025534 1.000364
vt 1.023462 1.000360
vt 1.078512 1.000381
vt 1.077558 1.000379
vt 1.027343 1.000370
vt 1.024757 1.000371
vt 1.079096 1.000375
vt 1.077909 1.000376
vt 1.027349 1.000378
vt 1.024762 1.000378
vt 1.079096 1.000377
vt 1.077910 1.000378
vt 1.025588 1.000369
vt 1.023504 1.000368
vt 1.078520 1.000373
vt 1.077561 1.000371
vt 1.025585 1.000368
vt 1.023497 1.000368
vt 1.078533 1.000369
vt 1.077574 1.000364
vt 1.027313 1.000374
vt 1.024734 1.000373
vt 1.079081 1.000368
vt 1.077897 1.000368
vt 1.027312 1.000375
vt 1.024735 1.000375
vt 1.079082 1.000374
vt 1.077896 1.000374
vt 1.077919 1.000360
vt 1.079102 1.000365
vt 1.024837 1.000367
vt 1.024830 1.000370
vt 1.027411 1.000373
vt 1.027404 1.000371
vt 0.952150 1.000477
vt 0.952136 1.000478
vt 0.956522 1.000481
vt 0.956504 1.000481
vt 0.956262 1.000483
vt 0.956262 1.000483
vt 0.951877 1.000485
vt 0.951878 1.000486
vt 0.859500 1.000388
vt 0.859473 1.000387
vt 0.865954 1.000387
vt 0.865923 1.000388
vt 0.865409 1.000382
vt 0.865409 1.000383
vt 0.858931 1.000381
vt 0.858931 1.000381
vt 0.858099 1.000371
vt 0.852857 1.000370
vt 0.952387 1.000481
vt 0.948839 1.000484
vt 0.858107 1.000381
vt 0.852863 1.000381
vt 0.952385 1.000485
vt 0.948839 1.000488
vt 0.865563 1.000377
vt 0.859058 1.000376
vt 0.956346 1.000488
vt 0.951943 1.000490
vt 0.865559 1.000378
vt 0.859054 1.000379
vt 0.956355 1.000495
vt 0.956355 1.000497
vt 0.951955 1.000500
vt 0.951954 1.000498
vt 0.857875 1.000375
vt 0.852671 1.000376
vt 0.952277 1.000493
vt 0.951950 1.000494
vt 0.948756 1.000497
vt 0.857869 1.000369
vt 0.852660 1.000371
vt 0.952278 1.000495
vt 0.948757 1.000499
vt 0.865571 1.000373
vt 0.859062 1.000371
vt 0.956361 1.000478
vt 0.951960 1.000482
vt 0.714454 1.000380
vt 0.936743 1.000379
vt 0.930236 1.000379
vt 0.695632 1.000381
vt 0.777856 1.000482
vt 1.034112 1.000488
vt 1.029710 1.000491
vt 0.758883 1.000485
vt 0.919195 1.000386
vt 0.919194 1.000385
vt 0.900377 1.000386
vt 0.900377 1.000386
vt 0.906944 1.000386
vt 0.906945 1.000386
vt 0.887970 1.000386
vt 0.887970 1.000385
vt 0.929981 1.000386
vt 0.929981 1.000386
vt 0.911388 1.000386
vt 0.911388 1.000386
vt 0.939223 1.000385
vt 0.939223 1.000386
vt 0.920979 1.000385
vt 0.920979 1.000385
vt 0.522779 1.000353
vt 0.676701 1.000349
vt 0.665870 1.000350
vt 0.504536 1.000352
vt 0.630033 1.000272
vt 0.818063 1.000265
vt 0.809350 1.000263
vt 0.611439 1.000268
vt 0.622329 1.000344
vt 0.602482 1.000342
vt 0.593817 1.000341
vt 0.611499 1.000343
vt 0.754703 1.000286
vt 0.741824 1.000280
vt 0.734853 1.000279
vt 0.745989 1.000283
vt 0.602487 1.000366
vt 0.602488 1.000366
vt 0.593823 1.000364
vt 0.593822 1.000364
vt 0.741806 1.000269
vt 0.734836 1.000267
vt 0.734836 1.000267
vt 0.602470 1.000349
vt 0.622301 1.000351
vt 0.611473 1.000350
vt 0.593806 1.000349
vt 0.754678 1.000278
vt 0.745965 1.000275
vt 0.622316 1.000373
vt 0.611489 1.000373
vt 0.611485 1.000371
vt 0.754685 1.000276
vt 0.745971 1.000272
vt 0.622298 1.000346
vt 0.603029 1.000344
vt 0.594303 1.000342
vt 0.611468 1.000344
vt 0.742174 1.000269
vt 0.735153 1.000267
vt 0.603017 1.000343
vt 0.594293 1.000341
vt 0.742186 1.000282
vt 0.735158 1.000279
vt 0.621886 1.000343
vt 0.611102 1.000341
vt 0.754415 1.000279
vt 0.745737 1.000275
vt 0.621885 1.000355
vt 0.621885 1.000355
vt 0.611104 1.000355
vt 0.611104 1.000355
vt 0.754410 1.000281
vt 0.745731 1.000275
vt 0.746823 1.000282
vt 0.746777 1.000282
vt 0.755457 1.000290
vt 0.755399 1.000291
vt 0.613036 1.000343
vt 0.612953 1.000342
vt 0.623738 1.000343
vt 0.623631 1.000343
vt 0.460277 1.000321
vt 0.460129 1.000318
vt 0.472641 1.000318
vt 0.472436 1.000320
vt 0.469449 1.000316
vt 0.469449 1.000317
vt 0.456936 1.000314
vt 0.456936 1.000313
vt 0.311772 1.000315
vt 0.311504 1.000313
vt 0.324765 1.000312
vt 0.324355 1.000312
vt 0.319435 1.000331
vt 0.319436 1.000331
vt 0.306172 1.000328
vt 0.306171 1.000328
vt 0.283817 1.000331
vt 0.273086 1.000331
vt 0.442331 1.000315
vt 0.432204 1.000314
vt 0.283806 1.000302
vt 0.273074 1.000302
vt 0.442329 1.000303
vt 0.432203 1.000302
vt 0.320214 1.000329
vt 0.306896 1.000327
vt 0.470031 1.000317
vt 0.457465 1.000315
vt 0.320211 1.000327
vt 0.306892 1.000325
vt 0.470016 1.000300
vt 0.457450 1.000297
vt 0.282733 1.000307
vt 0.272076 1.000306
vt 0.441519 1.000304
vt 0.431464 1.000302
vt 0.282738 1.000324
vt 0.272080 1.000323
vt 0.441549 1.000333
vt 0.431497 1.000332
vt 0.320253 1.000312
vt 0.282752 1.000308
vt 0.306933 1.000310
vt 0.470055 1.000307
vt 0.457487 1.000305
vt 0.267610 1.000301
vt 0.352623 1.000297
vt 0.339301 1.000294
vt 0.251340 1.000299
vt 0.394265 1.000308
vt 0.514221 1.000306
vt 0.501654 1.000304
vt 0.376638 1.000306
vt 0.951127 1.000385
vt 0.951127 1.000384
vt 0.934860 1.000385
vt 0.934860 1.000385
vt 0.946638 1.000386
vt 0.946638 1.000386
vt 0.929011 1.000385
vt 0.929011 1.000385
vt 0.946617 1.000387
vt 0.946617 1.000387
vt 0.935214 1.000386
vt 0.935214 1.000386
vt 0.773014 1.000384
vt 0.773014 1.000384
vt 0.856760 1.000385
vt 0.856760 1.000385
vt 5.960680 1.000371
vt 5.775858 1.000372
vt 5.856655 1.000369
vt 6.044428 1.000370
vt 0.326610 1.000271
vt 0.368769 1.000268
vt 0.358456 1.000265
vt 0.315207 1.000267
vt 5.849252 1.000421
vt 6.155354 1.000423
vt 6.219998 1.000423
vt 5.930061 1.000422
vt 0.352291 1.000283
vt 0.316774 1.000275
vt 0.308523 1.000274
vt 0.341977 1.000281
vt 6.155335 1.000402
vt 6.155334 1.000402
vt 6.219970 1.000402
vt 0.316766 1.000313
vt 0.308512 1.000311
vt 6.155357 1.000427
vt 5.849539 1.000424
vt 5.930326 1.000424
vt 0.352250 1.000300
vt 0.341938 1.000298
vt 5.849589 1.000431
vt 5.849532 1.000431
vt 5.930324 1.000433
vt 5.930385 1.000432
vt 0.352269 1.000306
vt 0.341957 1.000306
vt 6.146632 1.000413
vt 6.211730 1.000412
vt 0.317776 1.000303
vt 0.309466 1.000303
vt 0.341942 1.000307
vt 6.146690 1.000475
vt 6.146690 1.000475
vt 6.211801 1.000477
vt 6.211801 1.000477
vt 0.317769 1.000275
vt 0.309459 1.000275
vt 6.146664 1.000416
vt 5.855841 1.000412
vt 5.936296 1.000413
vt 6.211765 1.000415
vt 0.351532 1.000305
vt 0.341263 1.000303
vt 5.855820 1.000412
vt 5.936269 1.000412
vt 0.351550 1.000311
vt 0.351551 1.000313
vt 0.341282 1.000313
vt 0.348602 1.000304
vt 0.348196 1.000306
vt 0.358463 1.000310
vt 0.357775 1.000308
vt 5.836935 1.000410
vt 5.844117 1.000412
vt 5.763665 1.000412
vt 5.776278 1.000411
vt 0.527392 1.000386
vt 0.511751 1.000386
vt 0.490063 1.000386
vt 0.465494 1.000386
vt 0.441035 1.000385
vt 0.418001 1.000385
vt 0.396916 1.000385
vt 0.378146 1.000385
vt 0.362181 1.000385
vt 0.349535 1.000385
vt 0.340484 1.000385
vt 0.335165 1.000385
vt 0.333636 1.000384
vt 0.335892 1.000384
vt 0.341869 1.000385
vt 0.351450 1.000385
vt 0.364460 1.000385
vt 0.380671 1.000385
vt 0.399801 1.000385
vt 0.421507 1.000385
vt 0.445371 1.000385
vt 0.470861 1.000385
vt 0.497203 1.000386
vt 0.522983 1.000386
vt 0.545222 1.000386
vt 0.560948 1.000386
vt 0.576525 1.000386
vt 0.598129 1.000386
vt 0.622667 1.000386
vt 0.647193 1.000386
vt 0.670341 1.000386
vt 0.691385 1.000386
vt 0.709848 1.000387
vt 0.725364 1.000386
vt 0.737648 1.000387
vt 0.746483 1.000387
vt 0.751706 1.000387
vt 0.753215 1.000387
vt 0.750964 1.000386
vt 0.744969 1.000387
vt 0.735308 1.000387
vt 0.722133 1.000386
vt 0.705700 1.000386
vt 0.686442 1.000386
vt 0.664990 1.000386
vt 0.641714 1.000387
vt 0.616851 1.000386
vt 0.590942 1.000386
vt 0.565365 1.000386
vt 0.543156 1.000386
vt 0.000000 0.000000
vt 0.000000 0.000000
vt 0.000000 0.000000
vt 0.000000 0.000000
vt 0.000000 0.000000
vt 0.000000 0.000000
vt 0.000000 0.000000
vt 0.000000 0.000000
vt 0.375000 0.000000
vt 0.625000 0.000000
vt 0.625000 0.250000
vt 0.375000 0.250000
vt 0.375000 0.408986
vt 0.625000 0.408986
vt 0.625000 0.831067
vt 0.375000 0.831067
vt 0.375000 0.841014
vt 0.375000 0.091014
vt 0.375000 0.668933
vt 0.625000 0.668933
vt 0.625000 0.841014
vt 0.625000 0.091014
vt 0.375000 0.000000
vt 0.375000 0.250000
vt 0.625000 0.250000
vt 0.625000 0.000000
vt 0.375000 0.000000
vt 0.375000 0.250000
vt 0.625000 0.250000
vt 0.625000 0.000000
vt 0.375000 0.181797
vt 0.375000 0.279084
vt 0.625000 0.279084
vt 0.625000 0.181797
vt 0.375000 1.285581
vt 0.375000 1.535580
vt 0.625000 1.535580
vt 0.625000 1.285581
vt 0.698011 -0.182451
vt 0.724739 -0.184132
vt 0.706559 -0.330326
vt 0.678940 -0.330326
vt 0.678940 -0.452128
vt 0.671281 -0.607296
vt 0.644974 -0.602278
vt 0.619503 -0.594002
vt 0.595270 -0.582599
vt 0.572657 -0.568248
vt 0.552022 -0.551177
vt 0.533688 -0.531654
vt 0.517946 -0.509987
vt 0.505044 -0.486517
vt 0.495185 -0.461616
vt 0.488524 -0.435676
vt 0.485168 -0.409105
vt 0.485168 -0.382323
vt 0.488524 -0.355753
vt 0.495185 -0.329812
vt 0.505044 -0.304911
vt 0.517946 -0.281442
vt 0.533688 -0.259775
vt 0.552022 -0.240252
vt 0.572658 -0.223180
vt 0.595270 -0.208830
vt 0.619503 -0.197427
vt 0.644974 -0.189151
vt 0.671282 -0.184132
vt 0.455851 1.000386
vt 0.480877 1.000386
vt 0.481527 1.000386
vt 0.447425 1.000386
vt 0.455543 1.000386
vt 0.449971 1.000385
vt 0.421187 1.000385
vt 0.393279 1.000385
vt 0.366708 1.000385
vt 0.341906 1.000386
vt 0.319271 1.000385
vt 0.299163 1.000385
vt 0.281894 1.000386
vt 0.267729 1.000385
vt 0.256877 1.000385
vt 0.249492 1.000385
vt 0.245667 1.000385
vt 0.245434 1.000385
vt 0.248764 1.000385
vt 0.255565 1.000385
vt 0.265685 1.000385
vt 0.278912 1.000385
vt 0.294979 1.000385
vt 0.313569 1.000385
vt 0.334317 1.000386
vt 0.356823 1.000386
vt 0.380661 1.000386
vt 0.405392 1.000386
vt 0.430586 1.000386
vt 0.375000 0.459425
vt 0.375000 0.469267
vt 0.625000 0.469266
vt 0.625000 0.459425
vt 0.375000 0.470916
vt 0.375000 0.568203
vt 0.625000 0.568203
vt 0.625000 0.470916
vt 0.453436 1.000385
vt 0.456057 1.000385
vt 0.491596 1.000386
vt 0.480303 1.000386
vt 0.474267 1.000386
vt 0.501863 1.000386
vt 0.528755 1.000386
vt 0.553944 1.000386
vt 0.577323 1.000386
vt 0.599369 1.000386
vt 0.619860 1.000386
vt 0.638414 1.000386
vt 0.654622 1.000386
vt 0.668091 1.000386
vt 0.678470 1.000386
vt 0.685479 1.000386
vt 0.688908 1.000386
vt 0.688633 1.000386
vt 0.684610 1.000386
vt 0.676875 1.000386
vt 0.665542 1.000386
vt 0.650794 1.000386
vt 0.632879 1.000386
vt 0.612104 1.000386
vt 0.588833 1.000386
vt 0.563476 1.000386
vt 0.536489 1.000385
vt 0.509055 1.000385
vt 0.481343 1.000385
vt 0.375000 0.280733
vt 0.375000 0.290575
vt 0.625000 0.290575
vt 0.625000 0.280733
vt 0.706559 -0.452128
vt 0.751047 -0.189151
vt 0.776518 -0.197427
vt 0.800751 -0.208830
vt 0.823364 -0.223180
vt 0.844000 -0.240252
vt 0.862333 -0.259775
vt 0.878075 -0.281442
vt 0.890977 -0.304911
vt 0.900836 -0.329812
vt 0.907497 -0.355753
vt 0.910853 -0.382323
vt 0.910853 -0.409105
vt 0.907497 -0.435676
vt 0.900836 -0.461616
vt 0.890977 -0.486518
vt 0.878075 -0.509987
vt 0.862333 -0.531654
vt 0.844000 -0.551177
vt 0.823364 -0.568248
vt 0.800751 -0.582599
vt 0.776518 -0.594002
vt 0.751047 -0.602278
vt 0.724740 -0.607296
vt 0.698011 -0.608978
vt -0.410580 0.459452
vt -0.410581 0.469383
vt -0.160581 0.469351
vt -0.160581 0.459436
vt -0.410581 0.470919
vt -0.410581 0.568203
vt -0.160581 0.568203
vt -0.160581 0.470918
vt 1.160584 0.459428
vt 1.160580 0.469292
vt 1.410580 0.469303
vt 1.410584 0.459434
vt 1.160581 0.470918
vt 1.160581 0.568203
vt 1.410581 0.568203
vt 1.410581 0.470920
vt 0.698011 0.457139
vt 0.724740 0.455457
vt 0.751048 0.450439
vt 0.776518 0.442163
vt 0.800751 0.430760
vt 0.823364 0.416409
vt 0.844000 0.399338
vt 0.862333 0.379815
vt 0.878075 0.358147
vt 0.890978 0.334678
vt 0.900836 0.309777
vt 0.907497 0.283837
vt 0.910853 0.257266
vt 0.910853 0.230484
vt 0.907497 0.203913
vt 0.900836 0.177973
vt 0.890977 0.153072
vt 0.878075 0.129603
vt 0.862333 0.107936
vt 0.844000 0.088413
vt 0.823364 0.071341
vt 0.800751 0.056991
vt 0.776518 0.045587
vt 0.751047 0.037311
vt 0.724740 0.032293
vt 0.698011 0.030611
vt 0.671282 0.032293
vt 0.644974 0.037311
vt 0.619503 0.045587
vt 0.595270 0.056991
vt 0.572657 0.071341
vt 0.552022 0.088412
vt 0.533688 0.107936
vt 0.517946 0.129603
vt 0.505044 0.153072
vt 0.495185 0.177973
vt 0.488524 0.203913
vt 0.485168 0.230484
vt 0.485168 0.257266
vt 0.488524 0.283837
vt 0.495185 0.309777
vt 0.505044 0.334678
vt 0.517946 0.358147
vt 0.533688 0.379814
vt 0.552021 0.399337
vt 0.572657 0.416409
vt 0.595270 0.430759
vt 0.619503 0.442163
vt 0.644974 0.450439
vt 0.671282 0.455457
vt 0.041803 1.000386
vt 0.047869 1.000386
vt 0.095443 1.000386
vt 0.375553 1.000386
vt 0.694089 1.000385
vt 0.768519 1.000385
vt 0.775167 1.000385
vt 0.765477 1.000385
vt 0.750784 1.000385
vt 0.734226 1.000386
vt 0.716912 1.000386
vt 0.699297 1.000386
vt 0.681581 1.000386
vt 0.663853 1.000386
vt 0.646146 1.000386
vt 0.628465 1.000386
vt 0.610801 1.000386
vt 0.593134 1.000386
vt 0.575435 1.000386
vt 0.557674 1.000386
vt 0.539811 1.000386
vt 0.521802 1.000386
vt 0.503590 1.000386
vt 0.485097 1.000386
vt 0.466177 1.000385
vt 0.446617 1.000386
vt 0.426318 1.000385
vt 0.405254 1.000386
vt 0.383462 1.000386
vt 0.361023 1.000386
vt 0.338057 1.000385
vt 0.314716 1.000385
vt 0.291175 1.000384
vt 0.267627 1.000383
vt 0.244278 1.000384
vt 0.221342 1.000384
vt 0.199032 1.000385
vt 0.177560 1.000385
vt 0.157128 1.000385
vt 0.137926 1.000384
vt 0.120127 1.000384
vt 0.103883 1.000384
vt 0.089325 1.000384
vt 0.076556 1.000385
vt 0.065653 1.000386
vt 0.056668 1.000386
vt 0.049629 1.000386
vt 0.044548 1.000386
vt 0.041443 1.000386
vt 0.040399 1.000386
vt -0.075669 1.000386
vt 0.637120 1.000385
vt 0.637121 1.000385
vt -0.075669 1.000386
vt 0.379673 1.000386
vt 0.250236 1.000386
vt 0.139799 1.000386
vt 0.053578 1.000387
vt -0.006984 1.000387
vt -0.043267 1.000386
vt -0.058301 1.000386
vt -0.055806 1.000386
vt -0.039562 1.000386
vt -0.013073 1.000386
vt 0.020556 1.000386
vt 0.058648 1.000386
vt 0.098923 1.000386
vt 0.139440 1.000385
vt 0.178514 1.000384
vt 0.214521 1.000382
vt 0.246459 1.000384
vt 0.276527 1.000385
vt 0.305497 1.000385
vt 0.333699 1.000385
vt 0.361338 1.000385
vt 0.388563 1.000385
vt 0.415493 1.000385
vt 0.442232 1.000385
vt 0.468873 1.000386
vt 0.495503 1.000386
vt 0.522209 1.000386
vt 0.549078 1.000386
vt 0.576201 1.000386
vt 0.603672 1.000386
vt 0.631599 1.000386
vt 0.660106 1.000386
vt 0.689345 1.000386
vt 0.719525 1.000386
vt 0.750974 1.000386
vt 0.784481 1.000386
vt 0.822329 1.000386
vt 0.863183 1.000386
vt 0.904914 1.000386
vt 0.945172 1.000386
vt 0.981130 1.000386
vt 1.009356 1.000386
vt 1.025772 1.000385
vt 1.025759 1.000385
vt 1.004510 1.000385
vt 0.957785 1.000385
vt 0.883095 1.000385
vt 0.781117 1.000386
vt 0.656745 1.000386
vt 0.519045 1.000386
vt 0.074447 1.000386
vt 0.158192 1.000386
vt 0.158192 1.000386
vt 0.074447 1.000386
vt 25.084263 1.000334
vt 25.797020 1.000332
vt 25.269844 1.000329
vt 24.559898 1.000333
vt -2.881572 1.000404
vt -2.797829 1.000404
vt -2.736223 1.000402
vt -2.819638 1.000402
vt 24.769188 1.000331
vt 25.479158 1.000328
vt 26.876701 1.000325
vt 26.308735 1.000327
vt -2.844233 1.000411
vt -2.760819 1.000410
vt -2.941697 1.000411
vt -3.008430 1.000412
vt 26.308884 1.000326
vt 26.876862 1.000324
vt 26.876862 1.000324
vt 26.308887 1.000326
vt -2.941691 1.000403
vt -3.008425 1.000403
vt 26.309795 1.000317
vt 26.877834 1.000315
vt 25.481510 1.000319
vt 24.771584 1.000322
vt -3.008084 1.000415
vt -2.941374 1.000415
vt -2.760688 1.000413
vt -2.844059 1.000414
vt 24.774111 1.000300
vt 25.484114 1.000295
vt 25.484280 1.000310
vt 24.774261 1.000313
vt -2.843015 1.000411
vt -2.759670 1.000411
vt -2.759660 1.000402
vt -2.843006 1.000403
vt 24.774223 1.000314
vt 25.484215 1.000313
vt 26.841137 1.000307
vt 26.269012 1.000309
vt -2.935120 1.000412
vt -3.002285 1.000414
vt 26.268948 1.000320
vt 26.841042 1.000316
vt 26.841015 1.000316
vt 26.268929 1.000320
vt -2.935174 1.000432
vt -2.935174 1.000431
vt -3.002335 1.000431
vt 25.512970 1.000307
vt 24.805893 1.000309
vt -2.935131 1.000409
vt -2.763391 1.000408
vt -2.846393 1.000407
vt 24.805553 1.000302
vt 25.512630 1.000298
vt 25.512621 1.000296
vt 24.805542 1.000300
vt -2.763366 1.000424
vt -2.846371 1.000425
vt -2.694831 1.000452
vt -2.738819 1.000454
vt -2.755547 1.000454
vt -2.672542 1.000454
vt 24.596855 1.000283
vt 24.222179 1.000285
vt 24.032217 1.000290
vt 24.739298 1.000284
vt 0.721097 1.000280
vt 0.729357 1.000280
vt 0.730333 1.000280
vt 0.719378 1.000282
vt 0.742907 1.000363
vt 0.731952 1.000364
vt 0.731952 1.000365
vt 0.742907 1.000363
vt 0.877890 1.000360
vt 0.890981 1.000357
vt 0.891557 1.000357
vt 0.876907 1.000361
vt 0.901388 1.000263
vt 0.886736 1.000266
vt 0.886736 1.000266
vt 0.901388 1.000263
vt 0.946737 1.000297
vt 0.934882 1.000300
vt 0.780403 1.000341
vt 0.771538 1.000342
vt 0.731940 1.000344
vt 0.742895 1.000345
vt 0.946744 1.000261
vt 0.934889 1.000263
vt 0.780404 1.000330
vt 0.771537 1.000326
vt 0.900413 1.000306
vt 0.885702 1.000308
vt 0.742082 1.000347
vt 0.731082 1.000349
vt 0.900410 1.000299
vt 0.885699 1.000300
vt 0.742083 1.000319
vt 0.731082 1.000323
vt 0.948091 1.000280
vt 0.936321 1.000282
vt 0.781525 1.000350
vt 0.772723 1.000351
vt 0.731082 1.000353
vt 0.742083 1.000352
vt 0.948081 1.000256
vt 0.936310 1.000257
vt 0.781538 1.000330
vt 0.772736 1.000330
vt 0.772736 1.000330
vt 0.781538 1.000330
vt 0.900362 1.000292
vt 0.885648 1.000294
vt 0.742038 1.000334
vt 0.731036 1.000335
vt 0.938566 1.000281
vt 0.922299 1.000285
vt 0.862151 1.000283
vt 0.876866 1.000279
vt 0.757619 1.000371
vt 0.746216 1.000370
vt 0.721052 1.000371
vt 0.732056 1.000372
vt 0.054023 1.000386
vt 0.037756 1.000386
vt 0.037756 1.000386
vt 0.054023 1.000386
vt 0.051271 1.000386
vt 0.039869 1.000386
vt 0.039869 1.000387
vt 0.051271 1.000386
vt 0.060060 1.000387
vt 0.042433 1.000387
vt 0.042433 1.000388
vt 0.060060 1.000387
vt 0.067689 1.000386
vt 0.049446 1.000386
vt 0.049446 1.000385
vt 0.067689 1.000385
vt 0.639297 1.000438
vt 0.621055 1.000438
vt 0.496908 1.000437
vt 0.509912 1.000437
vt 0.800641 1.000342
vt 0.783013 1.000342
vt 0.690891 1.000342
vt 0.705324 1.000344
vt 0.555612 1.000447
vt 0.542607 1.000446
vt 0.572132 1.000450
vt 0.582536 1.000451
vt 0.740410 1.000358
vt 0.725978 1.000359
vt 0.766610 1.000357
vt 0.778156 1.000356
vt 0.572146 1.000451
vt 0.572146 1.000451
vt 0.582547 1.000450
vt 0.778151 1.000329
vt 0.766605 1.000328
vt 0.766605 1.000328
vt 0.778151 1.000329
vt 0.542645 1.000448
vt 0.555647 1.000450
vt 0.778165 1.000359
vt 0.766619 1.000360
vt 0.726023 1.000361
vt 0.740453 1.000361
vt 0.542641 1.000440
vt 0.555644 1.000441
vt 0.726026 1.000368
vt 0.740455 1.000369
vt 0.571304 1.000442
vt 0.581782 1.000443
vt 0.740453 1.000347
vt 0.726023 1.000348
vt 0.765466 1.000345
vt 0.777094 1.000344
vt 0.581784 1.000477
vt 0.571307 1.000474
vt 0.571307 1.000474
vt 0.581784 1.000477
vt 0.765458 1.000317
vt 0.777085 1.000315
vt 0.581781 1.000448
vt 0.571303 1.000446
vt 0.543251 1.000443
vt 0.556200 1.000445
vt 0.726859 1.000336
vt 0.741229 1.000335
vt 0.543250 1.000437
vt 0.556198 1.000436
vt 0.726857 1.000337
vt 0.741227 1.000335
vt 0.721543 1.000307
vt 0.735184 1.000312
vt 0.735471 1.000313
vt 0.721098 1.000309
vt 0.540156 1.000424
vt 0.552739 1.000416
vt 0.552890 1.000417
vt 0.539941 1.000423
vt 0.379609 1.000490
vt 0.390406 1.000495
vt 0.390489 1.000496
vt 0.379499 1.000491
vt 0.392378 1.000514
vt 0.381388 1.000509
vt 0.381388 1.000510
vt 0.392379 1.000515
vt 0.244432 1.000343
vt 0.253104 1.000343
vt 0.253152 1.000342
vt 0.244373 1.000343
vt 0.254202 1.000342
vt 0.245423 1.000345
vt 0.245423 1.000344
vt 0.254201 1.000342
vt 0.264906 1.000348
vt 0.257803 1.000349
vt 0.245423 1.000352
vt 0.254201 1.000351
vt 0.409500 1.000517
vt 0.400607 1.000514
vt 0.264905 1.000349
vt 0.257803 1.000351
vt 0.257803 1.000351
vt 0.409500 1.000525
vt 0.400608 1.000522
vt 0.253969 1.000353
vt 0.245154 1.000353
vt 0.392007 1.000514
vt 0.380971 1.000509
vt 0.253967 1.000345
vt 0.245152 1.000346
vt 0.245152 1.000347
vt 0.253967 1.000345
vt 0.392008 1.000522
vt 0.380973 1.000517
vt 0.265225 1.000348
vt 0.258172 1.000350
vt 0.245154 1.000351
vt 0.410011 1.000508
vt 0.401181 1.000506
vt 0.265226 1.000347
vt 0.258172 1.000341
vt 0.410008 1.000499
vt 0.401179 1.000498
vt 0.253947 1.000354
vt 0.245130 1.000355
vt 0.258159 1.000355
vt 0.265212 1.000352
vt 0.391977 1.000499
vt 0.380939 1.000496
vt 0.390123 1.000351
vt 0.371307 1.000352
vt 0.180996 1.000350
vt 0.189813 1.000348
vt 0.500991 1.000496
vt 0.482398 1.000492
vt 0.325530 1.000494
vt 0.336568 1.000498
vt 0.086664 1.000386
vt 0.067847 1.000386
vt 0.067847 1.000387
vt 0.086664 1.000387
vt 0.076573 1.000386
vt 0.057980 1.000386
vt 0.057980 1.000386
vt 0.076573 1.000386
vt 0.098001 1.000386
vt 0.079027 1.000385
vt 0.079027 1.000386
vt 0.098001 1.000386
vt 0.110647 1.000387
vt 0.091556 1.000387
vt 0.091557 1.000386
vt 0.110647 1.000386
vt 0.240626 1.000274
vt 0.221534 1.000279
vt -0.036280 1.000276
vt -0.031847 1.000271
vt 0.304309 1.000403
vt 0.285334 1.000403
vt 0.061175 1.000404
vt 0.067732 1.000404
vt 0.046366 1.000274
vt 0.041933 1.000279
vt 0.046037 1.000275
vt 0.049583 1.000271
vt 0.139502 1.000403
vt 0.132946 1.000403
vt 0.140692 1.000404
vt 0.145937 1.000403
vt 0.046050 1.000277
vt 0.049596 1.000275
vt 0.140704 1.000408
vt 0.145949 1.000409
vt 0.041948 1.000280
vt 0.046380 1.000277
vt 0.132964 1.000410
vt 0.139519 1.000410
vt 0.041948 1.000275
vt 0.046380 1.000272
vt 0.132964 1.000392
vt 0.139519 1.000392
vt 0.045934 1.000275
vt 0.049505 1.000274
vt 0.140485 1.000404
vt 0.145767 1.000403
vt 0.045934 1.000270
vt 0.049505 1.000265
vt 0.140486 1.000438
vt 0.145768 1.000433
vt 0.042033 1.000284
vt 0.046446 1.000282
vt 0.133124 1.000412
vt 0.139652 1.000411
vt 0.042033 1.000288
vt 0.046446 1.000287
vt 0.133124 1.000415
vt 0.139652 1.000414
vt 0.132603 1.000429
vt 0.139073 1.000433
vt 0.139100 1.000432
vt 0.132571 1.000428
vt 0.041787 1.000281
vt 0.046168 1.000278
vt 0.046183 1.000278
vt 0.041770 1.000281
vt -0.029387 1.000541
vt -0.026816 1.000551
vt -0.026808 1.000550
vt -0.029395 1.000543
vt -0.026703 1.000546
vt -0.029289 1.000543
vt -0.029289 1.000542
vt -0.026703 1.000545
vt -0.080983 1.000278
vt -0.079801 1.000272
vt -0.079798 1.000273
vt -0.080986 1.000278
vt -0.079768 1.000281
vt -0.080956 1.000283
vt -0.079441 1.000280
vt -0.080402 1.000281
vt -0.025472 1.000550
vt -0.027564 1.000546
vt -0.079440 1.000282
vt -0.080401 1.000283
vt -0.025471 1.000542
vt -0.027564 1.000541
vt -0.025471 1.000542
vt -0.079775 1.000278
vt -0.080968 1.000279
vt -0.026729 1.000547
vt -0.029326 1.000544
vt -0.079775 1.000277
vt -0.080967 1.000278
vt -0.026729 1.000539
vt -0.029326 1.000536
vt -0.079429 1.000270
vt -0.080384 1.000273
vt -0.025435 1.000546
vt -0.027513 1.000543
vt -0.079430 1.000278
vt -0.080385 1.000280
vt -0.025435 1.000544
vt -0.027513 1.000543
vt -0.079779 1.000271
vt -0.080972 1.000275
vt -0.026738 1.000549
vt -0.029335 1.000545
vt -0.025445 1.000550
vt 0.172079 1.000311
vt 0.152830 1.000310
vt -0.168144 1.000250
vt -0.166951 1.000249
vt 0.196901 1.000502
vt 0.177724 1.000502
vt -0.112711 1.000575
vt -0.110113 1.000581
vt 0.140122 1.000370
vt 0.120875 1.000366
vt 0.120876 1.000366
vt 0.140124 1.000370
vt 0.124669 1.000401
vt 0.105491 1.000405
vt 0.105491 1.000406
vt 0.124669 1.000401
vt 0.157053 1.000381
vt 0.137750 1.000380
vt 0.137749 1.000381
vt 0.157051 1.000382
vt 0.175475 1.000386
vt 0.156127 1.000386
vt 0.156127 1.000387
vt 0.175475 1.000387
vt 0.175405 1.000383
vt -0.215005 1.000388
vt -0.215008 1.000386
vt 0.165028 1.000409
vt 0.145724 1.000407
vt -0.202548 1.000392
vt -0.202244 1.000392
vt -0.124532 1.000390
vt -0.124529 1.000389
vt -0.124531 1.000391
vt -0.124534 1.000390
vt -0.112692 1.000405
vt -0.112997 1.000402
vt -0.112910 1.000403
vt -0.112666 1.000405
vt -0.124532 1.000399
vt -0.124534 1.000398
vt -0.112906 1.000391
vt -0.112663 1.000391
vt -0.124530 1.000385
vt -0.124533 1.000383
vt -0.112996 1.000404
vt -0.112691 1.000406
vt -0.124530 1.000382
vt -0.124533 1.000380
vt -0.112995 1.000393
vt -0.112691 1.000393
vt -0.124530 1.000386
vt -0.124532 1.000385
vt -0.112909 1.000387
vt -0.112663 1.000387
vt -0.124529 1.000387
vt -0.124532 1.000386
vt -0.112910 1.000405
vt -0.112665 1.000406
vt -0.124528 1.000376
vt -0.124531 1.000375
vt -0.112995 1.000398
vt -0.112691 1.000399
vt -0.124530 1.000383
vt -0.124533 1.000383
vt -0.112995 1.000398
vt -0.112692 1.000399
vt -0.112997 1.000401
vt -0.112696 1.000406
vt -0.124530 1.000393
vt -0.124533 1.000386
vt -0.114137 1.000424
vt -0.113835 1.000427
vt -0.113834 1.000427
vt -0.114137 1.000425
vt -0.113838 1.000424
vt -0.114141 1.000422
vt -0.080546 1.000335
vt -0.079355 1.000328
vt -0.079352 1.000330
vt -0.080549 1.000336
vt -0.079383 1.000331
vt -0.080580 1.000334
vt -0.080580 1.000333
vt -0.079942 1.000327
vt -0.080911 1.000328
vt -0.113924 1.000438
vt -0.114169 1.000436
vt -0.079942 1.000307
vt -0.080911 1.000308
vt -0.113922 1.000415
vt -0.114168 1.000416
vt -0.079370 1.000308
vt -0.080572 1.000313
vt -0.113837 1.000432
vt -0.114142 1.000430
vt -0.079371 1.000319
vt -0.080573 1.000322
vt -0.113837 1.000432
vt -0.114141 1.000430
vt -0.079958 1.000315
vt -0.080920 1.000319
vt -0.113925 1.000424
vt -0.114168 1.000422
vt -0.079960 1.000341
vt -0.080922 1.000338
vt -0.113925 1.000426
vt -0.114169 1.000424
vt -0.079360 1.000309
vt -0.080563 1.000313
vt -0.113830 1.000431
vt -0.114135 1.000428
vt 0.249030 1.000294
vt 0.229612 1.000299
vt -0.168510 1.000305
vt -0.167308 1.000301
vt 0.203388 1.000423
vt 0.184002 1.000423
vt -0.204071 1.000426
vt -0.203767 1.000428
vt 0.216813 1.000387
vt 0.197397 1.000387
vt 0.197397 1.000387
vt 0.216813 1.000386
vt 0.195401 1.000386
vt 0.176017 1.000386
vt 0.176016 1.000386
vt 0.195401 1.000386
vt 0.239665 1.000400
vt 0.220223 1.000404
vt 0.220223 1.000403
vt 0.239665 1.000399
vt 0.263902 1.000365
vt 0.244439 1.000361
vt 0.244438 1.000360
vt 0.263901 1.000365
vt 0.396388 1.000388
vt 0.376924 1.000384
vt -0.016517 1.000285
vt -0.011998 1.000286
vt 0.312926 1.000442
vt 0.293484 1.000444
vt -0.106705 1.000537
vt -0.104070 1.000539
vt 0.067765 1.000311
vt 0.063247 1.000310
vt 0.059964 1.000309
vt 0.063578 1.000310
vt -0.019534 1.000527
vt -0.022168 1.000523
vt -0.023484 1.000524
vt -0.021377 1.000525
vt 0.059953 1.000301
vt 0.063567 1.000305
vt -0.023495 1.000527
vt -0.021387 1.000529
vt 0.063231 1.000308
vt 0.067748 1.000308
vt -0.022181 1.000520
vt -0.019547 1.000523
vt 0.063231 1.000311
vt 0.067748 1.000312
vt -0.022182 1.000522
vt -0.019548 1.000524
vt 0.060046 1.000311
vt 0.063686 1.000312
vt -0.023457 1.000518
vt -0.021335 1.000521
vt 0.060047 1.000300
vt 0.063687 1.000295
vt -0.023458 1.000521
vt -0.021336 1.000523
vt 0.063163 1.000303
vt 0.067662 1.000303
vt -0.022209 1.000519
vt -0.019586 1.000522
vt 0.063163 1.000309
vt 0.067661 1.000314
vt -0.022209 1.000519
vt -0.019586 1.000520
vt -0.022095 1.000522
vt -0.019488 1.000525
vt -0.019479 1.000525
vt -0.022102 1.000523
vt 0.063447 1.000315
vt 0.067913 1.000317
vt 0.067930 1.000318
vt 0.063431 1.000316
vt 0.178614 1.000415
vt 0.185257 1.000421
vt 0.185290 1.000420
vt 0.178586 1.000415
vt 0.184725 1.000434
vt 0.178021 1.000432
vt 0.178021 1.000432
vt 0.184725 1.000436
vt 0.326695 1.000370
vt 0.335680 1.000364
vt 0.335741 1.000365
vt 0.326645 1.000369
vt 0.334652 1.000342
vt 0.325556 1.000345
vt 0.325556 1.000345
vt 0.334652 1.000340
vt 0.321826 1.000354
vt 0.314465 1.000354
vt 0.325558 1.000353
vt 0.334655 1.000352
vt 0.177164 1.000431
vt 0.171740 1.000428
vt 0.321822 1.000340
vt 0.314461 1.000342
vt 0.314461 1.000342
vt 0.321822 1.000339
vt 0.177165 1.000433
vt 0.171740 1.000430
vt 0.334934 1.000351
vt 0.325800 1.000351
vt 0.314466 1.000352
vt 0.321827 1.000351
vt 0.184887 1.000431
vt 0.178155 1.000428
vt 0.334939 1.000370
vt 0.325804 1.000369
vt 0.184888 1.000435
vt 0.178156 1.000434
vt 0.321447 1.000357
vt 0.314138 1.000356
vt 0.176938 1.000428
vt 0.171552 1.000427
vt 0.321448 1.000368
vt 0.314139 1.000369
vt 0.176938 1.000427
vt 0.171552 1.000427
vt 0.334967 1.000357
vt 0.325830 1.000358
vt 0.314153 1.000358
vt 0.321461 1.000357
vt 0.184912 1.000435
vt 0.178178 1.000433
vt 0.176953 1.000433
vt 0.630636 1.000365
vt 0.611141 1.000367
vt 0.259363 1.000352
vt 0.268499 1.000350
vt 0.501310 1.000447
vt 0.481827 1.000445
vt 0.104469 1.000438
vt 0.111202 1.000439
vt 0.316177 1.000384
vt 0.296682 1.000384
vt 0.296682 1.000383
vt 0.316177 1.000384
vt 0.289441 1.000384
vt 0.269961 1.000384
vt 0.269961 1.000383
vt 0.289441 1.000384
vt 0.343994 1.000387
vt 0.324487 1.000387
vt 0.324487 1.000386
vt 0.343994 1.000386
vt 0.372755 1.000387
vt 0.353240 1.000388
vt 0.353240 1.000389
vt 0.372755 1.000387
vt 0.984278 1.000362
vt 0.964761 1.000363
vt 0.691628 1.000375
vt 0.705542 1.000376
vt 0.789277 1.000545
vt 0.769770 1.000538
vt 0.452912 1.000557
vt 0.464491 1.000562
vt 0.754448 1.000368
vt 0.740534 1.000367
vt 0.711727 1.000368
vt 0.722857 1.000367
vt 0.522651 1.000558
vt 0.511071 1.000554
vt 0.492162 1.000547
vt 0.501426 1.000551
vt 0.711719 1.000387
vt 0.722851 1.000388
vt 0.492149 1.000552
vt 0.492149 1.000552
vt 0.501412 1.000558
vt 0.722842 1.000366
vt 0.740490 1.000366
vt 0.754401 1.000365
vt 0.501412 1.000548
vt 0.492148 1.000545
vt 0.511038 1.000552
vt 0.522616 1.000556
vt 0.740496 1.000368
vt 0.754408 1.000369
vt 0.511038 1.000548
vt 0.511039 1.000551
vt 0.522617 1.000552
vt 0.712529 1.000364
vt 0.723739 1.000364
vt 0.522618 1.000547
vt 0.511040 1.000544
vt 0.492687 1.000538
vt 0.502017 1.000540
vt 0.723751 1.000393
vt 0.712539 1.000391
vt 0.723752 1.000393
vt 0.492680 1.000496
vt 0.502010 1.000499
vt 0.723737 1.000358
vt 0.739894 1.000358
vt 0.753748 1.000356
vt 0.510651 1.000549
vt 0.522180 1.000554
vt 0.753751 1.000360
vt 0.739897 1.000360
vt 0.753750 1.000357
vt 0.510650 1.000546
vt 0.510650 1.000547
vt 0.522180 1.000552
vt 0.512717 1.000557
vt 0.524044 1.000557
vt 0.524159 1.000557
vt 0.512628 1.000556
vt 0.743589 1.000347
vt 0.757054 1.000352
vt 0.757284 1.000352
vt 0.743429 1.000348
vt 1.026037 1.000392
vt 1.041142 1.000397
vt 1.041634 1.000396
vt 1.025719 1.000393
vt 1.035286 1.000433
vt 1.019371 1.000432
vt 1.019372 1.000434
vt 1.035288 1.000436
vt 1.350788 1.000185
vt 1.366501 1.000182
vt 1.367679 1.000182
vt 1.350093 1.000186
vt 1.355871 1.000213
vt 1.338286 1.000216
vt 1.338284 1.000216
vt 1.355868 1.000213
vt 1.298090 1.000233
vt 1.283859 1.000235
vt 0.992522 1.000400
vt 0.979644 1.000399
vt 1.298055 1.000235
vt 1.283826 1.000238
vt 1.283826 1.000238
vt 0.992546 1.000421
vt 0.979667 1.000419
vt 0.979666 1.000417
vt 1.357133 1.000235
vt 1.339474 1.000238
vt 1.283863 1.000247
vt 1.036206 1.000413
vt 1.020224 1.000413
vt 0.979645 1.000411
vt 1.357111 1.000175
vt 1.339455 1.000183
vt 1.036206 1.000412
vt 1.020225 1.000410
vt 1.296359 1.000237
vt 1.282229 1.000238
vt 0.991235 1.000404
vt 0.978448 1.000403
vt 1.296361 1.000223
vt 1.282235 1.000227
vt 0.991248 1.000416
vt 0.978460 1.000413
vt 0.978460 1.000413
vt 1.357206 1.000256
vt 1.339544 1.000259
vt 1.282252 1.000268
vt 1.296381 1.000265
vt 1.036246 1.000415
vt 1.020263 1.000413
vt 1.494258 1.000270
vt 1.474732 1.000271
vt 1.311311 1.000258
vt 1.328975 1.000258
vt 1.222485 1.000424
vt 1.202963 1.000423
vt 0.981390 1.000428
vt 0.997372 1.000429
vt 0.432485 1.000385
vt 0.412957 1.000385
vt 0.412957 1.000386
vt 0.432484 1.000385
vt 0.402306 1.000385
vt 0.382784 1.000386
vt 0.382784 1.000386
vt 0.402306 1.000386
vt 0.463122 1.000386
vt 0.443591 1.000386
vt 0.443591 1.000386
vt 0.463121 1.000386
vt 0.494032 1.000386
vt 0.474500 1.000385
vt 0.474500 1.000385
vt 0.494032 1.000386
vt 1.183475 1.000420
vt 1.163941 1.000417
vt 1.130117 1.000413
vt 1.149572 1.000413
vt 1.672962 1.000343
vt 1.653431 1.000344
vt 1.553186 1.000334
vt 1.572030 1.000332
vt 1.155310 1.000416
vt 1.135855 1.000414
vt 1.097558 1.000413
vt 1.113122 1.000414
vt 1.589143 1.000316
vt 1.570297 1.000317
vt 1.502678 1.000320
vt 1.517754 1.000319
vt 1.097558 1.000421
vt 1.113122 1.000422
vt 1.517781 1.000374
vt 1.502704 1.000376
vt 1.502702 1.000376
vt 1.517780 1.000374
vt 1.135825 1.000425
vt 1.155277 1.000425
vt 1.517768 1.000347
vt 1.502691 1.000347
vt 1.570249 1.000346
vt 1.589090 1.000346
vt 1.135799 1.000404
vt 1.155249 1.000405
vt 1.589113 1.000381
vt 1.570265 1.000379
vt 1.570261 1.000373
vt 1.589107 1.000375
vt 1.155257 1.000426
vt 1.098633 1.000422
vt 1.114307 1.000423
vt 1.504636 1.000364
vt 1.519820 1.000364
vt 1.098615 1.000432
vt 1.114291 1.000434
vt 1.504658 1.000403
vt 1.504658 1.000402
vt 1.519839 1.000401
vt 1.134990 1.000423
vt 1.154362 1.000424
vt 1.504638 1.000375
vt 1.568886 1.000376
vt 1.587650 1.000377
vt 1.134990 1.000419
vt 1.154360 1.000419
vt 1.568896 1.000385
vt 1.587663 1.000386
vt 1.592023 1.000349
vt 1.606169 1.000348
vt 1.609117 1.000349
vt 1.590354 1.000351
vt 1.160067 1.000397
vt 1.170332 1.000397
vt 1.175539 1.000398
vt 1.156167 1.000397
vt -0.170775 1.000352
vt -0.160510 1.000353
vt -0.156609 1.000355
vt -0.175979 1.000359
vt -0.135415 1.000399
vt -0.154784 1.000399
vt -0.154784 1.000400
vt -0.135414 1.000400
vt -0.606382 1.000540
vt -0.592237 1.000540
vt -0.590566 1.000540
vt -0.609326 1.000540
vt -0.569077 1.000544
vt -0.587836 1.000546
vt -0.587836 1.000545
vt -0.569077 1.000542
vt -0.504853 1.000523
vt -0.520033 1.000525
vt -0.099023 1.000410
vt -0.114696 1.000410
vt -0.504867 1.000493
vt -0.520046 1.000493
vt -0.099018 1.000407
vt -0.114690 1.000409
vt -0.570481 1.000511
vt -0.589318 1.000513
vt -0.136219 1.000408
vt -0.155668 1.000410
vt -0.570483 1.000515
vt -0.589320 1.000517
vt -0.136221 1.000400
vt -0.155671 1.000401
vt -0.502935 1.000489
vt -0.518008 1.000490
vt -0.097974 1.000405
vt -0.113536 1.000405
vt -0.502914 1.000480
vt -0.517986 1.000481
vt -0.097972 1.000419
vt -0.113535 1.000420
vt -0.570552 1.000476
vt -0.589394 1.000478
vt -0.136275 1.000399
vt -0.155728 1.000401
vt -0.653656 1.000499
vt -0.673182 1.000501
vt -0.572269 1.000508
vt -0.553427 1.000503
vt -0.164352 1.000426
vt -0.183882 1.000427
vt -0.149987 1.000420
vt -0.130534 1.000420
vt 0.555935 1.000386
vt 0.536407 1.000386
vt 0.536407 1.000386
vt 0.555935 1.000386
vt 0.525031 1.000386
vt 0.505500 1.000386
vt 0.505500 1.000386
vt 0.525031 1.000385
vt 0.586558 1.000386
vt 0.567036 1.000386
vt 0.567036 1.000386
vt 0.586558 1.000386
vt 0.616718 1.000385
vt 0.597203 1.000385
vt 0.597203 1.000386
vt 0.616718 1.000385
vt -0.203152 1.000367
vt -0.222667 1.000368
vt 0.002370 1.000356
vt 0.018347 1.000357
vt -0.474906 1.000431
vt -0.494428 1.000432
vt -0.329184 1.000434
vt -0.311527 1.000432
vt -0.020533 1.000345
vt -0.036510 1.000344
vt 0.008476 1.000346
vt 0.021258 1.000347
vt -0.339751 1.000397
vt -0.357408 1.000397
vt -0.296601 1.000396
vt -0.282476 1.000396
vt 0.008483 1.000293
vt 0.021266 1.000293
vt -0.296611 1.000387
vt -0.282484 1.000387
vt 0.021273 1.000354
vt 0.008491 1.000353
vt -0.036452 1.000352
vt -0.020477 1.000353
vt -0.357337 1.000395
vt -0.339682 1.000395
vt -0.036468 1.000353
vt -0.020493 1.000354
vt -0.357350 1.000370
vt -0.339696 1.000373
vt 0.007211 1.000354
vt 0.020083 1.000355
vt -0.298324 1.000385
vt -0.284098 1.000386
vt 0.007234 1.000408
vt 0.020104 1.000409
vt -0.298326 1.000384
vt -0.284099 1.000384
vt -0.035536 1.000349
vt -0.019627 1.000350
vt -0.356107 1.000375
vt -0.338525 1.000374
vt -0.035533 1.000341
vt -0.019623 1.000343
vt -0.356103 1.000360
vt -0.338522 1.000361
vt -0.366721 1.000409
vt -0.351013 1.000409
vt -0.350319 1.000408
vt -0.367900 1.000408
vt -0.041427 1.000377
vt -0.026328 1.000383
vt -0.026009 1.000383
vt -0.041920 1.000380
vt 0.242604 1.000349
vt 0.256057 1.000346
vt 0.256220 1.000346
vt 0.242375 1.000349
vt 0.259759 1.000353
vt 0.245912 1.000352
vt 0.245912 1.000352
vt 0.259759 1.000352
vt 0.475396 1.000349
vt 0.486718 1.000357
vt 0.486805 1.000356
vt 0.475279 1.000350
vt 0.488795 1.000350
vt 0.477270 1.000350
vt 0.477269 1.000350
vt 0.488794 1.000349
vt 0.506754 1.000359
vt 0.497427 1.000358
vt 0.477269 1.000356
vt 0.287106 1.000345
vt 0.275901 1.000345
vt 0.245904 1.000343
vt 0.259751 1.000343
vt 0.506765 1.000367
vt 0.497441 1.000366
vt 0.287120 1.000379
vt 0.275917 1.000381
vt 0.275918 1.000381
vt 0.287121 1.000378
vt 0.488409 1.000355
vt 0.476835 1.000353
vt 0.259157 1.000342
vt 0.245252 1.000340
vt 0.275902 1.000342
vt 0.287106 1.000343
vt 0.488409 1.000364
vt 0.476835 1.000360
vt 0.259162 1.000349
vt 0.245257 1.000346
vt 0.507300 1.000361
vt 0.498039 1.000360
vt 0.287916 1.000343
vt 0.276790 1.000343
vt 0.245244 1.000340
vt 0.259150 1.000341
vt 0.507304 1.000366
vt 0.498042 1.000363
vt 0.287925 1.000356
vt 0.276800 1.000356
vt 0.276801 1.000355
vt 0.287926 1.000355
vt 0.488381 1.000368
vt 0.476805 1.000369
vt 0.259109 1.000332
vt 0.245202 1.000330
vt 0.276779 1.000334
vt 0.287904 1.000335
vt 0.229859 1.000370
vt 0.210363 1.000370
vt 0.534935 1.000365
vt 0.546512 1.000368
vt 0.034975 1.000307
vt 0.015467 1.000305
vt 0.294076 1.000307
vt 0.307984 1.000309
vt 0.674972 1.000386
vt 0.655477 1.000386
vt 0.655477 1.000385
vt 0.674972 1.000385
vt 0.646246 1.000387
vt 0.626739 1.000387
vt 0.626739 1.000387
vt 0.646246 1.000387
vt 0.702751 1.000386
vt 0.683270 1.000386
vt 0.683270 1.000386
vt 0.702751 1.000386
vt 0.729434 1.000385
vt 0.709971 1.000386
vt 0.709973 1.000386
vt 0.729435 1.000386
vt 0.517961 1.000439
vt 0.498503 1.000441
vt 0.888271 1.000442
vt 0.894992 1.000440
vt 0.388555 1.000388
vt 0.369075 1.000388
vt 0.730950 1.000382
vt 0.740079 1.000381
vt 0.821350 1.000442
vt 0.814631 1.000445
vt 0.822573 1.000441
vt 0.827948 1.000440
vt 0.673655 1.000379
vt 0.664527 1.000381
vt 0.678021 1.000380
vt 0.685324 1.000380
vt 0.827970 1.000465
vt 0.822594 1.000464
vt 0.822594 1.000464
vt 0.827970 1.000465
vt 0.678035 1.000374
vt 0.685334 1.000376
vt 0.827960 1.000443
vt 0.822583 1.000444
vt 0.814650 1.000446
vt 0.821368 1.000445
vt 0.664567 1.000383
vt 0.673693 1.000382
vt 0.814643 1.000435
vt 0.814642 1.000432
vt 0.821361 1.000434
vt 0.664566 1.000380
vt 0.673692 1.000380
vt 0.821369 1.000453
vt 0.814652 1.000455
vt 0.822358 1.000452
vt 0.827773 1.000451
vt 0.677658 1.000381
vt 0.685013 1.000381
vt 0.827762 1.000438
vt 0.822348 1.000438
vt 0.822348 1.000438
vt 0.827762 1.000437
vt 0.677667 1.000383
vt 0.685023 1.000382
vt 0.822360 1.000446
vt 0.814816 1.000449
vt 0.821506 1.000447
vt 0.664846 1.000387
vt 0.673935 1.000387
vt 0.821501 1.000452
vt 0.814810 1.000455
vt 0.814810 1.000454
vt 0.821500 1.000450
vt 0.664842 1.000385
vt 0.673932 1.000384
vt 0.663828 1.000375
vt 0.672809 1.000380
vt 0.672859 1.000379
vt 0.663768 1.000376
vt 0.814262 1.000443
vt 0.820899 1.000444
vt 0.820926 1.000444
vt 0.814229 1.000445
vt 0.931211 1.000319
vt 0.935673 1.000324
vt 0.935689 1.000322
vt 0.931194 1.000318
vt 0.935956 1.000323
vt 0.931462 1.000321
vt 0.931461 1.000320
vt 0.935954 1.000321
vt 1.018249 1.000304
vt 1.020859 1.000307
vt 1.020867 1.000306
vt 1.018241 1.000303
vt 1.020970 1.000312
vt 1.018343 1.000309
vt 1.018343 1.000309
vt 1.020971 1.000312
vt 1.022213 1.000303
vt 1.020086 1.000300
vt 0.939075 1.000322
vt 0.935440 1.000321
vt 1.022216 1.000295
vt 1.020089 1.000289
vt 0.939061 1.000326
vt 0.935424 1.000326
vt 1.020948 1.000292
vt 1.018309 1.000288
vt 0.935891 1.000323
vt 0.931377 1.000321
vt 1.020939 1.000296
vt 1.018301 1.000292
vt 0.935882 1.000313
vt 0.931369 1.000309
vt 1.022260 1.000299
vt 1.020150 1.000298
vt 0.939159 1.000319
vt 0.935547 1.000316
vt 1.022271 1.000301
vt 1.020161 1.000299
vt 1.020161 1.000301
vt 0.939160 1.000322
vt 0.935546 1.000319
vt 1.020941 1.000302
vt 1.018302 1.000300
vt 1.020149 1.000301
vt 0.935860 1.000313
vt 0.931346 1.000308
vt 0.939141 1.000313
vt 0.705719 1.000294
vt 0.686296 1.000290
vt 1.102726 1.000293
vt 1.105364 1.000297
vt 0.622531 1.000314
vt 0.603087 1.000311
vt 1.011025 1.000313
vt 1.015540 1.000316
vt 0.779082 1.000389
vt 0.759666 1.000388
vt 0.759666 1.000388
vt 0.779082 1.000389
vt 0.754916 1.000388
vt 0.735474 1.000388
vt 0.735474 1.000388
vt 0.754916 1.000388
vt 0.801851 1.000389
vt 0.782466 1.000388
vt 0.782466 1.000390
vt 0.801852 1.000390
vt 0.823154 1.000382
vt 0.803808 1.000383
vt 0.803808 1.000383
vt 0.823154 1.000382
vt 0.815162 1.000381
vt 0.795814 1.000382
vt 1.202165 1.000364
vt 1.202471 1.000365
vt 0.769696 1.000340
vt 0.750311 1.000339
vt 1.165996 1.000344
vt 1.167194 1.000345
vt 1.112716 1.000367
vt 1.112410 1.000366
vt 1.112502 1.000366
vt 1.112746 1.000367
vt 1.079373 1.000322
vt 1.078174 1.000321
vt 1.078764 1.000322
vt 1.079724 1.000323
vt 1.112758 1.000364
vt 1.112516 1.000366
vt 1.112757 1.000363
vt 1.078779 1.000322
vt 1.079741 1.000323
vt 1.112432 1.000372
vt 1.112736 1.000373
vt 1.078179 1.000328
vt 1.079380 1.000331
vt 1.112425 1.000365
vt 1.112729 1.000367
vt 1.078183 1.000319
vt 1.079383 1.000321
vt 1.112517 1.000368
vt 1.112761 1.000366
vt 1.078744 1.000317
vt 1.079712 1.000319
vt 1.112503 1.000362
vt 1.112751 1.000363
vt 1.078759 1.000338
vt 1.078759 1.000337
vt 1.079726 1.000340
vt 1.112743 1.000363
vt 1.112415 1.000364
vt 1.112719 1.000363
vt 1.078200 1.000331
vt 1.079395 1.000333
vt 1.112420 1.000360
vt 1.112724 1.000360
vt 1.078191 1.000325
vt 1.079384 1.000327
vt 1.078172 1.000327
vt 1.079357 1.000330
vt 1.112418 1.000360
vt 1.112723 1.000362
vt 1.122856 1.000272
vt 1.122858 1.000278
vt 1.122859 1.000279
vt 1.122857 1.000274
vt 1.122866 1.000274
vt 1.122864 1.000270
vt 1.110999 1.000377
vt 1.111298 1.000376
vt 1.111298 1.000376
vt 1.110998 1.000376
vt 1.111294 1.000382
vt 1.110990 1.000381
vt 1.111211 1.000378
vt 1.110967 1.000376
vt 1.122858 1.000276
vt 1.122856 1.000272
vt 1.111224 1.000397
vt 1.110978 1.000394
vt 1.122858 1.000283
vt 1.122854 1.000276
vt 1.111297 1.000385
vt 1.110994 1.000384
vt 1.122853 1.000280
vt 1.122851 1.000277
vt 1.111296 1.000382
vt 1.110993 1.000381
vt 1.122859 1.000285
vt 1.122856 1.000281
vt 1.111204 1.000389
vt 1.110960 1.000388
vt 1.122859 1.000282
vt 1.122858 1.000279
vt 1.111218 1.000386
vt 1.110977 1.000385
vt 1.122853 1.000269
vt 1.122851 1.000263
vt 1.111288 1.000386
vt 1.110985 1.000386
vt 1.122862 1.000289
vt 1.122862 1.000286
vt 0.853314 1.000380
vt 0.834066 1.000380
vt 1.200286 1.000382
vt 1.200589 1.000383
vt 0.842926 1.000291
vt 0.823622 1.000288
vt 1.213122 1.000271
vt 1.213123 1.000274
vt 0.861244 1.000388
vt 0.841997 1.000387
vt 0.841997 1.000388
vt 0.861244 1.000387
vt 0.842967 1.000384
vt 0.823663 1.000384
vt 0.823663 1.000384
vt 0.842967 1.000384
vt 0.877990 1.000385
vt 0.858812 1.000385
vt 0.858811 1.000384
vt 0.877989 1.000384
vt 0.893216 1.000384
vt 0.874126 1.000384
vt 0.874127 1.000385
vt 0.893217 1.000385
vt 0.821250 1.000374
vt 0.802160 1.000375
vt 1.107756 1.000367
vt 1.110345 1.000368
vt 0.846129 1.000376
vt 0.826947 1.000374
vt 1.164762 1.000373
vt 1.165949 1.000373
vt 1.027352 1.000361
vt 1.024765 1.000361
vt 1.023476 1.000360
vt 1.025548 1.000361
vt 1.079094 1.000374
vt 1.077904 1.000374
vt 1.077561 1.000374
vt 1.078513 1.000374
vt 1.023462 1.000360
vt 1.025534 1.000364
vt 1.077558 1.000379
vt 1.078512 1.000381
vt 1.024757 1.000371
vt 1.027343 1.000370
vt 1.077909 1.000376
vt 1.079096 1.000375
vt 1.024762 1.000378
vt 1.027349 1.000378
vt 1.077910 1.000378
vt 1.079096 1.000377
vt 1.023504 1.000368
vt 1.025588 1.000369
vt 1.077561 1.000371
vt 1.078520 1.000373
vt 1.023497 1.000368
vt 1.025585 1.000368
vt 1.077574 1.000364
vt 1.078533 1.000369
vt 1.024734 1.000373
vt 1.027313 1.000374
vt 1.077897 1.000368
vt 1.079081 1.000368
vt 1.024735 1.000375
vt 1.027312 1.000375
vt 1.077896 1.000374
vt 1.079082 1.000374
vt 1.077919 1.000360
vt 1.079102 1.000365
vt 1.024837 1.000367
vt 1.027404 1.000371
vt 1.027411 1.000373
vt 1.024830 1.000370
vt 0.952150 1.000477
vt 0.956504 1.000481
vt 0.956522 1.000481
vt 0.952136 1.000478
vt 0.956262 1.000483
vt 0.951878 1.000486
vt 0.951877 1.000485
vt 0.956262 1.000483
vt 0.859500 1.000388
vt 0.865923 1.000388
vt 0.865954 1.000387
vt 0.859473 1.000387
vt 0.865409 1.000382
vt 0.858931 1.000381
vt 0.858931 1.000381
vt 0.865409 1.000383
vt 0.858099 1.000371
vt 0.852857 1.000370
vt 0.952387 1.000481
vt 0.948839 1.000484
vt 0.858107 1.000381
vt 0.852863 1.000381
vt 0.952385 1.000485
vt 0.948839 1.000488
vt 0.865563 1.000377
vt 0.859058 1.000376
vt 0.956346 1.000488
vt 0.951943 1.000490
vt 0.865559 1.000378
vt 0.859054 1.000379
vt 0.956355 1.000495
vt 0.951954 1.000498
vt 0.951955 1.000500
vt 0.956355 1.000497
vt 0.857875 1.000375
vt 0.852671 1.000376
vt 0.952277 1.000493
vt 0.948756 1.000497
vt 0.951950 1.000494
vt 0.857869 1.000369
vt 0.852660 1.000371
vt 0.952278 1.000495
vt 0.948757 1.000499
vt 0.865571 1.000373
vt 0.859062 1.000371
vt 0.956361 1.000478
vt 0.951960 1.000482
vt 0.714454 1.000380
vt 0.695632 1.000381
vt 0.930236 1.000379
vt 0.936743 1.000379
vt 0.777856 1.000482
vt 0.758883 1.000485
vt 1.029710 1.000491
vt 1.034112 1.000488
vt 0.919195 1.000386
vt 0.900377 1.000386
vt 0.900377 1.000386
vt 0.919194 1.000385
vt 0.906944 1.000386
vt 0.887970 1.000385
vt 0.887970 1.000386
vt 0.906945 1.000386
vt 0.929981 1.000386
vt 0.911388 1.000386
vt 0.911388 1.000386
vt 0.929981 1.000386
vt 0.939223 1.000385
vt 0.920979 1.000385
vt 0.920979 1.000385
vt 0.939223 1.000386
vt 0.522779 1.000353
vt 0.504536 1.000352
vt 0.665870 1.000350
vt 0.676701 1.000349
vt 0.630033 1.000272
vt 0.611439 1.000268
vt 0.809350 1.000263
vt 0.818063 1.000265
vt 0.622329 1.000344
vt 0.611499 1.000343
vt 0.593817 1.000341
vt 0.602482 1.000342
vt 0.754703 1.000286
vt 0.745989 1.000283
vt 0.734853 1.000279
vt 0.741824 1.000280
vt 0.602487 1.000366
vt 0.593822 1.000364
vt 0.593823 1.000364
vt 0.602488 1.000366
vt 0.734836 1.000267
vt 0.734836 1.000267
vt 0.741806 1.000269
vt 0.602470 1.000349
vt 0.593806 1.000349
vt 0.611473 1.000350
vt 0.622301 1.000351
vt 0.745965 1.000275
vt 0.754678 1.000278
vt 0.611485 1.000371
vt 0.611489 1.000373
vt 0.622316 1.000373
vt 0.745971 1.000272
vt 0.754685 1.000276
vt 0.622298 1.000346
vt 0.611468 1.000344
vt 0.594303 1.000342
vt 0.603029 1.000344
vt 0.735153 1.000267
vt 0.742174 1.000269
vt 0.594293 1.000341
vt 0.603017 1.000343
vt 0.735158 1.000279
vt 0.742186 1.000282
vt 0.611102 1.000341
vt 0.621886 1.000343
vt 0.745737 1.000275
vt 0.754415 1.000279
vt 0.621885 1.000355
vt 0.611104 1.000355
vt 0.611104 1.000355
vt 0.621885 1.000355
vt 0.745731 1.000275
vt 0.754410 1.000281
vt 0.746823 1.000282
vt 0.755399 1.000291
vt 0.755457 1.000290
vt 0.746777 1.000282
vt 0.613036 1.000343
vt 0.623631 1.000343
vt 0.623738 1.000343
vt 0.612953 1.000342
vt 0.460277 1.000321
vt 0.472436 1.000320
vt 0.472641 1.000318
vt 0.460129 1.000318
vt 0.469449 1.000316
vt 0.456936 1.000313
vt 0.456936 1.000314
vt 0.469449 1.000317
vt 0.311772 1.000315
vt 0.324355 1.000312
vt 0.324765 1.000312
vt 0.311504 1.000313
vt 0.319435 1.000331
vt 0.306171 1.000328
vt 0.306172 1.000328
vt 0.319436 1.000331
vt 0.283817 1.000331
vt 0.273086 1.000331
vt 0.442331 1.000315
vt 0.432204 1.000314
vt 0.283806 1.000302
vt 0.273074 1.000302
vt 0.442329 1.000303
vt 0.432203 1.000302
vt 0.320214 1.000329
vt 0.306896 1.000327
vt 0.470031 1.000317
vt 0.457465 1.000315
vt 0.320211 1.000327
vt 0.306892 1.000325
vt 0.470016 1.000300
vt 0.457450 1.000297
vt 0.282733 1.000307
vt 0.272076 1.000306
vt 0.441519 1.000304
vt 0.431464 1.000302
vt 0.282738 1.000324
vt 0.272080 1.000323
vt 0.441549 1.000333
vt 0.431497 1.000332
vt 0.320253 1.000312
vt 0.306933 1.000310
vt 0.282752 1.000308
vt 0.470055 1.000307
vt 0.457487 1.000305
vt 0.267610 1.000301
vt 0.251340 1.000299
vt 0.339301 1.000294
vt 0.352623 1.000297
vt 0.394265 1.000308
vt 0.376638 1.000306
vt 0.501654 1.000304
vt 0.514221 1.000306
vt 0.951127 1.000385
vt 0.934860 1.000385
vt 0.934860 1.000385
vt 0.951127 1.000384
vt 0.946638 1.000386
vt 0.929011 1.000385
vt 0.929011 1.000385
vt 0.946638 1.000386
vt 0.946617 1.000387
vt 0.935214 1.000386
vt 0.935214 1.000386
vt 0.946617 1.000387
vt 0.773014 1.000384
vt 0.856760 1.000385
vt 0.856760 1.000385
vt 0.773014 1.000384
vt 5.960680 1.000371
vt 6.044428 1.000370
vt 5.856655 1.000369
vt 5.775858 1.000372
vt 0.326610 1.000271
vt 0.315207 1.000267
vt 0.358456 1.000265
vt 0.368769 1.000268
vt 5.849252 1.000421
vt 5.930061 1.000422
vt 6.219998 1.000423
vt 6.155354 1.000423
vt 0.352291 1.000283
vt 0.341977 1.000281
vt 0.308523 1.000274
vt 0.316774 1.000275
vt 6.155335 1.000402
vt 6.219970 1.000402
vt 6.155334 1.000402
vt 0.308512 1.000311
vt 0.316766 1.000313
vt 6.155357 1.000427
vt 5.930326 1.000424
vt 5.849539 1.000424
vt 0.341938 1.000298
vt 0.352250 1.000300
vt 5.849589 1.000431
vt 5.930385 1.000432
vt 5.930324 1.000433
vt 5.849532 1.000431
vt 0.341957 1.000306
vt 0.352269 1.000306
vt 6.211730 1.000412
vt 6.146632 1.000413
vt 0.341942 1.000307
vt 0.309466 1.000303
vt 0.317776 1.000303
vt 6.146690 1.000475
vt 6.211801 1.000477
vt 6.211801 1.000477
vt 6.146690 1.000475
vt 0.309459 1.000275
vt 0.317769 1.000275
vt 6.146664 1.000416
vt 6.211765 1.000415
vt 5.936296 1.000413
vt 5.855841 1.000412
vt 0.341263 1.000303
vt 0.351532 1.000305
vt 5.936269 1.000412
vt 5.855820 1.000412
vt 0.351550 1.000311
vt 0.341282 1.000313
vt 0.351551 1.000313
vt 0.348602 1.000304
vt 0.357775 1.000308
vt 0.358463 1.000310
vt 0.348196 1.000306
vt 5.836935 1.000410
vt 5.776278 1.000411
vt 5.763665 1.000412
vt 5.844117 1.000412
vt 0.527392 1.000386
vt 0.543156 1.000386
vt 0.565365 1.000386
vt 0.590942 1.000386
vt 0.616851 1.000386
vt 0.641714 1.000387
vt 0.664990 1.000386
vt 0.686442 1.000386
vt 0.705700 1.000386
vt 0.722133 1.000386
vt 0.735308 1.000387
vt 0.744969 1.000387
vt 0.750964 1.000386
vt 0.753215 1.000387
vt 0.751706 1.000387
vt 0.746483 1.000387
vt 0.737648 1.000387
vt 0.725364 1.000386
vt 0.709848 1.000387
vt 0.691385 1.000386
vt 0.670341 1.000386
vt 0.647193 1.000386
vt 0.622667 1.000386
vt 0.598129 1.000386
vt 0.576525 1.000386
vt 0.560948 1.000386
vt 0.545222 1.000386
vt 0.522983 1.000386
vt 0.497203 1.000386
vt 0.470861 1.000385
vt 0.445371 1.000385
vt 0.421507 1.000385
vt 0.399801 1.000385
vt 0.380671 1.000385
vt 0.364460 1.000385
vt 0.351450 1.000385
vt 0.341869 1.000385
vt 0.335892 1.000384
vt 0.333636 1.000384
vt 0.335165 1.000385
vt 0.340484 1.000385
vt 0.349535 1.000385
vt 0.362181 1.000385
vt 0.378146 1.000385
vt 0.396916 1.000385
vt 0.418001 1.000385
vt 0.441035 1.000385
vt 0.465494 1.000386
vt 0.490063 1.000386
vt 0.511751 1.000386
vt 1.012537 -0.326747
vt 0.992537 -0.326749
vt 0.992537 0.173247
vt 1.012537 0.173247
vt 0.939041 -0.326755
vt 0.919040 -0.326754
vt 0.919041 0.173247
vt 0.939042 0.173247
vt 0.866187 -0.326754
vt 0.846188 -0.326754
vt 0.846189 0.173247
vt 0.866188 0.173246
vt 0.794819 -0.326753
vt 0.774819 -0.326753
vt 0.774819 0.173247
vt 0.794819 0.173247
vt 0.725738 -0.326753
vt 0.705738 -0.326753
vt 0.705737 0.173247
vt 0.725740 0.173247
vt 0.659716 -0.326756
vt 0.639716 -0.326755
vt 0.639716 0.173246
vt 0.659714 0.173245
vt 0.597491 -0.326755
vt 0.577490 -0.326754
vt 0.577490 0.173247
vt 0.597491 0.173246
vt 0.539715 -0.326751
vt 0.519715 -0.326751
vt 0.519716 0.173248
vt 0.539715 0.173248
vt 0.486995 -0.326753
vt 0.466994 -0.326753
vt 0.466994 0.173247
vt 0.486995 0.173247
vt 0.439841 -0.326752
vt 0.419839 -0.326752
vt 0.419839 0.173248
vt 0.439841 0.173248
vt 0.398677 -0.326755
vt 0.378677 -0.326754
vt 0.378676 0.173247
vt 0.398677 0.173246
vt 0.363847 -0.326754
vt 0.343846 -0.326753
vt 0.343847 0.173247
vt 0.363847 0.173247
vt 0.335580 -0.326752
vt 0.315580 -0.326753
vt 0.315580 0.173247
vt 0.335580 0.173247
vt 0.314008 -0.326752
vt 0.294008 -0.326753
vt 0.294008 0.173247
vt 0.314008 0.173248
vt 0.299150 -0.326753
vt 0.279150 -0.326752
vt 0.279150 0.173248
vt 0.299150 0.173247
vt 0.290928 -0.326752
vt 0.270928 -0.326752
vt 0.270928 0.173247
vt 0.290929 0.173247
vt 0.289163 -0.326754
vt 0.269162 -0.326753
vt 0.269163 0.173247
vt 0.289162 0.173247
vt 0.293559 -0.326754
vt 0.273560 -0.326753
vt 0.273559 0.173247
vt 0.293560 0.173247
vt 0.303733 -0.326754
vt 0.283732 -0.326755
vt 0.283732 0.173246
vt 0.303732 0.173247
vt 0.319212 -0.326754
vt 0.299212 -0.326754
vt 0.299212 0.173247
vt 0.319212 0.173247
vt 0.339437 -0.326752
vt 0.319436 -0.326752
vt 0.319438 0.173249
vt 0.339436 0.173249
vt 0.363763 -0.326753
vt 0.343764 -0.326753
vt 0.343763 0.173248
vt 0.363764 0.173248
vt 0.391505 -0.326753
vt 0.371505 -0.326753
vt 0.371505 0.173247
vt 0.391505 0.173247
vt 0.421903 -0.326754
vt 0.401903 -0.326754
vt 0.401904 0.173247
vt 0.421903 0.173248
vt 0.454169 -0.326753
vt 0.434168 -0.326754
vt 0.434170 0.173247
vt 0.454168 0.173247
vt 0.487462 -0.326754
vt 0.467463 -0.326754
vt 0.467461 0.173247
vt 0.487463 0.173247
vt 0.520959 -0.326753
vt 0.500960 -0.326754
vt 0.500958 0.173247
vt 0.520960 0.173247
vt 0.553808 -0.326754
vt 0.533807 -0.326754
vt 0.533809 0.173247
vt 0.553807 0.173247
vt 0.585182 -0.326753
vt 0.565182 -0.326754
vt 0.565182 0.173247
vt 0.585182 0.173247
vt 0.614264 -0.326754
vt 0.594264 -0.326755
vt 0.594264 0.173247
vt 0.614264 0.173247
vt 0.640283 -0.326753
vt 0.620283 -0.326754
vt 0.620283 0.173247
vt 0.640283 0.173247
vt 0.662511 -0.326754
vt 0.642511 -0.326754
vt 0.642511 0.173247
vt 0.662511 0.173247
vt 0.680285 -0.326753
vt 0.660285 -0.326754
vt 0.660284 0.173246
vt 0.680285 0.173247
vt 0.693007 -0.326753
vt 0.673007 -0.326753
vt 0.673008 0.173247
vt 0.693007 0.173247
vt 0.700161 -0.326752
vt 0.680161 -0.326752
vt 0.680161 0.173248
vt 0.700161 0.173248
vt 0.701321 -0.326753
vt 0.681322 -0.326752
vt 0.681321 0.173248
vt 0.701322 0.173247
vt 0.696154 -0.326753
vt 0.676154 -0.326753
vt 0.676155 0.173247
vt 0.696154 0.173247
vt 0.684418 -0.326752
vt 0.664420 -0.326752
vt 0.664420 0.173248
vt 0.684420 0.173248
vt 0.665995 -0.326751
vt 0.645994 -0.326751
vt 0.645995 0.173248
vt 0.665995 0.173248
vt 0.640854 -0.326750
vt 0.620854 -0.326750
vt 0.620853 0.173249
vt 0.640853 0.173249
vt 0.609068 -0.326752
vt 0.589068 -0.326752
vt 0.589068 0.173248
vt 0.609069 0.173248
vt 0.570840 -0.326751
vt 0.550839 -0.326752
vt 0.550840 0.173248
vt 0.570838 0.173248
vt 0.526443 -0.326751
vt 0.506443 -0.326752
vt 0.506442 0.173249
vt 0.526444 0.173250
vt 0.476266 -0.326753
vt 0.456265 -0.326753
vt 0.456266 0.173247
vt 0.476265 0.173247
vt 0.420788 -0.326755
vt 0.400789 -0.326754
vt 0.400789 0.173247
vt 0.420789 0.173247
vt 0.360567 -0.326754
vt 0.340568 -0.326753
vt 0.340567 0.173247
vt 0.360568 0.173247
vt 0.296237 -0.326754
vt 0.276237 -0.326754
vt 0.276237 0.173247
vt 0.296237 0.173247
vt 0.228496 -0.326753
vt 0.208497 -0.326752
vt 0.208496 0.173247
vt 0.228497 0.173247
vt 0.158094 -0.326754
vt 0.138093 -0.326753
vt 0.138094 0.173247
vt 0.158093 0.173247
vt 0.085836 -0.326750
vt 0.065837 -0.326752
vt 0.065837 0.173247
vt 0.085837 0.173247
vt 1.012507 0.500013
vt 1.007465 0.500011
vt 0.988830 0.500012
vt 0.992508 0.500013
vt 0.085808 0.500015
vt 0.081208 0.500016
vt 0.062574 0.500017
vt 0.065808 0.500016
vt 0.081311 0.500021
vt 0.080296 0.500023
vt 0.062524 0.500023
vt 0.062677 0.500021
vt 1.006450 0.499997
vt 0.988674 0.499994
vt 0.988895 0.499995
vt 0.154067 0.499987
vt 0.153130 0.499987
vt 0.135358 0.499988
vt 0.135433 0.499989
vt 0.158083 0.500015
vt 0.153986 0.500014
vt 0.138082 0.500015
vt 0.225022 0.499989
vt 0.224169 0.499989
vt 0.206397 0.499990
vt 0.206387 0.499990
vt 0.293364 0.500036
vt 0.292602 0.500038
vt 0.274831 0.500037
vt 0.274730 0.500036
vt 0.358321 0.499993
vt 0.357654 0.499992
vt 0.339882 0.499992
vt 0.339687 0.499992
vt 0.419194 0.500022
vt 0.418625 0.500022
vt 0.400852 0.500022
vt 0.400559 0.500021
vt 0.475332 0.500030
vt 0.474864 0.500031
vt 0.457092 0.500032
vt 0.456698 0.500031
vt 0.526168 0.500000
vt 0.525799 0.499999
vt 0.508028 0.500001
vt 0.507535 0.500002
vt 0.571231 0.500018
vt 0.570963 0.500019
vt 0.553190 0.500019
vt 0.552595 0.500018
vt 0.610071 0.500015
vt 0.609898 0.500016
vt 0.592127 0.500016
vt 0.591438 0.500016
vt 0.642489 0.500000
vt 0.642414 0.500001
vt 0.624643 0.500001
vt 0.623857 0.500000
vt 0.668181 0.500008
vt 0.668191 0.500008
vt 0.650420 0.500008
vt 0.649548 0.500008
vt 0.616842 0.499993
vt 0.614684 0.499993
vt 0.594597 0.499994
vt 0.595770 0.499994
vt 0.699337 0.500029
vt 0.699506 0.500031
vt 0.681736 0.500033
vt 0.680704 0.500031
vt 0.704855 0.499995
vt 0.705092 0.499995
vt 0.687320 0.499995
vt 0.686221 0.499996
vt 0.704025 0.499991
vt 0.704317 0.499993
vt 0.686544 0.499993
vt 0.685388 0.499991
vt 0.697118 0.499981
vt 0.697456 0.499979
vt 0.679684 0.499980
vt 0.678482 0.499981
vt 0.684609 0.499988
vt 0.684980 0.499987
vt 0.667210 0.499987
vt 0.665974 0.499989
vt 0.666933 0.499975
vt 0.667330 0.499975
vt 0.649558 0.499977
vt 0.648296 0.499977
vt 0.644738 0.499972
vt 0.645142 0.499974
vt 0.627372 0.499975
vt 0.626101 0.499973
vt 0.618694 0.500050
vt 0.619096 0.500051
vt 0.601324 0.500051
vt 0.600053 0.500050
vt 0.589480 0.500003
vt 0.589865 0.500005
vt 0.572093 0.500003
vt 0.570839 0.500002
vt 0.557859 0.500006
vt 0.558208 0.500005
vt 0.540435 0.500006
vt 0.539215 0.500007
vt 0.524765 0.499995
vt 0.525071 0.499995
vt 0.507298 0.499995
vt 0.506120 0.499995
vt 0.490981 0.499973
vt 0.491232 0.499974
vt 0.473458 0.499973
vt 0.472332 0.499971
vt 0.457192 0.500040
vt 0.457375 0.500040
vt 0.439604 0.500041
vt 0.438547 0.500041
vt 0.424460 0.499979
vt 0.424563 0.499979
vt 0.406791 0.499980
vt 0.405812 0.499979
vt 0.393513 0.499920
vt 0.393525 0.499918
vt 0.375753 0.499919
vt 0.374864 0.499921
vt 0.365258 0.499977
vt 0.365178 0.499976
vt 0.347406 0.499975
vt 0.346609 0.499977
vt 0.340198 0.499915
vt 0.340010 0.499914
vt 0.322237 0.499912
vt 0.321544 0.499913
vt 0.319426 0.499998
vt 0.319135 0.499997
vt 0.301365 0.499998
vt 0.300775 0.499999
vt 0.303367 0.500038
vt 0.302969 0.500041
vt 0.285198 0.500041
vt 0.284716 0.500039
vt 0.292476 0.500036
vt 0.291968 0.500036
vt 0.274195 0.500033
vt 0.273823 0.500033
vt 0.287455 0.500039
vt 0.286841 0.500039
vt 0.269069 0.500039
vt 0.268804 0.500040
vt 0.288571 0.499999
vt 0.287851 0.500000
vt 0.270078 0.500000
vt 0.269920 0.499999
vt 0.296236 0.500011
vt 0.295418 0.500011
vt 0.277648 0.500011
vt 0.277586 0.500011
vt 0.310456 0.500001
vt 0.309544 0.500002
vt 0.291772 0.500002
vt 0.291807 0.500000
vt 0.331600 0.500001
vt 0.330606 0.500003
vt 0.312833 0.500003
vt 0.312952 0.500001
vt 0.359264 0.500020
vt 0.358190 0.500019
vt 0.340418 0.500020
vt 0.340617 0.500020
vt 0.393688 0.500021
vt 0.392550 0.500022
vt 0.374779 0.500023
vt 0.375043 0.500023
vt 0.434469 0.500014
vt 0.433278 0.500015
vt 0.415507 0.500015
vt 0.415825 0.500014
vt 0.481309 0.500005
vt 0.480079 0.500008
vt 0.462308 0.500012
vt 0.462667 0.500009
vt 0.533827 0.499973
vt 0.532570 0.499972
vt 0.514796 0.499973
vt 0.515184 0.499973
vt 0.591441 0.499988
vt 0.590170 0.499986
vt 0.572400 0.499988
vt 0.572803 0.499990
vt 0.653717 0.500009
vt 0.652447 0.500009
vt 0.634672 0.500008
vt 0.635074 0.500008
vt 0.719728 0.500011
vt 0.718467 0.500011
vt 0.700694 0.500013
vt 0.701089 0.500013
vt 0.789006 0.500061
vt 0.787775 0.500063
vt 0.770005 0.500064
vt 0.770371 0.500062
vt 0.860482 0.499964
vt 0.859287 0.499963
vt 0.841517 0.499964
vt 0.841848 0.499965
vt 0.933580 0.499997
vt 0.932432 0.499996
vt 0.914660 0.499994
vt 0.914945 0.499995
vt 0.939006 0.500013
vt 0.914960 0.500014
vt 0.919006 0.500013
vt 0.866161 0.500018
vt 0.846161 0.500018
vt 0.794796 0.500021
vt 0.788869 0.500022
vt 0.770232 0.500022
vt 0.774795 0.500021
vt 0.725729 0.500012
vt 0.701034 0.500012
vt 0.705730 0.500011
vt 0.659705 0.500012
vt 0.653598 0.500013
vt 0.634959 0.500013
vt 0.639703 0.500011
vt 0.597465 0.500009
vt 0.577466 0.500009
vt 0.539707 0.500015
vt 0.515124 0.500017
vt 0.519709 0.500016
vt 0.486982 0.500010
vt 0.481243 0.500011
vt 0.462599 0.500011
vt 0.466982 0.500010
vt 0.439824 0.500008
vt 0.434367 0.500009
vt 0.415723 0.500009
vt 0.419824 0.500008
vt 0.398681 0.500014
vt 0.393583 0.500014
vt 0.374935 0.500014
vt 0.378680 0.500014
vt 0.363847 0.500003
vt 0.359176 0.500002
vt 0.340528 0.500002
vt 0.343846 0.500002
vt 0.335568 0.500011
vt 0.331388 0.500012
vt 0.312740 0.500012
vt 0.315569 0.500011
vt 0.313992 0.499994
vt 0.310355 0.499993
vt 0.291706 0.499993
vt 0.293993 0.499994
vt 0.299143 0.500007
vt 0.296096 0.500008
vt 0.277447 0.500009
vt 0.279144 0.500008
vt 0.290935 0.500008
vt 0.288515 0.500009
vt 0.270936 0.500008
vt 0.289175 0.500007
vt 0.287409 0.500008
vt 0.269175 0.500007
vt 0.293572 0.500013
vt 0.273573 0.500013
vt 0.303749 0.500005
vt 0.303331 0.500005
vt 0.283749 0.500005
vt 0.319240 0.500016
vt 0.319496 0.500017
vt 0.299239 0.500017
vt 0.339458 0.500008
vt 0.340372 0.500008
vt 0.321722 0.500008
vt 0.319457 0.500008
vt 0.363773 0.500005
vt 0.346672 0.500004
vt 0.343773 0.500005
vt 0.391537 0.500007
vt 0.393686 0.500008
vt 0.375036 0.500008
vt 0.371537 0.500006
vt 0.421934 0.500007
vt 0.424639 0.500008
vt 0.405990 0.500008
vt 0.401934 0.500006
vt 0.454186 0.500008
vt 0.457390 0.500010
vt 0.438744 0.500010
vt 0.434185 0.500009
vt 0.487476 0.500008
vt 0.491125 0.500010
vt 0.472478 0.500009
vt 0.467477 0.500007
vt 0.520992 0.500008
vt 0.525013 0.500008
vt 0.506368 0.500008
vt 0.500992 0.500008
vt 0.553843 0.500011
vt 0.558165 0.500011
vt 0.539521 0.500011
vt 0.533843 0.500011
vt 0.585211 0.500009
vt 0.589758 0.500010
vt 0.571117 0.500011
vt 0.565211 0.500010
vt 0.614286 0.500003
vt 0.618974 0.500003
vt 0.600333 0.500003
vt 0.594286 0.500003
vt 0.640316 0.500020
vt 0.645060 0.500019
vt 0.626420 0.500019
vt 0.620315 0.500020
vt 0.662538 0.500010
vt 0.667254 0.500011
vt 0.648615 0.500010
vt 0.642537 0.500008
vt 0.680318 0.500018
vt 0.684919 0.500018
vt 0.666282 0.500018
vt 0.660318 0.500019
vt 0.693021 0.500009
vt 0.697424 0.500009
vt 0.678786 0.500009
vt 0.673021 0.500009
vt 0.700171 0.500018
vt 0.704297 0.500019
vt 0.685663 0.500019
vt 0.680170 0.500018
vt 0.701341 0.500011
vt 0.705114 0.500012
vt 0.686479 0.500013
vt 0.681341 0.500010
vt 0.696151 0.500010
vt 0.699497 0.500010
vt 0.680863 0.500011
vt 0.676151 0.500010
vt 0.684389 0.500010
vt 0.687242 0.500011
vt 0.668610 0.500011
vt 0.664389 0.500011
vt 0.666021 0.500024
vt 0.668332 0.500027
vt 0.649697 0.500026
vt 0.646020 0.500025
vt 0.640836 0.500004
vt 0.642551 0.500004
vt 0.620837 0.500005
vt 0.609052 0.500013
vt 0.591499 0.500015
vt 0.589052 0.500014
vt 0.570848 0.500018
vt 0.571269 0.500019
vt 0.550848 0.500018
vt 0.526430 0.500013
vt 0.506431 0.500014
vt 0.476263 0.500010
vt 0.456262 0.500010
vt 0.420770 0.500020
vt 0.419145 0.500021
vt 0.400511 0.500021
vt 0.400770 0.500020
vt 0.360546 0.500013
vt 0.339619 0.500014
vt 0.340546 0.500013
vt 0.296210 0.500012
vt 0.293277 0.500012
vt 0.274643 0.500011
vt 0.276210 0.500011
vt 0.228483 0.500018
vt 0.224947 0.500019
vt 0.206312 0.500019
vt 0.208484 0.500018
vt 0.220910 -0.151482
vt 0.250515 -0.157129
vt 0.279180 -0.166443
vt 0.306451 -0.179275
vt 0.331898 -0.195425
vt 0.355121 -0.214637
vt 0.375753 -0.236607
vt 0.393469 -0.260991
vt 0.407989 -0.287402
vt 0.419084 -0.315425
vt 0.426579 -0.344618
vt 0.430357 -0.374519
vt 0.430354 -0.404659
vt 0.426580 -0.434561
vt 0.419084 -0.463753
vt 0.407986 -0.491776
vt 0.393470 -0.518187
vt 0.375750 -0.542571
vt 0.355121 -0.564542
vt 0.331898 -0.583753
vt 0.306451 -0.599903
vt 0.279180 -0.612736
vt 0.250515 -0.622049
vt 0.220910 -0.627697
vt 0.190833 -0.629589
vt 0.160751 -0.627697
vt 0.131141 -0.622049
vt 0.102480 -0.612735
vt 0.075209 -0.599903
vt 0.049762 -0.583753
vt 0.026540 -0.564542
vt 0.005908 -0.542571
vt -0.011811 -0.518188
vt -0.026328 -0.491776
vt -0.037422 -0.463753
vt -0.044921 -0.434561
vt -0.048695 -0.404659
vt -0.048695 -0.374519
vt -0.044921 -0.344617
vt -0.037422 -0.315425
vt -0.026328 -0.287402
vt -0.011811 -0.260991
vt 0.005908 -0.236607
vt 0.026540 -0.214637
vt 0.049762 -0.195425
vt 0.075209 -0.179276
vt 0.102480 -0.166443
vt 0.131144 -0.157129
vt 0.160750 -0.151482
vt 0.190830 -0.149589
vt 1.016772 -0.097975
vt 0.996770 -0.097975
vt 0.996773 -0.047825
vt 1.016775 -0.047825
vt 0.200893 -0.367856
vt 0.170813 -0.365963
vt 0.140733 -0.367856
vt 0.154900 -0.526651
vt 0.191863 -0.526651
vt 0.191863 -0.689659
vt 0.200893 -0.844071
vt 0.230498 -0.838423
vt 0.259163 -0.829109
vt 0.286433 -0.816276
vt 0.311881 -0.800127
vt 0.335104 -0.780915
vt 0.355736 -0.758945
vt 0.373451 -0.734561
vt 0.387971 -0.708150
vt 0.399066 -0.680127
vt 0.406562 -0.650935
vt 0.410339 -0.621033
vt 0.410339 -0.590893
vt 0.406562 -0.560991
vt 0.399066 -0.531799
vt 0.387971 -0.503776
vt 0.373451 -0.477365
vt 0.355736 -0.452981
vt 0.335104 -0.431010
vt 0.311881 -0.411799
vt 0.286434 -0.395649
vt 0.259163 -0.382817
vt 0.230498 -0.373503
vt 0.108110 -0.097961
vt 0.088110 -0.097959
vt 0.088110 -0.047808
vt 0.108110 -0.047810
vt 8.783367 0.121096
vt 8.925516 0.107157
vt 8.968831 0.107157
vt 8.828133 0.121096
vt -0.560251 1.000307
vt -0.545405 1.000310
vt 0.259724 1.000306
vt 0.271844 1.000304
vt 2.952978 0.124721
vt 2.996839 0.110789
vt 2.982125 0.110788
vt 2.937772 0.124720
vt 0.198048 -0.097993
vt 0.178048 -0.097992
vt 0.178048 -0.047841
vt 0.198048 -0.047842
vt 2.366307 0.131608
vt 2.399441 0.117668
vt 2.381830 0.117666
vt 2.348105 0.131606
vt 2.104333 0.141916
vt 2.132169 0.127981
vt 2.113768 0.127982
vt 2.085314 0.141917
vt 1.942340 0.155273
vt 1.966614 0.141331
vt 1.947877 0.141327
vt 1.922975 0.155269
vt 1.826268 0.171656
vt 1.847814 0.157719
vt 1.828884 0.157716
vt 1.806705 0.171653
vt 1.735223 0.190634
vt 1.754540 0.176702
vt 1.735483 0.176700
vt 1.715528 0.190632
vt 1.658596 0.211922
vt 1.676012 0.197983
vt 1.656866 0.197980
vt 1.638809 0.211919
vt 1.590533 0.235387
vt 1.606284 0.221454
vt 1.587076 0.221451
vt 1.570681 0.235384
vt 1.527266 0.259798
vt 1.541525 0.245856
vt 1.522264 0.245868
vt 1.507360 0.259811
vt 1.466448 0.286567
vt 1.479349 0.272623
vt 1.460054 0.272625
vt 1.446507 0.286566
vt 1.406221 0.313759
vt 1.417872 0.299821
vt 1.398549 0.299821
vt 1.386247 0.313755
vt 1.344885 0.341260
vt 1.355374 0.327316
vt 1.336049 0.327321
vt 1.324919 0.341262
vt 1.283744 0.369002
vt 1.293144 0.355068
vt 1.273774 0.355070
vt 1.263725 0.369005
vt 1.220030 0.395976
vt 1.228397 0.382037
vt 1.209007 0.382042
vt 1.199992 0.395977
vt 1.154345 0.421977
vt 1.161727 0.408036
vt 1.142327 0.408043
vt 1.134296 0.421984
vt 1.086320 0.447278
vt 1.092760 0.433339
vt 1.073343 0.433337
vt 1.066253 0.447276
vt 1.016220 0.470630
vt 1.021743 0.456686
vt 1.002317 0.456682
vt 0.996143 0.470627
vt 0.943930 0.491804
vt 0.948579 0.477869
vt 0.929146 0.477868
vt 0.923845 0.491803
vt 0.869786 0.510623
vt 0.873572 0.496685
vt 0.854133 0.496686
vt 0.849696 0.510624
vt 0.794162 0.526872
vt 0.797103 0.512937
vt 0.777657 0.512937
vt 0.774064 0.526872
vt 0.717224 0.540080
vt 0.719337 0.526131
vt 0.699891 0.526132
vt 0.697126 0.540081
vt 0.639397 0.550137
vt 0.640689 0.536191
vt 0.621243 0.536191
vt 0.619300 0.550137
vt 0.561199 0.556950
vt 0.561683 0.543011
vt 0.542237 0.543013
vt 0.541102 0.556952
vt 0.483131 0.560306
vt 0.482805 0.546365
vt 0.463362 0.546364
vt 0.463036 0.560305
vt 0.405608 0.560323
vt 0.404476 0.546381
vt 0.385035 0.546381
vt 0.385515 0.560323
vt 0.328803 0.556689
vt 0.326856 0.542742
vt 0.307411 0.542740
vt 0.308706 0.556687
vt 0.253302 0.549765
vt 0.250541 0.535825
vt 0.231094 0.535822
vt 0.233204 0.549762
vt 0.179387 0.539465
vt 0.175794 0.525519
vt 0.156350 0.525519
vt 0.159292 0.539464
vt 0.107565 0.526135
vt 0.103129 0.512203
vt 0.083690 0.512205
vt 0.087475 0.526137
vt 0.037974 0.509886
vt 0.032677 0.495955
vt 0.013245 0.495956
vt 0.017891 0.509887
vt -0.029065 0.490755
vt -0.035245 0.476817
vt -0.054669 0.476818
vt -0.049139 0.490757
vt -0.093544 0.469507
vt -0.100632 0.455577
vt -0.120045 0.455579
vt -0.113607 0.469509
vt -0.155424 0.445969
vt -0.163457 0.432032
vt -0.182859 0.432031
vt -0.175476 0.445968
vt -0.214736 0.421191
vt -0.223751 0.407261
vt -0.243140 0.407264
vt -0.234774 0.421196
vt -0.272015 0.394562
vt -0.282064 0.380622
vt -0.301434 0.380622
vt -0.292035 0.394563
vt -0.327411 0.367625
vt -0.338550 0.353691
vt -0.357900 0.353690
vt -0.347409 0.367623
vt -0.375395 0.339919
vt -0.387564 0.325982
vt -0.407014 0.325984
vt -0.395497 0.339921
vt -0.435750 0.312343
vt -0.449293 0.298406
vt -0.468589 0.298404
vt -0.455689 0.312342
vt -0.491001 0.285302
vt -0.505905 0.271360
vt -0.525160 0.271359
vt -0.510902 0.285299
vt -0.549247 0.258941
vt -0.565639 0.245002
vt -0.584844 0.245002
vt -0.569094 0.258943
vt -0.612884 0.234054
vt -0.630939 0.220122
vt -0.650083 0.220121
vt -0.632670 0.234053
vt -0.686101 0.210675
vt -0.706061 0.196728
vt -0.725121 0.196727
vt -0.705800 0.210673
vt -0.774742 0.189522
vt -0.796920 0.175590
vt -0.815855 0.175589
vt -0.794312 0.189521
vt -0.889418 0.170677
vt -0.914317 0.156737
vt -0.933061 0.156740
vt -0.908791 0.170680
vt -1.051530 0.154397
vt -1.079984 0.140450
vt -1.098389 0.140451
vt -1.070552 0.154399
vt -1.315454 0.141271
vt -1.349153 0.127333
vt -1.366801 0.127335
vt -1.333693 0.141274
vt -1.909946 0.131191
vt -1.954256 0.117257
vt -1.969146 0.117254
vt -1.925335 0.131187
vt -7.902762 0.124389
vt -8.043842 0.110458
vt -8.003024 0.110456
vt -7.860575 0.124386
vt 0.925172 -0.097971
vt 0.905173 -0.097970
vt 0.905174 -0.047819
vt 0.925173 -0.047820
vt 0.834466 -0.097969
vt 0.814466 -0.097969
vt 0.814465 -0.047819
vt 0.834465 -0.047819
vt 0.745700 -0.097973
vt 0.725700 -0.097971
vt 0.725699 -0.047816
vt 0.745699 -0.047818
vt 0.660011 -0.097974
vt 0.640011 -0.097975
vt 0.640010 -0.047823
vt 0.660010 -0.047822
vt 0.578409 -0.097999
vt 0.558408 -0.097997
vt 0.558409 -0.047841
vt 0.578410 -0.047844
vt 0.501885 -0.097984
vt 0.481886 -0.097983
vt 0.481887 -0.047829
vt 0.501885 -0.047829
vt 0.431348 -0.097984
vt 0.411347 -0.097984
vt 0.411348 -0.047833
vt 0.431348 -0.047835
vt 0.369528 -0.097976
vt 0.349529 -0.097977
vt 0.349443 -0.047825
vt 0.369442 -0.047824
vt 0.311928 -0.098026
vt 0.292017 -0.098030
vt 0.291981 -0.047879
vt 0.311891 -0.047878
vt 0.269291 -0.098011
vt 0.249277 -0.098009
vt 0.248989 -0.047857
vt 0.269004 -0.047856
vt 0.223140 -0.097970
vt 0.203141 -0.097972
vt 0.203137 -0.047822
vt 0.223136 -0.047820
vt 0.192000 -0.097979
vt 0.172003 -0.097980
vt 0.172003 -0.047831
vt 0.191999 -0.047829
vt 0.169929 -0.097982
vt 0.149930 -0.097985
vt 0.149928 -0.047834
vt 0.169926 -0.047832
vt 0.156751 -0.098009
vt 0.136751 -0.098011
vt 0.136753 -0.047861
vt 0.156752 -0.047860
vt 0.153992 -0.097997
vt 0.134051 -0.098001
vt 0.133987 -0.047851
vt 0.153928 -0.047847
vt 0.156936 -0.098957
vt 0.136936 -0.100192
vt 0.136936 -0.049839
vt 0.156935 -0.048694
vt 0.169577 -0.098019
vt 0.149576 -0.098021
vt 0.149578 -0.047869
vt 0.169579 -0.047867
vt 0.189981 -0.097971
vt 0.169981 -0.097971
vt 0.169980 -0.047817
vt 0.189980 -0.047818
vt 0.217446 -0.098007
vt 0.197446 -0.098007
vt 0.197447 -0.047853
vt 0.217446 -0.047854
vt 0.251294 -0.100086
vt 0.231293 -0.101302
vt 0.231292 -0.050903
vt 0.251293 -0.049740
vt 0.290611 -0.097971
vt 0.270612 -0.097970
vt 0.270613 -0.047817
vt 0.290613 -0.047817
vt 0.334502 -0.097970
vt 0.314502 -0.097971
vt 0.314503 -0.047823
vt 0.334503 -0.047822
vt 0.381953 -0.097975
vt 0.361953 -0.097976
vt 0.361956 -0.047822
vt 0.381956 -0.047822
vt 0.431887 -0.099397
vt 0.411887 -0.099794
vt 0.411886 -0.048297
vt 0.431887 -0.048057
vt 0.483223 -0.097167
vt 0.463223 -0.096684
vt 0.463222 -0.046604
vt 0.483222 -0.047071
vt 0.534813 -0.097997
vt 0.514813 -0.097996
vt 0.514813 -0.047845
vt 0.534813 -0.047846
vt 0.585541 -0.097967
vt 0.565540 -0.097967
vt 0.565539 -0.047816
vt 0.585540 -0.047816
vt 0.634296 -0.097964
vt 0.614296 -0.097964
vt 0.614297 -0.047811
vt 0.634297 -0.047811
vt 0.679975 -0.098009
vt 0.659975 -0.098007
vt 0.659975 -0.047858
vt 0.679976 -0.047859
vt 0.721569 -0.097934
vt 0.701568 -0.097936
vt 0.701568 -0.047786
vt 0.721569 -0.047784
vt 0.758090 -0.097938
vt 0.738089 -0.097939
vt 0.738088 -0.047788
vt 0.758089 -0.047788
vt 0.788642 -0.097980
vt 0.768644 -0.097980
vt 0.768644 -0.047827
vt 0.788642 -0.047827
vt 0.811158 -0.098022
vt 0.791160 -0.098022
vt 0.791217 -0.047865
vt 0.811214 -0.047866
vt 0.828116 -0.098183
vt 0.808146 -0.098178
vt 0.808174 -0.048025
vt 0.828146 -0.048030
vt 0.837081 -0.098020
vt 0.817080 -0.098017
vt 0.817079 -0.047865
vt 0.837080 -0.047868
vt 0.836933 -0.098023
vt 0.816933 -0.098022
vt 0.816933 -0.047870
vt 0.836933 -0.047871
vt 0.827988 -0.097984
vt 0.807988 -0.097983
vt 0.807989 -0.047832
vt 0.827988 -0.047832
vt 0.810096 -0.098015
vt 0.790097 -0.098015
vt 0.790099 -0.047863
vt 0.810098 -0.047862
vt 0.782895 -0.098045
vt 0.762927 -0.098039
vt 0.762928 -0.047887
vt 0.782898 -0.047890
vt 0.746873 -0.098159
vt 0.726895 -0.098150
vt 0.726920 -0.047997
vt 0.746898 -0.048004
vt 0.703025 -0.098002
vt 0.683026 -0.097999
vt 0.683029 -0.047847
vt 0.703029 -0.047850
vt 0.650415 -0.097969
vt 0.630414 -0.097969
vt 0.630413 -0.047818
vt 0.650414 -0.047818
vt 0.590026 -0.097968
vt 0.570025 -0.097968
vt 0.570027 -0.047820
vt 0.590027 -0.047821
vt 0.522547 -0.098005
vt 0.502547 -0.098003
vt 0.502546 -0.047854
vt 0.522546 -0.047857
vt 0.448727 -0.097980
vt 0.428726 -0.097980
vt 0.428726 -0.047829
vt 0.448726 -0.047829
vt 0.369389 -0.097970
vt 0.349389 -0.097970
vt 0.349388 -0.047818
vt 0.369388 -0.047818
vt 0.285498 -0.097957
vt 0.265498 -0.097957
vt 0.265498 -0.047806
vt 0.285498 -0.047806
vt 0.154900 -0.689659
vt 0.111127 -0.373503
vt 0.082463 -0.382816
vt 0.055192 -0.395649
vt 0.029744 -0.411799
vt 0.006521 -0.431011
vt -0.014111 -0.452981
vt -0.031826 -0.477364
vt -0.046346 -0.503776
vt -0.057441 -0.531799
vt -0.064936 -0.560991
vt -0.068714 -0.590893
vt -0.068714 -0.621033
vt -0.064936 -0.650934
vt -0.057441 -0.680127
vt -0.046346 -0.708150
vt -0.031826 -0.734561
vt -0.014111 -0.758945
vt 0.006521 -0.780915
vt 0.029744 -0.800127
vt 0.055192 -0.816276
vt 0.082463 -0.829109
vt 0.111127 -0.838423
vt 0.140733 -0.844070
vt 0.170813 -0.845963
vt 1.039192 -0.326742
vt 1.019192 -0.326746
vt 1.019187 0.173247
vt 1.039187 0.173247
vt 1.018565 -0.326753
vt 0.998565 -0.326753
vt 0.998573 0.173247
vt 1.018573 0.173247
vt 0.997342 -0.326755
vt 0.977343 -0.326754
vt 0.977339 0.173247
vt 0.997339 0.173247
vt 0.975527 -0.326754
vt 0.955527 -0.326753
vt 0.955528 0.173247
vt 0.975527 0.173247
vt 0.953152 -0.326752
vt 0.933152 -0.326752
vt 0.933152 0.173247
vt 0.953152 0.173247
vt 0.930254 -0.326753
vt 0.910254 -0.326753
vt 0.910254 0.173247
vt 0.930254 0.173247
vt 0.906878 -0.326752
vt 0.886879 -0.326752
vt 0.886877 0.173247
vt 0.906877 0.173247
vt 0.883077 -0.326753
vt 0.863077 -0.326753
vt 0.863080 0.173247
vt 0.883080 0.173247
vt 0.858916 -0.326753
vt 0.838916 -0.326753
vt 0.838916 0.173247
vt 0.858916 0.173247
vt 0.834456 -0.326753
vt 0.814456 -0.326753
vt 0.814455 0.173247
vt 0.834455 0.173247
vt 0.809763 -0.326753
vt 0.789763 -0.326753
vt 0.789763 0.173247
vt 0.809763 0.173247
vt 0.784919 -0.326753
vt 0.764919 -0.326753
vt 0.764919 0.173247
vt 0.784919 0.173247
vt 0.760000 -0.326753
vt 0.740000 -0.326753
vt 0.740000 0.173247
vt 0.760000 0.173247
vt 0.735081 -0.326753
vt 0.715081 -0.326753
vt 0.715081 0.173247
vt 0.735081 0.173247
vt 0.710238 -0.326753
vt 0.690238 -0.326753
vt 0.690238 0.173247
vt 0.710238 0.173247
vt 0.685543 -0.326753
vt 0.665543 -0.326753
vt 0.665543 0.173247
vt 0.685543 0.173247
vt 0.661087 -0.326753
vt 0.641087 -0.326753
vt 0.641087 0.173247
vt 0.661087 0.173247
vt 0.636922 -0.326753
vt 0.616922 -0.326753
vt 0.616921 0.173247
vt 0.636921 0.173247
vt 0.613121 -0.326752
vt 0.593121 -0.326752
vt 0.593123 0.173247
vt 0.613123 0.173247
vt 0.589749 -0.326753
vt 0.569749 -0.326752
vt 0.569745 0.173247
vt 0.589745 0.173247
vt 0.566846 -0.326753
vt 0.546846 -0.326753
vt 0.546849 0.173247
vt 0.566849 0.173247
vt 0.544473 -0.326753
vt 0.524472 -0.326754
vt 0.524473 0.173247
vt 0.544473 0.173247
vt 0.522658 -0.326753
vt 0.502658 -0.326753
vt 0.502658 0.173247
vt 0.522658 0.173247
vt 0.501436 -0.326752
vt 0.481435 -0.326752
vt 0.481432 0.173247
vt 0.501432 0.173247
vt 0.480809 -0.326753
vt 0.460809 -0.326754
vt 0.460813 0.173247
vt 0.480813 0.173247
vt 0.440818 -0.326756
vt 0.440814 0.173247
vt 0.441428 -0.326753
vt 0.421428 -0.326753
vt 0.421432 0.173247
vt 0.441432 0.173247
vt 0.422658 -0.326753
vt 0.402658 -0.326753
vt 0.402658 0.173247
vt 0.422658 0.173247
vt 0.404473 -0.326754
vt 0.384472 -0.326755
vt 0.384476 0.173247
vt 0.404476 0.173247
vt 0.386849 -0.326753
vt 0.366849 -0.326752
vt 0.366849 0.173247
vt 0.386849 0.173247
vt 0.369747 -0.326753
vt 0.349747 -0.326752
vt 0.349745 0.173247
vt 0.369745 0.173247
vt 0.353122 -0.326753
vt 0.333122 -0.326753
vt 0.333122 0.173247
vt 0.353122 0.173247
vt 0.336922 -0.326753
vt 0.316922 -0.326753
vt 0.316921 0.173247
vt 0.336921 0.173247
vt 0.321084 -0.326753
vt 0.301084 -0.326753
vt 0.301083 0.173247
vt 0.321083 0.173247
vt 0.305546 -0.326753
vt 0.285546 -0.326753
vt 0.285547 0.173247
vt 0.305547 0.173247
vt 0.290238 -0.326753
vt 0.270238 -0.326753
vt 0.270238 0.173247
vt 0.290237 0.173247
vt 0.275077 -0.326753
vt 0.255077 -0.326753
vt 0.255077 0.173247
vt 0.275077 0.173247
vt 0.260000 -0.326753
vt 0.240000 -0.326753
vt 0.240002 0.173247
vt 0.260000 0.173247
vt 0.244917 -0.326753
vt 0.224917 -0.326753
vt 0.224917 0.173247
vt 0.244917 0.173247
vt 0.229769 -0.326753
vt 0.209769 -0.326753
vt 0.209769 0.173247
vt 0.229769 0.173247
vt 0.214454 -0.326753
vt 0.194454 -0.326753
vt 0.194454 0.173247
vt 0.214454 0.173247
vt 0.198916 -0.326753
vt 0.178916 -0.326753
vt 0.178916 0.173247
vt 0.198916 0.173247
vt 0.183078 -0.326752
vt 0.163078 -0.326752
vt 0.163079 0.173247
vt 0.183079 0.173247
vt 0.166879 -0.326753
vt 0.146880 -0.326753
vt 0.146878 0.173247
vt 0.166878 0.173247
vt 0.150253 -0.326753
vt 0.130253 -0.326753
vt 0.130256 0.173247
vt 0.150256 0.173247
vt 0.133155 -0.326753
vt 0.113155 -0.326753
vt 0.113149 0.173247
vt 0.133149 0.173247
vt 0.115525 -0.326753
vt 0.095525 -0.326753
vt 0.095528 0.173247
vt 0.115528 0.173247
vt 0.097343 -0.326753
vt 0.077343 -0.326753
vt 0.077343 0.173247
vt 0.097343 0.173247
vt 0.078573 -0.326753
vt 0.058573 -0.326753
vt 0.058573 0.173247
vt 0.078573 0.173247
vt 0.059183 -0.326742
vt 0.039183 -0.326746
vt 0.039183 0.173247
vt 0.059183 0.173247
vt 1.039189 0.500013
vt 1.034147 0.500014
vt 1.015512 0.500013
vt 1.019190 0.500012
vt 0.059184 0.500013
vt 0.054587 0.500013
vt 0.035953 0.500013
vt 0.039183 0.500013
vt 0.054741 0.500005
vt 0.053726 0.500005
vt 0.035954 0.500005
vt 0.036107 0.500005
vt 1.034310 0.500002
vt 1.033228 0.500004
vt 1.015457 0.500005
vt 1.015676 0.500003
vt 0.074612 0.500002
vt 0.073675 0.500000
vt 0.055903 0.500002
vt 0.055978 0.500004
vt 0.078573 0.500011
vt 0.074475 0.500013
vt 0.055840 0.500013
vt 0.058573 0.500011
vt 0.093923 0.500006
vt 0.093071 0.500007
vt 0.075299 0.500006
vt 0.075289 0.500005
vt 0.112690 0.500004
vt 0.111928 0.500004
vt 0.094156 0.500004
vt 0.094056 0.500004
vt 0.130929 0.500004
vt 0.130262 0.500006
vt 0.112490 0.500006
vt 0.112295 0.500004
vt 0.148670 0.500006
vt 0.148100 0.500006
vt 0.130036 0.500006
vt 0.165947 0.500005
vt 0.165478 0.500005
vt 0.147706 0.500005
vt 0.147313 0.500004
vt 0.182803 0.500003
vt 0.182434 0.500003
vt 0.164662 0.500004
vt 0.164169 0.500003
vt 0.199288 0.500005
vt 0.199019 0.500005
vt 0.181247 0.500005
vt 0.180654 0.500005
vt 0.215457 0.500005
vt 0.215286 0.500005
vt 0.197514 0.500005
vt 0.196823 0.500005
vt 0.231372 0.500004
vt 0.231295 0.500003
vt 0.213523 0.500005
vt 0.212738 0.500004
vt 0.247094 0.500004
vt 0.247105 0.500004
vt 0.229333 0.500005
vt 0.228460 0.500005
vt 0.262696 0.500005
vt 0.262791 0.500005
vt 0.245018 0.500004
vt 0.244061 0.500005
vt 0.278247 0.500006
vt 0.278416 0.500004
vt 0.260645 0.500006
vt 0.259613 0.500008
vt 0.293810 0.500004
vt 0.294046 0.500005
vt 0.276274 0.500005
vt 0.275175 0.500004
vt 0.309465 0.500006
vt 0.309758 0.500006
vt 0.291985 0.500007
vt 0.290829 0.500007
vt 0.325272 0.500003
vt 0.325613 0.500003
vt 0.307841 0.500002
vt 0.306636 0.500002
vt 0.341307 0.500005
vt 0.341680 0.500005
vt 0.323909 0.500005
vt 0.322670 0.500005
vt 0.357624 0.500006
vt 0.358019 0.500006
vt 0.340247 0.500007
vt 0.338985 0.500006
vt 0.374284 0.500005
vt 0.374688 0.500005
vt 0.356917 0.500006
vt 0.355645 0.500006
vt 0.391340 0.500004
vt 0.391739 0.500003
vt 0.373967 0.500003
vt 0.372700 0.500004
vt 0.408836 0.500003
vt 0.409220 0.500002
vt 0.391448 0.500001
vt 0.390195 0.500001
vt 0.426814 0.500003
vt 0.427166 0.500003
vt 0.409395 0.500002
vt 0.408173 0.500002
vt 0.445302 0.500006
vt 0.445610 0.500006
vt 0.427838 0.500006
vt 0.426658 0.500006
vt 0.464332 0.500006
vt 0.464580 0.500005
vt 0.446809 0.500005
vt 0.445687 0.500006
vt 0.483909 0.500003
vt 0.484088 0.500004
vt 0.466318 0.500004
vt 0.465264 0.500003
vt 0.504044 0.500004
vt 0.504146 0.500005
vt 0.486374 0.500006
vt 0.485396 0.500005
vt 0.524726 0.500003
vt 0.524742 0.500002
vt 0.506969 0.500001
vt 0.506075 0.500002
vt 0.545968 0.500003
vt 0.545885 0.500003
vt 0.528114 0.500002
vt 0.527318 0.500002
vt 0.567724 0.500002
vt 0.567540 0.500004
vt 0.549767 0.500003
vt 0.549073 0.500001
vt 0.589978 0.500002
vt 0.589689 0.500003
vt 0.571916 0.500002
vt 0.571326 0.500001
vt 0.612700 0.500003
vt 0.612301 0.500005
vt 0.594530 0.500004
vt 0.594049 0.500003
vt 0.635837 0.500005
vt 0.635328 0.500005
vt 0.617557 0.500005
vt 0.617187 0.500005
vt 0.659345 0.500005
vt 0.658730 0.500005
vt 0.640958 0.500004
vt 0.640694 0.500005
vt 0.683165 0.500002
vt 0.682446 0.500005
vt 0.664673 0.500004
vt 0.664512 0.500001
vt 0.707247 0.500004
vt 0.706428 0.500008
vt 0.688656 0.500007
vt 0.688597 0.500004
vt 0.731514 0.500004
vt 0.730602 0.500005
vt 0.712833 0.500006
vt 0.712867 0.500004
vt 0.755903 0.500006
vt 0.754905 0.500005
vt 0.737131 0.500004
vt 0.737254 0.500005
vt 0.780351 0.500006
vt 0.779280 0.500006
vt 0.761507 0.500006
vt 0.761703 0.500005
vt 0.804783 0.500006
vt 0.803646 0.500006
vt 0.785872 0.500003
vt 0.786135 0.500004
vt 0.829126 0.500006
vt 0.827936 0.500004
vt 0.810165 0.500004
vt 0.810483 0.500005
vt 0.853316 0.500006
vt 0.852084 0.500005
vt 0.834313 0.500005
vt 0.834673 0.500006
vt 0.877289 0.500005
vt 0.876032 0.500007
vt 0.858260 0.500007
vt 0.858647 0.500004
vt 0.900976 0.500003
vt 0.899705 0.500003
vt 0.881933 0.500004
vt 0.882335 0.500004
vt 0.924328 0.500004
vt 0.923058 0.500003
vt 0.905283 0.500004
vt 0.905687 0.500005
vt 0.947272 0.500006
vt 0.946015 0.500006
vt 0.928244 0.500006
vt 0.928635 0.500005
vt 0.969788 0.500008
vt 0.968556 0.500009
vt 0.950783 0.500008
vt 0.951150 0.500006
vt 0.991812 0.500004
vt 0.990618 0.500005
vt 0.972847 0.500005
vt 0.973177 0.500004
vt 1.013328 0.500003
vt 1.012185 0.500002
vt 0.994414 0.500004
vt 0.994693 0.500004
vt 1.018562 0.500011
vt 1.013155 0.500013
vt 0.994520 0.500013
vt 0.998562 0.500011
vt 0.997344 0.500010
vt 0.991634 0.500013
vt 0.972999 0.500013
vt 0.977344 0.500011
vt 0.975526 0.500012
vt 0.969603 0.500011
vt 0.950966 0.500012
vt 0.955527 0.500012
vt 0.953151 0.500013
vt 0.947091 0.500010
vt 0.928455 0.500011
vt 0.933152 0.500012
vt 0.930254 0.500011
vt 0.924152 0.500012
vt 0.905512 0.500012
vt 0.910255 0.500011
vt 0.906879 0.500011
vt 0.900809 0.500012
vt 0.882170 0.500012
vt 0.886880 0.500011
vt 0.883078 0.500010
vt 0.877131 0.500011
vt 0.858492 0.500012
vt 0.863079 0.500011
vt 0.858913 0.500009
vt 0.853174 0.500011
vt 0.834531 0.500011
vt 0.838914 0.500010
vt 0.834455 0.500009
vt 0.828997 0.500010
vt 0.810353 0.500009
vt 0.814455 0.500009
vt 0.809763 0.500009
vt 0.804665 0.500010
vt 0.786019 0.500010
vt 0.789763 0.500009
vt 0.784923 0.500010
vt 0.780250 0.500010
vt 0.761604 0.500010
vt 0.764921 0.500009
vt 0.760001 0.500009
vt 0.755820 0.500009
vt 0.737172 0.500010
vt 0.740000 0.500009
vt 0.735079 0.500009
vt 0.731442 0.500010
vt 0.712793 0.500010
vt 0.715080 0.500009
vt 0.710236 0.500008
vt 0.688541 0.500009
vt 0.690237 0.500009
vt 0.685543 0.500010
vt 0.683123 0.500010
vt 0.665542 0.500010
vt 0.661085 0.500007
vt 0.641086 0.500007
vt 0.636921 0.500008
vt 0.616921 0.500008
vt 0.613123 0.500009
vt 0.594056 0.500009
vt 0.593124 0.500009
vt 0.589748 0.500009
vt 0.569747 0.500009
vt 0.566848 0.500011
vt 0.567764 0.500011
vt 0.546849 0.500011
vt 0.544473 0.500008
vt 0.527371 0.500009
vt 0.524473 0.500008
vt 0.522657 0.500009
vt 0.524804 0.500009
vt 0.506155 0.500009
vt 0.502656 0.500009
vt 0.501435 0.500009
vt 0.504135 0.500010
vt 0.485487 0.500010
vt 0.481433 0.500009
vt 0.480811 0.500009
vt 0.484019 0.500011
vt 0.465370 0.500011
vt 0.460811 0.500009
vt 0.464461 0.500009
vt 0.445816 0.500009
vt 0.440817 0.500008
vt 0.441429 0.500011
vt 0.445453 0.500010
vt 0.421430 0.500011
vt 0.422658 0.500010
vt 0.426980 0.500011
vt 0.408337 0.500011
vt 0.402658 0.500010
vt 0.404473 0.500010
vt 0.409019 0.500012
vt 0.390378 0.500013
vt 0.384473 0.500010
vt 0.386848 0.500011
vt 0.391534 0.500011
vt 0.372893 0.500011
vt 0.366848 0.500011
vt 0.369747 0.500011
vt 0.374490 0.500011
vt 0.355851 0.500011
vt 0.349747 0.500011
vt 0.353122 0.500012
vt 0.357837 0.500012
vt 0.339198 0.500011
vt 0.333122 0.500012
vt 0.336921 0.500011
vt 0.341522 0.500012
vt 0.322885 0.500011
vt 0.316921 0.500010
vt 0.321084 0.500010
vt 0.325487 0.500011
vt 0.306851 0.500012
vt 0.301084 0.500010
vt 0.305548 0.500012
vt 0.309674 0.500012
vt 0.291039 0.500013
vt 0.285548 0.500012
vt 0.290236 0.500012
vt 0.294007 0.500013
vt 0.275373 0.500013
vt 0.270236 0.500012
vt 0.275080 0.500013
vt 0.278426 0.500013
vt 0.259792 0.500014
vt 0.255080 0.500013
vt 0.260000 0.500011
vt 0.262856 0.500012
vt 0.244222 0.500011
vt 0.240000 0.500011
vt 0.244920 0.500012
vt 0.247230 0.500014
vt 0.228596 0.500013
vt 0.224920 0.500012
vt 0.229767 0.500012
vt 0.231483 0.500013
vt 0.212849 0.500013
vt 0.209767 0.500012
vt 0.214454 0.500012
vt 0.196903 0.500013
vt 0.194454 0.500012
vt 0.198916 0.500012
vt 0.178916 0.500012
vt 0.183079 0.500011
vt 0.163079 0.500012
vt 0.166879 0.500013
vt 0.146879 0.500013
vt 0.150254 0.500012
vt 0.148629 0.500013
vt 0.130254 0.500012
vt 0.133154 0.500012
vt 0.112226 0.500013
vt 0.113155 0.500012
vt 0.115526 0.500012
vt 0.112595 0.500011
vt 0.093961 0.500012
vt 0.095525 0.500012
vt 0.097343 0.500014
vt 0.093806 0.500014
vt 0.075172 0.500014
vt 0.077343 0.500013
vt 0.220913 0.488107
vt 0.250513 0.482460
vt 0.279181 0.473146
vt 0.306452 0.460314
vt 0.331899 0.444164
vt 0.355122 0.424952
vt 0.375754 0.402982
vt 0.393466 0.378598
vt 0.407987 0.352187
vt 0.419085 0.324164
vt 0.426577 0.294972
vt 0.430355 0.265070
vt 0.430355 0.234930
vt 0.426580 0.205028
vt 0.419085 0.175836
vt 0.407986 0.147813
vt 0.393470 0.121401
vt 0.375754 0.097018
vt 0.355119 0.075048
vt 0.331899 0.055836
vt 0.306451 0.039686
vt 0.279180 0.026854
vt 0.250516 0.017540
vt 0.220910 0.011892
vt 0.190830 0.010000
vt 0.160750 0.011892
vt 0.131146 0.017540
vt 0.102483 0.026854
vt 0.075207 0.039686
vt 0.049759 0.055836
vt 0.026539 0.075048
vt 0.005907 0.097018
vt -0.011808 0.121402
vt -0.026327 0.147813
vt -0.037425 0.175836
vt -0.044917 0.205028
vt -0.048698 0.234930
vt -0.048695 0.265070
vt -0.044921 0.294972
vt -0.037422 0.324164
vt -0.026328 0.352187
vt -0.011808 0.378598
vt 0.005904 0.402982
vt 0.026540 0.424952
vt 0.049760 0.444164
vt 0.075211 0.460314
vt 0.102482 0.473146
vt 0.131145 0.482460
vt 0.160747 0.488108
vt 0.190830 0.490000
vt 1.052432 -0.097979
vt 1.032432 -0.097978
vt 1.032430 -0.047829
vt 1.052429 -0.047830
vt 0.200893 0.488108
vt 0.230498 0.482460
vt 0.259163 0.473146
vt 0.286433 0.460314
vt 0.311881 0.444164
vt 0.335104 0.424952
vt 0.355736 0.402982
vt 0.373451 0.378598
vt 0.387971 0.352187
vt 0.399066 0.324164
vt 0.406562 0.294972
vt 0.410339 0.265070
vt 0.410339 0.234930
vt 0.406562 0.205029
vt 0.399066 0.175836
vt 0.387971 0.147813
vt 0.373451 0.121402
vt 0.355736 0.097018
vt 0.335104 0.075048
vt 0.311881 0.055836
vt 0.286433 0.039686
vt 0.259162 0.026854
vt 0.230498 0.017540
vt 0.200893 0.011892
vt 0.170813 0.010000
vt 0.140733 0.011892
vt 0.111127 0.017540
vt 0.082463 0.026854
vt 0.055192 0.039686
vt 0.029744 0.055836
vt 0.006521 0.075048
vt -0.014110 0.097018
vt -0.031826 0.121401
vt -0.046346 0.147813
vt -0.057441 0.175836
vt -0.064936 0.205029
vt -0.068714 0.234930
vt -0.068714 0.265070
vt -0.064936 0.294971
vt -0.057441 0.324164
vt -0.046346 0.352187
vt -0.031826 0.378598
vt -0.014111 0.402982
vt 0.006521 0.424952
vt 0.029744 0.444164
vt 0.055192 0.460314
vt 0.082463 0.473146
vt 0.111127 0.482460
vt 0.140733 0.488108
vt 0.170813 0.490000
vt 0.072444 -0.097955
vt 0.052444 -0.097955
vt 0.052444 -0.047806
vt 0.072444 -0.047807
vt 6.627346 0.340705
vt 6.768880 0.326762
vt 6.808825 0.326763
vt 6.668627 0.340706
vt -2.132787 1.000342
vt -2.119247 1.000341
vt -1.306401 1.000339
vt -1.292723 1.000339
vt 2.186591 0.340842
vt 2.230387 0.326908
vt 2.215610 0.326908
vt 2.171317 0.340842
vt 0.091618 -0.097970
vt 0.071618 -0.097969
vt 0.071618 -0.047818
vt 0.091618 -0.047818
vt 1.705010 0.340888
vt 1.738126 0.326953
vt 1.720546 0.326954
vt 1.686841 0.340889
vt 1.473042 0.341039
vt 1.500888 0.327092
vt 1.482528 0.327093
vt 1.454068 0.341040
vt 1.320506 0.341069
vt 1.344788 0.327130
vt 1.326073 0.327132
vt 1.301164 0.341071
vt 1.206629 0.341174
vt 1.228184 0.327237
vt 1.209273 0.327230
vt 1.187084 0.341167
vt 1.115637 0.341224
vt 1.134961 0.327289
vt 1.115916 0.327291
vt 1.095955 0.341226
vt 1.039709 0.341290
vt 1.057133 0.327346
vt 1.037997 0.327347
vt 1.019932 0.341291
vt 0.974462 0.341322
vt 0.990215 0.327385
vt 0.971013 0.327386
vt 0.954617 0.341323
vt 0.917163 0.341111
vt 0.931426 0.327165
vt 0.912172 0.327173
vt 0.897265 0.341117
vt 0.866028 0.341137
vt 0.878929 0.327203
vt 0.859639 0.327196
vt 0.846092 0.341133
vt 0.819799 0.341334
vt 0.831457 0.327387
vt 0.812130 0.327393
vt 0.799831 0.341334
vt 0.777611 0.341365
vt 0.788101 0.327428
vt 0.768751 0.327428
vt 0.757613 0.341363
vt 0.738805 0.341387
vt 0.748203 0.327447
vt 0.728833 0.327447
vt 0.718784 0.341388
vt 0.702883 0.341304
vt 0.711250 0.327362
vt 0.691862 0.327360
vt 0.682845 0.341303
vt 0.669492 0.341099
vt 0.676874 0.327159
vt 0.657470 0.327167
vt 0.649439 0.341108
vt 0.638335 0.341057
vt 0.644773 0.327119
vt 0.625357 0.327118
vt 0.618269 0.341055
vt 0.609181 0.341269
vt 0.614708 0.327329
vt 0.595283 0.327325
vt 0.589105 0.341266
vt 0.581793 0.341174
vt 0.586439 0.327230
vt 0.567004 0.327226
vt 0.561707 0.341170
vt 0.556068 0.341136
vt 0.559852 0.327198
vt 0.540411 0.327199
vt 0.535976 0.341137
vt 0.531874 0.341102
vt 0.534815 0.327165
vt 0.515372 0.327160
vt 0.511779 0.341097
vt 0.509009 0.340983
vt 0.511120 0.327046
vt 0.491670 0.327048
vt 0.488907 0.340986
vt 0.487369 0.340874
vt 0.488658 0.326931
vt 0.469205 0.326928
vt 0.467265 0.340871
vt 0.466858 0.340830
vt 0.467342 0.326885
vt 0.447887 0.326886
vt 0.446752 0.340831
vt 0.447313 0.340660
vt 0.446985 0.326721
vt 0.427531 0.326717
vt 0.427207 0.340656
vt 0.428626 0.340664
vt 0.427491 0.326724
vt 0.408037 0.326724
vt 0.408520 0.340664
vt 0.410547 0.340528
vt 0.408600 0.326587
vt 0.389148 0.326591
vt 0.390443 0.340531
vt 0.393002 0.340440
vt 0.390242 0.326508
vt 0.370792 0.326505
vt 0.372900 0.340437
vt 0.375706 0.340371
vt 0.372116 0.326437
vt 0.352671 0.326437
vt 0.355610 0.340372
vt 0.358510 0.340273
vt 0.354077 0.326339
vt 0.334638 0.326341
vt 0.338420 0.340276
vt 0.341125 0.340218
vt 0.335830 0.326276
vt 0.316394 0.326276
vt 0.321039 0.340218
vt 0.323314 0.340124
vt 0.317137 0.326187
vt 0.297712 0.326187
vt 0.303238 0.340125
vt 0.304738 0.340081
vt 0.297652 0.326147
vt 0.278234 0.326144
vt 0.284670 0.340078
vt 0.285039 0.340022
vt 0.277010 0.326086
vt 0.257610 0.326089
vt 0.264987 0.340025
vt 0.263786 0.339998
vt 0.254771 0.326064
vt 0.235385 0.326067
vt 0.243750 0.339998
vt 0.240538 0.340002
vt 0.230488 0.326060
vt 0.211116 0.326056
vt 0.220521 0.340002
vt 0.214676 0.340015
vt 0.203536 0.326073
vt 0.184187 0.326073
vt 0.194678 0.340011
vt 0.185442 0.339932
vt 0.173139 0.325995
vt 0.153818 0.325995
vt 0.165472 0.339934
vt 0.152115 0.339938
vt 0.138571 0.326008
vt 0.119279 0.326004
vt 0.132179 0.339939
vt 0.113495 0.339974
vt 0.098589 0.326035
vt 0.079340 0.326036
vt 0.093602 0.339974
vt 0.068139 0.339960
vt 0.051737 0.326020
vt 0.032538 0.326020
vt 0.048296 0.339961
vt 0.014060 0.340014
vt -0.004004 0.326079
vt -0.023137 0.326079
vt -0.005714 0.340014
vt -0.051799 0.340067
vt -0.071761 0.326127
vt -0.090806 0.326126
vt -0.071482 0.340065
vt -0.133984 0.340114
vt -0.156172 0.326177
vt -0.175088 0.326179
vt -0.153534 0.340116
vt -0.240658 0.340176
vt -0.265564 0.326239
vt -0.284278 0.326239
vt -0.260000 0.340175
vt -0.388313 0.340212
vt -0.416776 0.326273
vt -0.435133 0.326275
vt -0.407287 0.340215
vt -0.619541 0.340335
vt -0.653245 0.326401
vt -0.670830 0.326401
vt -0.637715 0.340335
vt -1.114910 0.340421
vt -1.159188 0.326482
vt -1.173974 0.326481
vt -1.130192 0.340420
vt -5.905322 0.340534
vt -6.045425 0.326598
vt -6.005506 0.326595
vt -5.864068 0.340531
vt 1.031608 -0.097975
vt 1.011610 -0.097974
vt 1.011605 -0.047826
vt 1.031602 -0.047828
vt 1.009982 -0.098064
vt 0.989982 -0.098012
vt 0.989981 -0.047973
vt 1.009981 -0.048062
vt 0.987546 -0.097978
vt 0.967545 -0.097977
vt 0.967544 -0.047822
vt 0.987545 -0.047822
vt 0.964363 -0.097974
vt 0.944364 -0.097974
vt 0.944364 -0.047825
vt 0.964363 -0.047825
vt 0.940483 -0.097974
vt 0.920483 -0.097974
vt 0.920484 -0.047825
vt 0.940484 -0.047825
vt 0.915948 -0.097980
vt 0.895948 -0.097980
vt 0.895948 -0.047826
vt 0.915947 -0.047825
vt 0.890887 -0.097976
vt 0.870886 -0.097976
vt 0.870887 -0.047826
vt 0.890888 -0.047826
vt 0.865311 -0.097962
vt 0.845311 -0.097963
vt 0.845313 -0.047812
vt 0.865313 -0.047809
vt 0.839345 -0.097974
vt 0.819346 -0.097976
vt 0.819347 -0.047825
vt 0.839346 -0.047824
vt 0.813079 -0.097970
vt 0.793080 -0.097971
vt 0.793078 -0.047819
vt 0.813077 -0.047819
vt 0.786587 -0.097965
vt 0.766585 -0.097967
vt 0.766585 -0.047815
vt 0.786586 -0.047813
vt 0.759996 -0.097971
vt 0.739995 -0.097971
vt 0.739998 -0.047819
vt 0.759997 -0.047819
vt 0.733413 -0.097967
vt 0.713413 -0.097968
vt 0.713413 -0.047816
vt 0.733412 -0.047814
vt 0.706933 -0.097955
vt 0.686932 -0.097957
vt 0.686931 -0.047808
vt 0.706932 -0.047805
vt 0.680658 -0.097967
vt 0.660658 -0.097968
vt 0.660658 -0.047818
vt 0.680658 -0.047816
vt 0.654684 -0.097973
vt 0.634684 -0.097975
vt 0.634683 -0.047824
vt 0.654684 -0.047823
vt 0.629107 -0.097981
vt 0.609108 -0.097981
vt 0.609106 -0.047828
vt 0.629106 -0.047829
vt 0.604038 -0.097963
vt 0.584037 -0.097963
vt 0.584036 -0.047812
vt 0.604037 -0.047812
vt 0.579504 -0.097979
vt 0.559504 -0.097978
vt 0.559503 -0.047825
vt 0.579503 -0.047826
vt 0.555637 -0.097972
vt 0.535637 -0.097973
vt 0.535636 -0.047820
vt 0.555636 -0.047819
vt 0.532450 -0.097975
vt 0.512450 -0.097975
vt 0.512451 -0.047822
vt 0.532451 -0.047823
vt 0.510020 -0.097976
vt 0.490020 -0.097976
vt 0.490021 -0.047824
vt 0.510020 -0.047824
vt 0.488391 -0.097973
vt 0.468391 -0.097974
vt 0.468391 -0.047821
vt 0.488391 -0.047820
vt 0.467554 -0.097977
vt 0.447553 -0.097978
vt 0.447555 -0.047824
vt 0.467555 -0.047823
vt 0.427557 -0.097967
vt 0.427555 -0.047818
vt 0.428381 -0.097983
vt 0.408382 -0.097983
vt 0.408385 -0.047828
vt 0.428384 -0.047828
vt 0.410019 -0.097976
vt 0.390019 -0.097976
vt 0.390021 -0.047823
vt 0.410021 -0.047823
vt 0.392449 -0.097975
vt 0.372449 -0.097975
vt 0.372449 -0.047825
vt 0.392449 -0.047825
vt 0.375630 -0.097977
vt 0.355630 -0.097977
vt 0.355632 -0.047823
vt 0.375632 -0.047823
vt 0.359513 -0.097960
vt 0.339513 -0.097959
vt 0.339513 -0.047807
vt 0.359514 -0.047809
vt 0.344031 -0.097954
vt 0.324032 -0.097954
vt 0.324031 -0.047802
vt 0.344031 -0.047802
vt 0.329110 -0.097981
vt 0.309110 -0.097981
vt 0.309110 -0.047830
vt 0.329110 -0.047830
vt 0.314685 -0.097980
vt 0.294685 -0.097979
vt 0.294685 -0.047827
vt 0.314685 -0.047827
vt 0.300655 -0.097974
vt 0.280655 -0.097968
vt 0.280655 -0.047815
vt 0.300655 -0.047821
vt 0.286933 -0.097957
vt 0.266933 -0.097955
vt 0.266934 -0.047805
vt 0.286933 -0.047807
vt 0.273411 -0.097968
vt 0.253412 -0.097967
vt 0.253412 -0.047815
vt 0.273412 -0.047816
vt 0.260002 -0.097964
vt 0.240002 -0.097962
vt 0.240002 -0.047812
vt 0.260002 -0.047812
vt 0.246585 -0.097965
vt 0.226585 -0.097962
vt 0.226586 -0.047811
vt 0.246586 -0.047814
vt 0.233068 -0.097977
vt 0.213069 -0.097975
vt 0.213069 -0.047823
vt 0.233069 -0.047824
vt 0.219346 -0.097975
vt 0.199346 -0.097969
vt 0.199346 -0.047817
vt 0.219346 -0.047824
vt 0.205316 -0.097954
vt 0.185317 -0.097953
vt 0.185317 -0.047804
vt 0.205317 -0.047806
vt 0.190885 -0.097953
vt 0.170885 -0.097970
vt 0.170885 -0.047792
vt 0.190885 -0.047742
vt 0.175971 -0.097954
vt 0.155970 -0.097971
vt 0.155970 -0.047713
vt 0.175970 -0.047667
vt 0.160488 -0.097942
vt 0.140488 -0.097962
vt 0.140488 -0.047767
vt 0.160489 -0.047722
vt 0.144367 -0.097979
vt 0.124367 -0.097978
vt 0.124367 -0.047824
vt 0.144367 -0.047825
vt 0.127546 -0.098072
vt 0.107545 -0.098021
vt 0.107546 -0.048113
vt 0.127546 -0.048203
vt 0.109976 -0.097957
vt 0.089976 -0.097957
vt 0.089976 -0.047806
vt 0.109976 -0.047806
vt 1.012537 -0.326747
vt 1.012537 0.173247
vt 0.992537 0.173247
vt 0.992537 -0.326749
vt 0.939041 -0.326755
vt 0.939042 0.173247
vt 0.919041 0.173247
vt 0.919040 -0.326754
vt 0.866187 -0.326754
vt 0.866188 0.173246
vt 0.846189 0.173247
vt 0.846188 -0.326754
vt 0.794819 -0.326753
vt 0.794819 0.173247
vt 0.774819 0.173247
vt 0.774819 -0.326753
vt 0.725738 -0.326753
vt 0.725740 0.173247
vt 0.705737 0.173247
vt 0.705738 -0.326753
vt 0.659716 -0.326756
vt 0.659714 0.173245
vt 0.639716 0.173246
vt 0.639716 -0.326755
vt 0.597491 -0.326755
vt 0.597491 0.173246
vt 0.577490 0.173247
vt 0.577490 -0.326754
vt 0.539715 -0.326751
vt 0.539715 0.173248
vt 0.519716 0.173248
vt 0.519715 -0.326751
vt 0.486995 -0.326753
vt 0.486995 0.173247
vt 0.466994 0.173247
vt 0.466994 -0.326753
vt 0.439841 -0.326752
vt 0.439841 0.173248
vt 0.419839 0.173248
vt 0.419839 -0.326752
vt 0.398677 -0.326755
vt 0.398677 0.173246
vt 0.378676 0.173247
vt 0.378677 -0.326754
vt 0.363847 -0.326754
vt 0.363847 0.173247
vt 0.343847 0.173247
vt 0.343846 -0.326753
vt 0.335580 -0.326752
vt 0.335580 0.173247
vt 0.315580 0.173247
vt 0.315580 -0.326753
vt 0.314008 -0.326752
vt 0.314008 0.173248
vt 0.294008 0.173247
vt 0.294008 -0.326753
vt 0.299150 -0.326753
vt 0.299150 0.173247
vt 0.279150 0.173248
vt 0.279150 -0.326752
vt 0.290928 -0.326752
vt 0.290929 0.173247
vt 0.270928 0.173247
vt 0.270928 -0.326752
vt 0.289163 -0.326754
vt 0.289162 0.173247
vt 0.269163 0.173247
vt 0.269162 -0.326753
vt 0.293559 -0.326754
vt 0.293560 0.173247
vt 0.273559 0.173247
vt 0.273560 -0.326753
vt 0.303733 -0.326754
vt 0.303732 0.173247
vt 0.283732 0.173246
vt 0.283732 -0.326755
vt 0.319212 -0.326754
vt 0.319212 0.173247
vt 0.299212 0.173247
vt 0.299212 -0.326754
vt 0.339437 -0.326752
vt 0.339436 0.173249
vt 0.319438 0.173249
vt 0.319436 -0.326752
vt 0.363763 -0.326753
vt 0.363764 0.173248
vt 0.343763 0.173248
vt 0.343764 -0.326753
vt 0.391505 -0.326753
vt 0.391505 0.173247
vt 0.371505 0.173247
vt 0.371505 -0.326753
vt 0.421903 -0.326754
vt 0.421903 0.173248
vt 0.401904 0.173247
vt 0.401903 -0.326754
vt 0.454169 -0.326753
vt 0.454168 0.173247
vt 0.434170 0.173247
vt 0.434168 -0.326754
vt 0.487462 -0.326754
vt 0.487463 0.173247
vt 0.467461 0.173247
vt 0.467463 -0.326754
vt 0.520959 -0.326753
vt 0.520960 0.173247
vt 0.500958 0.173247
vt 0.500960 -0.326754
vt 0.553808 -0.326754
vt 0.553807 0.173247
vt 0.533809 0.173247
vt 0.533807 -0.326754
vt 0.585182 -0.326753
vt 0.585182 0.173247
vt 0.565182 0.173247
vt 0.565182 -0.326754
vt 0.614264 -0.326754
vt 0.614264 0.173247
vt 0.594264 0.173247
vt 0.594264 -0.326755
vt 0.640283 -0.326753
vt 0.640283 0.173247
vt 0.620283 0.173247
vt 0.620283 -0.326754
vt 0.662511 -0.326754
vt 0.662511 0.173247
vt 0.642511 0.173247
vt 0.642511 -0.326754
vt 0.680285 -0.326753
vt 0.680285 0.173247
vt 0.660284 0.173246
vt 0.660285 -0.326754
vt 0.693007 -0.326753
vt 0.693007 0.173247
vt 0.673008 0.173247
vt 0.673007 -0.326753
vt 0.700161 -0.326752
vt 0.700161 0.173248
vt 0.680161 0.173248
vt 0.680161 -0.326752
vt 0.701321 -0.326753
vt 0.701322 0.173247
vt 0.681321 0.173248
vt 0.681322 -0.326752
vt 0.696154 -0.326753
vt 0.696154 0.173247
vt 0.676155 0.173247
vt 0.676154 -0.326753
vt 0.684418 -0.326752
vt 0.684420 0.173248
vt 0.664420 0.173248
vt 0.664420 -0.326752
vt 0.665995 -0.326751
vt 0.665995 0.173248
vt 0.645995 0.173248
vt 0.645994 -0.326751
vt 0.640854 -0.326750
vt 0.640853 0.173249
vt 0.620853 0.173249
vt 0.620854 -0.326750
vt 0.609068 -0.326752
vt 0.609069 0.173248
vt 0.589068 0.173248
vt 0.589068 -0.326752
vt 0.570840 -0.326751
vt 0.570838 0.173248
vt 0.550840 0.173248
vt 0.550839 -0.326752
vt 0.526443 -0.326751
vt 0.526444 0.173250
vt 0.506442 0.173249
vt 0.506443 -0.326752
vt 0.476266 -0.326753
vt 0.476265 0.173247
vt 0.456266 0.173247
vt 0.456265 -0.326753
vt 0.420788 -0.326755
vt 0.420789 0.173247
vt 0.400789 0.173247
vt 0.400789 -0.326754
vt 0.360567 -0.326754
vt 0.360568 0.173247
vt 0.340567 0.173247
vt 0.340568 -0.326753
vt 0.296237 -0.326754
vt 0.296237 0.173247
vt 0.276237 0.173247
vt 0.276237 -0.326754
vt 0.228496 -0.326753
vt 0.228497 0.173247
vt 0.208496 0.173247
vt 0.208497 -0.326752
vt 0.158094 -0.326754
vt 0.158093 0.173247
vt 0.138094 0.173247
vt 0.138093 -0.326753
vt 0.085836 -0.326750
vt 0.085837 0.173247
vt 0.065837 0.173247
vt 0.065837 -0.326752
vt 1.012507 0.500013
vt 0.992508 0.500013
vt 0.988830 0.500012
vt 1.007465 0.500011
vt 0.085808 0.500015
vt 0.065808 0.500016
vt 0.062574 0.500017
vt 0.081208 0.500016
vt 0.081311 0.500021
vt 0.062677 0.500021
vt 0.062524 0.500023
vt 0.080296 0.500023
vt 0.988895 0.499995
vt 0.988674 0.499994
vt 1.006450 0.499997
vt 0.154067 0.499987
vt 0.135433 0.499989
vt 0.135358 0.499988
vt 0.153130 0.499987
vt 0.158083 0.500015
vt 0.138082 0.500015
vt 0.153986 0.500014
vt 0.225022 0.499989
vt 0.206387 0.499990
vt 0.206397 0.499990
vt 0.224169 0.499989
vt 0.293364 0.500036
vt 0.274730 0.500036
vt 0.274831 0.500037
vt 0.292602 0.500038
vt 0.358321 0.499993
vt 0.339687 0.499992
vt 0.339882 0.499992
vt 0.357654 0.499992
vt 0.419194 0.500022
vt 0.400559 0.500021
vt 0.400852 0.500022
vt 0.418625 0.500022
vt 0.475332 0.500030
vt 0.456698 0.500031
vt 0.457092 0.500032
vt 0.474864 0.500031
vt 0.526168 0.500000
vt 0.507535 0.500002
vt 0.508028 0.500001
vt 0.525799 0.499999
vt 0.571231 0.500018
vt 0.552595 0.500018
vt 0.553190 0.500019
vt 0.570963 0.500019
vt 0.610071 0.500015
vt 0.591438 0.500016
vt 0.592127 0.500016
vt 0.609898 0.500016
vt 0.642489 0.500000
vt 0.623857 0.500000
vt 0.624643 0.500001
vt 0.642414 0.500001
vt 0.668181 0.500008
vt 0.649548 0.500008
vt 0.650420 0.500008
vt 0.668191 0.500008
vt 0.616842 0.499993
vt 0.595770 0.499994
vt 0.594597 0.499994
vt 0.614684 0.499993
vt 0.699337 0.500029
vt 0.680704 0.500031
vt 0.681736 0.500033
vt 0.699506 0.500031
vt 0.704855 0.499995
vt 0.686221 0.499996
vt 0.687320 0.499995
vt 0.705092 0.499995
vt 0.704025 0.499991
vt 0.685388 0.499991
vt 0.686544 0.499993
vt 0.704317 0.499993
vt 0.697118 0.499981
vt 0.678482 0.499981
vt 0.679684 0.499980
vt 0.697456 0.499979
vt 0.684609 0.499988
vt 0.665974 0.499989
vt 0.667210 0.499987
vt 0.684980 0.499987
vt 0.666933 0.499975
vt 0.648296 0.499977
vt 0.649558 0.499977
vt 0.667330 0.499975
vt 0.644738 0.499972
vt 0.626101 0.499973
vt 0.627372 0.499975
vt 0.645142 0.499974
vt 0.618694 0.500050
vt 0.600053 0.500050
vt 0.601324 0.500051
vt 0.619096 0.500051
vt 0.589480 0.500003
vt 0.570839 0.500002
vt 0.572093 0.500003
vt 0.589865 0.500005
vt 0.557859 0.500006
vt 0.539215 0.500007
vt 0.540435 0.500006
vt 0.558208 0.500005
vt 0.524765 0.499995
vt 0.506120 0.499995
vt 0.507298 0.499995
vt 0.525071 0.499995
vt 0.490981 0.499973
vt 0.472332 0.499971
vt 0.473458 0.499973
vt 0.491232 0.499974
vt 0.457192 0.500040
vt 0.438547 0.500041
vt 0.439604 0.500041
vt 0.457375 0.500040
vt 0.424460 0.499979
vt 0.405812 0.499979
vt 0.406791 0.499980
vt 0.424563 0.499979
vt 0.393513 0.499920
vt 0.374864 0.499921
vt 0.375753 0.499919
vt 0.393525 0.499918
vt 0.365258 0.499977
vt 0.346609 0.499977
vt 0.347406 0.499975
vt 0.365178 0.499976
vt 0.340198 0.499915
vt 0.321544 0.499913
vt 0.322237 0.499912
vt 0.340010 0.499914
vt 0.319426 0.499998
vt 0.300775 0.499999
vt 0.301365 0.499998
vt 0.319135 0.499997
vt 0.303367 0.500038
vt 0.284716 0.500039
vt 0.285198 0.500041
vt 0.302969 0.500041
vt 0.292476 0.500036
vt 0.273823 0.500033
vt 0.274195 0.500033
vt 0.291968 0.500036
vt 0.287455 0.500039
vt 0.268804 0.500040
vt 0.269069 0.500039
vt 0.286841 0.500039
vt 0.288571 0.499999
vt 0.269920 0.499999
vt 0.270078 0.500000
vt 0.287851 0.500000
vt 0.296236 0.500011
vt 0.277586 0.500011
vt 0.277648 0.500011
vt 0.295418 0.500011
vt 0.310456 0.500001
vt 0.291807 0.500000
vt 0.291772 0.500002
vt 0.309544 0.500002
vt 0.331600 0.500001
vt 0.312952 0.500001
vt 0.312833 0.500003
vt 0.330606 0.500003
vt 0.359264 0.500020
vt 0.340617 0.500020
vt 0.340418 0.500020
vt 0.358190 0.500019
vt 0.393688 0.500021
vt 0.375043 0.500023
vt 0.374779 0.500023
vt 0.392550 0.500022
vt 0.434469 0.500014
vt 0.415825 0.500014
vt 0.415507 0.500015
vt 0.433278 0.500015
vt 0.481309 0.500005
vt 0.462667 0.500009
vt 0.462308 0.500012
vt 0.480079 0.500008
vt 0.533827 0.499973
vt 0.515184 0.499973
vt 0.514796 0.499973
vt 0.532570 0.499972
vt 0.591441 0.499988
vt 0.572803 0.499990
vt 0.572400 0.499988
vt 0.590170 0.499986
vt 0.653717 0.500009
vt 0.635074 0.500008
vt 0.634672 0.500008
vt 0.652447 0.500009
vt 0.719728 0.500011
vt 0.701089 0.500013
vt 0.700694 0.500013
vt 0.718467 0.500011
vt 0.789006 0.500061
vt 0.770371 0.500062
vt 0.770005 0.500064
vt 0.787775 0.500063
vt 0.860482 0.499964
vt 0.841848 0.499965
vt 0.841517 0.499964
vt 0.859287 0.499963
vt 0.933580 0.499997
vt 0.914945 0.499995
vt 0.914660 0.499994
vt 0.932432 0.499996
vt 0.939006 0.500013
vt 0.919006 0.500013
vt 0.914960 0.500014
vt 0.866161 0.500018
vt 0.846161 0.500018
vt 0.794796 0.500021
vt 0.774795 0.500021
vt 0.770232 0.500022
vt 0.788869 0.500022
vt 0.725729 0.500012
vt 0.705730 0.500011
vt 0.701034 0.500012
vt 0.659705 0.500012
vt 0.639703 0.500011
vt 0.634959 0.500013
vt 0.653598 0.500013
vt 0.597465 0.500009
vt 0.577466 0.500009
vt 0.539707 0.500015
vt 0.519709 0.500016
vt 0.515124 0.500017
vt 0.486982 0.500010
vt 0.466982 0.500010
vt 0.462599 0.500011
vt 0.481243 0.500011
vt 0.439824 0.500008
vt 0.419824 0.500008
vt 0.415723 0.500009
vt 0.434367 0.500009
vt 0.398681 0.500014
vt 0.378680 0.500014
vt 0.374935 0.500014
vt 0.393583 0.500014
vt 0.363847 0.500003
vt 0.343846 0.500002
vt 0.340528 0.500002
vt 0.359176 0.500002
vt 0.335568 0.500011
vt 0.315569 0.500011
vt 0.312740 0.500012
vt 0.331388 0.500012
vt 0.313992 0.499994
vt 0.293993 0.499994
vt 0.291706 0.499993
vt 0.310355 0.499993
vt 0.299143 0.500007
vt 0.279144 0.500008
vt 0.277447 0.500009
vt 0.296096 0.500008
vt 0.290935 0.500008
vt 0.270936 0.500008
vt 0.288515 0.500009
vt 0.289175 0.500007
vt 0.269175 0.500007
vt 0.287409 0.500008
vt 0.293572 0.500013
vt 0.273573 0.500013
vt 0.303749 0.500005
vt 0.283749 0.500005
vt 0.303331 0.500005
vt 0.319240 0.500016
vt 0.299239 0.500017
vt 0.319496 0.500017
vt 0.339458 0.500008
vt 0.319457 0.500008
vt 0.321722 0.500008
vt 0.340372 0.500008
vt 0.363773 0.500005
vt 0.343773 0.500005
vt 0.346672 0.500004
vt 0.391537 0.500007
vt 0.371537 0.500006
vt 0.375036 0.500008
vt 0.393686 0.500008
vt 0.421934 0.500007
vt 0.401934 0.500006
vt 0.405990 0.500008
vt 0.424639 0.500008
vt 0.454186 0.500008
vt 0.434185 0.500009
vt 0.438744 0.500010
vt 0.457390 0.500010
vt 0.487476 0.500008
vt 0.467477 0.500007
vt 0.472478 0.500009
vt 0.491125 0.500010
vt 0.520992 0.500008
vt 0.500992 0.500008
vt 0.506368 0.500008
vt 0.525013 0.500008
vt 0.553843 0.500011
vt 0.533843 0.500011
vt 0.539521 0.500011
vt 0.558165 0.500011
vt 0.585211 0.500009
vt 0.565211 0.500010
vt 0.571117 0.500011
vt 0.589758 0.500010
vt 0.614286 0.500003
vt 0.594286 0.500003
vt 0.600333 0.500003
vt 0.618974 0.500003
vt 0.640316 0.500020
vt 0.620315 0.500020
vt 0.626420 0.500019
vt 0.645060 0.500019
vt 0.662538 0.500010
vt 0.642537 0.500008
vt 0.648615 0.500010
vt 0.667254 0.500011
vt 0.680318 0.500018
vt 0.660318 0.500019
vt 0.666282 0.500018
vt 0.684919 0.500018
vt 0.693021 0.500009
vt 0.673021 0.500009
vt 0.678786 0.500009
vt 0.697424 0.500009
vt 0.700171 0.500018
vt 0.680170 0.500018
vt 0.685663 0.500019
vt 0.704297 0.500019
vt 0.701341 0.500011
vt 0.681341 0.500010
vt 0.686479 0.500013
vt 0.705114 0.500012
vt 0.696151 0.500010
vt 0.676151 0.500010
vt 0.680863 0.500011
vt 0.699497 0.500010
vt 0.684389 0.500010
vt 0.664389 0.500011
vt 0.668610 0.500011
vt 0.687242 0.500011
vt 0.666021 0.500024
vt 0.646020 0.500025
vt 0.649697 0.500026
vt 0.668332 0.500027
vt 0.640836 0.500004
vt 0.620837 0.500005
vt 0.642551 0.500004
vt 0.609052 0.500013
vt 0.589052 0.500014
vt 0.591499 0.500015
vt 0.570848 0.500018
vt 0.550848 0.500018
vt 0.571269 0.500019
vt 0.526430 0.500013
vt 0.506431 0.500014
vt 0.476263 0.500010
vt 0.456262 0.500010
vt 0.420770 0.500020
vt 0.400770 0.500020
vt 0.400511 0.500021
vt 0.419145 0.500021
vt 0.360546 0.500013
vt 0.340546 0.500013
vt 0.339619 0.500014
vt 0.296210 0.500012
vt 0.276210 0.500011
vt 0.274643 0.500011
vt 0.293277 0.500012
vt 0.228483 0.500018
vt 0.208484 0.500018
vt 0.206312 0.500019
vt 0.224947 0.500019
vt 0.220910 -0.151482
vt 0.190830 -0.149589
vt 0.160750 -0.151482
vt 0.131144 -0.157129
vt 0.102480 -0.166443
vt 0.075209 -0.179276
vt 0.049762 -0.195425
vt 0.026540 -0.214637
vt 0.005908 -0.236607
vt -0.011811 -0.260991
vt -0.026328 -0.287402
vt -0.037422 -0.315425
vt -0.044921 -0.344617
vt -0.048695 -0.374519
vt -0.048695 -0.404659
vt -0.044921 -0.434561
vt -0.037422 -0.463753
vt -0.026328 -0.491776
vt -0.011811 -0.518188
vt 0.005908 -0.542571
vt 0.026540 -0.564542
vt 0.049762 -0.583753
vt 0.075209 -0.599903
vt 0.102480 -0.612735
vt 0.131141 -0.622049
vt 0.160751 -0.627697
vt 0.190833 -0.629589
vt 0.220910 -0.627697
vt 0.250515 -0.622049
vt 0.279180 -0.612736
vt 0.306451 -0.599903
vt 0.331898 -0.583753
vt 0.355121 -0.564542
vt 0.375750 -0.542571
vt 0.393470 -0.518187
vt 0.407986 -0.491776
vt 0.419084 -0.463753
vt 0.426580 -0.434561
vt 0.430354 -0.404659
vt 0.430357 -0.374519
vt 0.426579 -0.344618
vt 0.419084 -0.315425
vt 0.407989 -0.287402
vt 0.393469 -0.260991
vt 0.375753 -0.236607
vt 0.355121 -0.214637
vt 0.331898 -0.195425
vt 0.306451 -0.179275
vt 0.279180 -0.166443
vt 0.250515 -0.157129
vt 1.016772 -0.097975
vt 1.016775 -0.047825
vt 0.996773 -0.047825
vt 0.996770 -0.097975
vt 0.200893 -0.367856
vt 0.230498 -0.373503
vt 0.259163 -0.382817
vt 0.286434 -0.395649
vt 0.311881 -0.411799
vt 0.335104 -0.431010
vt 0.355736 -0.452981
vt 0.373451 -0.477365
vt 0.387971 -0.503776
vt 0.399066 -0.531799
vt 0.406562 -0.560991
vt 0.410339 -0.590893
vt 0.410339 -0.621033
vt 0.406562 -0.650935
vt 0.399066 -0.680127
vt 0.387971 -0.708150
vt 0.373451 -0.734561
vt 0.355736 -0.758945
vt 0.335104 -0.780915
vt 0.311881 -0.800127
vt 0.286433 -0.816276
vt 0.259163 -0.829109
vt 0.230498 -0.838423
vt 0.200893 -0.844071
vt 0.191863 -0.689659
vt 0.191863 -0.526651
vt 0.154900 -0.526651
vt 0.140733 -0.367856
vt 0.170813 -0.365963
vt 0.108110 -0.097961
vt 0.108110 -0.047810
vt 0.088110 -0.047808
vt 0.088110 -0.097959
vt 8.783367 0.121096
vt 8.828133 0.121096
vt 8.968831 0.107157
vt 8.925516 0.107157
vt -0.560251 1.000307
vt 0.271844 1.000304
vt 0.259724 1.000306
vt -0.545405 1.000310
vt 2.952978 0.124721
vt 2.937772 0.124720
vt 2.982125 0.110788
vt 2.996839 0.110789
vt 0.198048 -0.097993
vt 0.198048 -0.047842
vt 0.178048 -0.047841
vt 0.178048 -0.097992
vt 2.366307 0.131608
vt 2.348105 0.131606
vt 2.381830 0.117666
vt 2.399441 0.117668
vt 2.104333 0.141916
vt 2.085314 0.141917
vt 2.113768 0.127982
vt 2.132169 0.127981
vt 1.942340 0.155273
vt 1.922975 0.155269
vt 1.947877 0.141327
vt 1.966614 0.141331
vt 1.826268 0.171656
vt 1.806705 0.171653
vt 1.828884 0.157716
vt 1.847814 0.157719
vt 1.735223 0.190634
vt 1.715528 0.190632
vt 1.735483 0.176700
vt 1.754540 0.176702
vt 1.658596 0.211922
vt 1.638809 0.211919
vt 1.656866 0.197980
vt 1.676012 0.197983
vt 1.590533 0.235387
vt 1.570681 0.235384
vt 1.587076 0.221451
vt 1.606284 0.221454
vt 1.527266 0.259798
vt 1.507360 0.259811
vt 1.522264 0.245868
vt 1.541525 0.245856
vt 1.466448 0.286567
vt 1.446507 0.286566
vt 1.460054 0.272625
vt 1.479349 0.272623
vt 1.406221 0.313759
vt 1.386247 0.313755
vt 1.398549 0.299821
vt 1.417872 0.299821
vt 1.344885 0.341260
vt 1.324919 0.341262
vt 1.336049 0.327321
vt 1.355374 0.327316
vt 1.283744 0.369002
vt 1.263725 0.369005
vt 1.273774 0.355070
vt 1.293144 0.355068
vt 1.220030 0.395976
vt 1.199992 0.395977
vt 1.209007 0.382042
vt 1.228397 0.382037
vt 1.154345 0.421977
vt 1.134296 0.421984
vt 1.142327 0.408043
vt 1.161727 0.408036
vt 1.086320 0.447278
vt 1.066253 0.447276
vt 1.073343 0.433337
vt 1.092760 0.433339
vt 1.016220 0.470630
vt 0.996143 0.470627
vt 1.002317 0.456682
vt 1.021743 0.456686
vt 0.943930 0.491804
vt 0.923845 0.491803
vt 0.929146 0.477868
vt 0.948579 0.477869
vt 0.869786 0.510623
vt 0.849696 0.510624
vt 0.854133 0.496686
vt 0.873572 0.496685
vt 0.794162 0.526872
vt 0.774064 0.526872
vt 0.777657 0.512937
vt 0.797103 0.512937
vt 0.717224 0.540080
vt 0.697126 0.540081
vt 0.699891 0.526132
vt 0.719337 0.526131
vt 0.639397 0.550137
vt 0.619300 0.550137
vt 0.621243 0.536191
vt 0.640689 0.536191
vt 0.561199 0.556950
vt 0.541102 0.556952
vt 0.542237 0.543013
vt 0.561683 0.543011
vt 0.483131 0.560306
vt 0.463036 0.560305
vt 0.463362 0.546364
vt 0.482805 0.546365
vt 0.405608 0.560323
vt 0.385515 0.560323
vt 0.385035 0.546381
vt 0.404476 0.546381
vt 0.328803 0.556689
vt 0.308706 0.556687
vt 0.307411 0.542740
vt 0.326856 0.542742
vt 0.253302 0.549765
vt 0.233204 0.549762
vt 0.231094 0.535822
vt 0.250541 0.535825
vt 0.179387 0.539465
vt 0.159292 0.539464
vt 0.156350 0.525519
vt 0.175794 0.525519
vt 0.107565 0.526135
vt 0.087475 0.526137
vt 0.083690 0.512205
vt 0.103129 0.512203
vt 0.037974 0.509886
vt 0.017891 0.509887
vt 0.013245 0.495956
vt 0.032677 0.495955
vt -0.029065 0.490755
vt -0.049139 0.490757
vt -0.054669 0.476818
vt -0.035245 0.476817
vt -0.093544 0.469507
vt -0.113607 0.469509
vt -0.120045 0.455579
vt -0.100632 0.455577
vt -0.155424 0.445969
vt -0.175476 0.445968
vt -0.182859 0.432031
vt -0.163457 0.432032
vt -0.214736 0.421191
vt -0.234774 0.421196
vt -0.243140 0.407264
vt -0.223751 0.407261
vt -0.272015 0.394562
vt -0.292035 0.394563
vt -0.301434 0.380622
vt -0.282064 0.380622
vt -0.327411 0.367625
vt -0.347409 0.367623
vt -0.357900 0.353690
vt -0.338550 0.353691
vt -0.375395 0.339919
vt -0.395497 0.339921
vt -0.407014 0.325984
vt -0.387564 0.325982
vt -0.435750 0.312343
vt -0.455689 0.312342
vt -0.468589 0.298404
vt -0.449293 0.298406
vt -0.491001 0.285302
vt -0.510902 0.285299
vt -0.525160 0.271359
vt -0.505905 0.271360
vt -0.549247 0.258941
vt -0.569094 0.258943
vt -0.584844 0.245002
vt -0.565639 0.245002
vt -0.612884 0.234054
vt -0.632670 0.234053
vt -0.650083 0.220121
vt -0.630939 0.220122
vt -0.686101 0.210675
vt -0.705800 0.210673
vt -0.725121 0.196727
vt -0.706061 0.196728
vt -0.774742 0.189522
vt -0.794312 0.189521
vt -0.815855 0.175589
vt -0.796920 0.175590
vt -0.889418 0.170677
vt -0.908791 0.170680
vt -0.933061 0.156740
vt -0.914317 0.156737
vt -1.051530 0.154397
vt -1.070552 0.154399
vt -1.098389 0.140451
vt -1.079984 0.140450
vt -1.315454 0.141271
vt -1.333693 0.141274
vt -1.366801 0.127335
vt -1.349153 0.127333
vt -1.909946 0.131191
vt -1.925335 0.131187
vt -1.969146 0.117254
vt -1.954256 0.117257
vt -7.902762 0.124389
vt -7.860575 0.124386
vt -8.003024 0.110456
vt -8.043842 0.110458
vt 0.925172 -0.097971
vt 0.925173 -0.047820
vt 0.905174 -0.047819
vt 0.905173 -0.097970
vt 0.834466 -0.097969
vt 0.834465 -0.047819
vt 0.814465 -0.047819
vt 0.814466 -0.097969
vt 0.745700 -0.097973
vt 0.745699 -0.047818
vt 0.725699 -0.047816
vt 0.725700 -0.097971
vt 0.660011 -0.097974
vt 0.660010 -0.047822
vt 0.640010 -0.047823
vt 0.640011 -0.097975
vt 0.578409 -0.097999
vt 0.578410 -0.047844
vt 0.558409 -0.047841
vt 0.558408 -0.097997
vt 0.501885 -0.097984
vt 0.501885 -0.047829
vt 0.481887 -0.047829
vt 0.481886 -0.097983
vt 0.431348 -0.097984
vt 0.431348 -0.047835
vt 0.411348 -0.047833
vt 0.411347 -0.097984
vt 0.369528 -0.097976
vt 0.369442 -0.047824
vt 0.349443 -0.047825
vt 0.349529 -0.097977
vt 0.311928 -0.098026
vt 0.311891 -0.047878
vt 0.291981 -0.047879
vt 0.292017 -0.098030
vt 0.269291 -0.098011
vt 0.269004 -0.047856
vt 0.248989 -0.047857
vt 0.249277 -0.098009
vt 0.223140 -0.097970
vt 0.223136 -0.047820
vt 0.203137 -0.047822
vt 0.203141 -0.097972
vt 0.192000 -0.097979
vt 0.191999 -0.047829
vt 0.172003 -0.047831
vt 0.172003 -0.097980
vt 0.169929 -0.097982
vt 0.169926 -0.047832
vt 0.149928 -0.047834
vt 0.149930 -0.097985
vt 0.156751 -0.098009
vt 0.156752 -0.047860
vt 0.136753 -0.047861
vt 0.136751 -0.098011
vt 0.153992 -0.097997
vt 0.153928 -0.047847
vt 0.133987 -0.047851
vt 0.134051 -0.098001
vt 0.156936 -0.098957
vt 0.156935 -0.048694
vt 0.136936 -0.049839
vt 0.136936 -0.100192
vt 0.169577 -0.098019
vt 0.169579 -0.047867
vt 0.149578 -0.047869
vt 0.149576 -0.098021
vt 0.189981 -0.097971
vt 0.189980 -0.047818
vt 0.169980 -0.047817
vt 0.169981 -0.097971
vt 0.217446 -0.098007
vt 0.217446 -0.047854
vt 0.197447 -0.047853
vt 0.197446 -0.098007
vt 0.251294 -0.100086
vt 0.251293 -0.049740
vt 0.231292 -0.050903
vt 0.231293 -0.101302
vt 0.290611 -0.097971
vt 0.290613 -0.047817
vt 0.270613 -0.047817
vt 0.270612 -0.097970
vt 0.334502 -0.097970
vt 0.334503 -0.047822
vt 0.314503 -0.047823
vt 0.314502 -0.097971
vt 0.381953 -0.097975
vt 0.381956 -0.047822
vt 0.361956 -0.047822
vt 0.361953 -0.097976
vt 0.431887 -0.099397
vt 0.431887 -0.048057
vt 0.411886 -0.048297
vt 0.411887 -0.099794
vt 0.483223 -0.097167
vt 0.483222 -0.047071
vt 0.463222 -0.046604
vt 0.463223 -0.096684
vt 0.534813 -0.097997
vt 0.534813 -0.047846
vt 0.514813 -0.047845
vt 0.514813 -0.097996
vt 0.585541 -0.097967
vt 0.585540 -0.047816
vt 0.565539 -0.047816
vt 0.565540 -0.097967
vt 0.634296 -0.097964
vt 0.634297 -0.047811
vt 0.614297 -0.047811
vt 0.614296 -0.097964
vt 0.679975 -0.098009
vt 0.679976 -0.047859
vt 0.659975 -0.047858
vt 0.659975 -0.098007
vt 0.721569 -0.097934
vt 0.721569 -0.047784
vt 0.701568 -0.047786
vt 0.701568 -0.097936
vt 0.758090 -0.097938
vt 0.758089 -0.047788
vt 0.738088 -0.047788
vt 0.738089 -0.097939
vt 0.788642 -0.097980
vt 0.788642 -0.047827
vt 0.768644 -0.047827
vt 0.768644 -0.097980
vt 0.811158 -0.098022
vt 0.811214 -0.047866
vt 0.791217 -0.047865
vt 0.791160 -0.098022
vt 0.828116 -0.098183
vt 0.828146 -0.048030
vt 0.808174 -0.048025
vt 0.808146 -0.098178
vt 0.837081 -0.098020
vt 0.837080 -0.047868
vt 0.817079 -0.047865
vt 0.817080 -0.098017
vt 0.836933 -0.098023
vt 0.836933 -0.047871
vt 0.816933 -0.047870
vt 0.816933 -0.098022
vt 0.827988 -0.097984
vt 0.827988 -0.047832
vt 0.807989 -0.047832
vt 0.807988 -0.097983
vt 0.810096 -0.098015
vt 0.810098 -0.047862
vt 0.790099 -0.047863
vt 0.790097 -0.098015
vt 0.782895 -0.098045
vt 0.782898 -0.047890
vt 0.762928 -0.047887
vt 0.762927 -0.098039
vt 0.746873 -0.098159
vt 0.746898 -0.048004
vt 0.726920 -0.047997
vt 0.726895 -0.098150
vt 0.703025 -0.098002
vt 0.703029 -0.047850
vt 0.683029 -0.047847
vt 0.683026 -0.097999
vt 0.650415 -0.097969
vt 0.650414 -0.047818
vt 0.630413 -0.047818
vt 0.630414 -0.097969
vt 0.590026 -0.097968
vt 0.590027 -0.047821
vt 0.570027 -0.047820
vt 0.570025 -0.097968
vt 0.522547 -0.098005
vt 0.522546 -0.047857
vt 0.502546 -0.047854
vt 0.502547 -0.098003
vt 0.448727 -0.097980
vt 0.448726 -0.047829
vt 0.428726 -0.047829
vt 0.428726 -0.097980
vt 0.369389 -0.097970
vt 0.369388 -0.047818
vt 0.349388 -0.047818
vt 0.349389 -0.097970
vt 0.285498 -0.097957
vt 0.285498 -0.047806
vt 0.265498 -0.047806
vt 0.265498 -0.097957
vt 0.170813 -0.845963
vt 0.140733 -0.844070
vt 0.111127 -0.838423
vt 0.082463 -0.829109
vt 0.055192 -0.816276
vt 0.029744 -0.800127
vt 0.006521 -0.780915
vt -0.014111 -0.758945
vt -0.031826 -0.734561
vt -0.046346 -0.708150
vt -0.057441 -0.680127
vt -0.064936 -0.650934
vt -0.068714 -0.621033
vt -0.068714 -0.590893
vt -0.064936 -0.560991
vt -0.057441 -0.531799
vt -0.046346 -0.503776
vt -0.031826 -0.477364
vt -0.014111 -0.452981
vt 0.006521 -0.431011
vt 0.029744 -0.411799
vt 0.055192 -0.395649
vt 0.082463 -0.382816
vt 0.111127 -0.373503
vt 0.154900 -0.689659
vt 1.039192 -0.326742
vt 1.039187 0.173247
vt 1.019187 0.173247
vt 1.019192 -0.326746
vt 1.018565 -0.326753
vt 1.018573 0.173247
vt 0.998573 0.173247
vt 0.998565 -0.326753
vt 0.997342 -0.326755
vt 0.997339 0.173247
vt 0.977339 0.173247
vt 0.977343 -0.326754
vt 0.975527 -0.326754
vt 0.975527 0.173247
vt 0.955528 0.173247
vt 0.955527 -0.326753
vt 0.953152 -0.326752
vt 0.953152 0.173247
vt 0.933152 0.173247
vt 0.933152 -0.326752
vt 0.930254 -0.326753
vt 0.930254 0.173247
vt 0.910254 0.173247
vt 0.910254 -0.326753
vt 0.906878 -0.326752
vt 0.906877 0.173247
vt 0.886877 0.173247
vt 0.886879 -0.326752
vt 0.883077 -0.326753
vt 0.883080 0.173247
vt 0.863080 0.173247
vt 0.863077 -0.326753
vt 0.858916 -0.326753
vt 0.858916 0.173247
vt 0.838916 0.173247
vt 0.838916 -0.326753
vt 0.834456 -0.326753
vt 0.834455 0.173247
vt 0.814455 0.173247
vt 0.814456 -0.326753
vt 0.809763 -0.326753
vt 0.809763 0.173247
vt 0.789763 0.173247
vt 0.789763 -0.326753
vt 0.784919 -0.326753
vt 0.784919 0.173247
vt 0.764919 0.173247
vt 0.764919 -0.326753
vt 0.760000 -0.326753
vt 0.760000 0.173247
vt 0.740000 0.173247
vt 0.740000 -0.326753
vt 0.735081 -0.326753
vt 0.735081 0.173247
vt 0.715081 0.173247
vt 0.715081 -0.326753
vt 0.710238 -0.326753
vt 0.710238 0.173247
vt 0.690238 0.173247
vt 0.690238 -0.326753
vt 0.685543 -0.326753
vt 0.685543 0.173247
vt 0.665543 0.173247
vt 0.665543 -0.326753
vt 0.661087 -0.326753
vt 0.661087 0.173247
vt 0.641087 0.173247
vt 0.641087 -0.326753
vt 0.636922 -0.326753
vt 0.636921 0.173247
vt 0.616921 0.173247
vt 0.616922 -0.326753
vt 0.613121 -0.326752
vt 0.613123 0.173247
vt 0.593123 0.173247
vt 0.593121 -0.326752
vt 0.589749 -0.326753
vt 0.589745 0.173247
vt 0.569745 0.173247
vt 0.569749 -0.326752
vt 0.566846 -0.326753
vt 0.566849 0.173247
vt 0.546849 0.173247
vt 0.546846 -0.326753
vt 0.544473 -0.326753
vt 0.544473 0.173247
vt 0.524473 0.173247
vt 0.524472 -0.326754
vt 0.522658 -0.326753
vt 0.522658 0.173247
vt 0.502658 0.173247
vt 0.502658 -0.326753
vt 0.501436 -0.326752
vt 0.501432 0.173247
vt 0.481432 0.173247
vt 0.481435 -0.326752
vt 0.480809 -0.326753
vt 0.480813 0.173247
vt 0.460813 0.173247
vt 0.460809 -0.326754
vt 0.440814 0.173247
vt 0.440818 -0.326756
vt 0.441428 -0.326753
vt 0.441432 0.173247
vt 0.421432 0.173247
vt 0.421428 -0.326753
vt 0.422658 -0.326753
vt 0.422658 0.173247
vt 0.402658 0.173247
vt 0.402658 -0.326753
vt 0.404473 -0.326754
vt 0.404476 0.173247
vt 0.384476 0.173247
vt 0.384472 -0.326755
vt 0.386849 -0.326753
vt 0.386849 0.173247
vt 0.366849 0.173247
vt 0.366849 -0.326752
vt 0.369747 -0.326753
vt 0.369745 0.173247
vt 0.349745 0.173247
vt 0.349747 -0.326752
vt 0.353122 -0.326753
vt 0.353122 0.173247
vt 0.333122 0.173247
vt 0.333122 -0.326753
vt 0.336922 -0.326753
vt 0.336921 0.173247
vt 0.316921 0.173247
vt 0.316922 -0.326753
vt 0.321084 -0.326753
vt 0.321083 0.173247
vt 0.301083 0.173247
vt 0.301084 -0.326753
vt 0.305546 -0.326753
vt 0.305547 0.173247
vt 0.285547 0.173247
vt 0.285546 -0.326753
vt 0.290238 -0.326753
vt 0.290237 0.173247
vt 0.270238 0.173247
vt 0.270238 -0.326753
vt 0.275077 -0.326753
vt 0.275077 0.173247
vt 0.255077 0.173247
vt 0.255077 -0.326753
vt 0.260000 -0.326753
vt 0.260000 0.173247
vt 0.240002 0.173247
vt 0.240000 -0.326753
vt 0.244917 -0.326753
vt 0.244917 0.173247
vt 0.224917 0.173247
vt 0.224917 -0.326753
vt 0.229769 -0.326753
vt 0.229769 0.173247
vt 0.209769 0.173247
vt 0.209769 -0.326753
vt 0.214454 -0.326753
vt 0.214454 0.173247
vt 0.194454 0.173247
vt 0.194454 -0.326753
vt 0.198916 -0.326753
vt 0.198916 0.173247
vt 0.178916 0.173247
vt 0.178916 -0.326753
vt 0.183078 -0.326752
vt 0.183079 0.173247
vt 0.163079 0.173247
vt 0.163078 -0.326752
vt 0.166879 -0.326753
vt 0.166878 0.173247
vt 0.146878 0.173247
vt 0.146880 -0.326753
vt 0.150253 -0.326753
vt 0.150256 0.173247
vt 0.130256 0.173247
vt 0.130253 -0.326753
vt 0.133155 -0.326753
vt 0.133149 0.173247
vt 0.113149 0.173247
vt 0.113155 -0.326753
vt 0.115525 -0.326753
vt 0.115528 0.173247
vt 0.095528 0.173247
vt 0.095525 -0.326753
vt 0.097343 -0.326753
vt 0.097343 0.173247
vt 0.077343 0.173247
vt 0.077343 -0.326753
vt 0.078573 -0.326753
vt 0.078573 0.173247
vt 0.058573 0.173247
vt 0.058573 -0.326753
vt 0.059183 -0.326742
vt 0.059183 0.173247
vt 0.039183 0.173247
vt 0.039183 -0.326746
vt 1.039189 0.500013
vt 1.019190 0.500012
vt 1.015512 0.500013
vt 1.034147 0.500014
vt 0.059184 0.500013
vt 0.039183 0.500013
vt 0.035953 0.500013
vt 0.054587 0.500013
vt 0.054741 0.500005
vt 0.036107 0.500005
vt 0.035954 0.500005
vt 0.053726 0.500005
vt 1.034310 0.500002
vt 1.015676 0.500003
vt 1.015457 0.500005
vt 1.033228 0.500004
vt 0.074612 0.500002
vt 0.055978 0.500004
vt 0.055903 0.500002
vt 0.073675 0.500000
vt 0.078573 0.500011
vt 0.058573 0.500011
vt 0.055840 0.500013
vt 0.074475 0.500013
vt 0.093923 0.500006
vt 0.075289 0.500005
vt 0.075299 0.500006
vt 0.093071 0.500007
vt 0.112690 0.500004
vt 0.094056 0.500004
vt 0.094156 0.500004
vt 0.111928 0.500004
vt 0.130929 0.500004
vt 0.112295 0.500004
vt 0.112490 0.500006
vt 0.130262 0.500006
vt 0.148670 0.500006
vt 0.130036 0.500006
vt 0.148100 0.500006
vt 0.165947 0.500005
vt 0.147313 0.500004
vt 0.147706 0.500005
vt 0.165478 0.500005
vt 0.182803 0.500003
vt 0.164169 0.500003
vt 0.164662 0.500004
vt 0.182434 0.500003
vt 0.199288 0.500005
vt 0.180654 0.500005
vt 0.181247 0.500005
vt 0.199019 0.500005
vt 0.215457 0.500005
vt 0.196823 0.500005
vt 0.197514 0.500005
vt 0.215286 0.500005
vt 0.231372 0.500004
vt 0.212738 0.500004
vt 0.213523 0.500005
vt 0.231295 0.500003
vt 0.247094 0.500004
vt 0.228460 0.500005
vt 0.229333 0.500005
vt 0.247105 0.500004
vt 0.262696 0.500005
vt 0.244061 0.500005
vt 0.245018 0.500004
vt 0.262791 0.500005
vt 0.278247 0.500006
vt 0.259613 0.500008
vt 0.260645 0.500006
vt 0.278416 0.500004
vt 0.293810 0.500004
vt 0.275175 0.500004
vt 0.276274 0.500005
vt 0.294046 0.500005
vt 0.309465 0.500006
vt 0.290829 0.500007
vt 0.291985 0.500007
vt 0.309758 0.500006
vt 0.325272 0.500003
vt 0.306636 0.500002
vt 0.307841 0.500002
vt 0.325613 0.500003
vt 0.341307 0.500005
vt 0.322670 0.500005
vt 0.323909 0.500005
vt 0.341680 0.500005
vt 0.357624 0.500006
vt 0.338985 0.500006
vt 0.340247 0.500007
vt 0.358019 0.500006
vt 0.374284 0.500005
vt 0.355645 0.500006
vt 0.356917 0.500006
vt 0.374688 0.500005
vt 0.391340 0.500004
vt 0.372700 0.500004
vt 0.373967 0.500003
vt 0.391739 0.500003
vt 0.408836 0.500003
vt 0.390195 0.500001
vt 0.391448 0.500001
vt 0.409220 0.500002
vt 0.426814 0.500003
vt 0.408173 0.500002
vt 0.409395 0.500002
vt 0.427166 0.500003
vt 0.445302 0.500006
vt 0.426658 0.500006
vt 0.427838 0.500006
vt 0.445610 0.500006
vt 0.464332 0.500006
vt 0.445687 0.500006
vt 0.446809 0.500005
vt 0.464580 0.500005
vt 0.483909 0.500003
vt 0.465264 0.500003
vt 0.466318 0.500004
vt 0.484088 0.500004
vt 0.504044 0.500004
vt 0.485396 0.500005
vt 0.486374 0.500006
vt 0.504146 0.500005
vt 0.524726 0.500003
vt 0.506075 0.500002
vt 0.506969 0.500001
vt 0.524742 0.500002
vt 0.545968 0.500003
vt 0.527318 0.500002
vt 0.528114 0.500002
vt 0.545885 0.500003
vt 0.567724 0.500002
vt 0.549073 0.500001
vt 0.549767 0.500003
vt 0.567540 0.500004
vt 0.589978 0.500002
vt 0.571326 0.500001
vt 0.571916 0.500002
vt 0.589689 0.500003
vt 0.612700 0.500003
vt 0.594049 0.500003
vt 0.594530 0.500004
vt 0.612301 0.500005
vt 0.635837 0.500005
vt 0.617187 0.500005
vt 0.617557 0.500005
vt 0.635328 0.500005
vt 0.659345 0.500005
vt 0.640694 0.500005
vt 0.640958 0.500004
vt 0.658730 0.500005
vt 0.683165 0.500002
vt 0.664512 0.500001
vt 0.664673 0.500004
vt 0.682446 0.500005
vt 0.707247 0.500004
vt 0.688597 0.500004
vt 0.688656 0.500007
vt 0.706428 0.500008
vt 0.731514 0.500004
vt 0.712867 0.500004
vt 0.712833 0.500006
vt 0.730602 0.500005
vt 0.755903 0.500006
vt 0.737254 0.500005
vt 0.737131 0.500004
vt 0.754905 0.500005
vt 0.780351 0.500006
vt 0.761703 0.500005
vt 0.761507 0.500006
vt 0.779280 0.500006
vt 0.804783 0.500006
vt 0.786135 0.500004
vt 0.785872 0.500003
vt 0.803646 0.500006
vt 0.829126 0.500006
vt 0.810483 0.500005
vt 0.810165 0.500004
vt 0.827936 0.500004
vt 0.853316 0.500006
vt 0.834673 0.500006
vt 0.834313 0.500005
vt 0.852084 0.500005
vt 0.877289 0.500005
vt 0.858647 0.500004
vt 0.858260 0.500007
vt 0.876032 0.500007
vt 0.900976 0.500003
vt 0.882335 0.500004
vt 0.881933 0.500004
vt 0.899705 0.500003
vt 0.924328 0.500004
vt 0.905687 0.500005
vt 0.905283 0.500004
vt 0.923058 0.500003
vt 0.947272 0.500006
vt 0.928635 0.500005
vt 0.928244 0.500006
vt 0.946015 0.500006
vt 0.969788 0.500008
vt 0.951150 0.500006
vt 0.950783 0.500008
vt 0.968556 0.500009
vt 0.991812 0.500004
vt 0.973177 0.500004
vt 0.972847 0.500005
vt 0.990618 0.500005
vt 1.013328 0.500003
vt 0.994693 0.500004
vt 0.994414 0.500004
vt 1.012185 0.500002
vt 1.018562 0.500011
vt 0.998562 0.500011
vt 0.994520 0.500013
vt 1.013155 0.500013
vt 0.997344 0.500010
vt 0.977344 0.500011
vt 0.972999 0.500013
vt 0.991634 0.500013
vt 0.975526 0.500012
vt 0.955527 0.500012
vt 0.950966 0.500012
vt 0.969603 0.500011
vt 0.953151 0.500013
vt 0.933152 0.500012
vt 0.928455 0.500011
vt 0.947091 0.500010
vt 0.930254 0.500011
vt 0.910255 0.500011
vt 0.905512 0.500012
vt 0.924152 0.500012
vt 0.906879 0.500011
vt 0.886880 0.500011
vt 0.882170 0.500012
vt 0.900809 0.500012
vt 0.883078 0.500010
vt 0.863079 0.500011
vt 0.858492 0.500012
vt 0.877131 0.500011
vt 0.858913 0.500009
vt 0.838914 0.500010
vt 0.834531 0.500011
vt 0.853174 0.500011
vt 0.834455 0.500009
vt 0.814455 0.500009
vt 0.810353 0.500009
vt 0.828997 0.500010
vt 0.809763 0.500009
vt 0.789763 0.500009
vt 0.786019 0.500010
vt 0.804665 0.500010
vt 0.784923 0.500010
vt 0.764921 0.500009
vt 0.761604 0.500010
vt 0.780250 0.500010
vt 0.760001 0.500009
vt 0.740000 0.500009
vt 0.737172 0.500010
vt 0.755820 0.500009
vt 0.735079 0.500009
vt 0.715080 0.500009
vt 0.712793 0.500010
vt 0.731442 0.500010
vt 0.710236 0.500008
vt 0.690237 0.500009
vt 0.688541 0.500009
vt 0.685543 0.500010
vt 0.665542 0.500010
vt 0.683123 0.500010
vt 0.661085 0.500007
vt 0.641086 0.500007
vt 0.636921 0.500008
vt 0.616921 0.500008
vt 0.613123 0.500009
vt 0.593124 0.500009
vt 0.594056 0.500009
vt 0.589748 0.500009
vt 0.569747 0.500009
vt 0.566848 0.500011
vt 0.546849 0.500011
vt 0.567764 0.500011
vt 0.544473 0.500008
vt 0.524473 0.500008
vt 0.527371 0.500009
vt 0.522657 0.500009
vt 0.502656 0.500009
vt 0.506155 0.500009
vt 0.524804 0.500009
vt 0.501435 0.500009
vt 0.481433 0.500009
vt 0.485487 0.500010
vt 0.504135 0.500010
vt 0.480811 0.500009
vt 0.460811 0.500009
vt 0.465370 0.500011
vt 0.484019 0.500011
vt 0.440817 0.500008
vt 0.445816 0.500009
vt 0.464461 0.500009
vt 0.441429 0.500011
vt 0.421430 0.500011
vt 0.445453 0.500010
vt 0.422658 0.500010
vt 0.402658 0.500010
vt 0.408337 0.500011
vt 0.426980 0.500011
vt 0.404473 0.500010
vt 0.384473 0.500010
vt 0.390378 0.500013
vt 0.409019 0.500012
vt 0.386848 0.500011
vt 0.366848 0.500011
vt 0.372893 0.500011
vt 0.391534 0.500011
vt 0.369747 0.500011
vt 0.349747 0.500011
vt 0.355851 0.500011
vt 0.374490 0.500011
vt 0.353122 0.500012
vt 0.333122 0.500012
vt 0.339198 0.500011
vt 0.357837 0.500012
vt 0.336921 0.500011
vt 0.316921 0.500010
vt 0.322885 0.500011
vt 0.341522 0.500012
vt 0.321084 0.500010
vt 0.301084 0.500010
vt 0.306851 0.500012
vt 0.325487 0.500011
vt 0.305548 0.500012
vt 0.285548 0.500012
vt 0.291039 0.500013
vt 0.309674 0.500012
vt 0.290236 0.500012
vt 0.270236 0.500012
vt 0.275373 0.500013
vt 0.294007 0.500013
vt 0.275080 0.500013
vt 0.255080 0.500013
vt 0.259792 0.500014
vt 0.278426 0.500013
vt 0.260000 0.500011
vt 0.240000 0.500011
vt 0.244222 0.500011
vt 0.262856 0.500012
vt 0.244920 0.500012
vt 0.224920 0.500012
vt 0.228596 0.500013
vt 0.247230 0.500014
vt 0.229767 0.500012
vt 0.209767 0.500012
vt 0.212849 0.500013
vt 0.231483 0.500013
vt 0.214454 0.500012
vt 0.194454 0.500012
vt 0.196903 0.500013
vt 0.198916 0.500012
vt 0.178916 0.500012
vt 0.183079 0.500011
vt 0.163079 0.500012
vt 0.166879 0.500013
vt 0.146879 0.500013
vt 0.150254 0.500012
vt 0.130254 0.500012
vt 0.148629 0.500013
vt 0.133154 0.500012
vt 0.113155 0.500012
vt 0.112226 0.500013
vt 0.115526 0.500012
vt 0.095525 0.500012
vt 0.093961 0.500012
vt 0.112595 0.500011
vt 0.097343 0.500014
vt 0.077343 0.500013
vt 0.075172 0.500014
vt 0.093806 0.500014
vt 0.220913 0.488107
vt 0.190830 0.490000
vt 0.160747 0.488108
vt 0.131145 0.482460
vt 0.102482 0.473146
vt 0.075211 0.460314
vt 0.049760 0.444164
vt 0.026540 0.424952
vt 0.005904 0.402982
vt -0.011808 0.378598
vt -0.026328 0.352187
vt -0.037422 0.324164
vt -0.044921 0.294972
vt -0.048695 0.265070
vt -0.048698 0.234930
vt -0.044917 0.205028
vt -0.037425 0.175836
vt -0.026327 0.147813
vt -0.011808 0.121402
vt 0.005907 0.097018
vt 0.026539 0.075048
vt 0.049759 0.055836
vt 0.075207 0.039686
vt 0.102483 0.026854
vt 0.131146 0.017540
vt 0.160750 0.011892
vt 0.190830 0.010000
vt 0.220910 0.011892
vt 0.250516 0.017540
vt 0.279180 0.026854
vt 0.306451 0.039686
vt 0.331899 0.055836
vt 0.355119 0.075048
vt 0.375754 0.097018
vt 0.393470 0.121401
vt 0.407986 0.147813
vt 0.419085 0.175836
vt 0.426580 0.205028
vt 0.430355 0.234930
vt 0.430355 0.265070
vt 0.426577 0.294972
vt 0.419085 0.324164
vt 0.407987 0.352187
vt 0.393466 0.378598
vt 0.375754 0.402982
vt 0.355122 0.424952
vt 0.331899 0.444164
vt 0.306452 0.460314
vt 0.279181 0.473146
vt 0.250513 0.482460
vt 1.052432 -0.097979
vt 1.052429 -0.047830
vt 1.032430 -0.047829
vt 1.032432 -0.097978
vt 0.200893 0.488108
vt 0.170813 0.490000
vt 0.140733 0.488108
vt 0.111127 0.482460
vt 0.082463 0.473146
vt 0.055192 0.460314
vt 0.029744 0.444164
vt 0.006521 0.424952
vt -0.014111 0.402982
vt -0.031826 0.378598
vt -0.046346 0.352187
vt -0.057441 0.324164
vt -0.064936 0.294971
vt -0.068714 0.265070
vt -0.068714 0.234930
vt -0.064936 0.205029
vt -0.057441 0.175836
vt -0.046346 0.147813
vt -0.031826 0.121401
vt -0.014110 0.097018
vt 0.006521 0.075048
vt 0.029744 0.055836
vt 0.055192 0.039686
vt 0.082463 0.026854
vt 0.111127 0.017540
vt 0.140733 0.011892
vt 0.170813 0.010000
vt 0.200893 0.011892
vt 0.230498 0.017540
vt 0.259162 0.026854
vt 0.286433 0.039686
vt 0.311881 0.055836
vt 0.335104 0.075048
vt 0.355736 0.097018
vt 0.373451 0.121402
vt 0.387971 0.147813
vt 0.399066 0.175836
vt 0.406562 0.205029
vt 0.410339 0.234930
vt 0.410339 0.265070
vt 0.406562 0.294972
vt 0.399066 0.324164
vt 0.387971 0.352187
vt 0.373451 0.378598
vt 0.355736 0.402982
vt 0.335104 0.424952
vt 0.311881 0.444164
vt 0.286433 0.460314
vt 0.259163 0.473146
vt 0.230498 0.482460
vt 0.072444 -0.097955
vt 0.072444 -0.047807
vt 0.052444 -0.047806
vt 0.052444 -0.097955
vt 6.627346 0.340705
vt 6.668627 0.340706
vt 6.808825 0.326763
vt 6.768880 0.326762
vt -2.132787 1.000342
vt -1.292723 1.000339
vt -1.306401 1.000339
vt -2.119247 1.000341
vt 2.186591 0.340842
vt 2.171317 0.340842
vt 2.215610 0.326908
vt 2.230387 0.326908
vt 0.091618 -0.097970
vt 0.091618 -0.047818
vt 0.071618 -0.047818
vt 0.071618 -0.097969
vt 1.705010 0.340888
vt 1.686841 0.340889
vt 1.720546 0.326954
vt 1.738126 0.326953
vt 1.473042 0.341039
vt 1.454068 0.341040
vt 1.482528 0.327093
vt 1.500888 0.327092
vt 1.320506 0.341069
vt 1.301164 0.341071
vt 1.326073 0.327132
vt 1.344788 0.327130
vt 1.206629 0.341174
vt 1.187084 0.341167
vt 1.209273 0.327230
vt 1.228184 0.327237
vt 1.115637 0.341224
vt 1.095955 0.341226
vt 1.115916 0.327291
vt 1.134961 0.327289
vt 1.039709 0.341290
vt 1.019932 0.341291
vt 1.037997 0.327347
vt 1.057133 0.327346
vt 0.974462 0.341322
vt 0.954617 0.341323
vt 0.971013 0.327386
vt 0.990215 0.327385
vt 0.917163 0.341111
vt 0.897265 0.341117
vt 0.912172 0.327173
vt 0.931426 0.327165
vt 0.866028 0.341137
vt 0.846092 0.341133
vt 0.859639 0.327196
vt 0.878929 0.327203
vt 0.819799 0.341334
vt 0.799831 0.341334
vt 0.812130 0.327393
vt 0.831457 0.327387
vt 0.777611 0.341365
vt 0.757613 0.341363
vt 0.768751 0.327428
vt 0.788101 0.327428
vt 0.738805 0.341387
vt 0.718784 0.341388
vt 0.728833 0.327447
vt 0.748203 0.327447
vt 0.702883 0.341304
vt 0.682845 0.341303
vt 0.691862 0.327360
vt 0.711250 0.327362
vt 0.669492 0.341099
vt 0.649439 0.341108
vt 0.657470 0.327167
vt 0.676874 0.327159
vt 0.638335 0.341057
vt 0.618269 0.341055
vt 0.625357 0.327118
vt 0.644773 0.327119
vt 0.609181 0.341269
vt 0.589105 0.341266
vt 0.595283 0.327325
vt 0.614708 0.327329
vt 0.581793 0.341174
vt 0.561707 0.341170
vt 0.567004 0.327226
vt 0.586439 0.327230
vt 0.556068 0.341136
vt 0.535976 0.341137
vt 0.540411 0.327199
vt 0.559852 0.327198
vt 0.531874 0.341102
vt 0.511779 0.341097
vt 0.515372 0.327160
vt 0.534815 0.327165
vt 0.509009 0.340983
vt 0.488907 0.340986
vt 0.491670 0.327048
vt 0.511120 0.327046
vt 0.487369 0.340874
vt 0.467265 0.340871
vt 0.469205 0.326928
vt 0.488658 0.326931
vt 0.466858 0.340830
vt 0.446752 0.340831
vt 0.447887 0.326886
vt 0.467342 0.326885
vt 0.447313 0.340660
vt 0.427207 0.340656
vt 0.427531 0.326717
vt 0.446985 0.326721
vt 0.428626 0.340664
vt 0.408520 0.340664
vt 0.408037 0.326724
vt 0.427491 0.326724
vt 0.410547 0.340528
vt 0.390443 0.340531
vt 0.389148 0.326591
vt 0.408600 0.326587
vt 0.393002 0.340440
vt 0.372900 0.340437
vt 0.370792 0.326505
vt 0.390242 0.326508
vt 0.375706 0.340371
vt 0.355610 0.340372
vt 0.352671 0.326437
vt 0.372116 0.326437
vt 0.358510 0.340273
vt 0.338420 0.340276
vt 0.334638 0.326341
vt 0.354077 0.326339
vt 0.341125 0.340218
vt 0.321039 0.340218
vt 0.316394 0.326276
vt 0.335830 0.326276
vt 0.323314 0.340124
vt 0.303238 0.340125
vt 0.297712 0.326187
vt 0.317137 0.326187
vt 0.304738 0.340081
vt 0.284670 0.340078
vt 0.278234 0.326144
vt 0.297652 0.326147
vt 0.285039 0.340022
vt 0.264987 0.340025
vt 0.257610 0.326089
vt 0.277010 0.326086
vt 0.263786 0.339998
vt 0.243750 0.339998
vt 0.235385 0.326067
vt 0.254771 0.326064
vt 0.240538 0.340002
vt 0.220521 0.340002
vt 0.211116 0.326056
vt 0.230488 0.326060
vt 0.214676 0.340015
vt 0.194678 0.340011
vt 0.184187 0.326073
vt 0.203536 0.326073
vt 0.185442 0.339932
vt 0.165472 0.339934
vt 0.153818 0.325995
vt 0.173139 0.325995
vt 0.152115 0.339938
vt 0.132179 0.339939
vt 0.119279 0.326004
vt 0.138571 0.326008
vt 0.113495 0.339974
vt 0.093602 0.339974
vt 0.079340 0.326036
vt 0.098589 0.326035
vt 0.068139 0.339960
vt 0.048296 0.339961
vt 0.032538 0.326020
vt 0.051737 0.326020
vt 0.014060 0.340014
vt -0.005714 0.340014
vt -0.023137 0.326079
vt -0.004004 0.326079
vt -0.051799 0.340067
vt -0.071482 0.340065
vt -0.090806 0.326126
vt -0.071761 0.326127
vt -0.133984 0.340114
vt -0.153534 0.340116
vt -0.175088 0.326179
vt -0.156172 0.326177
vt -0.240658 0.340176
vt -0.260000 0.340175
vt -0.284278 0.326239
vt -0.265564 0.326239
vt -0.388313 0.340212
vt -0.407287 0.340215
vt -0.435133 0.326275
vt -0.416776 0.326273
vt -0.619541 0.340335
vt -0.637715 0.340335
vt -0.670830 0.326401
vt -0.653245 0.326401
vt -1.114910 0.340421
vt -1.130192 0.340420
vt -1.173974 0.326481
vt -1.159188 0.326482
vt -5.905322 0.340534
vt -5.864068 0.340531
vt -6.005506 0.326595
vt -6.045425 0.326598
vt 1.031608 -0.097975
vt 1.031602 -0.047828
vt 1.011605 -0.047826
vt 1.011610 -0.097974
vt 1.009982 -0.098064
vt 1.009981 -0.048062
vt 0.989981 -0.047973
vt 0.989982 -0.098012
vt 0.987546 -0.097978
vt 0.987545 -0.047822
vt 0.967544 -0.047822
vt 0.967545 -0.097977
vt 0.964363 -0.097974
vt 0.964363 -0.047825
vt 0.944364 -0.047825
vt 0.944364 -0.097974
vt 0.940483 -0.097974
vt 0.940484 -0.047825
vt 0.920484 -0.047825
vt 0.920483 -0.097974
vt 0.915948 -0.097980
vt 0.915947 -0.047825
vt 0.895948 -0.047826
vt 0.895948 -0.097980
vt 0.890887 -0.097976
vt 0.890888 -0.047826
vt 0.870887 -0.047826
vt 0.870886 -0.097976
vt 0.865311 -0.097962
vt 0.865313 -0.047809
vt 0.845313 -0.047812
vt 0.845311 -0.097963
vt 0.839345 -0.097974
vt 0.839346 -0.047824
vt 0.819347 -0.047825
vt 0.819346 -0.097976
vt 0.813079 -0.097970
vt 0.813077 -0.047819
vt 0.793078 -0.047819
vt 0.793080 -0.097971
vt 0.786587 -0.097965
vt 0.786586 -0.047813
vt 0.766585 -0.047815
vt 0.766585 -0.097967
vt 0.759996 -0.097971
vt 0.759997 -0.047819
vt 0.739998 -0.047819
vt 0.739995 -0.097971
vt 0.733413 -0.097967
vt 0.733412 -0.047814
vt 0.713413 -0.047816
vt 0.713413 -0.097968
vt 0.706933 -0.097955
vt 0.706932 -0.047805
vt 0.686931 -0.047808
vt 0.686932 -0.097957
vt 0.680658 -0.097967
vt 0.680658 -0.047816
vt 0.660658 -0.047818
vt 0.660658 -0.097968
vt 0.654684 -0.097973
vt 0.654684 -0.047823
vt 0.634683 -0.047824
vt 0.634684 -0.097975
vt 0.629107 -0.097981
vt 0.629106 -0.047829
vt 0.609106 -0.047828
vt 0.609108 -0.097981
vt 0.604038 -0.097963
vt 0.604037 -0.047812
vt 0.584036 -0.047812
vt 0.584037 -0.097963
vt 0.579504 -0.097979
vt 0.579503 -0.047826
vt 0.559503 -0.047825
vt 0.559504 -0.097978
vt 0.555637 -0.097972
vt 0.555636 -0.047819
vt 0.535636 -0.047820
vt 0.535637 -0.097973
vt 0.532450 -0.097975
vt 0.532451 -0.047823
vt 0.512451 -0.047822
vt 0.512450 -0.097975
vt 0.510020 -0.097976
vt 0.510020 -0.047824
vt 0.490021 -0.047824
vt 0.490020 -0.097976
vt 0.488391 -0.097973
vt 0.488391 -0.047820
vt 0.468391 -0.047821
vt 0.468391 -0.097974
vt 0.467554 -0.097977
vt 0.467555 -0.047823
vt 0.447555 -0.047824
vt 0.447553 -0.097978
vt 0.427555 -0.047818
vt 0.427557 -0.097967
vt 0.428381 -0.097983
vt 0.428384 -0.047828
vt 0.408385 -0.047828
vt 0.408382 -0.097983
vt 0.410019 -0.097976
vt 0.410021 -0.047823
vt 0.390021 -0.047823
vt 0.390019 -0.097976
vt 0.392449 -0.097975
vt 0.392449 -0.047825
vt 0.372449 -0.047825
vt 0.372449 -0.097975
vt 0.375630 -0.097977
vt 0.375632 -0.047823
vt 0.355632 -0.047823
vt 0.355630 -0.097977
vt 0.359513 -0.097960
vt 0.359514 -0.047809
vt 0.339513 -0.047807
vt 0.339513 -0.097959
vt 0.344031 -0.097954
vt 0.344031 -0.047802
vt 0.324031 -0.047802
vt 0.324032 -0.097954
vt 0.329110 -0.097981
vt 0.329110 -0.047830
vt 0.309110 -0.047830
vt 0.309110 -0.097981
vt 0.314685 -0.097980
vt 0.314685 -0.047827
vt 0.294685 -0.047827
vt 0.294685 -0.097979
vt 0.300655 -0.097974
vt 0.300655 -0.047821
vt 0.280655 -0.047815
vt 0.280655 -0.097968
vt 0.286933 -0.097957
vt 0.286933 -0.047807
vt 0.266934 -0.047805
vt 0.266933 -0.097955
vt 0.273411 -0.097968
vt 0.273412 -0.047816
vt 0.253412 -0.047815
vt 0.253412 -0.097967
vt 0.260002 -0.097964
vt 0.260002 -0.047812
vt 0.240002 -0.047812
vt 0.240002 -0.097962
vt 0.246585 -0.097965
vt 0.246586 -0.047814
vt 0.226586 -0.047811
vt 0.226585 -0.097962
vt 0.233068 -0.097977
vt 0.233069 -0.047824
vt 0.213069 -0.047823
vt 0.213069 -0.097975
vt 0.219346 -0.097975
vt 0.219346 -0.047824
vt 0.199346 -0.047817
vt 0.199346 -0.097969
vt 0.205316 -0.097954
vt 0.205317 -0.047806
vt 0.185317 -0.047804
vt 0.185317 -0.097953
vt 0.190885 -0.097953
vt 0.190885 -0.047742
vt 0.170885 -0.047792
vt 0.170885 -0.097970
vt 0.175971 -0.097954
vt 0.175970 -0.047667
vt 0.155970 -0.047713
vt 0.155970 -0.097971
vt 0.160488 -0.097942
vt 0.160489 -0.047722
vt 0.140488 -0.047767
vt 0.140488 -0.097962
vt 0.144367 -0.097979
vt 0.144367 -0.047825
vt 0.124367 -0.047824
vt 0.124367 -0.097978
vt 0.127546 -0.098072
vt 0.127546 -0.048203
vt 0.107546 -0.048113
vt 0.107545 -0.098021
vt 0.109976 -0.097957
vt 0.109976 -0.047806
vt 0.089976 -0.047806
vt 0.089976 -0.097957
vt 0.000000 0.000000
vt 0.000000 0.000000
vt 0.000000 0.000000
vt 0.000000 0.000000
vt 0.000000 0.000000
vt 0.000000 0.000000
vt 0.000000 0.000000
vt 0.000000 0.000000
vt 0.000000 0.000000
vt 0.000000 0.000000
vt 0.000000 0.000000
vt 0.000000 0.000000
vt 0.000000 0.000000
vt 0.000000 0.000000
vt 0.000000 0.000000
vt 0.000000 0.000000
vt 0.000000 0.000000
vt 0.000000 0.000000
vt 0.000000 0.000000
vt 0.000000 0.000000
vt 0.000000 0.000000
vt 0.000000 0.000000
vt 0.000000 0.000000
vt 0.000000 0.000000
vt 0.000000 0.000000
vt 0.000000 0.000000
vt 0.000000 0.000000
vt 0.000000 0.000000
vt 0.000000 0.000000
vt 0.000000 0.000000
vt 0.000000 0.000000
vt 0.000000 0.000000
vt 0.000000 0.000000
vt 0.000000 0.000000
vt 0.000000 0.000000
vt 0.000000 0.000000
vt 0.000000 0.000000
vt 0.000000 0.000000
vt 0.000000 0.000000
vt 0.000000 0.000000
vt 0.000000 0.000000
vt 0.000000 0.000000
vt 0.000000 0.000000
vt 0.000000 0.000000
vt 0.000000 0.000000
vt 0.000000 0.000000
vt 0.000000 0.000000
vt 0.000000 0.000000
vt 0.000000 0.000000
vt 0.000000 0.000000
vt 0.000000 0.000000
vt 0.000000 0.000000
vt 0.000000 0.000000
vt 0.000000 0.000000
vt 0.000000 0.000000
vt 0.000000 0.000000
vt 0.000000 0.000000
vt 0.000000 0.000000
vt 0.000000 0.000000
vt 0.000000 0.000000
vt 0.000000 0.000000
vt 0.000000 0.000000
vt 0.000000 0.000000
vt 0.000000 0.000000
vt 0.000000 0.000000
vt 0.000000 0.000000
vt 0.000000 0.000000
vt 0.000000 0.000000
vt 0.000000 0.000000
vt 0.000000 0.000000
vt 0.000000 0.000000
vt 0.000000 0.000000
vt 0.000000 0.000000
vt 0.000000 0.000000
vt 0.000000 0.000000
vt 0.000000 0.000000
vt 0.000000 0.000000
vt 0.000000 0.000000
vt 0.000000 0.000000
vt 0.000000 0.000000
vt 0.000000 0.000000
vt 0.000000 0.000000
vt 0.000000 0.000000
vt 0.000000 0.000000
vt 0.000000 0.000000
vt 0.000000 0.000000
vt 0.000000 0.000000
vt 0.000000 0.000000
vt 0.000000 0.000000
vt 0.000000 0.000000
vt 0.000000 0.000000
vt 0.000000 0.000000
vt 0.000000 0.000000
vt 0.000000 0.000000
vt 0.000000 0.000000
vt 0.000000 0.000000
vt 0.000000 0.000000
vt 0.000000 0.000000
vt 0.000000 0.000000
vt 0.000000 0.000000
vt 0.000000 0.000000
vt 0.000000 0.000000
vt 0.000000 0.000000
vt 0.000000 0.000000
vt 0.000000 0.000000
vt 0.000000 0.000000
vt 0.000000 0.000000
vt 0.000000 0.000000
vt 0.000000 0.000000
vt 0.000000 0.000000
vt 0.000000 0.000000
vt 0.000000 0.000000
vt 0.000000 0.000000
vt 0.000000 0.000000
vt 0.000000 0.000000
vt 0.000000 0.000000
vt 0.000000 0.000000
vt 0.000000 0.000000
vt 0.000000 0.000000
vt 0.000000 0.000000
vt 0.000000 0.000000
vt 0.000000 0.000000
vt 0.000000 0.000000
vt 0.000000 0.000000
vt 0.000000 0.000000
vt 0.000000 0.000000
vt 0.000000 0.000000
vt 0.000000 0.000000
vt 0.000000 0.000000
vt 0.000000 0.000000
vt 0.000000 0.000000
vt 0.000000 0.000000
vt 0.000000 0.000000
vt 0.000000 0.000000
vt 0.000000 0.000000
vt 0.000000 0.000000
vt 0.000000 0.000000
vt 0.000000 0.000000
vt 0.000000 0.000000
vt 0.000000 0.000000
vt 0.000000 0.000000
vt 0.000000 0.000000
vt 0.000000 0.000000
vt 0.000000 0.000000
vt 0.000000 0.000000
vt 0.000000 0.000000
vt 0.000000 0.000000
vt 0.000000 0.000000
vt 0.000000 0.000000
vt 0.000000 0.000000
vt 0.000000 0.000000
vt 0.000000 0.000000
vt 0.000000 0.000000
vt 0.000000 0.000000
vt 0.000000 0.000000
vt 0.000000 0.000000
vt 0.000000 0.000000
vt 0.000000 0.000000
vt 0.000000 0.000000
vt 0.000000 0.000000
vt 0.000000 0.000000
vt 0.000000 0.000000
vt 0.000000 0.000000
vt 0.000000 0.000000
vt 0.000000 0.000000
vt 0.000000 0.000000
vt 0.000000 0.000000
vt 0.000000 0.000000
vt 0.000000 0.000000
vt 0.000000 0.000000
vt 0.000000 0.000000
vt 0.000000 0.000000
vt 0.000000 0.000000
vt 0.000000 0.000000
vt 0.000000 0.000000
vt 0.000000 0.000000
vt 0.000000 0.000000
vt 0.000000 0.000000
vt 0.000000 0.000000
vt 0.000000 0.000000
vt 0.000000 0.000000
vt 0.000000 0.000000
vt 0.000000 0.000000
vt 0.000000 0.000000
vt 0.000000 0.000000
vt 0.000000 0.000000
vt 0.000000 0.000000
vt 0.000000 0.000000
vt 0.000000 0.000000
vt 0.000000 0.000000
vt 0.000000 0.000000
vt 0.000000 0.000000
vt 0.000000 0.000000
vt 0.000000 0.000000
vt 0.000000 0.000000
vt 0.000000 0.000000
vt 0.000000 0.000000
vt 0.000000 0.000000
vt 0.000000 0.000000
vt 0.000000 0.000000
vt 0.000000 0.000000
vt 0.000000 0.000000
vt 0.000000 0.000000
vt 0.000000 0.000000
vt 0.000000 0.000000
vt 0.000000 0.000000
vt 0.000000 0.000000
vt 0.000000 0.000000
vt 0.000000 0.000000
vt 0.000000 0.000000
vt 0.000000 0.000000
vt 0.000000 0.000000
vt 0.000000 0.000000
vt 0.000000 0.000000
vt 0.000000 0.000000
vt 0.000000 0.000000
vt 0.000000 0.000000
vt 0.000000 0.000000
vt 0.000000 0.000000
vt 0.000000 0.000000
vt 0.000000 0.000000
vt 0.000000 0.000000
vt 0.000000 0.000000
vt 0.000000 0.000000
vt 0.000000 0.000000
vt 0.000000 0.000000
vt 0.000000 0.000000
vt 0.000000 0.000000
vt 0.000000 0.000000
vt 0.000000 0.000000
vt 0.000000 0.000000
vt 0.000000 0.000000
vt 0.000000 0.000000
vt 0.000000 0.000000
vt 0.000000 0.000000
vt 0.000000 0.000000
vt 0.000000 0.000000
vt 0.000000 0.000000
vt 0.000000 0.000000
vt 0.000000 0.000000
vt 0.000000 0.000000
vt 0.000000 0.000000
vt 0.000000 0.000000
vt 0.000000 0.000000
vt 0.000000 0.000000
vt 0.000000 0.000000
vt 0.000000 0.000000
vt 0.000000 0.000000
vt 0.000000 0.000000
vt 0.000000 0.000000
vt 0.000000 0.000000
vt 0.000000 0.000000
vt 0.000000 0.000000
vt 0.000000 0.000000
vt 0.000000 0.000000
vt 0.000000 0.000000
vt 0.000000 0.000000
vt 0.000000 0.000000
vt 0.000000 0.000000
vt 0.000000 0.000000
vt 0.000000 0.000000
vt 0.000000 0.000000
vt 0.000000 0.000000
vt 0.000000 0.000000
vt 0.000000 0.000000
vt 0.000000 0.000000
vt 0.000000 0.000000
vt 0.000000 0.000000
vt 0.000000 0.000000
vt 0.000000 0.000000
vt 0.000000 0.000000
vt 0.000000 0.000000
vt 0.000000 0.000000
vt 0.000000 0.000000
vt 0.000000 0.000000
vt 0.000000 0.000000
vt 0.000000 0.000000
vt 0.000000 0.000000
vt 0.000000 0.000000
vt 0.000000 0.000000
vt 0.000000 0.000000
vt 0.000000 0.000000
vt 0.000000 0.000000
vt 0.000000 0.000000
vt 0.000000 0.000000
vt 0.000000 0.000000
vt 0.000000 0.000000
vt 0.000000 0.000000
vt 0.000000 0.000000
vt 0.000000 0.000000
vt 0.000000 0.000000
vt 0.000000 0.000000
vt 0.000000 0.000000
vt 0.000000 0.000000
vt 0.000000 0.000000
vt 0.000000 0.000000
vt 0.000000 0.000000
vt 0.000000 0.000000
vt 0.000000 0.000000
vt 0.000000 0.000000
vt 0.000000 0.000000
vt 0.000000 0.000000
vt 0.000000 0.000000
vt 0.000000 0.000000
vt 0.000000 0.000000
vt 0.000000 0.000000
vt 0.000000 0.000000
vt 0.000000 0.000000
vt 0.000000 0.000000
vt 0.000000 0.000000
vt 0.000000 0.000000
vt 0.000000 0.000000
vt 0.000000 0.000000
vt 0.000000 0.000000
vt 0.000000 0.000000
vt 0.000000 0.000000
vt 0.000000 0.000000
vt 0.000000 0.000000
vt 0.000000 0.000000
vt 0.000000 0.000000
vt 0.000000 0.000000
vt 0.000000 0.000000
vt 0.000000 0.000000
vt 0.000000 0.000000
vt 0.000000 0.000000
vt 0.000000 0.000000
vt 0.000000 0.000000
vt 0.000000 0.000000
vt 0.000000 0.000000
vt 0.000000 0.000000
vt 0.000000 0.000000
vt 0.000000 0.000000
vt 0.000000 0.000000
vt 0.000000 0.000000
vt 0.000000 0.000000
vt 0.000000 0.000000
vt 0.000000 0.000000
vt 0.000000 0.000000
vt 0.000000 0.000000
vt 0.000000 0.000000
vt 0.000000 0.000000
vt 0.000000 0.000000
vt 0.000000 0.000000
vt 0.000000 0.000000
vt 0.000000 0.000000
vt 0.000000 0.000000
vt 0.000000 0.000000
vt 0.000000 0.000000
vt 0.000000 0.000000
vt 0.000000 0.000000
vt 0.000000 0.000000
vt 0.000000 0.000000
vt 0.000000 0.000000
vt 0.000000 0.000000
vt 0.000000 0.000000
vt 0.000000 0.000000
vt 0.000000 0.000000
vt 0.000000 0.000000
vt 0.000000 0.000000
vt 0.000000 0.000000
vt 0.000000 0.000000
vt 0.000000 0.000000
vt 0.000000 0.000000
vt 0.000000 0.000000
vt 0.000000 0.000000
vt 0.000000 0.000000
vt 0.000000 0.000000
vt 0.000000 0.000000
vt 0.000000 0.000000
vt 0.000000 0.000000
vt 0.000000 0.000000
vt 0.000000 0.000000
vt 0.000000 0.000000
vt 0.000000 0.000000
vt 0.000000 0.000000
vt 0.000000 0.000000
vt 0.000000 0.000000
vt 0.000000 0.000000
vt 0.000000 0.000000
vt 0.000000 0.000000
vt 0.000000 0.000000
vt 0.000000 0.000000
vt 0.000000 0.000000
vt 0.000000 0.000000
vt 0.000000 0.000000
vt 0.000000 0.000000
vt 0.000000 0.000000
vt 0.000000 0.000000
vt 0.000000 0.000000
vt 0.000000 0.000000
vt 0.000000 0.000000
vt 0.000000 0.000000
vt 0.000000 0.000000
vt 0.000000 0.000000
vt 0.000000 0.000000
vt 0.000000 0.000000
vt 0.000000 0.000000
vt 0.000000 0.000000
vt 0.000000 0.000000
vt 0.000000 0.000000
vt 0.000000 0.000000
vt 0.000000 0.000000
vt 0.000000 0.000000
vt 0.000000 0.000000
vt 0.000000 0.000000
vt 0.000000 0.000000
vt 0.000000 0.000000
vt 0.000000 0.000000
vt 0.000000 0.000000
vt 0.000000 0.000000
vt 0.000000 0.000000
vt 0.000000 0.000000
vt 0.000000 0.000000
vt 0.000000 0.000000
vt 0.000000 0.000000
vt 0.000000 0.000000
vt 0.000000 0.000000
vt 0.000000 0.000000
vt 0.000000 0.000000
vt 0.000000 0.000000
vt 0.000000 0.000000
vt 0.000000 0.000000
vt 0.000000 0.000000
vt 0.000000 0.000000
vt 0.000000 0.000000
vt 0.000000 0.000000
vt 0.000000 0.000000
vt 0.000000 0.000000
vn -1.0000 0.0000 0.0000
vn 0.0000 0.0000 -1.0000
vn 1.0000 0.0000 0.0000
vn 0.0000 1.0000 0.0000
vn 0.0000 -1.0000 0.0000
vn 0.9980 0.0628 0.0000
vn 0.0000 0.0000 1.0000
vn 0.9980 -0.0628 0.0000
vn 0.0000 0.0628 0.9980
vn 0.0000 -0.0628 0.9980
vn 1.0000 0.0001 0.0001
vn 1.0000 -0.0001 0.0001
vn -1.0000 -0.0001 0.0000
vn -1.0000 0.0001 0.0000
vn 1.0000 0.0001 -0.0001
vn 1.0000 -0.0001 -0.0001
vn -1.0000 0.0000 0.0001
vn 0.2100 -0.0614 0.9758
vn 0.2100 0.0614 0.9758
vn 0.2657 -0.1806 0.9470
vn 0.0000 -0.1874 0.9823
vn 0.3435 -0.2902 0.8932
vn 0.0000 -0.3090 0.9511
vn 1.0000 0.0000 -0.0001
vn 1.0000 0.0000 0.0001
vn 0.9511 -0.3090 0.0000
vn 0.9823 -0.1875 0.0000
vn 0.9048 -0.4258 0.0000
vn 0.8443 -0.5358 0.0000
vn 0.0000 -0.5358 0.8443
vn 0.0000 -0.4258 0.9048
vn -1.0000 -0.0001 0.0001
vn 0.4215 -0.3861 0.8205
vn 0.4908 -0.4669 0.7356
vn 0.5490 -0.5328 0.6440
vn 0.0000 -0.6374 0.7705
vn 0.5961 -0.5853 0.5496
vn 0.0000 -0.7290 0.6846
vn 0.0000 -0.7290 0.6845
vn 0.6846 -0.7290 0.0000
vn 0.7705 -0.6374 0.0000
vn 0.5878 -0.8090 0.0000
vn 0.4818 -0.8763 0.0000
vn 0.0000 -0.8763 0.4818
vn 0.0000 -0.8090 0.5878
vn 1.0000 -0.0001 0.0000
vn 1.0000 0.0001 -0.0000
vn 0.6332 -0.6262 0.4550
vn 0.6614 -0.6572 0.3613
vn 0.6821 -0.6799 0.2692
vn 0.0000 -0.9298 0.3681
vn 0.6962 -0.6953 0.1785
vn -0.0000 -0.9686 0.2487
vn 0.2487 -0.9686 0.0000
vn 0.3681 -0.9298 0.0000
vn 0.1253 -0.9921 0.0000
vn 0.0000 -0.9921 0.1253
vn 0.0000 -0.9921 0.1254
vn 0.7044 -0.7042 0.0890
vn 0.7071 -0.7071 0.0000
vn 0.7044 -0.7042 -0.0890
vn -0.0000 -0.9921 -0.1253
vn 0.6963 -0.6952 -0.1785
vn -0.0000 -0.9686 -0.2487
vn 0.0000 -0.9921 -0.1254
vn -0.2487 -0.9686 0.0000
vn -0.1253 -0.9921 0.0000
vn -0.3681 -0.9298 0.0000
vn -0.4818 -0.8763 0.0000
vn 0.0000 -0.8763 -0.4817
vn 0.0000 -0.9298 -0.3681
vn 0.0000 -0.8763 -0.4818
vn 0.6822 -0.6799 -0.2692
vn 0.6615 -0.6572 -0.3613
vn 0.6332 -0.6262 -0.4549
vn 0.0000 -0.8090 -0.5878
vn 0.5962 -0.5853 -0.5496
vn 0.0000 -0.7290 -0.6845
vn 0.0000 -0.7290 -0.6846
vn -0.6846 -0.7290 0.0000
vn -0.5878 -0.8090 0.0000
vn -0.7705 -0.6374 0.0000
vn -0.8444 -0.5358 0.0000
vn 0.0000 -0.5358 -0.8443
vn 0.0000 -0.6374 -0.7705
vn -1.0000 0.0000 -0.0001
vn 0.5490 -0.5328 -0.6440
vn 0.4908 -0.4668 -0.7356
vn 0.4214 -0.3861 -0.8206
vn 0.0000 -0.4258 -0.9048
vn 0.3436 -0.2902 -0.8932
vn 0.0000 -0.3090 -0.9511
vn -0.9510 -0.3091 0.0000
vn -0.9049 -0.4257 0.0000
vn -0.9823 -0.1875 0.0000
vn -0.9980 -0.0627 0.0000
vn -0.0000 -0.0628 -0.9980
vn 0.0000 -0.1874 -0.9823
vn -1.0000 -0.0001 -0.0001
vn 0.2657 -0.1806 -0.9470
vn 0.2099 -0.0614 -0.9758
vn 0.2099 0.0614 -0.9758
vn 0.0000 0.0628 -0.9980
vn 0.2657 0.1806 -0.9470
vn 0.0000 0.1874 -0.9823
vn -1.0000 0.0001 -0.0001
vn -0.9823 0.1875 0.0000
vn -0.9980 0.0627 0.0000
vn -0.9510 0.3091 0.0000
vn -0.9049 0.4257 0.0000
vn 0.0000 0.4258 -0.9048
vn 0.0000 0.3090 -0.9510
vn 0.0000 0.3090 -0.9511
vn 0.3436 0.2902 -0.8932
vn 0.4214 0.3861 -0.8206
vn 0.4908 0.4668 -0.7357
vn 0.0000 0.5358 -0.8443
vn 0.5490 0.5328 -0.6440
vn 0.0000 0.6374 -0.7705
vn 0.0000 0.5359 -0.8443
vn -0.7705 0.6374 0.0000
vn -0.8444 0.5358 0.0000
vn -0.6846 0.7290 0.0000
vn -0.5878 0.8090 0.0000
vn 0.0000 0.8090 -0.5878
vn 0.0000 0.7290 -0.6845
vn 0.0000 0.7289 -0.6846
vn 0.5962 0.5853 -0.5496
vn 0.6332 0.6262 -0.4550
vn 0.6615 0.6572 -0.3613
vn 0.0000 0.8763 -0.4818
vn 0.6821 0.6799 -0.2692
vn 0.0000 0.9298 -0.3680
vn 0.0000 0.9298 -0.3681
vn 0.0000 0.8763 -0.4817
vn -0.3681 0.9298 0.0000
vn -0.4818 0.8763 0.0000
vn -0.2486 0.9686 0.0000
vn -0.1253 0.9921 0.0000
vn 0.0000 0.9921 -0.1253
vn 0.0000 0.9686 -0.2487
vn 0.0000 0.9921 -0.1254
vn 0.0000 0.9686 -0.2488
vn 0.6962 0.6953 -0.1785
vn 0.7044 0.7042 -0.0890
vn 0.7071 0.7071 0.0000
vn 0.7044 0.7042 0.0890
vn 0.0000 0.9921 0.1253
vn 0.0000 0.9921 0.1254
vn 0.1253 0.9921 0.0000
vn 0.2486 0.9686 0.0000
vn 0.3681 0.9298 0.0000
vn 0.0000 0.9298 0.3681
vn 0.0000 0.9686 0.2487
vn 0.0000 0.9298 0.3680
vn 0.0000 0.9686 0.2488
vn 0.6962 0.6952 0.1785
vn 0.6821 0.6799 0.2692
vn 0.6615 0.6572 0.3613
vn 0.0000 0.8763 0.4818
vn 0.6332 0.6262 0.4550
vn 0.0000 0.8090 0.5878
vn 0.0000 0.8763 0.4817
vn 0.5878 0.8090 0.0000
vn 0.4818 0.8763 0.0000
vn 0.6846 0.7290 0.0000
vn 0.7705 0.6374 0.0000
vn 0.0000 0.6374 0.7705
vn 0.0000 0.7290 0.6845
vn 0.0000 0.7289 0.6846
vn -1.0000 0.0001 0.0001
vn 0.0000 0.7290 0.6846
vn 0.5962 0.5853 0.5496
vn 0.5490 0.5328 0.6440
vn 0.4908 0.4668 0.7356
vn 0.0000 0.5358 0.8443
vn 0.4214 0.3861 0.8205
vn 0.0000 0.4258 0.9048
vn 0.0000 0.5359 0.8443
vn 0.9048 0.4258 0.0000
vn 0.8443 0.5358 0.0000
vn 0.9511 0.3090 0.0000
vn 0.9823 0.1875 0.0000
vn 0.0000 0.1874 0.9823
vn 0.0000 0.3090 0.9511
vn 0.3435 0.2902 0.8932
vn 0.2657 0.1806 0.9470
vn 0.7128 0.0000 -0.7014
vn 0.2100 -0.0614 -0.9758
vn 0.2100 0.0614 -0.9758
vn 0.3435 -0.2902 -0.8932
vn 0.8444 -0.5358 0.0000
vn 0.4214 -0.3861 -0.8205
vn 0.4908 -0.4669 -0.7356
vn 0.5961 -0.5853 -0.5496
vn 0.6845 -0.7290 0.0000
vn 0.6332 -0.6262 -0.4550
vn 0.6614 -0.6572 -0.3613
vn 0.6962 -0.6952 -0.1785
vn 0.0000 -0.8763 0.4817
vn 0.6822 -0.6799 0.2692
vn 0.6615 -0.6572 0.3613
vn 0.6332 -0.6262 0.4549
vn 0.5962 -0.5853 0.5496
vn -0.6845 -0.7290 0.0000
vn 0.4908 -0.4668 0.7356
vn 0.4214 -0.3861 0.8206
vn -0.9823 -0.1874 0.0000
vn -0.9823 0.1874 0.0000
vn 0.0000 0.3090 0.9510
vn 0.4214 0.3861 0.8206
vn 0.4908 0.4668 0.7357
vn -0.6845 0.7290 0.0000
vn 0.5961 0.5853 0.5496
vn 0.6962 0.6953 0.1785
vn 0.6962 0.6952 -0.1785
vn 0.6614 0.6572 -0.3613
vn 0.6845 0.7290 0.0000
vn 0.0000 0.7290 -0.6846
vn 0.5962 0.5852 -0.5496
vn 0.4908 0.4669 -0.7356
vn 0.4215 0.3861 -0.8205
vn 0.8444 0.5358 0.0000
vn 0.3435 0.2902 -0.8932
vn 0.0023 0.8483 -0.5295
vn -0.1040 0.8456 -0.5235
vn -0.0903 0.7150 0.6932
vn 0.0000 0.7207 0.6932
vn -0.2099 0.8302 -0.5165
vn -0.1792 0.6980 0.6932
vn -0.3137 0.8019 -0.5084
vn -0.2653 0.6701 0.6932
vn -0.4140 0.7612 -0.4992
vn -0.3472 0.6316 0.6932
vn -0.5093 0.7083 -0.4888
vn -0.4236 0.5831 0.6932
vn -0.5981 0.6438 -0.4772
vn -0.4933 0.5254 0.6932
vn -0.6792 0.5683 -0.4645
vn -0.5553 0.4594 0.6932
vn -0.7509 0.4828 -0.4506
vn -0.6085 0.3862 0.6932
vn -0.8120 0.3882 -0.4357
vn -0.6521 0.3069 0.6932
vn -0.8613 0.2857 -0.4202
vn -0.6854 0.2227 0.6932
vn -0.8974 0.1768 -0.4042
vn -0.7079 0.1350 0.6932
vn -0.9193 0.0632 -0.3884
vn -0.7193 0.0452 0.6932
vn -0.9262 -0.0533 -0.3732
vn -0.7192 -0.0452 0.6933
vn -0.9174 -0.1706 -0.3594
vn -0.7079 -0.1350 0.6932
vn -0.8928 -0.2864 -0.3476
vn -0.6854 -0.2227 0.6932
vn -0.8525 -0.3984 -0.3385
vn -0.6521 -0.3069 0.6933
vn -0.7970 -0.5041 -0.3325
vn -0.6085 -0.3862 0.6932
vn -0.7274 -0.6015 -0.3302
vn -0.5553 -0.4594 0.6933
vn -0.6450 -0.6884 -0.3317
vn -0.4934 -0.5253 0.6932
vn -0.5516 -0.7631 -0.3367
vn -0.4236 -0.5831 0.6932
vn -0.4492 -0.8240 -0.3451
vn -0.3472 -0.6316 0.6932
vn -0.3401 -0.8702 -0.3563
vn -0.2653 -0.6701 0.6932
vn -0.2264 -0.9011 -0.3697
vn -0.1792 -0.6980 0.6932
vn -0.1105 -0.9164 -0.3846
vn -0.0903 -0.7150 0.6932
vn 0.0055 -0.9163 -0.4004
vn 0.0000 -0.7207 0.6932
vn 0.1194 -0.9013 -0.4163
vn 0.0903 -0.7150 0.6932
vn 0.2296 -0.8721 -0.4320
vn 0.1792 -0.6980 0.6932
vn 0.3342 -0.8297 -0.4471
vn 0.2653 -0.6701 0.6932
vn 0.4319 -0.7751 -0.4612
vn 0.3472 -0.6316 0.6932
vn 0.5213 -0.7095 -0.4742
vn 0.4236 -0.5831 0.6932
vn 0.6014 -0.6340 -0.4861
vn 0.4933 -0.5253 0.6932
vn 0.6713 -0.5501 -0.4967
vn 0.5553 -0.4594 0.6932
vn 0.7300 -0.4590 -0.5062
vn 0.6085 -0.3862 0.6932
vn 0.7772 -0.3622 -0.5146
vn 0.6521 -0.3069 0.6932
vn 0.8121 -0.2609 -0.5218
vn 0.6854 -0.2227 0.6932
vn 0.8346 -0.1567 -0.5281
vn 0.7080 -0.1350 0.6932
vn 0.8443 -0.0510 -0.5334
vn 0.7193 -0.0452 0.6932
vn 0.8413 0.0546 -0.5377
vn 0.7193 0.0452 0.6933
vn 0.8256 0.1589 -0.5413
vn 0.7079 0.1350 0.6932
vn 0.7977 0.2603 -0.5440
vn 0.6854 0.2227 0.6932
vn 0.7578 0.3573 -0.5459
vn 0.6521 0.3068 0.6933
vn 0.7065 0.4488 -0.5471
vn 0.6085 0.3862 0.6932
vn 0.6447 0.5334 -0.5475
vn 0.5553 0.4594 0.6932
vn 0.5731 0.6099 -0.5473
vn 0.4933 0.5254 0.6932
vn 0.4928 0.6772 -0.5463
vn 0.4236 0.5831 0.6932
vn 0.4049 0.7345 -0.5445
vn 0.3472 0.6316 0.6932
vn 0.3106 0.7808 -0.5420
vn 0.2653 0.6701 0.6932
vn 0.2111 0.8156 -0.5387
vn 0.1792 0.6980 0.6932
vn 0.1079 0.8382 -0.5345
vn 0.0903 0.7150 0.6932
vn -0.0022 0.2855 -0.9583
vn -0.0394 0.2913 -0.9558
vn 0.0330 0.2763 -0.9605
vn 0.0083 0.0678 -0.9977
vn -0.0003 0.0692 -0.9976
vn -0.0091 0.0696 -0.9975
vn 0.0662 0.2641 -0.9622
vn 0.0166 0.0655 -0.9977
vn 0.0973 0.2491 -0.9636
vn 0.0245 0.0623 -0.9977
vn 0.1263 0.2315 -0.9646
vn 0.0319 0.0583 -0.9978
vn 0.1530 0.2116 -0.9653
vn 0.0388 0.0535 -0.9978
vn 0.1776 0.1895 -0.9657
vn 0.0451 0.0481 -0.9978
vn 0.1998 0.1652 -0.9658
vn 0.0508 0.0420 -0.9978
vn 0.2196 0.1390 -0.9656
vn 0.0557 0.0353 -0.9978
vn 0.2370 0.1108 -0.9651
vn 0.0599 0.0281 -0.9978
vn 0.2519 0.0808 -0.9644
vn 0.0634 0.0204 -0.9978
vn 0.2640 0.0490 -0.9633
vn 0.0659 0.0124 -0.9977
vn 0.2731 0.0156 -0.9618
vn 0.0676 0.0040 -0.9977
vn 0.2792 -0.0195 -0.9600
vn 0.0684 -0.0045 -0.9976
vn 0.2819 -0.0561 -0.9578
vn 0.0681 -0.0133 -0.9976
vn 0.2809 -0.0941 -0.9551
vn 0.0669 -0.0221 -0.9975
vn 0.2759 -0.1332 -0.9519
vn 0.0646 -0.0308 -0.9974
vn 0.2664 -0.1732 -0.9481
vn 0.0613 -0.0394 -0.9973
vn 0.2522 -0.2137 -0.9438
vn 0.0569 -0.0476 -0.9972
vn 0.2327 -0.2541 -0.9387
vn 0.0514 -0.0554 -0.9971
vn 0.2076 -0.2938 -0.9330
vn 0.0449 -0.0626 -0.9970
vn 0.1767 -0.3320 -0.9266
vn 0.0374 -0.0690 -0.9969
vn 0.1397 -0.3676 -0.9194
vn 0.0290 -0.0745 -0.9968
vn 0.0967 -0.3994 -0.9116
vn 0.0198 -0.0790 -0.9967
vn 0.0480 -0.4261 -0.9034
vn 0.0099 -0.0822 -0.9966
vn -0.0058 -0.4463 -0.8948
vn -0.0004 -0.0841 -0.9964
vn -0.0635 -0.4586 -0.8863
vn -0.0110 -0.0846 -0.9963
vn -0.1239 -0.4619 -0.8782
vn -0.0218 -0.0836 -0.9962
vn -0.1851 -0.4552 -0.8709
vn -0.0324 -0.0811 -0.9962
vn -0.2450 -0.4383 -0.8647
vn -0.0426 -0.0771 -0.9961
vn -0.3017 -0.4111 -0.8602
vn -0.0522 -0.0716 -0.9961
vn -0.3531 -0.3743 -0.8574
vn -0.0609 -0.0647 -0.9960
vn -0.3974 -0.3290 -0.8566
vn -0.0685 -0.0567 -0.9960
vn -0.4330 -0.2766 -0.8578
vn -0.0749 -0.0477 -0.9960
vn -0.4588 -0.2189 -0.8611
vn -0.0800 -0.0378 -0.9961
vn -0.4741 -0.1581 -0.8661
vn -0.0835 -0.0273 -0.9961
vn -0.4788 -0.0961 -0.8726
vn -0.0855 -0.0166 -0.9962
vn -0.4733 -0.0350 -0.8802
vn -0.0860 -0.0057 -0.9963
vn -0.4585 0.0232 -0.8884
vn -0.0849 0.0049 -0.9964
vn -0.4354 0.0771 -0.8969
vn -0.0824 0.0153 -0.9965
vn -0.4055 0.1256 -0.9054
vn -0.0786 0.0251 -0.9966
vn -0.3703 0.1680 -0.9136
vn -0.0735 0.0341 -0.9967
vn -0.3313 0.2039 -0.9212
vn -0.0674 0.0423 -0.9968
vn -0.2898 0.2333 -0.9282
vn -0.0605 0.0494 -0.9969
vn -0.2470 0.2563 -0.9345
vn -0.0528 0.0556 -0.9970
vn -0.2038 0.2734 -0.9400
vn -0.0446 0.0606 -0.9972
vn -0.1610 0.2850 -0.9449
vn -0.0360 0.0645 -0.9973
vn -0.1191 0.2915 -0.9491
vn -0.0271 0.0673 -0.9973
vn -0.0784 0.2935 -0.9527
vn -0.0181 0.0690 -0.9974
vn 0.0000 0.8567 -0.5158
vn -0.1074 0.8499 -0.5158
vn -0.0903 0.7150 -0.6932
vn 0.0000 0.7207 -0.6932
vn 0.0903 0.7150 -0.6932
vn -0.3015 -0.3015 -0.9045
vn 0.5773 -0.5773 -0.5773
vn 0.3015 0.3015 -0.9045
vn -0.0903 -0.7150 -0.6932
vn -0.1792 -0.6980 -0.6932
vn -0.2653 -0.6701 -0.6932
vn -0.3472 -0.6316 -0.6932
vn -0.4236 -0.5831 -0.6932
vn -0.4933 -0.5253 -0.6932
vn -0.5553 -0.4594 -0.6932
vn -0.6085 -0.3862 -0.6932
vn -0.6521 -0.3068 -0.6932
vn -0.6854 -0.2227 -0.6932
vn -0.7079 -0.1350 -0.6932
vn -0.7193 -0.0452 -0.6932
vn -0.7193 0.0452 -0.6932
vn -0.7079 0.1350 -0.6932
vn -0.6854 0.2227 -0.6932
vn -0.6521 0.3068 -0.6932
vn -0.6085 0.3862 -0.6932
vn -0.5553 0.4594 -0.6932
vn -0.4933 0.5253 -0.6932
vn -0.4236 0.5831 -0.6932
vn -0.3472 0.6316 -0.6932
vn -0.2653 0.6701 -0.6932
vn -0.1792 0.6980 -0.6932
vn 0.1074 0.8499 -0.5158
vn 0.0300 0.2374 -0.9709
vn 0.0000 0.2393 -0.9709
vn -0.0300 0.2374 -0.9709
vn 0.2130 0.8298 -0.5158
vn 0.0595 0.2318 -0.9709
vn 0.1792 0.6980 -0.6932
vn 0.3154 0.7965 -0.5158
vn 0.0881 0.2225 -0.9709
vn 0.4127 0.7507 -0.5158
vn 0.1153 0.2097 -0.9709
vn 0.5036 0.6931 -0.5158
vn 0.1407 0.1936 -0.9709
vn 0.5864 0.6245 -0.5158
vn 0.1638 0.1744 -0.9709
vn 0.6601 0.5461 -0.5158
vn 0.1844 0.1526 -0.9709
vn 0.7233 0.4590 -0.5158
vn 0.2021 0.1282 -0.9709
vn 0.7752 0.3647 -0.5158
vn 0.2165 0.1019 -0.9709
vn 0.8148 0.2647 -0.5158
vn 0.2276 0.0739 -0.9709
vn 0.8415 0.1605 -0.5158
vn 0.2351 0.0448 -0.9709
vn 0.8550 0.0538 -0.5158
vn 0.2389 0.0150 -0.9709
vn 0.8550 -0.0538 -0.5158
vn 0.2389 -0.0150 -0.9709
vn 0.8415 -0.1605 -0.5158
vn 0.2351 -0.0448 -0.9709
vn 0.8148 -0.2647 -0.5158
vn 0.2276 -0.0739 -0.9709
vn 0.7752 -0.3648 -0.5158
vn 0.2165 -0.1019 -0.9709
vn 0.7233 -0.4590 -0.5158
vn 0.2021 -0.1282 -0.9709
vn 0.6601 -0.5461 -0.5158
vn 0.1844 -0.1525 -0.9709
vn 0.5864 -0.6245 -0.5158
vn 0.1638 -0.1744 -0.9709
vn 0.5036 -0.6931 -0.5158
vn 0.1407 -0.1936 -0.9709
vn 0.4127 -0.7507 -0.5158
vn 0.1153 -0.2097 -0.9709
vn 0.3153 -0.7965 -0.5158
vn 0.0881 -0.2225 -0.9709
vn 0.2130 -0.8298 -0.5158
vn 0.0595 -0.2318 -0.9709
vn 0.1074 -0.8499 -0.5158
vn 0.0300 -0.2374 -0.9709
vn 0.0000 -0.8567 -0.5158
vn 0.0000 -0.2393 -0.9709
vn -0.1074 -0.8499 -0.5158
vn -0.0300 -0.2374 -0.9709
vn -0.2130 -0.8298 -0.5158
vn -0.0595 -0.2318 -0.9709
vn -0.3154 -0.7965 -0.5158
vn -0.0881 -0.2225 -0.9709
vn -0.4127 -0.7507 -0.5158
vn -0.1153 -0.2097 -0.9709
vn -0.5036 -0.6931 -0.5158
vn -0.1407 -0.1936 -0.9709
vn -0.5864 -0.6245 -0.5158
vn -0.1638 -0.1744 -0.9709
vn -0.6601 -0.5461 -0.5158
vn -0.1844 -0.1525 -0.9709
vn -0.7233 -0.4590 -0.5158
vn -0.2021 -0.1282 -0.9709
vn -0.7752 -0.3648 -0.5158
vn -0.2165 -0.1019 -0.9709
vn -0.8148 -0.2647 -0.5158
vn -0.2276 -0.0739 -0.9709
vn -0.8415 -0.1605 -0.5158
vn -0.2351 -0.0448 -0.9709
vn -0.8550 -0.0538 -0.5158
vn -0.2388 -0.0150 -0.9709
vn -0.8550 0.0538 -0.5158
vn -0.2388 0.0150 -0.9709
vn -0.8415 0.1605 -0.5158
vn -0.2351 0.0448 -0.9709
vn -0.8148 0.2647 -0.5158
vn -0.2276 0.0739 -0.9709
vn -0.7752 0.3648 -0.5158
vn -0.2165 0.1019 -0.9709
vn -0.7233 0.4590 -0.5158
vn -0.2021 0.1282 -0.9709
vn -0.6601 0.5461 -0.5158
vn -0.1844 0.1526 -0.9709
vn -0.5864 0.6245 -0.5158
vn -0.1638 0.1744 -0.9709
vn -0.5036 0.6931 -0.5158
vn -0.1407 0.1936 -0.9709
vn -0.4127 0.7507 -0.5158
vn -0.1153 0.2097 -0.9709
vn -0.3154 0.7965 -0.5158
vn -0.0881 0.2225 -0.9709
vn -0.2130 0.8298 -0.5158
vn -0.0595 0.2318 -0.9709
vn 0.0000 -0.7207 -0.6932
vn 0.0903 -0.7150 -0.6932
vn 0.1792 -0.6980 -0.6932
vn 0.2653 -0.6701 -0.6932
vn 0.3472 -0.6316 -0.6932
vn 0.4236 -0.5831 -0.6932
vn 0.4933 -0.5253 -0.6932
vn 0.5553 -0.4594 -0.6932
vn 0.6085 -0.3862 -0.6932
vn 0.6521 -0.3068 -0.6932
vn 0.6854 -0.2227 -0.6932
vn 0.7079 -0.1350 -0.6932
vn 0.7193 -0.0453 -0.6932
vn 0.7193 0.0453 -0.6932
vn 0.7079 0.1350 -0.6932
vn 0.6854 0.2227 -0.6932
vn 0.6521 0.3068 -0.6932
vn 0.6085 0.3862 -0.6932
vn 0.5553 0.4594 -0.6932
vn 0.4933 0.5253 -0.6932
vn 0.4236 0.5831 -0.6932
vn 0.3472 0.6316 -0.6932
vn 0.2653 0.6701 -0.6932
vn -0.5773 0.5773 -0.5773
vn -0.1041 0.8456 -0.5235
vn -0.2099 0.8302 -0.5164
vn -0.5982 0.6438 -0.4772
vn -0.4934 0.5253 0.6932
vn -0.6521 0.3069 0.6933
vn -0.7079 0.1350 0.6933
vn -0.9193 0.0631 -0.3884
vn -0.7193 -0.0452 0.6932
vn -0.9174 -0.1705 -0.3594
vn -0.6521 -0.3068 0.6933
vn -0.6085 -0.3861 0.6932
vn -0.7273 -0.6016 -0.3302
vn -0.5553 -0.4594 0.6932
vn -0.6450 -0.6885 -0.3316
vn -0.4933 -0.5253 0.6933
vn -0.4493 -0.8240 -0.3451
vn -0.1104 -0.9164 -0.3846
vn 0.1195 -0.9013 -0.4163
vn 0.5213 -0.7094 -0.4742
vn 0.8121 -0.2609 -0.5219
vn 0.7079 -0.1350 0.6933
vn 0.8413 0.0546 -0.5378
vn 0.8257 0.1589 -0.5412
vn 0.7578 0.3574 -0.5459
vn 0.6521 0.3069 0.6932
vn 0.6447 0.5334 -0.5476
vn 0.4933 0.5253 0.6932
vn 0.3472 0.6315 0.6932
vn 0.3106 0.7809 -0.5420
vn -0.0394 0.2914 -0.9558
vn 0.2518 0.0808 -0.9644
vn 0.2732 0.0156 -0.9618
vn 0.1767 -0.3320 -0.9265
vn -0.1239 -0.4618 -0.8782
vn -0.1850 -0.4552 -0.8709
vn -0.2450 -0.4383 -0.8648
vn -0.3018 -0.4111 -0.8601
vn -0.3532 -0.3743 -0.8574
vn -0.4330 -0.2766 -0.8579
vn -0.0750 -0.0477 -0.9960
vn -0.4789 -0.0961 -0.8726
vn -0.4734 -0.0351 -0.8801
vn -0.4353 0.0771 -0.8969
vn -0.4054 0.1256 -0.9054
vn -0.4236 0.5830 0.6932
vn -0.4933 0.5253 0.6932
vn -0.7193 -0.0453 0.6932
vn -0.6521 -0.3068 0.6932
vn -0.4933 -0.5253 0.6932
vn 0.4934 -0.5253 0.6932
vn 0.6521 -0.3068 0.6932
vn 0.7079 -0.1350 0.6932
vn 0.7193 -0.0453 0.6932
vn 0.7193 0.0452 0.6932
vn 0.6521 0.3068 0.6932
vn 0.4236 0.5830 0.6932
vn 0.3153 0.7965 -0.5158
vn 0.7752 0.3648 -0.5158
vn 0.2388 0.0150 -0.9709
vn 0.7752 -0.3647 -0.5158
vn 0.1844 -0.1526 -0.9709
vn -0.1844 -0.1526 -0.9709
vn -0.2389 -0.0150 -0.9709
vn -0.7751 0.3648 -0.5158
vn -0.3153 0.7965 -0.5158
vn 0.0023 0.8483 0.5295
vn -0.1040 0.8456 0.5235
vn -0.2099 0.8302 0.5165
vn -0.3137 0.8019 0.5084
vn -0.4140 0.7612 0.4992
vn -0.5093 0.7083 0.4888
vn -0.4933 0.5254 -0.6932
vn -0.5981 0.6438 0.4772
vn -0.6792 0.5683 0.4645
vn -0.7509 0.4828 0.4506
vn -0.6521 0.3069 -0.6932
vn -0.8120 0.3882 0.4357
vn -0.8613 0.2857 0.4202
vn -0.8974 0.1768 0.4042
vn -0.9193 0.0632 0.3884
vn -0.7192 -0.0452 -0.6933
vn -0.9262 -0.0533 0.3732
vn -0.9174 -0.1706 0.3594
vn -0.8928 -0.2864 0.3476
vn -0.6521 -0.3069 -0.6933
vn -0.8525 -0.3984 0.3385
vn -0.7970 -0.5041 0.3325
vn -0.5553 -0.4594 -0.6933
vn -0.7274 -0.6015 0.3302
vn -0.4934 -0.5253 -0.6932
vn -0.6450 -0.6884 0.3317
vn -0.5516 -0.7631 0.3367
vn -0.4492 -0.8240 0.3451
vn -0.3401 -0.8702 0.3563
vn -0.2264 -0.9011 0.3697
vn -0.1105 -0.9164 0.3846
vn 0.0055 -0.9163 0.4004
vn 0.1194 -0.9013 0.4163
vn 0.2296 -0.8721 0.4320
vn 0.3342 -0.8297 0.4471
vn 0.4319 -0.7751 0.4612
vn 0.5213 -0.7095 0.4742
vn 0.6014 -0.6340 0.4861
vn 0.6713 -0.5501 0.4967
vn 0.7301 -0.4590 0.5062
vn 0.6521 -0.3069 -0.6932
vn 0.7772 -0.3622 0.5146
vn 0.8121 -0.2609 0.5218
vn 0.7080 -0.1350 -0.6932
vn 0.8346 -0.1567 0.5281
vn 0.7193 -0.0452 -0.6932
vn 0.8443 -0.0510 0.5334
vn 0.7193 0.0452 -0.6933
vn 0.8413 0.0546 0.5377
vn 0.8256 0.1589 0.5413
vn 0.7977 0.2603 0.5440
vn 0.6521 0.3068 -0.6933
vn 0.7578 0.3573 0.5459
vn 0.7065 0.4488 0.5471
vn 0.6447 0.5334 0.5475
vn 0.4933 0.5254 -0.6932
vn 0.5731 0.6099 0.5473
vn 0.4928 0.6772 0.5463
vn 0.4049 0.7345 0.5445
vn 0.3106 0.7808 0.5420
vn 0.2111 0.8156 0.5387
vn 0.1079 0.8382 0.5345
vn -0.0394 0.2913 0.9558
vn -0.0022 0.2855 0.9583
vn 0.0330 0.2763 0.9605
vn -0.0003 0.0692 0.9976
vn 0.0083 0.0678 0.9977
vn -0.0091 0.0696 0.9975
vn 0.0662 0.2641 0.9622
vn 0.0166 0.0655 0.9977
vn 0.0973 0.2491 0.9636
vn 0.0245 0.0623 0.9977
vn 0.1263 0.2315 0.9646
vn 0.0319 0.0583 0.9978
vn 0.1530 0.2116 0.9653
vn 0.0388 0.0535 0.9978
vn 0.1775 0.1895 0.9657
vn 0.0451 0.0481 0.9978
vn 0.1998 0.1652 0.9658
vn 0.0508 0.0420 0.9978
vn 0.2196 0.1390 0.9656
vn 0.0557 0.0353 0.9978
vn 0.2370 0.1108 0.9651
vn 0.0599 0.0281 0.9978
vn 0.2519 0.0808 0.9644
vn 0.0634 0.0204 0.9978
vn 0.2640 0.0490 0.9633
vn 0.0659 0.0124 0.9977
vn 0.2731 0.0156 0.9618
vn 0.0676 0.0040 0.9977
vn 0.2792 -0.0195 0.9600
vn 0.0684 -0.0045 0.9976
vn 0.2819 -0.0561 0.9578
vn 0.0681 -0.0133 0.9976
vn 0.2809 -0.0941 0.9551
vn 0.0669 -0.0221 0.9975
vn 0.2759 -0.1332 0.9519
vn 0.0646 -0.0308 0.9974
vn 0.2664 -0.1732 0.9481
vn 0.0613 -0.0394 0.9973
vn 0.2522 -0.2137 0.9438
vn 0.0569 -0.0476 0.9972
vn 0.2327 -0.2541 0.9387
vn 0.0514 -0.0554 0.9971
vn 0.2076 -0.2938 0.9330
vn 0.0449 -0.0626 0.9970
vn 0.1767 -0.3320 0.9265
vn 0.0374 -0.0690 0.9969
vn 0.1397 -0.3676 0.9194
vn 0.0290 -0.0745 0.9968
vn 0.0967 -0.3994 0.9116
vn 0.0198 -0.0790 0.9967
vn 0.0480 -0.4261 0.9034
vn 0.0099 -0.0822 0.9966
vn -0.0058 -0.4463 0.8948
vn -0.0004 -0.0841 0.9964
vn -0.0635 -0.4586 0.8863
vn -0.0110 -0.0846 0.9963
vn -0.1239 -0.4619 0.8782
vn -0.0218 -0.0836 0.9962
vn -0.1851 -0.4552 0.8709
vn -0.0324 -0.0811 0.9962
vn -0.2450 -0.4383 0.8647
vn -0.0426 -0.0771 0.9961
vn -0.3017 -0.4111 0.8602
vn -0.0522 -0.0716 0.9961
vn -0.3531 -0.3743 0.8574
vn -0.0609 -0.0647 0.9960
vn -0.3974 -0.3290 0.8566
vn -0.0685 -0.0567 0.9960
vn -0.4331 -0.2766 0.8578
vn -0.0750 -0.0477 0.9960
vn -0.4588 -0.2189 0.8611
vn -0.0800 -0.0378 0.9961
vn -0.4741 -0.1581 0.8661
vn -0.0835 -0.0273 0.9961
vn -0.4788 -0.0961 0.8726
vn -0.0855 -0.0166 0.9962
vn -0.4733 -0.0350 0.8802
vn -0.0860 -0.0057 0.9963
vn -0.4585 0.0232 0.8884
vn -0.0849 0.0049 0.9964
vn -0.4354 0.0771 0.8969
vn -0.0824 0.0153 0.9965
vn -0.4055 0.1256 0.9054
vn -0.0786 0.0251 0.9966
vn -0.3703 0.1680 0.9136
vn -0.0735 0.0341 0.9967
vn -0.3313 0.2039 0.9212
vn -0.0674 0.0423 0.9968
vn -0.2898 0.2333 0.9282
vn -0.0605 0.0494 0.9969
vn -0.2470 0.2563 0.9345
vn -0.0528 0.0556 0.9970
vn -0.2038 0.2734 0.9400
vn -0.0446 0.0606 0.9972
vn -0.1610 0.2850 0.9449
vn -0.0360 0.0645 0.9973
vn -0.1191 0.2915 0.9491
vn -0.0271 0.0673 0.9973
vn -0.0784 0.2935 0.9527
vn -0.0181 0.0690 0.9974
vn 0.0000 0.8567 0.5158
vn -0.1074 0.8499 0.5158
vn -0.6521 0.3068 0.6932
vn 0.3015 0.3015 0.9045
vn 0.5773 -0.5773 0.5773
vn -0.3015 -0.3015 0.9045
vn 0.1074 0.8499 0.5158
vn 0.0000 0.2393 0.9709
vn 0.0300 0.2374 0.9709
vn -0.0300 0.2374 0.9709
vn 0.2130 0.8298 0.5158
vn 0.0595 0.2318 0.9709
vn 0.3153 0.7965 0.5158
vn 0.0881 0.2225 0.9709
vn 0.4127 0.7507 0.5158
vn 0.1153 0.2097 0.9709
vn 0.5036 0.6931 0.5158
vn 0.1407 0.1936 0.9709
vn 0.5864 0.6245 0.5158
vn 0.1638 0.1744 0.9709
vn 0.6601 0.5461 0.5158
vn 0.1844 0.1526 0.9709
vn 0.7233 0.4590 0.5158
vn 0.2021 0.1282 0.9709
vn 0.7752 0.3648 0.5158
vn 0.2165 0.1019 0.9709
vn 0.8148 0.2647 0.5158
vn 0.2276 0.0739 0.9709
vn 0.8415 0.1605 0.5158
vn 0.2351 0.0448 0.9709
vn 0.8550 0.0538 0.5158
vn 0.2389 0.0150 0.9709
vn 0.8550 -0.0538 0.5158
vn 0.2389 -0.0150 0.9709
vn 0.8415 -0.1605 0.5158
vn 0.2351 -0.0448 0.9709
vn 0.8148 -0.2647 0.5158
vn 0.2276 -0.0739 0.9709
vn 0.7752 -0.3648 0.5158
vn 0.2165 -0.1019 0.9709
vn 0.7233 -0.4590 0.5158
vn 0.2021 -0.1282 0.9709
vn 0.6601 -0.5461 0.5158
vn 0.1844 -0.1525 0.9709
vn 0.5864 -0.6245 0.5158
vn 0.1638 -0.1744 0.9709
vn 0.5036 -0.6931 0.5158
vn 0.1407 -0.1936 0.9709
vn 0.4127 -0.7507 0.5158
vn 0.1153 -0.2097 0.9709
vn 0.3153 -0.7965 0.5158
vn 0.0881 -0.2225 0.9709
vn 0.2130 -0.8298 0.5158
vn 0.0595 -0.2318 0.9709
vn 0.1074 -0.8499 0.5158
vn 0.0300 -0.2374 0.9709
vn 0.0000 -0.8567 0.5158
vn 0.0000 -0.2393 0.9709
vn -0.1074 -0.8499 0.5158
vn -0.0300 -0.2374 0.9709
vn -0.2130 -0.8298 0.5158
vn -0.0595 -0.2318 0.9709
vn -0.3154 -0.7965 0.5158
vn -0.0881 -0.2225 0.9709
vn -0.4127 -0.7507 0.5158
vn -0.1153 -0.2097 0.9709
vn -0.5036 -0.6931 0.5158
vn -0.1407 -0.1936 0.9709
vn -0.5864 -0.6245 0.5158
vn -0.1638 -0.1744 0.9709
vn -0.6601 -0.5461 0.5158
vn -0.1844 -0.1525 0.9709
vn -0.7233 -0.4590 0.5158
vn -0.2021 -0.1282 0.9709
vn -0.7752 -0.3648 0.5158
vn -0.2165 -0.1019 0.9709
vn -0.8148 -0.2647 0.5158
vn -0.2276 -0.0739 0.9709
vn -0.8415 -0.1605 0.5158
vn -0.2351 -0.0448 0.9709
vn -0.8550 -0.0538 0.5158
vn -0.2389 -0.0150 0.9709
vn -0.8550 0.0538 0.5158
vn -0.2389 0.0150 0.9709
vn -0.8415 0.1605 0.5158
vn -0.2351 0.0448 0.9709
vn -0.8148 0.2647 0.5158
vn -0.2276 0.0739 0.9709
vn -0.7752 0.3648 0.5158
vn -0.2165 0.1019 0.9709
vn -0.7233 0.4590 0.5158
vn -0.2021 0.1282 0.9709
vn -0.6601 0.5461 0.5158
vn -0.1844 0.1526 0.9709
vn -0.5864 0.6245 0.5158
vn -0.1638 0.1744 0.9709
vn -0.5036 0.6931 0.5158
vn -0.1407 0.1936 0.9709
vn -0.4127 0.7507 0.5158
vn -0.1153 0.2097 0.9709
vn -0.3153 0.7965 0.5158
vn -0.0881 0.2225 0.9709
vn -0.2130 0.8298 0.5158
vn -0.0595 0.2318 0.9709
vn 0.7193 0.0453 0.6932
vn -0.5773 0.5773 0.5773
vn -0.1041 0.8456 0.5235
vn -0.2099 0.8302 0.5164
vn -0.4934 0.5253 -0.6932
vn -0.5982 0.6438 0.4772
vn -0.6521 0.3069 -0.6933
vn -0.7079 0.1350 -0.6933
vn -0.9193 0.0631 0.3884
vn -0.9174 -0.1705 0.3594
vn -0.6521 -0.3068 -0.6933
vn -0.6085 -0.3861 -0.6932
vn -0.7273 -0.6015 0.3302
vn -0.4933 -0.5253 -0.6933
vn -0.6450 -0.6885 0.3316
vn -0.4493 -0.8240 0.3451
vn -0.1104 -0.9164 0.3846
vn 0.5213 -0.7094 0.4742
vn 0.7300 -0.4590 0.5062
vn 0.8121 -0.2609 0.5219
vn 0.7079 -0.1350 -0.6933
vn 0.8413 0.0546 0.5378
vn 0.8257 0.1589 0.5412
vn 0.6521 0.3069 -0.6932
vn 0.7578 0.3574 0.5459
vn 0.6447 0.5334 0.5476
vn 0.3472 0.6315 -0.6932
vn 0.3106 0.7809 0.5420
vn -0.0394 0.2914 0.9558
vn 0.1776 0.1895 0.9657
vn 0.2732 0.0156 0.9618
vn -0.1239 -0.4618 0.8782
vn -0.2451 -0.4383 0.8647
vn -0.3018 -0.4111 0.8601
vn -0.4331 -0.2766 0.8579
vn -0.4789 -0.0961 0.8726
vn -0.4734 -0.0351 0.8801
vn -0.4353 0.0771 0.8969
vn -0.4054 0.1256 0.9054
vn 0.4236 0.5830 -0.6932
vn 0.7193 0.0452 -0.6932
vn 0.4934 -0.5253 -0.6932
vn -0.7193 -0.0453 -0.6932
vn -0.4236 0.5830 -0.6932
vn 0.1844 -0.1526 0.9709
vn -0.3153 -0.7965 0.5158
vn -0.1844 -0.1526 0.9709
vn -0.7751 0.3648 0.5158
vn 0.0000 -0.3320 -0.9433
vn 0.3339 0.0000 -0.9426
vn -0.3339 0.0000 -0.9426
vn 0.0000 0.3320 -0.9433
vn 0.3131 0.0000 -0.9497
vn 0.0000 -0.3131 -0.9497
vn 0.0000 0.3131 -0.9497
vn -0.3131 0.0000 -0.9497
vn -0.4936 0.0000 -0.8697
vn 0.0000 -0.4935 -0.8697
vn 0.4936 0.0000 -0.8697
vn 0.0000 0.4936 -0.8697
vn 0.0000 0.4935 -0.8697
vn 0.4935 0.0000 -0.8697
vn 0.5229 0.0000 -0.8524
vn -0.0000 0.2993 -0.9541
vn -0.5229 0.0000 -0.8524
vn -0.5228 0.0000 0.8524
vn 0.0000 0.2993 0.9541
vn 0.5228 0.0000 0.8524
vn 0.0000 -0.5315 0.8471
vn 0.0000 -0.5315 -0.8471
vn -0.0000 0.2993 -0.9542
vn 0.0000 0.2993 0.9542
vn 0.5228 0.0000 -0.8524
usemtl steel
s off
f 1/1/1 2/2/1 361/3/1 364/4/1
f 3/5/2 4/6/2 2/7/2 1/8/2
f 87/9/2 91/10/2 92/11/2 93/12/2 95/13/2 97/14/2 99/15/2 101/16/2 103/17/2 105/18/2 107/19/2 109/20/2 111/21/2 113/22/2 115/23/2 117/24/2 119/25/2 121/26/2 123/27/2 125/28/2 127/29/2 129/30/2 131/31/2 133/32/2 135/33/2 365/34/2 362/35/2 359/36/2 185/37/2
f 209/38/2 213/39/2 214/40/2 215/41/2 217/42/2 219/43/2 221/44/2 223/45/2 225/46/2 227/47/2 229/48/2 231/49/2 233/50/2 235/51/2 237/52/2 239/53/2 241/54/2 243/55/2 245/56/2 247/57/2 249/58/2 251/59/2 253/60/2 255/61/2 257/62/2 366/63/2 363/64/2 360/65/2 307/66/2
f 357/67/3 360/68/3 359/69/3 356/70/3
f 355/71/3 358/72/3 4/73/3 3/74/3
f 257/75/2 259/76/2 261/77/2 263/78/2 265/79/2 267/80/2 269/81/2 271/82/2 273/83/2 275/84/2 277/85/2 279/86/2 281/87/2 283/88/2 285/89/2 287/90/2 289/91/2 291/92/2 293/93/2 295/94/2 297/95/2 299/96/2 301/97/2 303/98/2 305/99/2 307/100/2 360/101/2 357/102/2 366/103/2
f 365/104/1 362/105/1 363/106/1 366/107/1
f 135/33/2 137/108/2 139/109/2 141/110/2 143/111/2 145/112/2 147/113/2 149/114/2 151/115/2 153/116/2 155/117/2 157/118/2 159/119/2 161/120/2 163/121/2 165/122/2 167/123/2 169/124/2 171/125/2 173/126/2 175/127/2 177/128/2 179/129/2 181/130/2 183/131/2 185/37/2 359/36/2 356/132/2 365/34/2
f 366/133/4 357/134/4 356/135/4 365/136/4
f 364/137/4 355/138/4 3/139/4 1/140/4
f 360/141/5 363/142/5 362/143/5 359/144/5
f 358/145/5 361/146/5 2/147/5 4/148/5
f 441/149/2 445/150/2 446/151/2 447/152/2 449/153/2 451/154/2 453/155/2 455/156/2 457/157/2 459/158/2 461/159/2 463/160/2 465/161/2 467/162/2 469/163/2 471/164/2 473/165/2 475/166/2 477/167/2 479/168/2 481/169/2 483/170/2 485/171/2 487/172/2 489/173/2 491/174/2 493/175/2 495/176/2 497/177/2 499/178/2 501/179/2 503/180/2 505/181/2 507/182/2 509/183/2 511/184/2 513/185/2 515/186/2 517/187/2 519/188/2 521/189/2 523/190/2 525/191/2 527/192/2 529/193/2 531/194/2 533/195/2 535/196/2 537/197/2 539/198/2
f 571/199/2 575/200/2 576/201/2 577/202/2 579/203/2 581/204/2 583/205/2 585/206/2 587/207/2 589/208/2 591/209/2 593/210/2 595/211/2 597/212/2 599/213/2 601/214/2 603/215/2 605/216/2 607/217/2 609/218/2 611/219/2 613/220/2 615/221/2 617/222/2 619/223/2 621/224/2 623/225/2 625/226/2 627/227/2 629/228/2 631/229/2 633/230/2 635/231/2 637/232/2 639/233/2 641/234/2 643/235/2 645/236/2 647/237/2 649/238/2 651/239/2 653/240/2 655/241/2 657/242/2 659/243/2 661/244/2 663/245/2 665/246/2 667/247/2 669/248/2
f 717/249/6 720/250/6 721/251/6 718/252/6
f 717/253/7 718/254/7 1292/255/7 1291/256/7 1290/257/7 1246/258/7 1245/259/7 1244/260/7 1243/261/7 1199/262/7 1198/263/7 1197/264/7 1196/265/7 1152/266/7 1151/267/7 1150/268/7 1149/269/7 1105/270/7 1104/271/7 1103/272/7 1102/273/7 1058/274/7 1057/275/7 1056/276/7 1055/277/7 1011/278/7 1010/279/7 1009/280/7 1008/281/7 964/282/7 963/283/7 962/284/7 961/285/7 917/286/7 916/287/7 915/288/7 914/289/7 870/290/7 869/291/7 868/292/7 867/293/7 823/294/7 822/295/7 821/296/7 820/297/7 776/298/7 775/299/7 774/300/7 773/301/7 719/302/7
f 719/303/8 722/304/8 720/305/8 717/306/8
f 720/307/9 723/308/9 724/309/9 721/310/9
f 722/311/10 725/312/10 723/313/10 720/314/10
f 723/315/11 726/316/11 727/317/11 724/318/11
f 725/319/12 728/320/12 726/321/12 723/322/12
f 726/323/9 729/324/9 730/325/9 727/326/9
f 728/320/10 731/327/10 729/328/10 726/321/10
f 729/329/13 732/330/13 733/331/13 730/332/13
f 731/333/14 734/334/14 732/335/14 729/336/14
f 732/337/9 735/338/9 736/339/9 733/340/9
f 734/341/10 737/342/10 735/343/10 732/344/10
f 735/345/15 738/346/15 739/347/15 736/348/15
f 737/342/16 740/349/16 738/350/16 735/343/16
f 738/351/9 741/352/9 742/353/9 739/354/9
f 740/349/10 743/355/10 741/356/10 738/357/10
f 741/352/17 744/358/17 745/359/17 742/353/17
f 743/355/17 746/360/17 744/361/17 741/362/17
f 744/363/9 747/364/9 749/365/9 745/366/9
f 746/360/10 750/367/10 747/368/10 744/361/10
f 748/369/18 747/370/18 750/371/18 751/372/18
f 1304/373/19 749/374/19 747/375/19 748/376/19
f 751/377/20 750/378/20 752/379/20 753/380/20
f 755/381/21 752/382/21 750/383/21 746/384/21
f 753/385/22 752/386/22 754/387/22 1316/388/22
f 756/389/23 754/390/23 752/391/23 755/392/23
f 758/393/17 756/389/17 755/392/17 757/394/17
f 757/395/17 755/396/17 746/397/17 743/398/17
f 760/399/23 758/393/23 757/394/23 759/400/23
f 759/401/21 757/395/21 743/398/21 740/402/21
f 762/403/24 760/399/24 759/400/24 761/404/24
f 761/405/24 759/401/24 740/402/24 737/406/24
f 764/407/23 762/403/23 761/404/23 763/408/23
f 763/409/21 761/405/21 737/406/21 734/410/21
f 766/411/1 764/407/1 763/408/1 765/412/1
f 765/413/1 763/414/1 734/415/1 731/416/1
f 768/417/23 766/411/23 765/412/23 767/418/23
f 767/419/21 765/420/21 731/421/21 728/422/21
f 770/423/12 768/417/12 767/418/12 769/424/12
f 769/425/25 767/419/25 728/422/25 725/426/25
f 772/427/23 770/428/23 769/429/23 771/430/23
f 771/431/21 769/432/21 725/433/21 722/434/21
f 774/435/26 772/436/26 771/437/26 773/438/26
f 773/439/27 771/440/27 722/441/27 719/442/27
f 775/443/28 777/444/28 772/445/28 774/446/28
f 776/447/29 778/448/29 777/449/29 775/450/29
f 778/451/30 780/452/30 779/453/30 777/454/30
f 777/455/31 779/456/31 770/457/31 772/458/31
f 780/459/12 782/460/12 781/461/12 779/462/12
f 779/463/25 781/464/25 768/465/25 770/466/25
f 782/460/30 784/467/30 783/468/30 781/469/30
f 781/470/31 783/471/31 766/472/31 768/473/31
f 784/467/1 786/474/1 785/475/1 783/468/1
f 783/476/13 785/477/13 764/478/13 766/479/13
f 786/474/30 788/480/30 787/481/30 785/475/30
f 785/477/31 787/482/31 762/483/31 764/478/31
f 788/480/15 790/484/15 789/485/15 787/481/15
f 787/486/24 789/487/24 760/488/24 762/489/24
f 790/490/30 792/491/30 791/492/30 789/493/30
f 789/487/31 791/494/31 758/495/31 760/488/31
f 792/496/17 794/497/17 793/498/17 791/499/17
f 791/494/32 793/500/32 756/501/32 758/495/32
f 794/497/30 797/502/30 795/503/30 793/498/30
f 793/500/31 795/504/31 754/505/31 756/501/31
f 1316/506/33 754/507/33 795/508/33 796/509/33
f 796/510/34 795/511/34 797/512/34 798/513/34
f 798/514/35 797/515/35 799/516/35 800/517/35
f 802/518/36 799/519/36 797/520/36 794/521/36
f 800/522/37 799/523/37 801/524/37 1315/525/37
f 803/526/38 801/527/38 799/528/38 802/529/38
f 805/530/13 803/531/13 802/532/13 804/533/13
f 804/534/17 802/518/17 794/521/17 792/535/17
f 807/536/39 805/530/39 804/537/39 806/538/39
f 806/539/36 804/534/36 792/535/36 790/540/36
f 809/541/15 807/536/15 806/538/15 808/542/15
f 808/543/15 806/539/15 790/540/15 788/544/15
f 811/545/39 809/546/39 808/547/39 810/548/39
f 810/549/36 808/543/36 788/544/36 786/550/36
f 813/551/1 811/545/1 810/552/1 812/553/1
f 812/554/13 810/549/13 786/550/13 784/555/13
f 815/556/38 813/551/38 812/553/38 814/557/38
f 814/558/36 812/554/36 784/555/36 782/559/36
f 817/560/12 815/561/12 814/562/12 816/563/12
f 816/564/12 814/558/12 782/559/12 780/565/12
f 819/566/38 817/567/38 816/568/38 818/569/38
f 818/570/36 816/571/36 780/572/36 778/573/36
f 821/574/40 819/575/40 818/576/40 820/577/40
f 820/578/41 818/579/41 778/580/41 776/581/41
f 822/582/42 824/583/42 819/584/42 821/585/42
f 823/586/43 825/587/43 824/588/43 822/589/43
f 825/590/44 827/591/44 826/592/44 824/593/44
f 824/594/45 826/595/45 817/596/45 819/597/45
f 827/598/46 829/599/46 828/600/46 826/601/46
f 826/602/46 828/603/46 815/604/46 817/605/46
f 829/599/44 831/606/44 830/607/44 828/600/44
f 828/603/45 830/608/45 813/609/45 815/604/45
f 831/606/1 833/610/1 832/611/1 830/607/1
f 830/608/1 832/612/1 811/613/1 813/609/1
f 833/610/44 835/614/44 834/615/44 832/611/44
f 832/612/45 834/616/45 809/617/45 811/613/45
f 835/614/47 837/618/47 836/619/47 834/615/47
f 834/616/15 836/620/15 807/621/15 809/617/15
f 837/618/44 839/622/44 838/623/44 836/619/44
f 836/620/45 838/624/45 805/625/45 807/621/45
f 839/622/13 841/626/13 840/627/13 838/623/13
f 838/624/13 840/628/13 803/629/13 805/625/13
f 841/626/44 844/630/44 842/631/44 840/627/44
f 840/628/45 842/632/45 801/633/45 803/629/45
f 1315/634/48 801/635/48 842/636/48 843/637/48
f 843/638/49 842/639/49 844/640/49 845/641/49
f 845/642/50 844/643/50 846/644/50 847/645/50
f 849/646/51 846/647/51 844/648/51 841/649/51
f 847/650/52 846/651/52 848/652/52 1314/653/52
f 850/654/53 848/652/53 846/651/53 849/655/53
f 852/656/13 850/654/13 849/655/13 851/657/13
f 851/658/13 849/646/13 841/649/13 839/659/13
f 854/660/53 852/656/53 851/657/53 853/661/53
f 853/662/51 851/663/51 839/659/51 837/664/51
f 856/665/47 854/660/47 853/661/47 855/666/47
f 855/667/47 853/662/47 837/664/47 835/668/47
f 858/669/53 856/665/53 855/666/53 857/670/53
f 857/671/51 855/667/51 835/668/51 833/672/51
f 860/673/1 858/669/1 857/670/1 859/674/1
f 859/675/1 857/671/1 833/672/1 831/676/1
f 862/677/53 860/673/53 859/674/53 861/678/53
f 861/679/51 859/675/51 831/676/51 829/680/51
f 864/681/46 862/677/46 861/678/46 863/682/46
f 863/683/46 861/684/46 829/680/46 827/685/46
f 866/686/53 864/687/53 863/688/53 865/689/53
f 865/690/51 863/691/51 827/692/51 825/693/51
f 868/694/54 866/695/54 865/696/54 867/697/54
f 867/698/55 865/699/55 825/700/55 823/701/55
f 869/702/56 871/703/56 866/704/56 868/705/56
f 870/706/5 872/707/5 871/708/5 869/709/5
f 872/710/5 874/711/5 873/712/5 871/708/5
f 871/713/57 873/714/57 864/715/57 866/716/57
f 874/717/46 876/718/46 875/719/46 873/720/46
f 873/721/46 875/722/46 862/723/46 864/724/46
f 876/718/5 878/725/5 877/726/5 875/719/5
f 875/722/58 877/727/58 860/728/58 862/723/58
f 878/725/1 880/729/1 879/730/1 877/726/1
f 877/727/1 879/731/1 858/732/1 860/728/1
f 880/729/5 882/733/5 881/734/5 879/730/5
f 879/731/57 881/735/57 856/736/57 858/732/57
f 882/733/47 884/737/47 883/738/47 881/734/47
f 881/735/47 883/739/47 854/740/47 856/736/47
f 884/737/5 886/741/5 885/742/5 883/738/5
f 883/739/57 885/743/57 852/744/57 854/740/57
f 886/741/13 888/745/13 887/746/13 885/742/13
f 885/743/13 887/747/13 850/748/13 852/744/13
f 888/745/5 891/749/5 889/750/5 887/746/5
f 887/747/57 889/751/57 848/752/57 850/748/57
f 1314/753/59 848/752/59 889/751/59 890/754/59
f 890/755/60 889/750/60 891/749/60 892/756/60
f 892/757/61 891/758/61 893/759/61 894/760/61
f 896/761/62 893/759/62 891/758/62 888/762/62
f 894/763/63 893/764/63 895/765/63 1313/766/63
f 897/767/64 895/765/64 893/768/64 896/769/64
f 899/770/13 897/767/13 896/769/13 898/771/13
f 898/772/13 896/761/13 888/762/13 886/773/13
f 901/774/64 899/770/64 898/771/64 900/775/64
f 900/776/62 898/772/62 886/773/62 884/777/62
f 903/778/47 901/774/47 900/775/47 902/779/47
f 902/780/47 900/776/47 884/777/47 882/781/47
f 905/782/64 903/778/64 902/779/64 904/783/64
f 904/784/62 902/780/62 882/781/62 880/785/62
f 907/786/1 905/782/1 904/783/1 906/787/1
f 906/788/1 904/784/1 880/785/1 878/789/1
f 909/790/64 907/786/64 906/787/64 908/791/64
f 908/792/65 906/788/65 878/789/65 876/793/65
f 911/794/46 909/790/46 908/791/46 910/795/46
f 910/796/46 908/792/46 876/793/46 874/797/46
f 913/798/64 911/799/64 910/800/64 912/801/64
f 912/802/62 910/803/62 874/804/62 872/805/62
f 915/806/66 913/807/66 912/808/66 914/809/66
f 914/810/67 912/811/67 872/812/67 870/813/67
f 916/814/68 918/815/68 913/816/68 915/817/68
f 917/818/69 919/819/69 918/820/69 916/821/69
f 919/822/70 921/823/70 920/824/70 918/825/70
f 918/826/71 920/827/71 911/828/71 913/829/71
f 921/830/46 923/831/46 922/832/46 920/833/46
f 920/834/46 922/835/46 909/836/46 911/837/46
f 923/831/70 925/838/70 924/839/70 922/832/70
f 922/835/71 924/840/71 907/841/71 909/836/71
f 925/838/1 927/842/1 926/843/1 924/839/1
f 924/840/1 926/844/1 905/845/1 907/841/1
f 927/842/72 929/846/72 928/847/72 926/843/72
f 926/844/71 928/848/71 903/849/71 905/845/71
f 929/846/47 931/850/47 930/851/47 928/847/47
f 928/848/47 930/852/47 901/853/47 903/849/47
f 931/850/72 933/854/72 932/855/72 930/851/72
f 930/852/71 932/856/71 899/857/71 901/853/71
f 933/854/13 935/858/13 934/859/13 932/855/13
f 932/856/1 934/860/1 897/861/1 899/857/1
f 935/858/72 938/862/72 936/863/72 934/859/72
f 934/860/71 936/864/71 895/865/71 897/861/71
f 1313/866/73 895/867/73 936/868/73 937/869/73
f 937/870/74 936/871/74 938/872/74 939/873/74
f 939/874/75 938/875/75 940/876/75 941/877/75
f 943/878/76 940/879/76 938/880/76 935/881/76
f 941/882/77 940/883/77 942/884/77 1312/885/77
f 944/886/78 942/887/78 940/888/78 943/889/78
f 946/890/1 944/891/1 943/892/1 945/893/1
f 945/894/13 943/878/13 935/881/13 933/895/13
f 948/896/78 946/897/78 945/898/78 947/899/78
f 947/900/76 945/894/76 933/895/76 931/901/76
f 950/902/11 948/903/11 947/904/11 949/905/11
f 949/906/11 947/900/11 931/901/11 929/907/11
f 952/908/78 950/902/78 949/905/78 951/909/78
f 951/910/76 949/906/76 929/907/76 927/911/76
f 954/912/14 952/908/14 951/909/14 953/913/14
f 953/914/1 951/910/1 927/911/1 925/915/1
f 956/916/79 954/912/79 953/913/79 955/917/79
f 955/918/76 953/914/76 925/915/76 923/919/76
f 958/920/16 956/921/16 955/922/16 957/923/16
f 957/924/3 955/925/3 923/919/3 921/926/3
f 960/927/78 958/928/78 957/929/78 959/930/78
f 959/931/76 957/932/76 921/933/76 919/934/76
f 962/935/80 960/936/80 959/937/80 961/938/80
f 961/939/81 959/940/81 919/941/81 917/942/81
f 963/943/82 965/944/82 960/945/82 962/946/82
f 964/947/83 966/948/83 965/949/83 963/950/83
f 966/951/84 968/952/84 967/953/84 965/954/84
f 965/955/85 967/956/85 958/957/85 960/958/85
f 968/959/16 970/960/16 969/961/16 967/962/16
f 967/963/24 969/964/24 956/965/24 958/966/24
f 970/960/84 972/967/84 971/968/84 969/961/84
f 969/964/85 971/969/85 954/970/85 956/971/85
f 972/972/13 974/973/13 973/974/13 971/968/13
f 971/975/13 973/976/13 952/977/13 954/978/13
f 974/973/84 976/979/84 975/980/84 973/974/84
f 973/976/85 975/981/85 950/982/85 952/983/85
f 976/979/11 978/984/11 977/985/11 975/980/11
f 975/986/11 977/987/11 948/988/11 950/989/11
f 978/990/84 980/991/84 979/992/84 977/985/84
f 977/987/85 979/993/85 946/994/85 948/988/85
f 980/995/86 982/996/86 981/997/86 979/992/86
f 979/993/86 981/998/86 944/999/86 946/994/86
f 982/1000/84 985/1001/84 983/1002/84 981/997/84
f 981/998/85 983/1003/85 942/1004/85 944/1005/85
f 1312/1006/87 942/1007/87 983/1008/87 984/1009/87
f 984/1010/88 983/1011/88 985/1012/88 986/1013/88
f 986/1014/89 985/1015/89 987/1016/89 988/1017/89
f 990/1018/90 987/1019/90 985/1020/90 982/1021/90
f 988/1022/91 987/1023/91 989/1024/91 1311/1025/91
f 991/1026/92 989/1027/92 987/1028/92 990/1029/92
f 993/1030/86 991/1026/86 990/1029/86 992/1031/86
f 992/1032/86 990/1018/86 982/1021/86 980/1033/86
f 995/1034/92 993/1030/92 992/1035/92 994/1036/92
f 994/1037/90 992/1032/90 980/1038/90 978/1039/90
f 997/1040/25 995/1034/25 994/1041/25 996/1042/25
f 996/1043/11 994/1037/11 978/1044/11 976/1045/11
f 999/1046/92 997/1040/92 996/1042/92 998/1047/92
f 998/1048/90 996/1043/90 976/1045/90 974/1049/90
f 1001/1050/1 999/1046/1 998/1047/1 1000/1051/1
f 1000/1052/1 998/1048/1 974/1049/1 972/1053/1
f 1003/1054/92 1001/1050/92 1000/1051/92 1002/1055/92
f 1002/1056/90 1000/1052/90 972/1057/90 970/1058/90
f 1005/1059/16 1003/1060/16 1002/1061/16 1004/1062/16
f 1004/1063/16 1002/1056/16 970/1058/16 968/1064/16
f 1007/1065/92 1005/1066/92 1004/1067/92 1006/1068/92
f 1006/1069/90 1004/1070/90 968/1071/90 966/1072/90
f 1009/1073/93 1007/1074/93 1006/1075/93 1008/1076/93
f 1008/1077/94 1006/1078/94 966/1079/94 964/1080/94
f 1010/1081/95 1012/1082/95 1007/1083/95 1009/1084/95
f 1011/1085/96 1013/1086/96 1012/1087/96 1010/1088/96
f 1013/1089/97 1015/1090/97 1014/1091/97 1012/1092/97
f 1012/1093/98 1014/1094/98 1005/1095/98 1007/1096/98
f 1015/1097/24 1017/1098/24 1016/1099/24 1014/1100/24
f 1014/1101/24 1016/1102/24 1003/1103/24 1005/1104/24
f 1017/1098/97 1019/1105/97 1018/1106/97 1016/1099/97
f 1016/1107/98 1018/1108/98 1001/1109/98 1003/1110/98
f 1019/1105/14 1021/1111/14 1020/1112/14 1018/1106/14
f 1018/1113/1 1020/1114/1 999/1115/1 1001/1116/1
f 1021/1111/97 1023/1117/97 1022/1118/97 1020/1112/97
f 1020/1119/98 1022/1120/98 997/1121/98 999/1122/98
f 1023/1123/25 1025/1124/25 1024/1125/25 1022/1118/25
f 1022/1120/25 1024/1126/25 995/1127/25 997/1121/25
f 1025/1124/97 1027/1128/97 1026/1129/97 1024/1125/97
f 1024/1126/98 1026/1130/98 993/1131/98 995/1132/98
f 1027/1128/99 1029/1133/99 1028/1134/99 1026/1129/99
f 1026/1130/99 1028/1135/99 991/1136/99 993/1137/99
f 1029/1133/97 1032/1138/97 1030/1139/97 1028/1134/97
f 1028/1135/98 1030/1140/98 989/1141/98 991/1136/98
f 1311/1142/100 989/1143/100 1030/1144/100 1031/1145/100
f 1031/1146/101 1030/1147/101 1032/1148/101 1033/1149/101
f 1033/1150/102 1032/1151/102 1034/1152/102 1035/1153/102
f 1037/1154/103 1034/1155/103 1032/1156/103 1029/1157/103
f 1035/1158/104 1034/1159/104 1036/1160/104 1310/1161/104
f 1038/1162/105 1036/1163/105 1034/1164/105 1037/1165/105
f 1040/1166/106 1038/1162/106 1037/1165/106 1039/1167/106
f 1039/1168/106 1037/1154/106 1029/1157/106 1027/1169/106
f 1042/1170/105 1040/1166/105 1039/1167/105 1041/1171/105
f 1041/1172/103 1039/1168/103 1027/1169/103 1025/1173/103
f 1044/1174/25 1042/1170/25 1041/1171/25 1043/1175/25
f 1043/1176/25 1041/1172/25 1025/1173/25 1023/1177/25
f 1046/1178/105 1044/1174/105 1043/1175/105 1045/1179/105
f 1045/1180/103 1043/1176/103 1023/1177/103 1021/1181/103
f 1048/1182/1 1046/1178/1 1045/1179/1 1047/1183/1
f 1047/1184/13 1045/1180/13 1021/1181/13 1019/1185/13
f 1050/1186/105 1048/1182/105 1047/1183/105 1049/1187/105
f 1049/1188/103 1047/1184/103 1019/1185/103 1017/1189/103
f 1052/1190/24 1050/1186/24 1049/1187/24 1051/1191/24
f 1051/1192/24 1049/1188/24 1017/1189/24 1015/1193/24
f 1054/1194/105 1052/1195/105 1051/1196/105 1053/1197/105
f 1053/1198/103 1051/1199/103 1015/1200/103 1013/1201/103
f 1056/1202/107 1054/1203/107 1053/1204/107 1055/1205/107
f 1055/1206/108 1053/1207/108 1013/1208/108 1011/1209/108
f 1057/1210/109 1059/1211/109 1054/1212/109 1056/1213/109
f 1058/1214/110 1060/1215/110 1059/1216/110 1057/1217/110
f 1060/1218/111 1062/1219/111 1061/1220/111 1059/1221/111
f 1059/1222/112 1061/1223/112 1052/1224/112 1054/1225/112
f 1062/1226/15 1064/1227/15 1063/1228/15 1061/1229/15
f 1061/1230/24 1063/1231/24 1050/1232/24 1052/1233/24
f 1064/1227/111 1066/1234/111 1065/1235/111 1063/1228/111
f 1063/1231/113 1065/1236/113 1048/1237/113 1050/1232/113
f 1066/1238/1 1068/1239/1 1067/1240/1 1065/1241/1
f 1065/1236/1 1067/1242/1 1046/1243/1 1048/1237/1
f 1068/1239/111 1070/1244/111 1069/1245/111 1067/1240/111
f 1067/1242/113 1069/1246/113 1044/1247/113 1046/1243/113
f 1070/1244/25 1072/1248/25 1071/1249/25 1069/1245/25
f 1069/1246/25 1071/1250/25 1042/1251/25 1044/1247/25
f 1072/1248/111 1074/1252/111 1073/1253/111 1071/1249/111
f 1071/1250/113 1073/1254/113 1040/1255/113 1042/1251/113
f 1074/1252/106 1076/1256/106 1075/1257/106 1073/1253/106
f 1073/1254/86 1075/1258/86 1038/1259/86 1040/1255/86
f 1076/1256/111 1079/1260/111 1077/1261/111 1075/1257/111
f 1075/1258/113 1077/1262/113 1036/1263/113 1038/1259/113
f 1310/1264/114 1036/1265/114 1077/1266/114 1078/1267/114
f 1078/1268/115 1077/1269/115 1079/1270/115 1080/1271/115
f 1080/1272/116 1079/1273/116 1081/1274/116 1082/1275/116
f 1084/1276/117 1081/1277/117 1079/1278/117 1076/1279/117
f 1082/1280/118 1081/1281/118 1083/1282/118 1309/1283/118
f 1085/1284/119 1083/1285/119 1081/1286/119 1084/1287/119
f 1087/1288/86 1085/1284/86 1084/1289/86 1086/1290/86
f 1086/1291/106 1084/1292/106 1076/1293/106 1074/1294/106
f 1089/1295/119 1087/1288/119 1086/1290/119 1088/1296/119
f 1088/1297/117 1086/1298/117 1074/1299/117 1072/1300/117
f 1091/1301/12 1089/1295/12 1088/1296/12 1090/1302/12
f 1090/1303/25 1088/1304/25 1072/1305/25 1070/1306/25
f 1093/1307/119 1091/1301/119 1090/1302/119 1092/1308/119
f 1092/1309/120 1090/1303/120 1070/1306/120 1068/1310/120
f 1095/1311/1 1093/1307/1 1092/1308/1 1094/1312/1
f 1094/1313/1 1092/1314/1 1068/1315/1 1066/1316/1
f 1097/1317/119 1095/1311/119 1094/1312/119 1096/1318/119
f 1096/1319/117 1094/1320/117 1066/1321/117 1064/1322/117
f 1099/1323/24 1097/1317/24 1096/1318/24 1098/1324/24
f 1098/1325/15 1096/1326/15 1064/1327/15 1062/1328/15
f 1101/1329/119 1099/1330/119 1098/1331/119 1100/1332/119
f 1100/1333/117 1098/1334/117 1062/1335/117 1060/1336/117
f 1103/1337/121 1101/1338/121 1100/1339/121 1102/1340/121
f 1102/1341/122 1100/1342/122 1060/1343/122 1058/1344/122
f 1104/1345/123 1106/1346/123 1101/1347/123 1103/1348/123
f 1105/1349/124 1107/1350/124 1106/1351/124 1104/1352/124
f 1107/1353/125 1109/1354/125 1108/1355/125 1106/1356/125
f 1106/1357/126 1108/1358/126 1099/1359/126 1101/1360/126
f 1109/1361/47 1111/1362/47 1110/1363/47 1108/1364/47
f 1108/1365/15 1110/1366/15 1097/1367/15 1099/1368/15
f 1111/1369/125 1113/1370/125 1112/1371/125 1110/1372/125
f 1110/1366/127 1112/1373/127 1095/1374/127 1097/1367/127
f 1113/1375/1 1115/1376/1 1114/1377/1 1112/1378/1
f 1112/1373/13 1114/1379/13 1093/1380/13 1095/1374/13
f 1115/1376/125 1117/1381/125 1116/1382/125 1114/1383/125
f 1114/1379/126 1116/1384/126 1091/1385/126 1093/1380/126
f 1117/1386/12 1119/1387/12 1118/1388/12 1116/1389/12
f 1116/1384/12 1118/1390/12 1089/1391/12 1091/1385/12
f 1119/1392/125 1121/1393/125 1120/1394/125 1118/1395/125
f 1118/1390/127 1120/1396/127 1087/1397/127 1089/1391/127
f 1121/1393/14 1123/1398/14 1122/1399/14 1120/1400/14
f 1120/1396/1 1122/1401/1 1085/1402/1 1087/1397/1
f 1123/1403/125 1126/1404/125 1124/1405/125 1122/1406/125
f 1122/1401/126 1124/1407/126 1083/1408/126 1085/1402/126
f 1309/1409/128 1083/1410/128 1124/1411/128 1125/1412/128
f 1125/1413/129 1124/1414/129 1126/1415/129 1127/1416/129
f 1127/1417/130 1126/1418/130 1128/1419/130 1129/1420/130
f 1131/1421/131 1128/1422/131 1126/1423/131 1123/1424/131
f 1129/1425/132 1128/1426/132 1130/1427/132 1308/1428/132
f 1132/1429/133 1130/1430/133 1128/1431/133 1131/1432/133
f 1134/1433/1 1132/1429/1 1131/1432/1 1133/1434/1
f 1133/1435/14 1131/1421/14 1123/1424/14 1121/1436/14
f 1136/1437/134 1134/1433/134 1133/1434/134 1135/1438/134
f 1135/1439/135 1133/1435/135 1121/1436/135 1119/1440/135
f 1138/1441/46 1136/1437/46 1135/1438/46 1137/1442/46
f 1137/1443/46 1135/1439/46 1119/1440/46 1117/1444/46
f 1140/1445/134 1138/1441/134 1137/1442/134 1139/1446/134
f 1139/1447/131 1137/1443/131 1117/1444/131 1115/1448/131
f 1142/1449/1 1140/1445/1 1139/1446/1 1141/1450/1
f 1141/1451/1 1139/1447/1 1115/1448/1 1113/1452/1
f 1144/1453/134 1142/1449/134 1141/1454/134 1143/1455/134
f 1143/1456/135 1141/1451/135 1113/1452/135 1111/1457/135
f 1146/1458/47 1144/1453/47 1143/1459/47 1145/1460/47
f 1145/1461/47 1143/1462/47 1111/1457/47 1109/1463/47
f 1148/1464/134 1146/1465/134 1145/1466/134 1147/1467/134
f 1147/1468/131 1145/1469/131 1109/1470/131 1107/1471/131
f 1150/1472/136 1148/1473/136 1147/1474/136 1149/1475/136
f 1149/1476/137 1147/1477/137 1107/1478/137 1105/1479/137
f 1151/1480/138 1153/1481/138 1148/1482/138 1150/1483/138
f 1152/1484/139 1154/1485/139 1153/1486/139 1151/1487/139
f 1154/1488/140 1156/1489/140 1155/1490/140 1153/1491/140
f 1153/1492/141 1155/1493/141 1146/1494/141 1148/1495/141
f 1156/1496/47 1158/1497/47 1157/1498/47 1155/1499/47
f 1155/1500/47 1157/1501/47 1144/1502/47 1146/1503/47
f 1158/1504/140 1160/1505/140 1159/1506/140 1157/1498/140
f 1157/1501/141 1159/1507/141 1142/1508/141 1144/1502/141
f 1160/1505/1 1162/1509/1 1161/1510/1 1159/1506/1
f 1159/1507/1 1161/1511/1 1140/1512/1 1142/1508/1
f 1162/1509/140 1164/1513/140 1163/1514/140 1161/1510/140
f 1161/1511/141 1163/1515/141 1138/1516/141 1140/1512/141
f 1164/1513/46 1166/1517/46 1165/1518/46 1163/1514/46
f 1163/1515/46 1165/1519/46 1136/1520/46 1138/1516/46
f 1166/1517/142 1168/1521/142 1167/1522/142 1165/1518/142
f 1165/1519/141 1167/1523/141 1134/1524/141 1136/1525/141
f 1168/1526/14 1170/1527/14 1169/1528/14 1167/1522/14
f 1167/1523/14 1169/1529/14 1132/1530/14 1134/1524/14
f 1170/1527/140 1173/1531/140 1171/1532/140 1169/1528/140
f 1169/1529/143 1171/1533/143 1130/1534/143 1132/1530/143
f 1308/1535/144 1130/1534/144 1171/1533/144 1172/1536/144
f 1172/1537/145 1171/1532/145 1173/1531/145 1174/1538/145
f 1174/1539/146 1173/1540/146 1175/1541/146 1176/1542/146
f 1178/1543/4 1175/1541/4 1173/1540/4 1170/1544/4
f 1176/1545/147 1175/1546/147 1177/1547/147 1307/1548/147
f 1179/1549/148 1177/1547/148 1175/1546/148 1178/1550/148
f 1181/1551/14 1179/1549/14 1178/1550/14 1180/1552/14
f 1180/1553/14 1178/1543/14 1170/1544/14 1168/1554/14
f 1183/1555/149 1181/1551/149 1180/1552/149 1182/1556/149
f 1182/1557/4 1180/1553/4 1168/1554/4 1166/1558/4
f 1185/1559/46 1183/1555/46 1182/1556/46 1184/1560/46
f 1184/1561/46 1182/1557/46 1166/1558/46 1164/1562/46
f 1187/1563/148 1185/1559/148 1184/1560/148 1186/1564/148
f 1186/1565/4 1184/1561/4 1164/1562/4 1162/1566/4
f 1189/1567/1 1187/1563/1 1186/1564/1 1188/1568/1
f 1188/1569/1 1186/1565/1 1162/1566/1 1160/1570/1
f 1191/1571/148 1189/1567/148 1188/1568/148 1190/1572/148
f 1190/1573/4 1188/1569/4 1160/1570/4 1158/1574/4
f 1193/1575/47 1191/1571/47 1190/1572/47 1192/1576/47
f 1192/1577/47 1190/1573/47 1158/1574/47 1156/1578/47
f 1195/1579/148 1193/1580/148 1192/1581/148 1194/1582/148
f 1194/1583/4 1192/1584/4 1156/1585/4 1154/1586/4
f 1197/1587/150 1195/1588/150 1194/1589/150 1196/1590/150
f 1196/1591/4 1194/1592/4 1154/1593/4 1152/1594/4
f 1198/1595/151 1200/1596/151 1195/1597/151 1197/1598/151
f 1199/1599/152 1201/1600/152 1200/1601/152 1198/1602/152
f 1201/1603/153 1203/1604/153 1202/1605/153 1200/1606/153
f 1200/1607/154 1202/1608/154 1193/1609/154 1195/1610/154
f 1203/1611/47 1205/1612/47 1204/1613/47 1202/1614/47
f 1202/1615/47 1204/1616/47 1191/1617/47 1193/1618/47
f 1205/1612/153 1207/1619/153 1206/1620/153 1204/1613/153
f 1204/1616/154 1206/1621/154 1189/1622/154 1191/1617/154
f 1207/1619/1 1209/1623/1 1208/1624/1 1206/1620/1
f 1206/1621/1 1208/1625/1 1187/1626/1 1189/1622/1
f 1209/1623/153 1211/1627/153 1210/1628/153 1208/1624/153
f 1208/1625/154 1210/1629/154 1185/1630/154 1187/1626/154
f 1211/1627/46 1213/1631/46 1212/1632/46 1210/1628/46
f 1210/1629/46 1212/1633/46 1183/1634/46 1185/1630/46
f 1213/1631/153 1215/1635/153 1214/1636/153 1212/1632/153
f 1212/1633/154 1214/1637/154 1181/1638/154 1183/1634/154
f 1215/1635/14 1217/1639/14 1216/1640/14 1214/1636/14
f 1214/1637/1 1216/1641/1 1179/1642/1 1181/1638/1
f 1217/1639/155 1220/1643/155 1218/1644/155 1216/1640/155
f 1216/1641/156 1218/1645/156 1177/1646/156 1179/1642/156
f 1307/1647/157 1177/1646/157 1218/1645/157 1219/1648/157
f 1219/1649/158 1218/1650/158 1220/1651/158 1221/1652/158
f 1221/1653/159 1220/1654/159 1222/1655/159 1223/1656/159
f 1225/1657/160 1222/1658/160 1220/1659/160 1217/1660/160
f 1223/1661/161 1222/1662/161 1224/1663/161 1306/1664/161
f 1226/1665/162 1224/1666/162 1222/1667/162 1225/1668/162
f 1228/1669/14 1226/1665/14 1225/1668/14 1227/1670/14
f 1227/1671/14 1225/1657/14 1217/1660/14 1215/1672/14
f 1230/1673/162 1228/1669/162 1227/1670/162 1229/1674/162
f 1229/1675/163 1227/1671/163 1215/1672/163 1213/1676/163
f 1232/1677/16 1230/1673/16 1229/1674/16 1231/1678/16
f 1231/1679/46 1229/1675/46 1213/1676/46 1211/1680/46
f 1234/1681/162 1232/1677/162 1231/1678/162 1233/1682/162
f 1233/1683/160 1231/1684/160 1211/1685/160 1209/1686/160
f 1236/1687/1 1234/1681/1 1233/1682/1 1235/1688/1
f 1235/1689/1 1233/1683/1 1209/1690/1 1207/1691/1
f 1238/1692/162 1236/1687/162 1235/1688/162 1237/1693/162
f 1237/1694/160 1235/1689/160 1207/1691/160 1205/1695/160
f 1240/1696/47 1238/1692/47 1237/1693/47 1239/1697/47
f 1239/1698/47 1237/1694/47 1205/1695/47 1203/1699/47
f 1242/1700/162 1240/1701/162 1239/1702/162 1241/1703/162
f 1241/1704/160 1239/1705/160 1203/1706/160 1201/1707/160
f 1244/1708/164 1242/1709/164 1241/1710/164 1243/1711/164
f 1243/1712/165 1241/1713/165 1201/1714/165 1199/1715/165
f 1245/1716/166 1247/1717/166 1242/1718/166 1244/1719/166
f 1246/1720/167 1248/1721/167 1247/1722/167 1245/1723/167
f 1248/1724/168 1250/1725/168 1249/1726/168 1247/1727/168
f 1247/1728/169 1249/1729/169 1240/1730/169 1242/1731/169
f 1250/1732/11 1252/1733/11 1251/1734/11 1249/1735/11
f 1249/1736/11 1251/1737/11 1238/1738/11 1240/1739/11
f 1252/1740/168 1254/1741/168 1253/1742/168 1251/1743/168
f 1251/1737/170 1253/1744/170 1236/1745/170 1238/1746/170
f 1254/1747/1 1256/1748/1 1255/1749/1 1253/1750/1
f 1253/1744/13 1255/1751/13 1234/1752/13 1236/1745/13
f 1256/1748/168 1258/1753/168 1257/1754/168 1255/1755/168
f 1255/1751/169 1257/1756/169 1232/1757/169 1234/1752/169
f 1258/1758/16 1260/1759/16 1259/1760/16 1257/1761/16
f 1257/1756/16 1259/1762/16 1230/1763/16 1232/1757/16
f 1260/1759/168 1262/1764/168 1261/1765/168 1259/1760/168
f 1259/1762/170 1261/1766/170 1228/1767/170 1230/1763/170
f 1262/1764/171 1264/1768/171 1263/1769/171 1261/1765/171
f 1261/1766/14 1263/1770/14 1226/1771/14 1228/1767/14
f 1264/1772/168 1267/1773/168 1265/1774/168 1263/1775/168
f 1263/1770/172 1265/1776/172 1224/1777/172 1226/1771/172
f 1306/1778/173 1224/1779/173 1265/1780/173 1266/1781/173
f 1266/1782/174 1265/1783/174 1267/1784/174 1268/1785/174
f 1268/1786/175 1267/1787/175 1269/1788/175 1270/1789/175
f 1272/1790/176 1269/1791/176 1267/1792/176 1264/1793/176
f 1270/1794/177 1269/1795/177 1271/1796/177 1305/1797/177
f 1273/1798/178 1271/1799/178 1269/1800/178 1272/1801/178
f 1275/1802/171 1273/1798/171 1272/1801/171 1274/1803/171
f 1274/1804/17 1272/1790/17 1264/1793/17 1262/1805/17
f 1277/1806/178 1275/1802/178 1274/1803/178 1276/1807/178
f 1276/1808/176 1274/1804/176 1262/1805/176 1260/1809/176
f 1279/1810/24 1277/1806/24 1276/1807/24 1278/1811/24
f 1278/1812/16 1276/1808/16 1260/1809/16 1258/1813/16
f 1281/1814/178 1279/1810/178 1278/1811/178 1280/1815/178
f 1280/1816/179 1278/1812/179 1258/1813/179 1256/1817/179
f 1283/1818/1 1281/1814/1 1280/1815/1 1282/1819/1
f 1282/1820/1 1280/1816/1 1256/1817/1 1254/1821/1
f 1285/1822/178 1283/1818/178 1282/1819/178 1284/1823/178
f 1284/1824/176 1282/1820/176 1254/1821/176 1252/1825/176
f 1287/1826/25 1285/1827/25 1284/1823/25 1286/1828/25
f 1286/1829/11 1284/1824/11 1252/1825/11 1250/1830/11
f 1289/1831/178 1287/1832/178 1286/1833/178 1288/1834/178
f 1288/1835/176 1286/1836/176 1250/1837/176 1248/1838/176
f 1291/1839/180 1289/1840/180 1288/1841/180 1290/1842/180
f 1290/1843/181 1288/1844/181 1248/1845/181 1246/1846/181
f 1292/1847/182 1293/1848/182 1289/1849/182 1291/1850/182
f 718/1851/183 721/1852/183 1293/1853/183 1292/1854/183
f 721/1855/184 724/1856/184 1294/1857/184 1293/1858/184
f 1293/1859/185 1294/1860/185 1287/1861/185 1289/1862/185
f 724/1863/25 727/1864/25 1295/1865/25 1294/1866/25
f 1294/1867/11 1295/1868/11 1285/1869/11 1287/1870/11
f 727/1871/184 730/1872/184 1296/1873/184 1295/1865/184
f 1295/1868/185 1296/1874/185 1283/1875/185 1285/1869/185
f 730/1876/1 733/1877/1 1297/1878/1 1296/1873/1
f 1296/1874/14 1297/1879/14 1281/1880/14 1283/1875/14
f 733/1881/184 736/1882/184 1298/1883/184 1297/1884/184
f 1297/1879/185 1298/1885/185 1279/1886/185 1281/1880/185
f 736/1882/24 739/1887/24 1299/1888/24 1298/1883/24
f 1298/1885/24 1299/1889/24 1277/1890/24 1279/1891/24
f 739/1892/184 742/1893/184 1300/1894/184 1299/1895/184
f 1299/1889/185 1300/1896/185 1275/1897/185 1277/1890/185
f 742/1898/32 745/1899/32 1301/1900/32 1300/1901/32
f 1300/1896/17 1301/1902/17 1273/1903/17 1275/1897/17
f 745/1899/184 749/1904/184 1302/1905/184 1301/1900/184
f 1301/1906/185 1302/1907/185 1271/1908/185 1273/1903/185
f 1305/1909/186 1271/1910/186 1302/1911/186 1303/1912/186
f 1303/1913/187 1302/1914/187 749/1915/187 1304/1916/187
f 748/1917/3 751/1918/3 753/1919/3 1316/1920/3 796/1921/3 798/1922/3 800/1923/3 1315/1924/3 843/1925/3 845/1926/3 847/1927/3 1314/1928/3 890/1929/3 892/1930/3 894/1931/3 1313/1932/3 937/1933/3 939/1934/3 941/1935/3 1312/1936/3 984/1937/3 986/1938/3 988/1939/3 1311/1940/3 1031/1941/3 1033/1942/3 1035/1943/3 1310/1944/3 1078/1945/3 1080/1946/3 1082/1947/3 1309/1948/3 1125/1949/3 1127/1950/3 1129/1951/3 1308/1952/3 1172/1953/3 1174/1954/3 1176/1955/3 1307/1956/3 1219/1957/3 1221/1958/3 1223/1959/3 1306/1960/3 1266/1961/3 1268/1962/3 1270/1963/3 1305/1964/3 1303/1965/3 1304/1966/3
f 1745/1967/3 1746/1968/3 1748/1969/3 1747/1970/3
f 1749/1971/1 1751/1972/1 1752/1973/1 1750/1974/1
f 1745/1967/4 1747/1970/4 1751/1972/4 1749/1971/4
f 1747/1970/2 1748/1969/2 1752/1973/2 1751/1972/2
f 1748/1969/5 1746/1968/5 1750/1974/5 1752/1973/5
f 1746/1968/7 1745/1967/7 1749/1971/7 1750/1974/7
f 1753/1975/1 1754/1976/1 1756/1977/1 1755/1978/1
f 1755/1979/188 1756/1980/188 1758/1981/188 1757/1982/188
f 1753/1983/5 1755/1984/5 1757/1985/5
f 1757/1985/7 1758/1986/7 1754/1987/7 1753/1983/7
f 1754/1987/4 1758/1986/4 1756/1988/4
f 1759/1989/3 1761/1990/3 1762/1991/3 1760/1992/3
f 1761/1990/4 1759/1989/4 1763/1993/4 1764/1994/4
f 1762/1991/7 1761/1990/7 1764/1994/7 1766/1995/7
f 1760/1992/5 1762/1991/5 1766/1995/5 1765/1996/5
f 1763/1993/1 1765/1996/1 1766/1995/1 1764/1994/1
f 1759/1989/2 1760/1992/2 1765/1996/2 1763/1993/2
f 1767/1997/1 2130/1998/1 2127/1999/1 1768/2000/1
f 1769/2001/7 1767/2002/7 1768/2003/7 1770/2004/7
f 1853/2005/7 1951/2006/7 2125/2007/7 2128/2008/7 2131/2009/7 1901/2010/7 1899/2011/7 1897/2012/7 1895/2013/7 1893/2014/7 1891/2015/7 1889/2016/7 1887/2017/7 1885/2018/7 1883/2019/7 1881/2020/7 1879/2021/7 1877/2022/7 1875/2023/7 1873/2024/7 1871/2025/7 1869/2026/7 1867/2027/7 1865/2028/7 1863/2029/7 1861/2030/7 1859/2031/7 1858/2032/7 1857/2033/7
f 1975/2034/7 2073/2035/7 2126/2036/7 2129/2037/7 2132/2038/7 2023/2039/7 2021/2040/7 2019/2041/7 2017/2042/7 2015/2043/7 2013/2044/7 2011/2045/7 2009/2046/7 2007/2047/7 2005/2048/7 2003/2049/7 2001/2050/7 1999/2051/7 1997/2052/7 1995/2053/7 1993/2054/7 1991/2055/7 1989/2056/7 1987/2057/7 1985/2058/7 1983/2059/7 1981/2060/7 1980/2061/7 1979/2062/7
f 2123/2063/3 2122/2064/3 2125/2065/3 2126/2066/3
f 2121/2067/3 1769/2068/3 1770/2069/3 2124/2070/3
f 2023/2071/7 2132/2072/7 2123/2073/7 2126/2074/7 2073/2075/7 2071/2076/7 2069/2077/7 2067/2078/7 2065/2079/7 2063/2080/7 2061/2081/7 2059/2082/7 2057/2083/7 2055/2084/7 2053/2085/7 2051/2086/7 2049/2087/7 2047/2088/7 2045/2089/7 2043/2090/7 2041/2091/7 2039/2092/7 2037/2093/7 2035/2094/7 2033/2095/7 2031/2096/7 2029/2097/7 2027/2098/7 2025/2099/7
f 2131/2100/1 2132/2101/1 2129/2102/1 2128/2103/1
f 1901/2010/7 2131/2009/7 2122/2104/7 2125/2007/7 1951/2006/7 1949/2105/7 1947/2106/7 1945/2107/7 1943/2108/7 1941/2109/7 1939/2110/7 1937/2111/7 1935/2112/7 1933/2113/7 1931/2114/7 1929/2115/7 1927/2116/7 1925/2117/7 1923/2118/7 1921/2119/7 1919/2120/7 1917/2121/7 1915/2122/7 1913/2123/7 1911/2124/7 1909/2125/7 1907/2126/7 1905/2127/7 1903/2128/7
f 2132/2129/4 2131/2130/4 2122/2131/4 2123/2132/4
f 2130/2133/4 1767/2134/4 1769/2135/4 2121/2136/4
f 2126/2137/5 2125/2138/5 2128/2139/5 2129/2140/5
f 2124/2141/5 1770/2142/5 1768/2143/5 2127/2144/5
f 2207/2145/7 2305/2146/7 2303/2147/7 2301/2148/7 2299/2149/7 2297/2150/7 2295/2151/7 2293/2152/7 2291/2153/7 2289/2154/7 2287/2155/7 2285/2156/7 2283/2157/7 2281/2158/7 2279/2159/7 2277/2160/7 2275/2161/7 2273/2162/7 2271/2163/7 2269/2164/7 2267/2165/7 2265/2166/7 2263/2167/7 2261/2168/7 2259/2169/7 2257/2170/7 2255/2171/7 2253/2172/7 2251/2173/7 2249/2174/7 2247/2175/7 2245/2176/7 2243/2177/7 2241/2178/7 2239/2179/7 2237/2180/7 2235/2181/7 2233/2182/7 2231/2183/7 2229/2184/7 2227/2185/7 2225/2186/7 2223/2187/7 2221/2188/7 2219/2189/7 2217/2190/7 2215/2191/7 2213/2192/7 2212/2193/7 2211/2194/7
f 2337/2195/7 2435/2196/7 2433/2197/7 2431/2198/7 2429/2199/7 2427/2200/7 2425/2201/7 2423/2202/7 2421/2203/7 2419/2204/7 2417/2205/7 2415/2206/7 2413/2207/7 2411/2208/7 2409/2209/7 2407/2210/7 2405/2211/7 2403/2212/7 2401/2213/7 2399/2214/7 2397/2215/7 2395/2216/7 2393/2217/7 2391/2218/7 2389/2219/7 2387/2220/7 2385/2221/7 2383/2222/7 2381/2223/7 2379/2224/7 2377/2225/7 2375/2226/7 2373/2227/7 2371/2228/7 2369/2229/7 2367/2230/7 2365/2231/7 2363/2232/7 2361/2233/7 2359/2234/7 2357/2235/7 2355/2236/7 2353/2237/7 2351/2238/7 2349/2239/7 2347/2240/7 2345/2241/7 2343/2242/7 2342/2243/7 2341/2244/7
f 2483/2245/6 2484/2246/6 2487/2247/6 2486/2248/6
f 2483/2249/2 2485/2250/2 2539/2251/2 2540/2252/2 2541/2253/2 2542/2254/2 2586/2255/2 2587/2256/2 2588/2257/2 2589/2258/2 2633/2259/2 2634/2260/2 2635/2261/2 2636/2262/2 2680/2263/2 2681/2264/2 2682/2265/2 2683/2266/2 2727/2267/2 2728/2268/2 2729/2269/2 2730/2270/2 2774/2271/2 2775/2272/2 2776/2273/2 2777/2274/2 2821/2275/2 2822/2276/2 2823/2277/2 2824/2278/2 2868/2279/2 2869/2280/2 2870/2281/2 2871/2282/2 2915/2283/2 2916/2284/2 2917/2285/2 2918/2286/2 2962/2287/2 2963/2288/2 2964/2289/2 2965/2290/2 3009/2291/2 3010/2292/2 3011/2293/2 3012/2294/2 3056/2295/2 3057/2296/2 3058/2297/2 2484/2298/2
f 2485/2299/8 2483/2300/8 2486/2301/8 2488/2302/8
f 2486/2303/103 2487/2304/103 2490/2305/103 2489/2306/103
f 2488/2307/97 2486/2308/97 2489/2309/97 2491/2310/97
f 2489/2311/24 2490/2312/24 2493/2313/24 2492/2314/24
f 2491/2315/24 2489/2316/24 2492/2317/24 2494/2318/24
f 2492/2319/103 2493/2320/103 2496/2321/103 2495/2322/103
f 2494/2318/97 2492/2317/97 2495/2323/97 2497/2324/97
f 2495/2325/1 2496/2326/1 2499/2327/1 2498/2328/1
f 2497/2329/1 2495/2330/1 2498/2331/1 2500/2332/1
f 2498/2333/103 2499/2334/103 2502/2335/103 2501/2336/103
f 2500/2337/97 2498/2338/97 2501/2339/97 2503/2340/97
f 2501/2341/25 2502/2342/25 2505/2343/25 2504/2344/25
f 2503/2340/25 2501/2339/25 2504/2345/25 2506/2346/25
f 2504/2347/103 2505/2348/103 2508/2349/103 2507/2350/103
f 2506/2346/97 2504/2351/97 2507/2352/97 2509/2353/97
f 2507/2350/86 2508/2349/86 2511/2354/86 2510/2355/86
f 2509/2353/86 2507/2356/86 2510/2357/86 2512/2358/86
f 2510/2359/103 2511/2360/103 2515/2361/103 2513/2362/103
f 2512/2358/97 2510/2357/97 2513/2363/97 2516/2364/97
f 2514/2365/189 2517/2366/189 2516/2367/189 2513/2368/189
f 3070/2369/190 2514/2370/190 2513/2371/190 2515/2372/190
f 2517/2373/100 2519/2374/100 2518/2375/100 2516/2376/100
f 2521/2377/98 2512/2378/98 2516/2379/98 2518/2380/98
f 2519/2381/191 3082/2382/191 2520/2383/191 2518/2384/191
f 2522/2385/92 2521/2386/92 2518/2387/92 2520/2388/92
f 2524/2389/86 2523/2390/86 2521/2386/86 2522/2385/86
f 2523/2391/86 2509/2392/86 2512/2393/86 2521/2394/86
f 2526/2395/92 2525/2396/92 2523/2390/92 2524/2389/92
f 2525/2397/98 2506/2398/98 2509/2392/98 2523/2391/98
f 2528/2399/25 2527/2400/25 2525/2396/25 2526/2395/25
f 2527/2401/25 2503/2402/25 2506/2398/25 2525/2397/25
f 2530/2403/92 2529/2404/92 2527/2400/92 2528/2399/92
f 2529/2405/98 2500/2406/98 2503/2402/98 2527/2401/98
f 2532/2407/1 2531/2408/1 2529/2404/1 2530/2403/1
f 2531/2409/1 2497/2410/1 2500/2411/1 2529/2412/1
f 2534/2413/92 2533/2414/92 2531/2408/92 2532/2407/92
f 2533/2415/98 2494/2416/98 2497/2417/98 2531/2418/98
f 2536/2419/16 2535/2420/16 2533/2414/16 2534/2413/16
f 2535/2421/24 2491/2422/24 2494/2416/24 2533/2415/24
f 2538/2423/92 2537/2424/92 2535/2425/92 2536/2426/92
f 2537/2427/98 2488/2428/98 2491/2429/98 2535/2430/98
f 2540/2431/26 2539/2432/26 2537/2433/26 2538/2434/26
f 2539/2435/27 2485/2436/27 2488/2437/27 2537/2438/27
f 2541/2439/28 2540/2440/28 2538/2441/28 2543/2442/28
f 2542/2443/192 2541/2444/192 2543/2445/192 2544/2446/192
f 2544/2447/84 2543/2448/84 2545/2449/84 2546/2450/84
f 2543/2451/90 2538/2452/90 2536/2453/90 2545/2454/90
f 2546/2455/16 2545/2456/16 2547/2457/16 2548/2458/16
f 2545/2459/24 2536/2460/24 2534/2461/24 2547/2462/24
f 2548/2458/84 2547/2463/84 2549/2464/84 2550/2465/84
f 2547/2466/90 2534/2467/90 2532/2468/90 2549/2469/90
f 2550/2465/1 2549/2464/1 2551/2470/1 2552/2471/1
f 2549/2472/1 2532/2473/1 2530/2474/1 2551/2475/1
f 2552/2471/84 2551/2470/84 2553/2476/84 2554/2477/84
f 2551/2475/90 2530/2474/90 2528/2478/90 2553/2479/90
f 2554/2477/11 2553/2476/11 2555/2480/11 2556/2481/11
f 2553/2482/25 2528/2483/25 2526/2484/25 2555/2485/25
f 2556/2486/84 2555/2487/84 2557/2488/84 2558/2489/84
f 2555/2485/90 2526/2484/90 2524/2490/90 2557/2491/90
f 2558/2492/86 2557/2493/86 2559/2494/86 2560/2495/86
f 2557/2491/86 2524/2490/86 2522/2496/86 2559/2497/86
f 2560/2495/84 2559/2494/84 2561/2498/84 2563/2499/84
f 2559/2497/90 2522/2496/90 2520/2500/90 2561/2501/90
f 3082/2502/193 2562/2503/193 2561/2504/193 2520/2505/193
f 2562/2506/194 2564/2507/194 2563/2508/194 2561/2509/194
f 2564/2510/87 2566/2511/87 2565/2512/87 2563/2513/87
f 2568/2514/85 2560/2515/85 2563/2516/85 2565/2517/85
f 2566/2518/195 3081/2519/195 2567/2520/195 2565/2521/195
f 2569/2522/79 2568/2523/79 2565/2524/79 2567/2525/79
f 2571/2526/13 2570/2527/13 2568/2528/13 2569/2529/13
f 2570/2530/86 2558/2531/86 2560/2515/86 2568/2514/86
f 2573/2532/78 2572/2533/78 2570/2534/78 2571/2526/78
f 2572/2535/85 2556/2536/85 2558/2531/85 2570/2530/85
f 2575/2537/11 2574/2538/11 2572/2533/11 2573/2532/11
f 2574/2539/25 2554/2540/25 2556/2536/25 2572/2535/25
f 2577/2541/78 2576/2542/78 2574/2543/78 2575/2544/78
f 2576/2545/85 2552/2546/85 2554/2540/85 2574/2539/85
f 2579/2547/1 2578/2548/1 2576/2549/1 2577/2541/1
f 2578/2550/13 2550/2551/13 2552/2546/13 2576/2545/13
f 2581/2552/79 2580/2553/79 2578/2548/79 2579/2547/79
f 2580/2554/85 2548/2555/85 2550/2551/85 2578/2550/85
f 2583/2556/16 2582/2557/16 2580/2558/16 2581/2559/16
f 2582/2560/16 2546/2561/16 2548/2555/16 2580/2554/16
f 2585/2562/79 2584/2563/79 2582/2564/79 2583/2565/79
f 2584/2566/85 2544/2567/85 2546/2568/85 2582/2569/85
f 2587/2570/196 2586/2571/196 2584/2572/196 2585/2573/196
f 2586/2574/41 2542/2575/41 2544/2576/41 2584/2577/41
f 2588/2578/42 2587/2579/42 2585/2580/42 2590/2581/42
f 2589/2582/43 2588/2583/43 2590/2584/43 2591/2585/43
f 2591/2586/72 2590/2587/72 2592/2588/72 2593/2589/72
f 2590/2590/76 2585/2591/76 2583/2592/76 2592/2593/76
f 2593/2594/46 2592/2595/46 2594/2596/46 2595/2597/46
f 2592/2598/46 2583/2599/46 2581/2600/46 2594/2601/46
f 2595/2597/72 2594/2596/72 2596/2602/72 2597/2603/72
f 2594/2601/76 2581/2600/76 2579/2604/76 2596/2605/76
f 2597/2603/1 2596/2602/1 2598/2606/1 2599/2607/1
f 2596/2605/1 2579/2604/1 2577/2608/1 2598/2609/1
f 2599/2607/72 2598/2606/72 2600/2610/72 2601/2611/72
f 2598/2609/76 2577/2608/76 2575/2612/76 2600/2613/76
f 2601/2611/47 2600/2610/47 2602/2614/47 2603/2615/47
f 2600/2613/11 2575/2612/11 2573/2616/11 2602/2617/11
f 2603/2615/72 2602/2614/72 2604/2618/72 2605/2619/72
f 2602/2617/76 2573/2616/76 2571/2620/76 2604/2621/76
f 2605/2619/13 2604/2618/13 2606/2622/13 2607/2623/13
f 2604/2621/13 2571/2620/13 2569/2624/13 2606/2625/13
f 2607/2623/72 2606/2622/72 2608/2626/72 2610/2627/72
f 2606/2625/76 2569/2624/76 2567/2628/76 2608/2629/76
f 3081/2630/197 2609/2631/197 2608/2632/197 2567/2633/197
f 2609/2634/198 2611/2635/198 2610/2636/198 2608/2637/198
f 2611/2638/73 2613/2639/73 2612/2640/73 2610/2641/73
f 2615/2642/71 2607/2643/71 2610/2644/71 2612/2645/71
f 2613/2646/199 3080/2647/199 2614/2648/199 2612/2649/199
f 2616/2650/64 2615/2651/64 2612/2649/64 2614/2648/64
f 2618/2652/13 2617/2653/13 2615/2651/13 2616/2650/13
f 2617/2654/13 2605/2655/13 2607/2643/13 2615/2642/13
f 2620/2656/64 2619/2657/64 2617/2653/64 2618/2652/64
f 2619/2658/71 2603/2659/71 2605/2655/71 2617/2660/71
f 2622/2661/47 2621/2662/47 2619/2657/47 2620/2656/47
f 2621/2663/47 2601/2664/47 2603/2659/47 2619/2658/47
f 2624/2665/64 2623/2666/64 2621/2662/64 2622/2661/64
f 2623/2667/71 2599/2668/71 2601/2664/71 2621/2663/71
f 2626/2669/1 2625/2670/1 2623/2666/1 2624/2665/1
f 2625/2671/1 2597/2672/1 2599/2668/1 2623/2667/1
f 2628/2673/64 2627/2674/64 2625/2670/64 2626/2669/64
f 2627/2675/71 2595/2676/71 2597/2672/71 2625/2671/71
f 2630/2677/46 2629/2678/46 2627/2674/46 2628/2673/46
f 2629/2679/46 2593/2680/46 2595/2676/46 2627/2681/46
f 2632/2682/64 2631/2683/64 2629/2684/64 2630/2685/64
f 2631/2686/71 2591/2687/71 2593/2688/71 2629/2689/71
f 2634/2690/54 2633/2691/54 2631/2692/54 2632/2693/54
f 2633/2694/55 2589/2695/55 2591/2696/55 2631/2697/55
f 2635/2698/56 2634/2699/56 2632/2700/56 2637/2701/56
f 2636/2702/5 2635/2703/5 2637/2704/5 2638/2705/5
f 2638/2706/5 2637/2704/5 2639/2707/5 2640/2708/5
f 2637/2709/62 2632/2710/62 2630/2711/62 2639/2712/62
f 2640/2713/46 2639/2714/46 2641/2715/46 2642/2716/46
f 2639/2717/46 2630/2718/46 2628/2719/46 2641/2720/46
f 2642/2716/5 2641/2715/5 2643/2721/5 2644/2722/5
f 2641/2720/65 2628/2719/65 2626/2723/65 2643/2724/65
f 2644/2722/1 2643/2721/1 2645/2725/1 2646/2726/1
f 2643/2724/1 2626/2723/1 2624/2727/1 2645/2728/1
f 2646/2726/5 2645/2725/5 2647/2729/5 2648/2730/5
f 2645/2728/62 2624/2727/62 2622/2731/62 2647/2732/62
f 2648/2730/47 2647/2729/47 2649/2733/47 2650/2734/47
f 2647/2732/47 2622/2731/47 2620/2735/47 2649/2736/47
f 2650/2734/5 2649/2733/5 2651/2737/5 2652/2738/5
f 2649/2736/62 2620/2735/62 2618/2739/62 2651/2740/62
f 2652/2738/13 2651/2737/13 2653/2741/13 2654/2742/13
f 2651/2740/13 2618/2739/13 2616/2743/13 2653/2744/13
f 2654/2742/5 2653/2741/5 2655/2745/5 2657/2746/5
f 2653/2744/62 2616/2743/62 2614/2747/62 2655/2748/62
f 3080/2749/61 2656/2750/61 2655/2748/61 2614/2747/61
f 2656/2751/60 2658/2752/60 2657/2746/60 2655/2745/60
f 2658/2753/59 2660/2754/59 2659/2755/59 2657/2756/59
f 2662/2757/57 2654/2758/57 2657/2756/57 2659/2755/57
f 2660/2759/52 3079/2760/52 2661/2761/52 2659/2762/52
f 2663/2763/53 2662/2764/53 2659/2765/53 2661/2761/53
f 2665/2766/13 2664/2767/13 2662/2764/13 2663/2763/13
f 2664/2768/13 2652/2769/13 2654/2758/13 2662/2757/13
f 2667/2770/53 2666/2771/53 2664/2767/53 2665/2766/53
f 2666/2772/57 2650/2773/57 2652/2769/57 2664/2768/57
f 2669/2774/47 2668/2775/47 2666/2771/47 2667/2770/47
f 2668/2776/47 2648/2777/47 2650/2773/47 2666/2772/47
f 2671/2778/53 2670/2779/53 2668/2775/53 2669/2774/53
f 2670/2780/57 2646/2781/57 2648/2777/57 2668/2776/57
f 2673/2782/1 2672/2783/1 2670/2779/1 2671/2778/1
f 2672/2784/1 2644/2785/1 2646/2781/1 2670/2780/1
f 2675/2786/53 2674/2787/53 2672/2783/53 2673/2782/53
f 2674/2788/58 2642/2789/58 2644/2785/58 2672/2784/58
f 2677/2790/46 2676/2791/46 2674/2787/46 2675/2786/46
f 2676/2792/46 2640/2793/46 2642/2789/46 2674/2788/46
f 2679/2794/53 2678/2795/53 2676/2796/53 2677/2797/53
f 2678/2798/57 2638/2799/57 2640/2800/57 2676/2801/57
f 2681/2802/66 2680/2803/66 2678/2804/66 2679/2805/66
f 2680/2806/67 2636/2807/67 2638/2808/67 2678/2809/67
f 2682/2810/68 2681/2811/68 2679/2812/68 2684/2813/68
f 2683/2814/69 2682/2815/69 2684/2816/69 2685/2817/69
f 2685/2818/200 2684/2819/200 2686/2820/200 2687/2821/200
f 2684/2822/51 2679/2823/51 2677/2824/51 2686/2825/51
f 2687/2826/46 2686/2827/46 2688/2828/46 2689/2829/46
f 2686/2830/46 2677/2831/46 2675/2832/46 2688/2833/46
f 2689/2829/200 2688/2828/200 2690/2834/200 2691/2835/200
f 2688/2833/51 2675/2832/51 2673/2836/51 2690/2837/51
f 2691/2835/1 2690/2834/1 2692/2838/1 2693/2839/1
f 2690/2837/1 2673/2836/1 2671/2840/1 2692/2841/1
f 2693/2839/44 2692/2838/44 2694/2842/44 2695/2843/44
f 2692/2841/51 2671/2840/51 2669/2844/51 2694/2845/51
f 2695/2843/47 2694/2842/47 2696/2846/47 2697/2847/47
f 2694/2845/47 2669/2844/47 2667/2848/47 2696/2849/47
f 2697/2847/44 2696/2846/44 2698/2850/44 2699/2851/44
f 2696/2849/51 2667/2848/51 2665/2852/51 2698/2853/51
f 2699/2851/13 2698/2850/13 2700/2854/13 2701/2855/13
f 2698/2853/13 2665/2852/13 2663/2856/13 2700/2857/13
f 2701/2855/44 2700/2854/44 2702/2858/44 2704/2859/44
f 2700/2857/51 2663/2856/51 2661/2860/51 2702/2861/51
f 3079/2862/201 2703/2863/201 2702/2864/201 2661/2865/201
f 2703/2866/202 2705/2867/202 2704/2868/202 2702/2869/202
f 2705/2870/203 2707/2871/203 2706/2872/203 2704/2873/203
f 2709/2874/45 2701/2875/45 2704/2876/45 2706/2877/45
f 2707/2878/204 3078/2879/204 2708/2880/204 2706/2881/204
f 2710/2882/39 2709/2883/39 2706/2884/39 2708/2885/39
f 2712/2886/1 2711/2887/1 2709/2888/1 2710/2889/1
f 2711/2890/13 2699/2891/13 2701/2875/13 2709/2874/13
f 2714/2892/39 2713/2893/39 2711/2894/39 2712/2895/39
f 2713/2896/45 2697/2897/45 2699/2891/45 2711/2890/45
f 2716/2898/15 2715/2899/15 2713/2900/15 2714/2901/15
f 2715/2902/15 2695/2903/15 2697/2897/15 2713/2896/15
f 2718/2904/39 2717/2905/39 2715/2899/39 2716/2898/39
f 2717/2906/45 2693/2907/45 2695/2903/45 2715/2902/45
f 2720/2908/14 2719/2909/14 2717/2905/14 2718/2904/14
f 2719/2910/1 2691/2911/1 2693/2907/1 2717/2906/1
f 2722/2912/38 2721/2913/38 2719/2909/38 2720/2908/38
f 2721/2914/45 2689/2915/45 2691/2911/45 2719/2910/45
f 2724/2916/12 2723/2917/12 2721/2918/12 2722/2919/12
f 2723/2920/3 2687/2921/3 2689/2915/3 2721/2922/3
f 2726/2923/39 2725/2924/39 2723/2925/39 2724/2926/39
f 2725/2927/45 2685/2928/45 2687/2929/45 2723/2930/45
f 2728/2931/205 2727/2932/205 2725/2933/205 2726/2934/205
f 2727/2935/81 2683/2936/81 2685/2937/81 2725/2938/81
f 2729/2939/82 2728/2940/82 2726/2941/82 2731/2942/82
f 2730/2943/83 2729/2944/83 2731/2945/83 2732/2946/83
f 2732/2947/30 2731/2948/30 2733/2949/30 2734/2950/30
f 2731/2951/36 2726/2952/36 2724/2953/36 2733/2954/36
f 2734/2955/12 2733/2956/12 2735/2957/12 2736/2958/12
f 2733/2959/25 2724/2960/25 2722/2961/25 2735/2962/25
f 2736/2958/30 2735/2957/30 2737/2963/30 2738/2964/30
f 2735/2962/36 2722/2965/36 2720/2966/36 2737/2967/36
f 2738/2968/13 2737/2963/13 2739/2969/13 2740/2970/13
f 2737/2971/13 2720/2972/13 2718/2973/13 2739/2974/13
f 2740/2970/30 2739/2969/30 2741/2975/30 2742/2976/30
f 2739/2974/36 2718/2977/36 2716/2978/36 2741/2979/36
f 2742/2976/24 2741/2975/24 2743/2980/24 2744/2981/24
f 2741/2982/15 2716/2983/15 2714/2984/15 2743/2985/15
f 2744/2986/30 2743/2980/30 2745/2987/30 2746/2988/30
f 2743/2985/36 2714/2984/36 2712/2989/36 2745/2990/36
f 2746/2991/17 2745/2987/17 2747/2992/17 2748/2993/17
f 2745/2990/17 2712/2989/17 2710/2994/17 2747/2995/17
f 2748/2996/30 2747/2992/30 2749/2997/30 2751/2998/30
f 2747/2995/36 2710/2999/36 2708/3000/36 2749/3001/36
f 3078/3002/35 2750/3003/35 2749/3004/35 2708/3005/35
f 2750/3006/206 2752/3007/206 2751/3008/206 2749/3009/206
f 2752/3010/207 2754/3011/207 2753/3012/207 2751/3013/207
f 2756/3014/31 2748/3015/31 2751/3016/31 2753/3017/31
f 2754/3018/22 3077/3019/22 2755/3020/22 2753/3021/22
f 2757/3022/23 2756/3023/23 2753/3024/23 2755/3025/23
f 2759/3026/17 2758/3027/17 2756/3023/17 2757/3022/17
f 2758/3028/17 2746/3029/17 2748/3015/17 2756/3014/17
f 2761/3030/23 2760/3031/23 2758/3032/23 2759/3026/23
f 2760/3033/31 2744/3034/31 2746/3035/31 2758/3028/31
f 2763/3036/24 2762/3037/24 2760/3038/24 2761/3030/24
f 2762/3039/15 2742/3040/15 2744/3041/15 2760/3033/15
f 2765/3042/23 2764/3043/23 2762/3037/23 2763/3036/23
f 2764/3044/31 2740/3045/31 2742/3040/31 2762/3039/31
f 2767/3046/1 2766/3047/1 2764/3043/1 2765/3042/1
f 2766/3048/1 2738/3049/1 2740/3045/1 2764/3044/1
f 2769/3050/23 2768/3051/23 2766/3047/23 2767/3046/23
f 2768/3052/31 2736/3053/31 2738/3054/31 2766/3048/31
f 2771/3055/12 2770/3056/12 2768/3057/12 2769/3058/12
f 2770/3059/12 2734/3060/12 2736/3053/12 2768/3052/12
f 2773/3061/23 2772/3062/23 2770/3063/23 2771/3064/23
f 2772/3065/31 2732/3066/31 2734/3067/31 2770/3068/31
f 2775/3069/93 2774/3070/93 2772/3071/93 2773/3072/93
f 2774/3073/94 2730/3074/94 2732/3075/94 2772/3076/94
f 2776/3077/208 2775/3078/208 2773/3079/208 2778/3080/208
f 2777/3081/96 2776/3082/96 2778/3083/96 2779/3084/96
f 2779/3085/10 2778/3086/10 2780/3087/10 2781/3088/10
f 2778/3089/21 2773/3090/21 2771/3091/21 2780/3092/21
f 2781/3093/25 2780/3094/25 2782/3095/25 2783/3096/25
f 2780/3097/25 2771/3098/25 2769/3099/25 2782/3100/25
f 2783/3096/10 2782/3095/10 2784/3101/10 2785/3102/10
f 2782/3103/21 2769/3104/21 2767/3105/21 2784/3106/21
f 2785/3102/1 2784/3101/1 2786/3107/1 2787/3108/1
f 2784/3109/1 2767/3110/1 2765/3111/1 2786/3112/1
f 2787/3108/10 2786/3107/10 2788/3113/10 2789/3114/10
f 2786/3115/21 2765/3116/21 2763/3117/21 2788/3118/21
f 2789/3119/24 2788/3113/24 2790/3120/24 2791/3121/24
f 2788/3118/24 2763/3117/24 2761/3122/24 2790/3123/24
f 2791/3121/10 2790/3120/10 2792/3124/10 2793/3125/10
f 2790/3123/21 2761/3126/21 2759/3127/21 2792/3128/21
f 2793/3125/17 2792/3124/17 2794/3129/17 2795/3130/17
f 2792/3128/17 2759/3131/17 2757/3132/17 2794/3133/17
f 2795/3130/10 2794/3129/10 2796/3134/10 2798/3135/10
f 2794/3133/21 2757/3132/21 2755/3136/21 2796/3137/21
f 3077/3138/20 2797/3139/20 2796/3140/20 2755/3141/20
f 2797/3142/18 2799/3143/18 2798/3144/18 2796/3145/18
f 2799/3146/19 2801/3147/19 2800/3148/19 2798/3149/19
f 2803/3150/9 2795/3151/9 2798/3152/9 2800/3153/9
f 2801/3154/187 3076/3155/187 2802/3156/187 2800/3157/187
f 2804/3158/184 2803/3159/184 2800/3160/184 2802/3161/184
f 2806/3162/17 2805/3163/17 2803/3159/17 2804/3158/17
f 2805/3164/17 2793/3165/17 2795/3151/17 2803/3150/17
f 2808/3166/184 2807/3167/184 2805/3163/184 2806/3162/184
f 2807/3168/9 2791/3169/9 2793/3165/9 2805/3164/9
f 2810/3170/24 2809/3171/24 2807/3167/24 2808/3166/24
f 2809/3172/24 2789/3173/24 2791/3169/24 2807/3168/24
f 2812/3174/184 2811/3175/184 2809/3171/184 2810/3170/184
f 2811/3176/9 2787/3177/9 2789/3173/9 2809/3172/9
f 2814/3178/1 2813/3179/1 2811/3175/1 2812/3174/1
f 2813/3180/1 2785/3181/1 2787/3177/1 2811/3176/1
f 2816/3182/184 2815/3183/184 2813/3179/184 2814/3178/184
f 2815/3184/9 2783/3185/9 2785/3181/9 2813/3180/9
f 2818/3186/25 2817/3187/25 2815/3183/25 2816/3182/25
f 2817/3188/25 2781/3189/25 2783/3185/25 2815/3184/25
f 2820/3190/184 2819/3191/184 2817/3192/184 2818/3193/184
f 2819/3194/9 2779/3195/9 2781/3196/9 2817/3197/9
f 2822/3198/209 2821/3199/209 2819/3200/209 2820/3201/209
f 2821/3202/108 2777/3203/108 2779/3204/108 2819/3205/108
f 2823/3206/109 2822/3207/109 2820/3208/109 2825/3209/109
f 2824/3210/110 2823/3211/110 2825/3212/110 2826/3213/110
f 2826/3214/178 2825/3215/178 2827/3216/178 2828/3217/178
f 2825/3218/210 2820/3219/210 2818/3220/210 2827/3221/210
f 2828/3222/11 2827/3223/11 2829/3224/11 2830/3225/11
f 2827/3226/25 2818/3227/25 2816/3228/25 2829/3229/25
f 2830/3225/178 2829/3224/178 2831/3230/178 2832/3231/178
f 2829/3229/185 2816/3228/185 2814/3232/185 2831/3233/185
f 2832/3234/1 2831/3235/1 2833/3236/1 2834/3237/1
f 2831/3233/1 2814/3232/1 2812/3238/1 2833/3239/1
f 2834/3237/178 2833/3236/178 2835/3240/178 2836/3241/178
f 2833/3239/185 2812/3238/185 2810/3242/185 2835/3243/185
f 2836/3241/24 2835/3240/24 2837/3244/24 2838/3245/24
f 2835/3243/24 2810/3242/24 2808/3246/24 2837/3247/24
f 2838/3245/178 2837/3244/178 2839/3248/178 2840/3249/178
f 2837/3247/185 2808/3246/185 2806/3250/185 2839/3251/185
f 2840/3249/171 2839/3248/171 2841/3252/171 2842/3253/171
f 2839/3251/17 2806/3250/17 2804/3254/17 2841/3255/17
f 2842/3253/178 2841/3252/178 2843/3256/178 2845/3257/178
f 2841/3255/185 2804/3254/185 2802/3258/185 2843/3259/185
f 3076/3260/186 2844/3261/186 2843/3262/186 2802/3263/186
f 2844/3264/211 2846/3265/211 2845/3266/211 2843/3267/211
f 2846/3268/212 2848/3269/212 2847/3270/212 2845/3271/212
f 2850/3272/176 2842/3273/176 2845/3274/176 2847/3275/176
f 2848/3276/174 3075/3277/174 2849/3278/174 2847/3279/174
f 2851/3280/168 2850/3281/168 2847/3282/168 2849/3283/168
f 2853/3284/17 2852/3285/17 2850/3286/17 2851/3280/17
f 2852/3287/17 2840/3288/17 2842/3289/17 2850/3290/17
f 2855/3291/168 2854/3292/168 2852/3285/168 2853/3284/168
f 2854/3293/176 2838/3294/176 2840/3295/176 2852/3296/176
f 2857/3297/16 2856/3298/16 2854/3292/16 2855/3291/16
f 2856/3299/24 2836/3300/24 2838/3301/24 2854/3302/24
f 2859/3303/168 2858/3304/168 2856/3298/168 2857/3297/168
f 2858/3305/179 2834/3306/179 2836/3300/179 2856/3299/179
f 2861/3307/1 2860/3308/1 2858/3304/1 2859/3303/1
f 2860/3309/1 2832/3310/1 2834/3311/1 2858/3312/1
f 2863/3313/168 2862/3314/168 2860/3308/168 2861/3307/168
f 2862/3315/176 2830/3316/176 2832/3317/176 2860/3318/176
f 2865/3319/25 2864/3320/25 2862/3314/25 2863/3313/25
f 2864/3321/11 2828/3322/11 2830/3323/11 2862/3324/11
f 2867/3325/168 2866/3326/168 2864/3327/168 2865/3328/168
f 2866/3329/176 2826/3330/176 2828/3331/176 2864/3332/176
f 2869/3333/121 2868/3334/121 2866/3335/121 2867/3336/121
f 2868/3337/122 2824/3338/122 2826/3339/122 2866/3340/122
f 2870/3341/213 2869/3342/213 2867/3343/213 2872/3344/213
f 2871/3345/124 2870/3346/124 2872/3347/124 2873/3348/124
f 2873/3349/162 2872/3350/162 2874/3351/162 2875/3352/162
f 2872/3353/169 2867/3354/169 2865/3355/169 2874/3356/169
f 2875/3357/47 2874/3358/47 2876/3359/47 2877/3360/47
f 2874/3361/11 2865/3362/11 2863/3363/11 2876/3364/11
f 2877/3365/162 2876/3366/162 2878/3367/162 2879/3368/162
f 2876/3364/170 2863/3363/170 2861/3369/170 2878/3370/170
f 2879/3371/1 2878/3372/1 2880/3373/1 2881/3374/1
f 2878/3370/13 2861/3369/13 2859/3375/13 2880/3376/13
f 2881/3374/162 2880/3377/162 2882/3378/162 2883/3379/162
f 2880/3376/169 2859/3375/169 2857/3380/169 2882/3381/169
f 2883/3382/16 2882/3383/16 2884/3384/16 2885/3385/16
f 2882/3381/16 2857/3380/16 2855/3386/16 2884/3387/16
f 2885/3388/162 2884/3389/162 2886/3390/162 2887/3391/162
f 2884/3387/170 2855/3386/170 2853/3392/170 2886/3393/170
f 2887/3391/14 2886/3394/14 2888/3395/14 2889/3396/14
f 2886/3393/1 2853/3392/1 2851/3397/1 2888/3398/1
f 2889/3399/162 2888/3400/162 2890/3401/162 2892/3402/162
f 2888/3398/169 2851/3397/169 2849/3403/169 2890/3404/169
f 3075/3405/214 2891/3406/214 2890/3407/214 2849/3408/214
f 2891/3409/161 2893/3410/161 2892/3411/161 2890/3412/161
f 2893/3413/159 2895/3414/159 2894/3415/159 2892/3416/159
f 2897/3417/160 2889/3418/160 2892/3419/160 2894/3420/160
f 2895/3421/158 3074/3422/158 2896/3423/158 2894/3424/158
f 2898/3425/155 2897/3426/155 2894/3427/155 2896/3428/155
f 2900/3429/14 2899/3430/14 2897/3426/14 2898/3425/14
f 2899/3431/14 2887/3432/14 2889/3418/14 2897/3417/14
f 2902/3433/153 2901/3434/153 2899/3430/153 2900/3429/153
f 2901/3435/163 2885/3436/163 2887/3432/163 2899/3431/163
f 2904/3437/46 2903/3438/46 2901/3434/46 2902/3433/46
f 2903/3439/46 2883/3440/46 2885/3436/46 2901/3435/46
f 2906/3441/153 2905/3442/153 2903/3438/153 2904/3437/153
f 2905/3443/160 2881/3444/160 2883/3440/160 2903/3439/160
f 2908/3445/1 2907/3446/1 2905/3442/1 2906/3441/1
f 2907/3447/1 2879/3448/1 2881/3444/1 2905/3443/1
f 2910/3449/153 2909/3450/153 2907/3451/153 2908/3445/153
f 2909/3452/163 2877/3453/163 2879/3448/163 2907/3447/163
f 2912/3454/47 2911/3455/47 2909/3456/47 2910/3449/47
f 2911/3457/47 2875/3458/47 2877/3453/47 2909/3459/47
f 2914/3460/153 2913/3461/153 2911/3462/153 2912/3463/153
f 2913/3464/160 2873/3465/160 2875/3466/160 2911/3467/160
f 2916/3468/136 2915/3469/136 2913/3470/136 2914/3471/136
f 2915/3472/137 2871/3473/137 2873/3474/137 2913/3475/137
f 2917/3476/138 2916/3477/138 2914/3478/138 2919/3479/138
f 2918/3480/139 2917/3481/139 2919/3482/139 2920/3483/139
f 2920/3484/148 2919/3485/148 2921/3486/148 2922/3487/148
f 2919/3488/154 2914/3489/154 2912/3490/154 2921/3491/154
f 2922/3492/47 2921/3493/47 2923/3494/47 2924/3495/47
f 2921/3496/47 2912/3497/47 2910/3498/47 2923/3499/47
f 2924/3500/148 2923/3494/148 2925/3501/148 2926/3502/148
f 2923/3499/154 2910/3498/154 2908/3503/154 2925/3504/154
f 2926/3502/1 2925/3501/1 2927/3505/1 2928/3506/1
f 2925/3504/1 2908/3503/1 2906/3507/1 2927/3508/1
f 2928/3506/148 2927/3505/148 2929/3509/148 2930/3510/148
f 2927/3508/154 2906/3507/154 2904/3511/154 2929/3512/154
f 2930/3510/46 2929/3509/46 2931/3513/46 2932/3514/46
f 2929/3512/46 2904/3511/46 2902/3515/46 2931/3516/46
f 2932/3514/149 2931/3513/149 2933/3517/149 2934/3518/149
f 2931/3516/154 2902/3519/154 2900/3520/154 2933/3521/154
f 2934/3522/14 2933/3517/14 2935/3523/14 2936/3524/14
f 2933/3521/14 2900/3520/14 2898/3525/14 2935/3526/14
f 2936/3524/148 2935/3523/148 2937/3527/148 2939/3528/148
f 2935/3526/156 2898/3525/156 2896/3529/156 2937/3530/156
f 3074/3531/215 2938/3532/215 2937/3530/215 2896/3529/215
f 2938/3533/147 2940/3534/147 2939/3528/147 2937/3527/147
f 2940/3535/146 2942/3536/146 2941/3537/146 2939/3538/146
f 2944/3539/4 2936/3540/4 2939/3538/4 2941/3537/4
f 2942/3541/145 3073/3542/145 2943/3543/145 2941/3544/145
f 2945/3545/140 2944/3546/140 2941/3544/140 2943/3543/140
f 2947/3547/14 2946/3548/14 2944/3546/14 2945/3545/14
f 2946/3549/14 2934/3550/14 2936/3540/14 2944/3539/14
f 2949/3551/142 2948/3552/142 2946/3548/142 2947/3547/142
f 2948/3553/4 2932/3554/4 2934/3550/4 2946/3549/4
f 2951/3555/46 2950/3556/46 2948/3552/46 2949/3551/46
f 2950/3557/46 2930/3558/46 2932/3554/46 2948/3553/46
f 2953/3559/140 2952/3560/140 2950/3556/140 2951/3555/140
f 2952/3561/4 2928/3562/4 2930/3558/4 2950/3557/4
f 2955/3563/1 2954/3564/1 2952/3560/1 2953/3559/1
f 2954/3565/1 2926/3566/1 2928/3562/1 2952/3561/1
f 2957/3567/140 2956/3568/140 2954/3564/140 2955/3563/140
f 2956/3569/4 2924/3570/4 2926/3566/4 2954/3565/4
f 2959/3571/47 2958/3572/47 2956/3568/47 2957/3567/47
f 2958/3573/47 2922/3574/47 2924/3570/47 2956/3569/47
f 2961/3575/140 2960/3576/140 2958/3577/140 2959/3578/140
f 2960/3579/4 2920/3580/4 2922/3581/4 2958/3582/4
f 2963/3583/150 2962/3584/150 2960/3585/150 2961/3586/150
f 2962/3587/4 2918/3588/4 2920/3589/4 2960/3590/4
f 2964/3591/151 2963/3592/151 2961/3593/151 2966/3594/151
f 2965/3595/152 2964/3596/152 2966/3597/152 2967/3598/152
f 2967/3599/134 2966/3600/134 2968/3601/134 2969/3602/134
f 2966/3603/141 2961/3604/141 2959/3605/141 2968/3606/141
f 2969/3607/47 2968/3608/47 2970/3609/47 2971/3610/47
f 2968/3611/47 2959/3612/47 2957/3613/47 2970/3614/47
f 2971/3610/134 2970/3609/134 2972/3615/134 2973/3616/134
f 2970/3614/141 2957/3613/141 2955/3617/141 2972/3618/141
f 2973/3616/1 2972/3615/1 2974/3619/1 2975/3620/1
f 2972/3618/1 2955/3617/1 2953/3621/1 2974/3622/1
f 2975/3620/134 2974/3619/134 2976/3623/134 2977/3624/134
f 2974/3622/141 2953/3621/141 2951/3625/141 2976/3626/141
f 2977/3624/46 2976/3623/46 2978/3627/46 2979/3628/46
f 2976/3626/46 2951/3625/46 2949/3629/46 2978/3630/46
f 2979/3628/134 2978/3627/134 2980/3631/134 2981/3632/134
f 2978/3630/141 2949/3629/141 2947/3633/141 2980/3634/141
f 2981/3632/14 2980/3631/14 2982/3635/14 2983/3636/14
f 2980/3634/1 2947/3633/1 2945/3637/1 2982/3638/1
f 2983/3636/133 2982/3635/133 2984/3639/133 2986/3640/133
f 2982/3638/143 2945/3637/143 2943/3641/143 2984/3642/143
f 3073/3643/216 2985/3644/216 2984/3642/216 2943/3641/216
f 2985/3645/132 2987/3646/132 2986/3647/132 2984/3648/132
f 2987/3649/217 2989/3650/217 2988/3651/217 2986/3652/217
f 2991/3653/131 2983/3654/131 2986/3655/131 2988/3656/131
f 2989/3657/129 3072/3658/129 2990/3659/129 2988/3660/129
f 2992/3661/125 2991/3662/125 2988/3663/125 2990/3664/125
f 2994/3665/14 2993/3666/14 2991/3662/14 2992/3661/14
f 2993/3667/14 2981/3668/14 2983/3654/14 2991/3653/14
f 2996/3669/125 2995/3670/125 2993/3666/125 2994/3665/125
f 2995/3671/135 2979/3672/135 2981/3668/135 2993/3667/135
f 2998/3673/12 2997/3674/12 2995/3670/12 2996/3669/12
f 2997/3675/46 2977/3676/46 2979/3672/46 2995/3671/46
f 3000/3677/125 2999/3678/125 2997/3674/125 2998/3673/125
f 2999/3679/131 2975/3680/131 2977/3681/131 2997/3682/131
f 3002/3683/1 3001/3684/1 2999/3678/1 3000/3677/1
f 3001/3685/1 2973/3686/1 2975/3687/1 2999/3679/1
f 3004/3688/125 3003/3689/125 3001/3684/125 3002/3683/125
f 3003/3690/131 2971/3691/131 2973/3686/131 3001/3685/131
f 3006/3692/47 3005/3693/47 3003/3689/47 3004/3688/47
f 3005/3694/47 2969/3695/47 2971/3691/47 3003/3690/47
f 3008/3696/125 3007/3697/125 3005/3698/125 3006/3699/125
f 3007/3700/131 2967/3701/131 2969/3702/131 3005/3703/131
f 3010/3704/164 3009/3705/164 3007/3706/164 3008/3707/164
f 3009/3708/165 2965/3709/165 2967/3710/165 3007/3711/165
f 3011/3712/218 3010/3713/218 3008/3714/218 3013/3715/218
f 3012/3716/167 3011/3717/167 3013/3718/167 3014/3719/167
f 3014/3720/119 3013/3721/119 3015/3722/119 3016/3723/119
f 3013/3724/126 3008/3725/126 3006/3726/126 3015/3727/126
f 3016/3728/15 3015/3729/15 3017/3730/15 3018/3731/15
f 3015/3732/15 3006/3733/15 3004/3734/15 3017/3735/15
f 3018/3736/119 3017/3737/119 3019/3738/119 3020/3739/119
f 3017/3735/127 3004/3740/127 3002/3741/127 3019/3742/127
f 3020/3743/1 3019/3744/1 3021/3745/1 3022/3746/1
f 3019/3742/13 3002/3741/13 3000/3747/13 3021/3748/13
f 3022/3746/119 3021/3749/119 3023/3750/119 3024/3751/119
f 3021/3748/126 3000/3747/126 2998/3752/126 3023/3753/126
f 3024/3754/12 3023/3755/12 3025/3756/12 3026/3757/12
f 3023/3753/12 2998/3752/12 2996/3758/12 3025/3759/12
f 3026/3757/119 3025/3756/119 3027/3760/119 3028/3761/119
f 3025/3759/127 2996/3758/127 2994/3762/127 3027/3763/127
f 3028/3761/106 3027/3760/106 3029/3764/106 3030/3765/106
f 3027/3763/14 2994/3762/14 2992/3766/14 3029/3767/14
f 3030/3768/119 3029/3769/119 3031/3770/119 3033/3771/119
f 3029/3767/219 2992/3766/219 2990/3772/219 3031/3773/219
f 3072/3774/220 3032/3775/220 3031/3776/220 2990/3777/220
f 3032/3778/118 3034/3779/118 3033/3780/118 3031/3781/118
f 3034/3782/221 3036/3783/221 3035/3784/221 3033/3785/221
f 3038/3786/117 3030/3787/117 3033/3788/117 3035/3789/117
f 3036/3790/222 3071/3791/222 3037/3792/222 3035/3793/222
f 3039/3794/111 3038/3795/111 3035/3796/111 3037/3797/111
f 3041/3798/86 3040/3799/86 3038/3795/86 3039/3794/86
f 3040/3800/86 3028/3801/86 3030/3787/86 3038/3786/86
f 3043/3802/111 3042/3803/111 3040/3799/111 3041/3798/111
f 3042/3804/117 3026/3805/117 3028/3801/117 3040/3800/117
f 3045/3806/25 3044/3807/25 3042/3803/25 3043/3802/25
f 3044/3808/12 3024/3809/12 3026/3805/12 3042/3804/12
f 3047/3810/111 3046/3811/111 3044/3807/111 3045/3806/111
f 3046/3812/120 3022/3813/120 3024/3809/120 3044/3808/120
f 3049/3814/1 3048/3815/1 3046/3811/1 3047/3810/1
f 3048/3816/1 3020/3817/1 3022/3813/1 3046/3812/1
f 3051/3818/111 3050/3819/111 3048/3815/111 3049/3814/111
f 3050/3820/117 3018/3821/117 3020/3817/117 3048/3816/117
f 3053/3822/24 3052/3823/24 3050/3819/24 3051/3824/24
f 3052/3825/15 3016/3826/15 3018/3821/15 3050/3820/15
f 3055/3827/111 3054/3828/111 3052/3829/111 3053/3830/111
f 3054/3831/117 3014/3832/117 3016/3833/117 3052/3834/117
f 3057/3835/180 3056/3836/180 3054/3837/180 3055/3838/180
f 3056/3839/223 3012/3840/223 3014/3841/223 3054/3842/223
f 3058/3843/182 3057/3844/182 3055/3845/182 3059/3846/182
f 2484/3847/183 3058/3848/183 3059/3849/183 2487/3850/183
f 2487/3851/105 3059/3852/105 3060/3853/105 2490/3854/105
f 3059/3855/113 3055/3856/113 3053/3857/113 3060/3858/113
f 2490/3859/24 3060/3860/24 3061/3861/24 2493/3862/24
f 3060/3863/15 3053/3864/15 3051/3865/15 3061/3866/15
f 2493/3867/105 3061/3861/105 3062/3868/105 2496/3869/105
f 3061/3866/113 3051/3865/113 3049/3870/113 3062/3871/113
f 2496/3872/1 3062/3868/1 3063/3873/1 2499/3874/1
f 3062/3871/1 3049/3870/1 3047/3875/1 3063/3876/1
f 2499/3877/105 3063/3878/105 3064/3879/105 2502/3880/105
f 3063/3876/113 3047/3875/113 3045/3881/113 3064/3882/113
f 2502/3880/25 3064/3879/25 3065/3883/25 2505/3884/25
f 3064/3882/25 3045/3885/25 3043/3886/25 3065/3887/25
f 2505/3888/105 3065/3889/105 3066/3890/105 2508/3891/105
f 3065/3887/113 3043/3886/113 3041/3892/113 3066/3893/113
f 2508/3894/86 3066/3895/86 3067/3896/86 2511/3897/86
f 3066/3893/86 3041/3892/86 3039/3898/86 3067/3899/86
f 2511/3897/105 3067/3896/105 3068/3900/105 2515/3901/105
f 3067/3902/113 3039/3898/113 3037/3903/113 3068/3904/113
f 3071/3905/224 3069/3906/224 3068/3907/224 3037/3908/224
f 3069/3909/104 3070/3910/104 2515/3911/104 3068/3912/104
f 2514/3913/3 3070/3914/3 3069/3915/3 3071/3916/3 3036/3917/3 3034/3918/3 3032/3919/3 3072/3920/3 2989/3921/3 2987/3922/3 2985/3923/3 3073/3924/3 2942/3925/3 2940/3926/3 2938/3927/3 3074/3928/3 2895/3929/3 2893/3930/3 2891/3931/3 3075/3932/3 2848/3933/3 2846/3934/3 2844/3935/3 3076/3936/3 2801/3937/3 2799/3938/3 2797/3939/3 3077/3940/3 2754/3941/3 2752/3942/3 2750/3943/3 3078/3944/3 2707/3945/3 2705/3946/3 2703/3947/3 3079/3948/3 2660/3949/3 2658/3950/3 2656/3951/3 3080/3952/3 2613/3953/3 2611/3954/3 2609/3955/3 3081/3956/3 2566/3957/3 2564/3958/3 2562/3959/3 3082/3960/3 2519/3961/3 2517/3962/3
s 1
f 5/3963/225 7/3964/226 8/3965/227 6/3966/228
f 7/3967/226 9/3968/229 10/3969/230 8/3970/227
f 9/3971/229 11/3972/231 12/3973/232 10/3974/230
f 11/3975/231 13/3976/233 14/3977/234 12/3978/232
f 13/3979/233 186/3980/235 15/3981/236 14/3982/234
f 186/3983/235 16/3984/237 17/3985/238 15/3986/236
f 16/3987/237 18/3988/239 19/3989/240 17/3990/238
f 18/3991/239 20/3992/241 21/3993/242 19/3994/240
f 20/3995/241 22/3996/243 23/3997/244 21/3998/242
f 22/3999/243 24/4000/245 25/4001/246 23/4002/244
f 24/4003/245 187/4004/247 26/4005/248 25/4006/246
f 187/4007/247 188/4008/249 27/4009/250 26/4010/248
f 188/4011/249 28/4012/251 204/4013/252 27/4014/250
f 28/4015/251 29/4016/253 30/4017/254 204/4018/252
f 29/4019/253 31/4020/255 32/4021/256 30/4022/254
f 31/4023/255 33/4024/257 203/4025/258 32/4026/256
f 33/4027/257 189/4028/259 34/4029/260 203/4030/258
f 189/4031/259 35/4032/261 202/4033/262 34/4034/260
f 35/4035/261 36/4036/263 37/4037/264 202/4038/262
f 36/4039/263 38/4040/265 39/4041/266 37/4042/264
f 38/4043/265 190/4044/267 40/4045/268 39/4046/266
f 190/4047/267 41/4048/269 42/4049/270 40/4050/268
f 41/4051/269 43/4052/271 44/4053/272 42/4054/270
f 43/4055/271 45/4056/273 46/4057/274 44/4058/272
f 45/4059/273 191/4060/275 47/4061/276 46/4062/274
f 191/4063/275 48/4064/277 49/4065/278 47/4066/276
f 48/4067/277 50/4068/279 201/4069/280 49/4070/278
f 50/4071/279 51/4072/281 52/4073/282 201/4074/280
f 51/4075/281 53/4076/283 54/4077/284 52/4078/282
f 53/4079/283 55/4080/285 56/4081/286 54/4082/284
f 55/4083/285 57/4084/287 58/4085/288 56/4086/286
f 57/4087/287 59/4088/289 60/4089/290 58/4090/288
f 59/4091/289 61/4092/291 200/4093/292 60/4094/290
f 61/4095/291 62/4096/293 63/4097/294 200/4098/292
f 62/4099/293 192/4100/295 64/4101/296 63/4102/294
f 192/4103/295 65/4104/297 199/4105/298 64/4106/296
f 65/4107/297 66/4108/299 67/4109/300 199/4110/298
f 66/4111/299 193/4112/301 68/4113/302 67/4114/300
f 193/4115/301 69/4116/303 198/4117/304 68/4118/302
f 69/4119/303 70/4120/305 71/4121/306 198/4122/304
f 70/4123/305 194/4124/307 72/4125/308 71/4126/306
f 194/4127/307 73/4128/309 197/4129/310 72/4130/308
f 73/4131/309 195/4132/311 74/4133/312 197/4134/310
f 195/4135/311 75/4136/313 76/4137/314 74/4138/312
f 75/4139/313 77/4140/315 78/4141/316 76/4142/314
f 77/4143/315 79/4144/317 80/4145/318 78/4146/316
f 79/4147/317 81/4148/319 82/4149/320 80/4150/318
f 81/4151/319 196/4152/321 83/4153/322 82/4154/320
f 196/4155/321 84/4156/323 85/4157/324 83/4158/322
f 84/4159/323 5/4160/225 6/4161/228 85/4162/324
f 5/4163/225 86/4164/325 88/4165/326 7/4166/226
f 84/4167/323 89/4168/327 86/4169/325 5/4170/225
f 89/4171/327 91/4172/328 87/4173/329 86/4174/325
f 86/4164/325 87/4175/329 185/4176/330 88/4177/326
f 90/4178/331 92/4179/332 91/4180/328 89/4181/327
f 196/4182/321 90/4183/331 89/4181/327 84/4184/323
f 94/4185/333 93/4186/334 92/4187/332 90/4188/331
f 96/4189/335 95/4190/336 93/4191/334 94/4192/333
f 98/4193/337 97/4194/338 95/4195/336 96/4196/335
f 100/4197/339 99/4198/340 97/4199/338 98/4200/337
f 102/4201/341 101/4202/342 99/4203/340 100/4204/339
f 104/4205/343 103/4206/344 101/4207/342 102/4208/341
f 106/4209/345 105/4210/346 103/4211/344 104/4212/343
f 108/4213/347 107/4214/348 105/4215/346 106/4216/345
f 110/4217/349 109/4218/350 107/4219/348 108/4220/347
f 112/4221/351 111/4222/352 109/4223/350 110/4224/349
f 114/4225/353 113/4226/354 111/4227/352 112/4228/351
f 116/4229/355 115/4230/356 113/4231/354 114/4232/353
f 118/4233/357 117/4234/358 115/4235/356 116/4236/355
f 120/4237/359 119/4238/360 117/4239/358 118/4240/357
f 122/4241/361 121/4242/362 119/4243/360 120/4244/359
f 124/4245/363 123/4246/364 121/4247/362 122/4248/361
f 126/4249/365 125/4250/366 123/4251/364 124/4252/363
f 128/4253/367 127/4254/368 125/4255/366 126/4256/365
f 130/4257/369 129/4258/370 127/4259/368 128/4260/367
f 132/4261/371 131/4262/372 129/4263/370 130/4264/369
f 134/4265/373 133/4266/374 131/4267/372 132/4268/371
f 136/4269/375 135/4270/376 133/4271/374 134/4272/373
f 138/4273/377 137/4274/378 135/4275/376 136/4276/375
f 140/4277/379 139/4278/380 137/4279/378 138/4280/377
f 142/4281/381 141/4282/382 139/4283/380 140/4284/379
f 144/4285/383 143/4286/384 141/4287/382 142/4288/381
f 146/4289/385 145/4290/386 143/4291/384 144/4292/383
f 148/4293/387 147/4294/388 145/4295/386 146/4296/385
f 150/4297/389 149/4298/390 147/4299/388 148/4300/387
f 152/4301/391 151/4302/392 149/4303/390 150/4304/389
f 154/4305/393 153/4306/394 151/4307/392 152/4308/391
f 156/4309/395 155/4310/396 153/4311/394 154/4312/393
f 158/4313/397 157/4314/398 155/4315/396 156/4316/395
f 160/4317/399 159/4318/400 157/4319/398 158/4320/397
f 162/4321/401 161/4322/402 159/4323/400 160/4324/399
f 164/4325/403 163/4326/404 161/4327/402 162/4328/401
f 166/4329/405 165/4330/406 163/4331/404 164/4332/403
f 168/4333/407 167/4334/408 165/4335/406 166/4336/405
f 170/4337/409 169/4338/410 167/4339/408 168/4340/407
f 172/4341/411 171/4342/412 169/4343/410 170/4344/409
f 174/4345/413 173/4346/414 171/4347/412 172/4348/411
f 176/4349/415 175/4350/416 173/4351/414 174/4352/413
f 178/4353/417 177/4354/418 175/4355/416 176/4356/415
f 180/4357/419 179/4358/420 177/4359/418 178/4360/417
f 182/4361/421 181/4362/422 179/4363/420 180/4364/419
f 184/4365/423 183/4366/424 181/4367/422 182/4368/421
f 88/4369/326 185/4370/330 183/4371/424 184/4372/423
f 7/4373/226 88/4369/326 184/4374/423 9/4375/229
f 9/4376/229 184/4365/423 182/4368/421 11/4377/231
f 11/4378/231 182/4379/421 180/4380/419 13/4381/233
f 13/4382/233 180/4357/419 178/4383/417 186/4384/235
f 186/4385/235 178/4386/417 176/4387/415 16/4388/237
f 16/4389/237 176/4349/415 174/4352/413 18/4390/239
f 18/4391/239 174/4345/413 172/4392/411 20/4393/241
f 20/4394/241 172/4395/411 170/4396/409 22/4397/243
f 22/4398/243 170/4399/409 168/4400/407 24/4401/245
f 24/4402/245 168/4403/407 166/4404/405 187/4405/247
f 187/4406/247 166/4407/405 164/4408/403 188/4409/249
f 188/4410/249 164/4411/403 162/4412/401 28/4413/251
f 28/4414/251 162/4415/401 160/4416/399 29/4417/253
f 29/4418/253 160/4419/399 158/4420/397 31/4421/255
f 31/4422/255 158/4423/397 156/4316/395 33/4424/257
f 33/4425/257 156/4426/395 154/4312/393 189/4427/259
f 189/4428/259 154/4305/393 152/4308/391 35/4429/261
f 35/4430/261 152/4431/391 150/4304/389 36/4432/263
f 36/4433/263 150/4434/389 148/4300/387 38/4435/265
f 38/4436/265 148/4437/387 146/4438/385 190/4439/267
f 190/4440/267 146/4289/385 144/4441/383 41/4442/269
f 41/4443/269 144/4444/383 142/4445/381 43/4446/271
f 43/4447/271 142/4448/381 140/4449/379 45/4450/273
f 45/4451/273 140/4452/379 138/4453/377 191/4454/275
f 191/4455/275 138/4456/377 136/4457/375 48/4458/277
f 48/4459/277 136/4460/375 134/4461/373 50/4462/279
f 50/4463/279 134/4464/373 132/4465/371 51/4466/281
f 51/4467/281 132/4468/371 130/4469/369 53/4470/283
f 53/4471/283 130/4472/369 128/4473/367 55/4474/285
f 55/4475/285 128/4476/367 126/4477/365 57/4478/287
f 57/4479/287 126/4480/365 124/4481/363 59/4482/289
f 59/4483/289 124/4484/363 122/4485/361 61/4486/291
f 61/4487/291 122/4488/361 120/4489/359 62/4490/293
f 62/4491/293 120/4492/359 118/4493/357 192/4494/295
f 192/4495/295 118/4496/357 116/4497/355 65/4498/297
f 65/4499/297 116/4500/355 114/4501/353 66/4502/299
f 66/4503/299 114/4504/353 112/4505/351 193/4506/301
f 193/4507/301 112/4508/351 110/4509/349 69/4510/303
f 69/4511/303 110/4512/349 108/4220/347 70/4513/305
f 70/4514/305 108/4213/347 106/4515/345 194/4516/307
f 194/4517/307 106/4518/345 104/4212/343 73/4519/309
f 73/4520/309 104/4205/343 102/4208/341 195/4521/311
f 195/4522/311 102/4201/341 100/4204/339 75/4523/313
f 75/4524/313 100/4525/339 98/4526/337 77/4527/315
f 77/4528/315 98/4193/337 96/4529/335 79/4530/317
f 79/4531/317 96/4532/335 94/4533/333 81/4534/319
f 81/4535/319 94/4536/333 90/4537/331 196/4538/321
f 8/4539/227 10/4540/230 12/4541/232 14/4542/234 15/4543/236 17/4544/238 19/4545/240 21/4546/242 23/4547/244 25/4548/246 26/4549/248 27/4550/250 204/4551/252 30/4552/254 32/4553/256 203/4554/258 34/4555/260 202/4556/262 37/4557/264 39/4558/266 40/4559/268 42/4560/270 44/4561/272 46/4562/274 47/4563/276 49/4564/278 201/4565/280 52/4566/282 54/4567/284 56/4568/286 58/4569/288 60/4570/290 200/4571/292 63/4572/294 64/4573/296 199/4574/298 67/4575/300 68/4576/302 198/4577/304 71/4578/306 72/4579/308 197/4580/310 74/4581/312 76/4582/314 78/4583/316 80/4584/318 82/4585/320 83/4586/322 85/4587/324 6/4588/228
f 208/4589/425 210/4590/426 206/4591/427 205/4592/428
f 206/4593/427 205/4594/428 207/4595/429 361/4596/430 358/4597/431 355/4598/432 330/4599/433 329/4600/434 328/4601/435 327/4602/436 326/4603/437 325/4604/438 324/4605/439 323/4606/440 322/4607/441 321/4608/442 320/4609/443 319/4610/444 318/4611/445 317/4612/446 316/4613/447 315/4614/448 314/4615/449 313/4616/450 312/4617/451 311/4618/452 310/4619/453 309/4620/454 308/4621/455
f 211/4622/456 208/4623/425 205/4624/428 207/4625/429
f 211/4626/456 213/4627/457 209/4628/458 208/4629/425
f 208/4630/425 209/4631/458 307/4632/459 210/4633/426
f 212/4634/460 214/4635/461 213/4636/457 211/4637/456
f 212/4638/460 211/4639/456 207/4640/429 354/4641/462
f 216/4642/463 215/4643/464 214/4644/461 212/4645/460
f 218/4646/465 217/4647/466 215/4648/464 216/4649/463
f 220/4650/467 219/4651/468 217/4652/466 218/4653/465
f 222/4654/469 221/4655/470 219/4656/468 220/4657/467
f 224/4658/471 223/4659/472 221/4660/470 222/4661/469
f 226/4662/473 225/4663/474 223/4664/472 224/4665/471
f 228/4666/475 227/4667/476 225/4668/474 226/4669/473
f 230/4670/477 229/4671/478 227/4672/476 228/4673/475
f 232/4674/479 231/4675/480 229/4676/478 230/4677/477
f 234/4678/481 233/4679/482 231/4680/480 232/4681/479
f 236/4682/483 235/4683/484 233/4684/482 234/4685/481
f 238/4686/485 237/4687/486 235/4688/484 236/4689/483
f 240/4690/487 239/4691/488 237/4692/486 238/4693/485
f 242/4694/489 241/4695/490 239/4696/488 240/4697/487
f 244/4698/491 243/4699/492 241/4700/490 242/4701/489
f 246/4702/493 245/4703/494 243/4704/492 244/4705/491
f 248/4706/495 247/4707/496 245/4708/494 246/4709/493
f 250/4710/497 249/4711/498 247/4712/496 248/4713/495
f 252/4714/499 251/4715/500 249/4716/498 250/4717/497
f 254/4718/501 253/4719/502 251/4720/500 252/4721/499
f 256/4722/503 255/4723/504 253/4724/502 254/4725/501
f 258/4726/505 257/4727/506 255/4728/504 256/4729/503
f 260/4730/507 259/4731/508 257/4732/506 258/4733/505
f 262/4734/509 261/4735/510 259/4736/508 260/4737/507
f 264/4738/511 263/4739/512 261/4740/510 262/4741/509
f 266/4742/513 265/4743/514 263/4744/512 264/4745/511
f 268/4746/515 267/4747/516 265/4748/514 266/4749/513
f 270/4750/517 269/4751/518 267/4752/516 268/4753/515
f 272/4754/519 271/4755/520 269/4756/518 270/4757/517
f 274/4758/521 273/4759/522 271/4760/520 272/4761/519
f 276/4762/523 275/4763/524 273/4764/522 274/4765/521
f 278/4766/525 277/4767/526 275/4768/524 276/4769/523
f 280/4770/527 279/4771/528 277/4772/526 278/4773/525
f 282/4774/529 281/4775/530 279/4776/528 280/4777/527
f 284/4778/531 283/4779/532 281/4780/530 282/4781/529
f 286/4782/533 285/4783/534 283/4784/532 284/4785/531
f 288/4786/535 287/4787/536 285/4788/534 286/4789/533
f 290/4790/537 289/4791/538 287/4792/536 288/4793/535
f 292/4794/539 291/4795/540 289/4796/538 290/4797/537
f 294/4798/541 293/4799/542 291/4800/540 292/4801/539
f 296/4802/543 295/4803/544 293/4804/542 294/4805/541
f 298/4806/545 297/4807/546 295/4808/544 296/4809/543
f 300/4810/547 299/4811/548 297/4812/546 298/4813/545
f 302/4814/549 301/4815/550 299/4816/548 300/4817/547
f 304/4818/551 303/4819/552 301/4820/550 302/4821/549
f 306/4822/553 305/4823/554 303/4824/552 304/4825/551
f 210/4826/426 307/4827/459 305/4828/554 306/4829/553
f 210/4830/426 306/4831/553 308/4832/455 206/4833/427
f 306/4834/553 304/4835/551 309/4836/454 308/4837/455
f 304/4838/551 302/4839/549 310/4840/453 309/4841/454
f 302/4842/549 300/4843/547 311/4844/452 310/4845/453
f 300/4846/547 298/4847/545 312/4848/451 311/4849/452
f 298/4850/545 296/4851/543 313/4852/450 312/4853/451
f 296/4854/543 294/4855/541 314/4856/449 313/4857/450
f 294/4858/541 292/4859/539 315/4860/448 314/4861/449
f 292/4862/539 290/4863/537 316/4864/447 315/4865/448
f 290/4866/537 288/4867/535 317/4868/446 316/4869/447
f 288/4870/535 286/4871/533 318/4872/445 317/4873/446
f 286/4874/533 284/4875/531 319/4876/444 318/4877/445
f 284/4878/531 282/4879/529 320/4880/443 319/4881/444
f 282/4882/529 280/4883/527 321/4884/442 320/4885/443
f 280/4886/527 278/4887/525 322/4888/441 321/4889/442
f 278/4890/525 276/4891/523 323/4892/440 322/4893/441
f 276/4894/523 274/4895/521 324/4896/439 323/4897/440
f 274/4898/521 272/4899/519 325/4900/438 324/4901/439
f 272/4902/519 270/4903/517 326/4904/437 325/4905/438
f 270/4906/517 268/4907/515 327/4908/436 326/4909/437
f 268/4910/515 266/4911/513 328/4912/435 327/4913/436
f 266/4914/513 264/4915/511 329/4916/434 328/4917/435
f 264/4918/511 262/4919/509 330/4920/433 329/4921/434
f 262/4922/509 260/4923/507 331/4924/555 330/4925/433
f 260/4926/507 258/4927/505 332/4928/556 331/4929/555
f 258/4930/505 256/4931/503 333/4932/557 332/4933/556
f 256/4934/503 254/4935/501 334/4936/558 333/4937/557
f 254/4938/501 252/4939/499 335/4940/559 334/4941/558
f 252/4942/499 250/4943/497 336/4944/560 335/4945/559
f 250/4946/497 248/4947/495 337/4948/561 336/4949/560
f 248/4950/495 246/4951/493 338/4952/562 337/4953/561
f 246/4954/493 244/4955/491 339/4956/563 338/4957/562
f 244/4958/491 242/4959/489 340/4960/564 339/4961/563
f 242/4962/489 240/4963/487 341/4964/565 340/4965/564
f 240/4966/487 238/4967/485 342/4968/566 341/4969/565
f 238/4970/485 236/4971/483 343/4972/567 342/4973/566
f 236/4974/483 234/4975/481 344/4976/568 343/4977/567
f 234/4978/481 232/4979/479 345/4980/569 344/4981/568
f 232/4982/479 230/4983/477 346/4984/570 345/4985/569
f 230/4986/477 228/4987/475 347/4988/571 346/4989/570
f 228/4990/475 226/4991/473 348/4992/572 347/4993/571
f 226/4994/473 224/4995/471 349/4996/573 348/4997/572
f 224/4998/471 222/4999/469 350/5000/574 349/5001/573
f 222/5002/469 220/5003/467 351/5004/575 350/5005/574
f 220/5006/467 218/5007/465 352/5008/576 351/5009/575
f 218/5010/465 216/5011/463 353/5012/577 352/5013/576
f 216/5014/463 212/5015/460 354/5016/462 353/5017/577
f 330/4599/433 355/4598/432 364/5018/578 361/4596/430 207/4595/429 354/5019/462 353/5020/577 352/5021/576 351/5022/575 350/5023/574 349/5024/573 348/5025/572 347/5026/571 346/5027/570 345/5028/569 344/5029/568 343/5030/567 342/5031/566 341/5032/565 340/5033/564 339/5034/563 338/5035/562 337/5036/561 336/5037/560 335/5038/559 334/5039/558 333/5040/557 332/5041/556 331/5042/555
f 367/5043/225 438/5044/579 369/5045/227 368/5046/228
f 438/5047/579 370/5048/580 566/5049/230 369/5050/227
f 370/5051/580 371/5052/231 372/5053/232 566/5054/230
f 371/5055/231 373/5056/233 374/5057/234 372/5058/232
f 373/5059/233 375/5060/235 376/5061/236 374/5062/234
f 375/5063/235 377/5064/581 378/5065/582 376/5066/236
f 377/5067/581 540/5068/239 379/5069/240 378/5070/582
f 540/5071/239 380/5072/241 565/5073/242 379/5074/240
f 380/5075/241 381/5076/243 564/5077/583 565/5078/242
f 381/5079/243 382/5080/245 383/5081/246 564/5082/583
f 382/5083/245 384/5084/247 563/5085/584 383/5086/246
f 384/5087/247 541/5088/585 562/5089/250 563/5090/584
f 541/5091/585 542/5092/251 561/5093/586 562/5094/250
f 542/5095/251 543/5096/587 385/5097/254 561/5098/586
f 543/5099/587 386/5100/255 387/5101/256 385/5102/254
f 386/5103/255 544/5104/257 560/5105/588 387/5106/256
f 544/5107/257 388/5108/259 389/5109/589 560/5110/588
f 388/5111/259 390/5112/590 391/5113/591 389/5114/589
f 390/5115/590 392/5116/592 559/5117/593 391/5118/591
f 392/5119/592 545/5120/265 393/5121/266 559/5122/593
f 545/5123/265 394/5124/594 395/5125/268 393/5126/266
f 394/5127/594 396/5128/269 397/5129/270 395/5130/268
f 396/5131/269 398/5132/271 399/5133/272 397/5134/270
f 398/5135/271 546/5136/595 400/5137/274 399/5138/272
f 546/5139/595 401/5140/275 402/5141/276 400/5142/274
f 401/5140/275 547/5143/596 403/5144/278 402/5141/276
f 547/5145/596 404/5146/279 405/5147/280 403/5148/278
f 404/5149/279 406/5150/281 407/5151/282 405/5152/280
f 406/5153/281 408/5154/283 558/5155/284 407/5156/282
f 408/5157/283 409/5158/597 557/5159/286 558/5160/284
f 409/5161/597 410/5162/287 411/5163/288 557/5164/286
f 410/5165/287 412/5166/289 413/5167/290 411/5168/288
f 412/5169/289 414/5170/291 415/5171/292 413/5172/290
f 414/5173/291 548/5174/293 416/5175/294 415/5176/292
f 548/5177/293 417/5178/598 556/5179/296 416/5180/294
f 417/5181/598 418/5182/297 419/5183/599 556/5184/296
f 418/5185/297 420/5186/299 555/5187/300 419/5188/599
f 420/5189/299 421/5190/600 422/5191/302 555/5192/300
f 421/5193/600 549/5194/601 554/5195/304 422/5196/302
f 549/5197/601 423/5198/305 424/5199/306 554/5200/304
f 423/5201/305 425/5202/602 426/5203/603 424/5204/306
f 425/5205/602 427/5206/309 428/5207/310 426/5208/603
f 427/5209/309 429/5210/604 553/5211/312 428/5212/310
f 429/5213/604 430/5214/313 431/5215/605 553/5216/312
f 430/5217/313 432/5218/315 552/5219/316 431/5220/605
f 432/5221/315 550/5222/317 433/5223/606 552/5224/316
f 550/5225/317 434/5226/607 435/5227/320 433/5228/606
f 434/5229/607 436/5230/321 437/5231/322 435/5232/320
f 436/5233/321 439/5234/323 551/5235/324 437/5236/322
f 439/5237/323 367/5238/225 368/5239/228 551/5240/324
f 367/5241/225 440/5242/325 442/5243/608 438/5244/579
f 439/5245/323 443/5246/327 440/5247/325 367/5248/225
f 443/5249/327 445/5250/328 441/5251/329 440/5252/325
f 440/5253/325 441/5254/329 539/5255/330 442/5256/608
f 444/5257/331 446/5258/332 445/5259/328 443/5260/327
f 436/5261/321 444/5262/331 443/5263/327 439/5264/323
f 448/5265/333 447/5266/334 446/5267/332 444/5268/331
f 450/5269/335 449/5270/336 447/5271/334 448/5272/333
f 452/5273/337 451/5274/338 449/5275/336 450/5276/335
f 454/5277/339 453/5278/340 451/5274/338 452/5279/337
f 456/5280/341 455/5281/342 453/5282/340 454/5283/339
f 458/5284/343 457/5285/344 455/5286/342 456/5287/341
f 460/5288/345 459/5289/346 457/5290/344 458/5291/343
f 462/5292/609 461/5293/348 459/5294/346 460/5295/345
f 464/5296/349 463/5297/350 461/5298/348 462/5299/609
f 466/5300/610 465/5301/352 463/5302/350 464/5303/349
f 468/5304/353 467/5305/354 465/5306/352 466/5307/610
f 470/5308/355 469/5309/356 467/5310/354 468/5311/353
f 472/5312/357 471/5313/358 469/5314/356 470/5315/355
f 474/5316/359 473/5317/360 471/5318/358 472/5319/357
f 476/5320/361 475/5321/362 473/5322/360 474/5323/359
f 478/5324/363 477/5325/364 475/5326/362 476/5327/361
f 480/5328/365 479/5329/366 477/5330/364 478/5331/363
f 482/5332/367 481/5333/368 479/5334/366 480/5335/365
f 484/5336/611 483/5337/370 481/5338/368 482/5339/367
f 486/5340/371 485/5341/372 483/5342/370 484/5343/611
f 488/5344/373 487/5345/374 485/5346/372 486/5347/371
f 490/5348/375 489/5349/376 487/5350/374 488/5351/373
f 492/5352/377 491/5353/378 489/5354/376 490/5355/375
f 494/5356/379 493/5357/380 491/5358/378 492/5359/377
f 496/5360/612 495/5361/382 493/5362/380 494/5363/379
f 498/5364/613 497/5365/384 495/5366/382 496/5367/612
f 500/5368/614 499/5369/386 497/5370/384 498/5371/613
f 502/5372/615 501/5373/388 499/5374/386 500/5375/614
f 504/5376/616 503/5377/390 501/5378/388 502/5379/615
f 506/5380/391 505/5381/392 503/5382/390 504/5383/616
f 508/5384/617 507/5385/618 505/5386/392 506/5387/391
f 510/5388/395 509/5389/396 507/5390/618 508/5391/617
f 512/5392/397 511/5393/398 509/5394/396 510/5395/395
f 514/5396/619 513/5397/400 511/5398/398 512/5399/397
f 516/5400/620 515/5401/402 513/5402/400 514/5403/619
f 518/5404/403 517/5405/404 515/5406/402 516/5407/620
f 520/5408/621 519/5409/406 517/5410/404 518/5411/403
f 522/5412/622 521/5413/408 519/5414/406 520/5415/621
f 524/5416/409 523/5417/410 521/5418/408 522/5419/622
f 526/5420/411 525/5421/412 523/5422/410 524/5423/409
f 528/5424/413 527/5425/414 525/5426/412 526/5427/411
f 530/5428/415 529/5429/416 527/5430/414 528/5431/413
f 532/5432/417 531/5433/418 529/5434/416 530/5435/415
f 534/5436/419 533/5437/420 531/5438/418 532/5439/417
f 536/5440/421 535/5441/422 533/5442/420 534/5443/419
f 538/5444/423 537/5445/424 535/5446/422 536/5447/421
f 442/5448/608 539/5449/330 537/5450/424 538/5451/423
f 438/5452/579 442/5453/608 538/5454/423 370/5455/580
f 370/5456/580 538/5457/423 536/5458/421 371/5459/231
f 371/5460/231 536/5461/421 534/5462/419 373/5463/233
f 373/5464/233 534/5465/419 532/5466/417 375/5467/235
f 375/5468/235 532/5469/417 530/5470/415 377/5471/581
f 377/5472/581 530/5473/415 528/5474/413 540/5475/239
f 540/5476/239 528/5477/413 526/5478/411 380/5479/241
f 380/5480/241 526/5481/411 524/5482/409 381/5483/243
f 381/5484/243 524/5485/409 522/5486/622 382/5487/245
f 382/5488/245 522/5489/622 520/5490/621 384/5491/247
f 384/5492/247 520/5493/621 518/5494/403 541/5495/585
f 541/5496/585 518/5497/403 516/5498/620 542/5499/251
f 542/5500/251 516/5501/620 514/5502/619 543/5503/587
f 543/5504/587 514/5396/619 512/5505/397 386/5506/255
f 386/5507/255 512/5508/397 510/5395/395 544/5509/257
f 544/5510/257 510/5388/395 508/5391/617 388/5511/259
f 388/5512/259 508/5384/617 506/5387/391 390/5513/590
f 390/5514/590 506/5380/391 504/5515/616 392/5516/592
f 392/5517/592 504/5376/616 502/5379/615 545/5518/265
f 545/5519/265 502/5520/615 500/5375/614 394/5521/594
f 394/5522/594 500/5368/614 498/5523/613 396/5524/269
f 396/5525/269 498/5526/613 496/5527/612 398/5528/271
f 398/5529/271 496/5530/612 494/5531/379 546/5532/595
f 546/5533/595 494/5534/379 492/5535/377 401/5536/275
f 401/5536/275 492/5537/377 490/5538/375 547/5539/596
f 547/5540/596 490/5541/375 488/5344/373 404/5542/279
f 404/5543/279 488/5544/373 486/5545/371 406/5546/281
f 406/5547/281 486/5548/371 484/5549/611 408/5550/283
f 408/5551/283 484/5552/611 482/5553/367 409/5554/597
f 409/5555/597 482/5556/367 480/5557/365 410/5558/287
f 410/5559/287 480/5560/365 478/5561/363 412/5562/289
f 412/5563/289 478/5564/363 476/5565/361 414/5566/291
f 414/5567/291 476/5568/361 474/5569/359 548/5570/293
f 548/5571/293 474/5572/359 472/5573/357 417/5574/598
f 417/5575/598 472/5576/357 470/5577/355 418/5578/297
f 418/5579/297 470/5580/355 468/5581/353 420/5582/299
f 420/5583/299 468/5584/353 466/5585/610 421/5586/600
f 421/5587/600 466/5588/610 464/5589/349 549/5590/601
f 549/5591/601 464/5592/349 462/5593/609 423/5594/305
f 423/5595/305 462/5292/609 460/5596/345 425/5597/602
f 425/5598/602 460/5288/345 458/5291/343 427/5599/309
f 427/5600/309 458/5284/343 456/5287/341 429/5601/604
f 429/5602/604 456/5280/341 454/5283/339 430/5603/313
f 430/5604/313 454/5605/339 452/5279/337 432/5606/315
f 432/5607/315 452/5273/337 450/5608/335 550/5609/317
f 550/5610/317 450/5611/335 448/5612/333 434/5613/607
f 434/5614/607 448/5615/333 444/5616/331 436/5617/321
f 369/5618/227 566/5619/230 372/5620/232 374/5621/234 376/5622/236 378/5623/582 379/5624/240 565/5625/242 564/5626/583 383/5627/246 563/5628/584 562/5629/250 561/5630/586 385/5631/254 387/5632/256 560/5633/588 389/5634/589 391/5635/591 559/5636/593 393/5637/266 395/5638/268 397/5639/270 399/5640/272 400/5641/274 402/5642/276 403/5643/278 405/5644/280 407/5645/282 558/5646/284 557/5647/286 411/5648/288 413/5649/290 415/5650/292 416/5651/294 556/5652/296 419/5653/599 555/5654/300 422/5655/302 554/5656/304 424/5657/306 426/5658/603 428/5659/310 553/5660/312 431/5661/605 552/5662/316 433/5663/606 435/5664/320 437/5665/322 551/5666/324 368/5667/228
f 570/5668/425 572/5669/426 568/5670/227 567/5671/228
f 568/5672/227 670/5673/230 671/5674/232 672/5675/234 673/5676/623 674/5677/624 675/5678/240 676/5679/242 677/5680/244 678/5681/246 679/5682/248 680/5683/250 681/5684/625 682/5685/254 683/5686/256 684/5687/626 685/5688/260 686/5689/591 687/5690/627 688/5691/266 689/5692/268 690/5693/270 691/5694/272 692/5695/274 693/5696/276 694/5697/278 695/5698/280 696/5699/282 697/5700/284 698/5701/286 699/5702/628 700/5703/290 701/5704/292 702/5705/629 703/5706/296 704/5707/630 705/5708/631 706/5709/632 707/5710/304 708/5711/306 709/5712/633 710/5713/310 711/5714/312 712/5715/605 713/5716/634 714/5717/318 715/5718/320 716/5719/322 569/5720/324 567/5721/228
f 573/5722/456 570/5723/425 567/5724/228 569/5725/324
f 573/5726/456 575/5727/457 571/5728/458 570/5729/425
f 570/5730/425 571/5731/458 669/5732/459 572/5733/426
f 574/5734/460 576/5735/461 575/5736/457 573/5737/456
f 574/5738/460 573/5739/456 569/5740/324 716/5741/322
f 578/5742/635 577/5743/464 576/5744/461 574/5745/460
f 580/5746/465 579/5747/466 577/5748/464 578/5749/635
f 582/5750/467 581/5751/468 579/5752/466 580/5753/465
f 584/5754/469 583/5755/470 581/5756/468 582/5757/467
f 586/5758/471 585/5759/472 583/5760/470 584/5761/469
f 588/5762/473 587/5763/474 585/5764/472 586/5765/471
f 590/5766/636 589/5767/476 587/5768/474 588/5769/473
f 592/5770/477 591/5771/478 589/5772/476 590/5773/636
f 594/5774/479 593/5775/480 591/5776/478 592/5777/477
f 596/5778/481 595/5779/637 593/5780/480 594/5781/479
f 598/5782/483 597/5783/484 595/5784/637 596/5785/481
f 600/5786/485 599/5787/486 597/5788/484 598/5789/483
f 602/5790/487 601/5791/488 599/5792/486 600/5793/485
f 604/5794/638 603/5795/490 601/5796/488 602/5797/487
f 606/5798/491 605/5799/492 603/5800/490 604/5801/638
f 608/5802/493 607/5803/639 605/5804/492 606/5805/491
f 610/5806/495 609/5807/496 607/5808/639 608/5809/493
f 612/5810/497 611/5811/498 609/5812/496 610/5813/495
f 614/5814/499 613/5815/500 611/5816/498 612/5817/497
f 616/5818/501 615/5819/502 613/5820/500 614/5821/499
f 618/5822/503 617/5823/504 615/5824/502 616/5825/501
f 620/5826/505 619/5827/506 617/5828/504 618/5829/503
f 622/5830/507 621/5831/508 619/5832/506 620/5833/505
f 624/5834/509 623/5835/510 621/5836/508 622/5837/507
f 626/5838/511 625/5839/512 623/5840/510 624/5841/509
f 628/5842/513 627/5843/514 625/5844/512 626/5845/511
f 630/5846/515 629/5847/516 627/5848/514 628/5849/513
f 632/5850/517 631/5851/518 629/5852/516 630/5853/515
f 634/5854/519 633/5855/520 631/5856/518 632/5857/517
f 636/5858/521 635/5859/640 633/5860/520 634/5861/519
f 638/5862/523 637/5863/524 635/5864/640 636/5865/521
f 640/5866/525 639/5867/526 637/5868/524 638/5869/523
f 642/5870/527 641/5871/528 639/5872/526 640/5873/525
f 644/5874/529 643/5875/530 641/5876/528 642/5877/527
f 646/5878/531 645/5879/641 643/5880/530 644/5881/529
f 648/5882/533 647/5883/534 645/5884/641 646/5885/531
f 650/5886/535 649/5887/536 647/5888/534 648/5889/533
f 652/5890/537 651/5891/538 649/5892/536 650/5893/535
f 654/5894/642 653/5895/540 651/5896/538 652/5897/537
f 656/5898/541 655/5899/542 653/5900/540 654/5901/642
f 658/5902/543 657/5903/544 655/5904/542 656/5905/541
f 660/5906/545 659/5907/546 657/5908/544 658/5909/543
f 662/5910/547 661/5911/548 659/5912/546 660/5913/545
f 664/5914/549 663/5915/550 661/5916/548 662/5917/547
f 666/5918/643 665/5919/552 663/5920/550 664/5921/549
f 668/5922/553 667/5923/554 665/5924/552 666/5925/643
f 572/5926/426 669/5927/459 667/5928/554 668/5929/553
f 572/5930/426 668/5931/553 670/5932/230 568/5933/227
f 668/5934/553 666/5935/643 671/5936/232 670/5937/230
f 666/5938/643 664/5939/549 672/5940/234 671/5941/232
f 664/5942/549 662/5943/547 673/5944/623 672/5945/234
f 662/5946/547 660/5947/545 674/5948/624 673/5949/623
f 660/5950/545 658/5951/543 675/5952/240 674/5953/624
f 658/5954/543 656/5955/541 676/5956/242 675/5957/240
f 656/5958/541 654/5959/642 677/5960/244 676/5961/242
f 654/5962/642 652/5963/537 678/5964/246 677/5965/244
f 652/5966/537 650/5967/535 679/5968/248 678/5969/246
f 650/5970/535 648/5971/533 680/5972/250 679/5973/248
f 648/5974/533 646/5975/531 681/5976/625 680/5977/250
f 646/5978/531 644/5979/529 682/5980/254 681/5981/625
f 644/5982/529 642/5983/527 683/5984/256 682/5985/254
f 642/5986/527 640/5987/525 684/5988/626 683/5989/256
f 640/5990/525 638/5991/523 685/5992/260 684/5993/626
f 638/5994/523 636/5995/521 686/5996/591 685/5997/260
f 636/5998/521 634/5999/519 687/6000/627 686/6001/591
f 634/6002/519 632/6003/517 688/6004/266 687/6005/627
f 632/6006/517 630/6007/515 689/6008/268 688/6009/266
f 630/6010/515 628/6011/513 690/6012/270 689/6013/268
f 628/6014/513 626/6015/511 691/6016/272 690/6017/270
f 626/6018/511 624/6019/509 692/6020/274 691/6021/272
f 624/6022/509 622/6023/507 693/6024/276 692/6025/274
f 622/6023/507 620/6026/505 694/6027/278 693/6024/276
f 620/6028/505 618/6029/503 695/6030/280 694/6031/278
f 618/6032/503 616/6033/501 696/6034/282 695/6035/280
f 616/6036/501 614/6037/499 697/6038/284 696/6039/282
f 614/6040/499 612/6041/497 698/6042/286 697/6043/284
f 612/6044/497 610/6045/495 699/6046/628 698/6047/286
f 610/6048/495 608/6049/493 700/6050/290 699/6051/628
f 608/6052/493 606/6053/491 701/6054/292 700/6055/290
f 606/6056/491 604/6057/638 702/6058/629 701/6059/292
f 604/6060/638 602/6061/487 703/6062/296 702/6063/629
f 602/6064/487 600/6065/485 704/6066/630 703/6067/296
f 600/6068/485 598/6069/483 705/6070/631 704/6071/630
f 598/6072/483 596/6073/481 706/6074/632 705/6075/631
f 596/6076/481 594/6077/479 707/6078/304 706/6079/632
f 594/6080/479 592/6081/477 708/6082/306 707/6083/304
f 592/6084/477 590/6085/636 709/6086/633 708/6087/306
f 590/6088/636 588/6089/473 710/6090/310 709/6091/633
f 588/6092/473 586/6093/471 711/6094/312 710/6095/310
f 586/6096/471 584/6097/469 712/6098/605 711/6099/312
f 584/6100/469 582/6101/467 713/6102/634 712/6103/605
f 582/6104/467 580/6105/465 714/6106/318 713/6107/634
f 580/6108/465 578/6109/635 715/6110/320 714/6111/318
f 578/6112/635 574/6113/460 716/6114/322 715/6115/320
f 1771/6116/644 1772/6117/428 1774/6118/427 1773/6119/645
f 1773/6120/645 1774/6121/427 1776/6122/455 1775/6123/646
f 1775/6124/646 1776/6125/455 1778/6126/454 1777/6127/647
f 1777/6128/647 1778/6129/454 1780/6130/453 1779/6131/648
f 1779/6132/648 1780/6133/453 1781/6134/452 1952/6135/649
f 1952/6136/649 1781/6137/452 1783/6138/650 1782/6139/651
f 1782/6140/651 1783/6141/650 1785/6142/450 1784/6143/652
f 1784/6144/652 1785/6145/450 1787/6146/449 1786/6147/653
f 1786/6148/653 1787/6149/449 1789/6150/654 1788/6151/655
f 1788/6152/655 1789/6153/654 1791/6154/447 1790/6155/656
f 1790/6156/656 1791/6157/447 1792/6158/446 1953/6159/657
f 1953/6160/657 1792/6161/446 1793/6162/445 1954/6163/658
f 1954/6164/658 1793/6165/445 1970/6166/659 1794/6167/660
f 1794/6168/660 1970/6169/659 1796/6170/443 1795/6171/661
f 1795/6172/661 1796/6173/443 1798/6174/442 1797/6175/662
f 1797/6176/662 1798/6177/442 1969/6178/663 1799/6179/664
f 1799/6180/664 1969/6181/663 1800/6182/440 1955/6183/665
f 1955/6184/665 1800/6185/440 1968/6186/666 1801/6187/667
f 1801/6188/667 1968/6189/666 1803/6190/668 1802/6191/669
f 1802/6192/669 1803/6193/668 1805/6194/437 1804/6195/670
f 1804/6196/670 1805/6197/437 1806/6198/436 1956/6199/671
f 1956/6200/671 1806/6201/436 1808/6202/435 1807/6203/672
f 1807/6204/672 1808/6205/435 1810/6206/434 1809/6207/673
f 1809/6208/673 1810/6209/434 1812/6210/433 1811/6211/674
f 1811/6212/674 1812/6213/433 1813/6214/555 1957/6215/675
f 1957/6216/675 1813/6217/555 1815/6218/556 1814/6219/676
f 1814/6220/676 1815/6221/556 1967/6222/557 1816/6223/677
f 1816/6224/677 1967/6225/557 1818/6226/558 1817/6227/678
f 1817/6228/678 1818/6229/558 1820/6230/559 1819/6231/679
f 1819/6232/679 1820/6233/559 1822/6234/560 1821/6235/680
f 1821/6236/680 1822/6237/560 1824/6238/561 1823/6239/681
f 1823/6240/681 1824/6241/561 1826/6242/562 1825/6243/682
f 1825/6244/682 1826/6245/562 1966/6246/563 1827/6247/683
f 1827/6248/683 1966/6249/563 1829/6250/684 1828/6251/685
f 1828/6252/685 1829/6253/684 1830/6254/565 1958/6255/686
f 1958/6256/686 1830/6257/565 1965/6258/687 1831/6259/688
f 1831/6260/688 1965/6261/687 1833/6262/689 1832/6263/690
f 1832/6264/690 1833/6265/689 1834/6266/691 1959/6267/692
f 1959/6268/692 1834/6269/691 1964/6270/569 1835/6271/693
f 1835/6272/693 1964/6273/569 1837/6274/570 1836/6275/694
f 1836/6276/694 1837/6277/570 1838/6278/695 1960/6279/696
f 1960/6280/696 1838/6281/695 1963/6282/572 1839/6283/697
f 1839/6284/697 1963/6285/572 1840/6286/573 1961/6287/698
f 1961/6288/698 1840/6289/573 1842/6290/699 1841/6291/700
f 1841/6292/700 1842/6293/699 1844/6294/575 1843/6295/701
f 1843/6296/701 1844/6297/575 1846/6298/576 1845/6299/702
f 1845/6300/702 1846/6301/576 1848/6302/577 1847/6303/703
f 1847/6304/703 1848/6305/577 1849/6306/462 1962/6307/704
f 1962/6308/704 1849/6309/462 1851/6310/429 1850/6311/705
f 1850/6312/705 1851/6313/429 1772/6314/428 1771/6315/644
f 1771/6316/644 1773/6317/645 1854/6318/706 1852/6319/707
f 1850/6320/705 1771/6321/644 1852/6322/707 1855/6323/708
f 1855/6324/708 1852/6325/707 1853/6326/709 1857/6327/710
f 1852/6319/707 1854/6328/706 1951/6329/711 1853/6330/709
f 1856/6331/712 1855/6332/708 1857/6333/710 1858/6334/713
f 1962/6335/704 1850/6336/705 1855/6332/708 1856/6337/712
f 1860/6338/714 1856/6339/712 1858/6340/713 1859/6341/715
f 1862/6342/716 1860/6343/714 1859/6344/715 1861/6345/717
f 1864/6346/718 1862/6347/716 1861/6348/717 1863/6349/719
f 1866/6350/720 1864/6351/718 1863/6352/719 1865/6353/721
f 1868/6354/722 1866/6355/720 1865/6356/721 1867/6357/723
f 1870/6358/724 1868/6359/722 1867/6360/723 1869/6361/725
f 1872/6362/726 1870/6363/724 1869/6364/725 1871/6365/727
f 1874/6366/728 1872/6367/726 1871/6368/727 1873/6369/729
f 1876/6370/730 1874/6371/728 1873/6372/729 1875/6373/731
f 1878/6374/732 1876/6375/730 1875/6376/731 1877/6377/733
f 1880/6378/734 1878/6379/732 1877/6380/733 1879/6381/735
f 1882/6382/736 1880/6383/734 1879/6384/735 1881/6385/737
f 1884/6386/738 1882/6387/736 1881/6388/737 1883/6389/739
f 1886/6390/740 1884/6391/738 1883/6392/739 1885/6393/741
f 1888/6394/742 1886/6395/740 1885/6396/741 1887/6397/743
f 1890/6398/744 1888/6399/742 1887/6400/743 1889/6401/745
f 1892/6402/746 1890/6403/744 1889/6404/745 1891/6405/747
f 1894/6406/748 1892/6407/746 1891/6408/747 1893/6409/749
f 1896/6410/750 1894/6411/748 1893/6412/749 1895/6413/751
f 1898/6414/752 1896/6415/750 1895/6416/751 1897/6417/753
f 1900/6418/754 1898/6419/752 1897/6420/753 1899/6421/755
f 1902/6422/756 1900/6423/754 1899/6424/755 1901/6425/757
f 1904/6426/758 1902/6427/756 1901/6428/757 1903/6429/759
f 1906/6430/760 1904/6431/758 1903/6432/759 1905/6433/761
f 1908/6434/762 1906/6435/760 1905/6436/761 1907/6437/763
f 1910/6438/764 1908/6439/762 1907/6440/763 1909/6441/765
f 1912/6442/766 1910/6443/764 1909/6444/765 1911/6445/767
f 1914/6446/768 1912/6447/766 1911/6448/767 1913/6449/769
f 1916/6450/770 1914/6451/768 1913/6452/769 1915/6453/771
f 1918/6454/772 1916/6455/770 1915/6456/771 1917/6457/773
f 1920/6458/774 1918/6459/772 1917/6460/773 1919/6461/775
f 1922/6462/776 1920/6463/774 1919/6464/775 1921/6465/777
f 1924/6466/778 1922/6467/776 1921/6468/777 1923/6469/779
f 1926/6470/780 1924/6471/778 1923/6472/779 1925/6473/781
f 1928/6474/782 1926/6475/780 1925/6476/781 1927/6477/783
f 1930/6478/784 1928/6479/782 1927/6480/783 1929/6481/785
f 1932/6482/786 1930/6483/784 1929/6484/785 1931/6485/787
f 1934/6486/788 1932/6487/786 1931/6488/787 1933/6489/789
f 1936/6490/790 1934/6491/788 1933/6492/789 1935/6493/791
f 1938/6494/792 1936/6495/790 1935/6496/791 1937/6497/793
f 1940/6498/794 1938/6499/792 1937/6500/793 1939/6501/795
f 1942/6502/796 1940/6503/794 1939/6504/795 1941/6505/797
f 1944/6506/798 1942/6507/796 1941/6508/797 1943/6509/799
f 1946/6510/800 1944/6511/798 1943/6512/799 1945/6513/801
f 1948/6514/802 1946/6515/800 1945/6516/801 1947/6517/803
f 1950/6518/804 1948/6519/802 1947/6520/803 1949/6521/805
f 1854/6522/706 1950/6523/804 1949/6524/805 1951/6525/711
f 1773/6526/645 1775/6527/646 1950/6528/804 1854/6522/706
f 1775/6529/646 1777/6530/647 1948/6519/802 1950/6518/804
f 1777/6531/647 1779/6532/648 1946/6533/800 1948/6534/802
f 1779/6535/648 1952/6536/649 1944/6537/798 1946/6510/800
f 1952/6538/649 1782/6539/651 1942/6540/796 1944/6541/798
f 1782/6542/651 1784/6543/652 1940/6503/794 1942/6502/796
f 1784/6544/652 1786/6545/653 1938/6546/792 1940/6498/794
f 1786/6547/653 1788/6548/655 1936/6549/790 1938/6550/792
f 1788/6551/655 1790/6552/656 1934/6553/788 1936/6554/790
f 1790/6555/656 1953/6556/657 1932/6557/786 1934/6558/788
f 1953/6559/657 1954/6560/658 1930/6561/784 1932/6562/786
f 1954/6563/658 1794/6564/660 1928/6565/782 1930/6566/784
f 1794/6567/660 1795/6568/661 1926/6569/780 1928/6570/782
f 1795/6571/661 1797/6572/662 1924/6573/778 1926/6574/780
f 1797/6575/662 1799/6576/664 1922/6467/776 1924/6577/778
f 1799/6578/664 1955/6579/665 1920/6463/774 1922/6580/776
f 1955/6581/665 1801/6582/667 1918/6459/772 1920/6458/774
f 1801/6583/667 1802/6584/669 1916/6455/770 1918/6585/772
f 1802/6586/669 1804/6587/670 1914/6451/768 1916/6588/770
f 1804/6589/670 1956/6590/671 1912/6591/766 1914/6592/768
f 1956/6593/671 1807/6594/672 1910/6595/764 1912/6442/766
f 1807/6596/672 1809/6597/673 1908/6598/762 1910/6599/764
f 1809/6600/673 1811/6601/674 1906/6602/760 1908/6603/762
f 1811/6604/674 1957/6605/675 1904/6606/758 1906/6607/760
f 1957/6608/675 1814/6609/676 1902/6610/756 1904/6611/758
f 1814/6612/676 1816/6613/677 1900/6614/754 1902/6615/756
f 1816/6616/677 1817/6617/678 1898/6618/752 1900/6619/754
f 1817/6620/678 1819/6621/679 1896/6622/750 1898/6623/752
f 1819/6624/679 1821/6625/680 1894/6626/748 1896/6627/750
f 1821/6628/680 1823/6629/681 1892/6630/746 1894/6631/748
f 1823/6632/681 1825/6633/682 1890/6634/744 1892/6635/746
f 1825/6636/682 1827/6637/683 1888/6638/742 1890/6639/744
f 1827/6640/683 1828/6641/685 1886/6642/740 1888/6643/742
f 1828/6644/685 1958/6645/686 1884/6646/738 1886/6647/740
f 1958/6648/686 1831/6649/688 1882/6650/736 1884/6651/738
f 1831/6652/688 1832/6653/690 1880/6654/734 1882/6655/736
f 1832/6656/690 1959/6657/692 1878/6658/732 1880/6659/734
f 1959/6660/692 1835/6661/693 1876/6662/730 1878/6663/732
f 1835/6664/693 1836/6665/694 1874/6371/728 1876/6666/730
f 1836/6667/694 1960/6668/696 1872/6669/726 1874/6366/728
f 1960/6670/696 1839/6671/697 1870/6363/724 1872/6672/726
f 1839/6673/697 1961/6674/698 1868/6359/722 1870/6358/724
f 1961/6675/698 1841/6676/700 1866/6355/720 1868/6354/722
f 1841/6677/700 1843/6678/701 1864/6679/718 1866/6680/720
f 1843/6681/701 1845/6682/702 1862/6683/716 1864/6346/718
f 1845/6684/702 1847/6685/703 1860/6686/714 1862/6687/716
f 1847/6688/703 1962/6689/704 1856/6690/712 1860/6691/714
f 1774/6692/427 1772/6693/428 1851/6694/429 1849/6695/462 1848/6696/577 1846/6697/576 1844/6698/575 1842/6699/699 1840/6700/573 1963/6701/572 1838/6702/695 1837/6703/570 1964/6704/569 1834/6705/691 1833/6706/689 1965/6707/687 1830/6708/565 1829/6709/684 1966/6710/563 1826/6711/562 1824/6712/561 1822/6713/560 1820/6714/559 1818/6715/558 1967/6716/557 1815/6717/556 1813/6718/555 1812/6719/433 1810/6720/434 1808/6721/435 1806/6722/436 1805/6723/437 1803/6724/668 1968/6725/666 1800/6726/440 1969/6727/663 1798/6728/442 1796/6729/443 1970/6730/659 1793/6731/445 1792/6732/446 1791/6733/447 1789/6734/654 1787/6735/449 1785/6736/450 1783/6737/650 1781/6738/452 1780/6739/453 1778/6740/454 1776/6741/455
f 1974/6742/806 1971/6743/228 1972/6744/227 1976/6745/807
f 1972/6746/227 2074/6747/230 2075/6748/232 2076/6749/234 2077/6750/236 2078/6751/624 2079/6752/240 2080/6753/242 2081/6754/808 2082/6755/246 2083/6756/248 2084/6757/250 2085/6758/586 2086/6759/254 2087/6760/256 2088/6761/626 2089/6762/260 2090/6763/591 2091/6764/627 2092/6765/266 2093/6766/268 2094/6767/270 2095/6768/272 2096/6769/274 2121/6770/809 2124/6771/810 2127/6772/811 1973/6773/324 1971/6774/228
f 1977/6775/812 1973/6776/324 1971/6777/228 1974/6778/806
f 1977/6779/812 1974/6780/806 1975/6781/813 1979/6782/814
f 1974/6783/806 1976/6784/807 2073/6785/815 1975/6786/813
f 1978/6787/816 1977/6788/812 1979/6789/814 1980/6790/817
f 1978/6791/816 2120/6792/322 1973/6793/324 1977/6794/812
f 1982/6795/818 1978/6796/816 1980/6797/817 1981/6798/819
f 1984/6799/820 1982/6800/818 1981/6801/819 1983/6802/821
f 1986/6803/822 1984/6804/820 1983/6805/821 1985/6806/823
f 1988/6807/824 1986/6808/822 1985/6809/823 1987/6810/825
f 1990/6811/826 1988/6812/824 1987/6813/825 1989/6814/827
f 1992/6815/828 1990/6816/826 1989/6817/827 1991/6818/829
f 1994/6819/830 1992/6820/828 1991/6821/829 1993/6822/831
f 1996/6823/832 1994/6824/830 1993/6825/831 1995/6826/833
f 1998/6827/834 1996/6828/832 1995/6829/833 1997/6830/835
f 2000/6831/836 1998/6832/834 1997/6833/835 1999/6834/837
f 2002/6835/838 2000/6836/836 1999/6837/837 2001/6838/839
f 2004/6839/840 2002/6840/838 2001/6841/839 2003/6842/841
f 2006/6843/842 2004/6844/840 2003/6845/841 2005/6846/843
f 2008/6847/844 2006/6848/842 2005/6849/843 2007/6850/845
f 2010/6851/846 2008/6852/844 2007/6853/845 2009/6854/847
f 2012/6855/848 2010/6856/846 2009/6857/847 2011/6858/849
f 2014/6859/850 2012/6860/848 2011/6861/849 2013/6862/851
f 2016/6863/852 2014/6864/850 2013/6865/851 2015/6866/853
f 2018/6867/854 2016/6868/852 2015/6869/853 2017/6870/855
f 2020/6871/856 2018/6872/854 2017/6873/855 2019/6874/857
f 2022/6875/858 2020/6876/856 2019/6877/857 2021/6878/859
f 2024/6879/860 2022/6880/858 2021/6881/859 2023/6882/861
f 2026/6883/862 2024/6884/860 2023/6885/861 2025/6886/863
f 2028/6887/864 2026/6888/862 2025/6889/863 2027/6890/865
f 2030/6891/866 2028/6892/864 2027/6893/865 2029/6894/867
f 2032/6895/868 2030/6896/866 2029/6897/867 2031/6898/869
f 2034/6899/870 2032/6900/868 2031/6901/869 2033/6902/871
f 2036/6903/872 2034/6904/870 2033/6905/871 2035/6906/873
f 2038/6907/874 2036/6908/872 2035/6909/873 2037/6910/875
f 2040/6911/876 2038/6912/874 2037/6913/875 2039/6914/877
f 2042/6915/878 2040/6916/876 2039/6917/877 2041/6918/879
f 2044/6919/880 2042/6920/878 2041/6921/879 2043/6922/881
f 2046/6923/882 2044/6924/880 2043/6925/881 2045/6926/883
f 2048/6927/884 2046/6928/882 2045/6929/883 2047/6930/885
f 2050/6931/886 2048/6932/884 2047/6933/885 2049/6934/887
f 2052/6935/888 2050/6936/886 2049/6937/887 2051/6938/889
f 2054/6939/890 2052/6940/888 2051/6941/889 2053/6942/891
f 2056/6943/892 2054/6944/890 2053/6945/891 2055/6946/893
f 2058/6947/894 2056/6948/892 2055/6949/893 2057/6950/895
f 2060/6951/896 2058/6952/894 2057/6953/895 2059/6954/897
f 2062/6955/898 2060/6956/896 2059/6957/897 2061/6958/899
f 2064/6959/900 2062/6960/898 2061/6961/899 2063/6962/901
f 2066/6963/902 2064/6964/900 2063/6965/901 2065/6966/903
f 2068/6967/904 2066/6968/902 2065/6969/903 2067/6970/905
f 2070/6971/906 2068/6972/904 2067/6973/905 2069/6974/907
f 2072/6975/908 2070/6976/906 2069/6977/907 2071/6978/909
f 1976/6979/807 2072/6980/908 2071/6981/909 2073/6982/815
f 1976/6983/807 1972/6984/227 2074/6985/230 2072/6986/908
f 2072/6987/908 2074/6988/230 2075/6989/232 2070/6990/906
f 2070/6991/906 2075/6992/232 2076/6993/234 2068/6994/904
f 2068/6995/904 2076/6996/234 2077/6997/236 2066/6998/902
f 2066/6999/902 2077/7000/236 2078/7001/624 2064/7002/900
f 2064/7003/900 2078/7004/624 2079/7005/240 2062/7006/898
f 2062/7007/898 2079/7008/240 2080/7009/242 2060/7010/896
f 2060/7011/896 2080/7012/242 2081/7013/808 2058/7014/894
f 2058/7015/894 2081/7016/808 2082/7017/246 2056/7018/892
f 2056/7019/892 2082/7020/246 2083/7021/248 2054/7022/890
f 2054/7023/890 2083/7024/248 2084/7025/250 2052/7026/888
f 2052/7027/888 2084/7028/250 2085/7029/586 2050/7030/886
f 2050/7031/886 2085/7032/586 2086/7033/254 2048/7034/884
f 2048/7035/884 2086/7036/254 2087/7037/256 2046/7038/882
f 2046/7039/882 2087/7040/256 2088/7041/626 2044/7042/880
f 2044/7043/880 2088/7044/626 2089/7045/260 2042/7046/878
f 2042/7047/878 2089/7048/260 2090/7049/591 2040/7050/876
f 2040/7051/876 2090/7052/591 2091/7053/627 2038/7054/874
f 2038/7055/874 2091/7056/627 2092/7057/266 2036/7058/872
f 2036/7059/872 2092/7060/266 2093/7061/268 2034/7062/870
f 2034/7063/870 2093/7064/268 2094/7065/270 2032/7066/868
f 2032/7067/868 2094/7068/270 2095/7069/272 2030/7070/866
f 2030/7071/866 2095/7072/272 2096/7073/274 2028/7074/864
f 2028/7075/864 2096/7076/274 2097/7077/276 2026/7078/862
f 2026/7079/862 2097/7080/276 2098/7081/278 2024/7082/860
f 2024/7083/860 2098/7084/278 2099/7085/280 2022/7086/858
f 2022/7087/858 2099/7088/280 2100/7089/282 2020/7090/856
f 2020/7091/856 2100/7092/282 2101/7093/284 2018/7094/854
f 2018/7095/854 2101/7096/284 2102/7097/286 2016/7098/852
f 2016/7099/852 2102/7100/286 2103/7101/288 2014/7102/850
f 2014/7103/850 2103/7104/288 2104/7105/290 2012/7106/848
f 2012/7107/848 2104/7108/290 2105/7109/292 2010/7110/846
f 2010/7111/846 2105/7112/292 2106/7113/629 2008/7114/844
f 2008/7115/844 2106/7116/629 2107/7117/296 2006/7118/842
f 2006/7119/842 2107/7120/296 2108/7121/630 2004/7122/840
f 2004/7123/840 2108/7124/630 2109/7125/631 2002/7126/838
f 2002/7127/838 2109/7128/631 2110/7129/910 2000/7130/836
f 2000/7131/836 2110/7132/910 2111/7133/304 1998/7134/834
f 1998/7135/834 2111/7136/304 2112/7137/306 1996/7138/832
f 1996/7139/832 2112/7140/306 2113/7141/633 1994/7142/830
f 1994/7143/830 2113/7144/633 2114/7145/310 1992/7146/828
f 1992/7147/828 2114/7148/310 2115/7149/312 1990/7150/826
f 1990/7151/826 2115/7152/312 2116/7153/605 1988/7154/824
f 1988/7155/824 2116/7156/605 2117/7157/316 1986/7158/822
f 1986/7159/822 2117/7160/316 2118/7161/318 1984/7162/820
f 1984/7163/820 2118/7164/318 2119/7165/320 1982/7166/818
f 1982/7167/818 2119/7168/320 2120/7169/322 1978/7170/816
f 2096/6769/274 2097/7171/276 2098/7172/278 2099/7173/280 2100/7174/282 2101/7175/284 2102/7176/286 2103/7177/288 2104/7178/290 2105/7179/292 2106/7180/629 2107/7181/296 2108/7182/630 2109/7183/631 2110/7184/910 2111/7185/304 2112/7186/306 2113/7187/633 2114/7188/310 2115/7189/312 2116/7190/605 2117/7191/316 2118/7192/318 2119/7193/320 2120/7194/322 1973/6773/324 2127/6772/811 2130/7195/911 2121/6770/809
f 2133/7196/644 2134/7197/428 2135/7198/427 2204/7199/912
f 2204/7200/912 2135/7201/427 2332/7202/455 2136/7203/913
f 2136/7204/913 2332/7205/455 2138/7206/454 2137/7207/647
f 2137/7208/647 2138/7209/454 2140/7210/453 2139/7211/648
f 2139/7212/648 2140/7213/453 2142/7214/452 2141/7215/649
f 2141/7216/649 2142/7217/452 2144/7218/914 2143/7219/915
f 2143/7220/915 2144/7221/914 2145/7222/450 2306/7223/652
f 2306/7224/652 2145/7225/450 2331/7226/449 2146/7227/653
f 2146/7228/653 2331/7229/449 2330/7230/916 2147/7231/655
f 2147/7232/655 2330/7233/916 2149/7234/447 2148/7235/656
f 2148/7236/656 2149/7237/447 2329/7238/917 2150/7239/657
f 2150/7240/657 2329/7241/917 2328/7242/445 2307/7243/918
f 2307/7244/918 2328/7245/445 2327/7246/444 2308/7247/660
f 2308/7248/660 2327/7249/444 2151/7250/443 2309/7251/919
f 2309/7252/919 2151/7253/443 2153/7254/442 2152/7255/662
f 2152/7256/662 2153/7257/442 2326/7258/920 2310/7259/664
f 2310/7260/664 2326/7261/920 2155/7262/921 2154/7263/665
f 2154/7264/665 2155/7265/921 2157/7266/439 2156/7267/922
f 2156/7268/922 2157/7269/439 2325/7270/923 2158/7271/924
f 2158/7272/924 2325/7273/923 2159/7274/437 2311/7275/670
f 2311/7276/670 2159/7277/437 2161/7278/436 2160/7279/925
f 2160/7280/925 2161/7281/436 2163/7282/435 2162/7283/672
f 2162/7284/672 2163/7285/435 2165/7286/434 2164/7287/673
f 2164/7288/673 2165/7289/434 2166/7290/433 2312/7291/926
f 2312/7292/926 2166/7293/433 2168/7294/555 2167/7295/675
f 2167/7295/675 2168/7294/555 2169/7296/556 2313/7297/676
f 2313/7298/676 2169/7299/556 2171/7300/557 2170/7301/677
f 2170/7302/677 2171/7303/557 2173/7304/558 2172/7305/678
f 2172/7306/678 2173/7307/558 2324/7308/559 2174/7309/679
f 2174/7310/679 2324/7311/559 2323/7312/560 2175/7313/927
f 2175/7314/927 2323/7315/560 2177/7316/561 2176/7317/681
f 2176/7318/681 2177/7319/561 2179/7320/562 2178/7321/682
f 2178/7322/682 2179/7323/562 2181/7324/563 2180/7325/928
f 2180/7326/928 2181/7327/563 2182/7328/684 2314/7329/685
f 2314/7330/685 2182/7331/684 2322/7332/565 2183/7333/929
f 2183/7334/929 2322/7335/565 2185/7336/930 2184/7337/688
f 2184/7338/688 2185/7339/930 2321/7340/689 2186/7341/690
f 2186/7342/690 2321/7343/689 2188/7344/691 2187/7345/931
f 2187/7346/931 2188/7347/691 2320/7348/569 2315/7349/932
f 2315/7350/932 2320/7351/569 2190/7352/570 2189/7353/694
f 2189/7354/694 2190/7355/570 2192/7356/933 2191/7357/934
f 2191/7358/934 2192/7359/933 2194/7360/572 2193/7361/697
f 2193/7362/697 2194/7363/572 2319/7364/573 2195/7365/935
f 2195/7366/935 2319/7367/573 2197/7368/574 2196/7369/700
f 2196/7370/700 2197/7371/574 2318/7372/575 2198/7373/701
f 2198/7374/701 2318/7375/575 2199/7376/936 2316/7377/702
f 2316/7378/702 2199/7379/936 2201/7380/577 2200/7381/937
f 2200/7382/937 2201/7383/577 2203/7384/462 2202/7385/704
f 2202/7386/704 2203/7387/462 2317/7388/429 2205/7389/705
f 2205/7390/705 2317/7391/429 2134/7392/428 2133/7393/644
f 2133/7394/644 2204/7395/912 2208/7396/938 2206/7397/707
f 2205/7398/705 2133/7399/644 2206/7400/707 2209/7401/708
f 2209/7402/708 2206/7403/707 2207/7404/709 2211/7405/710
f 2206/7406/707 2208/7407/938 2305/7408/711 2207/7409/709
f 2210/7410/712 2209/7411/708 2211/7412/710 2212/7413/713
f 2202/7414/704 2205/7415/705 2209/7416/708 2210/7417/712
f 2214/7418/714 2210/7419/712 2212/7420/713 2213/7421/715
f 2216/7422/716 2214/7423/714 2213/7424/715 2215/7425/717
f 2218/7426/718 2216/7427/716 2215/7428/717 2217/7429/719
f 2220/7430/939 2218/7431/718 2217/7429/719 2219/7432/721
f 2222/7433/722 2220/7434/939 2219/7435/721 2221/7436/723
f 2224/7437/724 2222/7438/722 2221/7439/723 2223/7440/725
f 2226/7441/726 2224/7442/724 2223/7443/725 2225/7444/727
f 2228/7445/728 2226/7446/726 2225/7447/727 2227/7448/729
f 2230/7449/730 2228/7450/728 2227/7451/729 2229/7452/731
f 2232/7453/940 2230/7454/730 2229/7455/731 2231/7456/733
f 2234/7457/734 2232/7458/940 2231/7459/733 2233/7460/735
f 2236/7461/736 2234/7462/734 2233/7463/735 2235/7464/737
f 2238/7465/738 2236/7466/736 2235/7467/737 2237/7468/739
f 2240/7469/740 2238/7470/738 2237/7471/739 2239/7472/741
f 2242/7473/742 2240/7474/740 2239/7475/741 2241/7476/743
f 2244/7477/744 2242/7478/742 2241/7479/743 2243/7480/745
f 2246/7481/746 2244/7482/744 2243/7483/745 2245/7484/747
f 2248/7485/748 2246/7486/746 2245/7487/747 2247/7488/749
f 2250/7489/750 2248/7490/748 2247/7491/749 2249/7492/751
f 2252/7493/752 2250/7494/750 2249/7495/751 2251/7496/753
f 2254/7497/754 2252/7498/752 2251/7499/753 2253/7500/755
f 2256/7501/756 2254/7502/754 2253/7503/755 2255/7504/757
f 2258/7505/758 2256/7506/756 2255/7507/757 2257/7508/759
f 2260/7509/760 2258/7510/758 2257/7511/759 2259/7512/761
f 2262/7513/941 2260/7514/760 2259/7515/761 2261/7516/763
f 2264/7517/764 2262/7518/941 2261/7519/763 2263/7520/765
f 2266/7521/942 2264/7522/764 2263/7523/765 2265/7524/767
f 2268/7525/943 2266/7526/942 2265/7527/767 2267/7528/769
f 2270/7529/770 2268/7530/943 2267/7531/769 2269/7532/771
f 2272/7533/772 2270/7534/770 2269/7535/771 2271/7536/773
f 2274/7537/944 2272/7538/772 2271/7539/773 2273/7540/775
f 2276/7541/776 2274/7542/944 2273/7543/775 2275/7544/777
f 2278/7545/778 2276/7546/776 2275/7547/777 2277/7548/779
f 2280/7549/945 2278/7550/778 2277/7551/779 2279/7552/781
f 2282/7553/946 2280/7554/945 2279/7555/781 2281/7556/783
f 2284/7557/784 2282/7558/946 2281/7559/783 2283/7560/785
f 2286/7561/947 2284/7562/784 2283/7563/785 2285/7564/787
f 2288/7565/948 2286/7566/947 2285/7567/787 2287/7568/789
f 2290/7569/790 2288/7570/948 2287/7571/789 2289/7572/791
f 2292/7573/792 2290/7574/790 2289/7575/791 2291/7576/793
f 2294/7577/794 2292/7578/792 2291/7579/793 2293/7580/795
f 2296/7581/796 2294/7582/794 2293/7583/795 2295/7584/797
f 2298/7585/798 2296/7586/796 2295/7587/797 2297/7588/799
f 2300/7589/800 2298/7590/798 2297/7591/799 2299/7592/801
f 2302/7593/802 2300/7594/800 2299/7595/801 2301/7596/803
f 2304/7597/804 2302/7598/802 2301/7599/803 2303/7600/805
f 2208/7601/938 2304/7602/804 2303/7603/805 2305/7604/711
f 2204/7605/912 2136/7606/913 2304/7607/804 2208/7608/938
f 2136/7609/913 2137/7610/647 2302/7611/802 2304/7612/804
f 2137/7613/647 2139/7614/648 2300/7615/800 2302/7616/802
f 2139/7617/648 2141/7618/649 2298/7619/798 2300/7620/800
f 2141/7621/649 2143/7622/915 2296/7623/796 2298/7624/798
f 2143/7625/915 2306/7626/652 2294/7627/794 2296/7628/796
f 2306/7629/652 2146/7630/653 2292/7631/792 2294/7632/794
f 2146/7633/653 2147/7634/655 2290/7635/790 2292/7636/792
f 2147/7637/655 2148/7638/656 2288/7639/948 2290/7640/790
f 2148/7641/656 2150/7642/657 2286/7643/947 2288/7644/948
f 2150/7645/657 2307/7646/918 2284/7647/784 2286/7648/947
f 2307/7649/918 2308/7650/660 2282/7651/946 2284/7652/784
f 2308/7653/660 2309/7654/919 2280/7655/945 2282/7656/946
f 2309/7657/919 2152/7658/662 2278/7659/778 2280/7549/945
f 2152/7660/662 2310/7661/664 2276/7546/776 2278/7662/778
f 2310/7663/664 2154/7664/665 2274/7542/944 2276/7541/776
f 2154/7665/665 2156/7666/922 2272/7538/772 2274/7537/944
f 2156/7667/922 2158/7668/924 2270/7669/770 2272/7533/772
f 2158/7670/924 2311/7671/670 2268/7530/943 2270/7529/770
f 2311/7672/670 2160/7673/925 2266/7526/942 2268/7674/943
f 2160/7675/925 2162/7676/672 2264/7677/764 2266/7521/942
f 2162/7678/672 2164/7679/673 2262/7680/941 2264/7681/764
f 2164/7682/673 2312/7683/926 2260/7684/760 2262/7685/941
f 2312/7686/926 2167/7687/675 2258/7688/758 2260/7689/760
f 2167/7687/675 2313/7690/676 2256/7691/756 2258/7692/758
f 2313/7693/676 2170/7694/677 2254/7497/754 2256/7695/756
f 2170/7696/677 2172/7697/678 2252/7698/752 2254/7699/754
f 2172/7700/678 2174/7701/679 2250/7702/750 2252/7703/752
f 2174/7704/679 2175/7705/927 2248/7706/748 2250/7707/750
f 2175/7708/927 2176/7709/681 2246/7710/746 2248/7711/748
f 2176/7712/681 2178/7713/682 2244/7714/744 2246/7715/746
f 2178/7716/682 2180/7717/928 2242/7718/742 2244/7719/744
f 2180/7720/928 2314/7721/685 2240/7722/740 2242/7723/742
f 2314/7724/685 2183/7725/929 2238/7726/738 2240/7727/740
f 2183/7728/929 2184/7729/688 2236/7730/736 2238/7731/738
f 2184/7732/688 2186/7733/690 2234/7734/734 2236/7735/736
f 2186/7736/690 2187/7737/931 2232/7738/940 2234/7739/734
f 2187/7740/931 2315/7741/932 2230/7742/730 2232/7743/940
f 2315/7744/932 2189/7745/694 2228/7746/728 2230/7747/730
f 2189/7748/694 2191/7749/934 2226/7750/726 2228/7445/728
f 2191/7751/934 2193/7752/697 2224/7442/724 2226/7441/726
f 2193/7753/697 2195/7754/935 2222/7438/722 2224/7437/724
f 2195/7755/935 2196/7756/700 2220/7434/939 2222/7433/722
f 2196/7757/700 2198/7758/701 2218/7431/718 2220/7759/939
f 2198/7760/701 2316/7761/702 2216/7762/716 2218/7426/718
f 2316/7763/702 2200/7764/937 2214/7765/714 2216/7766/716
f 2200/7767/937 2202/7768/704 2210/7769/712 2214/7770/714
f 2135/7771/427 2134/7772/428 2317/7773/429 2203/7774/462 2201/7775/577 2199/7776/936 2318/7777/575 2197/7778/574 2319/7779/573 2194/7780/572 2192/7781/933 2190/7782/570 2320/7783/569 2188/7784/691 2321/7785/689 2185/7786/930 2322/7787/565 2182/7788/684 2181/7789/563 2179/7790/562 2177/7791/561 2323/7792/560 2324/7793/559 2173/7794/558 2171/7795/557 2169/7796/556 2168/7797/555 2166/7798/433 2165/7799/434 2163/7800/435 2161/7801/436 2159/7802/437 2325/7803/923 2157/7804/439 2155/7805/921 2326/7806/920 2153/7807/442 2151/7808/443 2327/7809/444 2328/7810/445 2329/7811/917 2149/7812/447 2330/7813/916 2331/7814/449 2145/7815/450 2144/7816/914 2142/7817/452 2140/7818/453 2138/7819/454 2332/7820/455
f 2336/7821/806 2333/7822/428 2334/7823/427 2338/7824/807
f 2334/7825/427 2333/7826/428 2335/7827/429 2482/7828/462 2481/7829/577 2480/7830/576 2479/7831/949 2478/7832/574 2477/7833/573 2476/7834/572 2475/7835/571 2474/7836/570 2473/7837/569 2472/7838/950 2471/7839/567 2470/7840/566 2469/7841/565 2468/7842/564 2467/7843/563 2466/7844/562 2465/7845/951 2464/7846/560 2463/7847/559 2462/7848/558 2461/7849/557 2460/7850/556 2459/7851/555 2458/7852/433 2457/7853/434 2456/7854/435 2455/7855/436 2454/7856/437 2453/7857/438 2452/7858/439 2451/7859/440 2450/7860/441 2449/7861/442 2448/7862/443 2447/7863/952 2446/7864/445 2445/7865/446 2444/7866/447 2443/7867/654 2442/7868/449 2441/7869/450 2440/7870/451 2439/7871/953 2438/7872/453 2437/7873/454 2436/7874/455
f 2339/7875/812 2335/7876/429 2333/7877/428 2336/7878/806
f 2339/7879/812 2336/7880/806 2337/7881/813 2341/7882/814
f 2336/7883/806 2338/7884/807 2435/7885/815 2337/7886/813
f 2340/7887/816 2339/7888/812 2341/7889/814 2342/7890/817
f 2340/7891/816 2482/7892/462 2335/7893/429 2339/7894/812
f 2344/7895/818 2340/7896/816 2342/7897/817 2343/7898/819
f 2346/7899/820 2344/7900/818 2343/7901/819 2345/7902/821
f 2348/7903/822 2346/7904/820 2345/7905/821 2347/7906/823
f 2350/7907/824 2348/7908/822 2347/7909/823 2349/7910/825
f 2352/7911/826 2350/7912/824 2349/7913/825 2351/7914/827
f 2354/7915/828 2352/7916/826 2351/7917/827 2353/7918/829
f 2356/7919/830 2354/7920/828 2353/7921/829 2355/7922/831
f 2358/7923/832 2356/7924/830 2355/7925/831 2357/7926/833
f 2360/7927/834 2358/7928/832 2357/7929/833 2359/7930/835
f 2362/7931/836 2360/7932/834 2359/7933/835 2361/7934/837
f 2364/7935/838 2362/7936/836 2361/7937/837 2363/7938/839
f 2366/7939/840 2364/7940/838 2363/7941/839 2365/7942/841
f 2368/7943/842 2366/7944/840 2365/7945/841 2367/7946/843
f 2370/7947/844 2368/7948/842 2367/7949/843 2369/7950/845
f 2372/7951/846 2370/7952/844 2369/7953/845 2371/7954/847
f 2374/7955/848 2372/7956/846 2371/7957/847 2373/7958/954
f 2376/7959/850 2374/7960/848 2373/7961/954 2375/7962/851
f 2378/7963/852 2376/7964/850 2375/7965/851 2377/7966/853
f 2380/7967/854 2378/7968/852 2377/7969/853 2379/7970/855
f 2382/7971/856 2380/7972/854 2379/7973/855 2381/7974/857
f 2384/7975/858 2382/7976/856 2381/7977/857 2383/7978/859
f 2386/7979/860 2384/7980/858 2383/7981/859 2385/7982/861
f 2388/7983/862 2386/7984/860 2385/7985/861 2387/7986/863
f 2390/7987/864 2388/7988/862 2387/7989/863 2389/7990/865
f 2392/7991/866 2390/7992/864 2389/7993/865 2391/7994/867
f 2394/7995/955 2392/7996/866 2391/7997/867 2393/7998/869
f 2396/7999/870 2394/8000/955 2393/8001/869 2395/8002/871
f 2398/8003/872 2396/8004/870 2395/8005/871 2397/8006/873
f 2400/8007/874 2398/8008/872 2397/8009/873 2399/8010/875
f 2402/8011/876 2400/8012/874 2399/8013/875 2401/8014/956
f 2404/8015/878 2402/8016/876 2401/8017/956 2403/8018/879
f 2406/8019/880 2404/8020/878 2403/8021/879 2405/8022/881
f 2408/8023/882 2406/8024/880 2405/8025/881 2407/8026/883
f 2410/8027/884 2408/8028/882 2407/8029/883 2409/8030/885
f 2412/8031/886 2410/8032/884 2409/8033/885 2411/8034/887
f 2414/8035/888 2412/8036/886 2411/8037/887 2413/8038/889
f 2416/8039/890 2414/8040/888 2413/8041/889 2415/8042/891
f 2418/8043/892 2416/8044/890 2415/8045/891 2417/8046/893
f 2420/8047/957 2418/8048/892 2417/8049/893 2419/8050/895
f 2422/8051/896 2420/8052/957 2419/8053/895 2421/8054/897
f 2424/8055/898 2422/8056/896 2421/8057/897 2423/8058/899
f 2426/8059/900 2424/8060/898 2423/8061/899 2425/8062/901
f 2428/8063/902 2426/8064/900 2425/8065/901 2427/8066/903
f 2430/8067/904 2428/8068/902 2427/8069/903 2429/8070/905
f 2432/8071/906 2430/8072/904 2429/8073/905 2431/8074/907
f 2434/8075/908 2432/8076/906 2431/8077/907 2433/8078/909
f 2338/8079/807 2434/8080/908 2433/8081/909 2435/8082/815
f 2338/8083/807 2334/8084/427 2436/8085/455 2434/8086/908
f 2434/8087/908 2436/8088/455 2437/8089/454 2432/8090/906
f 2432/8091/906 2437/8092/454 2438/8093/453 2430/8094/904
f 2430/8095/904 2438/8096/453 2439/8097/953 2428/8098/902
f 2428/8099/902 2439/8100/953 2440/8101/451 2426/8102/900
f 2426/8103/900 2440/8104/451 2441/8105/450 2424/8106/898
f 2424/8107/898 2441/8108/450 2442/8109/449 2422/8110/896
f 2422/8111/896 2442/8112/449 2443/8113/654 2420/8114/957
f 2420/8115/957 2443/8116/654 2444/8117/447 2418/8118/892
f 2418/8119/892 2444/8120/447 2445/8121/446 2416/8122/890
f 2416/8123/890 2445/8124/446 2446/8125/445 2414/8126/888
f 2414/8127/888 2446/8128/445 2447/8129/952 2412/8130/886
f 2412/8131/886 2447/8132/952 2448/8133/443 2410/8134/884
f 2410/8135/884 2448/8136/443 2449/8137/442 2408/8138/882
f 2408/8139/882 2449/8140/442 2450/8141/441 2406/8142/880
f 2406/8143/880 2450/8144/441 2451/8145/440 2404/8146/878
f 2404/8147/878 2451/8148/440 2452/8149/439 2402/8150/876
f 2402/8151/876 2452/8152/439 2453/8153/438 2400/8154/874
f 2400/8155/874 2453/8156/438 2454/8157/437 2398/8158/872
f 2398/8159/872 2454/8160/437 2455/8161/436 2396/8162/870
f 2396/8163/870 2455/8164/436 2456/8165/435 2394/8166/955
f 2394/8167/955 2456/8168/435 2457/8169/434 2392/8170/866
f 2392/8171/866 2457/8172/434 2458/8173/433 2390/8174/864
f 2390/8175/864 2458/8176/433 2459/8177/555 2388/8178/862
f 2388/8178/862 2459/8177/555 2460/8179/556 2386/8180/860
f 2386/8181/860 2460/8182/556 2461/8183/557 2384/8184/858
f 2384/8185/858 2461/8186/557 2462/8187/558 2382/8188/856
f 2382/8189/856 2462/8190/558 2463/8191/559 2380/8192/854
f 2380/8193/854 2463/8194/559 2464/8195/560 2378/8196/852
f 2378/8197/852 2464/8198/560 2465/8199/951 2376/8200/850
f 2376/8201/850 2465/8202/951 2466/8203/562 2374/8204/848
f 2374/8205/848 2466/8206/562 2467/8207/563 2372/8208/846
f 2372/8209/846 2467/8210/563 2468/8211/564 2370/8212/844
f 2370/8213/844 2468/8214/564 2469/8215/565 2368/8216/842
f 2368/8217/842 2469/8218/565 2470/8219/566 2366/8220/840
f 2366/8221/840 2470/8222/566 2471/8223/567 2364/8224/838
f 2364/8225/838 2471/8226/567 2472/8227/950 2362/8228/836
f 2362/8229/836 2472/8230/950 2473/8231/569 2360/8232/834
f 2360/8233/834 2473/8234/569 2474/8235/570 2358/8236/832
f 2358/8237/832 2474/8238/570 2475/8239/571 2356/8240/830
f 2356/8241/830 2475/8242/571 2476/8243/572 2354/8244/828
f 2354/8245/828 2476/8246/572 2477/8247/573 2352/8248/826
f 2352/8249/826 2477/8250/573 2478/8251/574 2350/8252/824
f 2350/8253/824 2478/8254/574 2479/8255/949 2348/8256/822
f 2348/8257/822 2479/8258/949 2480/8259/576 2346/8260/820
f 2346/8261/820 2480/8262/576 2481/8263/577 2344/8264/818
f 2344/8265/818 2481/8266/577 2482/8267/462 2340/8268/816
usemtl glass
s off
f 1317/8269/1 1318/8270/1 1321/8271/1 1320/8272/1
f 1324/8273/7 1318/8270/7 1317/8269/7 1319/8274/7
f 1319/8274/5 1317/8269/5 1320/8272/5 1322/8275/5
f 1323/8276/2 1322/8275/2 1320/8272/2 1321/8271/2
f 1324/8273/3 1319/8274/3 1322/8275/3 1323/8276/3
f 1318/8270/4 1324/8273/4 1323/8276/4 1321/8271/4
f 1325/8277/1 1326/8278/1 1329/8279/1 1328/8280/1
f 1332/8281/7 1326/8278/7 1325/8277/7 1327/8282/7
f 1327/8282/5 1325/8277/5 1328/8280/5 1330/8283/5
f 1331/8284/2 1330/8283/2 1328/8280/2 1329/8279/2
f 1332/8281/3 1327/8282/3 1330/8283/3 1331/8284/3
f 1326/8278/4 1332/8281/4 1331/8284/4 1329/8279/4
f 1333/8285/1 1334/8286/1 1337/8287/1 1336/8288/1
f 1340/8289/7 1334/8286/7 1333/8285/7 1335/8290/7
f 1335/8290/5 1333/8285/5 1336/8288/5 1338/8291/5
f 1339/8292/2 1338/8291/2 1336/8288/2 1337/8287/2
f 1340/8289/3 1335/8290/3 1338/8291/3 1339/8292/3
f 1334/8286/4 1340/8289/4 1339/8292/4 1337/8287/4
f 1341/8293/1 1342/8294/1 1345/8295/1 1344/8296/1
f 1348/8297/7 1342/8294/7 1341/8293/7 1343/8298/7
f 1343/8298/5 1341/8293/5 1344/8296/5 1346/8299/5
f 1347/8300/2 1346/8299/2 1344/8296/2 1345/8295/2
f 1348/8297/3 1343/8298/3 1346/8299/3 1347/8300/3
f 1342/8294/4 1348/8297/4 1347/8300/4 1345/8295/4
f 1349/8301/1 1350/8302/1 1353/8303/1 1352/8304/1
f 1356/8305/7 1350/8302/7 1349/8301/7 1351/8306/7
f 1351/8306/5 1349/8301/5 1352/8304/5 1354/8307/5
f 1355/8308/2 1354/8307/2 1352/8304/2 1353/8303/2
f 1356/8305/3 1351/8306/3 1354/8307/3 1355/8308/3
f 1350/8302/4 1356/8305/4 1355/8308/4 1353/8303/4
f 1357/8309/1 1358/8310/1 1361/8311/1 1360/8312/1
f 1364/8313/7 1358/8310/7 1357/8309/7 1359/8314/7
f 1359/8314/5 1357/8309/5 1360/8312/5 1362/8315/5
f 1363/8316/2 1362/8315/2 1360/8312/2 1361/8311/2
f 1364/8313/3 1359/8314/3 1362/8315/3 1363/8316/3
f 1358/8310/4 1364/8313/4 1363/8316/4 1361/8311/4
f 1365/8317/1 1366/8318/1 1369/8319/1 1368/8320/1
f 1372/8321/7 1366/8318/7 1365/8317/7 1367/8322/7
f 1367/8322/5 1365/8317/5 1368/8320/5 1370/8323/5
f 1371/8324/2 1370/8323/2 1368/8320/2 1369/8319/2
f 1372/8321/3 1367/8322/3 1370/8323/3 1371/8324/3
f 1366/8318/4 1372/8321/4 1371/8324/4 1369/8319/4
f 1373/8325/1 1374/8326/1 1377/8327/1 1376/8328/1
f 1380/8329/7 1374/8326/7 1373/8325/7 1375/8330/7
f 1375/8330/5 1373/8325/5 1376/8328/5 1378/8331/5
f 1379/8332/2 1378/8331/2 1376/8328/2 1377/8327/2
f 1380/8329/3 1375/8330/3 1378/8331/3 1379/8332/3
f 1374/8326/4 1380/8329/4 1379/8332/4 1377/8327/4
f 1381/8333/1 1382/8334/1 1385/8335/1 1384/8336/1
f 1388/8337/7 1382/8334/7 1381/8333/7 1383/8338/7
f 1383/8338/5 1381/8333/5 1384/8336/5 1386/8339/5
f 1387/8340/2 1386/8339/2 1384/8336/2 1385/8335/2
f 1388/8337/3 1383/8338/3 1386/8339/3 1387/8340/3
f 1382/8334/4 1388/8337/4 1387/8340/4 1385/8335/4
f 1389/8341/1 1390/8342/1 1393/8343/1 1392/8344/1
f 1396/8345/7 1390/8342/7 1389/8341/7 1391/8346/7
f 1391/8346/5 1389/8341/5 1392/8344/5 1394/8347/5
f 1395/8348/2 1394/8347/2 1392/8344/2 1393/8343/2
f 1396/8345/3 1391/8346/3 1394/8347/3 1395/8348/3
f 1390/8342/4 1396/8345/4 1395/8348/4 1393/8343/4
f 1397/8349/1 1398/8350/1 1401/8351/1 1400/8352/1
f 1404/8353/7 1398/8350/7 1397/8349/7 1399/8354/7
f 1399/8354/5 1397/8349/5 1400/8352/5 1402/8355/5
f 1403/8356/2 1402/8355/2 1400/8352/2 1401/8351/2
f 1404/8353/3 1399/8354/3 1402/8355/3 1403/8356/3
f 1398/8350/4 1404/8353/4 1403/8356/4 1401/8351/4
f 1405/8357/1 1406/8358/1 1409/8359/1 1408/8360/1
f 1412/8361/7 1406/8358/7 1405/8357/7 1407/8362/7
f 1407/8362/5 1405/8357/5 1408/8360/5 1410/8363/5
f 1411/8364/2 1410/8363/2 1408/8360/2 1409/8359/2
f 1412/8361/3 1407/8362/3 1410/8363/3 1411/8364/3
f 1406/8358/4 1412/8361/4 1411/8364/4 1409/8359/4
usemtl black_steel_door
f 1484/8365/7 1475/8366/7 1415/8367/7 1424/8368/7
f 1627/8369/2 1587/8370/2 1593/8371/2 1477/8372/2
f 1416/8373/4 1588/8374/4 1628/8375/4 1480/8376/4
f 1413/8377/5 1582/8378/5 1605/8379/5 1425/8380/5
f 1414/8381/1 1584/8382/1 1596/8383/1 1420/8384/1
f 1415/8367/3 1586/8385/3 1604/8386/3 1424/8368/3
f 1417/8387/1 1589/8388/1 1597/8389/1 1421/8390/1
f 1644/8391/3 1646/8392/3 1594/8393/3 1419/8394/3
f 1422/8395/3 1600/8396/3 1591/8397/3 1418/8398/3
f 1524/8399/7 1481/8400/7 1418/8398/7 1648/8401/7
f 1480/8376/7 1482/8402/7 1419/8394/7 1416/8373/7
f 1419/8394/3 1594/8393/3 1588/8374/3 1416/8373/3
f 1475/8366/5 1626/8403/5 1586/8385/5 1415/8367/5
f 1421/8390/1 1597/8389/1 1602/8404/1 1423/8405/1
f 1425/8380/5 1605/8379/5 1609/8406/5 1435/8407/5
f 1590/8408/2 1427/8409/2 1431/8410/2 1598/8411/2
f 1522/8412/2 1645/8413/2 1592/8414/2 1476/8415/2
f 1481/8400/7 1483/8416/7 1422/8395/7 1418/8398/7
f 1479/8417/2 1603/8418/2 1585/8419/2 1625/8420/2
f 1598/8411/2 1431/8410/2 1433/8421/2 1601/8422/2
f 1424/8368/3 1604/8386/3 1600/8396/3 1422/8395/3
f 1483/8416/7 1484/8365/7 1424/8368/7 1422/8395/7
f 1421/8390/7 1423/8405/7 1434/8423/7 1432/8424/7
f 1478/8425/2 1599/8426/2 1603/8418/2 1479/8417/2
f 1417/8387/7 1421/8390/7 1432/8424/7 1428/8427/7
f 1476/8415/2 1592/8414/2 1599/8426/2 1478/8425/2
f 1426/8428/4 1608/8429/4 1584/8382/4 1414/8381/4
f 1414/8381/7 1420/8384/7 1429/8430/7 1426/8428/7
f 1637/8431/7 1417/8387/7 1428/8427/7 1547/8432/7
f 1637/8431/1 1640/8433/1 1589/8388/1 1417/8387/1
f 1583/8434/2 1607/8435/2 1430/8436/2 1595/8437/2
f 1435/8407/5 1609/8406/5 1613/8438/5 1445/8439/5
f 1423/8405/1 1602/8404/1 1582/8378/1 1413/8377/1
f 1423/8405/7 1413/8377/7 1425/8380/7 1434/8423/7
f 1445/8439/5 1613/8438/5 1617/8440/5 1455/8441/5
f 1432/8424/7 1434/8423/7 1444/8442/7 1443/8443/7
f 1438/8444/958 1487/8445/958 1486/8446/958 1431/8410/958
f 1428/8427/7 1432/8424/7 1443/8443/7 1441/8447/7
f 1427/8409/2 1436/8448/2 1438/8444/2 1431/8410/2
f 1440/8449/4 1612/8450/4 1608/8429/4 1426/8428/4
f 1426/8428/7 1429/8430/7 1442/8451/7 1440/8449/7
f 1433/8421/2 1439/8452/2 1610/8453/2 1606/8454/2
f 1607/8435/2 1611/8455/2 1437/8456/2 1430/8436/2
f 1434/8423/7 1425/8380/7 1435/8407/7 1444/8442/7
f 1455/8441/5 1617/8440/5 1621/8457/5 1465/8458/5
f 1443/8443/7 1444/8442/7 1454/8459/7 1453/8460/7
f 1438/8444/2 1448/8461/2 1449/8462/2 1439/8452/2
f 1441/8447/7 1443/8443/7 1453/8460/7 1451/8463/7
f 1436/8448/2 1446/8464/2 1448/8461/2 1438/8444/2
f 1450/8465/4 1616/8466/4 1612/8450/4 1440/8449/4
f 1440/8449/7 1442/8451/7 1452/8467/7 1450/8465/7
f 1439/8452/2 1449/8462/2 1614/8468/2 1610/8453/2
f 1611/8455/2 1615/8469/2 1447/8470/2 1437/8456/2
f 1444/8442/7 1435/8407/7 1445/8439/7 1454/8459/7
f 1465/8458/5 1621/8457/5 1626/8403/5 1475/8366/5
f 1453/8460/7 1454/8459/7 1464/8471/7 1463/8472/7
f 1448/8461/959 1490/8473/959 1489/8474/959 1449/8462/959
f 1451/8463/7 1453/8460/7 1463/8472/7 1461/8475/7
f 1446/8464/2 1456/8476/2 1458/8477/2 1448/8461/2
f 1460/8478/4 1620/8479/4 1616/8466/4 1450/8465/4
f 1450/8465/7 1452/8467/7 1462/8480/7 1460/8478/7
f 1442/8451/5 1429/8430/5 1430/8436/5 1437/8456/5 1447/8470/5 1457/8481/5 1467/8482/5 1477/8372/5 1482/8402/5 1472/8483/5 1462/8480/5 1452/8467/5
f 1449/8462/2 1459/8484/2 1618/8485/2 1614/8468/2
f 1615/8469/2 1619/8486/2 1457/8481/2 1447/8470/2
f 1454/8459/7 1445/8439/7 1455/8441/7 1464/8471/7
f 1463/8472/7 1464/8471/7 1474/8487/7 1473/8488/7
f 1458/8477/2 1468/8489/2 1469/8490/2 1459/8484/2
f 1461/8475/7 1463/8472/7 1473/8488/7 1471/8491/7
f 1456/8476/2 1466/8492/2 1468/8489/2 1458/8477/2
f 1470/8493/4 1624/8494/4 1620/8479/4 1460/8478/4
f 1460/8478/7 1462/8480/7 1472/8483/7 1470/8493/7
f 1547/8432/3 1428/8427/3 1427/8409/3 1545/8495/3
f 1459/8484/2 1469/8490/2 1622/8496/2 1618/8485/2
f 1619/8486/2 1623/8497/2 1467/8482/2 1457/8481/2
f 1464/8471/7 1455/8441/7 1465/8458/7 1474/8487/7
f 1641/8498/2 1545/8495/2 1427/8409/2 1590/8408/2
f 1473/8488/7 1474/8487/7 1484/8365/7 1483/8416/7
f 1439/8452/960 1488/8499/960 1487/8445/960 1438/8444/960
f 1471/8491/7 1473/8488/7 1483/8416/7 1481/8400/7
f 1466/8492/2 1476/8415/2 1478/8425/2 1468/8489/2
f 1480/8376/4 1628/8375/4 1624/8494/4 1470/8493/4
f 1470/8493/7 1472/8483/7 1482/8402/7 1480/8376/7
f 1528/8500/1 1527/8501/1 1482/8402/1 1477/8372/1
f 1469/8490/2 1479/8417/2 1625/8420/2 1622/8496/2
f 1623/8497/2 1627/8369/2 1477/8372/2 1467/8482/2
f 1474/8487/7 1465/8458/7 1475/8366/7 1484/8365/7
f 1496/8502/1 1519/8503/1 1518/8504/1 1495/8505/1
f 1487/8445/5 1502/8506/5 1500/8507/5 1486/8446/5
f 1492/8508/1 1511/8509/1 1510/8510/1 1491/8511/1
f 1459/8484/960 1492/8508/960 1491/8511/960 1458/8477/960
f 1468/8489/959 1494/8512/959 1493/8513/959 1469/8490/959
f 1458/8477/958 1491/8511/958 1490/8473/958 1448/8461/958
f 1479/8417/960 1496/8502/960 1495/8505/960 1478/8425/960
f 1478/8425/958 1495/8505/958 1494/8512/958 1468/8489/958
f 1433/8421/961 1485/8514/961 1488/8499/961 1439/8452/961
f 1449/8462/961 1489/8474/961 1492/8508/961 1459/8484/961
f 1469/8490/961 1493/8513/961 1496/8502/961 1479/8417/961
f 1431/8410/959 1486/8446/959 1485/8514/959 1433/8421/959
f 1485/8514/4 1497/8515/4 1503/8516/4 1488/8499/4
f 1489/8474/4 1505/8517/4 1511/8509/4 1492/8508/4
f 1493/8513/4 1513/8518/4 1519/8503/4 1496/8502/4
f 1491/8511/5 1510/8510/5 1508/8519/5 1490/8473/5
f 1490/8473/3 1508/8519/3 1505/8517/3 1489/8474/3
f 1495/8505/5 1518/8504/5 1516/8520/5 1494/8512/5
f 1499/8521/2 1501/8522/2 1504/8523/2 1498/8524/2
f 1494/8512/3 1516/8520/3 1513/8518/3 1493/8513/3
f 1507/8525/2 1509/8526/2 1512/8527/2 1506/8528/2
f 1488/8499/1 1503/8516/1 1502/8506/1 1487/8445/1
f 1515/8529/2 1517/8530/2 1520/8531/2 1514/8532/2
f 1498/8524/962 1497/8515/962 1500/8507/962 1499/8521/962
f 1499/8521/963 1500/8507/963 1502/8506/963 1501/8522/963
f 1497/8515/964 1498/8524/964 1504/8523/964 1503/8516/964
f 1503/8516/965 1504/8523/965 1501/8522/965 1502/8506/965
f 1506/8528/962 1505/8517/962 1508/8519/962 1507/8525/962
f 1507/8525/963 1508/8519/963 1510/8510/963 1509/8526/963
f 1505/8517/964 1506/8528/964 1512/8527/964 1511/8509/964
f 1511/8509/965 1512/8527/965 1509/8526/965 1510/8510/965
f 1514/8532/962 1513/8518/962 1516/8520/962 1515/8529/962
f 1515/8529/963 1516/8520/963 1518/8504/963 1517/8530/963
f 1513/8518/964 1514/8532/964 1520/8531/964 1519/8503/964
f 1519/8503/965 1520/8531/965 1517/8530/965 1518/8504/965
f 1486/8446/3 1500/8507/3 1497/8515/3 1485/8514/3
f 1441/8447/4 1451/8463/4 1461/8475/4 1471/8491/4 1481/8400/4 1476/8415/4 1466/8492/4 1456/8476/4 1446/8464/4 1436/8448/4 1427/8409/4 1428/8427/4
f 1521/8533/5 1522/8412/5 1524/8399/5 1523/8534/5
f 1526/8535/4 1525/8536/4 1527/8501/4 1528/8500/4
f 1530/8537/3 1528/8500/3 1527/8501/3 1529/8538/3
f 1529/8538/7 1527/8501/7 1525/8536/7 1531/8539/7
f 1531/8539/1 1525/8536/1 1526/8535/1 1532/8540/1
f 1532/8540/2 1526/8535/2 1528/8500/2 1530/8537/2
f 1521/8533/2 1532/8540/2 1530/8537/2 1522/8412/2
f 1523/8534/1 1531/8539/1 1532/8540/1 1521/8533/1
f 1524/8399/7 1529/8538/7 1531/8539/7 1523/8534/7
f 1522/8412/3 1530/8537/3 1529/8538/3 1524/8399/3
f 1533/8541/5 1534/8542/5 1536/8543/5 1535/8544/5
f 1538/8545/4 1537/8546/4 1539/8547/4 1540/8548/4
f 1542/8549/3 1540/8548/3 1539/8547/3 1541/8550/3
f 1541/8550/7 1539/8547/7 1537/8546/7 1543/8551/7
f 1543/8551/1 1537/8546/1 1538/8545/1 1544/8552/1
f 1544/8552/2 1538/8545/2 1540/8548/2 1542/8549/2
f 1533/8541/2 1544/8552/2 1542/8549/2 1534/8542/2
f 1535/8544/1 1543/8551/1 1544/8552/1 1533/8541/1
f 1536/8543/7 1541/8550/7 1543/8551/7 1535/8544/7
f 1534/8542/3 1542/8549/3 1541/8550/3 1536/8543/3
f 1545/8495/5 1546/8553/5 1548/8554/5 1547/8432/5
f 1550/8555/4 1549/8556/4 1551/8557/4 1552/8558/4
f 1554/8559/3 1552/8558/3 1551/8557/3 1553/8560/3
f 1553/8560/7 1551/8557/7 1549/8556/7 1555/8561/7
f 1555/8561/1 1549/8556/1 1550/8555/1 1556/8562/1
f 1556/8562/2 1550/8555/2 1552/8558/2 1554/8559/2
f 1545/8495/2 1556/8562/2 1554/8559/2 1546/8553/2
f 1547/8432/1 1555/8561/1 1556/8562/1 1545/8495/1
f 1548/8554/7 1553/8560/7 1555/8561/7 1547/8432/7
f 1546/8553/3 1554/8559/3 1553/8560/3 1548/8554/3
f 1526/8535/3 1558/8563/3 1560/8564/3 1525/8536/3
f 1540/8548/1 1539/8547/1 1563/8565/1 1564/8566/1
f 1566/8567/4 1564/8566/4 1563/8565/4 1565/8568/4
f 1636/8569/7 1536/8543/7 1561/8570/7 1567/8571/7
f 1567/8571/5 1561/8570/5 1562/8572/5 1568/8573/5
f 1629/8574/2 1540/8548/2 1564/8566/2 1566/8567/2
f 1526/8535/2 1629/8574/2 1566/8567/2 1558/8563/2
f 1559/8575/5 1567/8571/5 1568/8573/5 1557/8576/5
f 1523/8534/7 1636/8569/7 1567/8571/7 1559/8575/7
f 1558/8563/4 1566/8567/4 1565/8568/4 1560/8564/4
f 1538/8545/3 1570/8577/3 1572/8578/3 1537/8546/3
f 1552/8558/1 1551/8557/1 1575/8579/1 1576/8580/1
f 1578/8581/4 1576/8580/4 1575/8579/4 1577/8582/4
f 1633/8583/7 1548/8554/7 1573/8584/7 1579/8585/7
f 1579/8585/5 1573/8584/5 1574/8586/5 1580/8587/5
f 1630/8588/2 1552/8558/2 1576/8580/2 1578/8581/2
f 1538/8545/2 1630/8588/2 1578/8581/2 1570/8577/2
f 1571/8589/5 1579/8585/5 1580/8587/5 1569/8590/5
f 1535/8544/7 1633/8583/7 1579/8585/7 1571/8589/7
f 1570/8577/4 1578/8581/4 1577/8582/4 1572/8578/4
f 1602/8404/966 1601/8422/966 1581/8591/966 1582/8378/966
f 1626/8403/967 1625/8420/967 1585/8419/967 1586/8385/967
f 1594/8393/968 1593/8371/968 1587/8370/968 1588/8374/968
f 1608/8429/969 1607/8435/969 1583/8434/969 1584/8382/969
f 1640/8433/966 1641/8498/966 1590/8408/966 1589/8388/966
f 1600/8396/968 1599/8426/968 1592/8414/968 1591/8397/968
f 1646/8392/968 1647/8592/968 1593/8371/968 1594/8393/968
f 1584/8382/966 1583/8434/966 1595/8437/966 1596/8383/966
f 1589/8388/966 1590/8408/966 1598/8411/966 1597/8389/966
f 1604/8386/968 1603/8418/968 1599/8426/968 1600/8396/968
f 1597/8389/966 1598/8411/966 1601/8422/966 1602/8404/966
f 1586/8385/968 1585/8419/968 1603/8418/968 1604/8386/968
f 1582/8378/967 1581/8591/967 1606/8454/967 1605/8379/967
f 1612/8450/970 1611/8455/970 1607/8435/970 1608/8429/970
f 1605/8379/967 1606/8454/967 1610/8453/967 1609/8406/967
f 1616/8466/969 1615/8469/969 1611/8455/969 1612/8450/969
f 1609/8406/967 1610/8453/967 1614/8468/967 1613/8438/967
f 1620/8479/970 1619/8486/970 1615/8469/970 1616/8466/970
f 1613/8438/967 1614/8468/967 1618/8485/967 1617/8440/967
f 1624/8494/969 1623/8497/969 1619/8486/969 1620/8479/969
f 1617/8440/967 1618/8485/967 1622/8496/967 1621/8457/967
f 1628/8375/970 1627/8369/970 1623/8497/970 1624/8494/970
f 1621/8457/967 1622/8496/967 1625/8420/967 1626/8403/967
f 1588/8374/970 1587/8370/970 1627/8369/970 1628/8375/970
f 1601/8422/2 1433/8421/2 1606/8454/2 1581/8591/2
f 1537/8546/7 1631/8593/7 1633/8583/7 1535/8544/7
f 1569/8590/2 1580/8587/2 1632/8594/2 1533/8541/2
f 1580/8587/2 1574/8586/2 1546/8553/2 1632/8594/2
f 1631/8593/7 1551/8557/7 1548/8554/7 1633/8583/7
f 1574/8586/1 1573/8584/1 1548/8554/1 1546/8553/1
f 1569/8590/3 1533/8541/3 1535/8544/3 1571/8589/3
f 1577/8582/7 1575/8579/7 1551/8557/7 1631/8593/7
f 1572/8578/7 1577/8582/7 1631/8593/7 1537/8546/7
f 1533/8541/2 1632/8594/2 1630/8588/2 1538/8545/2
f 1632/8594/2 1546/8553/2 1552/8558/2 1630/8588/2
f 1546/8553/1 1548/8554/1 1551/8557/1 1552/8558/1
f 1533/8541/3 1538/8545/3 1537/8546/3 1535/8544/3
f 1525/8536/7 1634/8595/7 1636/8569/7 1523/8534/7
f 1557/8576/2 1568/8573/2 1635/8596/2 1521/8533/2
f 1568/8573/2 1562/8572/2 1534/8542/2 1635/8596/2
f 1634/8595/7 1539/8547/7 1536/8543/7 1636/8569/7
f 1562/8572/1 1561/8570/1 1536/8543/1 1534/8542/1
f 1557/8576/3 1521/8533/3 1523/8534/3 1559/8575/3
f 1565/8568/7 1563/8565/7 1539/8547/7 1634/8595/7
f 1560/8564/7 1565/8568/7 1634/8595/7 1525/8536/7
f 1521/8533/2 1635/8596/2 1629/8574/2 1526/8535/2
f 1635/8596/2 1534/8542/2 1540/8548/2 1629/8574/2
f 1534/8542/1 1536/8543/1 1539/8547/1 1540/8548/1
f 1521/8533/3 1526/8535/3 1525/8536/3 1523/8534/3
f 1642/8597/966 1639/8598/966 1641/8498/966 1640/8433/966
f 1639/8598/2 1550/8555/2 1545/8495/2 1641/8498/2
f 1549/8556/3 1547/8432/3 1545/8495/3 1550/8555/3
f 1638/8599/1 1642/8597/1 1640/8433/1 1637/8431/1
f 1638/8599/7 1637/8431/7 1547/8432/7 1549/8556/7
f 1420/8384/7 1638/8599/7 1549/8556/7 1429/8430/7
f 1420/8384/1 1596/8383/1 1642/8597/1 1638/8599/1
f 1429/8430/3 1549/8556/3 1550/8555/3 1430/8436/3
f 1595/8437/2 1430/8436/2 1550/8555/2 1639/8598/2
f 1596/8383/966 1595/8437/966 1639/8598/966 1642/8597/966
f 1643/8600/971 1645/8413/971 1647/8592/971 1646/8392/971
f 1522/8412/1 1524/8399/1 1527/8501/1 1528/8500/1
f 1477/8372/2 1593/8371/2 1647/8592/2 1528/8500/2
f 1482/8402/7 1527/8501/7 1644/8391/7 1419/8394/7
f 1648/8401/3 1643/8600/3 1646/8392/3 1644/8391/3
f 1418/8398/3 1591/8397/3 1643/8600/3 1648/8401/3
f 1476/8415/1 1481/8400/1 1524/8399/1 1522/8412/1
f 1591/8397/968 1592/8414/968 1645/8413/968 1643/8600/968
f 1528/8500/2 1647/8592/2 1645/8413/2 1522/8412/2
f 1527/8501/7 1524/8399/7 1648/8401/7 1644/8391/7
f 1649/8601/972 1650/8602/972 1664/8603/972 1651/8604/972
f 1649/8601/973 1651/8604/973 1654/8605/973 1652/8606/973
f 1652/8606/974 1654/8605/974 1655/8607/974 1653/8608/974
f 1655/8607/1 1654/8605/1 1656/8609/1 1657/8610/1
f 1654/8605/4 1651/8604/4 1659/8611/4 1656/8609/4
f 1658/8612/975 1663/8613/975 1657/8610/975 1656/8609/975
f 1661/8614/976 1658/8612/976 1656/8609/976 1659/8611/976
f 1664/8603/3 1660/8615/3 1659/8611/3 1651/8604/3
f 1661/8614/977 1659/8611/977 1660/8615/977 1662/8616/977
f 1662/8616/978 1660/8615/978 1657/8610/978 1663/8613/978
f 1655/8607/5 1657/8610/5 1660/8615/5 1664/8603/5
f 1650/8602/979 1653/8608/979 1655/8607/979 1664/8603/979
f 1665/8617/972 1666/8618/972 1680/8619/972 1667/8620/972
f 1665/8617/980 1667/8620/980 1670/8621/980 1668/8622/980
f 1668/8622/974 1670/8621/974 1671/8623/974 1669/8624/974
f 1671/8623/1 1670/8621/1 1672/8625/1 1673/8626/1
f 1670/8621/4 1667/8620/4 1675/8627/4 1672/8625/4
f 1674/8628/975 1679/8629/975 1673/8626/975 1672/8625/975
f 1677/8630/981 1674/8628/981 1672/8625/981 1675/8627/981
f 1680/8619/3 1676/8631/3 1675/8627/3 1667/8620/3
f 1677/8630/977 1675/8627/977 1676/8631/977 1678/8632/977
f 1678/8632/978 1676/8631/978 1673/8626/978 1679/8629/978
f 1671/8623/5 1673/8626/5 1676/8631/5 1680/8619/5
f 1666/8618/979 1669/8624/979 1671/8623/979 1680/8619/979
f 1681/8633/982 1682/8634/982 1696/8635/982 1683/8636/982
f 1681/8633/980 1683/8636/980 1686/8637/980 1684/8638/980
f 1684/8638/974 1686/8637/974 1687/8639/974 1685/8640/974
f 1687/8639/1 1686/8637/1 1688/8641/1 1689/8642/1
f 1686/8637/4 1683/8636/4 1691/8643/4 1688/8641/4
f 1690/8644/975 1695/8645/975 1689/8642/975 1688/8641/975
f 1693/8646/981 1690/8644/981 1688/8641/981 1691/8643/981
f 1696/8635/3 1692/8647/3 1691/8643/3 1683/8636/3
f 1693/8646/977 1691/8643/977 1692/8647/977 1694/8648/977
f 1694/8648/978 1692/8647/978 1689/8642/978 1695/8645/978
f 1687/8639/5 1689/8642/5 1692/8647/5 1696/8635/5
f 1682/8634/979 1685/8640/979 1687/8639/979 1696/8635/979
f 1697/8649/982 1698/8650/982 1712/8651/982 1699/8652/982
f 1697/8649/980 1699/8652/980 1702/8653/980 1700/8654/980
f 1700/8654/974 1702/8653/974 1703/8655/974 1701/8656/974
f 1703/8655/1 1702/8653/1 1704/8657/1 1705/8658/1
f 1702/8653/4 1699/8652/4 1707/8659/4 1704/8657/4
f 1706/8660/975 1711/8661/975 1705/8658/975 1704/8657/975
f 1709/8662/981 1706/8660/981 1704/8657/981 1707/8659/981
f 1712/8651/3 1708/8663/3 1707/8659/3 1699/8652/3
f 1709/8662/977 1707/8659/977 1708/8663/977 1710/8664/977
f 1710/8664/978 1708/8663/978 1705/8658/978 1711/8661/978
f 1703/8655/5 1705/8658/5 1708/8663/5 1712/8651/5
f 1698/8650/979 1701/8656/979 1703/8655/979 1712/8651/979
f 1713/8665/972 1714/8666/972 1728/8667/972 1715/8668/972
f 1713/8665/980 1715/8668/980 1718/8669/980 1716/8670/980
f 1716/8670/974 1718/8669/974 1719/8671/974 1717/8672/974
f 1719/8671/1 1718/8669/1 1720/8673/1 1721/8674/1
f 1718/8669/4 1715/8668/4 1723/8675/4 1720/8673/4
f 1722/8676/975 1727/8677/975 1721/8674/975 1720/8673/975
f 1725/8678/981 1722/8676/981 1720/8673/981 1723/8675/981
f 1728/8667/3 1724/8679/3 1723/8675/3 1715/8668/3
f 1725/8678/977 1723/8675/977 1724/8679/977 1726/8680/977
f 1726/8680/978 1724/8679/978 1721/8674/978 1727/8677/978
f 1719/8671/5 1721/8674/5 1724/8679/5 1728/8667/5
f 1714/8666/979 1717/8672/979 1719/8671/979 1728/8667/979
f 1729/8681/972 1730/8682/972 1744/8683/972 1731/8684/972
f 1729/8681/980 1731/8684/980 1734/8685/980 1732/8686/980
f 1732/8686/974 1734/8685/974 1735/8687/974 1733/8688/974
f 1735/8687/1 1734/8685/1 1736/8689/1 1737/8690/1
f 1734/8685/4 1731/8684/4 1739/8691/4 1736/8689/4
f 1738/8692/975 1743/8693/975 1737/8690/975 1736/8689/975
f 1741/8694/981 1738/8692/981 1736/8689/981 1739/8691/981
f 1744/8683/3 1740/8695/3 1739/8691/3 1731/8684/3
f 1741/8694/977 1739/8691/977 1740/8695/977 1742/8696/977
f 1742/8696/978 1740/8695/978 1737/8690/978 1743/8693/978
f 1735/8687/5 1737/8690/5 1740/8695/5 1744/8683/5
f 1730/8682/979 1733/8688/979 1735/8687/979 1744/8683/979
o Plane
v -13.883924 -1.000000 -10.725669
v 19.048540 -1.000000 -10.725669
v -13.883924 11.406628 9.883651
v 19.048540 11.406628 9.883651
v -13.883924 5.593745 9.883651
v -13.883924 -1.000000 3.289907
v -13.883924 5.328241 9.878304
v -13.883924 5.063169 9.862269
v -13.883924 4.798956 9.835575
v -13.883924 4.536034 9.798264
v -13.883924 4.274826 9.750395
v -13.883924 4.015759 9.692049
v -13.883924 3.759250 9.623318
v -13.883924 3.505716 9.544313
v -13.883924 3.255570 9.455164
v -13.883924 3.009217 9.356015
v -13.883924 2.767055 9.247028
v -13.883924 2.529479 9.128377
v -13.883924 2.296872 9.000257
v -13.883924 2.069613 8.862874
v -13.883924 1.848071 8.716452
v -13.883924 1.632603 8.561228
v -13.883924 1.423561 8.397454
v -13.883924 1.221283 8.225395
v -13.883924 1.026097 8.045331
v -13.883924 0.838320 7.857553
v -13.883924 0.658256 7.662367
v -13.883924 0.486197 7.460090
v -13.883924 0.322423 7.251047
v -13.883924 0.167199 7.035580
v -13.883924 0.020777 6.814037
v -13.883924 -0.116606 6.586778
v -13.883924 -0.244726 6.354172
v -13.883924 -0.363377 6.116595
v -13.883924 -0.472365 5.874434
v -13.883924 -0.571514 5.628080
v -13.883924 -0.660663 5.377934
v -13.883924 -0.739667 5.124401
v -13.883924 -0.808398 4.867893
v -13.883924 -0.866745 4.608824
v -13.883924 -0.914613 4.347617
v -13.883924 -0.951924 4.084694
v -13.883924 -0.978619 3.820482
v -13.883924 -0.994653 3.555410
v 19.048540 -1.000000 3.289907
v 19.048540 5.593744 9.883651
v 19.048540 -0.994653 3.555410
v 19.048540 -0.978619 3.820482
v 19.048540 -0.951924 4.084694
v 19.048540 -0.914613 4.347617
v 19.048540 -0.866745 4.608824
v 19.048540 -0.808398 4.867893
v 19.048540 -0.739667 5.124401
v 19.048540 -0.660663 5.377934
v 19.048540 -0.571514 5.628080
v 19.048540 -0.472365 5.874434
v 19.048540 -0.363377 6.116595
v 19.048540 -0.244726 6.354172
v 19.048540 -0.116606 6.586778
v 19.048540 0.020776 6.814037
v 19.048540 0.167199 7.035580
v 19.048540 0.322423 7.251047
v 19.048540 0.486197 7.460090
v 19.048540 0.658256 7.662367
v 19.048540 0.838320 7.857553
v 19.048540 1.026097 8.045331
v 19.048540 1.221283 8.225395
v 19.048540 1.423561 8.397454
v 19.048540 1.632603 8.561228
v 19.048540 1.848070 8.716452
v 19.048540 2.069613 8.862874
v 19.048540 2.296872 9.000257
v 19.048540 2.529478 9.128377
v 19.048540 2.767055 9.247028
v 19.048540 3.009217 9.356015
v 19.048540 3.255570 9.455164
v 19.048540 3.505716 9.544313
v 19.048540 3.759249 9.623318
v 19.048540 4.015758 9.692049
v 19.048540 4.274826 9.750395
v 19.048540 4.536033 9.798264
v 19.048540 4.798956 9.835575
v 19.048540 5.063168 9.862269
v 19.048540 5.328241 9.878304
vt 1.000000 0.000000
vt 0.000000 0.000000
vt 0.000000 0.000000
vt 1.000000 0.000000
vt 1.000000 0.000000
vt 0.000000 0.000000
vt 1.000000 0.000000
vt 0.000000 0.000000
vt 1.000000 0.000000
vt 0.000000 0.000000
vt 1.000000 0.000000
vt 0.000000 0.000000
vt 1.000000 0.000000
vt 0.000000 0.000000
vt 1.000000 0.000000
vt 0.000000 0.000000
vt 1.000000 0.000000
vt 0.000000 0.000000
vt 1.000000 0.000000
vt 0.000000 0.000000
vt 1.000000 0.000000
vt 0.000000 0.000000
vt 1.000000 0.000000
vt 0.000000 0.000000
vt 1.000000 0.000000
vt 0.000000 0.000000
vt 1.000000 0.000000
vt 0.000000 0.000000
vt 1.000000 0.000000
vt 0.000000 0.000000
vt 1.000000 0.000000
vt 0.000000 0.000000
vt 1.000000 0.000000
vt 0.000000 0.000000
vt 1.000000 0.000000
vt 0.000000 0.000000
vt 1.000000 0.000000
vt 0.000000 0.000000
vt 1.000000 0.000000
vt 0.000000 0.000000
vt 1.000000 0.000000
vt 0.000000 0.000000
vt 0.000000 0.264461
vt 1.000000 0.264461
vt 1.000000 0.362770
vt 0.000000 0.362770
vt 0.000000 0.122740
vt 1.000000 0.122740
vt 1.000000 0.132211
vt 0.000000 0.132211
vt 0.000000 0.131973
vt 1.000000 0.131973
vt 1.000000 0.141788
vt 0.000000 0.141788
vt 0.000000 0.141393
vt 1.000000 0.141393
vt 1.000000 0.151536
vt 0.000000 0.151536
vt 0.000000 0.150987
vt 1.000000 0.150987
vt 1.000000 0.161442
vt 0.000000 0.161442
vt 0.000000 0.160742
vt 1.000000 0.160742
vt 1.000000 0.171492
vt 0.000000 0.171492
vt 0.000000 0.170645
vt 1.000000 0.170645
vt 1.000000 0.181673
vt 0.000000 0.181672
vt 0.000000 0.180686
vt 1.000000 0.180686
vt 1.000000 0.191972
vt 0.000000 0.191972
vt 0.000000 0.190851
vt 1.000000 0.190851
vt 1.000000 0.202378
vt 0.000000 0.202379
vt 0.000000 0.201130
vt 1.000000 0.201130
vt 1.000000 0.212880
vt 0.000000 0.212880
vt 0.000000 0.211513
vt 1.000000 0.211513
vt 1.000000 0.223466
vt 0.000000 0.223466
vt 0.000000 0.221989
vt 1.000000 0.221989
vt 1.000000 0.234127
vt 0.000000 0.234127
vt 0.000000 0.232548
vt 1.000000 0.232548
vt 1.000000 0.244850
vt 0.000000 0.244850
vt 0.000000 0.243182
vt 1.000000 0.243182
vt 1.000000 0.255628
vt 0.000000 0.255628
vt 0.000000 0.253880
vt 1.000000 0.253880
vt 1.000000 0.266451
vt 0.000000 0.266451
vt 0.000000 0.264635
vt 1.000000 0.264635
vt 1.000000 0.277309
vt 0.000000 0.277309
vt 0.000000 0.275437
vt 1.000000 0.275437
vt 1.000000 0.288195
vt 0.000000 0.288195
vt 0.000000 0.286278
vt 1.000000 0.286278
vt 1.000000 0.299098
vt 0.000000 0.299098
vt 0.000000 0.297150
vt 1.000000 0.297150
vt 1.000000 0.310012
vt 0.000000 0.310012
vt 0.000000 0.308044
vt 1.000000 0.308044
vt 1.000000 0.320927
vt 0.000000 0.320927
vt 0.000000 0.319940
vt 1.000000 0.319940
vt 1.000000 1.000000
vt 0.000000 1.000000
vn 0.0000 0.0000 -1.0000
vn 0.0000 0.0201 -0.9998
vn -0.0000 0.0604 -0.9982
vn 0.0000 0.1005 -0.9949
vn -0.0000 0.1405 -0.9901
vn 0.0000 0.1803 -0.9836
vn -0.0000 0.2197 -0.9756
vn -0.0000 0.2588 -0.9659
vn 0.0000 0.2975 -0.9547
vn 0.0000 0.3357 -0.9420
vn 0.0000 0.3734 -0.9277
vn -0.0000 0.4104 -0.9119
vn -0.0000 0.4468 -0.8946
vn -0.0000 0.4825 -0.8759
vn 0.0000 0.5173 -0.8558
vn -0.0000 0.5514 -0.8343
vn 0.0000 0.5845 -0.8114
vn -0.0000 0.6167 -0.7872
vn 0.0000 0.6479 -0.7617
vn -0.0000 0.6781 -0.7350
vn 0.0000 0.7071 -0.7071
vn 0.0000 0.7350 -0.6781
vn 0.0000 0.7617 -0.6479
vn 0.0000 0.7872 -0.6167
vn 0.0000 0.8114 -0.5845
vn 0.0000 0.8343 -0.5514
vn 0.0000 0.8558 -0.5173
vn 0.0000 0.8759 -0.4825
vn 0.0000 0.8946 -0.4468
vn 0.0000 0.9119 -0.4104
vn 0.0000 0.9277 -0.3734
vn 0.0000 0.9420 -0.3357
vn 0.0000 0.9547 -0.2975
vn 0.0000 0.9659 -0.2588
vn 0.0000 0.9756 -0.2197
vn 0.0000 0.9836 -0.1803
vn 0.0000 0.9901 -0.1405
vn 0.0000 0.9949 -0.1005
vn 0.0000 0.9982 -0.0604
vn 0.0000 0.9998 -0.0201
vn 0.0000 1.0000 0.0000
usemtl None
s off
f 3128/8697/983 3087/8698/983 3085/8699/983 3086/8700/983
f 3087/8698/984 3128/8697/984 3166/8701/984 3089/8702/984
f 3089/8702/985 3166/8701/985 3165/8703/985 3090/8704/985
f 3090/8704/986 3165/8703/986 3164/8705/986 3091/8706/986
f 3091/8706/987 3164/8705/987 3163/8707/987 3092/8708/987
f 3092/8708/988 3163/8707/988 3162/8709/988 3093/8710/988
f 3093/8710/989 3162/8709/989 3161/8711/989 3094/8712/989
f 3094/8712/990 3161/8711/990 3160/8713/990 3095/8714/990
f 3095/8714/991 3160/8713/991 3159/8715/991 3096/8716/991
f 3096/8716/992 3159/8715/992 3158/8717/992 3097/8718/992
f 3097/8718/993 3158/8717/993 3157/8719/993 3098/8720/993
f 3098/8720/994 3157/8719/994 3156/8721/994 3099/8722/994
f 3099/8722/995 3156/8721/995 3155/8723/995 3100/8724/995
f 3100/8724/996 3155/8723/996 3154/8725/996 3101/8726/996
f 3101/8726/997 3154/8725/997 3153/8727/997 3102/8728/997
f 3102/8728/998 3153/8727/998 3152/8729/998 3103/8730/998
f 3103/8730/999 3152/8729/999 3151/8731/999 3104/8732/999
f 3104/8732/1000 3151/8731/1000 3150/8733/1000 3105/8734/1000
f 3105/8734/1001 3150/8733/1001 3149/8735/1001 3106/8736/1001
f 3106/8736/1002 3149/8735/1002 3148/8737/1002 3107/8738/1002
f 3107/8739/1003 3148/8740/1003 3147/8741/1003 3108/8742/1003
f 3108/8743/1004 3147/8744/1004 3146/8745/1004 3109/8746/1004
f 3109/8747/1005 3146/8748/1005 3145/8749/1005 3110/8750/1005
f 3110/8751/1006 3145/8752/1006 3144/8753/1006 3111/8754/1006
f 3111/8755/1007 3144/8756/1007 3143/8757/1007 3112/8758/1007
f 3112/8759/1008 3143/8760/1008 3142/8761/1008 3113/8762/1008
f 3113/8763/1009 3142/8764/1009 3141/8765/1009 3114/8766/1009
f 3114/8767/1010 3141/8768/1010 3140/8769/1010 3115/8770/1010
f 3115/8771/1011 3140/8772/1011 3139/8773/1011 3116/8774/1011
f 3116/8775/1012 3139/8776/1012 3138/8777/1012 3117/8778/1012
f 3117/8779/1013 3138/8780/1013 3137/8781/1013 3118/8782/1013
f 3118/8783/1014 3137/8784/1014 3136/8785/1014 3119/8786/1014
f 3119/8787/1015 3136/8788/1015 3135/8789/1015 3120/8790/1015
f 3120/8791/1016 3135/8792/1016 3134/8793/1016 3121/8794/1016
f 3121/8795/1017 3134/8796/1017 3133/8797/1017 3122/8798/1017
f 3122/8799/1018 3133/8800/1018 3132/8801/1018 3123/8802/1018
f 3123/8803/1019 3132/8804/1019 3131/8805/1019 3124/8806/1019
f 3124/8807/1020 3131/8808/1020 3130/8809/1020 3125/8810/1020
f 3125/8811/1021 3130/8812/1021 3129/8813/1021 3126/8814/1021
f 3126/8815/1022 3129/8816/1022 3127/8817/1022 3088/8818/1022
f 3088/8819/1023 3127/8820/1023 3084/8821/1023 3083/8822/1023
o door_frame
v -1.212832 -1.000000 -0.366017
v -1.212832 1.000000 -0.366017
v -0.212832 -1.000000 -0.366017
v -0.212832 1.000000 -0.366017
v -1.268603 -1.000000 -0.366017
v -1.268603 1.000000 -0.366017
v -0.157061 -1.000000 -0.366017
v -0.157061 1.000000 -0.366017
v -1.212832 1.063053 -0.366017
v -0.212832 1.063053 -0.366017
v -1.268603 1.063053 -0.366017
v -0.157061 1.063053 -0.366017
v -1.212832 1.000000 -0.454799
v -0.212832 -1.000000 -0.454799
v -1.212832 -1.000000 -0.454799
v -0.212832 1.000000 -0.454799
v -0.157061 -1.000000 -0.454799
v -0.157061 1.000000 -0.454799
v -1.268603 -1.000000 -0.454799
v -1.268603 1.000000 -0.454799
v -1.268603 1.063053 -0.454799
v -1.212832 1.063053 -0.454799
v -0.157061 1.063053 -0.454799
v -0.212832 1.063053 -0.454799
v -1.212832 -0.990000 -0.454799
v -1.212832 -0.990000 -0.366017
v -0.212832 -0.990000 -0.454799
v -0.212832 -0.990000 -0.366017
vt 0.250000 0.898678
vt 0.222114 0.898678
vt 0.222114 -0.101322
vt 0.250000 -0.101322
vt 0.750000 0.898678
vt 0.750000 -0.101322
vt 0.777886 -0.101322
vt 0.777886 0.898678
vt 0.777886 0.930205
vt 0.750000 0.930205
vt 0.250000 0.930205
vt 0.222114 0.930205
vt 0.250000 0.898678
vt 0.250000 -0.101322
vt 0.222114 -0.101322
vt 0.222114 0.898678
vt 0.750000 0.898678
vt 0.777886 0.898678
vt 0.777886 -0.101322
vt 0.750000 -0.101322
vt 0.750000 0.930205
vt 0.777886 0.930205
vt 0.222114 0.930205
vt 0.250000 0.930205
vt 0.477805 0.898678
vt 0.522195 0.898678
vt 0.522195 0.930205
vt 0.477805 0.930205
vt 0.477805 -0.101322
vt 0.477805 0.898678
vt 0.522195 0.898678
vt 0.522195 -0.101322
vt 0.477805 0.930205
vt 0.522195 0.930205
vt 0.250000 0.477805
vt 0.222114 0.477805
vt 0.222114 0.522195
vt 0.250000 0.522195
vt 0.750000 0.477805
vt 0.750000 0.522195
vt 0.250000 0.522195
vt 0.250000 0.477805
vt 0.750000 0.477805
vt 0.750000 0.522195
vt 0.777886 0.522195
vt 0.777886 0.477805
vt 0.250000 0.477805
vt 0.250000 0.522195
vt 0.750000 0.522195
vt 0.750000 0.477805
vt 0.222114 0.477805
vt 0.222114 0.522195
vt 0.477805 0.898678
vt 0.522195 0.898678
vt 0.522195 -0.101322
vt 0.477805 -0.101322
vt 0.777886 0.477805
vt 0.777886 0.522195
vt 0.477805 -0.101322
vt 0.522195 -0.101322
vt 0.477805 0.898678
vt 0.477805 -0.101322
vt 0.522195 -0.101322
vt 0.522195 0.898678
vt 0.750000 -0.096322
vt 0.250000 -0.096322
vt 0.750000 0.477805
vt 0.750000 0.522195
vt 0.250000 0.522195
vt 0.250000 0.477805
vt 0.522195 -0.096322
vt 0.477805 -0.096322
vt 0.250000 -0.096322
vt 0.750000 -0.096322
vt 0.477805 -0.096322
vt 0.522195 -0.096322
vn 0.0000 0.0000 1.0000
vn 0.0000 0.0000 -1.0000
vn 1.0000 0.0000 0.0000
vn -1.0000 0.0000 0.0000
vn 0.0000 -1.0000 0.0000
vn 0.0000 1.0000 0.0000
usemtl black_wood.001
s off
f 3168/8823/1024 3172/8824/1024 3171/8825/1024 3167/8826/1024
f 3170/8827/1024 3169/8828/1024 3173/8829/1024 3174/8830/1024
f 3170/8827/1024 3174/8830/1024 3178/8831/1024 3176/8832/1024
f 3168/8823/1024 3175/8833/1024 3177/8834/1024 3172/8824/1024
f 3170/8827/1024 3176/8832/1024 3175/8833/1024 3168/8823/1024
f 3179/8835/1025 3181/8836/1025 3185/8837/1025 3186/8838/1025
f 3182/8839/1025 3184/8840/1025 3183/8841/1025 3180/8842/1025
f 3182/8839/1025 3190/8843/1025 3189/8844/1025 3184/8840/1025
f 3179/8835/1025 3186/8838/1025 3187/8845/1025 3188/8846/1025
f 3182/8839/1025 3179/8835/1025 3188/8846/1025 3190/8843/1025
f 3174/8847/1026 3184/8848/1026 3189/8849/1026 3178/8850/1026
f 3171/8851/1027 3172/8852/1027 3186/8853/1027 3185/8854/1027
f 3172/8852/1027 3177/8855/1027 3187/8856/1027 3186/8853/1027
f 3167/8857/1028 3171/8858/1028 3185/8859/1028 3181/8860/1028
f 3176/8861/1029 3190/8862/1029 3188/8863/1029 3175/8864/1029
f 3169/8865/1028 3180/8866/1028 3183/8867/1028 3173/8868/1028
f 3168/8869/1028 3179/8870/1028 3182/8871/1028 3170/8872/1028
f 3177/8873/1029 3175/8864/1029 3188/8863/1029 3187/8874/1029
f 3170/8875/1027 3182/8876/1027 3180/8877/1027 3169/8878/1027
f 3178/8879/1029 3189/8880/1029 3190/8862/1029 3176/8861/1029
f 3173/8881/1026 3183/8882/1026 3184/8848/1026 3174/8847/1026
f 3168/8883/1026 3167/8884/1026 3181/8885/1026 3179/8886/1026
f 3169/8828/1024 3194/8887/1024 3192/8888/1024 3167/8826/1024
f 3194/8889/1029 3193/8890/1029 3191/8891/1029 3192/8892/1029
f 3180/8877/1026 3193/8893/1026 3194/8894/1026 3169/8878/1026
f 3181/8836/1025 3191/8895/1025 3193/8896/1025 3180/8842/1025
f 3167/8884/1027 3192/8897/1027 3191/8898/1027 3181/8885/1027
o Cube_Cube.036
v -0.316576 -1.000000 -0.315972
v -0.316576 -0.990000 -0.315972
v -0.316576 -1.000000 -0.325972
v -0.316576 -0.990000 -0.325972
v -0.306576 -1.000000 -0.315972
v -0.306576 -0.990000 -0.315972
v -0.306576 -1.000000 -0.325972
v -0.306576 -0.990000 -0.325972
vt 0.500119 0.000000
vt 0.750119 0.000000
vt 0.750119 0.250000
vt 0.500119 0.250000
vt 0.750119 0.500000
vt 0.500119 0.500000
vt 0.750119 0.750000
vt 0.500119 0.750000
vt 0.750119 1.000000
vt 0.500119 1.000000
vt 0.125000 0.500000
vt 0.375000 0.500000
vt 0.375000 0.750000
vt 0.125000 0.750000
vt 0.625000 0.500000
vt 0.875000 0.500000
vt 0.875000 0.750000
vt 0.625000 0.750000
vn -1.0000 0.0000 0.0000
vn 0.0000 0.0000 -1.0000
vn 1.0000 0.0000 0.0000
vn 0.0000 0.0000 1.0000
vn 0.0000 -1.0000 0.0000
vn 0.0000 1.0000 0.0000
usemtl None
s off
f 3195/8899/1030 3196/8900/1030 3198/8901/1030 3197/8902/1030
f 3197/8902/1031 3198/8901/1031 3202/8903/1031 3201/8904/1031
f 3201/8904/1032 3202/8903/1032 3200/8905/1032 3199/8906/1032
f 3199/8906/1033 3200/8905/1033 3196/8907/1033 3195/8908/1033
f 3197/8909/1034 3201/8910/1034 3199/8911/1034 3195/8912/1034
f 3202/8913/1035 3198/8914/1035 3196/8915/1035 3200/8916/1035
o Cube.001_Cube.050
v 0.475758 -0.126560 -1.075537
v 0.475758 -0.109494 -1.075537
v 0.473022 -0.126560 -1.078274
v 0.473022 -0.109494 -1.078274
v 0.482244 -0.084170 -1.084379
v 0.472458 -0.084170 -1.074594
v 0.479263 -0.084435 -1.087360
v 0.469478 -0.084435 -1.077574
v 0.476330 -0.085227 -1.090293
v 0.466544 -0.085227 -1.080507
v 0.473490 -0.086532 -1.093133
v 0.463705 -0.086532 -1.083347
v 0.470788 -0.088330 -1.095835
v 0.461003 -0.088330 -1.086049
v 0.458481 -0.090592 -1.088570
v 0.465966 -0.093284 -1.100657
v 0.456180 -0.093284 -1.090871
v 0.463922 -0.096363 -1.102701
v 0.454136 -0.096363 -1.092915
v 0.462167 -0.099779 -1.104456
v 0.452381 -0.099779 -1.094671
v 0.460728 -0.103480 -1.105895
v 0.450943 -0.103480 -1.096109
v 0.459629 -0.107406 -1.106994
v 0.449843 -0.107406 -1.097208
v 0.449101 -0.111497 -1.097951
v 0.448726 -0.115686 -1.098325
v 0.458512 -0.119909 -1.108111
v 0.458886 -0.124099 -1.107737
v 0.449101 -0.124099 -1.097951
v 0.459629 -0.128189 -1.106994
v 0.449843 -0.128189 -1.097208
v 0.460728 -0.132116 -1.105895
v 0.452381 -0.135816 -1.094671
v 0.463922 -0.139233 -1.102701
v 0.465966 -0.142311 -1.100657
v 0.456180 -0.142311 -1.090871
v 0.468267 -0.145003 -1.098356
v 0.458481 -0.145003 -1.088570
v 0.461003 -0.147266 -1.086049
v 0.473490 -0.149064 -1.093133
v 0.463705 -0.149064 -1.083347
v 0.476330 -0.150369 -1.090293
v 0.466544 -0.150369 -1.080507
v 0.479263 -0.151160 -1.087360
v 0.469478 -0.151160 -1.077574
v 0.472458 -0.151425 -1.074594
v 0.485224 -0.151160 -1.081399
v 0.475438 -0.151160 -1.071614
v 0.488157 -0.150369 -1.078466
v 0.490997 -0.149064 -1.075626
v 0.481211 -0.149064 -1.065840
v 0.493699 -0.147266 -1.072924
v 0.483913 -0.147266 -1.063139
v 0.496220 -0.145003 -1.070403
v 0.486434 -0.145003 -1.060617
v 0.498521 -0.142311 -1.068102
v 0.488735 -0.142311 -1.058316
v 0.500565 -0.139233 -1.066058
v 0.490779 -0.139233 -1.056272
v 0.502320 -0.135816 -1.064303
v 0.503759 -0.132116 -1.062864
v 0.493973 -0.132116 -1.053079
v 0.495072 -0.128189 -1.051979
v 0.505601 -0.124099 -1.061022
v 0.505975 -0.119909 -1.060648
v 0.496189 -0.119909 -1.050862
v 0.496189 -0.115686 -1.050862
v 0.505601 -0.111497 -1.061022
v 0.504858 -0.107406 -1.061765
v 0.495072 -0.107406 -1.051979
v 0.493973 -0.103480 -1.053079
v 0.502320 -0.099779 -1.064303
v 0.490779 -0.096363 -1.056272
v 0.498521 -0.093284 -1.068102
v 0.488735 -0.093284 -1.058316
v 0.496220 -0.090592 -1.070403
v 0.486434 -0.090592 -1.060617
v 0.493699 -0.088330 -1.072924
v 0.483913 -0.088330 -1.063139
v 0.490997 -0.086532 -1.075626
v 0.481211 -0.086532 -1.065840
v 0.478371 -0.085227 -1.068680
v 0.485224 -0.084435 -1.081399
v 0.475438 -0.084435 -1.071614
v 0.482618 -0.087208 -1.085992
v 0.482674 -0.088774 -1.086233
v 0.479841 -0.087453 -1.088768
v 0.485396 -0.087457 -1.083216
v 0.488129 -0.088196 -1.080484
v 0.485323 -0.089010 -1.083584
v 0.487929 -0.089713 -1.080978
v 0.490453 -0.090873 -1.078454
v 0.490775 -0.089413 -1.077838
v 0.492854 -0.092471 -1.076053
v 0.493292 -0.091089 -1.075322
v 0.495094 -0.094481 -1.073813
v 0.495641 -0.093199 -1.072973
v 0.497138 -0.096873 -1.071769
v 0.497785 -0.095707 -1.070830
v 0.498955 -0.099609 -1.069952
v 0.499690 -0.098575 -1.068926
v 0.500515 -0.102645 -1.068392
v 0.501325 -0.101758 -1.067290
v 0.501793 -0.105933 -1.067114
v 0.502665 -0.105206 -1.065949
v 0.502770 -0.109422 -1.066137
v 0.503690 -0.108864 -1.064924
v 0.503429 -0.113057 -1.065477
v 0.504382 -0.112674 -1.064231
v 0.503762 -0.116780 -1.065145
v 0.504732 -0.116578 -1.063881
v 0.503762 -0.120532 -1.065145
v 0.504732 -0.120512 -1.063879
v 0.503429 -0.124255 -1.065477
v 0.504385 -0.124416 -1.064225
v 0.502770 -0.127890 -1.066137
v 0.503693 -0.128228 -1.064915
v 0.501793 -0.131379 -1.067114
v 0.502670 -0.131887 -1.065937
v 0.500515 -0.134667 -1.068392
v 0.501330 -0.135337 -1.067275
v 0.498955 -0.137703 -1.069952
v 0.499695 -0.138521 -1.068909
v 0.497138 -0.140439 -1.071769
v 0.497790 -0.141392 -1.070812
v 0.495094 -0.142830 -1.073813
v 0.495646 -0.143902 -1.072955
v 0.492854 -0.144841 -1.076053
v 0.493296 -0.146012 -1.075303
v 0.490453 -0.146439 -1.078454
v 0.490777 -0.147689 -1.077820
v 0.487929 -0.147599 -1.080978
v 0.488129 -0.148907 -1.080467
v 0.485323 -0.148302 -1.083584
v 0.485394 -0.149646 -1.083200
v 0.482674 -0.148537 -1.086233
v 0.482615 -0.149894 -1.085978
v 0.480026 -0.148302 -1.088881
v 0.479836 -0.149647 -1.088756
v 0.477420 -0.147599 -1.091487
v 0.477101 -0.148910 -1.091491
v 0.474896 -0.146439 -1.094011
v 0.474452 -0.147694 -1.094139
v 0.472495 -0.144841 -1.096412
v 0.471932 -0.146017 -1.096658
v 0.470255 -0.142830 -1.098652
v 0.469581 -0.143907 -1.099010
v 0.468210 -0.140438 -1.100697
v 0.467435 -0.141397 -1.101155
v 0.466394 -0.137703 -1.102513
v 0.465529 -0.138526 -1.103061
v 0.464834 -0.134667 -1.104073
v 0.463892 -0.135340 -1.104698
v 0.463556 -0.131379 -1.105351
v 0.462550 -0.131889 -1.106040
v 0.462579 -0.127890 -1.106328
v 0.461526 -0.128228 -1.107065
v 0.461919 -0.124255 -1.106988
v 0.460834 -0.124413 -1.107757
v 0.461587 -0.120532 -1.107320
v 0.460485 -0.120506 -1.108106
v 0.461587 -0.116780 -1.107320
v 0.460486 -0.116569 -1.108106
v 0.461919 -0.113057 -1.106988
v 0.460836 -0.112663 -1.107757
v 0.462579 -0.109422 -1.106328
v 0.461530 -0.108850 -1.107065
v 0.463556 -0.105933 -1.105351
v 0.462556 -0.105190 -1.106040
v 0.464834 -0.102645 -1.104073
v 0.463898 -0.101741 -1.104699
v 0.466394 -0.099609 -1.102513
v 0.465536 -0.098557 -1.103063
v 0.468210 -0.096873 -1.100697
v 0.467443 -0.095689 -1.101158
v 0.470255 -0.094481 -1.098652
v 0.469589 -0.093182 -1.099013
v 0.472495 -0.092471 -1.096412
v 0.471940 -0.091075 -1.096664
v 0.474896 -0.090873 -1.094011
v 0.474459 -0.089402 -1.094146
v 0.477420 -0.089713 -1.091487
v 0.477107 -0.088188 -1.091501
v 0.480026 -0.089010 -1.088881
v 0.468267 -0.090592 -1.098356
v 0.458887 -0.111496 -1.107736
v 0.458512 -0.115686 -1.108111
v 0.462167 -0.135816 -1.104456
v 0.470789 -0.147266 -1.095834
v 0.482244 -0.151425 -1.084379
v 0.504858 -0.128189 -1.061765
v 0.505975 -0.115686 -1.060648
v 0.503759 -0.103480 -1.062864
v 0.500565 -0.096363 -1.066058
v 0.488157 -0.085227 -1.078466
v 0.492535 -0.099779 -1.054517
v 0.495815 -0.111497 -1.051236
v 0.495815 -0.124099 -1.051236
v 0.492535 -0.135816 -1.054517
v 0.478372 -0.150369 -1.068680
v 0.454137 -0.139233 -1.092915
v 0.450943 -0.132116 -1.096109
v 0.448727 -0.119909 -1.098325
v 0.483239 -0.092671 -1.085374
v 0.481012 -0.092869 -1.087601
v 0.485466 -0.092869 -1.083148
v 0.483972 -0.092671 -1.086108
v 0.484262 -0.093485 -1.086397
v 0.481746 -0.092869 -1.088335
v 0.486199 -0.092869 -1.083881
v 0.488391 -0.093460 -1.081689
v 0.486416 -0.093677 -1.084243
v 0.488537 -0.094249 -1.082122
v 0.490590 -0.095193 -1.080069
v 0.490513 -0.094435 -1.079567
v 0.492544 -0.096493 -1.078115
v 0.492532 -0.095779 -1.077548
v 0.494367 -0.098129 -1.076292
v 0.494416 -0.097469 -1.075664
v 0.496030 -0.100075 -1.074629
v 0.496135 -0.099481 -1.073945
v 0.497508 -0.102300 -1.073151
v 0.497662 -0.101781 -1.072418
v 0.498777 -0.104770 -1.071882
v 0.498974 -0.104334 -1.071106
v 0.499817 -0.107446 -1.070842
v 0.500049 -0.107099 -1.070031
v 0.500612 -0.110285 -1.070047
v 0.500870 -0.110033 -1.069210
v 0.501149 -0.113242 -1.069510
v 0.501425 -0.113089 -1.068655
v 0.501419 -0.116271 -1.069240
v 0.501705 -0.116220 -1.068375
v 0.501419 -0.119324 -1.069240
v 0.501705 -0.119375 -1.068375
v 0.501149 -0.122353 -1.069510
v 0.501425 -0.122506 -1.068655
v 0.500612 -0.125311 -1.070047
v 0.500870 -0.125562 -1.069210
v 0.499817 -0.128149 -1.070842
v 0.500049 -0.128496 -1.070031
v 0.498777 -0.130825 -1.071882
v 0.498974 -0.131261 -1.071106
v 0.497508 -0.133295 -1.073151
v 0.497662 -0.133814 -1.072418
v 0.496030 -0.135521 -1.074629
v 0.496135 -0.136115 -1.073945
v 0.494367 -0.137467 -1.076292
v 0.494416 -0.138126 -1.075664
v 0.492544 -0.139103 -1.078115
v 0.492532 -0.139817 -1.077548
v 0.490590 -0.140403 -1.080069
v 0.490513 -0.141160 -1.079567
v 0.488537 -0.141346 -1.082122
v 0.488391 -0.142135 -1.081689
v 0.486416 -0.141918 -1.084243
v 0.486199 -0.142727 -1.083881
v 0.484262 -0.142110 -1.086397
v 0.483972 -0.142925 -1.086108
v 0.482107 -0.141918 -1.088552
v 0.481746 -0.142727 -1.088335
v 0.479986 -0.141346 -1.090672
v 0.479554 -0.142135 -1.090526
v 0.477933 -0.140403 -1.092726
v 0.477432 -0.141160 -1.092649
v 0.475980 -0.139103 -1.094679
v 0.475413 -0.139817 -1.094667
v 0.474157 -0.137467 -1.096502
v 0.473529 -0.138126 -1.096551
v 0.472493 -0.135521 -1.098166
v 0.471810 -0.136115 -1.098271
v 0.471015 -0.133295 -1.099643
v 0.470282 -0.133814 -1.099798
v 0.469747 -0.130825 -1.100912
v 0.468971 -0.131261 -1.101109
v 0.468706 -0.128149 -1.101952
v 0.467896 -0.128496 -1.102184
v 0.467912 -0.125311 -1.102747
v 0.467074 -0.125562 -1.103006
v 0.467375 -0.122353 -1.103284
v 0.466520 -0.122506 -1.103561
v 0.467104 -0.119324 -1.103555
v 0.466240 -0.119375 -1.103840
v 0.467104 -0.116271 -1.103555
v 0.466240 -0.116220 -1.103840
v 0.467375 -0.113242 -1.103284
v 0.466520 -0.113089 -1.103561
v 0.467912 -0.110285 -1.102747
v 0.467074 -0.110033 -1.103006
v 0.468706 -0.107446 -1.101952
v 0.467896 -0.107099 -1.102184
v 0.469747 -0.104770 -1.100912
v 0.468971 -0.104334 -1.101109
v 0.471015 -0.102300 -1.099643
v 0.470282 -0.101781 -1.099798
v 0.472493 -0.100075 -1.098166
v 0.471810 -0.099481 -1.098270
v 0.474157 -0.098129 -1.096502
v 0.473529 -0.097469 -1.096551
v 0.475980 -0.096493 -1.094679
v 0.475413 -0.095779 -1.094667
v 0.477933 -0.095193 -1.092726
v 0.477432 -0.094435 -1.092649
v 0.479986 -0.094249 -1.090672
v 0.479554 -0.093460 -1.090526
v 0.482107 -0.093677 -1.088552
v 0.478820 -0.093460 -1.089793
v 0.476698 -0.094435 -1.091915
v 0.474679 -0.095779 -1.093934
v 0.472795 -0.097469 -1.095818
v 0.471076 -0.099481 -1.097537
v 0.469549 -0.101781 -1.099065
v 0.468237 -0.104334 -1.100376
v 0.467162 -0.107099 -1.101451
v 0.466341 -0.110033 -1.102272
v 0.465786 -0.113089 -1.102827
v 0.465507 -0.116220 -1.103107
v 0.465507 -0.119375 -1.103107
v 0.465786 -0.122506 -1.102827
v 0.466341 -0.125562 -1.102272
v 0.467162 -0.128496 -1.101451
v 0.468237 -0.131261 -1.100376
v 0.469549 -0.133814 -1.099065
v 0.471076 -0.136115 -1.097537
v 0.472795 -0.138126 -1.095818
v 0.474679 -0.139817 -1.093934
v 0.476698 -0.141160 -1.091915
v 0.478820 -0.142135 -1.089793
v 0.481012 -0.142727 -1.087601
v 0.483239 -0.142925 -1.085374
v 0.485466 -0.142727 -1.083148
v 0.487658 -0.142135 -1.080956
v 0.489780 -0.141160 -1.078834
v 0.491799 -0.139817 -1.076815
v 0.493683 -0.138126 -1.074931
v 0.495402 -0.136115 -1.073212
v 0.496929 -0.133814 -1.071684
v 0.498241 -0.131261 -1.070373
v 0.499316 -0.128496 -1.069298
v 0.500137 -0.125562 -1.068476
v 0.500692 -0.122506 -1.067922
v 0.500971 -0.119375 -1.067642
v 0.500971 -0.116220 -1.067642
v 0.500692 -0.113089 -1.067922
v 0.500137 -0.110033 -1.068476
v 0.499316 -0.107099 -1.069298
v 0.498241 -0.104334 -1.070373
v 0.496929 -0.101781 -1.071684
v 0.495402 -0.099481 -1.073212
v 0.493683 -0.097469 -1.074931
v 0.491799 -0.095779 -1.076815
v 0.489780 -0.094435 -1.078834
v 0.487658 -0.093460 -1.080956
v 0.481681 -0.126560 -1.086933
v 0.481827 -0.126560 -1.087080
v 0.482703 -0.126560 -1.087955
v 0.481681 -0.109494 -1.086933
v 0.481827 -0.109494 -1.087080
v 0.482703 -0.109494 -1.087955
v 0.484417 -0.109494 -1.084196
v 0.484564 -0.109494 -1.084343
v 0.485440 -0.109494 -1.085219
v 0.484417 -0.126560 -1.084196
v 0.484564 -0.126560 -1.084343
v 0.485440 -0.126560 -1.085219
v 0.482244 0.033422 -1.084379
v 0.472458 0.033422 -1.074594
v 0.469478 0.033156 -1.077574
v 0.476330 0.032365 -1.090293
v 0.473490 0.031060 -1.093133
v 0.463705 0.031060 -1.083347
v 0.470788 0.029262 -1.095835
v 0.461003 0.029262 -1.086049
v 0.468267 0.026999 -1.098356
v 0.458481 0.026999 -1.088570
v 0.465966 0.024308 -1.100657
v 0.456180 0.024308 -1.090871
v 0.454136 0.021229 -1.092915
v 0.462167 0.017813 -1.104456
v 0.460728 0.014112 -1.105895
v 0.459629 0.010186 -1.106994
v 0.449843 0.010186 -1.097208
v 0.458886 0.006095 -1.107737
v 0.449101 -0.006507 -1.097951
v 0.459629 -0.010597 -1.106994
v 0.449843 -0.010597 -1.097208
v 0.462167 -0.018224 -1.104456
v 0.452381 -0.018224 -1.094671
v 0.463922 -0.021641 -1.102701
v 0.454136 -0.021641 -1.092915
v 0.465966 -0.024719 -1.100657
v 0.458481 -0.027411 -1.088570
v 0.470788 -0.029674 -1.095835
v 0.461003 -0.029674 -1.086049
v 0.473490 -0.031472 -1.093133
v 0.463705 -0.031472 -1.083347
v 0.476330 -0.032777 -1.090293
v 0.466544 -0.032777 -1.080507
v 0.469478 -0.033568 -1.077574
v 0.482244 -0.033834 -1.084379
v 0.472458 -0.033834 -1.074594
v 0.475438 -0.033568 -1.071614
v 0.488157 -0.032777 -1.078466
v 0.478371 -0.032777 -1.068680
v 0.490997 -0.031472 -1.075626
v 0.481211 -0.031472 -1.065840
v 0.493699 -0.029674 -1.072924
v 0.496220 -0.027411 -1.070403
v 0.498521 -0.024719 -1.068102
v 0.488735 -0.024719 -1.058316
v 0.500565 -0.021641 -1.066058
v 0.490779 -0.021641 -1.056272
v 0.502320 -0.018224 -1.064303
v 0.492534 -0.018224 -1.054517
v 0.493973 -0.014524 -1.053079
v 0.504858 -0.010597 -1.061765
v 0.505601 -0.006507 -1.061022
v 0.495815 -0.006507 -1.051237
v 0.505975 -0.002317 -1.060648
v 0.505975 0.001906 -1.060648
v 0.496189 0.001906 -1.050862
v 0.504858 0.010186 -1.061765
v 0.495072 0.010186 -1.051979
v 0.503759 0.014112 -1.062864
v 0.493973 0.014112 -1.053079
v 0.502320 0.017813 -1.064303
v 0.492535 0.017813 -1.054517
v 0.500565 0.021229 -1.066058
v 0.498521 0.024308 -1.068102
v 0.488735 0.024308 -1.058316
v 0.496220 0.026999 -1.070403
v 0.483913 0.029262 -1.063139
v 0.490997 0.031060 -1.075626
v 0.481211 0.031060 -1.065840
v 0.488157 0.032365 -1.078466
v 0.478371 0.032365 -1.068680
v 0.479264 0.033156 -1.087359
v 0.485224 0.033156 -1.081399
v 0.482618 0.030384 -1.085992
v 0.482674 0.028817 -1.086233
v 0.479841 0.030139 -1.088768
v 0.485396 0.030135 -1.083216
v 0.488129 0.029396 -1.080484
v 0.485323 0.028582 -1.083584
v 0.487929 0.027879 -1.080978
v 0.490453 0.026719 -1.078454
v 0.490775 0.028179 -1.077838
v 0.492854 0.025121 -1.076053
v 0.493292 0.026502 -1.075322
v 0.495094 0.023110 -1.073813
v 0.495641 0.024393 -1.072973
v 0.497138 0.020719 -1.071769
v 0.497785 0.021885 -1.070830
v 0.498955 0.017983 -1.069952
v 0.499690 0.019017 -1.068926
v 0.500515 0.014947 -1.068392
v 0.501325 0.015833 -1.067290
v 0.501793 0.011659 -1.067114
v 0.502665 0.012386 -1.065949
v 0.502770 0.008170 -1.066137
v 0.503690 0.008728 -1.064924
v 0.503429 0.004535 -1.065477
v 0.504382 0.004918 -1.064231
v 0.503762 0.000812 -1.065145
v 0.504732 0.001014 -1.063881
v 0.503762 -0.002940 -1.065145
v 0.504732 -0.002921 -1.063879
v 0.503429 -0.006663 -1.065477
v 0.504385 -0.006824 -1.064225
v 0.502770 -0.010298 -1.066137
v 0.503693 -0.010636 -1.064915
v 0.501793 -0.013787 -1.067114
v 0.502670 -0.014296 -1.065937
v 0.500515 -0.017075 -1.068392
v 0.501330 -0.017745 -1.067275
v 0.498955 -0.020111 -1.069952
v 0.499695 -0.020930 -1.068909
v 0.497138 -0.022847 -1.071769
v 0.497790 -0.023800 -1.070812
v 0.495094 -0.025239 -1.073813
v 0.495646 -0.026310 -1.072955
v 0.492854 -0.027249 -1.076053
v 0.493296 -0.028420 -1.075303
v 0.490453 -0.028847 -1.078454
v 0.490777 -0.030098 -1.077820
v 0.487929 -0.030007 -1.080978
v 0.488129 -0.031315 -1.080467
v 0.485323 -0.030710 -1.083584
v 0.485394 -0.032054 -1.083200
v 0.482674 -0.030946 -1.086233
v 0.482615 -0.032302 -1.085978
v 0.480026 -0.030710 -1.088881
v 0.479836 -0.032056 -1.088756
v 0.477420 -0.030007 -1.091487
v 0.477101 -0.031318 -1.091491
v 0.474896 -0.028847 -1.094011
v 0.474452 -0.030102 -1.094139
v 0.472495 -0.027249 -1.096412
v 0.471932 -0.028426 -1.096658
v 0.470255 -0.025239 -1.098652
v 0.469581 -0.026316 -1.099010
v 0.468210 -0.022847 -1.100697
v 0.467435 -0.023805 -1.101155
v 0.466394 -0.020111 -1.102513
v 0.465529 -0.020935 -1.103061
v 0.464834 -0.017075 -1.104073
v 0.463892 -0.017748 -1.104698
v 0.463556 -0.013787 -1.105351
v 0.462550 -0.014297 -1.106040
v 0.462579 -0.010298 -1.106328
v 0.461526 -0.010636 -1.107065
v 0.461919 -0.006663 -1.106988
v 0.460834 -0.006821 -1.107757
v 0.461587 -0.002940 -1.107320
v 0.460485 -0.002915 -1.108106
v 0.461587 0.000812 -1.107320
v 0.460486 0.001023 -1.108106
v 0.461919 0.004535 -1.106988
v 0.460836 0.004929 -1.107757
v 0.462579 0.008170 -1.106328
v 0.461530 0.008742 -1.107065
v 0.463556 0.011659 -1.105351
v 0.462556 0.012402 -1.106040
v 0.464834 0.014947 -1.104073
v 0.463898 0.015851 -1.104699
v 0.466394 0.017983 -1.102513
v 0.465536 0.019034 -1.103063
v 0.468210 0.020719 -1.100697
v 0.467443 0.021902 -1.101158
v 0.470255 0.023110 -1.098652
v 0.469589 0.024410 -1.099013
v 0.472495 0.025121 -1.096412
v 0.471940 0.026517 -1.096664
v 0.474896 0.026719 -1.094011
v 0.474459 0.028190 -1.094146
v 0.477420 0.027879 -1.091487
v 0.477107 0.029404 -1.091501
v 0.480026 0.028582 -1.088881
v 0.463922 0.021229 -1.102701
v 0.458512 0.001906 -1.108111
v 0.458512 -0.002317 -1.108111
v 0.458887 -0.006507 -1.107736
v 0.460729 -0.014524 -1.105894
v 0.468267 -0.027411 -1.098356
v 0.479264 -0.033568 -1.087359
v 0.485224 -0.033568 -1.081399
v 0.503759 -0.014524 -1.062864
v 0.505601 0.006095 -1.061022
v 0.493699 0.029262 -1.072924
v 0.475438 0.033156 -1.071613
v 0.486435 0.026999 -1.060617
v 0.490780 0.021229 -1.056272
v 0.495815 0.006095 -1.051236
v 0.496190 -0.002317 -1.050862
v 0.495073 -0.010597 -1.051979
v 0.486435 -0.027411 -1.060617
v 0.483913 -0.029674 -1.063138
v 0.456181 -0.024719 -1.090871
v 0.450943 -0.014524 -1.096109
v 0.448727 -0.002317 -1.098325
v 0.448727 0.001906 -1.098325
v 0.449101 0.006095 -1.097951
v 0.450943 0.014112 -1.096109
v 0.452381 0.017813 -1.094670
v 0.466545 0.032365 -1.080507
v 0.483239 0.024921 -1.085374
v 0.481012 0.024723 -1.087601
v 0.485466 0.024723 -1.083148
v 0.483972 0.024921 -1.086108
v 0.484262 0.024107 -1.086397
v 0.481746 0.024723 -1.088335
v 0.486199 0.024723 -1.083881
v 0.488391 0.024132 -1.081689
v 0.486416 0.023915 -1.084243
v 0.488537 0.023343 -1.082122
v 0.490590 0.022399 -1.080069
v 0.490513 0.023157 -1.079567
v 0.492544 0.021099 -1.078115
v 0.492532 0.021813 -1.077548
v 0.494367 0.019463 -1.076292
v 0.494416 0.020122 -1.075664
v 0.496030 0.017517 -1.074629
v 0.496135 0.018111 -1.073945
v 0.497508 0.015292 -1.073151
v 0.497663 0.015811 -1.072418
v 0.498777 0.012821 -1.071882
v 0.498974 0.013258 -1.071106
v 0.499817 0.010146 -1.070842
v 0.500049 0.010493 -1.070031
v 0.500612 0.007307 -1.070047
v 0.500870 0.007559 -1.069210
v 0.501149 0.004350 -1.069510
v 0.501425 0.004502 -1.068655
v 0.501419 0.001321 -1.069240
v 0.501705 0.001372 -1.068375
v 0.501419 -0.001732 -1.069240
v 0.501705 -0.001784 -1.068375
v 0.501149 -0.004762 -1.069510
v 0.501425 -0.004914 -1.068655
v 0.500612 -0.007719 -1.070047
v 0.500870 -0.007971 -1.069210
v 0.499817 -0.010558 -1.070842
v 0.500049 -0.010904 -1.070031
v 0.498777 -0.013233 -1.071882
v 0.498974 -0.013670 -1.071106
v 0.497508 -0.015703 -1.073151
v 0.497662 -0.016222 -1.072418
v 0.496030 -0.017929 -1.074629
v 0.496135 -0.018523 -1.073945
v 0.494367 -0.019875 -1.076292
v 0.494416 -0.020534 -1.075664
v 0.492544 -0.021511 -1.078115
v 0.492532 -0.022225 -1.077548
v 0.490590 -0.022811 -1.080069
v 0.490513 -0.023569 -1.079567
v 0.488537 -0.023754 -1.082122
v 0.488391 -0.024544 -1.081689
v 0.486416 -0.024327 -1.084243
v 0.486199 -0.025135 -1.083881
v 0.484262 -0.024518 -1.086397
v 0.483972 -0.025333 -1.086108
v 0.482107 -0.024327 -1.088552
v 0.481746 -0.025135 -1.088335
v 0.479986 -0.023754 -1.090672
v 0.479554 -0.024544 -1.090526
v 0.477933 -0.022811 -1.092726
v 0.477432 -0.023569 -1.092648
v 0.475980 -0.021511 -1.094679
v 0.475413 -0.022225 -1.094667
v 0.474157 -0.019875 -1.096502
v 0.473529 -0.020534 -1.096551
v 0.472493 -0.017929 -1.098166
v 0.471810 -0.018523 -1.098270
v 0.471016 -0.015703 -1.099643
v 0.470282 -0.016223 -1.099798
v 0.469747 -0.013233 -1.100912
v 0.468971 -0.013670 -1.101109
v 0.468706 -0.010558 -1.101952
v 0.467896 -0.010904 -1.102184
v 0.467912 -0.007719 -1.102747
v 0.467074 -0.007971 -1.103006
v 0.467375 -0.004762 -1.103284
v 0.466520 -0.004914 -1.103561
v 0.467104 -0.001732 -1.103555
v 0.466240 -0.001784 -1.103840
v 0.467104 0.001321 -1.103555
v 0.466240 0.001372 -1.103840
v 0.467375 0.004350 -1.103284
v 0.466520 0.004502 -1.103561
v 0.467912 0.007307 -1.102747
v 0.467074 0.007559 -1.103006
v 0.468706 0.010146 -1.101952
v 0.467896 0.010493 -1.102184
v 0.469747 0.012821 -1.100912
v 0.468971 0.013258 -1.101109
v 0.471016 0.015292 -1.099643
v 0.470282 0.015811 -1.099798
v 0.472493 0.017517 -1.098166
v 0.471810 0.018111 -1.098270
v 0.474157 0.019463 -1.096502
v 0.473529 0.020122 -1.096551
v 0.475980 0.021099 -1.094679
v 0.475413 0.021813 -1.094667
v 0.477933 0.022399 -1.092726
v 0.477432 0.023157 -1.092648
v 0.479986 0.023343 -1.090672
v 0.479554 0.024132 -1.090526
v 0.482107 0.023915 -1.088552
v 0.478820 0.024132 -1.089793
v 0.476698 0.023157 -1.091915
v 0.474679 0.021813 -1.093934
v 0.472796 0.020122 -1.095818
v 0.471076 0.018111 -1.097537
v 0.469549 0.015811 -1.099064
v 0.468237 0.013258 -1.100376
v 0.467162 0.010493 -1.101451
v 0.466341 0.007559 -1.102272
v 0.465786 0.004502 -1.102827
v 0.465507 0.001372 -1.103107
v 0.465507 -0.001784 -1.103107
v 0.465786 -0.004914 -1.102827
v 0.466341 -0.007971 -1.102272
v 0.467162 -0.010904 -1.101451
v 0.468237 -0.013670 -1.100376
v 0.469549 -0.016223 -1.099064
v 0.471076 -0.018523 -1.097537
v 0.472795 -0.020534 -1.095818
v 0.474679 -0.022225 -1.093934
v 0.476698 -0.023569 -1.091915
v 0.478820 -0.024544 -1.089793
v 0.481012 -0.025135 -1.087601
v 0.483239 -0.025333 -1.085374
v 0.485466 -0.025135 -1.083148
v 0.487658 -0.024544 -1.080956
v 0.489780 -0.023569 -1.078834
v 0.491799 -0.022225 -1.076815
v 0.493683 -0.020534 -1.074931
v 0.495402 -0.018523 -1.073212
v 0.496929 -0.016222 -1.071684
v 0.498241 -0.013670 -1.070373
v 0.499316 -0.010904 -1.069298
v 0.500137 -0.007971 -1.068476
v 0.500692 -0.004914 -1.067922
v 0.500971 -0.001784 -1.067642
v 0.500971 0.001372 -1.067642
v 0.500692 0.004502 -1.067922
v 0.500137 0.007559 -1.068476
v 0.499316 0.010493 -1.069298
v 0.498241 0.013258 -1.070373
v 0.496929 0.015811 -1.071684
v 0.495402 0.018111 -1.073212
v 0.493683 0.020122 -1.074931
v 0.491799 0.021813 -1.076815
v 0.489780 0.023157 -1.078834
v 0.487658 0.024132 -1.080956
v 0.493955 -0.000206 -1.076125
v 0.493876 0.001564 -1.076204
v 0.493876 -0.001975 -1.076204
v 0.522816 -0.000206 -1.104986
v 0.522816 0.001564 -1.105144
v 0.522816 -0.001975 -1.105144
v 0.537503 -0.000206 -1.090300
v 0.537582 0.001564 -1.090379
v 0.537582 -0.001975 -1.090379
v 0.539500 -0.000206 -1.092296
v 0.539563 0.001210 -1.092359
v 0.539563 -0.001621 -1.092359
v 0.541016 -0.000206 -1.090780
v 0.541079 0.001210 -1.090843
v 0.541079 -0.001621 -1.090843
v 0.539021 -0.000206 -1.088785
v 0.539100 0.001563 -1.088864
v 0.539100 -0.001975 -1.088864
v 0.610165 -0.000206 -1.017642
v 0.610244 0.001563 -1.017720
v 0.610244 -0.001975 -1.017720
v 0.612103 -0.000206 -1.019580
v 0.612166 0.001220 -1.019643
v 0.612166 -0.001631 -1.019643
v 0.613522 -0.000206 -1.018161
v 0.613585 0.001220 -1.018224
v 0.613585 -0.001631 -1.018224
v 0.611625 -0.000206 -1.016264
v 0.611704 0.001556 -1.016342
v 0.611704 -0.001968 -1.016342
v 0.618210 -0.000206 -1.009679
v 0.619601 -0.000206 -1.008781
v 0.618289 0.001556 -1.009757
v 0.618289 -0.001968 -1.009757
v 0.619642 -0.001140 -1.008822
v 0.618522 -0.003702 -1.009991
v 0.619819 -0.002447 -1.008999
v 0.618908 -0.005381 -1.010377
v 0.611938 -0.003702 -1.016576
v 0.612323 -0.005381 -1.016962
v 0.613775 -0.003035 -1.018413
v 0.614087 -0.004393 -1.018725
v 0.612356 -0.003035 -1.019833
v 0.612668 -0.004393 -1.020145
v 0.610479 -0.003716 -1.017955
v 0.610866 -0.005402 -1.018342
v 0.539335 -0.003716 -1.089099
v 0.539722 -0.005402 -1.089486
v 0.541267 -0.003015 -1.091031
v 0.541577 -0.004364 -1.091341
v 0.539751 -0.003015 -1.092547
v 0.540061 -0.004364 -1.092857
v 0.537817 -0.003717 -1.090613
v 0.538204 -0.005403 -1.091001
v 0.522816 -0.003717 -1.105614
v 0.522816 -0.005403 -1.106389
v 0.493641 -0.003717 -1.076439
v 0.493254 -0.005403 -1.076826
v 0.492720 -0.007007 -1.077360
v 0.492049 -0.008504 -1.078032
v 0.522816 -0.007007 -1.107456
v 0.522816 -0.008504 -1.108800
v 0.538738 -0.007007 -1.091535
v 0.539410 -0.008504 -1.092206
v 0.540488 -0.005647 -1.093284
v 0.541025 -0.006844 -1.093821
v 0.542004 -0.005647 -1.091768
v 0.542541 -0.006844 -1.092305
v 0.540256 -0.007006 -1.090020
v 0.540928 -0.008503 -1.090691
v 0.611400 -0.007006 -1.018876
v 0.612071 -0.008503 -1.019548
v 0.613098 -0.005686 -1.020575
v 0.613639 -0.006892 -1.021116
v 0.614517 -0.005686 -1.019156
v 0.615058 -0.006892 -1.019697
v 0.612855 -0.006978 -1.017493
v 0.613524 -0.008468 -1.018162
v 0.619440 -0.006978 -1.010908
v 0.620668 -0.005463 -1.009848
v 0.620108 -0.008468 -1.011577
v 0.621318 -0.006911 -1.010497
v 0.620904 -0.009829 -1.012373
v 0.622099 -0.008247 -1.011279
v 0.621814 -0.011037 -1.013283
v 0.614319 -0.009829 -1.018958
v 0.615229 -0.011037 -1.019868
v 0.615702 -0.007992 -1.020340
v 0.616438 -0.008970 -1.021077
v 0.614283 -0.007992 -1.021760
v 0.615019 -0.008970 -1.022496
v 0.612870 -0.009868 -1.020347
v 0.613784 -0.011082 -1.021260
v 0.541727 -0.009868 -1.091490
v 0.542640 -0.011082 -1.092404
v 0.543181 -0.007937 -1.092944
v 0.543912 -0.008908 -1.093675
v 0.541664 -0.007937 -1.094461
v 0.542395 -0.008908 -1.095192
v 0.540209 -0.009870 -1.093005
v 0.541123 -0.011084 -1.093919
v 0.522816 -0.009870 -1.110398
v 0.522816 -0.011084 -1.112226
v 0.491249 -0.009870 -1.078831
v 0.490336 -0.011084 -1.079745
v 0.489321 -0.012126 -1.080759
v 0.488223 -0.012980 -1.081857
v 0.522816 -0.012126 -1.114254
v 0.522816 -0.012980 -1.116451
v 0.542137 -0.012126 -1.094934
v 0.543235 -0.012980 -1.096032
v 0.543207 -0.009742 -1.096003
v 0.544086 -0.010425 -1.096882
v 0.544723 -0.009742 -1.094487
v 0.545602 -0.010425 -1.095366
v 0.543654 -0.012124 -1.093418
v 0.544753 -0.012978 -1.094516
v 0.614798 -0.012124 -1.022274
v 0.615896 -0.012978 -1.023373
v 0.615836 -0.009810 -1.023313
v 0.616721 -0.010498 -1.024198
v 0.617255 -0.009810 -1.021894
v 0.618140 -0.010498 -1.022779
v 0.616239 -0.012075 -1.020877
v 0.617333 -0.012925 -1.021971
v 0.622824 -0.012075 -1.014293
v 0.623999 -0.010470 -1.013179
v 0.623918 -0.012925 -1.015386
v 0.625085 -0.011314 -1.014265
v 0.625078 -0.013575 -1.016547
v 0.626238 -0.011960 -1.015418
v 0.626287 -0.014014 -1.017756
v 0.618493 -0.013575 -1.023132
v 0.619703 -0.014014 -1.024341
v 0.619080 -0.011024 -1.023718
v 0.620058 -0.011379 -1.024696
v 0.617660 -0.011024 -1.025137
v 0.618639 -0.011379 -1.026116
v 0.617062 -0.013630 -1.024538
v 0.618276 -0.014071 -1.025752
v 0.545918 -0.013630 -1.095682
v 0.547132 -0.014071 -1.096896
v 0.546534 -0.010947 -1.096298
v 0.547506 -0.011300 -1.097270
v 0.545018 -0.010947 -1.097815
v 0.545990 -0.011300 -1.098786
v 0.544401 -0.013633 -1.097198
v 0.545615 -0.014074 -1.098412
v 0.522816 -0.013633 -1.118782
v 0.522816 -0.014074 -1.121211
v 0.487057 -0.013633 -1.083023
v 0.485843 -0.014074 -1.084237
v 0.484599 -0.014296 -1.085481
v 0.483345 -0.014296 -1.086735
v 0.522816 -0.014296 -1.123698
v 0.522816 -0.014296 -1.126206
v 0.546859 -0.014296 -1.099656
v 0.548113 -0.014296 -1.100909
v 0.546984 -0.011478 -1.099781
v 0.547987 -0.011478 -1.100784
v 0.548501 -0.011478 -1.098265
v 0.549504 -0.011478 -1.099268
v 0.548376 -0.014293 -1.098139
v 0.549629 -0.014293 -1.099393
v 0.619519 -0.014293 -1.026996
v 0.620773 -0.014293 -1.028249
v 0.619641 -0.011558 -1.027118
v 0.620651 -0.011558 -1.028128
v 0.621060 -0.011558 -1.025698
v 0.622070 -0.011558 -1.026708
v 0.620941 -0.014235 -1.025579
v 0.622189 -0.014235 -1.026827
v 0.627526 -0.014235 -1.018994
v 0.628673 -0.012617 -1.017853
v 0.628774 -0.014235 -1.020243
v 0.629915 -0.012617 -1.019095
v 0.630012 -0.014014 -1.021481
v 0.631148 -0.012396 -1.020327
v 0.631221 -0.013575 -1.022690
v 0.623428 -0.014014 -1.028066
v 0.624637 -0.013575 -1.029275
v 0.623072 -0.011379 -1.027711
v 0.624050 -0.011024 -1.028689
v 0.621653 -0.011379 -1.029130
v 0.622631 -0.011024 -1.030108
v 0.622016 -0.014071 -1.029493
v 0.623230 -0.013630 -1.030707
v 0.550873 -0.014071 -1.100636
v 0.552087 -0.013630 -1.101850
v 0.550499 -0.011300 -1.100263
v 0.551470 -0.010947 -1.101234
v 0.548982 -0.011300 -1.101779
v 0.549954 -0.010947 -1.102750
v 0.549356 -0.014074 -1.102153
v 0.550571 -0.013633 -1.103367
v 0.522816 -0.014074 -1.128693
v 0.522816 -0.013633 -1.131122
v 0.482102 -0.014074 -1.087978
v 0.480887 -0.013633 -1.089193
v 0.479722 -0.012980 -1.090358
v 0.478623 -0.012126 -1.091457
v 0.522816 -0.012980 -1.133453
v 0.522816 -0.012126 -1.135650
v 0.551736 -0.012980 -1.104533
v 0.552835 -0.012126 -1.105632
v 0.550886 -0.010425 -1.103683
v 0.551765 -0.009742 -1.104562
v 0.552403 -0.010425 -1.102166
v 0.553282 -0.009742 -1.103045
v 0.553252 -0.012978 -1.103016
v 0.554350 -0.012124 -1.104114
v 0.624395 -0.012978 -1.031872
v 0.625494 -0.012124 -1.032971
v 0.623570 -0.010498 -1.031047
v 0.624455 -0.009810 -1.031932
v 0.624989 -0.010498 -1.029628
v 0.625875 -0.009810 -1.030513
v 0.625797 -0.012925 -1.030436
v 0.626891 -0.012075 -1.031529
v 0.632382 -0.012925 -1.023851
v 0.633504 -0.011314 -1.022684
v 0.633476 -0.012075 -1.024945
v 0.634590 -0.010469 -1.023769
v 0.634486 -0.011037 -1.025954
v 0.635590 -0.009441 -1.024770
v 0.635396 -0.009829 -1.026864
v 0.627901 -0.011037 -1.032539
v 0.628811 -0.009829 -1.033449
v 0.626692 -0.008970 -1.031330
v 0.627428 -0.007992 -1.032066
v 0.625272 -0.008970 -1.032749
v 0.626009 -0.007992 -1.033486
v 0.626508 -0.011082 -1.033985
v 0.627422 -0.009868 -1.034898
v 0.555364 -0.011082 -1.105128
v 0.556278 -0.009868 -1.106042
v 0.554093 -0.008908 -1.103857
v 0.554824 -0.007937 -1.104588
v 0.552577 -0.008908 -1.105373
v 0.553308 -0.007937 -1.106104
v 0.553849 -0.011084 -1.106646
v 0.554763 -0.009870 -1.107560
v 0.522816 -0.011084 -1.137679
v 0.522816 -0.009870 -1.139506
v 0.477609 -0.011084 -1.092471
v 0.476695 -0.009870 -1.093385
v 0.475896 -0.008504 -1.094184
v 0.475224 -0.007007 -1.094856
v 0.522816 -0.008504 -1.141105
v 0.522816 -0.007007 -1.142448
v 0.555562 -0.008504 -1.108359
v 0.556234 -0.007007 -1.109030
v 0.553947 -0.006844 -1.106743
v 0.554484 -0.005647 -1.107281
v 0.555463 -0.006844 -1.105227
v 0.556001 -0.005647 -1.105764
v 0.557077 -0.008503 -1.106841
v 0.557749 -0.007006 -1.107512
v 0.628221 -0.008503 -1.035697
v 0.628892 -0.007006 -1.036369
v 0.626652 -0.006892 -1.034130
v 0.627194 -0.005686 -1.034671
v 0.628072 -0.006892 -1.032710
v 0.628613 -0.005686 -1.033251
v 0.629606 -0.008468 -1.034245
v 0.630275 -0.006978 -1.034914
v 0.636191 -0.008468 -1.027660
v 0.637271 -0.006911 -1.026451
v 0.636860 -0.006978 -1.028329
v 0.637921 -0.005463 -1.027101
v 0.637392 -0.005381 -1.028860
v 0.638425 -0.003947 -1.027605
v 0.637777 -0.003702 -1.029246
v 0.630807 -0.005381 -1.035445
v 0.631193 -0.003702 -1.035831
v 0.629043 -0.004393 -1.033682
v 0.629355 -0.003035 -1.033994
v 0.627624 -0.004393 -1.035101
v 0.627936 -0.003035 -1.035413
v 0.629426 -0.005402 -1.036903
v 0.629813 -0.003716 -1.037290
v 0.558282 -0.005402 -1.108046
v 0.558670 -0.003716 -1.108433
v 0.556428 -0.004364 -1.106192
v 0.556738 -0.003015 -1.106501
v 0.554911 -0.004364 -1.107708
v 0.555221 -0.003015 -1.108018
v 0.556768 -0.005403 -1.109564
v 0.557155 -0.003717 -1.109952
v 0.522816 -0.005403 -1.143515
v 0.522816 -0.003717 -1.144290
v 0.474691 -0.005403 -1.095390
v 0.474303 -0.003717 -1.095777
v 0.474068 -0.001975 -1.096012
v 0.473989 -0.000206 -1.096091
v 0.522816 -0.001975 -1.144760
v 0.522816 -0.000206 -1.144918
v 0.557390 -0.001975 -1.110187
v 0.557469 -0.000206 -1.110265
v 0.555409 -0.001621 -1.108206
v 0.555472 -0.000206 -1.108269
v 0.556925 -0.001621 -1.106689
v 0.556988 -0.000206 -1.106752
v 0.558904 -0.001975 -1.108668
v 0.558983 -0.000206 -1.108747
v 0.630048 -0.001975 -1.037525
v 0.630127 -0.000206 -1.037603
v 0.628125 -0.001631 -1.035602
v 0.628188 -0.000206 -1.035666
v 0.629544 -0.001631 -1.034183
v 0.629608 -0.000206 -1.034246
v 0.631426 -0.001968 -1.036065
v 0.631505 -0.000206 -1.036143
v 0.638011 -0.001968 -1.029480
v 0.638946 -0.001140 -1.028126
v 0.638090 -0.000206 -1.029558
v 0.638988 -0.000206 -1.028168
v 0.638011 0.001556 -1.029480
v 0.638946 0.000728 -1.028126
v 0.637777 0.003290 -1.029246
v 0.631426 0.001556 -1.036065
v 0.631193 0.003290 -1.035831
v 0.629544 0.001220 -1.034183
v 0.629355 0.002623 -1.033994
v 0.628125 0.001220 -1.035602
v 0.627936 0.002623 -1.035413
v 0.630048 0.001563 -1.037525
v 0.629813 0.003304 -1.037290
v 0.558904 0.001563 -1.108668
v 0.558670 0.003304 -1.108433
v 0.556925 0.001210 -1.106689
v 0.556738 0.002603 -1.106501
v 0.555409 0.001210 -1.108206
v 0.555221 0.002603 -1.108018
v 0.557390 0.001564 -1.110187
v 0.557155 0.003305 -1.109952
v 0.522816 0.001564 -1.144760
v 0.522816 0.003305 -1.144290
v 0.474068 0.001564 -1.096012
v 0.474303 0.003305 -1.095777
v 0.474691 0.004991 -1.095390
v 0.475224 0.006595 -1.094856
v 0.522816 0.004991 -1.143515
v 0.522816 0.006595 -1.142448
v 0.556768 0.004991 -1.109564
v 0.556234 0.006595 -1.109030
v 0.554911 0.003952 -1.107708
v 0.554484 0.005235 -1.107281
v 0.556428 0.003952 -1.106192
v 0.556001 0.005235 -1.105764
v 0.558282 0.004990 -1.108046
v 0.557749 0.006594 -1.107512
v 0.629426 0.004990 -1.036903
v 0.628892 0.006594 -1.036369
v 0.627624 0.003981 -1.035101
v 0.627194 0.005274 -1.034671
v 0.629043 0.003981 -1.033682
v 0.628613 0.005274 -1.033251
v 0.630807 0.004969 -1.035445
v 0.630275 0.006566 -1.034914
v 0.637392 0.004969 -1.028860
v 0.638425 0.003535 -1.027605
v 0.636860 0.006566 -1.028329
v 0.637921 0.005051 -1.027101
v 0.636191 0.008057 -1.027660
v 0.637271 0.006500 -1.026451
v 0.635396 0.009417 -1.026864
v 0.629606 0.008057 -1.034245
v 0.628811 0.009417 -1.033449
v 0.628072 0.006480 -1.032710
v 0.627428 0.007580 -1.032066
v 0.626652 0.006480 -1.034130
v 0.626009 0.007580 -1.033486
v 0.628221 0.008091 -1.035697
v 0.627422 0.009457 -1.034898
v 0.557077 0.008091 -1.106841
v 0.556278 0.009457 -1.106042
v 0.555463 0.006433 -1.105227
v 0.554824 0.007525 -1.104588
v 0.553947 0.006433 -1.106743
v 0.553308 0.007525 -1.106104
v 0.555562 0.008092 -1.108359
v 0.554763 0.009458 -1.107560
v 0.522816 0.008092 -1.141105
v 0.522816 0.009458 -1.139506
v 0.475896 0.008092 -1.094184
v 0.476695 0.009458 -1.093385
v 0.477609 0.010672 -1.092471
v 0.478623 0.011714 -1.091457
v 0.522816 0.010672 -1.137679
v 0.522816 0.011714 -1.135650
v 0.553849 0.010672 -1.106646
v 0.552835 0.011714 -1.105632
v 0.552577 0.008496 -1.105373
v 0.551765 0.009330 -1.104562
v 0.554093 0.008496 -1.103857
v 0.553282 0.009330 -1.103045
v 0.555364 0.010670 -1.105128
v 0.554350 0.011712 -1.104114
v 0.626508 0.010670 -1.033985
v 0.625494 0.011712 -1.032971
v 0.625272 0.008558 -1.032749
v 0.624455 0.009398 -1.031932
v 0.626692 0.008558 -1.031330
v 0.625875 0.009398 -1.030513
v 0.627901 0.010625 -1.032539
v 0.626891 0.011663 -1.031529
v 0.634486 0.010625 -1.025954
v 0.635590 0.009029 -1.024770
v 0.633476 0.011663 -1.024945
v 0.634590 0.010058 -1.023769
v 0.632382 0.012513 -1.023851
v 0.633504 0.010902 -1.022684
v 0.631221 0.013163 -1.022690
v 0.625797 0.012513 -1.030436
v 0.624637 0.013163 -1.029275
v 0.624989 0.010086 -1.029628
v 0.624050 0.010612 -1.028689
v 0.623570 0.010086 -1.031047
v 0.622631 0.010612 -1.030108
v 0.624395 0.012566 -1.031872
v 0.623230 0.013218 -1.030707
v 0.553252 0.012566 -1.103016
v 0.552087 0.013218 -1.101850
v 0.552403 0.010013 -1.102166
v 0.551470 0.010535 -1.101234
v 0.550886 0.010013 -1.103683
v 0.549954 0.010535 -1.102750
v 0.551736 0.012568 -1.104533
v 0.550571 0.013221 -1.103367
v 0.522816 0.012568 -1.133453
v 0.522816 0.013221 -1.131122
v 0.479722 0.012568 -1.090358
v 0.480887 0.013221 -1.089193
v 0.482102 0.013662 -1.087978
v 0.483345 0.013884 -1.086735
v 0.522816 0.013662 -1.128693
v 0.522816 0.013884 -1.126206
v 0.549356 0.013662 -1.102153
v 0.548113 0.013884 -1.100909
v 0.548982 0.010888 -1.101779
v 0.547987 0.011066 -1.100784
v 0.550499 0.010888 -1.100263
v 0.549504 0.011066 -1.099268
v 0.550873 0.013659 -1.100636
v 0.549629 0.013882 -1.099393
v 0.622016 0.013659 -1.029493
v 0.620773 0.013881 -1.028249
v 0.621653 0.010967 -1.029130
v 0.620651 0.011146 -1.028128
v 0.623072 0.010967 -1.027711
v 0.622070 0.011146 -1.026708
v 0.623428 0.013602 -1.028066
v 0.622189 0.013823 -1.026827
v 0.630012 0.013602 -1.021481
v 0.631148 0.011985 -1.020327
v 0.628774 0.013823 -1.020243
v 0.629915 0.012205 -1.019095
v 0.627526 0.013823 -1.018994
v 0.628673 0.012205 -1.017853
v 0.626287 0.013602 -1.017756
v 0.620941 0.013823 -1.025579
v 0.619703 0.013602 -1.024341
v 0.621060 0.011146 -1.025698
v 0.620058 0.010967 -1.024696
v 0.619641 0.011146 -1.027118
v 0.618639 0.010967 -1.026116
v 0.619519 0.013881 -1.026996
v 0.618276 0.013659 -1.025752
v 0.548376 0.013882 -1.098139
v 0.547132 0.013659 -1.096896
v 0.548501 0.011066 -1.098265
v 0.547506 0.010888 -1.097270
v 0.546984 0.011066 -1.099781
v 0.545990 0.010888 -1.098786
v 0.546859 0.013884 -1.099656
v 0.545615 0.013662 -1.098412
v 0.522816 0.013884 -1.123698
v 0.522816 0.013662 -1.121211
v 0.484599 0.013884 -1.085481
v 0.485843 0.013662 -1.084237
v 0.487057 0.013221 -1.083023
v 0.488223 0.012568 -1.081857
v 0.522816 0.013221 -1.118782
v 0.522816 0.012568 -1.116451
v 0.544401 0.013221 -1.097198
v 0.543235 0.012568 -1.096032
v 0.545018 0.010535 -1.097815
v 0.544086 0.010013 -1.096882
v 0.546534 0.010535 -1.096298
v 0.545602 0.010013 -1.095366
v 0.545918 0.013218 -1.095682
v 0.544753 0.012566 -1.094516
v 0.617062 0.013218 -1.024538
v 0.615896 0.012566 -1.023373
v 0.617660 0.010612 -1.025137
v 0.616721 0.010086 -1.024198
v 0.619080 0.010612 -1.023718
v 0.618140 0.010086 -1.022779
v 0.618493 0.013163 -1.023132
v 0.617333 0.012513 -1.021971
v 0.625078 0.013163 -1.016547
v 0.626238 0.011548 -1.015418
v 0.623918 0.012513 -1.015386
v 0.625085 0.010902 -1.014265
v 0.622824 0.011663 -1.014293
v 0.623999 0.010058 -1.013179
v 0.621814 0.010625 -1.013283
v 0.616239 0.011663 -1.020877
v 0.615229 0.010625 -1.019868
v 0.617255 0.009398 -1.021894
v 0.616438 0.008558 -1.021077
v 0.615836 0.009398 -1.023313
v 0.615019 0.008558 -1.022496
v 0.614798 0.011712 -1.022274
v 0.613784 0.010670 -1.021260
v 0.543654 0.011712 -1.093418
v 0.542640 0.010670 -1.092404
v 0.544723 0.009330 -1.094487
v 0.543912 0.008496 -1.093675
v 0.543207 0.009330 -1.096003
v 0.542395 0.008496 -1.095192
v 0.542137 0.011714 -1.094934
v 0.541123 0.010672 -1.093919
v 0.522816 0.011714 -1.114254
v 0.522816 0.010672 -1.112226
v 0.489321 0.011714 -1.080759
v 0.490336 0.010672 -1.079745
v 0.491249 0.009458 -1.078831
v 0.492049 0.008092 -1.078032
v 0.522816 0.009458 -1.110398
v 0.522816 0.008092 -1.108800
v 0.540209 0.009458 -1.093005
v 0.539410 0.008092 -1.092206
v 0.541664 0.007525 -1.094461
v 0.541025 0.006433 -1.093821
v 0.543181 0.007525 -1.092944
v 0.542541 0.006433 -1.092305
v 0.541727 0.009457 -1.091490
v 0.540928 0.008091 -1.090691
v 0.612870 0.009457 -1.020347
v 0.612071 0.008091 -1.019548
v 0.614283 0.007580 -1.021760
v 0.613639 0.006480 -1.021116
v 0.615702 0.007580 -1.020340
v 0.615058 0.006480 -1.019697
v 0.614319 0.009417 -1.018958
v 0.613524 0.008057 -1.018162
v 0.620904 0.009417 -1.012373
v 0.622099 0.007836 -1.011279
v 0.620108 0.008057 -1.011577
v 0.621318 0.006499 -1.010497
v 0.619440 0.006566 -1.010908
v 0.620668 0.005051 -1.009848
v 0.618908 0.004969 -1.010377
v 0.612855 0.006566 -1.017493
v 0.612323 0.004969 -1.016962
v 0.614517 0.005274 -1.019156
v 0.614087 0.003981 -1.018725
v 0.613098 0.005274 -1.020575
v 0.612668 0.003981 -1.020145
v 0.611400 0.006594 -1.018876
v 0.610866 0.004990 -1.018342
v 0.540256 0.006594 -1.090020
v 0.539722 0.004990 -1.089486
v 0.542004 0.005235 -1.091768
v 0.541577 0.003952 -1.091341
v 0.540488 0.005235 -1.093284
v 0.540061 0.003952 -1.092857
v 0.538738 0.006595 -1.091535
v 0.538204 0.004991 -1.091001
v 0.522816 0.006595 -1.107456
v 0.522816 0.004991 -1.106389
v 0.492720 0.006595 -1.077360
v 0.493254 0.004991 -1.076826
v 0.493641 0.003305 -1.076439
v 0.522816 0.003305 -1.105614
v 0.537817 0.003305 -1.090613
v 0.539751 0.002603 -1.092547
v 0.541267 0.002603 -1.091031
v 0.539335 0.003304 -1.089099
v 0.610479 0.003304 -1.017955
v 0.612356 0.002623 -1.019833
v 0.613775 0.002623 -1.018413
v 0.611938 0.003290 -1.016576
v 0.618522 0.003290 -1.009991
v 0.619819 0.002035 -1.008999
v 0.619642 0.000728 -1.008822
v 0.620163 0.003535 -1.009343
v 0.622998 0.009029 -1.012178
v 0.627441 0.011985 -1.016621
v 0.632350 0.011548 -1.021530
v 0.636489 0.007836 -1.025669
v 0.638770 0.002035 -1.027950
v 0.638770 -0.002447 -1.027950
v 0.636489 -0.008247 -1.025669
v 0.632350 -0.011960 -1.021530
v 0.627441 -0.012396 -1.016621
v 0.622998 -0.009441 -1.012178
v 0.620163 -0.003947 -1.009343
v 0.686560 0.575712 -0.849885
v 0.686560 0.680712 -0.849885
v 0.830810 0.575712 -0.705635
v 0.687621 0.575712 -0.850946
v 0.687621 0.680712 -0.850946
v 0.831871 0.575712 -0.706696
v 0.831871 0.680712 -0.706696
v 0.830810 0.680712 -0.705635
v 0.680727 0.575712 -0.844051
v 0.680727 0.680712 -0.844051
v 0.824976 0.575712 -0.699802
v 0.681787 0.575712 -0.845112
v 0.681787 0.680712 -0.845112
v 0.826037 0.575712 -0.700862
v 0.826037 0.680712 -0.700862
v 0.824976 0.680712 -0.699801
v 0.686560 0.720712 -0.849885
v 0.686560 0.825712 -0.849885
v 0.830810 0.720712 -0.705635
v 0.687621 0.720712 -0.850946
v 0.687621 0.825712 -0.850946
v 0.831871 0.720712 -0.706696
v 0.831871 0.825712 -0.706696
v 0.830810 0.825712 -0.705635
v 0.680727 0.720712 -0.844051
v 0.680727 0.825712 -0.844051
v 0.824976 0.720712 -0.699802
v 0.681787 0.720712 -0.845112
v 0.681787 0.825712 -0.845112
v 0.826037 0.720712 -0.700862
v 0.826037 0.825712 -0.700862
v 0.824976 0.825712 -0.699801
v 0.521097 0.575712 -1.015348
v 0.521097 0.680712 -1.015348
v 0.665347 0.575712 -0.871098
v 0.522158 0.575712 -1.016409
v 0.522158 0.680712 -1.016409
v 0.666408 0.575712 -0.872159
v 0.666408 0.680712 -0.872159
v 0.665347 0.680712 -0.871098
v 0.515264 0.575712 -1.009514
v 0.515264 0.680712 -1.009514
v 0.659513 0.575712 -0.865265
v 0.516324 0.575712 -1.010575
v 0.516324 0.680712 -1.010575
v 0.660574 0.575712 -0.866325
v 0.660574 0.680712 -0.866325
v 0.659513 0.680712 -0.865264
v 0.521097 0.720712 -1.015348
v 0.521097 0.825712 -1.015348
v 0.665347 0.720712 -0.871098
v 0.522158 0.720712 -1.016409
v 0.522158 0.825712 -1.016409
v 0.666408 0.720712 -0.872159
v 0.666408 0.825712 -0.872159
v 0.665347 0.825712 -0.871098
v 0.515264 0.720712 -1.009514
v 0.515264 0.825712 -1.009514
v 0.659513 0.720712 -0.865265
v 0.516324 0.720712 -1.010575
v 0.516324 0.825712 -1.010575
v 0.660574 0.720712 -0.866325
v 0.660574 0.825712 -0.866325
v 0.659513 0.825712 -0.865264
v 0.852023 0.575712 -0.684422
v 0.852023 0.680712 -0.684422
v 0.996273 0.575712 -0.540172
v 0.853084 0.575712 -0.685483
v 0.853084 0.680712 -0.685483
v 0.997334 0.575712 -0.541233
v 0.997334 0.680712 -0.541233
v 0.996273 0.680712 -0.540172
v 0.846189 0.575712 -0.678588
v 0.846190 0.680712 -0.678588
v 0.990439 0.575712 -0.534338
v 0.847250 0.575712 -0.679649
v 0.847250 0.680712 -0.679649
v 0.991500 0.575712 -0.535399
v 0.991500 0.680712 -0.535399
v 0.990439 0.680712 -0.534338
v 0.852023 0.720712 -0.684422
v 0.852023 0.825712 -0.684422
v 0.996273 0.720712 -0.540172
v 0.853084 0.720712 -0.685483
v 0.853084 0.825712 -0.685483
v 0.997334 0.720712 -0.541233
v 0.997334 0.825712 -0.541233
v 0.996273 0.825712 -0.540172
v 0.846189 0.720712 -0.678588
v 0.846190 0.825712 -0.678588
v 0.990439 0.720712 -0.534338
v 0.847250 0.720712 -0.679649
v 0.847250 0.825712 -0.679649
v 0.991500 0.720712 -0.535399
v 0.991500 0.825712 -0.535399
v 0.990439 0.825712 -0.534338
v 0.389222 -0.987498 -1.115403
v 0.389222 1.000000 -1.115403
v 1.096329 -0.987498 -0.408297
v 1.096329 1.000000 -0.408297
v 0.389222 0.575712 -1.115403
v 1.096329 0.575712 -0.408297
v 1.096329 0.825712 -0.408297
v 0.389222 0.825712 -1.115403
v 0.389222 0.416225 -1.115403
v 1.096329 0.416225 -0.408297
v 0.389222 -0.783775 -1.115403
v 1.096329 -0.783775 -0.408297
v 0.505187 -0.987498 -0.999438
v 0.505187 1.000000 -0.999438
v 0.526401 0.575712 -1.020651
v 0.505187 0.575712 -0.999438
v 0.505187 0.825712 -0.999438
v 0.526401 0.825712 -1.020651
v 0.526401 0.416225 -1.020651
v 0.505187 0.416225 -0.999438
v 0.526401 -0.783775 -1.020651
v 0.505187 -0.783775 -0.999438
v 0.618325 -0.987498 -0.886301
v 0.639538 0.575712 -0.907514
v 0.639538 0.825712 -0.907514
v 0.639538 0.416225 -0.907514
v 0.639538 -0.783775 -0.907514
v 0.618325 1.000000 -0.886301
v 0.618325 0.575712 -0.886301
v 0.618325 0.825712 -0.886301
v 0.618325 0.416225 -0.886301
v 0.618325 -0.783775 -0.886301
v 0.686207 -0.987498 -0.818419
v 0.707420 0.575712 -0.839632
v 0.707420 0.825712 -0.839632
v 0.707420 0.416225 -0.839632
v 0.707420 -0.783775 -0.839632
v 0.686207 1.000000 -0.818419
v 0.686207 0.575712 -0.818419
v 0.686207 0.825712 -0.818419
v 0.686207 0.416225 -0.818419
v 0.686207 -0.783775 -0.818419
v 0.799344 -0.987498 -0.705282
v 0.820557 0.575712 -0.726495
v 0.820557 0.825712 -0.726495
v 0.820557 0.416225 -0.726495
v 0.820557 -0.783775 -0.726495
v 0.799344 1.000000 -0.705282
v 0.799344 0.575712 -0.705282
v 0.799344 0.825712 -0.705282
v 0.799344 0.416225 -0.705282
v 0.799344 -0.783775 -0.705282
v 0.867226 -0.987498 -0.637399
v 0.888439 0.575712 -0.658612
v 0.888439 0.825712 -0.658612
v 0.888439 0.416225 -0.658612
v 0.888439 -0.783775 -0.658612
v 0.867226 1.000000 -0.637399
v 0.867226 0.575712 -0.637399
v 0.867226 0.825712 -0.637399
v 0.867226 0.416225 -0.637399
v 0.867226 -0.783775 -0.637399
v 0.980363 -0.987498 -0.524262
v 1.001576 0.575712 -0.545475
v 1.001576 0.825712 -0.545475
v 1.001576 0.416225 -0.545475
v 1.001576 -0.783775 -0.545475
v 0.980363 1.000000 -0.524262
v 0.980363 0.575712 -0.524262
v 0.980363 0.825712 -0.524262
v 0.980363 0.416225 -0.524262
v 0.980363 -0.783775 -0.524262
v 0.531972 -0.771493 -1.008967
v 0.531972 0.403942 -1.008967
v 0.627854 0.403942 -0.913086
v 0.627854 -0.771493 -0.913086
v 0.712991 -0.771493 -0.827948
v 0.712991 0.403942 -0.827948
v 0.808873 0.403942 -0.732066
v 0.808873 -0.771493 -0.732066
v 0.894011 -0.771493 -0.646928
v 0.894011 0.403942 -0.646928
v 0.989892 0.403942 -0.551047
v 0.989892 -0.771493 -0.551047
v 0.529204 -0.771493 -1.006199
v 0.530863 -0.767992 -1.002907
v 0.530863 0.400441 -1.002907
v 0.529204 0.403942 -1.006199
v 0.621794 0.400441 -0.911977
v 0.625085 0.403942 -0.910317
v 0.625085 -0.771493 -0.910317
v 0.621794 -0.767992 -0.911977
v 0.710223 -0.771493 -0.825179
v 0.711883 -0.767992 -0.821888
v 0.711883 0.400441 -0.821888
v 0.710223 0.403942 -0.825179
v 0.802813 0.400441 -0.730958
v 0.806105 0.403942 -0.729298
v 0.806105 -0.771493 -0.729298
v 0.802813 -0.767992 -0.730958
v 0.891243 -0.771493 -0.644160
v 0.892902 -0.767992 -0.640868
v 0.892902 0.400441 -0.640868
v 0.891243 0.403942 -0.644160
v 0.983832 0.400441 -0.549938
v 0.987124 0.403942 -0.548279
v 0.987124 -0.771493 -0.548279
v 0.983832 -0.767992 -0.549938
v 0.857327 0.680712 -0.689725
v 1.001576 0.680712 -0.545475
v 0.836113 0.680712 -0.668512
v 0.980363 0.680712 -0.524262
v 0.836113 0.720712 -0.668512
v 0.857327 0.720712 -0.689725
v 0.980363 0.720712 -0.524262
v 1.001576 0.720712 -0.545475
v 0.980363 0.700712 -0.524262
v 1.001576 0.700712 -0.545475
v 0.836113 0.700712 -0.668512
v 0.857327 0.700712 -0.689725
v 0.691864 0.680712 -0.855188
v 0.836113 0.680712 -0.710938
v 0.670650 0.680712 -0.833975
v 0.814900 0.680712 -0.689725
v 0.670650 0.720712 -0.833975
v 0.691864 0.720712 -0.855188
v 0.814900 0.720712 -0.689725
v 0.836113 0.720712 -0.710938
v 0.814900 0.700712 -0.689725
v 0.836113 0.700712 -0.710938
v 0.670650 0.700712 -0.833975
v 0.691864 0.700712 -0.855188
v 0.526401 0.680712 -1.020651
v 0.670650 0.680712 -0.876401
v 0.505187 0.680712 -0.999438
v 0.649437 0.680712 -0.855188
v 0.505187 0.720712 -0.999438
v 0.526401 0.720712 -1.020651
v 0.649437 0.720712 -0.855188
v 0.670650 0.720712 -0.876401
v 0.649437 0.700712 -0.855188
v 0.670650 0.700712 -0.876401
v 0.505187 0.700712 -0.999438
v 0.526401 0.700712 -1.020651
v 0.857327 0.575712 -0.689725
v 0.857327 0.825712 -0.689725
v 0.836113 0.575712 -0.668512
v 0.836113 0.825712 -0.668512
v 0.814900 0.575712 -0.689725
v 0.836113 0.575712 -0.710938
v 0.814900 0.825712 -0.689725
v 0.836113 0.825712 -0.710938
v 0.821971 0.825712 -0.682654
v 0.843184 0.825712 -0.703867
v 0.821971 0.575712 -0.682654
v 0.843184 0.575712 -0.703867
v 0.691864 0.575712 -0.855188
v 0.691864 0.825712 -0.855188
v 0.670650 0.575712 -0.833975
v 0.670650 0.825712 -0.833975
v 0.649437 0.575712 -0.855188
v 0.670650 0.575712 -0.876401
v 0.649437 0.825712 -0.855188
v 0.670650 0.825712 -0.876401
v 0.663579 0.825712 -0.841046
v 0.684793 0.825712 -0.862259
v 0.663579 0.575712 -0.841046
v 0.684793 0.575712 -0.862259
v 0.415249 -0.980689 -1.131802
v 0.407703 -0.987498 -1.133884
v 0.415249 0.993191 -1.131802
v 0.407703 1.000000 -1.133884
v 1.112727 -0.980689 -0.434324
v 1.114810 -0.987498 -0.426778
v 1.112727 0.993191 -0.434324
v 1.114810 1.000000 -0.426778
v 0.407703 0.575712 -1.133884
v 0.415249 0.575712 -1.131802
v 1.114810 0.575712 -0.426778
v 1.112727 0.575712 -0.434324
v 1.112727 0.825712 -0.434324
v 1.114810 0.825712 -0.426778
v 0.415249 0.825712 -1.131802
v 0.407703 0.825712 -1.133884
v 0.407703 0.416225 -1.133884
v 0.415249 0.416225 -1.131802
v 1.112727 0.416225 -0.434324
v 1.114810 0.416225 -0.426778
v 0.415249 -0.783775 -1.131802
v 0.407703 -0.783775 -1.133884
v 1.112727 -0.783775 -0.434324
v 1.114810 -0.783775 -0.426778
v 0.523668 -0.987498 -1.017919
v 0.526401 -0.980689 -1.020651
v 0.526401 0.993191 -1.020651
v 0.523668 1.000000 -1.017919
v 0.636806 -0.987498 -0.904782
v 0.639538 -0.980689 -0.907514
v 0.639538 0.993191 -0.907514
v 0.636806 1.000000 -0.904782
v 0.704688 -0.987498 -0.836900
v 0.707420 -0.980689 -0.839632
v 0.707420 0.993191 -0.839632
v 0.704688 1.000000 -0.836900
v 0.817825 -0.987498 -0.723763
v 0.820557 -0.980689 -0.726495
v 0.820557 0.993191 -0.726495
v 0.817825 1.000000 -0.723763
v 0.885707 -0.987498 -0.655880
v 0.888439 -0.980689 -0.658612
v 0.888439 0.993191 -0.658612
v 0.885707 1.000000 -0.655880
v 1.001576 -0.980689 -0.545475
v 0.998844 -0.987498 -0.542743
v 1.001576 0.993191 -0.545475
v 0.998844 1.000000 -0.542743
v 0.843184 0.720712 -0.703867
v 0.684793 0.720712 -0.862259
v 0.663579 0.720712 -0.841046
v 0.684793 0.680712 -0.862259
v 0.663579 0.680712 -0.841046
v 0.821971 0.720712 -0.682654
v 0.843184 0.680712 -0.703867
v 0.821971 0.680712 -0.682654
v 0.389222 0.680712 -1.115403
v 0.389222 0.720712 -1.115403
v 0.415249 0.720712 -1.131802
v 0.407703 0.680712 -1.133884
v 0.415249 0.680712 -1.131802
v 0.407703 0.720712 -1.133884
v 1.114810 0.680712 -0.426778
v 1.096329 0.720712 -0.408297
v 1.112727 0.680712 -0.434324
v 1.114810 0.720712 -0.426778
v 1.112727 0.720712 -0.434324
v 1.096329 0.680712 -0.408297
v 0.690318 0.575712 -0.853642
v 0.690318 0.680712 -0.853642
v 0.691297 0.582712 -0.849558
v 0.834568 0.575712 -0.709393
v 0.834568 0.680712 -0.709393
v 0.830483 0.582712 -0.710371
v 0.830483 0.677212 -0.710371
v 0.815467 0.582712 -0.695355
v 0.815467 0.677212 -0.695355
v 0.816446 0.575712 -0.691271
v 0.676280 0.582712 -0.834542
v 0.676280 0.677212 -0.834542
v 0.672196 0.575712 -0.835521
v 0.672196 0.680712 -0.835521
v 0.816446 0.680712 -0.691271
v 0.691297 0.677212 -0.849558
v 0.690318 0.720712 -0.853642
v 0.690318 0.825712 -0.853642
v 0.691297 0.727711 -0.849558
v 0.834568 0.720712 -0.709393
v 0.834568 0.825712 -0.709393
v 0.830483 0.727711 -0.710371
v 0.830483 0.822212 -0.710371
v 0.815467 0.727711 -0.695355
v 0.815467 0.822212 -0.695355
v 0.816446 0.720712 -0.691271
v 0.676280 0.727711 -0.834542
v 0.676280 0.822212 -0.834542
v 0.672196 0.720712 -0.835521
v 0.672196 0.825712 -0.835521
v 0.816446 0.825712 -0.691271
v 0.691297 0.822212 -0.849558
v 0.524855 0.575712 -1.019105
v 0.524855 0.680712 -1.019105
v 0.525834 0.582712 -1.015021
v 0.669105 0.575712 -0.874856
v 0.669105 0.680712 -0.874856
v 0.665020 0.582712 -0.875834
v 0.665020 0.677212 -0.875834
v 0.650004 0.582712 -0.860818
v 0.650004 0.677212 -0.860818
v 0.650983 0.575712 -0.856734
v 0.510817 0.582712 -1.000005
v 0.510817 0.677212 -1.000005
v 0.506733 0.575712 -1.000984
v 0.506733 0.680712 -1.000984
v 0.650983 0.680712 -0.856734
v 0.525834 0.677212 -1.015021
v 0.524855 0.720712 -1.019105
v 0.524855 0.825712 -1.019105
v 0.525834 0.727711 -1.015021
v 0.669105 0.720712 -0.874856
v 0.669105 0.825712 -0.874856
v 0.665020 0.727711 -0.875834
v 0.665020 0.822212 -0.875834
v 0.650004 0.727711 -0.860818
v 0.650004 0.822212 -0.860818
v 0.650983 0.720712 -0.856734
v 0.510817 0.727711 -1.000005
v 0.510817 0.822212 -1.000005
v 0.506733 0.720712 -1.000984
v 0.506733 0.825712 -1.000984
v 0.650983 0.825712 -0.856734
v 0.525834 0.822212 -1.015021
v 0.855781 0.575712 -0.688179
v 0.855781 0.680712 -0.688179
v 0.856760 0.582712 -0.684095
v 1.000031 0.575712 -0.543930
v 1.000031 0.680712 -0.543930
v 0.995946 0.582712 -0.544909
v 0.995946 0.677212 -0.544908
v 0.980930 0.582712 -0.529892
v 0.980930 0.677212 -0.529892
v 0.981909 0.575712 -0.525808
v 0.841743 0.582712 -0.669079
v 0.841743 0.677212 -0.669079
v 0.837659 0.575712 -0.670058
v 0.837659 0.680712 -0.670058
v 0.981909 0.680712 -0.525808
v 0.856760 0.677212 -0.684095
v 0.855781 0.720712 -0.688179
v 0.855781 0.825712 -0.688179
v 0.856760 0.727711 -0.684095
v 1.000031 0.720712 -0.543930
v 1.000031 0.825712 -0.543930
v 0.995946 0.727711 -0.544909
v 0.995946 0.822212 -0.544908
v 0.980930 0.727711 -0.529892
v 0.980930 0.822212 -0.529892
v 0.981909 0.720712 -0.525808
v 0.841743 0.727711 -0.669079
v 0.841743 0.822212 -0.669079
v 0.837659 0.720712 -0.670058
v 0.837659 0.825712 -0.670058
v 0.981909 0.825712 -0.525808
v 0.856760 0.822212 -0.684095
v 0.393445 0.041522 -1.117599
v 0.393445 -0.183014 -1.117599
v 0.405508 0.041522 -1.129661
v 0.405508 -0.183014 -1.129661
v 0.392264 0.041522 -1.118780
v 0.392264 -0.183014 -1.118780
v 0.404327 0.041522 -1.130843
v 0.404327 -0.183014 -1.130843
v 0.401050 0.010869 -1.127566
v 0.401050 -0.008291 -1.127566
v 0.394973 0.010869 -1.121489
v 0.394973 -0.008291 -1.121489
v 0.395070 0.010869 -1.133546
v 0.395070 -0.008291 -1.133546
v 0.401606 -0.089575 -1.127010
v 0.401606 -0.108735 -1.127010
v 0.395529 -0.089575 -1.120933
v 0.395529 -0.108735 -1.120933
v 0.400480 -0.089575 -1.128136
v 0.394403 -0.089575 -1.122059
v 0.400480 -0.108735 -1.128136
v 0.394403 -0.108735 -1.122059
v 0.450761 -0.126560 -1.050541
v 0.450761 -0.109494 -1.050541
v 0.448025 -0.126560 -1.053277
v 0.448025 -0.109494 -1.053277
v 0.441920 -0.084170 -1.044055
v 0.451705 -0.084170 -1.053841
v 0.438939 -0.084435 -1.047036
v 0.448725 -0.084435 -1.056821
v 0.436006 -0.085227 -1.049969
v 0.445792 -0.085227 -1.059755
v 0.433166 -0.086532 -1.052809
v 0.442952 -0.086532 -1.062594
v 0.430464 -0.088330 -1.055511
v 0.440250 -0.088330 -1.065296
v 0.437729 -0.090592 -1.067818
v 0.425642 -0.093284 -1.060333
v 0.435428 -0.093284 -1.070119
v 0.423598 -0.096363 -1.062377
v 0.433384 -0.096363 -1.072163
v 0.421843 -0.099779 -1.064132
v 0.431628 -0.099779 -1.073918
v 0.420404 -0.103480 -1.065571
v 0.430190 -0.103480 -1.075356
v 0.419305 -0.107406 -1.066670
v 0.429091 -0.107406 -1.076456
v 0.428348 -0.111497 -1.077198
v 0.427974 -0.115686 -1.077572
v 0.418188 -0.119909 -1.067787
v 0.418562 -0.124099 -1.067413
v 0.428348 -0.124099 -1.077198
v 0.419305 -0.128189 -1.066670
v 0.429091 -0.128189 -1.076456
v 0.420404 -0.132116 -1.065571
v 0.431628 -0.135816 -1.073918
v 0.423598 -0.139233 -1.062377
v 0.425642 -0.142311 -1.060333
v 0.435428 -0.142311 -1.070119
v 0.427943 -0.145003 -1.058032
v 0.437729 -0.145003 -1.067818
v 0.440250 -0.147266 -1.065296
v 0.433166 -0.149064 -1.052809
v 0.442952 -0.149064 -1.062594
v 0.436006 -0.150369 -1.049969
v 0.445792 -0.150369 -1.059755
v 0.438939 -0.151160 -1.047036
v 0.448725 -0.151160 -1.056821
v 0.451705 -0.151425 -1.053841
v 0.444900 -0.151160 -1.041075
v 0.454685 -0.151160 -1.050861
v 0.447833 -0.150369 -1.038142
v 0.450673 -0.149064 -1.035302
v 0.460459 -0.149064 -1.045088
v 0.453375 -0.147266 -1.032600
v 0.463160 -0.147266 -1.042386
v 0.455896 -0.145003 -1.030079
v 0.465682 -0.145003 -1.039865
v 0.458197 -0.142311 -1.027778
v 0.467982 -0.142311 -1.037564
v 0.460241 -0.139233 -1.025734
v 0.470027 -0.139233 -1.035520
v 0.461996 -0.135816 -1.023979
v 0.463435 -0.132116 -1.022540
v 0.473220 -0.132116 -1.032326
v 0.474320 -0.128189 -1.031227
v 0.465277 -0.124099 -1.020698
v 0.465651 -0.119909 -1.020324
v 0.475437 -0.119909 -1.030110
v 0.475437 -0.115686 -1.030110
v 0.465277 -0.111497 -1.020698
v 0.464534 -0.107406 -1.021441
v 0.474320 -0.107406 -1.031227
v 0.473220 -0.103480 -1.032326
v 0.461996 -0.099779 -1.023979
v 0.470027 -0.096363 -1.035520
v 0.458197 -0.093284 -1.027778
v 0.467982 -0.093284 -1.037564
v 0.455896 -0.090592 -1.030079
v 0.465682 -0.090592 -1.039865
v 0.453375 -0.088330 -1.032600
v 0.463160 -0.088330 -1.042386
v 0.450673 -0.086532 -1.035302
v 0.460459 -0.086532 -1.045088
v 0.457619 -0.085227 -1.047928
v 0.444900 -0.084435 -1.041075
v 0.454685 -0.084435 -1.050861
v 0.440307 -0.087208 -1.043681
v 0.440066 -0.088774 -1.043625
v 0.437531 -0.087453 -1.046458
v 0.443083 -0.087457 -1.040903
v 0.445815 -0.088196 -1.038170
v 0.442715 -0.089010 -1.040976
v 0.445321 -0.089713 -1.038370
v 0.447845 -0.090873 -1.035846
v 0.448461 -0.089413 -1.035524
v 0.450246 -0.092471 -1.033445
v 0.450977 -0.091089 -1.033007
v 0.452486 -0.094481 -1.031205
v 0.453326 -0.093199 -1.030658
v 0.454530 -0.096873 -1.029161
v 0.455469 -0.095707 -1.028514
v 0.456347 -0.099609 -1.027344
v 0.457373 -0.098575 -1.026610
v 0.457907 -0.102645 -1.025784
v 0.459009 -0.101758 -1.024974
v 0.459185 -0.105933 -1.024506
v 0.460350 -0.105206 -1.023634
v 0.460162 -0.109422 -1.023530
v 0.461375 -0.108864 -1.022609
v 0.460822 -0.113057 -1.022870
v 0.462068 -0.112674 -1.021917
v 0.461154 -0.116780 -1.022537
v 0.462418 -0.116578 -1.021567
v 0.461154 -0.120532 -1.022537
v 0.462420 -0.120512 -1.021567
v 0.460822 -0.124255 -1.022870
v 0.462074 -0.124416 -1.021914
v 0.460162 -0.127890 -1.023530
v 0.461384 -0.128228 -1.022606
v 0.459185 -0.131379 -1.024506
v 0.460362 -0.131887 -1.023629
v 0.457907 -0.134667 -1.025784
v 0.459024 -0.135337 -1.024969
v 0.456347 -0.137703 -1.027344
v 0.457390 -0.138521 -1.026604
v 0.454530 -0.140439 -1.029161
v 0.455487 -0.141392 -1.028509
v 0.452486 -0.142830 -1.031205
v 0.453344 -0.143902 -1.030653
v 0.450246 -0.144841 -1.033445
v 0.450996 -0.146012 -1.033003
v 0.447845 -0.146439 -1.035846
v 0.448479 -0.147689 -1.035522
v 0.445321 -0.147599 -1.038370
v 0.445832 -0.148907 -1.038170
v 0.442715 -0.148302 -1.040976
v 0.443099 -0.149646 -1.040905
v 0.440066 -0.148537 -1.043625
v 0.440321 -0.149894 -1.043684
v 0.437418 -0.148302 -1.046273
v 0.437543 -0.149647 -1.046463
v 0.434812 -0.147599 -1.048879
v 0.434808 -0.148910 -1.049198
v 0.432288 -0.146439 -1.051403
v 0.432160 -0.147694 -1.051847
v 0.429887 -0.144841 -1.053804
v 0.429641 -0.146017 -1.054367
v 0.427647 -0.142830 -1.056044
v 0.427290 -0.143907 -1.056718
v 0.425602 -0.140438 -1.058089
v 0.425144 -0.141397 -1.058864
v 0.423786 -0.137703 -1.059905
v 0.423238 -0.138526 -1.060771
v 0.422226 -0.134667 -1.061465
v 0.421601 -0.135340 -1.062407
v 0.420948 -0.131379 -1.062743
v 0.420259 -0.131889 -1.063749
v 0.419971 -0.127890 -1.063720
v 0.419234 -0.128228 -1.064773
v 0.419311 -0.124255 -1.064380
v 0.418542 -0.124413 -1.065465
v 0.418979 -0.120532 -1.064712
v 0.418193 -0.120506 -1.065814
v 0.418979 -0.116780 -1.064712
v 0.418193 -0.116569 -1.065813
v 0.419311 -0.113057 -1.064380
v 0.418542 -0.112663 -1.065463
v 0.419971 -0.109422 -1.063720
v 0.419234 -0.108850 -1.064769
v 0.420948 -0.105933 -1.062743
v 0.420259 -0.105190 -1.063743
v 0.422226 -0.102645 -1.061465
v 0.421600 -0.101741 -1.062401
v 0.423786 -0.099609 -1.059905
v 0.423236 -0.098557 -1.060763
v 0.425602 -0.096873 -1.058089
v 0.425141 -0.095689 -1.058856
v 0.427647 -0.094481 -1.056044
v 0.427286 -0.093182 -1.056710
v 0.429887 -0.092471 -1.053804
v 0.429635 -0.091075 -1.054359
v 0.432288 -0.090873 -1.051403
v 0.432153 -0.089402 -1.051840
v 0.434812 -0.089713 -1.048879
v 0.434799 -0.088188 -1.049192
v 0.437418 -0.089010 -1.046273
v 0.427943 -0.090592 -1.058032
v 0.418563 -0.111496 -1.067412
v 0.418188 -0.115686 -1.067787
v 0.421843 -0.135816 -1.064132
v 0.430465 -0.147266 -1.055511
v 0.441920 -0.151425 -1.044055
v 0.464534 -0.128189 -1.021441
v 0.465651 -0.115686 -1.020324
v 0.463435 -0.103480 -1.022540
v 0.460241 -0.096363 -1.025734
v 0.447833 -0.085227 -1.038142
v 0.471782 -0.099779 -1.033764
v 0.475063 -0.111497 -1.030484
v 0.475063 -0.124099 -1.030484
v 0.471782 -0.135816 -1.033764
v 0.457619 -0.150369 -1.047927
v 0.433384 -0.139233 -1.072162
v 0.430190 -0.132116 -1.075356
v 0.427974 -0.119909 -1.077572
v 0.440925 -0.092671 -1.043060
v 0.438698 -0.092869 -1.045287
v 0.443151 -0.092869 -1.040833
v 0.440191 -0.092671 -1.042327
v 0.439902 -0.093485 -1.042037
v 0.437964 -0.092869 -1.044553
v 0.442418 -0.092869 -1.040100
v 0.444610 -0.093460 -1.037908
v 0.442056 -0.093677 -1.039883
v 0.444177 -0.094249 -1.037762
v 0.446230 -0.095193 -1.035709
v 0.446732 -0.094435 -1.035786
v 0.448184 -0.096493 -1.033755
v 0.448751 -0.095779 -1.033767
v 0.450007 -0.098129 -1.031932
v 0.450635 -0.097469 -1.031883
v 0.451670 -0.100075 -1.030269
v 0.452354 -0.099481 -1.030164
v 0.453148 -0.102300 -1.028791
v 0.453881 -0.101781 -1.028636
v 0.454417 -0.104770 -1.027522
v 0.455193 -0.104334 -1.027325
v 0.455457 -0.107446 -1.026482
v 0.456268 -0.107099 -1.026250
v 0.456252 -0.110285 -1.025687
v 0.457089 -0.110033 -1.025429
v 0.456789 -0.113242 -1.025150
v 0.457644 -0.113089 -1.024874
v 0.457059 -0.116271 -1.024880
v 0.457924 -0.116220 -1.024594
v 0.457059 -0.119324 -1.024880
v 0.457924 -0.119375 -1.024594
v 0.456789 -0.122353 -1.025150
v 0.457644 -0.122506 -1.024874
v 0.456252 -0.125311 -1.025687
v 0.457089 -0.125562 -1.025429
v 0.455457 -0.128149 -1.026482
v 0.456268 -0.128496 -1.026250
v 0.454417 -0.130825 -1.027522
v 0.455193 -0.131261 -1.027325
v 0.453148 -0.133295 -1.028791
v 0.453881 -0.133814 -1.028636
v 0.451670 -0.135521 -1.030269
v 0.452354 -0.136115 -1.030164
v 0.450007 -0.137467 -1.031932
v 0.450635 -0.138126 -1.031883
v 0.448184 -0.139103 -1.033755
v 0.448751 -0.139817 -1.033767
v 0.446230 -0.140403 -1.035709
v 0.446732 -0.141160 -1.035786
v 0.444177 -0.141346 -1.037762
v 0.444610 -0.142135 -1.037908
v 0.442056 -0.141918 -1.039883
v 0.442418 -0.142727 -1.040100
v 0.439902 -0.142110 -1.042037
v 0.440191 -0.142925 -1.042327
v 0.437747 -0.141918 -1.044192
v 0.437964 -0.142727 -1.044553
v 0.435627 -0.141346 -1.046313
v 0.435773 -0.142135 -1.046745
v 0.433573 -0.140403 -1.048366
v 0.433650 -0.141160 -1.048867
v 0.431620 -0.139103 -1.050319
v 0.431632 -0.139817 -1.050886
v 0.429797 -0.137467 -1.052142
v 0.429748 -0.138126 -1.052770
v 0.428134 -0.135521 -1.053806
v 0.428028 -0.136115 -1.054489
v 0.426656 -0.133295 -1.055284
v 0.426501 -0.133814 -1.056017
v 0.425387 -0.130825 -1.056553
v 0.425190 -0.131261 -1.057328
v 0.424347 -0.128149 -1.057593
v 0.424115 -0.128496 -1.058403
v 0.423552 -0.125311 -1.058387
v 0.423293 -0.125562 -1.059224
v 0.423015 -0.122353 -1.058924
v 0.422738 -0.122506 -1.059779
v 0.422744 -0.119324 -1.059195
v 0.422459 -0.119375 -1.060059
v 0.422744 -0.116271 -1.059195
v 0.422459 -0.116220 -1.060059
v 0.423015 -0.113242 -1.058924
v 0.422738 -0.113089 -1.059779
v 0.423552 -0.110285 -1.058387
v 0.423293 -0.110033 -1.059224
v 0.424347 -0.107446 -1.057593
v 0.424115 -0.107099 -1.058403
v 0.425387 -0.104770 -1.056553
v 0.425190 -0.104334 -1.057328
v 0.426656 -0.102300 -1.055284
v 0.426501 -0.101781 -1.056017
v 0.428134 -0.100075 -1.053806
v 0.428029 -0.099481 -1.054489
v 0.429797 -0.098129 -1.052142
v 0.429748 -0.097469 -1.052770
v 0.431620 -0.096493 -1.050319
v 0.431632 -0.095779 -1.050886
v 0.433573 -0.095193 -1.048366
v 0.433650 -0.094435 -1.048867
v 0.435627 -0.094249 -1.046313
v 0.435773 -0.093460 -1.046745
v 0.437747 -0.093677 -1.044192
v 0.436506 -0.093460 -1.047479
v 0.434384 -0.094435 -1.049601
v 0.432365 -0.095779 -1.051620
v 0.430481 -0.097469 -1.053504
v 0.428762 -0.099481 -1.055223
v 0.427234 -0.101781 -1.056750
v 0.425923 -0.104334 -1.058062
v 0.424848 -0.107099 -1.059137
v 0.424027 -0.110033 -1.059958
v 0.423472 -0.113089 -1.060513
v 0.423192 -0.116220 -1.060792
v 0.423192 -0.119375 -1.060792
v 0.423472 -0.122506 -1.060513
v 0.424027 -0.125562 -1.059958
v 0.424848 -0.128496 -1.059137
v 0.425923 -0.131261 -1.058062
v 0.427234 -0.133814 -1.056750
v 0.428762 -0.136115 -1.055223
v 0.430481 -0.138126 -1.053504
v 0.432365 -0.139817 -1.051620
v 0.434384 -0.141160 -1.049601
v 0.436506 -0.142135 -1.047479
v 0.438698 -0.142727 -1.045287
v 0.440925 -0.142925 -1.043060
v 0.443151 -0.142727 -1.040833
v 0.445343 -0.142135 -1.038641
v 0.447465 -0.141160 -1.036519
v 0.449484 -0.139817 -1.034500
v 0.451368 -0.138126 -1.032616
v 0.453087 -0.136115 -1.030897
v 0.454615 -0.133814 -1.029370
v 0.455926 -0.131261 -1.028058
v 0.457001 -0.128496 -1.026983
v 0.457823 -0.125562 -1.026162
v 0.458377 -0.122506 -1.025607
v 0.458657 -0.119375 -1.025328
v 0.458657 -0.116220 -1.025328
v 0.458377 -0.113089 -1.025607
v 0.457823 -0.110033 -1.026162
v 0.457001 -0.107099 -1.026983
v 0.455926 -0.104334 -1.028058
v 0.454615 -0.101781 -1.029370
v 0.453087 -0.099481 -1.030897
v 0.451368 -0.097469 -1.032616
v 0.449484 -0.095779 -1.034500
v 0.447465 -0.094435 -1.036519
v 0.445343 -0.093460 -1.038641
v 0.439366 -0.126560 -1.044618
v 0.439220 -0.126560 -1.044472
v 0.438344 -0.126560 -1.043596
v 0.439366 -0.109494 -1.044618
v 0.439220 -0.109494 -1.044472
v 0.438344 -0.109494 -1.043596
v 0.442103 -0.109494 -1.041882
v 0.441956 -0.109494 -1.041735
v 0.441080 -0.109494 -1.040859
v 0.442103 -0.126560 -1.041882
v 0.441956 -0.126560 -1.041735
v 0.441080 -0.126560 -1.040859
v 0.441920 0.033422 -1.044055
v 0.451705 0.033422 -1.053841
v 0.448725 0.033156 -1.056821
v 0.436006 0.032365 -1.049969
v 0.433166 0.031060 -1.052809
v 0.442952 0.031060 -1.062594
v 0.430464 0.029262 -1.055511
v 0.440250 0.029262 -1.065296
v 0.427943 0.026999 -1.058032
v 0.437729 0.026999 -1.067818
v 0.425642 0.024308 -1.060333
v 0.435428 0.024308 -1.070119
v 0.433384 0.021229 -1.072163
v 0.421843 0.017813 -1.064132
v 0.420404 0.014112 -1.065571
v 0.419305 0.010186 -1.066670
v 0.429091 0.010186 -1.076456
v 0.418562 0.006095 -1.067413
v 0.428348 -0.006507 -1.077198
v 0.419305 -0.010597 -1.066670
v 0.429091 -0.010597 -1.076456
v 0.421843 -0.018224 -1.064132
v 0.431628 -0.018224 -1.073918
v 0.423598 -0.021641 -1.062377
v 0.433384 -0.021641 -1.072163
v 0.425642 -0.024719 -1.060333
v 0.437729 -0.027411 -1.067818
v 0.430464 -0.029674 -1.055511
v 0.440250 -0.029674 -1.065296
v 0.433166 -0.031472 -1.052809
v 0.442952 -0.031472 -1.062594
v 0.436006 -0.032777 -1.049969
v 0.445792 -0.032777 -1.059755
v 0.448725 -0.033568 -1.056821
v 0.441920 -0.033834 -1.044055
v 0.451705 -0.033834 -1.053841
v 0.454685 -0.033568 -1.050861
v 0.447833 -0.032777 -1.038142
v 0.457619 -0.032777 -1.047928
v 0.450673 -0.031472 -1.035302
v 0.460459 -0.031472 -1.045088
v 0.453375 -0.029674 -1.032600
v 0.455896 -0.027411 -1.030079
v 0.458197 -0.024719 -1.027778
v 0.467982 -0.024719 -1.037564
v 0.460241 -0.021641 -1.025734
v 0.470027 -0.021641 -1.035520
v 0.461996 -0.018224 -1.023979
v 0.471782 -0.018224 -1.033764
v 0.473220 -0.014524 -1.032326
v 0.464534 -0.010597 -1.021441
v 0.465277 -0.006507 -1.020698
v 0.475062 -0.006507 -1.030484
v 0.465651 -0.002317 -1.020324
v 0.465651 0.001906 -1.020324
v 0.475437 0.001906 -1.030110
v 0.464534 0.010186 -1.021441
v 0.474320 0.010186 -1.031227
v 0.463435 0.014112 -1.022540
v 0.473220 0.014112 -1.032326
v 0.461996 0.017813 -1.023979
v 0.471782 0.017813 -1.033764
v 0.460241 0.021229 -1.025734
v 0.458197 0.024308 -1.027778
v 0.467982 0.024308 -1.037564
v 0.455896 0.026999 -1.030079
v 0.463160 0.029262 -1.042386
v 0.450673 0.031060 -1.035302
v 0.460459 0.031060 -1.045088
v 0.447833 0.032365 -1.038142
v 0.457619 0.032365 -1.047928
v 0.438940 0.033156 -1.047035
v 0.444900 0.033156 -1.041075
v 0.440307 0.030384 -1.043681
v 0.440067 0.028817 -1.043625
v 0.437531 0.030139 -1.046458
v 0.443083 0.030135 -1.040903
v 0.445815 0.029396 -1.038170
v 0.442715 0.028582 -1.040976
v 0.445321 0.027879 -1.038370
v 0.447845 0.026719 -1.035846
v 0.448461 0.028179 -1.035524
v 0.450246 0.025121 -1.033445
v 0.450977 0.026502 -1.033007
v 0.452486 0.023110 -1.031205
v 0.453326 0.024393 -1.030658
v 0.454530 0.020719 -1.029161
v 0.455469 0.021885 -1.028514
v 0.456347 0.017983 -1.027344
v 0.457373 0.019017 -1.026609
v 0.457907 0.014947 -1.025784
v 0.459009 0.015833 -1.024974
v 0.459185 0.011659 -1.024506
v 0.460350 0.012386 -1.023634
v 0.460162 0.008170 -1.023530
v 0.461375 0.008728 -1.022609
v 0.460822 0.004535 -1.022870
v 0.462068 0.004918 -1.021917
v 0.461154 0.000812 -1.022537
v 0.462418 0.001014 -1.021567
v 0.461154 -0.002940 -1.022537
v 0.462420 -0.002921 -1.021567
v 0.460822 -0.006663 -1.022870
v 0.462074 -0.006824 -1.021914
v 0.460162 -0.010298 -1.023530
v 0.461384 -0.010636 -1.022606
v 0.459185 -0.013787 -1.024506
v 0.460362 -0.014296 -1.023629
v 0.457907 -0.017075 -1.025784
v 0.459024 -0.017745 -1.024969
v 0.456347 -0.020111 -1.027344
v 0.457390 -0.020930 -1.026604
v 0.454530 -0.022847 -1.029161
v 0.455487 -0.023800 -1.028509
v 0.452486 -0.025239 -1.031205
v 0.453344 -0.026310 -1.030653
v 0.450246 -0.027249 -1.033445
v 0.450996 -0.028420 -1.033003
v 0.447845 -0.028847 -1.035846
v 0.448479 -0.030098 -1.035522
v 0.445321 -0.030007 -1.038370
v 0.445832 -0.031315 -1.038170
v 0.442715 -0.030710 -1.040976
v 0.443099 -0.032054 -1.040905
v 0.440067 -0.030946 -1.043625
v 0.440321 -0.032302 -1.043684
v 0.437418 -0.030710 -1.046273
v 0.437543 -0.032056 -1.046463
v 0.434812 -0.030007 -1.048879
v 0.434808 -0.031318 -1.049198
v 0.432288 -0.028847 -1.051403
v 0.432160 -0.030102 -1.051847
v 0.429887 -0.027249 -1.053804
v 0.429641 -0.028426 -1.054367
v 0.427647 -0.025239 -1.056044
v 0.427290 -0.026316 -1.056718
v 0.425602 -0.022847 -1.058089
v 0.425144 -0.023805 -1.058864
v 0.423786 -0.020111 -1.059905
v 0.423238 -0.020935 -1.060771
v 0.422226 -0.017075 -1.061465
v 0.421601 -0.017748 -1.062407
v 0.420948 -0.013787 -1.062743
v 0.420259 -0.014297 -1.063749
v 0.419971 -0.010298 -1.063720
v 0.419234 -0.010636 -1.064773
v 0.419311 -0.006663 -1.064380
v 0.418542 -0.006821 -1.065465
v 0.418979 -0.002940 -1.064712
v 0.418193 -0.002915 -1.065814
v 0.418979 0.000812 -1.064712
v 0.418193 0.001023 -1.065813
v 0.419311 0.004535 -1.064380
v 0.418542 0.004929 -1.065463
v 0.419971 0.008170 -1.063720
v 0.419234 0.008742 -1.064769
v 0.420948 0.011659 -1.062743
v 0.420259 0.012402 -1.063743
v 0.422226 0.014947 -1.061465
v 0.421600 0.015851 -1.062401
v 0.423786 0.017983 -1.059905
v 0.423236 0.019034 -1.060763
v 0.425602 0.020719 -1.058089
v 0.425141 0.021902 -1.058856
v 0.427647 0.023110 -1.056044
v 0.427286 0.024410 -1.056710
v 0.429887 0.025121 -1.053804
v 0.429635 0.026517 -1.054359
v 0.432288 0.026719 -1.051403
v 0.432153 0.028190 -1.051840
v 0.434812 0.027879 -1.048879
v 0.434799 0.029404 -1.049192
v 0.437418 0.028582 -1.046273
v 0.423598 0.021229 -1.062377
v 0.418188 0.001906 -1.067787
v 0.418188 -0.002317 -1.067787
v 0.418563 -0.006507 -1.067412
v 0.420405 -0.014524 -1.065570
v 0.427943 -0.027411 -1.058032
v 0.438940 -0.033568 -1.047035
v 0.444900 -0.033568 -1.041075
v 0.463435 -0.014524 -1.022540
v 0.465277 0.006095 -1.020698
v 0.453375 0.029262 -1.032600
v 0.454686 0.033156 -1.050861
v 0.465682 0.026999 -1.039864
v 0.470027 0.021229 -1.035519
v 0.475063 0.006095 -1.030484
v 0.475437 -0.002317 -1.030109
v 0.474320 -0.010597 -1.031226
v 0.465682 -0.027411 -1.039864
v 0.463161 -0.029674 -1.042386
v 0.435428 -0.024719 -1.070118
v 0.430190 -0.014524 -1.075356
v 0.427974 -0.002317 -1.077572
v 0.427974 0.001906 -1.077572
v 0.428348 0.006095 -1.077198
v 0.430190 0.014112 -1.075356
v 0.431629 0.017813 -1.073918
v 0.445792 0.032365 -1.059754
v 0.440925 0.024921 -1.043060
v 0.438698 0.024723 -1.045287
v 0.443151 0.024723 -1.040833
v 0.440191 0.024921 -1.042327
v 0.439902 0.024107 -1.042037
v 0.437964 0.024723 -1.044553
v 0.442418 0.024723 -1.040100
v 0.444610 0.024132 -1.037908
v 0.442056 0.023915 -1.039883
v 0.444177 0.023343 -1.037762
v 0.446230 0.022399 -1.035709
v 0.446732 0.023157 -1.035786
v 0.448184 0.021099 -1.033755
v 0.448751 0.021813 -1.033767
v 0.450007 0.019463 -1.031932
v 0.450635 0.020122 -1.031883
v 0.451670 0.017517 -1.030269
v 0.452354 0.018111 -1.030164
v 0.453148 0.015292 -1.028791
v 0.453881 0.015811 -1.028636
v 0.454417 0.012821 -1.027522
v 0.455193 0.013258 -1.027325
v 0.455457 0.010146 -1.026482
v 0.456268 0.010493 -1.026250
v 0.456252 0.007307 -1.025687
v 0.457089 0.007559 -1.025429
v 0.456789 0.004350 -1.025150
v 0.457644 0.004502 -1.024874
v 0.457059 0.001321 -1.024880
v 0.457924 0.001372 -1.024594
v 0.457059 -0.001732 -1.024880
v 0.457924 -0.001784 -1.024594
v 0.456789 -0.004762 -1.025150
v 0.457644 -0.004914 -1.024874
v 0.456252 -0.007719 -1.025687
v 0.457089 -0.007971 -1.025429
v 0.455457 -0.010558 -1.026482
v 0.456268 -0.010904 -1.026250
v 0.454417 -0.013233 -1.027522
v 0.455193 -0.013670 -1.027325
v 0.453148 -0.015703 -1.028791
v 0.453881 -0.016222 -1.028636
v 0.451670 -0.017929 -1.030269
v 0.452354 -0.018523 -1.030164
v 0.450007 -0.019875 -1.031932
v 0.450635 -0.020534 -1.031883
v 0.448184 -0.021511 -1.033755
v 0.448751 -0.022225 -1.033767
v 0.446230 -0.022811 -1.035709
v 0.446732 -0.023569 -1.035786
v 0.444177 -0.023754 -1.037762
v 0.444610 -0.024544 -1.037908
v 0.442056 -0.024327 -1.039883
v 0.442418 -0.025135 -1.040100
v 0.439902 -0.024518 -1.042037
v 0.440191 -0.025333 -1.042327
v 0.437747 -0.024327 -1.044192
v 0.437964 -0.025135 -1.044553
v 0.435627 -0.023754 -1.046313
v 0.435773 -0.024544 -1.046745
v 0.433573 -0.022811 -1.048366
v 0.433651 -0.023569 -1.048867
v 0.431620 -0.021511 -1.050319
v 0.431632 -0.022225 -1.050886
v 0.429797 -0.019875 -1.052142
v 0.429748 -0.020534 -1.052770
v 0.428134 -0.017929 -1.053806
v 0.428029 -0.018523 -1.054489
v 0.426656 -0.015703 -1.055283
v 0.426501 -0.016223 -1.056017
v 0.425387 -0.013233 -1.056553
v 0.425190 -0.013670 -1.057328
v 0.424347 -0.010558 -1.057593
v 0.424115 -0.010904 -1.058403
v 0.423552 -0.007719 -1.058387
v 0.423293 -0.007971 -1.059224
v 0.423015 -0.004762 -1.058924
v 0.422738 -0.004914 -1.059779
v 0.422744 -0.001732 -1.059195
v 0.422459 -0.001784 -1.060059
v 0.422744 0.001321 -1.059195
v 0.422459 0.001372 -1.060059
v 0.423015 0.004350 -1.058924
v 0.422738 0.004502 -1.059779
v 0.423552 0.007307 -1.058387
v 0.423293 0.007559 -1.059224
v 0.424347 0.010146 -1.057593
v 0.424115 0.010493 -1.058403
v 0.425387 0.012821 -1.056553
v 0.425190 0.013258 -1.057328
v 0.426656 0.015292 -1.055283
v 0.426501 0.015811 -1.056017
v 0.428134 0.017517 -1.053806
v 0.428029 0.018111 -1.054489
v 0.429797 0.019463 -1.052142
v 0.429748 0.020122 -1.052770
v 0.431620 0.021099 -1.050319
v 0.431632 0.021813 -1.050886
v 0.433573 0.022399 -1.048366
v 0.433651 0.023157 -1.048867
v 0.435627 0.023343 -1.046313
v 0.435773 0.024132 -1.046745
v 0.437747 0.023915 -1.044192
v 0.436506 0.024132 -1.047479
v 0.434384 0.023157 -1.049601
v 0.432365 0.021813 -1.051620
v 0.430481 0.020122 -1.053504
v 0.428762 0.018111 -1.055223
v 0.427235 0.015811 -1.056750
v 0.425923 0.013258 -1.058062
v 0.424848 0.010493 -1.059137
v 0.424027 0.007559 -1.059958
v 0.423472 0.004502 -1.060513
v 0.423192 0.001372 -1.060792
v 0.423192 -0.001784 -1.060792
v 0.423472 -0.004914 -1.060513
v 0.424027 -0.007971 -1.059958
v 0.424848 -0.010904 -1.059137
v 0.425923 -0.013670 -1.058062
v 0.427235 -0.016223 -1.056750
v 0.428762 -0.018523 -1.055223
v 0.430481 -0.020534 -1.053504
v 0.432365 -0.022225 -1.051620
v 0.434384 -0.023569 -1.049601
v 0.436506 -0.024544 -1.047479
v 0.438698 -0.025135 -1.045287
v 0.440925 -0.025333 -1.043060
v 0.443151 -0.025135 -1.040833
v 0.445343 -0.024544 -1.038641
v 0.447465 -0.023569 -1.036519
v 0.449484 -0.022225 -1.034500
v 0.451368 -0.020534 -1.032616
v 0.453087 -0.018523 -1.030897
v 0.454615 -0.016222 -1.029370
v 0.455926 -0.013670 -1.028058
v 0.457001 -0.010904 -1.026983
v 0.457823 -0.007971 -1.026162
v 0.458377 -0.004914 -1.025607
v 0.458657 -0.001784 -1.025328
v 0.458657 0.001372 -1.025328
v 0.458377 0.004502 -1.025607
v 0.457823 0.007559 -1.026162
v 0.457001 0.010493 -1.026983
v 0.455926 0.013258 -1.028058
v 0.454615 0.015811 -1.029370
v 0.453087 0.018111 -1.030897
v 0.451368 0.020122 -1.032616
v 0.449484 0.021813 -1.034500
v 0.447465 0.023157 -1.036519
v 0.445343 0.024132 -1.038641
v 0.450174 -0.000206 -1.032344
v 0.450095 0.001564 -1.032423
v 0.450095 -0.001975 -1.032423
v 0.421313 -0.000206 -1.003483
v 0.421155 0.001564 -1.003483
v 0.421155 -0.001975 -1.003483
v 0.435999 -0.000206 -0.988796
v 0.435920 0.001564 -0.988717
v 0.435920 -0.001975 -0.988717
v 0.434003 -0.000206 -0.986799
v 0.433940 0.001210 -0.986736
v 0.433940 -0.001621 -0.986736
v 0.435519 -0.000206 -0.985283
v 0.435456 0.001210 -0.985220
v 0.435456 -0.001621 -0.985220
v 0.437514 -0.000206 -0.987278
v 0.437435 0.001563 -0.987199
v 0.437435 -0.001975 -0.987199
v 0.508657 -0.000206 -0.916134
v 0.508579 0.001563 -0.916055
v 0.508579 -0.001975 -0.916055
v 0.506719 -0.000206 -0.914196
v 0.506656 0.001220 -0.914133
v 0.506656 -0.001631 -0.914133
v 0.508138 -0.000206 -0.912777
v 0.508075 0.001220 -0.912714
v 0.508075 -0.001631 -0.912714
v 0.510035 -0.000206 -0.914674
v 0.509957 0.001556 -0.914595
v 0.509957 -0.001968 -0.914595
v 0.516620 -0.000206 -0.908089
v 0.517518 -0.000206 -0.906698
v 0.516542 0.001556 -0.908010
v 0.516542 -0.001968 -0.908010
v 0.517477 -0.001140 -0.906657
v 0.516308 -0.003702 -0.907777
v 0.517301 -0.002447 -0.906480
v 0.515922 -0.005381 -0.907391
v 0.509723 -0.003702 -0.914361
v 0.509337 -0.005381 -0.913976
v 0.507886 -0.003035 -0.912524
v 0.507574 -0.004393 -0.912212
v 0.506466 -0.003035 -0.913944
v 0.506154 -0.004393 -0.913631
v 0.508344 -0.003716 -0.915820
v 0.507957 -0.005402 -0.915433
v 0.437200 -0.003716 -0.986964
v 0.436813 -0.005402 -0.986577
v 0.435268 -0.003015 -0.985032
v 0.434958 -0.004364 -0.984722
v 0.433752 -0.003015 -0.986548
v 0.433442 -0.004364 -0.986238
v 0.435686 -0.003717 -0.988482
v 0.435298 -0.005403 -0.988095
v 0.420685 -0.003717 -1.003483
v 0.419910 -0.005403 -1.003483
v 0.449860 -0.003717 -1.032658
v 0.449473 -0.005403 -1.033045
v 0.448939 -0.007007 -1.033579
v 0.448267 -0.008504 -1.034250
v 0.418843 -0.007007 -1.003483
v 0.417499 -0.008504 -1.003483
v 0.434764 -0.007007 -0.987561
v 0.434093 -0.008504 -0.986889
v 0.433015 -0.005647 -0.985811
v 0.432478 -0.006844 -0.985274
v 0.434531 -0.005647 -0.984295
v 0.433994 -0.006844 -0.983758
v 0.436279 -0.007006 -0.986043
v 0.435608 -0.008503 -0.985371
v 0.507423 -0.007006 -0.914899
v 0.506751 -0.008503 -0.914228
v 0.505724 -0.005686 -0.913201
v 0.505183 -0.006892 -0.912660
v 0.507143 -0.005686 -0.911782
v 0.506602 -0.006892 -0.911241
v 0.508806 -0.006978 -0.913444
v 0.508137 -0.008468 -0.912775
v 0.515391 -0.006978 -0.906859
v 0.516451 -0.005463 -0.905631
v 0.514722 -0.008468 -0.906191
v 0.515802 -0.006911 -0.904981
v 0.513926 -0.009829 -0.905395
v 0.515020 -0.008247 -0.904200
v 0.513016 -0.011037 -0.904485
v 0.507341 -0.009829 -0.911980
v 0.506431 -0.011037 -0.911070
v 0.505958 -0.007992 -0.910597
v 0.505222 -0.008970 -0.909861
v 0.504539 -0.007992 -0.912016
v 0.503803 -0.008970 -0.911280
v 0.505952 -0.009868 -0.913429
v 0.505038 -0.011082 -0.912515
v 0.434809 -0.009868 -0.984573
v 0.433895 -0.011082 -0.983659
v 0.433355 -0.007937 -0.983118
v 0.432624 -0.008908 -0.982387
v 0.431838 -0.007937 -0.984635
v 0.431107 -0.008908 -0.983904
v 0.433294 -0.009870 -0.986090
v 0.432380 -0.011084 -0.985176
v 0.415901 -0.009870 -1.003483
v 0.414073 -0.011084 -1.003483
v 0.447468 -0.009870 -1.035050
v 0.446554 -0.011084 -1.035963
v 0.445540 -0.012126 -1.036978
v 0.444442 -0.012980 -1.038076
v 0.412045 -0.012126 -1.003483
v 0.409848 -0.012980 -1.003483
v 0.431365 -0.012126 -0.984162
v 0.430267 -0.012980 -0.983064
v 0.430296 -0.009742 -0.983092
v 0.429417 -0.010425 -0.982213
v 0.431812 -0.009742 -0.981576
v 0.430933 -0.010425 -0.980697
v 0.432881 -0.012124 -0.982645
v 0.431783 -0.012978 -0.981546
v 0.504025 -0.012124 -0.911501
v 0.502926 -0.012978 -0.910403
v 0.502986 -0.009810 -0.910463
v 0.502101 -0.010498 -0.909578
v 0.504405 -0.009810 -0.909044
v 0.503520 -0.010498 -0.908159
v 0.505422 -0.012075 -0.910060
v 0.504328 -0.012925 -0.908966
v 0.512006 -0.012075 -0.903475
v 0.513120 -0.010470 -0.902300
v 0.510913 -0.012925 -0.902381
v 0.512034 -0.011314 -0.901214
v 0.509752 -0.013575 -0.901221
v 0.510881 -0.011960 -0.900061
v 0.508543 -0.014014 -0.900012
v 0.503167 -0.013575 -0.907806
v 0.501958 -0.014014 -0.906596
v 0.502581 -0.011024 -0.907219
v 0.501603 -0.011379 -0.906241
v 0.501162 -0.011024 -0.908639
v 0.500183 -0.011379 -0.907660
v 0.501761 -0.013630 -0.909237
v 0.500547 -0.014071 -0.908023
v 0.430617 -0.013630 -0.980381
v 0.429403 -0.014071 -0.979167
v 0.430001 -0.010947 -0.979765
v 0.429029 -0.011300 -0.978793
v 0.428484 -0.010947 -0.981281
v 0.427513 -0.011300 -0.980309
v 0.429101 -0.013633 -0.981898
v 0.427887 -0.014074 -0.980684
v 0.407517 -0.013633 -1.003483
v 0.405088 -0.014074 -1.003483
v 0.443276 -0.013633 -1.039242
v 0.442062 -0.014074 -1.040456
v 0.440818 -0.014296 -1.041700
v 0.439564 -0.014296 -1.042953
v 0.402601 -0.014296 -1.003483
v 0.400093 -0.014296 -1.003483
v 0.426643 -0.014296 -0.979440
v 0.425390 -0.014296 -0.978186
v 0.426518 -0.011478 -0.979314
v 0.425515 -0.011478 -0.978312
v 0.428034 -0.011478 -0.977798
v 0.427031 -0.011478 -0.976795
v 0.428160 -0.014293 -0.977923
v 0.426906 -0.014293 -0.976670
v 0.499303 -0.014293 -0.906780
v 0.498050 -0.014293 -0.905526
v 0.499181 -0.011558 -0.906658
v 0.498171 -0.011558 -0.905648
v 0.500601 -0.011558 -0.905239
v 0.499591 -0.011558 -0.904229
v 0.500720 -0.014235 -0.905358
v 0.499472 -0.014235 -0.904110
v 0.507305 -0.014235 -0.898773
v 0.508446 -0.012617 -0.897626
v 0.506056 -0.014235 -0.897525
v 0.507204 -0.012617 -0.896384
v 0.504818 -0.014014 -0.896287
v 0.505972 -0.012396 -0.895151
v 0.503609 -0.013575 -0.895078
v 0.498233 -0.014014 -0.902871
v 0.497024 -0.013575 -0.901662
v 0.498588 -0.011379 -0.903227
v 0.497610 -0.011024 -0.902249
v 0.497169 -0.011379 -0.904646
v 0.496191 -0.011024 -0.903668
v 0.496806 -0.014071 -0.904283
v 0.495592 -0.013630 -0.903069
v 0.425663 -0.014071 -0.975426
v 0.424449 -0.013630 -0.974212
v 0.426036 -0.011300 -0.975800
v 0.425065 -0.010947 -0.974829
v 0.424520 -0.011300 -0.977317
v 0.423549 -0.010947 -0.976345
v 0.424146 -0.014074 -0.976943
v 0.422932 -0.013633 -0.975728
v 0.397606 -0.014074 -1.003483
v 0.395177 -0.013633 -1.003483
v 0.438321 -0.014074 -1.044197
v 0.437106 -0.013633 -1.045412
v 0.435941 -0.012980 -1.046577
v 0.434842 -0.012126 -1.047676
v 0.392846 -0.012980 -1.003483
v 0.390649 -0.012126 -1.003483
v 0.421766 -0.012980 -0.974563
v 0.420667 -0.012126 -0.973464
v 0.422616 -0.010425 -0.975413
v 0.421737 -0.009742 -0.974534
v 0.424133 -0.010425 -0.973896
v 0.423254 -0.009742 -0.973017
v 0.423283 -0.012978 -0.973047
v 0.422185 -0.012124 -0.971949
v 0.494427 -0.012978 -0.901904
v 0.493328 -0.012124 -0.900805
v 0.495252 -0.010498 -0.902729
v 0.494367 -0.009810 -0.901844
v 0.496671 -0.010498 -0.901310
v 0.495786 -0.009810 -0.900424
v 0.495863 -0.012925 -0.900502
v 0.494770 -0.012075 -0.899408
v 0.502448 -0.012925 -0.893917
v 0.503615 -0.011314 -0.892795
v 0.501354 -0.012075 -0.892823
v 0.502530 -0.010469 -0.891709
v 0.500345 -0.011037 -0.891813
v 0.501529 -0.009441 -0.890709
v 0.499435 -0.009829 -0.890903
v 0.493760 -0.011037 -0.898398
v 0.492850 -0.009829 -0.897488
v 0.494969 -0.008970 -0.899607
v 0.494233 -0.007992 -0.898871
v 0.493550 -0.008970 -0.901027
v 0.492813 -0.007992 -0.900290
v 0.492314 -0.011082 -0.899791
v 0.491401 -0.009868 -0.898877
v 0.421171 -0.011082 -0.970935
v 0.420257 -0.009868 -0.970021
v 0.422442 -0.008908 -0.972206
v 0.421711 -0.007937 -0.971475
v 0.420926 -0.008908 -0.973722
v 0.420195 -0.007937 -0.972991
v 0.419653 -0.011084 -0.972450
v 0.418739 -0.009870 -0.971536
v 0.388620 -0.011084 -1.003483
v 0.386793 -0.009870 -1.003483
v 0.433828 -0.011084 -1.048690
v 0.432914 -0.009870 -1.049604
v 0.432115 -0.008504 -1.050403
v 0.431443 -0.007007 -1.051075
v 0.385194 -0.008504 -1.003483
v 0.383851 -0.007007 -1.003483
v 0.417940 -0.008504 -0.970737
v 0.417269 -0.007007 -0.970065
v 0.419556 -0.006844 -0.972352
v 0.419018 -0.005647 -0.971815
v 0.421072 -0.006844 -0.970836
v 0.420535 -0.005647 -0.970298
v 0.419458 -0.008503 -0.969222
v 0.418787 -0.007006 -0.968550
v 0.490602 -0.008503 -0.898078
v 0.489930 -0.007006 -0.897407
v 0.492169 -0.006892 -0.899647
v 0.491628 -0.005686 -0.899105
v 0.493589 -0.006892 -0.898227
v 0.493048 -0.005686 -0.897686
v 0.492054 -0.008468 -0.896693
v 0.491385 -0.006978 -0.896024
v 0.498639 -0.008468 -0.890108
v 0.499848 -0.006911 -0.889028
v 0.497970 -0.006978 -0.889439
v 0.499198 -0.005463 -0.888378
v 0.497439 -0.005381 -0.888907
v 0.498694 -0.003947 -0.887874
v 0.497053 -0.003702 -0.888522
v 0.490854 -0.005381 -0.895492
v 0.490468 -0.003702 -0.895106
v 0.492617 -0.004393 -0.897256
v 0.492305 -0.003035 -0.896944
v 0.491198 -0.004393 -0.898675
v 0.490886 -0.003035 -0.898363
v 0.489396 -0.005402 -0.896873
v 0.489009 -0.003716 -0.896486
v 0.418253 -0.005402 -0.968017
v 0.417866 -0.003716 -0.967629
v 0.420108 -0.004364 -0.969871
v 0.419798 -0.003015 -0.969561
v 0.418591 -0.004364 -0.971388
v 0.418281 -0.003015 -0.971078
v 0.416735 -0.005403 -0.969531
v 0.416347 -0.003717 -0.969144
v 0.382784 -0.005403 -1.003483
v 0.382009 -0.003717 -1.003483
v 0.430909 -0.005403 -1.051608
v 0.430522 -0.003717 -1.051996
v 0.430287 -0.001975 -1.052231
v 0.430208 -0.000206 -1.052310
v 0.381539 -0.001975 -1.003483
v 0.381381 -0.000206 -1.003483
v 0.416112 -0.001975 -0.968909
v 0.416034 -0.000206 -0.968830
v 0.418093 -0.001621 -0.970890
v 0.418030 -0.000206 -0.970827
v 0.419610 -0.001621 -0.969373
v 0.419547 -0.000206 -0.969311
v 0.417631 -0.001975 -0.967394
v 0.417552 -0.000206 -0.967316
v 0.488774 -0.001975 -0.896251
v 0.488696 -0.000206 -0.896172
v 0.490697 -0.001631 -0.898174
v 0.490633 -0.000206 -0.898111
v 0.492116 -0.001631 -0.896755
v 0.492053 -0.000206 -0.896691
v 0.490234 -0.001968 -0.894873
v 0.490156 -0.000206 -0.894794
v 0.496819 -0.001968 -0.888288
v 0.498173 -0.001140 -0.887353
v 0.496741 -0.000206 -0.888209
v 0.498131 -0.000206 -0.887311
v 0.496819 0.001556 -0.888288
v 0.498173 0.000728 -0.887353
v 0.497053 0.003290 -0.888522
v 0.490234 0.001556 -0.894873
v 0.490468 0.003290 -0.895106
v 0.492116 0.001220 -0.896755
v 0.492305 0.002623 -0.896944
v 0.490697 0.001220 -0.898174
v 0.490886 0.002623 -0.898363
v 0.488774 0.001563 -0.896251
v 0.489009 0.003304 -0.896486
v 0.417631 0.001563 -0.967394
v 0.417866 0.003304 -0.967629
v 0.419610 0.001210 -0.969373
v 0.419798 0.002603 -0.969561
v 0.418093 0.001210 -0.970890
v 0.418281 0.002603 -0.971078
v 0.416112 0.001564 -0.968909
v 0.416347 0.003305 -0.969144
v 0.381539 0.001564 -1.003483
v 0.382009 0.003305 -1.003483
v 0.430287 0.001564 -1.052231
v 0.430522 0.003305 -1.051996
v 0.430909 0.004991 -1.051608
v 0.431443 0.006595 -1.051075
v 0.382784 0.004991 -1.003483
v 0.383851 0.006595 -1.003483
v 0.416735 0.004991 -0.969531
v 0.417269 0.006595 -0.970065
v 0.418591 0.003952 -0.971388
v 0.419018 0.005235 -0.971815
v 0.420108 0.003952 -0.969871
v 0.420535 0.005235 -0.970298
v 0.418253 0.004990 -0.968017
v 0.418787 0.006594 -0.968550
v 0.489396 0.004990 -0.896873
v 0.489930 0.006594 -0.897407
v 0.491198 0.003981 -0.898675
v 0.491628 0.005274 -0.899105
v 0.492617 0.003981 -0.897256
v 0.493048 0.005274 -0.897686
v 0.490854 0.004969 -0.895492
v 0.491385 0.006566 -0.896024
v 0.497439 0.004969 -0.888907
v 0.498694 0.003535 -0.887874
v 0.497970 0.006566 -0.889439
v 0.499198 0.005051 -0.888378
v 0.498639 0.008057 -0.890108
v 0.499848 0.006500 -0.889028
v 0.499435 0.009417 -0.890903
v 0.492054 0.008057 -0.896693
v 0.492850 0.009417 -0.897488
v 0.493589 0.006480 -0.898227
v 0.494233 0.007580 -0.898871
v 0.492169 0.006480 -0.899647
v 0.492813 0.007580 -0.900290
v 0.490602 0.008091 -0.898078
v 0.491401 0.009457 -0.898877
v 0.419458 0.008091 -0.969222
v 0.420257 0.009457 -0.970021
v 0.421072 0.006433 -0.970836
v 0.421711 0.007525 -0.971475
v 0.419556 0.006433 -0.972352
v 0.420195 0.007525 -0.972991
v 0.417940 0.008092 -0.970737
v 0.418739 0.009458 -0.971536
v 0.385194 0.008092 -1.003483
v 0.386793 0.009458 -1.003483
v 0.432115 0.008092 -1.050403
v 0.432914 0.009458 -1.049604
v 0.433828 0.010672 -1.048690
v 0.434842 0.011714 -1.047676
v 0.388620 0.010672 -1.003483
v 0.390649 0.011714 -1.003483
v 0.419653 0.010672 -0.972450
v 0.420667 0.011714 -0.973464
v 0.420926 0.008496 -0.973722
v 0.421737 0.009330 -0.974534
v 0.422442 0.008496 -0.972206
v 0.423254 0.009330 -0.973017
v 0.421171 0.010670 -0.970935
v 0.422185 0.011712 -0.971949
v 0.492314 0.010670 -0.899791
v 0.493328 0.011712 -0.900805
v 0.493550 0.008558 -0.901027
v 0.494367 0.009398 -0.901844
v 0.494969 0.008558 -0.899607
v 0.495786 0.009398 -0.900424
v 0.493760 0.010625 -0.898398
v 0.494770 0.011663 -0.899408
v 0.500345 0.010625 -0.891813
v 0.501529 0.009029 -0.890709
v 0.501354 0.011663 -0.892823
v 0.502530 0.010058 -0.891709
v 0.502448 0.012513 -0.893917
v 0.503615 0.010902 -0.892795
v 0.503609 0.013163 -0.895078
v 0.495863 0.012513 -0.900502
v 0.497024 0.013163 -0.901662
v 0.496671 0.010086 -0.901310
v 0.497610 0.010612 -0.902249
v 0.495252 0.010086 -0.902729
v 0.496191 0.010612 -0.903668
v 0.494427 0.012566 -0.901904
v 0.495592 0.013218 -0.903069
v 0.423283 0.012566 -0.973047
v 0.424449 0.013218 -0.974212
v 0.424133 0.010013 -0.973896
v 0.425065 0.010535 -0.974829
v 0.422616 0.010013 -0.975413
v 0.423549 0.010535 -0.976345
v 0.421766 0.012568 -0.974563
v 0.422932 0.013221 -0.975728
v 0.392846 0.012568 -1.003483
v 0.395177 0.013221 -1.003483
v 0.435941 0.012568 -1.046577
v 0.437106 0.013221 -1.045412
v 0.438321 0.013662 -1.044197
v 0.439564 0.013884 -1.042953
v 0.397606 0.013662 -1.003483
v 0.400093 0.013884 -1.003483
v 0.424146 0.013662 -0.976943
v 0.425390 0.013884 -0.978186
v 0.424520 0.010888 -0.977317
v 0.425515 0.011066 -0.978312
v 0.426036 0.010888 -0.975800
v 0.427031 0.011066 -0.976795
v 0.425663 0.013659 -0.975426
v 0.426906 0.013882 -0.976670
v 0.496806 0.013659 -0.904283
v 0.498050 0.013881 -0.905526
v 0.497169 0.010967 -0.904646
v 0.498171 0.011146 -0.905648
v 0.498588 0.010967 -0.903227
v 0.499591 0.011146 -0.904229
v 0.498233 0.013602 -0.902871
v 0.499472 0.013823 -0.904110
v 0.504818 0.013602 -0.896287
v 0.505972 0.011985 -0.895151
v 0.506056 0.013823 -0.897525
v 0.507204 0.012205 -0.896384
v 0.507305 0.013823 -0.898773
v 0.508446 0.012205 -0.897626
v 0.508543 0.013602 -0.900012
v 0.500720 0.013823 -0.905358
v 0.501958 0.013602 -0.906596
v 0.500601 0.011146 -0.905239
v 0.501603 0.010967 -0.906241
v 0.499181 0.011146 -0.906658
v 0.500183 0.010967 -0.907660
v 0.499303 0.013881 -0.906780
v 0.500547 0.013659 -0.908023
v 0.428160 0.013882 -0.977923
v 0.429403 0.013659 -0.979167
v 0.428034 0.011066 -0.977798
v 0.429029 0.010888 -0.978793
v 0.426518 0.011066 -0.979314
v 0.427513 0.010888 -0.980309
v 0.426643 0.013884 -0.979440
v 0.427887 0.013662 -0.980684
v 0.402601 0.013884 -1.003483
v 0.405088 0.013662 -1.003483
v 0.440818 0.013884 -1.041700
v 0.442062 0.013662 -1.040456
v 0.443276 0.013221 -1.039242
v 0.444442 0.012568 -1.038076
v 0.407517 0.013221 -1.003483
v 0.409848 0.012568 -1.003483
v 0.429101 0.013221 -0.981898
v 0.430267 0.012568 -0.983064
v 0.428484 0.010535 -0.981281
v 0.429417 0.010013 -0.982213
v 0.430001 0.010535 -0.979765
v 0.430933 0.010013 -0.980697
v 0.430617 0.013218 -0.980381
v 0.431783 0.012566 -0.981546
v 0.501761 0.013218 -0.909237
v 0.502926 0.012566 -0.910403
v 0.501162 0.010612 -0.908639
v 0.502101 0.010086 -0.909578
v 0.502581 0.010612 -0.907219
v 0.503520 0.010086 -0.908159
v 0.503167 0.013163 -0.907806
v 0.504328 0.012513 -0.908966
v 0.509752 0.013163 -0.901221
v 0.510881 0.011548 -0.900061
v 0.510913 0.012513 -0.902381
v 0.512034 0.010902 -0.901214
v 0.512006 0.011663 -0.903475
v 0.513120 0.010058 -0.902300
v 0.513016 0.010625 -0.904485
v 0.505422 0.011663 -0.910060
v 0.506431 0.010625 -0.911070
v 0.504405 0.009398 -0.909044
v 0.505222 0.008558 -0.909861
v 0.502986 0.009398 -0.910463
v 0.503803 0.008558 -0.911280
v 0.504025 0.011712 -0.911501
v 0.505038 0.010670 -0.912515
v 0.432881 0.011712 -0.982645
v 0.433895 0.010670 -0.983659
v 0.431812 0.009330 -0.981576
v 0.432624 0.008496 -0.982387
v 0.430296 0.009330 -0.983092
v 0.431107 0.008496 -0.983904
v 0.431365 0.011714 -0.984162
v 0.432380 0.010672 -0.985176
v 0.412045 0.011714 -1.003483
v 0.414073 0.010672 -1.003483
v 0.445540 0.011714 -1.036978
v 0.446554 0.010672 -1.035963
v 0.447468 0.009458 -1.035050
v 0.448267 0.008092 -1.034250
v 0.415901 0.009458 -1.003483
v 0.417499 0.008092 -1.003483
v 0.433294 0.009458 -0.986090
v 0.434093 0.008092 -0.986889
v 0.431838 0.007525 -0.984635
v 0.432478 0.006433 -0.985274
v 0.433355 0.007525 -0.983118
v 0.433994 0.006433 -0.983758
v 0.434809 0.009457 -0.984573
v 0.435608 0.008091 -0.985371
v 0.505952 0.009457 -0.913429
v 0.506751 0.008091 -0.914228
v 0.504539 0.007580 -0.912016
v 0.505183 0.006480 -0.912660
v 0.505958 0.007580 -0.910597
v 0.506602 0.006480 -0.911241
v 0.507341 0.009417 -0.911980
v 0.508137 0.008057 -0.912775
v 0.513926 0.009417 -0.905395
v 0.515020 0.007836 -0.904200
v 0.514722 0.008057 -0.906191
v 0.515802 0.006499 -0.904981
v 0.515391 0.006566 -0.906859
v 0.516451 0.005051 -0.905631
v 0.515922 0.004969 -0.907391
v 0.508806 0.006566 -0.913444
v 0.509337 0.004969 -0.913976
v 0.507143 0.005274 -0.911782
v 0.507574 0.003981 -0.912212
v 0.505724 0.005274 -0.913201
v 0.506154 0.003981 -0.913631
v 0.507423 0.006594 -0.914899
v 0.507957 0.004990 -0.915433
v 0.436279 0.006594 -0.986043
v 0.436813 0.004990 -0.986577
v 0.434531 0.005235 -0.984295
v 0.434958 0.003952 -0.984722
v 0.433015 0.005235 -0.985811
v 0.433442 0.003952 -0.986238
v 0.434764 0.006595 -0.987561
v 0.435298 0.004991 -0.988095
v 0.418843 0.006595 -1.003483
v 0.419910 0.004991 -1.003483
v 0.448939 0.006595 -1.033579
v 0.449473 0.004991 -1.033045
v 0.449860 0.003305 -1.032658
v 0.420685 0.003305 -1.003483
v 0.435686 0.003305 -0.988482
v 0.433752 0.002603 -0.986548
v 0.435268 0.002603 -0.985032
v 0.437200 0.003304 -0.986964
v 0.508344 0.003304 -0.915820
v 0.506466 0.002623 -0.913944
v 0.507886 0.002623 -0.912524
v 0.509723 0.003290 -0.914361
v 0.516308 0.003290 -0.907777
v 0.517301 0.002035 -0.906480
v 0.517477 0.000728 -0.906657
v 0.516956 0.003535 -0.906136
v 0.514121 0.009029 -0.903301
v 0.509678 0.011985 -0.898858
v 0.504769 0.011548 -0.893949
v 0.500630 0.007836 -0.889810
v 0.498349 0.002035 -0.887529
v 0.498349 -0.002447 -0.887529
v 0.500630 -0.008247 -0.889810
v 0.504769 -0.011960 -0.893949
v 0.509678 -0.012396 -0.898858
v 0.514121 -0.009441 -0.903301
v 0.516956 -0.003947 -0.906136
vt 0.375000 0.181797
vt 0.625000 0.181797
vt 0.625000 0.279084
vt 0.375000 0.279084
vt 0.375000 1.285581
vt 0.625000 1.285581
vt 0.625000 1.535580
vt 0.375000 1.535580
vt 0.698011 -0.182451
vt 0.671282 -0.184132
vt 0.644974 -0.189151
vt 0.619503 -0.197427
vt 0.595270 -0.208830
vt 0.572658 -0.223180
vt 0.552022 -0.240252
vt 0.533688 -0.259775
vt 0.517946 -0.281442
vt 0.505044 -0.304911
vt 0.495185 -0.329812
vt 0.488524 -0.355753
vt 0.485168 -0.382323
vt 0.485168 -0.409105
vt 0.488524 -0.435676
vt 0.495185 -0.461616
vt 0.505044 -0.486517
vt 0.517946 -0.509987
vt 0.533688 -0.531654
vt 0.552022 -0.551177
vt 0.572657 -0.568248
vt 0.595270 -0.582599
vt 0.619503 -0.594002
vt 0.644974 -0.602278
vt 0.671281 -0.607296
vt 0.678940 -0.452128
vt 0.678940 -0.330326
vt 0.706559 -0.330326
vt 0.724739 -0.184132
vt 0.455851 1.000386
vt 0.430586 1.000386
vt 0.405392 1.000386
vt 0.380661 1.000386
vt 0.356823 1.000386
vt 0.334317 1.000386
vt 0.313569 1.000385
vt 0.294979 1.000385
vt 0.278912 1.000385
vt 0.265685 1.000385
vt 0.255565 1.000385
vt 0.248764 1.000385
vt 0.245434 1.000385
vt 0.245667 1.000385
vt 0.249492 1.000385
vt 0.256877 1.000385
vt 0.267729 1.000385
vt 0.281894 1.000386
vt 0.299163 1.000385
vt 0.319271 1.000385
vt 0.341906 1.000386
vt 0.366708 1.000385
vt 0.393279 1.000385
vt 0.421187 1.000385
vt 0.449971 1.000385
vt 0.455543 1.000386
vt 0.447425 1.000386
vt 0.481527 1.000386
vt 0.480877 1.000386
vt 0.375000 0.459425
vt 0.625000 0.459425
vt 0.625000 0.469266
vt 0.375000 0.469267
vt 0.375000 0.470916
vt 0.625000 0.470916
vt 0.625000 0.568203
vt 0.375000 0.568203
vt 0.453436 1.000385
vt 0.481343 1.000385
vt 0.509055 1.000385
vt 0.536489 1.000385
vt 0.563476 1.000386
vt 0.588833 1.000386
vt 0.612104 1.000386
vt 0.632879 1.000386
vt 0.650794 1.000386
vt 0.665542 1.000386
vt 0.676875 1.000386
vt 0.684610 1.000386
vt 0.688633 1.000386
vt 0.688908 1.000386
vt 0.685479 1.000386
vt 0.678470 1.000386
vt 0.668091 1.000386
vt 0.654622 1.000386
vt 0.638414 1.000386
vt 0.619860 1.000386
vt 0.599369 1.000386
vt 0.577323 1.000386
vt 0.553944 1.000386
vt 0.528755 1.000386
vt 0.501863 1.000386
vt 0.474267 1.000386
vt 0.480303 1.000386
vt 0.491596 1.000386
vt 0.456057 1.000385
vt 0.375000 0.280733
vt 0.625000 0.280733
vt 0.625000 0.290575
vt 0.375000 0.290575
vt 0.698011 -0.608978
vt 0.724740 -0.607296
vt 0.751047 -0.602278
vt 0.776518 -0.594002
vt 0.800751 -0.582599
vt 0.823364 -0.568248
vt 0.844000 -0.551177
vt 0.862333 -0.531654
vt 0.878075 -0.509987
vt 0.890977 -0.486518
vt 0.900836 -0.461616
vt 0.907497 -0.435676
vt 0.910853 -0.409105
vt 0.910853 -0.382323
vt 0.907497 -0.355753
vt 0.900836 -0.329812
vt 0.890977 -0.304911
vt 0.878075 -0.281442
vt 0.862333 -0.259775
vt 0.844000 -0.240252
vt 0.823364 -0.223180
vt 0.800751 -0.208830
vt 0.776518 -0.197427
vt 0.751047 -0.189151
vt 0.706559 -0.452128
vt -0.410580 0.459452
vt -0.160581 0.459436
vt -0.160581 0.469351
vt -0.410581 0.469383
vt -0.410581 0.470919
vt -0.160581 0.470918
vt -0.160581 0.568203
vt -0.410581 0.568203
vt 1.160584 0.459428
vt 1.410584 0.459434
vt 1.410580 0.469303
vt 1.160580 0.469292
vt 1.160581 0.470918
vt 1.410581 0.470920
vt 1.410581 0.568203
vt 1.160581 0.568203
vt 0.698011 0.457139
vt 0.671282 0.455457
vt 0.644974 0.450439
vt 0.619503 0.442163
vt 0.595270 0.430759
vt 0.572657 0.416409
vt 0.552021 0.399337
vt 0.533688 0.379814
vt 0.517946 0.358147
vt 0.505044 0.334678
vt 0.495185 0.309777
vt 0.488524 0.283837
vt 0.485168 0.257266
vt 0.485168 0.230484
vt 0.488524 0.203913
vt 0.495185 0.177973
vt 0.505044 0.153072
vt 0.517946 0.129603
vt 0.533688 0.107936
vt 0.552022 0.088412
vt 0.572657 0.071341
vt 0.595270 0.056991
vt 0.619503 0.045587
vt 0.644974 0.037311
vt 0.671282 0.032293
vt 0.698011 0.030611
vt 0.724740 0.032293
vt 0.751047 0.037311
vt 0.776518 0.045587
vt 0.800751 0.056991
vt 0.823364 0.071341
vt 0.844000 0.088413
vt 0.862333 0.107936
vt 0.878075 0.129603
vt 0.890977 0.153072
vt 0.900836 0.177973
vt 0.907497 0.203913
vt 0.910853 0.230484
vt 0.910853 0.257266
vt 0.907497 0.283837
vt 0.900836 0.309777
vt 0.890978 0.334678
vt 0.878075 0.358147
vt 0.862333 0.379815
vt 0.844000 0.399338
vt 0.823364 0.416409
vt 0.800751 0.430760
vt 0.776518 0.442163
vt 0.751048 0.450439
vt 0.724740 0.455457
vt 0.041803 1.000386
vt 0.040399 1.000386
vt 0.041443 1.000386
vt 0.044548 1.000386
vt 0.049629 1.000386
vt 0.056668 1.000386
vt 0.065653 1.000386
vt 0.076556 1.000385
vt 0.089325 1.000384
vt 0.103883 1.000384
vt 0.120127 1.000384
vt 0.137926 1.000384
vt 0.157128 1.000385
vt 0.177560 1.000385
vt 0.199032 1.000385
vt 0.221342 1.000384
vt 0.244278 1.000384
vt 0.267627 1.000383
vt 0.291175 1.000384
vt 0.314716 1.000385
vt 0.338057 1.000385
vt 0.361023 1.000386
vt 0.383462 1.000386
vt 0.405254 1.000386
vt 0.426318 1.000385
vt 0.446617 1.000386
vt 0.466177 1.000385
vt 0.485097 1.000386
vt 0.503590 1.000386
vt 0.521802 1.000386
vt 0.539811 1.000386
vt 0.557674 1.000386
vt 0.575435 1.000386
vt 0.593134 1.000386
vt 0.610801 1.000386
vt 0.628465 1.000386
vt 0.646146 1.000386
vt 0.663853 1.000386
vt 0.681581 1.000386
vt 0.699297 1.000386
vt 0.716912 1.000386
vt 0.734226 1.000386
vt 0.750784 1.000385
vt 0.765477 1.000385
vt 0.775167 1.000385
vt 0.768519 1.000385
vt 0.694089 1.000385
vt 0.375553 1.000386
vt 0.095443 1.000386
vt 0.047869 1.000386
vt -0.075669 1.000386
vt -0.075669 1.000386
vt 0.637121 1.000385
vt 0.637120 1.000385
vt 0.379673 1.000386
vt 0.519045 1.000386
vt 0.656745 1.000386
vt 0.781117 1.000386
vt 0.883095 1.000385
vt 0.957785 1.000385
vt 1.004510 1.000385
vt 1.025759 1.000385
vt 1.025772 1.000385
vt 1.009356 1.000386
vt 0.981130 1.000386
vt 0.945172 1.000386
vt 0.904914 1.000386
vt 0.863183 1.000386
vt 0.822329 1.000386
vt 0.784481 1.000386
vt 0.750974 1.000386
vt 0.719525 1.000386
vt 0.689345 1.000386
vt 0.660106 1.000386
vt 0.631599 1.000386
vt 0.603672 1.000386
vt 0.576201 1.000386
vt 0.549078 1.000386
vt 0.522209 1.000386
vt 0.495503 1.000386
vt 0.468873 1.000386
vt 0.442232 1.000385
vt 0.415493 1.000385
vt 0.388563 1.000385
vt 0.361338 1.000385
vt 0.333699 1.000385
vt 0.305497 1.000385
vt 0.276527 1.000385
vt 0.246459 1.000384
vt 0.214521 1.000382
vt 0.178514 1.000384
vt 0.139440 1.000385
vt 0.098923 1.000386
vt 0.058648 1.000386
vt 0.020556 1.000386
vt -0.013073 1.000386
vt -0.039562 1.000386
vt -0.055806 1.000386
vt -0.058301 1.000386
vt -0.043267 1.000386
vt -0.006984 1.000387
vt 0.053578 1.000387
vt 0.139799 1.000386
vt 0.250236 1.000386
vt 0.074447 1.000386
vt 0.074447 1.000386
vt 0.158192 1.000386
vt 0.158192 1.000386
vt 25.084263 1.000334
vt 24.559898 1.000333
vt 25.269844 1.000329
vt 25.797020 1.000332
vt -2.881572 1.000404
vt -2.819638 1.000402
vt -2.736223 1.000402
vt -2.797829 1.000404
vt 24.769188 1.000331
vt 26.308735 1.000327
vt 26.876701 1.000325
vt 25.479158 1.000328
vt -2.844233 1.000411
vt -3.008430 1.000412
vt -2.941697 1.000411
vt -2.760819 1.000410
vt 26.308884 1.000326
vt 26.308887 1.000326
vt 26.876862 1.000324
vt 26.876862 1.000324
vt -3.008425 1.000403
vt -2.941691 1.000403
vt 26.309795 1.000317
vt 24.771584 1.000322
vt 25.481510 1.000319
vt 26.877834 1.000315
vt -3.008084 1.000415
vt -2.844059 1.000414
vt -2.760688 1.000413
vt -2.941374 1.000415
vt 24.774111 1.000300
vt 24.774261 1.000313
vt 25.484280 1.000310
vt 25.484114 1.000295
vt -2.843015 1.000411
vt -2.843006 1.000403
vt -2.759660 1.000402
vt -2.759670 1.000411
vt 24.774223 1.000314
vt 26.269012 1.000309
vt 26.841137 1.000307
vt 25.484215 1.000313
vt -3.002285 1.000414
vt -2.935120 1.000412
vt 26.268948 1.000320
vt 26.268929 1.000320
vt 26.841015 1.000316
vt 26.841042 1.000316
vt -3.002335 1.000431
vt -2.935174 1.000431
vt -2.935174 1.000432
vt 24.805893 1.000309
vt 25.512970 1.000307
vt -2.846393 1.000407
vt -2.763391 1.000408
vt -2.935131 1.000409
vt 24.805553 1.000302
vt 24.805542 1.000300
vt 25.512621 1.000296
vt 25.512630 1.000298
vt -2.846371 1.000425
vt -2.763366 1.000424
vt -2.694831 1.000452
vt -2.672542 1.000454
vt -2.755547 1.000454
vt -2.738819 1.000454
vt 24.596855 1.000283
vt 24.739298 1.000284
vt 24.032217 1.000290
vt 24.222179 1.000285
vt 0.721097 1.000280
vt 0.719378 1.000282
vt 0.730333 1.000280
vt 0.729357 1.000280
vt 0.742907 1.000363
vt 0.742907 1.000363
vt 0.731952 1.000365
vt 0.731952 1.000364
vt 0.877890 1.000360
vt 0.876907 1.000361
vt 0.891557 1.000357
vt 0.890981 1.000357
vt 0.901388 1.000263
vt 0.901388 1.000263
vt 0.886736 1.000266
vt 0.886736 1.000266
vt 0.946737 1.000297
vt 0.934882 1.000300
vt 0.780403 1.000341
vt 0.742895 1.000345
vt 0.731940 1.000344
vt 0.771538 1.000342
vt 0.946744 1.000261
vt 0.934889 1.000263
vt 0.780404 1.000330
vt 0.771537 1.000326
vt 0.900413 1.000306
vt 0.885702 1.000308
vt 0.742082 1.000347
vt 0.731082 1.000349
vt 0.900410 1.000299
vt 0.885699 1.000300
vt 0.742083 1.000319
vt 0.731082 1.000323
vt 0.948091 1.000280
vt 0.936321 1.000282
vt 0.781525 1.000350
vt 0.742083 1.000352
vt 0.731082 1.000353
vt 0.772723 1.000351
vt 0.948081 1.000256
vt 0.936310 1.000257
vt 0.781538 1.000330
vt 0.781538 1.000330
vt 0.772736 1.000330
vt 0.772736 1.000330
vt 0.900362 1.000292
vt 0.885648 1.000294
vt 0.742038 1.000334
vt 0.731036 1.000335
vt 0.938566 1.000281
vt 0.876866 1.000279
vt 0.862151 1.000283
vt 0.922299 1.000285
vt 0.757619 1.000371
vt 0.732056 1.000372
vt 0.721052 1.000371
vt 0.746216 1.000370
vt 0.054023 1.000386
vt 0.054023 1.000386
vt 0.037756 1.000386
vt 0.037756 1.000386
vt 0.051271 1.000386
vt 0.051271 1.000386
vt 0.039869 1.000387
vt 0.039869 1.000386
vt 0.060060 1.000387
vt 0.060060 1.000387
vt 0.042433 1.000388
vt 0.042433 1.000387
vt 0.067689 1.000386
vt 0.067689 1.000385
vt 0.049446 1.000385
vt 0.049446 1.000386
vt 0.639297 1.000438
vt 0.509912 1.000437
vt 0.496908 1.000437
vt 0.621055 1.000438
vt 0.800641 1.000342
vt 0.705324 1.000344
vt 0.690891 1.000342
vt 0.783013 1.000342
vt 0.555612 1.000447
vt 0.582536 1.000451
vt 0.572132 1.000450
vt 0.542607 1.000446
vt 0.740410 1.000358
vt 0.778156 1.000356
vt 0.766610 1.000357
vt 0.725978 1.000359
vt 0.582547 1.000450
vt 0.572146 1.000451
vt 0.572146 1.000451
vt 0.778151 1.000329
vt 0.778151 1.000329
vt 0.766605 1.000328
vt 0.766605 1.000328
vt 0.555647 1.000450
vt 0.542645 1.000448
vt 0.778165 1.000359
vt 0.740453 1.000361
vt 0.726023 1.000361
vt 0.766619 1.000360
vt 0.555644 1.000441
vt 0.542641 1.000440
vt 0.740455 1.000369
vt 0.726026 1.000368
vt 0.581782 1.000443
vt 0.571304 1.000442
vt 0.740453 1.000347
vt 0.777094 1.000344
vt 0.765466 1.000345
vt 0.726023 1.000348
vt 0.581784 1.000477
vt 0.581784 1.000477
vt 0.571307 1.000474
vt 0.571307 1.000474
vt 0.777085 1.000315
vt 0.765458 1.000317
vt 0.581781 1.000448
vt 0.556200 1.000445
vt 0.543251 1.000443
vt 0.571303 1.000446
vt 0.741229 1.000335
vt 0.726859 1.000336
vt 0.556198 1.000436
vt 0.543250 1.000437
vt 0.741227 1.000335
vt 0.726857 1.000337
vt 0.721543 1.000307
vt 0.721098 1.000309
vt 0.735471 1.000313
vt 0.735184 1.000312
vt 0.540156 1.000424
vt 0.539941 1.000423
vt 0.552890 1.000417
vt 0.552739 1.000416
vt 0.379609 1.000490
vt 0.379499 1.000491
vt 0.390489 1.000496
vt 0.390406 1.000495
vt 0.392378 1.000514
vt 0.392379 1.000515
vt 0.381388 1.000510
vt 0.381388 1.000509
vt 0.244432 1.000343
vt 0.244373 1.000343
vt 0.253152 1.000342
vt 0.253104 1.000343
vt 0.254202 1.000342
vt 0.254201 1.000342
vt 0.245423 1.000344
vt 0.245423 1.000345
vt 0.264906 1.000348
vt 0.254201 1.000351
vt 0.245423 1.000352
vt 0.257803 1.000349
vt 0.409500 1.000517
vt 0.400607 1.000514
vt 0.264905 1.000349
vt 0.257803 1.000351
vt 0.257803 1.000351
vt 0.409500 1.000525
vt 0.400608 1.000522
vt 0.253969 1.000353
vt 0.245154 1.000353
vt 0.392007 1.000514
vt 0.380971 1.000509
vt 0.253967 1.000345
vt 0.253967 1.000345
vt 0.245152 1.000347
vt 0.245152 1.000346
vt 0.392008 1.000522
vt 0.380973 1.000517
vt 0.265225 1.000348
vt 0.245154 1.000351
vt 0.258172 1.000350
vt 0.410011 1.000508
vt 0.401181 1.000506
vt 0.265226 1.000347
vt 0.258172 1.000341
vt 0.410008 1.000499
vt 0.401179 1.000498
vt 0.253947 1.000354
vt 0.265212 1.000352
vt 0.258159 1.000355
vt 0.245130 1.000355
vt 0.391977 1.000499
vt 0.380939 1.000496
vt 0.390123 1.000351
vt 0.189813 1.000348
vt 0.180996 1.000350
vt 0.371307 1.000352
vt 0.500991 1.000496
vt 0.336568 1.000498
vt 0.325530 1.000494
vt 0.482398 1.000492
vt 0.086664 1.000386
vt 0.086664 1.000387
vt 0.067847 1.000387
vt 0.067847 1.000386
vt 0.076573 1.000386
vt 0.076573 1.000386
vt 0.057980 1.000386
vt 0.057980 1.000386
vt 0.098001 1.000386
vt 0.098001 1.000386
vt 0.079027 1.000386
vt 0.079027 1.000385
vt 0.110647 1.000387
vt 0.110647 1.000386
vt 0.091557 1.000386
vt 0.091556 1.000387
vt 0.240626 1.000274
vt -0.031847 1.000271
vt -0.036280 1.000276
vt 0.221534 1.000279
vt 0.304309 1.000403
vt 0.067732 1.000404
vt 0.061175 1.000404
vt 0.285334 1.000403
vt 0.046366 1.000274
vt 0.049583 1.000271
vt 0.046037 1.000275
vt 0.041933 1.000279
vt 0.139502 1.000403
vt 0.145937 1.000403
vt 0.140692 1.000404
vt 0.132946 1.000403
vt 0.049596 1.000275
vt 0.046050 1.000277
vt 0.145949 1.000409
vt 0.140704 1.000408
vt 0.046380 1.000277
vt 0.041948 1.000280
vt 0.139519 1.000410
vt 0.132964 1.000410
vt 0.046380 1.000272
vt 0.041948 1.000275
vt 0.139519 1.000392
vt 0.132964 1.000392
vt 0.049505 1.000274
vt 0.045934 1.000275
vt 0.145767 1.000403
vt 0.140485 1.000404
vt 0.049505 1.000265
vt 0.045934 1.000270
vt 0.145768 1.000433
vt 0.140486 1.000438
vt 0.046446 1.000282
vt 0.042033 1.000284
vt 0.139652 1.000411
vt 0.133124 1.000412
vt 0.046446 1.000287
vt 0.042033 1.000288
vt 0.139652 1.000414
vt 0.133124 1.000415
vt 0.132603 1.000429
vt 0.132571 1.000428
vt 0.139100 1.000432
vt 0.139073 1.000433
vt 0.041787 1.000281
vt 0.041770 1.000281
vt 0.046183 1.000278
vt 0.046168 1.000278
vt -0.029387 1.000541
vt -0.029395 1.000543
vt -0.026808 1.000550
vt -0.026816 1.000551
vt -0.026703 1.000546
vt -0.026703 1.000545
vt -0.029289 1.000542
vt -0.029289 1.000543
vt -0.080983 1.000278
vt -0.080986 1.000278
vt -0.079798 1.000273
vt -0.079801 1.000272
vt -0.079768 1.000281
vt -0.080956 1.000283
vt -0.079441 1.000280
vt -0.080402 1.000281
vt -0.025472 1.000550
vt -0.027564 1.000546
vt -0.079440 1.000282
vt -0.080401 1.000283
vt -0.025471 1.000542
vt -0.025471 1.000542
vt -0.027564 1.000541
vt -0.079775 1.000278
vt -0.080968 1.000279
vt -0.026729 1.000547
vt -0.029326 1.000544
vt -0.079775 1.000277
vt -0.080967 1.000278
vt -0.026729 1.000539
vt -0.029326 1.000536
vt -0.079429 1.000270
vt -0.080384 1.000273
vt -0.025435 1.000546
vt -0.027513 1.000543
vt -0.079430 1.000278
vt -0.080385 1.000280
vt -0.025435 1.000544
vt -0.027513 1.000543
vt -0.079779 1.000271
vt -0.080972 1.000275
vt -0.026738 1.000549
vt -0.025445 1.000550
vt -0.029335 1.000545
vt 0.172079 1.000311
vt -0.166951 1.000249
vt -0.168144 1.000250
vt 0.152830 1.000310
vt 0.196901 1.000502
vt -0.110113 1.000581
vt -0.112711 1.000575
vt 0.177724 1.000502
vt 0.140122 1.000370
vt 0.140124 1.000370
vt 0.120876 1.000366
vt 0.120875 1.000366
vt 0.124669 1.000401
vt 0.124669 1.000401
vt 0.105491 1.000406
vt 0.105491 1.000405
vt 0.157053 1.000381
vt 0.157051 1.000382
vt 0.137749 1.000381
vt 0.137750 1.000380
vt 0.175475 1.000386
vt 0.175475 1.000387
vt 0.156127 1.000387
vt 0.156127 1.000386
vt 0.175405 1.000383
vt -0.215008 1.000386
vt -0.215005 1.000388
vt 0.165028 1.000409
vt -0.202244 1.000392
vt -0.202548 1.000392
vt 0.145724 1.000407
vt -0.124532 1.000390
vt -0.124534 1.000390
vt -0.124531 1.000391
vt -0.124529 1.000389
vt -0.112692 1.000405
vt -0.112666 1.000405
vt -0.112910 1.000403
vt -0.112997 1.000402
vt -0.124534 1.000398
vt -0.124532 1.000399
vt -0.112663 1.000391
vt -0.112906 1.000391
vt -0.124533 1.000383
vt -0.124530 1.000385
vt -0.112691 1.000406
vt -0.112996 1.000404
vt -0.124533 1.000380
vt -0.124530 1.000382
vt -0.112691 1.000393
vt -0.112995 1.000393
vt -0.124532 1.000385
vt -0.124530 1.000386
vt -0.112663 1.000387
vt -0.112909 1.000387
vt -0.124532 1.000386
vt -0.124529 1.000387
vt -0.112665 1.000406
vt -0.112910 1.000405
vt -0.124531 1.000375
vt -0.124528 1.000376
vt -0.112691 1.000399
vt -0.112995 1.000398
vt -0.124533 1.000383
vt -0.124530 1.000383
vt -0.112692 1.000399
vt -0.112995 1.000398
vt -0.112997 1.000401
vt -0.112696 1.000406
vt -0.124530 1.000393
vt -0.124533 1.000386
vt -0.114137 1.000424
vt -0.114137 1.000425
vt -0.113834 1.000427
vt -0.113835 1.000427
vt -0.113838 1.000424
vt -0.114141 1.000422
vt -0.080546 1.000335
vt -0.080549 1.000336
vt -0.079352 1.000330
vt -0.079355 1.000328
vt -0.079383 1.000331
vt -0.080580 1.000333
vt -0.080580 1.000334
vt -0.079942 1.000327
vt -0.080911 1.000328
vt -0.113924 1.000438
vt -0.114169 1.000436
vt -0.079942 1.000307
vt -0.080911 1.000308
vt -0.113922 1.000415
vt -0.114168 1.000416
vt -0.079370 1.000308
vt -0.080572 1.000313
vt -0.113837 1.000432
vt -0.114142 1.000430
vt -0.079371 1.000319
vt -0.080573 1.000322
vt -0.113837 1.000432
vt -0.114141 1.000430
vt -0.079958 1.000315
vt -0.080920 1.000319
vt -0.113925 1.000424
vt -0.114168 1.000422
vt -0.079960 1.000341
vt -0.080922 1.000338
vt -0.113925 1.000426
vt -0.114169 1.000424
vt -0.079360 1.000309
vt -0.080563 1.000313
vt -0.113830 1.000431
vt -0.114135 1.000428
vt 0.249030 1.000294
vt -0.167308 1.000301
vt -0.168510 1.000305
vt 0.229612 1.000299
vt 0.203388 1.000423
vt -0.203767 1.000428
vt -0.204071 1.000426
vt 0.184002 1.000423
vt 0.216813 1.000387
vt 0.216813 1.000386
vt 0.197397 1.000387
vt 0.197397 1.000387
vt 0.195401 1.000386
vt 0.195401 1.000386
vt 0.176016 1.000386
vt 0.176017 1.000386
vt 0.239665 1.000400
vt 0.239665 1.000399
vt 0.220223 1.000403
vt 0.220223 1.000404
vt 0.263902 1.000365
vt 0.263901 1.000365
vt 0.244438 1.000360
vt 0.244439 1.000361
vt 0.396388 1.000388
vt -0.011998 1.000286
vt -0.016517 1.000285
vt 0.376924 1.000384
vt 0.312926 1.000442
vt -0.104070 1.000539
vt -0.106705 1.000537
vt 0.293484 1.000444
vt 0.067765 1.000311
vt 0.063578 1.000310
vt 0.059964 1.000309
vt 0.063247 1.000310
vt -0.019534 1.000527
vt -0.021377 1.000525
vt -0.023484 1.000524
vt -0.022168 1.000523
vt 0.063567 1.000305
vt 0.059953 1.000301
vt -0.021387 1.000529
vt -0.023495 1.000527
vt 0.067748 1.000308
vt 0.063231 1.000308
vt -0.019547 1.000523
vt -0.022181 1.000520
vt 0.067748 1.000312
vt 0.063231 1.000311
vt -0.019548 1.000524
vt -0.022182 1.000522
vt 0.063686 1.000312
vt 0.060046 1.000311
vt -0.021335 1.000521
vt -0.023457 1.000518
vt 0.063687 1.000295
vt 0.060047 1.000300
vt -0.021336 1.000523
vt -0.023458 1.000521
vt 0.067662 1.000303
vt 0.063163 1.000303
vt -0.019586 1.000522
vt -0.022209 1.000519
vt 0.067661 1.000314
vt 0.063163 1.000309
vt -0.019586 1.000520
vt -0.022209 1.000519
vt -0.022095 1.000522
vt -0.022102 1.000523
vt -0.019479 1.000525
vt -0.019488 1.000525
vt 0.063447 1.000315
vt 0.063431 1.000316
vt 0.067930 1.000318
vt 0.067913 1.000317
vt 0.178614 1.000415
vt 0.178586 1.000415
vt 0.185290 1.000420
vt 0.185257 1.000421
vt 0.184725 1.000434
vt 0.184725 1.000436
vt 0.178021 1.000432
vt 0.178021 1.000432
vt 0.326695 1.000370
vt 0.326645 1.000369
vt 0.335741 1.000365
vt 0.335680 1.000364
vt 0.334652 1.000342
vt 0.334652 1.000340
vt 0.325556 1.000345
vt 0.325556 1.000345
vt 0.321826 1.000354
vt 0.334655 1.000352
vt 0.325558 1.000353
vt 0.314465 1.000354
vt 0.177164 1.000431
vt 0.171740 1.000428
vt 0.321822 1.000340
vt 0.321822 1.000339
vt 0.314461 1.000342
vt 0.314461 1.000342
vt 0.177165 1.000433
vt 0.171740 1.000430
vt 0.334934 1.000351
vt 0.321827 1.000351
vt 0.314466 1.000352
vt 0.325800 1.000351
vt 0.184887 1.000431
vt 0.178155 1.000428
vt 0.334939 1.000370
vt 0.325804 1.000369
vt 0.184888 1.000435
vt 0.178156 1.000434
vt 0.321447 1.000357
vt 0.314138 1.000356
vt 0.176938 1.000428
vt 0.171552 1.000427
vt 0.321448 1.000368
vt 0.314139 1.000369
vt 0.176938 1.000427
vt 0.171552 1.000427
vt 0.334967 1.000357
vt 0.321461 1.000357
vt 0.314153 1.000358
vt 0.325830 1.000358
vt 0.184912 1.000435
vt 0.176953 1.000433
vt 0.178178 1.000433
vt 0.630636 1.000365
vt 0.268499 1.000350
vt 0.259363 1.000352
vt 0.611141 1.000367
vt 0.501310 1.000447
vt 0.111202 1.000439
vt 0.104469 1.000438
vt 0.481827 1.000445
vt 0.316177 1.000384
vt 0.316177 1.000384
vt 0.296682 1.000383
vt 0.296682 1.000384
vt 0.289441 1.000384
vt 0.289441 1.000384
vt 0.269961 1.000383
vt 0.269961 1.000384
vt 0.343994 1.000387
vt 0.343994 1.000386
vt 0.324487 1.000386
vt 0.324487 1.000387
vt 0.372755 1.000387
vt 0.372755 1.000387
vt 0.353240 1.000389
vt 0.353240 1.000388
vt 0.984278 1.000362
vt 0.705542 1.000376
vt 0.691628 1.000375
vt 0.964761 1.000363
vt 0.789277 1.000545
vt 0.464491 1.000562
vt 0.452912 1.000557
vt 0.769770 1.000538
vt 0.754448 1.000368
vt 0.722857 1.000367
vt 0.711727 1.000368
vt 0.740534 1.000367
vt 0.522651 1.000558
vt 0.501426 1.000551
vt 0.492162 1.000547
vt 0.511071 1.000554
vt 0.722851 1.000388
vt 0.711719 1.000387
vt 0.501412 1.000558
vt 0.492149 1.000552
vt 0.492149 1.000552
vt 0.722842 1.000366
vt 0.754401 1.000365
vt 0.740490 1.000366
vt 0.501412 1.000548
vt 0.522616 1.000556
vt 0.511038 1.000552
vt 0.492148 1.000545
vt 0.754408 1.000369
vt 0.740496 1.000368
vt 0.522617 1.000552
vt 0.511039 1.000551
vt 0.511038 1.000548
vt 0.723739 1.000364
vt 0.712529 1.000364
vt 0.522618 1.000547
vt 0.502017 1.000540
vt 0.492687 1.000538
vt 0.511040 1.000544
vt 0.723751 1.000393
vt 0.723752 1.000393
vt 0.712539 1.000391
vt 0.502010 1.000499
vt 0.492680 1.000496
vt 0.723737 1.000358
vt 0.753748 1.000356
vt 0.739894 1.000358
vt 0.522180 1.000554
vt 0.510651 1.000549
vt 0.753751 1.000360
vt 0.753750 1.000357
vt 0.739897 1.000360
vt 0.522180 1.000552
vt 0.510650 1.000547
vt 0.510650 1.000546
vt 0.512717 1.000557
vt 0.512628 1.000556
vt 0.524159 1.000557
vt 0.524044 1.000557
vt 0.743589 1.000347
vt 0.743429 1.000348
vt 0.757284 1.000352
vt 0.757054 1.000352
vt 1.026037 1.000392
vt 1.025719 1.000393
vt 1.041634 1.000396
vt 1.041142 1.000397
vt 1.035286 1.000433
vt 1.035288 1.000436
vt 1.019372 1.000434
vt 1.019371 1.000432
vt 1.350788 1.000185
vt 1.350093 1.000186
vt 1.367679 1.000182
vt 1.366501 1.000182
vt 1.355871 1.000213
vt 1.355868 1.000213
vt 1.338284 1.000216
vt 1.338286 1.000216
vt 1.298090 1.000233
vt 1.283859 1.000235
vt 0.992522 1.000400
vt 0.979644 1.000399
vt 1.298055 1.000235
vt 1.283826 1.000238
vt 1.283826 1.000238
vt 0.992546 1.000421
vt 0.979666 1.000417
vt 0.979667 1.000419
vt 1.357133 1.000235
vt 1.283863 1.000247
vt 1.339474 1.000238
vt 1.036206 1.000413
vt 0.979645 1.000411
vt 1.020224 1.000413
vt 1.357111 1.000175
vt 1.339455 1.000183
vt 1.036206 1.000412
vt 1.020225 1.000410
vt 1.296359 1.000237
vt 1.282229 1.000238
vt 0.991235 1.000404
vt 0.978448 1.000403
vt 1.296361 1.000223
vt 1.282235 1.000227
vt 0.991248 1.000416
vt 0.978460 1.000413
vt 0.978460 1.000413
vt 1.357206 1.000256
vt 1.296381 1.000265
vt 1.282252 1.000268
vt 1.339544 1.000259
vt 1.036246 1.000415
vt 1.020263 1.000413
vt 1.494258 1.000270
vt 1.328975 1.000258
vt 1.311311 1.000258
vt 1.474732 1.000271
vt 1.222485 1.000424
vt 0.997372 1.000429
vt 0.981390 1.000428
vt 1.202963 1.000423
vt 0.432485 1.000385
vt 0.432484 1.000385
vt 0.412957 1.000386
vt 0.412957 1.000385
vt 0.402306 1.000385
vt 0.402306 1.000386
vt 0.382784 1.000386
vt 0.382784 1.000386
vt 0.463122 1.000386
vt 0.463121 1.000386
vt 0.443591 1.000386
vt 0.443591 1.000386
vt 0.494032 1.000386
vt 0.494032 1.000386
vt 0.474500 1.000385
vt 0.474500 1.000385
vt 1.183475 1.000420
vt 1.149572 1.000413
vt 1.130117 1.000413
vt 1.163941 1.000417
vt 1.672962 1.000343
vt 1.572030 1.000332
vt 1.553186 1.000334
vt 1.653431 1.000344
vt 1.155310 1.000416
vt 1.113122 1.000414
vt 1.097558 1.000413
vt 1.135855 1.000414
vt 1.589143 1.000316
vt 1.517754 1.000319
vt 1.502678 1.000320
vt 1.570297 1.000317
vt 1.113122 1.000422
vt 1.097558 1.000421
vt 1.517781 1.000374
vt 1.517780 1.000374
vt 1.502702 1.000376
vt 1.502704 1.000376
vt 1.155277 1.000425
vt 1.135825 1.000425
vt 1.517768 1.000347
vt 1.589090 1.000346
vt 1.570249 1.000346
vt 1.502691 1.000347
vt 1.155249 1.000405
vt 1.135799 1.000404
vt 1.589113 1.000381
vt 1.589107 1.000375
vt 1.570261 1.000373
vt 1.570265 1.000379
vt 1.155257 1.000426
vt 1.114307 1.000423
vt 1.098633 1.000422
vt 1.519820 1.000364
vt 1.504636 1.000364
vt 1.114291 1.000434
vt 1.098615 1.000432
vt 1.519839 1.000401
vt 1.504658 1.000402
vt 1.504658 1.000403
vt 1.154362 1.000424
vt 1.134990 1.000423
vt 1.587650 1.000377
vt 1.568886 1.000376
vt 1.504638 1.000375
vt 1.154360 1.000419
vt 1.134990 1.000419
vt 1.587663 1.000386
vt 1.568896 1.000385
vt 1.592023 1.000349
vt 1.590354 1.000351
vt 1.609117 1.000349
vt 1.606169 1.000348
vt 1.160067 1.000397
vt 1.156167 1.000397
vt 1.175539 1.000398
vt 1.170332 1.000397
vt -0.170775 1.000352
vt -0.175979 1.000359
vt -0.156609 1.000355
vt -0.160510 1.000353
vt -0.135415 1.000399
vt -0.135414 1.000400
vt -0.154784 1.000400
vt -0.154784 1.000399
vt -0.606382 1.000540
vt -0.609326 1.000540
vt -0.590566 1.000540
vt -0.592237 1.000540
vt -0.569077 1.000544
vt -0.569077 1.000542
vt -0.587836 1.000545
vt -0.587836 1.000546
vt -0.504853 1.000523
vt -0.520033 1.000525
vt -0.099023 1.000410
vt -0.114696 1.000410
vt -0.504867 1.000493
vt -0.520046 1.000493
vt -0.099018 1.000407
vt -0.114690 1.000409
vt -0.570481 1.000511
vt -0.589318 1.000513
vt -0.136219 1.000408
vt -0.155668 1.000410
vt -0.570483 1.000515
vt -0.589320 1.000517
vt -0.136221 1.000400
vt -0.155671 1.000401
vt -0.502935 1.000489
vt -0.518008 1.000490
vt -0.097974 1.000405
vt -0.113536 1.000405
vt -0.502914 1.000480
vt -0.517986 1.000481
vt -0.097972 1.000419
vt -0.113535 1.000420
vt -0.570552 1.000476
vt -0.589394 1.000478
vt -0.136275 1.000399
vt -0.155728 1.000401
vt -0.653656 1.000499
vt -0.553427 1.000503
vt -0.572269 1.000508
vt -0.673182 1.000501
vt -0.164352 1.000426
vt -0.130534 1.000420
vt -0.149987 1.000420
vt -0.183882 1.000427
vt 0.555935 1.000386
vt 0.555935 1.000386
vt 0.536407 1.000386
vt 0.536407 1.000386
vt 0.525031 1.000386
vt 0.525031 1.000385
vt 0.505500 1.000386
vt 0.505500 1.000386
vt 0.586558 1.000386
vt 0.586558 1.000386
vt 0.567036 1.000386
vt 0.567036 1.000386
vt 0.616718 1.000385
vt 0.616718 1.000385
vt 0.597203 1.000386
vt 0.597203 1.000385
vt -0.203152 1.000367
vt 0.018347 1.000357
vt 0.002370 1.000356
vt -0.222667 1.000368
vt -0.474906 1.000431
vt -0.311527 1.000432
vt -0.329184 1.000434
vt -0.494428 1.000432
vt -0.020533 1.000345
vt 0.021258 1.000347
vt 0.008476 1.000346
vt -0.036510 1.000344
vt -0.339751 1.000397
vt -0.282476 1.000396
vt -0.296601 1.000396
vt -0.357408 1.000397
vt 0.021266 1.000293
vt 0.008483 1.000293
vt -0.282484 1.000387
vt -0.296611 1.000387
vt 0.021273 1.000354
vt -0.020477 1.000353
vt -0.036452 1.000352
vt 0.008491 1.000353
vt -0.339682 1.000395
vt -0.357337 1.000395
vt -0.020493 1.000354
vt -0.036468 1.000353
vt -0.339696 1.000373
vt -0.357350 1.000370
vt 0.020083 1.000355
vt 0.007211 1.000354
vt -0.284098 1.000386
vt -0.298324 1.000385
vt 0.020104 1.000409
vt 0.007234 1.000408
vt -0.284099 1.000384
vt -0.298326 1.000384
vt -0.019627 1.000350
vt -0.035536 1.000349
vt -0.338525 1.000374
vt -0.356107 1.000375
vt -0.019623 1.000343
vt -0.035533 1.000341
vt -0.338522 1.000361
vt -0.356103 1.000360
vt -0.366721 1.000409
vt -0.367900 1.000408
vt -0.350319 1.000408
vt -0.351013 1.000409
vt -0.041427 1.000377
vt -0.041920 1.000380
vt -0.026009 1.000383
vt -0.026328 1.000383
vt 0.242604 1.000349
vt 0.242375 1.000349
vt 0.256220 1.000346
vt 0.256057 1.000346
vt 0.259759 1.000353
vt 0.259759 1.000352
vt 0.245912 1.000352
vt 0.245912 1.000352
vt 0.475396 1.000349
vt 0.475279 1.000350
vt 0.486805 1.000356
vt 0.486718 1.000357
vt 0.488795 1.000350
vt 0.488794 1.000349
vt 0.477269 1.000350
vt 0.477270 1.000350
vt 0.506754 1.000359
vt 0.477269 1.000356
vt 0.497427 1.000358
vt 0.287106 1.000345
vt 0.259751 1.000343
vt 0.245904 1.000343
vt 0.275901 1.000345
vt 0.506765 1.000367
vt 0.497441 1.000366
vt 0.287120 1.000379
vt 0.287121 1.000378
vt 0.275918 1.000381
vt 0.275917 1.000381
vt 0.488409 1.000355
vt 0.476835 1.000353
vt 0.259157 1.000342
vt 0.287106 1.000343
vt 0.275902 1.000342
vt 0.245252 1.000340
vt 0.488409 1.000364
vt 0.476835 1.000360
vt 0.259162 1.000349
vt 0.245257 1.000346
vt 0.507300 1.000361
vt 0.498039 1.000360
vt 0.287916 1.000343
vt 0.259150 1.000341
vt 0.245244 1.000340
vt 0.276790 1.000343
vt 0.507304 1.000366
vt 0.498042 1.000363
vt 0.287925 1.000356
vt 0.287926 1.000355
vt 0.276801 1.000355
vt 0.276800 1.000356
vt 0.488381 1.000368
vt 0.476805 1.000369
vt 0.259109 1.000332
vt 0.287904 1.000335
vt 0.276779 1.000334
vt 0.245202 1.000330
vt 0.229859 1.000370
vt 0.546512 1.000368
vt 0.534935 1.000365
vt 0.210363 1.000370
vt 0.034975 1.000307
vt 0.307984 1.000309
vt 0.294076 1.000307
vt 0.015467 1.000305
vt 0.674972 1.000386
vt 0.674972 1.000385
vt 0.655477 1.000385
vt 0.655477 1.000386
vt 0.646246 1.000387
vt 0.646246 1.000387
vt 0.626739 1.000387
vt 0.626739 1.000387
vt 0.702751 1.000386
vt 0.702751 1.000386
vt 0.683270 1.000386
vt 0.683270 1.000386
vt 0.729434 1.000385
vt 0.729435 1.000386
vt 0.709973 1.000386
vt 0.709971 1.000386
vt 0.517961 1.000439
vt 0.894992 1.000440
vt 0.888271 1.000442
vt 0.498503 1.000441
vt 0.388555 1.000388
vt 0.740079 1.000381
vt 0.730950 1.000382
vt 0.369075 1.000388
vt 0.821350 1.000442
vt 0.827948 1.000440
vt 0.822573 1.000441
vt 0.814631 1.000445
vt 0.673655 1.000379
vt 0.685324 1.000380
vt 0.678021 1.000380
vt 0.664527 1.000381
vt 0.827970 1.000465
vt 0.827970 1.000465
vt 0.822594 1.000464
vt 0.822594 1.000464
vt 0.685334 1.000376
vt 0.678035 1.000374
vt 0.827960 1.000443
vt 0.821368 1.000445
vt 0.814650 1.000446
vt 0.822583 1.000444
vt 0.673693 1.000382
vt 0.664567 1.000383
vt 0.821361 1.000434
vt 0.814642 1.000432
vt 0.814643 1.000435
vt 0.673692 1.000380
vt 0.664566 1.000380
vt 0.821369 1.000453
vt 0.827773 1.000451
vt 0.822358 1.000452
vt 0.814652 1.000455
vt 0.685013 1.000381
vt 0.677658 1.000381
vt 0.827762 1.000438
vt 0.827762 1.000437
vt 0.822348 1.000438
vt 0.822348 1.000438
vt 0.685023 1.000382
vt 0.677667 1.000383
vt 0.821506 1.000447
vt 0.814816 1.000449
vt 0.822360 1.000446
vt 0.673935 1.000387
vt 0.664846 1.000387
vt 0.821501 1.000452
vt 0.821500 1.000450
vt 0.814810 1.000454
vt 0.814810 1.000455
vt 0.673932 1.000384
vt 0.664842 1.000385
vt 0.663828 1.000375
vt 0.663768 1.000376
vt 0.672859 1.000379
vt 0.672809 1.000380
vt 0.814262 1.000443
vt 0.814229 1.000445
vt 0.820926 1.000444
vt 0.820899 1.000444
vt 0.931211 1.000319
vt 0.931194 1.000318
vt 0.935689 1.000322
vt 0.935673 1.000324
vt 0.935956 1.000323
vt 0.935954 1.000321
vt 0.931461 1.000320
vt 0.931462 1.000321
vt 1.018249 1.000304
vt 1.018241 1.000303
vt 1.020867 1.000306
vt 1.020859 1.000307
vt 1.020970 1.000312
vt 1.020971 1.000312
vt 1.018343 1.000309
vt 1.018343 1.000309
vt 1.022213 1.000303
vt 1.020086 1.000300
vt 0.939075 1.000322
vt 0.935440 1.000321
vt 1.022216 1.000295
vt 1.020089 1.000289
vt 0.939061 1.000326
vt 0.935424 1.000326
vt 1.020948 1.000292
vt 1.018309 1.000288
vt 0.935891 1.000323
vt 0.931377 1.000321
vt 1.020939 1.000296
vt 1.018301 1.000292
vt 0.935882 1.000313
vt 0.931369 1.000309
vt 1.022260 1.000299
vt 1.020150 1.000298
vt 0.939159 1.000319
vt 0.935547 1.000316
vt 1.022271 1.000301
vt 1.020161 1.000301
vt 1.020161 1.000299
vt 0.939160 1.000322
vt 0.935546 1.000319
vt 1.020941 1.000302
vt 1.020149 1.000301
vt 1.018302 1.000300
vt 0.935860 1.000313
vt 0.939141 1.000313
vt 0.931346 1.000308
vt 0.705719 1.000294
vt 1.105364 1.000297
vt 1.102726 1.000293
vt 0.686296 1.000290
vt 0.622531 1.000314
vt 1.015540 1.000316
vt 1.011025 1.000313
vt 0.603087 1.000311
vt 0.779082 1.000389
vt 0.779082 1.000389
vt 0.759666 1.000388
vt 0.759666 1.000388
vt 0.754916 1.000388
vt 0.754916 1.000388
vt 0.735474 1.000388
vt 0.735474 1.000388
vt 0.801851 1.000389
vt 0.801852 1.000390
vt 0.782466 1.000390
vt 0.782466 1.000388
vt 0.823154 1.000382
vt 0.823154 1.000382
vt 0.803808 1.000383
vt 0.803808 1.000383
vt 0.815162 1.000381
vt 1.202471 1.000365
vt 1.202165 1.000364
vt 0.795814 1.000382
vt 0.769696 1.000340
vt 1.167194 1.000345
vt 1.165996 1.000344
vt 0.750311 1.000339
vt 1.112716 1.000367
vt 1.112746 1.000367
vt 1.112502 1.000366
vt 1.112410 1.000366
vt 1.079373 1.000322
vt 1.079724 1.000323
vt 1.078764 1.000322
vt 1.078174 1.000321
vt 1.112758 1.000364
vt 1.112757 1.000363
vt 1.112516 1.000366
vt 1.079741 1.000323
vt 1.078779 1.000322
vt 1.112736 1.000373
vt 1.112432 1.000372
vt 1.079380 1.000331
vt 1.078179 1.000328
vt 1.112729 1.000367
vt 1.112425 1.000365
vt 1.079383 1.000321
vt 1.078183 1.000319
vt 1.112761 1.000366
vt 1.112517 1.000368
vt 1.079712 1.000319
vt 1.078744 1.000317
vt 1.112751 1.000363
vt 1.112503 1.000362
vt 1.079726 1.000340
vt 1.078759 1.000337
vt 1.078759 1.000338
vt 1.112743 1.000363
vt 1.112719 1.000363
vt 1.112415 1.000364
vt 1.079395 1.000333
vt 1.078200 1.000331
vt 1.112724 1.000360
vt 1.112420 1.000360
vt 1.079384 1.000327
vt 1.078191 1.000325
vt 1.078172 1.000327
vt 1.079357 1.000330
vt 1.112418 1.000360
vt 1.112723 1.000362
vt 1.122856 1.000272
vt 1.122857 1.000274
vt 1.122859 1.000279
vt 1.122858 1.000278
vt 1.122866 1.000274
vt 1.122864 1.000270
vt 1.110999 1.000377
vt 1.110998 1.000376
vt 1.111298 1.000376
vt 1.111298 1.000376
vt 1.111294 1.000382
vt 1.110990 1.000381
vt 1.111211 1.000378
vt 1.110967 1.000376
vt 1.122858 1.000276
vt 1.122856 1.000272
vt 1.111224 1.000397
vt 1.110978 1.000394
vt 1.122858 1.000283
vt 1.122854 1.000276
vt 1.111297 1.000385
vt 1.110994 1.000384
vt 1.122853 1.000280
vt 1.122851 1.000277
vt 1.111296 1.000382
vt 1.110993 1.000381
vt 1.122859 1.000285
vt 1.122856 1.000281
vt 1.111204 1.000389
vt 1.110960 1.000388
vt 1.122859 1.000282
vt 1.122858 1.000279
vt 1.111218 1.000386
vt 1.110977 1.000385
vt 1.122853 1.000269
vt 1.122851 1.000263
vt 1.111288 1.000386
vt 1.110985 1.000386
vt 1.122862 1.000289
vt 1.122862 1.000286
vt 0.853314 1.000380
vt 1.200589 1.000383
vt 1.200286 1.000382
vt 0.834066 1.000380
vt 0.842926 1.000291
vt 1.213123 1.000274
vt 1.213122 1.000271
vt 0.823622 1.000288
vt 0.861244 1.000388
vt 0.861244 1.000387
vt 0.841997 1.000388
vt 0.841997 1.000387
vt 0.842967 1.000384
vt 0.842967 1.000384
vt 0.823663 1.000384
vt 0.823663 1.000384
vt 0.877990 1.000385
vt 0.877989 1.000384
vt 0.858811 1.000384
vt 0.858812 1.000385
vt 0.893216 1.000384
vt 0.893217 1.000385
vt 0.874127 1.000385
vt 0.874126 1.000384
vt 0.821250 1.000374
vt 1.110345 1.000368
vt 1.107756 1.000367
vt 0.802160 1.000375
vt 0.846129 1.000376
vt 1.165949 1.000373
vt 1.164762 1.000373
vt 0.826947 1.000374
vt 1.027352 1.000361
vt 1.025548 1.000361
vt 1.023476 1.000360
vt 1.024765 1.000361
vt 1.079094 1.000374
vt 1.078513 1.000374
vt 1.077561 1.000374
vt 1.077904 1.000374
vt 1.025534 1.000364
vt 1.023462 1.000360
vt 1.078512 1.000381
vt 1.077558 1.000379
vt 1.027343 1.000370
vt 1.024757 1.000371
vt 1.079096 1.000375
vt 1.077909 1.000376
vt 1.027349 1.000378
vt 1.024762 1.000378
vt 1.079096 1.000377
vt 1.077910 1.000378
vt 1.025588 1.000369
vt 1.023504 1.000368
vt 1.078520 1.000373
vt 1.077561 1.000371
vt 1.025585 1.000368
vt 1.023497 1.000368
vt 1.078533 1.000369
vt 1.077574 1.000364
vt 1.027313 1.000374
vt 1.024734 1.000373
vt 1.079081 1.000368
vt 1.077897 1.000368
vt 1.027312 1.000375
vt 1.024735 1.000375
vt 1.079082 1.000374
vt 1.077896 1.000374
vt 1.077919 1.000360
vt 1.079102 1.000365
vt 1.024837 1.000367
vt 1.024830 1.000370
vt 1.027411 1.000373
vt 1.027404 1.000371
vt 0.952150 1.000477
vt 0.952136 1.000478
vt 0.956522 1.000481
vt 0.956504 1.000481
vt 0.956262 1.000483
vt 0.956262 1.000483
vt 0.951877 1.000485
vt 0.951878 1.000486
vt 0.859500 1.000388
vt 0.859473 1.000387
vt 0.865954 1.000387
vt 0.865923 1.000388
vt 0.865409 1.000382
vt 0.865409 1.000383
vt 0.858931 1.000381
vt 0.858931 1.000381
vt 0.858099 1.000371
vt 0.852857 1.000370
vt 0.952387 1.000481
vt 0.948839 1.000484
vt 0.858107 1.000381
vt 0.852863 1.000381
vt 0.952385 1.000485
vt 0.948839 1.000488
vt 0.865563 1.000377
vt 0.859058 1.000376
vt 0.956346 1.000488
vt 0.951943 1.000490
vt 0.865559 1.000378
vt 0.859054 1.000379
vt 0.956355 1.000495
vt 0.956355 1.000497
vt 0.951955 1.000500
vt 0.951954 1.000498
vt 0.857875 1.000375
vt 0.852671 1.000376
vt 0.952277 1.000493
vt 0.951950 1.000494
vt 0.948756 1.000497
vt 0.857869 1.000369
vt 0.852660 1.000371
vt 0.952278 1.000495
vt 0.948757 1.000499
vt 0.865571 1.000373
vt 0.859062 1.000371
vt 0.956361 1.000478
vt 0.951960 1.000482
vt 0.714454 1.000380
vt 0.936743 1.000379
vt 0.930236 1.000379
vt 0.695632 1.000381
vt 0.777856 1.000482
vt 1.034112 1.000488
vt 1.029710 1.000491
vt 0.758883 1.000485
vt 0.919195 1.000386
vt 0.919194 1.000385
vt 0.900377 1.000386
vt 0.900377 1.000386
vt 0.906944 1.000386
vt 0.906945 1.000386
vt 0.887970 1.000386
vt 0.887970 1.000385
vt 0.929981 1.000386
vt 0.929981 1.000386
vt 0.911388 1.000386
vt 0.911388 1.000386
vt 0.939223 1.000385
vt 0.939223 1.000386
vt 0.920979 1.000385
vt 0.920979 1.000385
vt 0.522779 1.000353
vt 0.676701 1.000349
vt 0.665870 1.000350
vt 0.504536 1.000352
vt 0.630033 1.000272
vt 0.818063 1.000265
vt 0.809350 1.000263
vt 0.611439 1.000268
vt 0.622329 1.000344
vt 0.602482 1.000342
vt 0.593817 1.000341
vt 0.611499 1.000343
vt 0.754703 1.000286
vt 0.741824 1.000280
vt 0.734853 1.000279
vt 0.745989 1.000283
vt 0.602487 1.000366
vt 0.602488 1.000366
vt 0.593823 1.000364
vt 0.593822 1.000364
vt 0.741806 1.000269
vt 0.734836 1.000267
vt 0.734836 1.000267
vt 0.602470 1.000349
vt 0.622301 1.000351
vt 0.611473 1.000350
vt 0.593806 1.000349
vt 0.754678 1.000278
vt 0.745965 1.000275
vt 0.622316 1.000373
vt 0.611489 1.000373
vt 0.611485 1.000371
vt 0.754685 1.000276
vt 0.745971 1.000272
vt 0.622298 1.000346
vt 0.603029 1.000344
vt 0.594303 1.000342
vt 0.611468 1.000344
vt 0.742174 1.000269
vt 0.735153 1.000267
vt 0.603017 1.000343
vt 0.594293 1.000341
vt 0.742186 1.000282
vt 0.735158 1.000279
vt 0.621886 1.000343
vt 0.611102 1.000341
vt 0.754415 1.000279
vt 0.745737 1.000275
vt 0.621885 1.000355
vt 0.621885 1.000355
vt 0.611104 1.000355
vt 0.611104 1.000355
vt 0.754410 1.000281
vt 0.745731 1.000275
vt 0.746823 1.000282
vt 0.746777 1.000282
vt 0.755457 1.000290
vt 0.755399 1.000291
vt 0.613036 1.000343
vt 0.612953 1.000342
vt 0.623738 1.000343
vt 0.623631 1.000343
vt 0.460277 1.000321
vt 0.460129 1.000318
vt 0.472641 1.000318
vt 0.472436 1.000320
vt 0.469449 1.000316
vt 0.469449 1.000317
vt 0.456936 1.000314
vt 0.456936 1.000313
vt 0.311772 1.000315
vt 0.311504 1.000313
vt 0.324765 1.000312
vt 0.324355 1.000312
vt 0.319435 1.000331
vt 0.319436 1.000331
vt 0.306172 1.000328
vt 0.306171 1.000328
vt 0.283817 1.000331
vt 0.273086 1.000331
vt 0.442331 1.000315
vt 0.432204 1.000314
vt 0.283806 1.000302
vt 0.273074 1.000302
vt 0.442329 1.000303
vt 0.432203 1.000302
vt 0.320214 1.000329
vt 0.306896 1.000327
vt 0.470031 1.000317
vt 0.457465 1.000315
vt 0.320211 1.000327
vt 0.306892 1.000325
vt 0.470016 1.000300
vt 0.457450 1.000297
vt 0.282733 1.000307
vt 0.272076 1.000306
vt 0.441519 1.000304
vt 0.431464 1.000302
vt 0.282738 1.000324
vt 0.272080 1.000323
vt 0.441549 1.000333
vt 0.431497 1.000332
vt 0.320253 1.000312
vt 0.282752 1.000308
vt 0.306933 1.000310
vt 0.470055 1.000307
vt 0.457487 1.000305
vt 0.267610 1.000301
vt 0.352623 1.000297
vt 0.339301 1.000294
vt 0.251340 1.000299
vt 0.394265 1.000308
vt 0.514221 1.000306
vt 0.501654 1.000304
vt 0.376638 1.000306
vt 0.951127 1.000385
vt 0.951127 1.000384
vt 0.934860 1.000385
vt 0.934860 1.000385
vt 0.946638 1.000386
vt 0.946638 1.000386
vt 0.929011 1.000385
vt 0.929011 1.000385
vt 0.946617 1.000387
vt 0.946617 1.000387
vt 0.935214 1.000386
vt 0.935214 1.000386
vt 0.773014 1.000384
vt 0.773014 1.000384
vt 0.856760 1.000385
vt 0.856760 1.000385
vt 5.960680 1.000371
vt 5.775858 1.000372
vt 5.856655 1.000369
vt 6.044428 1.000370
vt 0.326610 1.000271
vt 0.368769 1.000268
vt 0.358456 1.000265
vt 0.315207 1.000267
vt 5.849252 1.000421
vt 6.155354 1.000423
vt 6.219998 1.000423
vt 5.930061 1.000422
vt 0.352291 1.000283
vt 0.316774 1.000275
vt 0.308523 1.000274
vt 0.341977 1.000281
vt 6.155335 1.000402
vt 6.155334 1.000402
vt 6.219970 1.000402
vt 0.316766 1.000313
vt 0.308512 1.000311
vt 6.155357 1.000427
vt 5.849539 1.000424
vt 5.930326 1.000424
vt 0.352250 1.000300
vt 0.341938 1.000298
vt 5.849589 1.000431
vt 5.849532 1.000431
vt 5.930324 1.000433
vt 5.930385 1.000432
vt 0.352269 1.000306
vt 0.341957 1.000306
vt 6.146632 1.000413
vt 6.211730 1.000412
vt 0.317776 1.000303
vt 0.309466 1.000303
vt 0.341942 1.000307
vt 6.146690 1.000475
vt 6.146690 1.000475
vt 6.211801 1.000477
vt 6.211801 1.000477
vt 0.317769 1.000275
vt 0.309459 1.000275
vt 6.146664 1.000416
vt 5.855841 1.000412
vt 5.936296 1.000413
vt 6.211765 1.000415
vt 0.351532 1.000305
vt 0.341263 1.000303
vt 5.855820 1.000412
vt 5.936269 1.000412
vt 0.351550 1.000311
vt 0.351551 1.000313
vt 0.341282 1.000313
vt 0.348602 1.000304
vt 0.348196 1.000306
vt 0.358463 1.000310
vt 0.357775 1.000308
vt 5.836935 1.000410
vt 5.844117 1.000412
vt 5.763665 1.000412
vt 5.776278 1.000411
vt 0.527392 1.000386
vt 0.511751 1.000386
vt 0.490063 1.000386
vt 0.465494 1.000386
vt 0.441035 1.000385
vt 0.418001 1.000385
vt 0.396916 1.000385
vt 0.378146 1.000385
vt 0.362181 1.000385
vt 0.349535 1.000385
vt 0.340484 1.000385
vt 0.335165 1.000385
vt 0.333636 1.000384
vt 0.335892 1.000384
vt 0.341869 1.000385
vt 0.351450 1.000385
vt 0.364460 1.000385
vt 0.380671 1.000385
vt 0.399801 1.000385
vt 0.421507 1.000385
vt 0.445371 1.000385
vt 0.470861 1.000385
vt 0.497203 1.000386
vt 0.522983 1.000386
vt 0.545222 1.000386
vt 0.560948 1.000386
vt 0.576525 1.000386
vt 0.598129 1.000386
vt 0.622667 1.000386
vt 0.647193 1.000386
vt 0.670341 1.000386
vt 0.691385 1.000386
vt 0.709848 1.000387
vt 0.725364 1.000386
vt 0.737648 1.000387
vt 0.746483 1.000387
vt 0.751706 1.000387
vt 0.753215 1.000387
vt 0.750964 1.000386
vt 0.744969 1.000387
vt 0.735308 1.000387
vt 0.722133 1.000386
vt 0.705700 1.000386
vt 0.686442 1.000386
vt 0.664990 1.000386
vt 0.641714 1.000387
vt 0.616851 1.000386
vt 0.590942 1.000386
vt 0.565365 1.000386
vt 0.543156 1.000386
vt 0.000000 0.000000
vt 0.000000 0.000000
vt 0.000000 0.000000
vt 0.000000 0.000000
vt 0.000000 0.000000
vt 0.000000 0.000000
vt 0.000000 0.000000
vt 0.000000 0.000000
vt 0.375000 0.000000
vt 0.375000 0.250000
vt 0.625000 0.250000
vt 0.625000 0.000000
vt 0.375000 0.408986
vt 0.375000 0.831067
vt 0.625000 0.831067
vt 0.625000 0.408986
vt 0.375000 0.841014
vt 0.375000 0.668933
vt 0.375000 0.091014
vt 0.625000 0.841014
vt 0.625000 0.668933
vt 0.625000 0.091014
vt 0.375000 0.000000
vt 0.375000 0.250000
vt 0.625000 0.250000
vt 0.625000 0.000000
vt 0.375000 0.000000
vt 0.375000 0.250000
vt 0.625000 0.250000
vt 0.625000 0.000000
vt 0.375000 0.181797
vt 0.375000 0.279084
vt 0.625000 0.279084
vt 0.625000 0.181797
vt 0.375000 1.285581
vt 0.375000 1.535580
vt 0.625000 1.535580
vt 0.625000 1.285581
vt 0.698011 -0.182451
vt 0.724739 -0.184132
vt 0.706559 -0.330326
vt 0.678940 -0.330326
vt 0.678940 -0.452128
vt 0.671281 -0.607296
vt 0.644974 -0.602278
vt 0.619503 -0.594002
vt 0.595270 -0.582599
vt 0.572657 -0.568248
vt 0.552022 -0.551177
vt 0.533688 -0.531654
vt 0.517946 -0.509987
vt 0.505044 -0.486517
vt 0.495185 -0.461616
vt 0.488524 -0.435676
vt 0.485168 -0.409105
vt 0.485168 -0.382323
vt 0.488524 -0.355753
vt 0.495185 -0.329812
vt 0.505044 -0.304911
vt 0.517946 -0.281442
vt 0.533688 -0.259775
vt 0.552022 -0.240252
vt 0.572658 -0.223180
vt 0.595270 -0.208830
vt 0.619503 -0.197427
vt 0.644974 -0.189151
vt 0.671282 -0.184132
vt 0.455851 1.000386
vt 0.480877 1.000386
vt 0.481527 1.000386
vt 0.447425 1.000386
vt 0.455543 1.000386
vt 0.449971 1.000385
vt 0.421187 1.000385
vt 0.393279 1.000385
vt 0.366708 1.000385
vt 0.341906 1.000386
vt 0.319271 1.000385
vt 0.299163 1.000385
vt 0.281894 1.000386
vt 0.267729 1.000385
vt 0.256877 1.000385
vt 0.249492 1.000385
vt 0.245667 1.000385
vt 0.245434 1.000385
vt 0.248764 1.000385
vt 0.255565 1.000385
vt 0.265685 1.000385
vt 0.278912 1.000385
vt 0.294979 1.000385
vt 0.313569 1.000385
vt 0.334317 1.000386
vt 0.356823 1.000386
vt 0.380661 1.000386
vt 0.405392 1.000386
vt 0.430586 1.000386
vt 0.375000 0.459425
vt 0.375000 0.469267
vt 0.625000 0.469266
vt 0.625000 0.459425
vt 0.375000 0.470916
vt 0.375000 0.568203
vt 0.625000 0.568203
vt 0.625000 0.470916
vt 0.453436 1.000385
vt 0.456057 1.000385
vt 0.491596 1.000386
vt 0.480303 1.000386
vt 0.474267 1.000386
vt 0.501863 1.000386
vt 0.528755 1.000386
vt 0.553944 1.000386
vt 0.577323 1.000386
vt 0.599369 1.000386
vt 0.619860 1.000386
vt 0.638414 1.000386
vt 0.654622 1.000386
vt 0.668091 1.000386
vt 0.678470 1.000386
vt 0.685479 1.000386
vt 0.688908 1.000386
vt 0.688633 1.000386
vt 0.684610 1.000386
vt 0.676875 1.000386
vt 0.665542 1.000386
vt 0.650794 1.000386
vt 0.632879 1.000386
vt 0.612104 1.000386
vt 0.588833 1.000386
vt 0.563476 1.000386
vt 0.536489 1.000385
vt 0.509055 1.000385
vt 0.481343 1.000385
vt 0.375000 0.280733
vt 0.375000 0.290575
vt 0.625000 0.290575
vt 0.625000 0.280733
vt 0.706559 -0.452128
vt 0.751047 -0.189151
vt 0.776518 -0.197427
vt 0.800751 -0.208830
vt 0.823364 -0.223180
vt 0.844000 -0.240252
vt 0.862333 -0.259775
vt 0.878075 -0.281442
vt 0.890977 -0.304911
vt 0.900836 -0.329812
vt 0.907497 -0.355753
vt 0.910853 -0.382323
vt 0.910853 -0.409105
vt 0.907497 -0.435676
vt 0.900836 -0.461616
vt 0.890977 -0.486518
vt 0.878075 -0.509987
vt 0.862333 -0.531654
vt 0.844000 -0.551177
vt 0.823364 -0.568248
vt 0.800751 -0.582599
vt 0.776518 -0.594002
vt 0.751047 -0.602278
vt 0.724740 -0.607296
vt 0.698011 -0.608978
vt -0.410580 0.459452
vt -0.410581 0.469383
vt -0.160581 0.469351
vt -0.160581 0.459436
vt -0.410581 0.470919
vt -0.410581 0.568203
vt -0.160581 0.568203
vt -0.160581 0.470918
vt 1.160584 0.459428
vt 1.160580 0.469292
vt 1.410580 0.469303
vt 1.410584 0.459434
vt 1.160581 0.470918
vt 1.160581 0.568203
vt 1.410581 0.568203
vt 1.410581 0.470920
vt 0.698011 0.457139
vt 0.724740 0.455457
vt 0.751048 0.450439
vt 0.776518 0.442163
vt 0.800751 0.430760
vt 0.823364 0.416409
vt 0.844000 0.399338
vt 0.862333 0.379815
vt 0.878075 0.358147
vt 0.890978 0.334678
vt 0.900836 0.309777
vt 0.907497 0.283837
vt 0.910853 0.257266
vt 0.910853 0.230484
vt 0.907497 0.203913
vt 0.900836 0.177973
vt 0.890977 0.153072
vt 0.878075 0.129603
vt 0.862333 0.107936
vt 0.844000 0.088413
vt 0.823364 0.071341
vt 0.800751 0.056991
vt 0.776518 0.045587
vt 0.751047 0.037311
vt 0.724740 0.032293
vt 0.698011 0.030611
vt 0.671282 0.032293
vt 0.644974 0.037311
vt 0.619503 0.045587
vt 0.595270 0.056991
vt 0.572657 0.071341
vt 0.552022 0.088412
vt 0.533688 0.107936
vt 0.517946 0.129603
vt 0.505044 0.153072
vt 0.495185 0.177973
vt 0.488524 0.203913
vt 0.485168 0.230484
vt 0.485168 0.257266
vt 0.488524 0.283837
vt 0.495185 0.309777
vt 0.505044 0.334678
vt 0.517946 0.358147
vt 0.533688 0.379814
vt 0.552021 0.399337
vt 0.572657 0.416409
vt 0.595270 0.430759
vt 0.619503 0.442163
vt 0.644974 0.450439
vt 0.671282 0.455457
vt 0.041803 1.000386
vt 0.047869 1.000386
vt 0.095443 1.000386
vt 0.375553 1.000386
vt 0.694089 1.000385
vt 0.768519 1.000385
vt 0.775167 1.000385
vt 0.765477 1.000385
vt 0.750784 1.000385
vt 0.734226 1.000386
vt 0.716912 1.000386
vt 0.699297 1.000386
vt 0.681581 1.000386
vt 0.663853 1.000386
vt 0.646146 1.000386
vt 0.628465 1.000386
vt 0.610801 1.000386
vt 0.593134 1.000386
vt 0.575435 1.000386
vt 0.557674 1.000386
vt 0.539811 1.000386
vt 0.521802 1.000386
vt 0.503590 1.000386
vt 0.485097 1.000386
vt 0.466177 1.000385
vt 0.446617 1.000386
vt 0.426318 1.000385
vt 0.405254 1.000386
vt 0.383462 1.000386
vt 0.361023 1.000386
vt 0.338057 1.000385
vt 0.314716 1.000385
vt 0.291175 1.000384
vt 0.267627 1.000383
vt 0.244278 1.000384
vt 0.221342 1.000384
vt 0.199032 1.000385
vt 0.177560 1.000385
vt 0.157128 1.000385
vt 0.137926 1.000384
vt 0.120127 1.000384
vt 0.103883 1.000384
vt 0.089325 1.000384
vt 0.076556 1.000385
vt 0.065653 1.000386
vt 0.056668 1.000386
vt 0.049629 1.000386
vt 0.044548 1.000386
vt 0.041443 1.000386
vt 0.040399 1.000386
vt -0.075669 1.000386
vt 0.637120 1.000385
vt 0.637121 1.000385
vt -0.075669 1.000386
vt 0.379673 1.000386
vt 0.250236 1.000386
vt 0.139799 1.000386
vt 0.053578 1.000387
vt -0.006984 1.000387
vt -0.043267 1.000386
vt -0.058301 1.000386
vt -0.055806 1.000386
vt -0.039562 1.000386
vt -0.013073 1.000386
vt 0.020556 1.000386
vt 0.058648 1.000386
vt 0.098923 1.000386
vt 0.139440 1.000385
vt 0.178514 1.000384
vt 0.214521 1.000382
vt 0.246459 1.000384
vt 0.276527 1.000385
vt 0.305497 1.000385
vt 0.333699 1.000385
vt 0.361338 1.000385
vt 0.388563 1.000385
vt 0.415493 1.000385
vt 0.442232 1.000385
vt 0.468873 1.000386
vt 0.495503 1.000386
vt 0.522209 1.000386
vt 0.549078 1.000386
vt 0.576201 1.000386
vt 0.603672 1.000386
vt 0.631599 1.000386
vt 0.660106 1.000386
vt 0.689345 1.000386
vt 0.719525 1.000386
vt 0.750974 1.000386
vt 0.784481 1.000386
vt 0.822329 1.000386
vt 0.863183 1.000386
vt 0.904914 1.000386
vt 0.945172 1.000386
vt 0.981130 1.000386
vt 1.009356 1.000386
vt 1.025772 1.000385
vt 1.025759 1.000385
vt 1.004510 1.000385
vt 0.957785 1.000385
vt 0.883095 1.000385
vt 0.781117 1.000386
vt 0.656745 1.000386
vt 0.519045 1.000386
vt 0.074447 1.000386
vt 0.158192 1.000386
vt 0.158192 1.000386
vt 0.074447 1.000386
vt 25.084263 1.000334
vt 25.797020 1.000332
vt 25.269844 1.000329
vt 24.559898 1.000333
vt -2.881572 1.000404
vt -2.797829 1.000404
vt -2.736223 1.000402
vt -2.819638 1.000402
vt 24.769188 1.000331
vt 25.479158 1.000328
vt 26.876701 1.000325
vt 26.308735 1.000327
vt -2.844233 1.000411
vt -2.760819 1.000410
vt -2.941697 1.000411
vt -3.008430 1.000412
vt 26.308884 1.000326
vt 26.876862 1.000324
vt 26.876862 1.000324
vt 26.308887 1.000326
vt -2.941691 1.000403
vt -3.008425 1.000403
vt 26.309795 1.000317
vt 26.877834 1.000315
vt 25.481510 1.000319
vt 24.771584 1.000322
vt -3.008084 1.000415
vt -2.941374 1.000415
vt -2.760688 1.000413
vt -2.844059 1.000414
vt 24.774111 1.000300
vt 25.484114 1.000295
vt 25.484280 1.000310
vt 24.774261 1.000313
vt -2.843015 1.000411
vt -2.759670 1.000411
vt -2.759660 1.000402
vt -2.843006 1.000403
vt 24.774223 1.000314
vt 25.484215 1.000313
vt 26.841137 1.000307
vt 26.269012 1.000309
vt -2.935120 1.000412
vt -3.002285 1.000414
vt 26.268948 1.000320
vt 26.841042 1.000316
vt 26.841015 1.000316
vt 26.268929 1.000320
vt -2.935174 1.000432
vt -2.935174 1.000431
vt -3.002335 1.000431
vt 25.512970 1.000307
vt 24.805893 1.000309
vt -2.935131 1.000409
vt -2.763391 1.000408
vt -2.846393 1.000407
vt 24.805553 1.000302
vt 25.512630 1.000298
vt 25.512621 1.000296
vt 24.805542 1.000300
vt -2.763366 1.000424
vt -2.846371 1.000425
vt -2.694831 1.000452
vt -2.738819 1.000454
vt -2.755547 1.000454
vt -2.672542 1.000454
vt 24.596855 1.000283
vt 24.222179 1.000285
vt 24.032217 1.000290
vt 24.739298 1.000284
vt 0.721097 1.000280
vt 0.729357 1.000280
vt 0.730333 1.000280
vt 0.719378 1.000282
vt 0.742907 1.000363
vt 0.731952 1.000364
vt 0.731952 1.000365
vt 0.742907 1.000363
vt 0.877890 1.000360
vt 0.890981 1.000357
vt 0.891557 1.000357
vt 0.876907 1.000361
vt 0.901388 1.000263
vt 0.886736 1.000266
vt 0.886736 1.000266
vt 0.901388 1.000263
vt 0.946737 1.000297
vt 0.934882 1.000300
vt 0.780403 1.000341
vt 0.771538 1.000342
vt 0.731940 1.000344
vt 0.742895 1.000345
vt 0.946744 1.000261
vt 0.934889 1.000263
vt 0.780404 1.000330
vt 0.771537 1.000326
vt 0.900413 1.000306
vt 0.885702 1.000308
vt 0.742082 1.000347
vt 0.731082 1.000349
vt 0.900410 1.000299
vt 0.885699 1.000300
vt 0.742083 1.000319
vt 0.731082 1.000323
vt 0.948091 1.000280
vt 0.936321 1.000282
vt 0.781525 1.000350
vt 0.772723 1.000351
vt 0.731082 1.000353
vt 0.742083 1.000352
vt 0.948081 1.000256
vt 0.936310 1.000257
vt 0.781538 1.000330
vt 0.772736 1.000330
vt 0.772736 1.000330
vt 0.781538 1.000330
vt 0.900362 1.000292
vt 0.885648 1.000294
vt 0.742038 1.000334
vt 0.731036 1.000335
vt 0.938566 1.000281
vt 0.922299 1.000285
vt 0.862151 1.000283
vt 0.876866 1.000279
vt 0.757619 1.000371
vt 0.746216 1.000370
vt 0.721052 1.000371
vt 0.732056 1.000372
vt 0.054023 1.000386
vt 0.037756 1.000386
vt 0.037756 1.000386
vt 0.054023 1.000386
vt 0.051271 1.000386
vt 0.039869 1.000386
vt 0.039869 1.000387
vt 0.051271 1.000386
vt 0.060060 1.000387
vt 0.042433 1.000387
vt 0.042433 1.000388
vt 0.060060 1.000387
vt 0.067689 1.000386
vt 0.049446 1.000386
vt 0.049446 1.000385
vt 0.067689 1.000385
vt 0.639297 1.000438
vt 0.621055 1.000438
vt 0.496908 1.000437
vt 0.509912 1.000437
vt 0.800641 1.000342
vt 0.783013 1.000342
vt 0.690891 1.000342
vt 0.705324 1.000344
vt 0.555612 1.000447
vt 0.542607 1.000446
vt 0.572132 1.000450
vt 0.582536 1.000451
vt 0.740410 1.000358
vt 0.725978 1.000359
vt 0.766610 1.000357
vt 0.778156 1.000356
vt 0.572146 1.000451
vt 0.572146 1.000451
vt 0.582547 1.000450
vt 0.778151 1.000329
vt 0.766605 1.000328
vt 0.766605 1.000328
vt 0.778151 1.000329
vt 0.542645 1.000448
vt 0.555647 1.000450
vt 0.778165 1.000359
vt 0.766619 1.000360
vt 0.726023 1.000361
vt 0.740453 1.000361
vt 0.542641 1.000440
vt 0.555644 1.000441
vt 0.726026 1.000368
vt 0.740455 1.000369
vt 0.571304 1.000442
vt 0.581782 1.000443
vt 0.740453 1.000347
vt 0.726023 1.000348
vt 0.765466 1.000345
vt 0.777094 1.000344
vt 0.581784 1.000477
vt 0.571307 1.000474
vt 0.571307 1.000474
vt 0.581784 1.000477
vt 0.765458 1.000317
vt 0.777085 1.000315
vt 0.581781 1.000448
vt 0.571303 1.000446
vt 0.543251 1.000443
vt 0.556200 1.000445
vt 0.726859 1.000336
vt 0.741229 1.000335
vt 0.543250 1.000437
vt 0.556198 1.000436
vt 0.726857 1.000337
vt 0.741227 1.000335
vt 0.721543 1.000307
vt 0.735184 1.000312
vt 0.735471 1.000313
vt 0.721098 1.000309
vt 0.540156 1.000424
vt 0.552739 1.000416
vt 0.552890 1.000417
vt 0.539941 1.000423
vt 0.379609 1.000490
vt 0.390406 1.000495
vt 0.390489 1.000496
vt 0.379499 1.000491
vt 0.392378 1.000514
vt 0.381388 1.000509
vt 0.381388 1.000510
vt 0.392379 1.000515
vt 0.244432 1.000343
vt 0.253104 1.000343
vt 0.253152 1.000342
vt 0.244373 1.000343
vt 0.254202 1.000342
vt 0.245423 1.000345
vt 0.245423 1.000344
vt 0.254201 1.000342
vt 0.264906 1.000348
vt 0.257803 1.000349
vt 0.245423 1.000352
vt 0.254201 1.000351
vt 0.409500 1.000517
vt 0.400607 1.000514
vt 0.264905 1.000349
vt 0.257803 1.000351
vt 0.257803 1.000351
vt 0.409500 1.000525
vt 0.400608 1.000522
vt 0.253969 1.000353
vt 0.245154 1.000353
vt 0.392007 1.000514
vt 0.380971 1.000509
vt 0.253967 1.000345
vt 0.245152 1.000346
vt 0.245152 1.000347
vt 0.253967 1.000345
vt 0.392008 1.000522
vt 0.380973 1.000517
vt 0.265225 1.000348
vt 0.258172 1.000350
vt 0.245154 1.000351
vt 0.410011 1.000508
vt 0.401181 1.000506
vt 0.265226 1.000347
vt 0.258172 1.000341
vt 0.410008 1.000499
vt 0.401179 1.000498
vt 0.253947 1.000354
vt 0.245130 1.000355
vt 0.258159 1.000355
vt 0.265212 1.000352
vt 0.391977 1.000499
vt 0.380939 1.000496
vt 0.390123 1.000351
vt 0.371307 1.000352
vt 0.180996 1.000350
vt 0.189813 1.000348
vt 0.500991 1.000496
vt 0.482398 1.000492
vt 0.325530 1.000494
vt 0.336568 1.000498
vt 0.086664 1.000386
vt 0.067847 1.000386
vt 0.067847 1.000387
vt 0.086664 1.000387
vt 0.076573 1.000386
vt 0.057980 1.000386
vt 0.057980 1.000386
vt 0.076573 1.000386
vt 0.098001 1.000386
vt 0.079027 1.000385
vt 0.079027 1.000386
vt 0.098001 1.000386
vt 0.110647 1.000387
vt 0.091556 1.000387
vt 0.091557 1.000386
vt 0.110647 1.000386
vt 0.240626 1.000274
vt 0.221534 1.000279
vt -0.036280 1.000276
vt -0.031847 1.000271
vt 0.304309 1.000403
vt 0.285334 1.000403
vt 0.061175 1.000404
vt 0.067732 1.000404
vt 0.046366 1.000274
vt 0.041933 1.000279
vt 0.046037 1.000275
vt 0.049583 1.000271
vt 0.139502 1.000403
vt 0.132946 1.000403
vt 0.140692 1.000404
vt 0.145937 1.000403
vt 0.046050 1.000277
vt 0.049596 1.000275
vt 0.140704 1.000408
vt 0.145949 1.000409
vt 0.041948 1.000280
vt 0.046380 1.000277
vt 0.132964 1.000410
vt 0.139519 1.000410
vt 0.041948 1.000275
vt 0.046380 1.000272
vt 0.132964 1.000392
vt 0.139519 1.000392
vt 0.045934 1.000275
vt 0.049505 1.000274
vt 0.140485 1.000404
vt 0.145767 1.000403
vt 0.045934 1.000270
vt 0.049505 1.000265
vt 0.140486 1.000438
vt 0.145768 1.000433
vt 0.042033 1.000284
vt 0.046446 1.000282
vt 0.133124 1.000412
vt 0.139652 1.000411
vt 0.042033 1.000288
vt 0.046446 1.000287
vt 0.133124 1.000415
vt 0.139652 1.000414
vt 0.132603 1.000429
vt 0.139073 1.000433
vt 0.139100 1.000432
vt 0.132571 1.000428
vt 0.041787 1.000281
vt 0.046168 1.000278
vt 0.046183 1.000278
vt 0.041770 1.000281
vt -0.029387 1.000541
vt -0.026816 1.000551
vt -0.026808 1.000550
vt -0.029395 1.000543
vt -0.026703 1.000546
vt -0.029289 1.000543
vt -0.029289 1.000542
vt -0.026703 1.000545
vt -0.080983 1.000278
vt -0.079801 1.000272
vt -0.079798 1.000273
vt -0.080986 1.000278
vt -0.079768 1.000281
vt -0.080956 1.000283
vt -0.079441 1.000280
vt -0.080402 1.000281
vt -0.025472 1.000550
vt -0.027564 1.000546
vt -0.079440 1.000282
vt -0.080401 1.000283
vt -0.025471 1.000542
vt -0.027564 1.000541
vt -0.025471 1.000542
vt -0.079775 1.000278
vt -0.080968 1.000279
vt -0.026729 1.000547
vt -0.029326 1.000544
vt -0.079775 1.000277
vt -0.080967 1.000278
vt -0.026729 1.000539
vt -0.029326 1.000536
vt -0.079429 1.000270
vt -0.080384 1.000273
vt -0.025435 1.000546
vt -0.027513 1.000543
vt -0.079430 1.000278
vt -0.080385 1.000280
vt -0.025435 1.000544
vt -0.027513 1.000543
vt -0.079779 1.000271
vt -0.080972 1.000275
vt -0.026738 1.000549
vt -0.029335 1.000545
vt -0.025445 1.000550
vt 0.172079 1.000311
vt 0.152830 1.000310
vt -0.168144 1.000250
vt -0.166951 1.000249
vt 0.196901 1.000502
vt 0.177724 1.000502
vt -0.112711 1.000575
vt -0.110113 1.000581
vt 0.140122 1.000370
vt 0.120875 1.000366
vt 0.120876 1.000366
vt 0.140124 1.000370
vt 0.124669 1.000401
vt 0.105491 1.000405
vt 0.105491 1.000406
vt 0.124669 1.000401
vt 0.157053 1.000381
vt 0.137750 1.000380
vt 0.137749 1.000381
vt 0.157051 1.000382
vt 0.175475 1.000386
vt 0.156127 1.000386
vt 0.156127 1.000387
vt 0.175475 1.000387
vt 0.175405 1.000383
vt -0.215005 1.000388
vt -0.215008 1.000386
vt 0.165028 1.000409
vt 0.145724 1.000407
vt -0.202548 1.000392
vt -0.202244 1.000392
vt -0.124532 1.000390
vt -0.124529 1.000389
vt -0.124531 1.000391
vt -0.124534 1.000390
vt -0.112692 1.000405
vt -0.112997 1.000402
vt -0.112910 1.000403
vt -0.112666 1.000405
vt -0.124532 1.000399
vt -0.124534 1.000398
vt -0.112906 1.000391
vt -0.112663 1.000391
vt -0.124530 1.000385
vt -0.124533 1.000383
vt -0.112996 1.000404
vt -0.112691 1.000406
vt -0.124530 1.000382
vt -0.124533 1.000380
vt -0.112995 1.000393
vt -0.112691 1.000393
vt -0.124530 1.000386
vt -0.124532 1.000385
vt -0.112909 1.000387
vt -0.112663 1.000387
vt -0.124529 1.000387
vt -0.124532 1.000386
vt -0.112910 1.000405
vt -0.112665 1.000406
vt -0.124528 1.000376
vt -0.124531 1.000375
vt -0.112995 1.000398
vt -0.112691 1.000399
vt -0.124530 1.000383
vt -0.124533 1.000383
vt -0.112995 1.000398
vt -0.112692 1.000399
vt -0.112997 1.000401
vt -0.112696 1.000406
vt -0.124530 1.000393
vt -0.124533 1.000386
vt -0.114137 1.000424
vt -0.113835 1.000427
vt -0.113834 1.000427
vt -0.114137 1.000425
vt -0.113838 1.000424
vt -0.114141 1.000422
vt -0.080546 1.000335
vt -0.079355 1.000328
vt -0.079352 1.000330
vt -0.080549 1.000336
vt -0.079383 1.000331
vt -0.080580 1.000334
vt -0.080580 1.000333
vt -0.079942 1.000327
vt -0.080911 1.000328
vt -0.113924 1.000438
vt -0.114169 1.000436
vt -0.079942 1.000307
vt -0.080911 1.000308
vt -0.113922 1.000415
vt -0.114168 1.000416
vt -0.079370 1.000308
vt -0.080572 1.000313
vt -0.113837 1.000432
vt -0.114142 1.000430
vt -0.079371 1.000319
vt -0.080573 1.000322
vt -0.113837 1.000432
vt -0.114141 1.000430
vt -0.079958 1.000315
vt -0.080920 1.000319
vt -0.113925 1.000424
vt -0.114168 1.000422
vt -0.079960 1.000341
vt -0.080922 1.000338
vt -0.113925 1.000426
vt -0.114169 1.000424
vt -0.079360 1.000309
vt -0.080563 1.000313
vt -0.113830 1.000431
vt -0.114135 1.000428
vt 0.249030 1.000294
vt 0.229612 1.000299
vt -0.168510 1.000305
vt -0.167308 1.000301
vt 0.203388 1.000423
vt 0.184002 1.000423
vt -0.204071 1.000426
vt -0.203767 1.000428
vt 0.216813 1.000387
vt 0.197397 1.000387
vt 0.197397 1.000387
vt 0.216813 1.000386
vt 0.195401 1.000386
vt 0.176017 1.000386
vt 0.176016 1.000386
vt 0.195401 1.000386
vt 0.239665 1.000400
vt 0.220223 1.000404
vt 0.220223 1.000403
vt 0.239665 1.000399
vt 0.263902 1.000365
vt 0.244439 1.000361
vt 0.244438 1.000360
vt 0.263901 1.000365
vt 0.396388 1.000388
vt 0.376924 1.000384
vt -0.016517 1.000285
vt -0.011998 1.000286
vt 0.312926 1.000442
vt 0.293484 1.000444
vt -0.106705 1.000537
vt -0.104070 1.000539
vt 0.067765 1.000311
vt 0.063247 1.000310
vt 0.059964 1.000309
vt 0.063578 1.000310
vt -0.019534 1.000527
vt -0.022168 1.000523
vt -0.023484 1.000524
vt -0.021377 1.000525
vt 0.059953 1.000301
vt 0.063567 1.000305
vt -0.023495 1.000527
vt -0.021387 1.000529
vt 0.063231 1.000308
vt 0.067748 1.000308
vt -0.022181 1.000520
vt -0.019547 1.000523
vt 0.063231 1.000311
vt 0.067748 1.000312
vt -0.022182 1.000522
vt -0.019548 1.000524
vt 0.060046 1.000311
vt 0.063686 1.000312
vt -0.023457 1.000518
vt -0.021335 1.000521
vt 0.060047 1.000300
vt 0.063687 1.000295
vt -0.023458 1.000521
vt -0.021336 1.000523
vt 0.063163 1.000303
vt 0.067662 1.000303
vt -0.022209 1.000519
vt -0.019586 1.000522
vt 0.063163 1.000309
vt 0.067661 1.000314
vt -0.022209 1.000519
vt -0.019586 1.000520
vt -0.022095 1.000522
vt -0.019488 1.000525
vt -0.019479 1.000525
vt -0.022102 1.000523
vt 0.063447 1.000315
vt 0.067913 1.000317
vt 0.067930 1.000318
vt 0.063431 1.000316
vt 0.178614 1.000415
vt 0.185257 1.000421
vt 0.185290 1.000420
vt 0.178586 1.000415
vt 0.184725 1.000434
vt 0.178021 1.000432
vt 0.178021 1.000432
vt 0.184725 1.000436
vt 0.326695 1.000370
vt 0.335680 1.000364
vt 0.335741 1.000365
vt 0.326645 1.000369
vt 0.334652 1.000342
vt 0.325556 1.000345
vt 0.325556 1.000345
vt 0.334652 1.000340
vt 0.321826 1.000354
vt 0.314465 1.000354
vt 0.325558 1.000353
vt 0.334655 1.000352
vt 0.177164 1.000431
vt 0.171740 1.000428
vt 0.321822 1.000340
vt 0.314461 1.000342
vt 0.314461 1.000342
vt 0.321822 1.000339
vt 0.177165 1.000433
vt 0.171740 1.000430
vt 0.334934 1.000351
vt 0.325800 1.000351
vt 0.314466 1.000352
vt 0.321827 1.000351
vt 0.184887 1.000431
vt 0.178155 1.000428
vt 0.334939 1.000370
vt 0.325804 1.000369
vt 0.184888 1.000435
vt 0.178156 1.000434
vt 0.321447 1.000357
vt 0.314138 1.000356
vt 0.176938 1.000428
vt 0.171552 1.000427
vt 0.321448 1.000368
vt 0.314139 1.000369
vt 0.176938 1.000427
vt 0.171552 1.000427
vt 0.334967 1.000357
vt 0.325830 1.000358
vt 0.314153 1.000358
vt 0.321461 1.000357
vt 0.184912 1.000435
vt 0.178178 1.000433
vt 0.176953 1.000433
vt 0.630636 1.000365
vt 0.611141 1.000367
vt 0.259363 1.000352
vt 0.268499 1.000350
vt 0.501310 1.000447
vt 0.481827 1.000445
vt 0.104469 1.000438
vt 0.111202 1.000439
vt 0.316177 1.000384
vt 0.296682 1.000384
vt 0.296682 1.000383
vt 0.316177 1.000384
vt 0.289441 1.000384
vt 0.269961 1.000384
vt 0.269961 1.000383
vt 0.289441 1.000384
vt 0.343994 1.000387
vt 0.324487 1.000387
vt 0.324487 1.000386
vt 0.343994 1.000386
vt 0.372755 1.000387
vt 0.353240 1.000388
vt 0.353240 1.000389
vt 0.372755 1.000387
vt 0.984278 1.000362
vt 0.964761 1.000363
vt 0.691628 1.000375
vt 0.705542 1.000376
vt 0.789277 1.000545
vt 0.769770 1.000538
vt 0.452912 1.000557
vt 0.464491 1.000562
vt 0.754448 1.000368
vt 0.740534 1.000367
vt 0.711727 1.000368
vt 0.722857 1.000367
vt 0.522651 1.000558
vt 0.511071 1.000554
vt 0.492162 1.000547
vt 0.501426 1.000551
vt 0.711719 1.000387
vt 0.722851 1.000388
vt 0.492149 1.000552
vt 0.492149 1.000552
vt 0.501412 1.000558
vt 0.722842 1.000366
vt 0.740490 1.000366
vt 0.754401 1.000365
vt 0.501412 1.000548
vt 0.492148 1.000545
vt 0.511038 1.000552
vt 0.522616 1.000556
vt 0.740496 1.000368
vt 0.754408 1.000369
vt 0.511038 1.000548
vt 0.511039 1.000551
vt 0.522617 1.000552
vt 0.712529 1.000364
vt 0.723739 1.000364
vt 0.522618 1.000547
vt 0.511040 1.000544
vt 0.492687 1.000538
vt 0.502017 1.000540
vt 0.723751 1.000393
vt 0.712539 1.000391
vt 0.723752 1.000393
vt 0.492680 1.000496
vt 0.502010 1.000499
vt 0.723737 1.000358
vt 0.739894 1.000358
vt 0.753748 1.000356
vt 0.510651 1.000549
vt 0.522180 1.000554
vt 0.753751 1.000360
vt 0.739897 1.000360
vt 0.753750 1.000357
vt 0.510650 1.000546
vt 0.510650 1.000547
vt 0.522180 1.000552
vt 0.512717 1.000557
vt 0.524044 1.000557
vt 0.524159 1.000557
vt 0.512628 1.000556
vt 0.743589 1.000347
vt 0.757054 1.000352
vt 0.757284 1.000352
vt 0.743429 1.000348
vt 1.026037 1.000392
vt 1.041142 1.000397
vt 1.041634 1.000396
vt 1.025719 1.000393
vt 1.035286 1.000433
vt 1.019371 1.000432
vt 1.019372 1.000434
vt 1.035288 1.000436
vt 1.350788 1.000185
vt 1.366501 1.000182
vt 1.367679 1.000182
vt 1.350093 1.000186
vt 1.355871 1.000213
vt 1.338286 1.000216
vt 1.338284 1.000216
vt 1.355868 1.000213
vt 1.298090 1.000233
vt 1.283859 1.000235
vt 0.992522 1.000400
vt 0.979644 1.000399
vt 1.298055 1.000235
vt 1.283826 1.000238
vt 1.283826 1.000238
vt 0.992546 1.000421
vt 0.979667 1.000419
vt 0.979666 1.000417
vt 1.357133 1.000235
vt 1.339474 1.000238
vt 1.283863 1.000247
vt 1.036206 1.000413
vt 1.020224 1.000413
vt 0.979645 1.000411
vt 1.357111 1.000175
vt 1.339455 1.000183
vt 1.036206 1.000412
vt 1.020225 1.000410
vt 1.296359 1.000237
vt 1.282229 1.000238
vt 0.991235 1.000404
vt 0.978448 1.000403
vt 1.296361 1.000223
vt 1.282235 1.000227
vt 0.991248 1.000416
vt 0.978460 1.000413
vt 0.978460 1.000413
vt 1.357206 1.000256
vt 1.339544 1.000259
vt 1.282252 1.000268
vt 1.296381 1.000265
vt 1.036246 1.000415
vt 1.020263 1.000413
vt 1.494258 1.000270
vt 1.474732 1.000271
vt 1.311311 1.000258
vt 1.328975 1.000258
vt 1.222485 1.000424
vt 1.202963 1.000423
vt 0.981390 1.000428
vt 0.997372 1.000429
vt 0.432485 1.000385
vt 0.412957 1.000385
vt 0.412957 1.000386
vt 0.432484 1.000385
vt 0.402306 1.000385
vt 0.382784 1.000386
vt 0.382784 1.000386
vt 0.402306 1.000386
vt 0.463122 1.000386
vt 0.443591 1.000386
vt 0.443591 1.000386
vt 0.463121 1.000386
vt 0.494032 1.000386
vt 0.474500 1.000385
vt 0.474500 1.000385
vt 0.494032 1.000386
vt 1.183475 1.000420
vt 1.163941 1.000417
vt 1.130117 1.000413
vt 1.149572 1.000413
vt 1.672962 1.000343
vt 1.653431 1.000344
vt 1.553186 1.000334
vt 1.572030 1.000332
vt 1.155310 1.000416
vt 1.135855 1.000414
vt 1.097558 1.000413
vt 1.113122 1.000414
vt 1.589143 1.000316
vt 1.570297 1.000317
vt 1.502678 1.000320
vt 1.517754 1.000319
vt 1.097558 1.000421
vt 1.113122 1.000422
vt 1.517781 1.000374
vt 1.502704 1.000376
vt 1.502702 1.000376
vt 1.517780 1.000374
vt 1.135825 1.000425
vt 1.155277 1.000425
vt 1.517768 1.000347
vt 1.502691 1.000347
vt 1.570249 1.000346
vt 1.589090 1.000346
vt 1.135799 1.000404
vt 1.155249 1.000405
vt 1.589113 1.000381
vt 1.570265 1.000379
vt 1.570261 1.000373
vt 1.589107 1.000375
vt 1.155257 1.000426
vt 1.098633 1.000422
vt 1.114307 1.000423
vt 1.504636 1.000364
vt 1.519820 1.000364
vt 1.098615 1.000432
vt 1.114291 1.000434
vt 1.504658 1.000403
vt 1.504658 1.000402
vt 1.519839 1.000401
vt 1.134990 1.000423
vt 1.154362 1.000424
vt 1.504638 1.000375
vt 1.568886 1.000376
vt 1.587650 1.000377
vt 1.134990 1.000419
vt 1.154360 1.000419
vt 1.568896 1.000385
vt 1.587663 1.000386
vt 1.592023 1.000349
vt 1.606169 1.000348
vt 1.609117 1.000349
vt 1.590354 1.000351
vt 1.160067 1.000397
vt 1.170332 1.000397
vt 1.175539 1.000398
vt 1.156167 1.000397
vt -0.170775 1.000352
vt -0.160510 1.000353
vt -0.156609 1.000355
vt -0.175979 1.000359
vt -0.135415 1.000399
vt -0.154784 1.000399
vt -0.154784 1.000400
vt -0.135414 1.000400
vt -0.606382 1.000540
vt -0.592237 1.000540
vt -0.590566 1.000540
vt -0.609326 1.000540
vt -0.569077 1.000544
vt -0.587836 1.000546
vt -0.587836 1.000545
vt -0.569077 1.000542
vt -0.504853 1.000523
vt -0.520033 1.000525
vt -0.099023 1.000410
vt -0.114696 1.000410
vt -0.504867 1.000493
vt -0.520046 1.000493
vt -0.099018 1.000407
vt -0.114690 1.000409
vt -0.570481 1.000511
vt -0.589318 1.000513
vt -0.136219 1.000408
vt -0.155668 1.000410
vt -0.570483 1.000515
vt -0.589320 1.000517
vt -0.136221 1.000400
vt -0.155671 1.000401
vt -0.502935 1.000489
vt -0.518008 1.000490
vt -0.097974 1.000405
vt -0.113536 1.000405
vt -0.502914 1.000480
vt -0.517986 1.000481
vt -0.097972 1.000419
vt -0.113535 1.000420
vt -0.570552 1.000476
vt -0.589394 1.000478
vt -0.136275 1.000399
vt -0.155728 1.000401
vt -0.653656 1.000499
vt -0.673182 1.000501
vt -0.572269 1.000508
vt -0.553427 1.000503
vt -0.164352 1.000426
vt -0.183882 1.000427
vt -0.149987 1.000420
vt -0.130534 1.000420
vt 0.555935 1.000386
vt 0.536407 1.000386
vt 0.536407 1.000386
vt 0.555935 1.000386
vt 0.525031 1.000386
vt 0.505500 1.000386
vt 0.505500 1.000386
vt 0.525031 1.000385
vt 0.586558 1.000386
vt 0.567036 1.000386
vt 0.567036 1.000386
vt 0.586558 1.000386
vt 0.616718 1.000385
vt 0.597203 1.000385
vt 0.597203 1.000386
vt 0.616718 1.000385
vt -0.203152 1.000367
vt -0.222667 1.000368
vt 0.002370 1.000356
vt 0.018347 1.000357
vt -0.474906 1.000431
vt -0.494428 1.000432
vt -0.329184 1.000434
vt -0.311527 1.000432
vt -0.020533 1.000345
vt -0.036510 1.000344
vt 0.008476 1.000346
vt 0.021258 1.000347
vt -0.339751 1.000397
vt -0.357408 1.000397
vt -0.296601 1.000396
vt -0.282476 1.000396
vt 0.008483 1.000293
vt 0.021266 1.000293
vt -0.296611 1.000387
vt -0.282484 1.000387
vt 0.021273 1.000354
vt 0.008491 1.000353
vt -0.036452 1.000352
vt -0.020477 1.000353
vt -0.357337 1.000395
vt -0.339682 1.000395
vt -0.036468 1.000353
vt -0.020493 1.000354
vt -0.357350 1.000370
vt -0.339696 1.000373
vt 0.007211 1.000354
vt 0.020083 1.000355
vt -0.298324 1.000385
vt -0.284098 1.000386
vt 0.007234 1.000408
vt 0.020104 1.000409
vt -0.298326 1.000384
vt -0.284099 1.000384
vt -0.035536 1.000349
vt -0.019627 1.000350
vt -0.356107 1.000375
vt -0.338525 1.000374
vt -0.035533 1.000341
vt -0.019623 1.000343
vt -0.356103 1.000360
vt -0.338522 1.000361
vt -0.366721 1.000409
vt -0.351013 1.000409
vt -0.350319 1.000408
vt -0.367900 1.000408
vt -0.041427 1.000377
vt -0.026328 1.000383
vt -0.026009 1.000383
vt -0.041920 1.000380
vt 0.242604 1.000349
vt 0.256057 1.000346
vt 0.256220 1.000346
vt 0.242375 1.000349
vt 0.259759 1.000353
vt 0.245912 1.000352
vt 0.245912 1.000352
vt 0.259759 1.000352
vt 0.475396 1.000349
vt 0.486718 1.000357
vt 0.486805 1.000356
vt 0.475279 1.000350
vt 0.488795 1.000350
vt 0.477270 1.000350
vt 0.477269 1.000350
vt 0.488794 1.000349
vt 0.506754 1.000359
vt 0.497427 1.000358
vt 0.477269 1.000356
vt 0.287106 1.000345
vt 0.275901 1.000345
vt 0.245904 1.000343
vt 0.259751 1.000343
vt 0.506765 1.000367
vt 0.497441 1.000366
vt 0.287120 1.000379
vt 0.275917 1.000381
vt 0.275918 1.000381
vt 0.287121 1.000378
vt 0.488409 1.000355
vt 0.476835 1.000353
vt 0.259157 1.000342
vt 0.245252 1.000340
vt 0.275902 1.000342
vt 0.287106 1.000343
vt 0.488409 1.000364
vt 0.476835 1.000360
vt 0.259162 1.000349
vt 0.245257 1.000346
vt 0.507300 1.000361
vt 0.498039 1.000360
vt 0.287916 1.000343
vt 0.276790 1.000343
vt 0.245244 1.000340
vt 0.259150 1.000341
vt 0.507304 1.000366
vt 0.498042 1.000363
vt 0.287925 1.000356
vt 0.276800 1.000356
vt 0.276801 1.000355
vt 0.287926 1.000355
vt 0.488381 1.000368
vt 0.476805 1.000369
vt 0.259109 1.000332
vt 0.245202 1.000330
vt 0.276779 1.000334
vt 0.287904 1.000335
vt 0.229859 1.000370
vt 0.210363 1.000370
vt 0.534935 1.000365
vt 0.546512 1.000368
vt 0.034975 1.000307
vt 0.015467 1.000305
vt 0.294076 1.000307
vt 0.307984 1.000309
vt 0.674972 1.000386
vt 0.655477 1.000386
vt 0.655477 1.000385
vt 0.674972 1.000385
vt 0.646246 1.000387
vt 0.626739 1.000387
vt 0.626739 1.000387
vt 0.646246 1.000387
vt 0.702751 1.000386
vt 0.683270 1.000386
vt 0.683270 1.000386
vt 0.702751 1.000386
vt 0.729434 1.000385
vt 0.709971 1.000386
vt 0.709973 1.000386
vt 0.729435 1.000386
vt 0.517961 1.000439
vt 0.498503 1.000441
vt 0.888271 1.000442
vt 0.894992 1.000440
vt 0.388555 1.000388
vt 0.369075 1.000388
vt 0.730950 1.000382
vt 0.740079 1.000381
vt 0.821350 1.000442
vt 0.814631 1.000445
vt 0.822573 1.000441
vt 0.827948 1.000440
vt 0.673655 1.000379
vt 0.664527 1.000381
vt 0.678021 1.000380
vt 0.685324 1.000380
vt 0.827970 1.000465
vt 0.822594 1.000464
vt 0.822594 1.000464
vt 0.827970 1.000465
vt 0.678035 1.000374
vt 0.685334 1.000376
vt 0.827960 1.000443
vt 0.822583 1.000444
vt 0.814650 1.000446
vt 0.821368 1.000445
vt 0.664567 1.000383
vt 0.673693 1.000382
vt 0.814643 1.000435
vt 0.814642 1.000432
vt 0.821361 1.000434
vt 0.664566 1.000380
vt 0.673692 1.000380
vt 0.821369 1.000453
vt 0.814652 1.000455
vt 0.822358 1.000452
vt 0.827773 1.000451
vt 0.677658 1.000381
vt 0.685013 1.000381
vt 0.827762 1.000438
vt 0.822348 1.000438
vt 0.822348 1.000438
vt 0.827762 1.000437
vt 0.677667 1.000383
vt 0.685023 1.000382
vt 0.822360 1.000446
vt 0.814816 1.000449
vt 0.821506 1.000447
vt 0.664846 1.000387
vt 0.673935 1.000387
vt 0.821501 1.000452
vt 0.814810 1.000455
vt 0.814810 1.000454
vt 0.821500 1.000450
vt 0.664842 1.000385
vt 0.673932 1.000384
vt 0.663828 1.000375
vt 0.672809 1.000380
vt 0.672859 1.000379
vt 0.663768 1.000376
vt 0.814262 1.000443
vt 0.820899 1.000444
vt 0.820926 1.000444
vt 0.814229 1.000445
vt 0.931211 1.000319
vt 0.935673 1.000324
vt 0.935689 1.000322
vt 0.931194 1.000318
vt 0.935956 1.000323
vt 0.931462 1.000321
vt 0.931461 1.000320
vt 0.935954 1.000321
vt 1.018249 1.000304
vt 1.020859 1.000307
vt 1.020867 1.000306
vt 1.018241 1.000303
vt 1.020970 1.000312
vt 1.018343 1.000309
vt 1.018343 1.000309
vt 1.020971 1.000312
vt 1.022213 1.000303
vt 1.020086 1.000300
vt 0.939075 1.000322
vt 0.935440 1.000321
vt 1.022216 1.000295
vt 1.020089 1.000289
vt 0.939061 1.000326
vt 0.935424 1.000326
vt 1.020948 1.000292
vt 1.018309 1.000288
vt 0.935891 1.000323
vt 0.931377 1.000321
vt 1.020939 1.000296
vt 1.018301 1.000292
vt 0.935882 1.000313
vt 0.931369 1.000309
vt 1.022260 1.000299
vt 1.020150 1.000298
vt 0.939159 1.000319
vt 0.935547 1.000316
vt 1.022271 1.000301
vt 1.020161 1.000299
vt 1.020161 1.000301
vt 0.939160 1.000322
vt 0.935546 1.000319
vt 1.020941 1.000302
vt 1.018302 1.000300
vt 1.020149 1.000301
vt 0.935860 1.000313
vt 0.931346 1.000308
vt 0.939141 1.000313
vt 0.705719 1.000294
vt 0.686296 1.000290
vt 1.102726 1.000293
vt 1.105364 1.000297
vt 0.622531 1.000314
vt 0.603087 1.000311
vt 1.011025 1.000313
vt 1.015540 1.000316
vt 0.779082 1.000389
vt 0.759666 1.000388
vt 0.759666 1.000388
vt 0.779082 1.000389
vt 0.754916 1.000388
vt 0.735474 1.000388
vt 0.735474 1.000388
vt 0.754916 1.000388
vt 0.801851 1.000389
vt 0.782466 1.000388
vt 0.782466 1.000390
vt 0.801852 1.000390
vt 0.823154 1.000382
vt 0.803808 1.000383
vt 0.803808 1.000383
vt 0.823154 1.000382
vt 0.815162 1.000381
vt 0.795814 1.000382
vt 1.202165 1.000364
vt 1.202471 1.000365
vt 0.769696 1.000340
vt 0.750311 1.000339
vt 1.165996 1.000344
vt 1.167194 1.000345
vt 1.112716 1.000367
vt 1.112410 1.000366
vt 1.112502 1.000366
vt 1.112746 1.000367
vt 1.079373 1.000322
vt 1.078174 1.000321
vt 1.078764 1.000322
vt 1.079724 1.000323
vt 1.112758 1.000364
vt 1.112516 1.000366
vt 1.112757 1.000363
vt 1.078779 1.000322
vt 1.079741 1.000323
vt 1.112432 1.000372
vt 1.112736 1.000373
vt 1.078179 1.000328
vt 1.079380 1.000331
vt 1.112425 1.000365
vt 1.112729 1.000367
vt 1.078183 1.000319
vt 1.079383 1.000321
vt 1.112517 1.000368
vt 1.112761 1.000366
vt 1.078744 1.000317
vt 1.079712 1.000319
vt 1.112503 1.000362
vt 1.112751 1.000363
vt 1.078759 1.000338
vt 1.078759 1.000337
vt 1.079726 1.000340
vt 1.112743 1.000363
vt 1.112415 1.000364
vt 1.112719 1.000363
vt 1.078200 1.000331
vt 1.079395 1.000333
vt 1.112420 1.000360
vt 1.112724 1.000360
vt 1.078191 1.000325
vt 1.079384 1.000327
vt 1.078172 1.000327
vt 1.079357 1.000330
vt 1.112418 1.000360
vt 1.112723 1.000362
vt 1.122856 1.000272
vt 1.122858 1.000278
vt 1.122859 1.000279
vt 1.122857 1.000274
vt 1.122866 1.000274
vt 1.122864 1.000270
vt 1.110999 1.000377
vt 1.111298 1.000376
vt 1.111298 1.000376
vt 1.110998 1.000376
vt 1.111294 1.000382
vt 1.110990 1.000381
vt 1.111211 1.000378
vt 1.110967 1.000376
vt 1.122858 1.000276
vt 1.122856 1.000272
vt 1.111224 1.000397
vt 1.110978 1.000394
vt 1.122858 1.000283
vt 1.122854 1.000276
vt 1.111297 1.000385
vt 1.110994 1.000384
vt 1.122853 1.000280
vt 1.122851 1.000277
vt 1.111296 1.000382
vt 1.110993 1.000381
vt 1.122859 1.000285
vt 1.122856 1.000281
vt 1.111204 1.000389
vt 1.110960 1.000388
vt 1.122859 1.000282
vt 1.122858 1.000279
vt 1.111218 1.000386
vt 1.110977 1.000385
vt 1.122853 1.000269
vt 1.122851 1.000263
vt 1.111288 1.000386
vt 1.110985 1.000386
vt 1.122862 1.000289
vt 1.122862 1.000286
vt 0.853314 1.000380
vt 0.834066 1.000380
vt 1.200286 1.000382
vt 1.200589 1.000383
vt 0.842926 1.000291
vt 0.823622 1.000288
vt 1.213122 1.000271
vt 1.213123 1.000274
vt 0.861244 1.000388
vt 0.841997 1.000387
vt 0.841997 1.000388
vt 0.861244 1.000387
vt 0.842967 1.000384
vt 0.823663 1.000384
vt 0.823663 1.000384
vt 0.842967 1.000384
vt 0.877990 1.000385
vt 0.858812 1.000385
vt 0.858811 1.000384
vt 0.877989 1.000384
vt 0.893216 1.000384
vt 0.874126 1.000384
vt 0.874127 1.000385
vt 0.893217 1.000385
vt 0.821250 1.000374
vt 0.802160 1.000375
vt 1.107756 1.000367
vt 1.110345 1.000368
vt 0.846129 1.000376
vt 0.826947 1.000374
vt 1.164762 1.000373
vt 1.165949 1.000373
vt 1.027352 1.000361
vt 1.024765 1.000361
vt 1.023476 1.000360
vt 1.025548 1.000361
vt 1.079094 1.000374
vt 1.077904 1.000374
vt 1.077561 1.000374
vt 1.078513 1.000374
vt 1.023462 1.000360
vt 1.025534 1.000364
vt 1.077558 1.000379
vt 1.078512 1.000381
vt 1.024757 1.000371
vt 1.027343 1.000370
vt 1.077909 1.000376
vt 1.079096 1.000375
vt 1.024762 1.000378
vt 1.027349 1.000378
vt 1.077910 1.000378
vt 1.079096 1.000377
vt 1.023504 1.000368
vt 1.025588 1.000369
vt 1.077561 1.000371
vt 1.078520 1.000373
vt 1.023497 1.000368
vt 1.025585 1.000368
vt 1.077574 1.000364
vt 1.078533 1.000369
vt 1.024734 1.000373
vt 1.027313 1.000374
vt 1.077897 1.000368
vt 1.079081 1.000368
vt 1.024735 1.000375
vt 1.027312 1.000375
vt 1.077896 1.000374
vt 1.079082 1.000374
vt 1.077919 1.000360
vt 1.079102 1.000365
vt 1.024837 1.000367
vt 1.027404 1.000371
vt 1.027411 1.000373
vt 1.024830 1.000370
vt 0.952150 1.000477
vt 0.956504 1.000481
vt 0.956522 1.000481
vt 0.952136 1.000478
vt 0.956262 1.000483
vt 0.951878 1.000486
vt 0.951877 1.000485
vt 0.956262 1.000483
vt 0.859500 1.000388
vt 0.865923 1.000388
vt 0.865954 1.000387
vt 0.859473 1.000387
vt 0.865409 1.000382
vt 0.858931 1.000381
vt 0.858931 1.000381
vt 0.865409 1.000383
vt 0.858099 1.000371
vt 0.852857 1.000370
vt 0.952387 1.000481
vt 0.948839 1.000484
vt 0.858107 1.000381
vt 0.852863 1.000381
vt 0.952385 1.000485
vt 0.948839 1.000488
vt 0.865563 1.000377
vt 0.859058 1.000376
vt 0.956346 1.000488
vt 0.951943 1.000490
vt 0.865559 1.000378
vt 0.859054 1.000379
vt 0.956355 1.000495
vt 0.951954 1.000498
vt 0.951955 1.000500
vt 0.956355 1.000497
vt 0.857875 1.000375
vt 0.852671 1.000376
vt 0.952277 1.000493
vt 0.948756 1.000497
vt 0.951950 1.000494
vt 0.857869 1.000369
vt 0.852660 1.000371
vt 0.952278 1.000495
vt 0.948757 1.000499
vt 0.865571 1.000373
vt 0.859062 1.000371
vt 0.956361 1.000478
vt 0.951960 1.000482
vt 0.714454 1.000380
vt 0.695632 1.000381
vt 0.930236 1.000379
vt 0.936743 1.000379
vt 0.777856 1.000482
vt 0.758883 1.000485
vt 1.029710 1.000491
vt 1.034112 1.000488
vt 0.919195 1.000386
vt 0.900377 1.000386
vt 0.900377 1.000386
vt 0.919194 1.000385
vt 0.906944 1.000386
vt 0.887970 1.000385
vt 0.887970 1.000386
vt 0.906945 1.000386
vt 0.929981 1.000386
vt 0.911388 1.000386
vt 0.911388 1.000386
vt 0.929981 1.000386
vt 0.939223 1.000385
vt 0.920979 1.000385
vt 0.920979 1.000385
vt 0.939223 1.000386
vt 0.522779 1.000353
vt 0.504536 1.000352
vt 0.665870 1.000350
vt 0.676701 1.000349
vt 0.630033 1.000272
vt 0.611439 1.000268
vt 0.809350 1.000263
vt 0.818063 1.000265
vt 0.622329 1.000344
vt 0.611499 1.000343
vt 0.593817 1.000341
vt 0.602482 1.000342
vt 0.754703 1.000286
vt 0.745989 1.000283
vt 0.734853 1.000279
vt 0.741824 1.000280
vt 0.602487 1.000366
vt 0.593822 1.000364
vt 0.593823 1.000364
vt 0.602488 1.000366
vt 0.734836 1.000267
vt 0.734836 1.000267
vt 0.741806 1.000269
vt 0.602470 1.000349
vt 0.593806 1.000349
vt 0.611473 1.000350
vt 0.622301 1.000351
vt 0.745965 1.000275
vt 0.754678 1.000278
vt 0.611485 1.000371
vt 0.611489 1.000373
vt 0.622316 1.000373
vt 0.745971 1.000272
vt 0.754685 1.000276
vt 0.622298 1.000346
vt 0.611468 1.000344
vt 0.594303 1.000342
vt 0.603029 1.000344
vt 0.735153 1.000267
vt 0.742174 1.000269
vt 0.594293 1.000341
vt 0.603017 1.000343
vt 0.735158 1.000279
vt 0.742186 1.000282
vt 0.611102 1.000341
vt 0.621886 1.000343
vt 0.745737 1.000275
vt 0.754415 1.000279
vt 0.621885 1.000355
vt 0.611104 1.000355
vt 0.611104 1.000355
vt 0.621885 1.000355
vt 0.745731 1.000275
vt 0.754410 1.000281
vt 0.746823 1.000282
vt 0.755399 1.000291
vt 0.755457 1.000290
vt 0.746777 1.000282
vt 0.613036 1.000343
vt 0.623631 1.000343
vt 0.623738 1.000343
vt 0.612953 1.000342
vt 0.460277 1.000321
vt 0.472436 1.000320
vt 0.472641 1.000318
vt 0.460129 1.000318
vt 0.469449 1.000316
vt 0.456936 1.000313
vt 0.456936 1.000314
vt 0.469449 1.000317
vt 0.311772 1.000315
vt 0.324355 1.000312
vt 0.324765 1.000312
vt 0.311504 1.000313
vt 0.319435 1.000331
vt 0.306171 1.000328
vt 0.306172 1.000328
vt 0.319436 1.000331
vt 0.283817 1.000331
vt 0.273086 1.000331
vt 0.442331 1.000315
vt 0.432204 1.000314
vt 0.283806 1.000302
vt 0.273074 1.000302
vt 0.442329 1.000303
vt 0.432203 1.000302
vt 0.320214 1.000329
vt 0.306896 1.000327
vt 0.470031 1.000317
vt 0.457465 1.000315
vt 0.320211 1.000327
vt 0.306892 1.000325
vt 0.470016 1.000300
vt 0.457450 1.000297
vt 0.282733 1.000307
vt 0.272076 1.000306
vt 0.441519 1.000304
vt 0.431464 1.000302
vt 0.282738 1.000324
vt 0.272080 1.000323
vt 0.441549 1.000333
vt 0.431497 1.000332
vt 0.320253 1.000312
vt 0.306933 1.000310
vt 0.282752 1.000308
vt 0.470055 1.000307
vt 0.457487 1.000305
vt 0.267610 1.000301
vt 0.251340 1.000299
vt 0.339301 1.000294
vt 0.352623 1.000297
vt 0.394265 1.000308
vt 0.376638 1.000306
vt 0.501654 1.000304
vt 0.514221 1.000306
vt 0.951127 1.000385
vt 0.934860 1.000385
vt 0.934860 1.000385
vt 0.951127 1.000384
vt 0.946638 1.000386
vt 0.929011 1.000385
vt 0.929011 1.000385
vt 0.946638 1.000386
vt 0.946617 1.000387
vt 0.935214 1.000386
vt 0.935214 1.000386
vt 0.946617 1.000387
vt 0.773014 1.000384
vt 0.856760 1.000385
vt 0.856760 1.000385
vt 0.773014 1.000384
vt 5.960680 1.000371
vt 6.044428 1.000370
vt 5.856655 1.000369
vt 5.775858 1.000372
vt 0.326610 1.000271
vt 0.315207 1.000267
vt 0.358456 1.000265
vt 0.368769 1.000268
vt 5.849252 1.000421
vt 5.930061 1.000422
vt 6.219998 1.000423
vt 6.155354 1.000423
vt 0.352291 1.000283
vt 0.341977 1.000281
vt 0.308523 1.000274
vt 0.316774 1.000275
vt 6.155335 1.000402
vt 6.219970 1.000402
vt 6.155334 1.000402
vt 0.308512 1.000311
vt 0.316766 1.000313
vt 6.155357 1.000427
vt 5.930326 1.000424
vt 5.849539 1.000424
vt 0.341938 1.000298
vt 0.352250 1.000300
vt 5.849589 1.000431
vt 5.930385 1.000432
vt 5.930324 1.000433
vt 5.849532 1.000431
vt 0.341957 1.000306
vt 0.352269 1.000306
vt 6.211730 1.000412
vt 6.146632 1.000413
vt 0.341942 1.000307
vt 0.309466 1.000303
vt 0.317776 1.000303
vt 6.146690 1.000475
vt 6.211801 1.000477
vt 6.211801 1.000477
vt 6.146690 1.000475
vt 0.309459 1.000275
vt 0.317769 1.000275
vt 6.146664 1.000416
vt 6.211765 1.000415
vt 5.936296 1.000413
vt 5.855841 1.000412
vt 0.341263 1.000303
vt 0.351532 1.000305
vt 5.936269 1.000412
vt 5.855820 1.000412
vt 0.351550 1.000311
vt 0.341282 1.000313
vt 0.351551 1.000313
vt 0.348602 1.000304
vt 0.357775 1.000308
vt 0.358463 1.000310
vt 0.348196 1.000306
vt 5.836935 1.000410
vt 5.776278 1.000411
vt 5.763665 1.000412
vt 5.844117 1.000412
vt 0.527392 1.000386
vt 0.543156 1.000386
vt 0.565365 1.000386
vt 0.590942 1.000386
vt 0.616851 1.000386
vt 0.641714 1.000387
vt 0.664990 1.000386
vt 0.686442 1.000386
vt 0.705700 1.000386
vt 0.722133 1.000386
vt 0.735308 1.000387
vt 0.744969 1.000387
vt 0.750964 1.000386
vt 0.753215 1.000387
vt 0.751706 1.000387
vt 0.746483 1.000387
vt 0.737648 1.000387
vt 0.725364 1.000386
vt 0.709848 1.000387
vt 0.691385 1.000386
vt 0.670341 1.000386
vt 0.647193 1.000386
vt 0.622667 1.000386
vt 0.598129 1.000386
vt 0.576525 1.000386
vt 0.560948 1.000386
vt 0.545222 1.000386
vt 0.522983 1.000386
vt 0.497203 1.000386
vt 0.470861 1.000385
vt 0.445371 1.000385
vt 0.421507 1.000385
vt 0.399801 1.000385
vt 0.380671 1.000385
vt 0.364460 1.000385
vt 0.351450 1.000385
vt 0.341869 1.000385
vt 0.335892 1.000384
vt 0.333636 1.000384
vt 0.335165 1.000385
vt 0.340484 1.000385
vt 0.349535 1.000385
vt 0.362181 1.000385
vt 0.378146 1.000385
vt 0.396916 1.000385
vt 0.418001 1.000385
vt 0.441035 1.000385
vt 0.465494 1.000386
vt 0.490063 1.000386
vt 0.511751 1.000386
vt 1.012537 -0.326747
vt 0.992537 -0.326749
vt 0.992537 0.173247
vt 1.012537 0.173247
vt 0.939041 -0.326755
vt 0.919040 -0.326754
vt 0.919041 0.173247
vt 0.939042 0.173247
vt 0.866187 -0.326754
vt 0.846188 -0.326754
vt 0.846189 0.173247
vt 0.866188 0.173246
vt 0.794819 -0.326753
vt 0.774819 -0.326753
vt 0.774819 0.173247
vt 0.794819 0.173247
vt 0.725738 -0.326753
vt 0.705738 -0.326753
vt 0.705737 0.173247
vt 0.725740 0.173247
vt 0.659716 -0.326756
vt 0.639716 -0.326755
vt 0.639716 0.173246
vt 0.659714 0.173245
vt 0.597491 -0.326755
vt 0.577490 -0.326754
vt 0.577490 0.173247
vt 0.597491 0.173246
vt 0.539715 -0.326751
vt 0.519715 -0.326751
vt 0.519716 0.173248
vt 0.539715 0.173248
vt 0.486995 -0.326753
vt 0.466994 -0.326753
vt 0.466994 0.173247
vt 0.486995 0.173247
vt 0.439841 -0.326752
vt 0.419839 -0.326752
vt 0.419839 0.173248
vt 0.439841 0.173248
vt 0.398677 -0.326755
vt 0.378677 -0.326754
vt 0.378676 0.173247
vt 0.398677 0.173246
vt 0.363847 -0.326754
vt 0.343846 -0.326753
vt 0.343847 0.173247
vt 0.363847 0.173247
vt 0.335580 -0.326752
vt 0.315580 -0.326753
vt 0.315580 0.173247
vt 0.335580 0.173247
vt 0.314008 -0.326752
vt 0.294008 -0.326753
vt 0.294008 0.173247
vt 0.314008 0.173248
vt 0.299150 -0.326753
vt 0.279150 -0.326752
vt 0.279150 0.173248
vt 0.299150 0.173247
vt 0.290928 -0.326752
vt 0.270928 -0.326752
vt 0.270928 0.173247
vt 0.290929 0.173247
vt 0.289163 -0.326754
vt 0.269162 -0.326753
vt 0.269163 0.173247
vt 0.289162 0.173247
vt 0.293559 -0.326754
vt 0.273560 -0.326753
vt 0.273559 0.173247
vt 0.293560 0.173247
vt 0.303733 -0.326754
vt 0.283732 -0.326755
vt 0.283732 0.173246
vt 0.303732 0.173247
vt 0.319212 -0.326754
vt 0.299212 -0.326754
vt 0.299212 0.173247
vt 0.319212 0.173247
vt 0.339437 -0.326752
vt 0.319436 -0.326752
vt 0.319438 0.173249
vt 0.339436 0.173249
vt 0.363763 -0.326753
vt 0.343764 -0.326753
vt 0.343763 0.173248
vt 0.363764 0.173248
vt 0.391505 -0.326753
vt 0.371505 -0.326753
vt 0.371505 0.173247
vt 0.391505 0.173247
vt 0.421903 -0.326754
vt 0.401903 -0.326754
vt 0.401904 0.173247
vt 0.421903 0.173248
vt 0.454169 -0.326753
vt 0.434168 -0.326754
vt 0.434170 0.173247
vt 0.454168 0.173247
vt 0.487462 -0.326754
vt 0.467463 -0.326754
vt 0.467461 0.173247
vt 0.487463 0.173247
vt 0.520959 -0.326753
vt 0.500960 -0.326754
vt 0.500958 0.173247
vt 0.520960 0.173247
vt 0.553808 -0.326754
vt 0.533807 -0.326754
vt 0.533809 0.173247
vt 0.553807 0.173247
vt 0.585182 -0.326753
vt 0.565182 -0.326754
vt 0.565182 0.173247
vt 0.585182 0.173247
vt 0.614264 -0.326754
vt 0.594264 -0.326755
vt 0.594264 0.173247
vt 0.614264 0.173247
vt 0.640283 -0.326753
vt 0.620283 -0.326754
vt 0.620283 0.173247
vt 0.640283 0.173247
vt 0.662511 -0.326754
vt 0.642511 -0.326754
vt 0.642511 0.173247
vt 0.662511 0.173247
vt 0.680285 -0.326753
vt 0.660285 -0.326754
vt 0.660284 0.173246
vt 0.680285 0.173247
vt 0.693007 -0.326753
vt 0.673007 -0.326753
vt 0.673008 0.173247
vt 0.693007 0.173247
vt 0.700161 -0.326752
vt 0.680161 -0.326752
vt 0.680161 0.173248
vt 0.700161 0.173248
vt 0.701321 -0.326753
vt 0.681322 -0.326752
vt 0.681321 0.173248
vt 0.701322 0.173247
vt 0.696154 -0.326753
vt 0.676154 -0.326753
vt 0.676155 0.173247
vt 0.696154 0.173247
vt 0.684418 -0.326752
vt 0.664420 -0.326752
vt 0.664420 0.173248
vt 0.684420 0.173248
vt 0.665995 -0.326751
vt 0.645994 -0.326751
vt 0.645995 0.173248
vt 0.665995 0.173248
vt 0.640854 -0.326750
vt 0.620854 -0.326750
vt 0.620853 0.173249
vt 0.640853 0.173249
vt 0.609068 -0.326752
vt 0.589068 -0.326752
vt 0.589068 0.173248
vt 0.609069 0.173248
vt 0.570840 -0.326751
vt 0.550839 -0.326752
vt 0.550840 0.173248
vt 0.570838 0.173248
vt 0.526443 -0.326751
vt 0.506443 -0.326752
vt 0.506442 0.173249
vt 0.526444 0.173250
vt 0.476266 -0.326753
vt 0.456265 -0.326753
vt 0.456266 0.173247
vt 0.476265 0.173247
vt 0.420788 -0.326755
vt 0.400789 -0.326754
vt 0.400789 0.173247
vt 0.420789 0.173247
vt 0.360567 -0.326754
vt 0.340568 -0.326753
vt 0.340567 0.173247
vt 0.360568 0.173247
vt 0.296237 -0.326754
vt 0.276237 -0.326754
vt 0.276237 0.173247
vt 0.296237 0.173247
vt 0.228496 -0.326753
vt 0.208497 -0.326752
vt 0.208496 0.173247
vt 0.228497 0.173247
vt 0.158094 -0.326754
vt 0.138093 -0.326753
vt 0.138094 0.173247
vt 0.158093 0.173247
vt 0.085836 -0.326750
vt 0.065837 -0.326752
vt 0.065837 0.173247
vt 0.085837 0.173247
vt 1.012507 0.500013
vt 1.007465 0.500011
vt 0.988830 0.500012
vt 0.992508 0.500013
vt 0.085808 0.500015
vt 0.081208 0.500016
vt 0.062574 0.500017
vt 0.065808 0.500016
vt 0.081311 0.500021
vt 0.080296 0.500023
vt 0.062524 0.500023
vt 0.062677 0.500021
vt 1.006450 0.499997
vt 0.988674 0.499994
vt 0.988895 0.499995
vt 0.154067 0.499987
vt 0.153130 0.499987
vt 0.135358 0.499988
vt 0.135433 0.499989
vt 0.158083 0.500015
vt 0.153986 0.500014
vt 0.138082 0.500015
vt 0.225022 0.499989
vt 0.224169 0.499989
vt 0.206397 0.499990
vt 0.206387 0.499990
vt 0.293364 0.500036
vt 0.292602 0.500038
vt 0.274831 0.500037
vt 0.274730 0.500036
vt 0.358321 0.499993
vt 0.357654 0.499992
vt 0.339882 0.499992
vt 0.339687 0.499992
vt 0.419194 0.500022
vt 0.418625 0.500022
vt 0.400852 0.500022
vt 0.400559 0.500021
vt 0.475332 0.500030
vt 0.474864 0.500031
vt 0.457092 0.500032
vt 0.456698 0.500031
vt 0.526168 0.500000
vt 0.525799 0.499999
vt 0.508028 0.500001
vt 0.507535 0.500002
vt 0.571231 0.500018
vt 0.570963 0.500019
vt 0.553190 0.500019
vt 0.552595 0.500018
vt 0.610071 0.500015
vt 0.609898 0.500016
vt 0.592127 0.500016
vt 0.591438 0.500016
vt 0.642489 0.500000
vt 0.642414 0.500001
vt 0.624643 0.500001
vt 0.623857 0.500000
vt 0.668181 0.500008
vt 0.668191 0.500008
vt 0.650420 0.500008
vt 0.649548 0.500008
vt 0.616842 0.499993
vt 0.614684 0.499993
vt 0.594597 0.499994
vt 0.595770 0.499994
vt 0.699337 0.500029
vt 0.699506 0.500031
vt 0.681736 0.500033
vt 0.680704 0.500031
vt 0.704855 0.499995
vt 0.705092 0.499995
vt 0.687320 0.499995
vt 0.686221 0.499996
vt 0.704025 0.499991
vt 0.704317 0.499993
vt 0.686544 0.499993
vt 0.685388 0.499991
vt 0.697118 0.499981
vt 0.697456 0.499979
vt 0.679684 0.499980
vt 0.678482 0.499981
vt 0.684609 0.499988
vt 0.684980 0.499987
vt 0.667210 0.499987
vt 0.665974 0.499989
vt 0.666933 0.499975
vt 0.667330 0.499975
vt 0.649558 0.499977
vt 0.648296 0.499977
vt 0.644738 0.499972
vt 0.645142 0.499974
vt 0.627372 0.499975
vt 0.626101 0.499973
vt 0.618694 0.500050
vt 0.619096 0.500051
vt 0.601324 0.500051
vt 0.600053 0.500050
vt 0.589480 0.500003
vt 0.589865 0.500005
vt 0.572093 0.500003
vt 0.570839 0.500002
vt 0.557859 0.500006
vt 0.558208 0.500005
vt 0.540435 0.500006
vt 0.539215 0.500007
vt 0.524765 0.499995
vt 0.525071 0.499995
vt 0.507298 0.499995
vt 0.506120 0.499995
vt 0.490981 0.499973
vt 0.491232 0.499974
vt 0.473458 0.499973
vt 0.472332 0.499971
vt 0.457192 0.500040
vt 0.457375 0.500040
vt 0.439604 0.500041
vt 0.438547 0.500041
vt 0.424460 0.499979
vt 0.424563 0.499979
vt 0.406791 0.499980
vt 0.405812 0.499979
vt 0.393513 0.499920
vt 0.393525 0.499918
vt 0.375753 0.499919
vt 0.374864 0.499921
vt 0.365258 0.499977
vt 0.365178 0.499976
vt 0.347406 0.499975
vt 0.346609 0.499977
vt 0.340198 0.499915
vt 0.340010 0.499914
vt 0.322237 0.499912
vt 0.321544 0.499913
vt 0.319426 0.499998
vt 0.319135 0.499997
vt 0.301365 0.499998
vt 0.300775 0.499999
vt 0.303367 0.500038
vt 0.302969 0.500041
vt 0.285198 0.500041
vt 0.284716 0.500039
vt 0.292476 0.500036
vt 0.291968 0.500036
vt 0.274195 0.500033
vt 0.273823 0.500033
vt 0.287455 0.500039
vt 0.286841 0.500039
vt 0.269069 0.500039
vt 0.268804 0.500040
vt 0.288571 0.499999
vt 0.287851 0.500000
vt 0.270078 0.500000
vt 0.269920 0.499999
vt 0.296236 0.500011
vt 0.295418 0.500011
vt 0.277648 0.500011
vt 0.277586 0.500011
vt 0.310456 0.500001
vt 0.309544 0.500002
vt 0.291772 0.500002
vt 0.291807 0.500000
vt 0.331600 0.500001
vt 0.330606 0.500003
vt 0.312833 0.500003
vt 0.312952 0.500001
vt 0.359264 0.500020
vt 0.358190 0.500019
vt 0.340418 0.500020
vt 0.340617 0.500020
vt 0.393688 0.500021
vt 0.392550 0.500022
vt 0.374779 0.500023
vt 0.375043 0.500023
vt 0.434469 0.500014
vt 0.433278 0.500015
vt 0.415507 0.500015
vt 0.415825 0.500014
vt 0.481309 0.500005
vt 0.480079 0.500008
vt 0.462308 0.500012
vt 0.462667 0.500009
vt 0.533827 0.499973
vt 0.532570 0.499972
vt 0.514796 0.499973
vt 0.515184 0.499973
vt 0.591441 0.499988
vt 0.590170 0.499986
vt 0.572400 0.499988
vt 0.572803 0.499990
vt 0.653717 0.500009
vt 0.652447 0.500009
vt 0.634672 0.500008
vt 0.635074 0.500008
vt 0.719728 0.500011
vt 0.718467 0.500011
vt 0.700694 0.500013
vt 0.701089 0.500013
vt 0.789006 0.500061
vt 0.787775 0.500063
vt 0.770005 0.500064
vt 0.770371 0.500062
vt 0.860482 0.499964
vt 0.859287 0.499963
vt 0.841517 0.499964
vt 0.841848 0.499965
vt 0.933580 0.499997
vt 0.932432 0.499996
vt 0.914660 0.499994
vt 0.914945 0.499995
vt 0.939006 0.500013
vt 0.914960 0.500014
vt 0.919006 0.500013
vt 0.866161 0.500018
vt 0.846161 0.500018
vt 0.794796 0.500021
vt 0.788869 0.500022
vt 0.770232 0.500022
vt 0.774795 0.500021
vt 0.725729 0.500012
vt 0.701034 0.500012
vt 0.705730 0.500011
vt 0.659705 0.500012
vt 0.653598 0.500013
vt 0.634959 0.500013
vt 0.639703 0.500011
vt 0.597465 0.500009
vt 0.577466 0.500009
vt 0.539707 0.500015
vt 0.515124 0.500017
vt 0.519709 0.500016
vt 0.486982 0.500010
vt 0.481243 0.500011
vt 0.462599 0.500011
vt 0.466982 0.500010
vt 0.439824 0.500008
vt 0.434367 0.500009
vt 0.415723 0.500009
vt 0.419824 0.500008
vt 0.398681 0.500014
vt 0.393583 0.500014
vt 0.374935 0.500014
vt 0.378680 0.500014
vt 0.363847 0.500003
vt 0.359176 0.500002
vt 0.340528 0.500002
vt 0.343846 0.500002
vt 0.335568 0.500011
vt 0.331388 0.500012
vt 0.312740 0.500012
vt 0.315569 0.500011
vt 0.313992 0.499994
vt 0.310355 0.499993
vt 0.291706 0.499993
vt 0.293993 0.499994
vt 0.299143 0.500007
vt 0.296096 0.500008
vt 0.277447 0.500009
vt 0.279144 0.500008
vt 0.290935 0.500008
vt 0.288515 0.500009
vt 0.270936 0.500008
vt 0.289175 0.500007
vt 0.287409 0.500008
vt 0.269175 0.500007
vt 0.293572 0.500013
vt 0.273573 0.500013
vt 0.303749 0.500005
vt 0.303331 0.500005
vt 0.283749 0.500005
vt 0.319240 0.500016
vt 0.319496 0.500017
vt 0.299239 0.500017
vt 0.339458 0.500008
vt 0.340372 0.500008
vt 0.321722 0.500008
vt 0.319457 0.500008
vt 0.363773 0.500005
vt 0.346672 0.500004
vt 0.343773 0.500005
vt 0.391537 0.500007
vt 0.393686 0.500008
vt 0.375036 0.500008
vt 0.371537 0.500006
vt 0.421934 0.500007
vt 0.424639 0.500008
vt 0.405990 0.500008
vt 0.401934 0.500006
vt 0.454186 0.500008
vt 0.457390 0.500010
vt 0.438744 0.500010
vt 0.434185 0.500009
vt 0.487476 0.500008
vt 0.491125 0.500010
vt 0.472478 0.500009
vt 0.467477 0.500007
vt 0.520992 0.500008
vt 0.525013 0.500008
vt 0.506368 0.500008
vt 0.500992 0.500008
vt 0.553843 0.500011
vt 0.558165 0.500011
vt 0.539521 0.500011
vt 0.533843 0.500011
vt 0.585211 0.500009
vt 0.589758 0.500010
vt 0.571117 0.500011
vt 0.565211 0.500010
vt 0.614286 0.500003
vt 0.618974 0.500003
vt 0.600333 0.500003
vt 0.594286 0.500003
vt 0.640316 0.500020
vt 0.645060 0.500019
vt 0.626420 0.500019
vt 0.620315 0.500020
vt 0.662538 0.500010
vt 0.667254 0.500011
vt 0.648615 0.500010
vt 0.642537 0.500008
vt 0.680318 0.500018
vt 0.684919 0.500018
vt 0.666282 0.500018
vt 0.660318 0.500019
vt 0.693021 0.500009
vt 0.697424 0.500009
vt 0.678786 0.500009
vt 0.673021 0.500009
vt 0.700171 0.500018
vt 0.704297 0.500019
vt 0.685663 0.500019
vt 0.680170 0.500018
vt 0.701341 0.500011
vt 0.705114 0.500012
vt 0.686479 0.500013
vt 0.681341 0.500010
vt 0.696151 0.500010
vt 0.699497 0.500010
vt 0.680863 0.500011
vt 0.676151 0.500010
vt 0.684389 0.500010
vt 0.687242 0.500011
vt 0.668610 0.500011
vt 0.664389 0.500011
vt 0.666021 0.500024
vt 0.668332 0.500027
vt 0.649697 0.500026
vt 0.646020 0.500025
vt 0.640836 0.500004
vt 0.642551 0.500004
vt 0.620837 0.500005
vt 0.609052 0.500013
vt 0.591499 0.500015
vt 0.589052 0.500014
vt 0.570848 0.500018
vt 0.571269 0.500019
vt 0.550848 0.500018
vt 0.526430 0.500013
vt 0.506431 0.500014
vt 0.476263 0.500010
vt 0.456262 0.500010
vt 0.420770 0.500020
vt 0.419145 0.500021
vt 0.400511 0.500021
vt 0.400770 0.500020
vt 0.360546 0.500013
vt 0.339619 0.500014
vt 0.340546 0.500013
vt 0.296210 0.500012
vt 0.293277 0.500012
vt 0.274643 0.500011
vt 0.276210 0.500011
vt 0.228483 0.500018
vt 0.224947 0.500019
vt 0.206312 0.500019
vt 0.208484 0.500018
vt 0.220910 -0.151482
vt 0.250515 -0.157129
vt 0.279180 -0.166443
vt 0.306451 -0.179275
vt 0.331898 -0.195425
vt 0.355121 -0.214637
vt 0.375753 -0.236607
vt 0.393469 -0.260991
vt 0.407989 -0.287402
vt 0.419084 -0.315425
vt 0.426579 -0.344618
vt 0.430357 -0.374519
vt 0.430354 -0.404659
vt 0.426580 -0.434561
vt 0.419084 -0.463753
vt 0.407986 -0.491776
vt 0.393470 -0.518187
vt 0.375750 -0.542571
vt 0.355121 -0.564542
vt 0.331898 -0.583753
vt 0.306451 -0.599903
vt 0.279180 -0.612736
vt 0.250515 -0.622049
vt 0.220910 -0.627697
vt 0.190833 -0.629589
vt 0.160751 -0.627697
vt 0.131141 -0.622049
vt 0.102480 -0.612735
vt 0.075209 -0.599903
vt 0.049762 -0.583753
vt 0.026540 -0.564542
vt 0.005908 -0.542571
vt -0.011811 -0.518188
vt -0.026328 -0.491776
vt -0.037422 -0.463753
vt -0.044921 -0.434561
vt -0.048695 -0.404659
vt -0.048695 -0.374519
vt -0.044921 -0.344617
vt -0.037422 -0.315425
vt -0.026328 -0.287402
vt -0.011811 -0.260991
vt 0.005908 -0.236607
vt 0.026540 -0.214637
vt 0.049762 -0.195425
vt 0.075209 -0.179276
vt 0.102480 -0.166443
vt 0.131144 -0.157129
vt 0.160750 -0.151482
vt 0.190830 -0.149589
vt 1.016772 -0.097975
vt 0.996770 -0.097975
vt 0.996773 -0.047825
vt 1.016775 -0.047825
vt 0.200893 -0.367856
vt 0.170813 -0.365963
vt 0.140733 -0.367856
vt 0.154900 -0.526651
vt 0.191863 -0.526651
vt 0.191863 -0.689659
vt 0.200893 -0.844071
vt 0.230498 -0.838423
vt 0.259163 -0.829109
vt 0.286433 -0.816276
vt 0.311881 -0.800127
vt 0.335104 -0.780915
vt 0.355736 -0.758945
vt 0.373451 -0.734561
vt 0.387971 -0.708150
vt 0.399066 -0.680127
vt 0.406562 -0.650935
vt 0.410339 -0.621033
vt 0.410339 -0.590893
vt 0.406562 -0.560991
vt 0.399066 -0.531799
vt 0.387971 -0.503776
vt 0.373451 -0.477365
vt 0.355736 -0.452981
vt 0.335104 -0.431010
vt 0.311881 -0.411799
vt 0.286434 -0.395649
vt 0.259163 -0.382817
vt 0.230498 -0.373503
vt 0.108110 -0.097961
vt 0.088110 -0.097959
vt 0.088110 -0.047808
vt 0.108110 -0.047810
vt 8.783367 0.121096
vt 8.925516 0.107157
vt 8.968831 0.107157
vt 8.828133 0.121096
vt -0.560251 1.000307
vt -0.545405 1.000310
vt 0.259724 1.000306
vt 0.271844 1.000304
vt 2.952978 0.124721
vt 2.996839 0.110789
vt 2.982125 0.110788
vt 2.937772 0.124720
vt 0.198048 -0.097993
vt 0.178048 -0.097992
vt 0.178048 -0.047841
vt 0.198048 -0.047842
vt 2.366307 0.131608
vt 2.399441 0.117668
vt 2.381830 0.117666
vt 2.348105 0.131606
vt 2.104333 0.141916
vt 2.132169 0.127981
vt 2.113768 0.127982
vt 2.085314 0.141917
vt 1.942340 0.155273
vt 1.966614 0.141331
vt 1.947877 0.141327
vt 1.922975 0.155269
vt 1.826268 0.171656
vt 1.847814 0.157719
vt 1.828884 0.157716
vt 1.806705 0.171653
vt 1.735223 0.190634
vt 1.754540 0.176702
vt 1.735483 0.176700
vt 1.715528 0.190632
vt 1.658596 0.211922
vt 1.676012 0.197983
vt 1.656866 0.197980
vt 1.638809 0.211919
vt 1.590533 0.235387
vt 1.606284 0.221454
vt 1.587076 0.221451
vt 1.570681 0.235384
vt 1.527266 0.259798
vt 1.541525 0.245856
vt 1.522264 0.245868
vt 1.507360 0.259811
vt 1.466448 0.286567
vt 1.479349 0.272623
vt 1.460054 0.272625
vt 1.446507 0.286566
vt 1.406221 0.313759
vt 1.417872 0.299821
vt 1.398549 0.299821
vt 1.386247 0.313755
vt 1.344885 0.341260
vt 1.355374 0.327316
vt 1.336049 0.327321
vt 1.324919 0.341262
vt 1.283744 0.369002
vt 1.293144 0.355068
vt 1.273774 0.355070
vt 1.263725 0.369005
vt 1.220030 0.395976
vt 1.228397 0.382037
vt 1.209007 0.382042
vt 1.199992 0.395977
vt 1.154345 0.421977
vt 1.161727 0.408036
vt 1.142327 0.408043
vt 1.134296 0.421984
vt 1.086320 0.447278
vt 1.092760 0.433339
vt 1.073343 0.433337
vt 1.066253 0.447276
vt 1.016220 0.470630
vt 1.021743 0.456686
vt 1.002317 0.456682
vt 0.996143 0.470627
vt 0.943930 0.491804
vt 0.948579 0.477869
vt 0.929146 0.477868
vt 0.923845 0.491803
vt 0.869786 0.510623
vt 0.873572 0.496685
vt 0.854133 0.496686
vt 0.849696 0.510624
vt 0.794162 0.526872
vt 0.797103 0.512937
vt 0.777657 0.512937
vt 0.774064 0.526872
vt 0.717224 0.540080
vt 0.719337 0.526131
vt 0.699891 0.526132
vt 0.697126 0.540081
vt 0.639397 0.550137
vt 0.640689 0.536191
vt 0.621243 0.536191
vt 0.619300 0.550137
vt 0.561199 0.556950
vt 0.561683 0.543011
vt 0.542237 0.543013
vt 0.541102 0.556952
vt 0.483131 0.560306
vt 0.482805 0.546365
vt 0.463362 0.546364
vt 0.463036 0.560305
vt 0.405608 0.560323
vt 0.404476 0.546381
vt 0.385035 0.546381
vt 0.385515 0.560323
vt 0.328803 0.556689
vt 0.326856 0.542742
vt 0.307411 0.542740
vt 0.308706 0.556687
vt 0.253302 0.549765
vt 0.250541 0.535825
vt 0.231094 0.535822
vt 0.233204 0.549762
vt 0.179387 0.539465
vt 0.175794 0.525519
vt 0.156350 0.525519
vt 0.159292 0.539464
vt 0.107565 0.526135
vt 0.103129 0.512203
vt 0.083690 0.512205
vt 0.087475 0.526137
vt 0.037974 0.509886
vt 0.032677 0.495955
vt 0.013245 0.495956
vt 0.017891 0.509887
vt -0.029065 0.490755
vt -0.035245 0.476817
vt -0.054669 0.476818
vt -0.049139 0.490757
vt -0.093544 0.469507
vt -0.100632 0.455577
vt -0.120045 0.455579
vt -0.113607 0.469509
vt -0.155424 0.445969
vt -0.163457 0.432032
vt -0.182859 0.432031
vt -0.175476 0.445968
vt -0.214736 0.421191
vt -0.223751 0.407261
vt -0.243140 0.407264
vt -0.234774 0.421196
vt -0.272015 0.394562
vt -0.282064 0.380622
vt -0.301434 0.380622
vt -0.292035 0.394563
vt -0.327411 0.367625
vt -0.338550 0.353691
vt -0.357900 0.353690
vt -0.347409 0.367623
vt -0.375395 0.339919
vt -0.387564 0.325982
vt -0.407014 0.325984
vt -0.395497 0.339921
vt -0.435750 0.312343
vt -0.449293 0.298406
vt -0.468589 0.298404
vt -0.455689 0.312342
vt -0.491001 0.285302
vt -0.505905 0.271360
vt -0.525160 0.271359
vt -0.510902 0.285299
vt -0.549247 0.258941
vt -0.565639 0.245002
vt -0.584844 0.245002
vt -0.569094 0.258943
vt -0.612884 0.234054
vt -0.630939 0.220122
vt -0.650083 0.220121
vt -0.632670 0.234053
vt -0.686101 0.210675
vt -0.706061 0.196728
vt -0.725121 0.196727
vt -0.705800 0.210673
vt -0.774742 0.189522
vt -0.796920 0.175590
vt -0.815855 0.175589
vt -0.794312 0.189521
vt -0.889418 0.170677
vt -0.914317 0.156737
vt -0.933061 0.156740
vt -0.908791 0.170680
vt -1.051530 0.154397
vt -1.079984 0.140450
vt -1.098389 0.140451
vt -1.070552 0.154399
vt -1.315454 0.141271
vt -1.349153 0.127333
vt -1.366801 0.127335
vt -1.333693 0.141274
vt -1.909946 0.131191
vt -1.954256 0.117257
vt -1.969146 0.117254
vt -1.925335 0.131187
vt -7.902762 0.124389
vt -8.043842 0.110458
vt -8.003024 0.110456
vt -7.860575 0.124386
vt 0.925172 -0.097971
vt 0.905173 -0.097970
vt 0.905174 -0.047819
vt 0.925173 -0.047820
vt 0.834466 -0.097969
vt 0.814466 -0.097969
vt 0.814465 -0.047819
vt 0.834465 -0.047819
vt 0.745700 -0.097973
vt 0.725700 -0.097971
vt 0.725699 -0.047816
vt 0.745699 -0.047818
vt 0.660011 -0.097974
vt 0.640011 -0.097975
vt 0.640010 -0.047823
vt 0.660010 -0.047822
vt 0.578409 -0.097999
vt 0.558408 -0.097997
vt 0.558409 -0.047841
vt 0.578410 -0.047844
vt 0.501885 -0.097984
vt 0.481886 -0.097983
vt 0.481887 -0.047829
vt 0.501885 -0.047829
vt 0.431348 -0.097984
vt 0.411347 -0.097984
vt 0.411348 -0.047833
vt 0.431348 -0.047835
vt 0.369528 -0.097976
vt 0.349529 -0.097977
vt 0.349443 -0.047825
vt 0.369442 -0.047824
vt 0.311928 -0.098026
vt 0.292017 -0.098030
vt 0.291981 -0.047879
vt 0.311891 -0.047878
vt 0.269291 -0.098011
vt 0.249277 -0.098009
vt 0.248989 -0.047857
vt 0.269004 -0.047856
vt 0.223140 -0.097970
vt 0.203141 -0.097972
vt 0.203137 -0.047822
vt 0.223136 -0.047820
vt 0.192000 -0.097979
vt 0.172003 -0.097980
vt 0.172003 -0.047831
vt 0.191999 -0.047829
vt 0.169929 -0.097982
vt 0.149930 -0.097985
vt 0.149928 -0.047834
vt 0.169926 -0.047832
vt 0.156751 -0.098009
vt 0.136751 -0.098011
vt 0.136753 -0.047861
vt 0.156752 -0.047860
vt 0.153992 -0.097997
vt 0.134051 -0.098001
vt 0.133987 -0.047851
vt 0.153928 -0.047847
vt 0.156936 -0.098957
vt 0.136936 -0.100192
vt 0.136936 -0.049839
vt 0.156935 -0.048694
vt 0.169577 -0.098019
vt 0.149576 -0.098021
vt 0.149578 -0.047869
vt 0.169579 -0.047867
vt 0.189981 -0.097971
vt 0.169981 -0.097971
vt 0.169980 -0.047817
vt 0.189980 -0.047818
vt 0.217446 -0.098007
vt 0.197446 -0.098007
vt 0.197447 -0.047853
vt 0.217446 -0.047854
vt 0.251294 -0.100086
vt 0.231293 -0.101302
vt 0.231292 -0.050903
vt 0.251293 -0.049740
vt 0.290611 -0.097971
vt 0.270612 -0.097970
vt 0.270613 -0.047817
vt 0.290613 -0.047817
vt 0.334502 -0.097970
vt 0.314502 -0.097971
vt 0.314503 -0.047823
vt 0.334503 -0.047822
vt 0.381953 -0.097975
vt 0.361953 -0.097976
vt 0.361956 -0.047822
vt 0.381956 -0.047822
vt 0.431887 -0.099397
vt 0.411887 -0.099794
vt 0.411886 -0.048297
vt 0.431887 -0.048057
vt 0.483223 -0.097167
vt 0.463223 -0.096684
vt 0.463222 -0.046604
vt 0.483222 -0.047071
vt 0.534813 -0.097997
vt 0.514813 -0.097996
vt 0.514813 -0.047845
vt 0.534813 -0.047846
vt 0.585541 -0.097967
vt 0.565540 -0.097967
vt 0.565539 -0.047816
vt 0.585540 -0.047816
vt 0.634296 -0.097964
vt 0.614296 -0.097964
vt 0.614297 -0.047811
vt 0.634297 -0.047811
vt 0.679975 -0.098009
vt 0.659975 -0.098007
vt 0.659975 -0.047858
vt 0.679976 -0.047859
vt 0.721569 -0.097934
vt 0.701568 -0.097936
vt 0.701568 -0.047786
vt 0.721569 -0.047784
vt 0.758090 -0.097938
vt 0.738089 -0.097939
vt 0.738088 -0.047788
vt 0.758089 -0.047788
vt 0.788642 -0.097980
vt 0.768644 -0.097980
vt 0.768644 -0.047827
vt 0.788642 -0.047827
vt 0.811158 -0.098022
vt 0.791160 -0.098022
vt 0.791217 -0.047865
vt 0.811214 -0.047866
vt 0.828116 -0.098183
vt 0.808146 -0.098178
vt 0.808174 -0.048025
vt 0.828146 -0.048030
vt 0.837081 -0.098020
vt 0.817080 -0.098017
vt 0.817079 -0.047865
vt 0.837080 -0.047868
vt 0.836933 -0.098023
vt 0.816933 -0.098022
vt 0.816933 -0.047870
vt 0.836933 -0.047871
vt 0.827988 -0.097984
vt 0.807988 -0.097983
vt 0.807989 -0.047832
vt 0.827988 -0.047832
vt 0.810096 -0.098015
vt 0.790097 -0.098015
vt 0.790099 -0.047863
vt 0.810098 -0.047862
vt 0.782895 -0.098045
vt 0.762927 -0.098039
vt 0.762928 -0.047887
vt 0.782898 -0.047890
vt 0.746873 -0.098159
vt 0.726895 -0.098150
vt 0.726920 -0.047997
vt 0.746898 -0.048004
vt 0.703025 -0.098002
vt 0.683026 -0.097999
vt 0.683029 -0.047847
vt 0.703029 -0.047850
vt 0.650415 -0.097969
vt 0.630414 -0.097969
vt 0.630413 -0.047818
vt 0.650414 -0.047818
vt 0.590026 -0.097968
vt 0.570025 -0.097968
vt 0.570027 -0.047820
vt 0.590027 -0.047821
vt 0.522547 -0.098005
vt 0.502547 -0.098003
vt 0.502546 -0.047854
vt 0.522546 -0.047857
vt 0.448727 -0.097980
vt 0.428726 -0.097980
vt 0.428726 -0.047829
vt 0.448726 -0.047829
vt 0.369389 -0.097970
vt 0.349389 -0.097970
vt 0.349388 -0.047818
vt 0.369388 -0.047818
vt 0.285498 -0.097957
vt 0.265498 -0.097957
vt 0.265498 -0.047806
vt 0.285498 -0.047806
vt 0.154900 -0.689659
vt 0.111127 -0.373503
vt 0.082463 -0.382816
vt 0.055192 -0.395649
vt 0.029744 -0.411799
vt 0.006521 -0.431011
vt -0.014111 -0.452981
vt -0.031826 -0.477364
vt -0.046346 -0.503776
vt -0.057441 -0.531799
vt -0.064936 -0.560991
vt -0.068714 -0.590893
vt -0.068714 -0.621033
vt -0.064936 -0.650934
vt -0.057441 -0.680127
vt -0.046346 -0.708150
vt -0.031826 -0.734561
vt -0.014111 -0.758945
vt 0.006521 -0.780915
vt 0.029744 -0.800127
vt 0.055192 -0.816276
vt 0.082463 -0.829109
vt 0.111127 -0.838423
vt 0.140733 -0.844070
vt 0.170813 -0.845963
vt 1.039192 -0.326742
vt 1.019192 -0.326746
vt 1.019187 0.173247
vt 1.039187 0.173247
vt 1.018565 -0.326753
vt 0.998565 -0.326753
vt 0.998573 0.173247
vt 1.018573 0.173247
vt 0.997342 -0.326755
vt 0.977343 -0.326754
vt 0.977339 0.173247
vt 0.997339 0.173247
vt 0.975527 -0.326754
vt 0.955527 -0.326753
vt 0.955528 0.173247
vt 0.975527 0.173247
vt 0.953152 -0.326752
vt 0.933152 -0.326752
vt 0.933152 0.173247
vt 0.953152 0.173247
vt 0.930254 -0.326753
vt 0.910254 -0.326753
vt 0.910254 0.173247
vt 0.930254 0.173247
vt 0.906878 -0.326752
vt 0.886879 -0.326752
vt 0.886877 0.173247
vt 0.906877 0.173247
vt 0.883077 -0.326753
vt 0.863077 -0.326753
vt 0.863080 0.173247
vt 0.883080 0.173247
vt 0.858916 -0.326753
vt 0.838916 -0.326753
vt 0.838916 0.173247
vt 0.858916 0.173247
vt 0.834456 -0.326753
vt 0.814456 -0.326753
vt 0.814455 0.173247
vt 0.834455 0.173247
vt 0.809763 -0.326753
vt 0.789763 -0.326753
vt 0.789763 0.173247
vt 0.809763 0.173247
vt 0.784919 -0.326753
vt 0.764919 -0.326753
vt 0.764919 0.173247
vt 0.784919 0.173247
vt 0.760000 -0.326753
vt 0.740000 -0.326753
vt 0.740000 0.173247
vt 0.760000 0.173247
vt 0.735081 -0.326753
vt 0.715081 -0.326753
vt 0.715081 0.173247
vt 0.735081 0.173247
vt 0.710238 -0.326753
vt 0.690238 -0.326753
vt 0.690238 0.173247
vt 0.710238 0.173247
vt 0.685543 -0.326753
vt 0.665543 -0.326753
vt 0.665543 0.173247
vt 0.685543 0.173247
vt 0.661087 -0.326753
vt 0.641087 -0.326753
vt 0.641087 0.173247
vt 0.661087 0.173247
vt 0.636922 -0.326753
vt 0.616922 -0.326753
vt 0.616921 0.173247
vt 0.636921 0.173247
vt 0.613121 -0.326752
vt 0.593121 -0.326752
vt 0.593123 0.173247
vt 0.613123 0.173247
vt 0.589749 -0.326753
vt 0.569749 -0.326752
vt 0.569745 0.173247
vt 0.589745 0.173247
vt 0.566846 -0.326753
vt 0.546846 -0.326753
vt 0.546849 0.173247
vt 0.566849 0.173247
vt 0.544473 -0.326753
vt 0.524472 -0.326754
vt 0.524473 0.173247
vt 0.544473 0.173247
vt 0.522658 -0.326753
vt 0.502658 -0.326753
vt 0.502658 0.173247
vt 0.522658 0.173247
vt 0.501436 -0.326752
vt 0.481435 -0.326752
vt 0.481432 0.173247
vt 0.501432 0.173247
vt 0.480809 -0.326753
vt 0.460809 -0.326754
vt 0.460813 0.173247
vt 0.480813 0.173247
vt 0.440818 -0.326756
vt 0.440814 0.173247
vt 0.441428 -0.326753
vt 0.421428 -0.326753
vt 0.421432 0.173247
vt 0.441432 0.173247
vt 0.422658 -0.326753
vt 0.402658 -0.326753
vt 0.402658 0.173247
vt 0.422658 0.173247
vt 0.404473 -0.326754
vt 0.384472 -0.326755
vt 0.384476 0.173247
vt 0.404476 0.173247
vt 0.386849 -0.326753
vt 0.366849 -0.326752
vt 0.366849 0.173247
vt 0.386849 0.173247
vt 0.369747 -0.326753
vt 0.349747 -0.326752
vt 0.349745 0.173247
vt 0.369745 0.173247
vt 0.353122 -0.326753
vt 0.333122 -0.326753
vt 0.333122 0.173247
vt 0.353122 0.173247
vt 0.336922 -0.326753
vt 0.316922 -0.326753
vt 0.316921 0.173247
vt 0.336921 0.173247
vt 0.321084 -0.326753
vt 0.301084 -0.326753
vt 0.301083 0.173247
vt 0.321083 0.173247
vt 0.305546 -0.326753
vt 0.285546 -0.326753
vt 0.285547 0.173247
vt 0.305547 0.173247
vt 0.290238 -0.326753
vt 0.270238 -0.326753
vt 0.270238 0.173247
vt 0.290237 0.173247
vt 0.275077 -0.326753
vt 0.255077 -0.326753
vt 0.255077 0.173247
vt 0.275077 0.173247
vt 0.260000 -0.326753
vt 0.240000 -0.326753
vt 0.240002 0.173247
vt 0.260000 0.173247
vt 0.244917 -0.326753
vt 0.224917 -0.326753
vt 0.224917 0.173247
vt 0.244917 0.173247
vt 0.229769 -0.326753
vt 0.209769 -0.326753
vt 0.209769 0.173247
vt 0.229769 0.173247
vt 0.214454 -0.326753
vt 0.194454 -0.326753
vt 0.194454 0.173247
vt 0.214454 0.173247
vt 0.198916 -0.326753
vt 0.178916 -0.326753
vt 0.178916 0.173247
vt 0.198916 0.173247
vt 0.183078 -0.326752
vt 0.163078 -0.326752
vt 0.163079 0.173247
vt 0.183079 0.173247
vt 0.166879 -0.326753
vt 0.146880 -0.326753
vt 0.146878 0.173247
vt 0.166878 0.173247
vt 0.150253 -0.326753
vt 0.130253 -0.326753
vt 0.130256 0.173247
vt 0.150256 0.173247
vt 0.133155 -0.326753
vt 0.113155 -0.326753
vt 0.113149 0.173247
vt 0.133149 0.173247
vt 0.115525 -0.326753
vt 0.095525 -0.326753
vt 0.095528 0.173247
vt 0.115528 0.173247
vt 0.097343 -0.326753
vt 0.077343 -0.326753
vt 0.077343 0.173247
vt 0.097343 0.173247
vt 0.078573 -0.326753
vt 0.058573 -0.326753
vt 0.058573 0.173247
vt 0.078573 0.173247
vt 0.059183 -0.326742
vt 0.039183 -0.326746
vt 0.039183 0.173247
vt 0.059183 0.173247
vt 1.039189 0.500013
vt 1.034147 0.500014
vt 1.015512 0.500013
vt 1.019190 0.500012
vt 0.059184 0.500013
vt 0.054587 0.500013
vt 0.035953 0.500013
vt 0.039183 0.500013
vt 0.054741 0.500005
vt 0.053726 0.500005
vt 0.035954 0.500005
vt 0.036107 0.500005
vt 1.034310 0.500002
vt 1.033228 0.500004
vt 1.015457 0.500005
vt 1.015676 0.500003
vt 0.074612 0.500002
vt 0.073675 0.500000
vt 0.055903 0.500002
vt 0.055978 0.500004
vt 0.078573 0.500011
vt 0.074475 0.500013
vt 0.055840 0.500013
vt 0.058573 0.500011
vt 0.093923 0.500006
vt 0.093071 0.500007
vt 0.075299 0.500006
vt 0.075289 0.500005
vt 0.112690 0.500004
vt 0.111928 0.500004
vt 0.094156 0.500004
vt 0.094056 0.500004
vt 0.130929 0.500004
vt 0.130262 0.500006
vt 0.112490 0.500006
vt 0.112295 0.500004
vt 0.148670 0.500006
vt 0.148100 0.500006
vt 0.130036 0.500006
vt 0.165947 0.500005
vt 0.165478 0.500005
vt 0.147706 0.500005
vt 0.147313 0.500004
vt 0.182803 0.500003
vt 0.182434 0.500003
vt 0.164662 0.500004
vt 0.164169 0.500003
vt 0.199288 0.500005
vt 0.199019 0.500005
vt 0.181247 0.500005
vt 0.180654 0.500005
vt 0.215457 0.500005
vt 0.215286 0.500005
vt 0.197514 0.500005
vt 0.196823 0.500005
vt 0.231372 0.500004
vt 0.231295 0.500003
vt 0.213523 0.500005
vt 0.212738 0.500004
vt 0.247094 0.500004
vt 0.247105 0.500004
vt 0.229333 0.500005
vt 0.228460 0.500005
vt 0.262696 0.500005
vt 0.262791 0.500005
vt 0.245018 0.500004
vt 0.244061 0.500005
vt 0.278247 0.500006
vt 0.278416 0.500004
vt 0.260645 0.500006
vt 0.259613 0.500008
vt 0.293810 0.500004
vt 0.294046 0.500005
vt 0.276274 0.500005
vt 0.275175 0.500004
vt 0.309465 0.500006
vt 0.309758 0.500006
vt 0.291985 0.500007
vt 0.290829 0.500007
vt 0.325272 0.500003
vt 0.325613 0.500003
vt 0.307841 0.500002
vt 0.306636 0.500002
vt 0.341307 0.500005
vt 0.341680 0.500005
vt 0.323909 0.500005
vt 0.322670 0.500005
vt 0.357624 0.500006
vt 0.358019 0.500006
vt 0.340247 0.500007
vt 0.338985 0.500006
vt 0.374284 0.500005
vt 0.374688 0.500005
vt 0.356917 0.500006
vt 0.355645 0.500006
vt 0.391340 0.500004
vt 0.391739 0.500003
vt 0.373967 0.500003
vt 0.372700 0.500004
vt 0.408836 0.500003
vt 0.409220 0.500002
vt 0.391448 0.500001
vt 0.390195 0.500001
vt 0.426814 0.500003
vt 0.427166 0.500003
vt 0.409395 0.500002
vt 0.408173 0.500002
vt 0.445302 0.500006
vt 0.445610 0.500006
vt 0.427838 0.500006
vt 0.426658 0.500006
vt 0.464332 0.500006
vt 0.464580 0.500005
vt 0.446809 0.500005
vt 0.445687 0.500006
vt 0.483909 0.500003
vt 0.484088 0.500004
vt 0.466318 0.500004
vt 0.465264 0.500003
vt 0.504044 0.500004
vt 0.504146 0.500005
vt 0.486374 0.500006
vt 0.485396 0.500005
vt 0.524726 0.500003
vt 0.524742 0.500002
vt 0.506969 0.500001
vt 0.506075 0.500002
vt 0.545968 0.500003
vt 0.545885 0.500003
vt 0.528114 0.500002
vt 0.527318 0.500002
vt 0.567724 0.500002
vt 0.567540 0.500004
vt 0.549767 0.500003
vt 0.549073 0.500001
vt 0.589978 0.500002
vt 0.589689 0.500003
vt 0.571916 0.500002
vt 0.571326 0.500001
vt 0.612700 0.500003
vt 0.612301 0.500005
vt 0.594530 0.500004
vt 0.594049 0.500003
vt 0.635837 0.500005
vt 0.635328 0.500005
vt 0.617557 0.500005
vt 0.617187 0.500005
vt 0.659345 0.500005
vt 0.658730 0.500005
vt 0.640958 0.500004
vt 0.640694 0.500005
vt 0.683165 0.500002
vt 0.682446 0.500005
vt 0.664673 0.500004
vt 0.664512 0.500001
vt 0.707247 0.500004
vt 0.706428 0.500008
vt 0.688656 0.500007
vt 0.688597 0.500004
vt 0.731514 0.500004
vt 0.730602 0.500005
vt 0.712833 0.500006
vt 0.712867 0.500004
vt 0.755903 0.500006
vt 0.754905 0.500005
vt 0.737131 0.500004
vt 0.737254 0.500005
vt 0.780351 0.500006
vt 0.779280 0.500006
vt 0.761507 0.500006
vt 0.761703 0.500005
vt 0.804783 0.500006
vt 0.803646 0.500006
vt 0.785872 0.500003
vt 0.786135 0.500004
vt 0.829126 0.500006
vt 0.827936 0.500004
vt 0.810165 0.500004
vt 0.810483 0.500005
vt 0.853316 0.500006
vt 0.852084 0.500005
vt 0.834313 0.500005
vt 0.834673 0.500006
vt 0.877289 0.500005
vt 0.876032 0.500007
vt 0.858260 0.500007
vt 0.858647 0.500004
vt 0.900976 0.500003
vt 0.899705 0.500003
vt 0.881933 0.500004
vt 0.882335 0.500004
vt 0.924328 0.500004
vt 0.923058 0.500003
vt 0.905283 0.500004
vt 0.905687 0.500005
vt 0.947272 0.500006
vt 0.946015 0.500006
vt 0.928244 0.500006
vt 0.928635 0.500005
vt 0.969788 0.500008
vt 0.968556 0.500009
vt 0.950783 0.500008
vt 0.951150 0.500006
vt 0.991812 0.500004
vt 0.990618 0.500005
vt 0.972847 0.500005
vt 0.973177 0.500004
vt 1.013328 0.500003
vt 1.012185 0.500002
vt 0.994414 0.500004
vt 0.994693 0.500004
vt 1.018562 0.500011
vt 1.013155 0.500013
vt 0.994520 0.500013
vt 0.998562 0.500011
vt 0.997344 0.500010
vt 0.991634 0.500013
vt 0.972999 0.500013
vt 0.977344 0.500011
vt 0.975526 0.500012
vt 0.969603 0.500011
vt 0.950966 0.500012
vt 0.955527 0.500012
vt 0.953151 0.500013
vt 0.947091 0.500010
vt 0.928455 0.500011
vt 0.933152 0.500012
vt 0.930254 0.500011
vt 0.924152 0.500012
vt 0.905512 0.500012
vt 0.910255 0.500011
vt 0.906879 0.500011
vt 0.900809 0.500012
vt 0.882170 0.500012
vt 0.886880 0.500011
vt 0.883078 0.500010
vt 0.877131 0.500011
vt 0.858492 0.500012
vt 0.863079 0.500011
vt 0.858913 0.500009
vt 0.853174 0.500011
vt 0.834531 0.500011
vt 0.838914 0.500010
vt 0.834455 0.500009
vt 0.828997 0.500010
vt 0.810353 0.500009
vt 0.814455 0.500009
vt 0.809763 0.500009
vt 0.804665 0.500010
vt 0.786019 0.500010
vt 0.789763 0.500009
vt 0.784923 0.500010
vt 0.780250 0.500010
vt 0.761604 0.500010
vt 0.764921 0.500009
vt 0.760001 0.500009
vt 0.755820 0.500009
vt 0.737172 0.500010
vt 0.740000 0.500009
vt 0.735079 0.500009
vt 0.731442 0.500010
vt 0.712793 0.500010
vt 0.715080 0.500009
vt 0.710236 0.500008
vt 0.688541 0.500009
vt 0.690237 0.500009
vt 0.685543 0.500010
vt 0.683123 0.500010
vt 0.665542 0.500010
vt 0.661085 0.500007
vt 0.641086 0.500007
vt 0.636921 0.500008
vt 0.616921 0.500008
vt 0.613123 0.500009
vt 0.594056 0.500009
vt 0.593124 0.500009
vt 0.589748 0.500009
vt 0.569747 0.500009
vt 0.566848 0.500011
vt 0.567764 0.500011
vt 0.546849 0.500011
vt 0.544473 0.500008
vt 0.527371 0.500009
vt 0.524473 0.500008
vt 0.522657 0.500009
vt 0.524804 0.500009
vt 0.506155 0.500009
vt 0.502656 0.500009
vt 0.501435 0.500009
vt 0.504135 0.500010
vt 0.485487 0.500010
vt 0.481433 0.500009
vt 0.480811 0.500009
vt 0.484019 0.500011
vt 0.465370 0.500011
vt 0.460811 0.500009
vt 0.464461 0.500009
vt 0.445816 0.500009
vt 0.440817 0.500008
vt 0.441429 0.500011
vt 0.445453 0.500010
vt 0.421430 0.500011
vt 0.422658 0.500010
vt 0.426980 0.500011
vt 0.408337 0.500011
vt 0.402658 0.500010
vt 0.404473 0.500010
vt 0.409019 0.500012
vt 0.390378 0.500013
vt 0.384473 0.500010
vt 0.386848 0.500011
vt 0.391534 0.500011
vt 0.372893 0.500011
vt 0.366848 0.500011
vt 0.369747 0.500011
vt 0.374490 0.500011
vt 0.355851 0.500011
vt 0.349747 0.500011
vt 0.353122 0.500012
vt 0.357837 0.500012
vt 0.339198 0.500011
vt 0.333122 0.500012
vt 0.336921 0.500011
vt 0.341522 0.500012
vt 0.322885 0.500011
vt 0.316921 0.500010
vt 0.321084 0.500010
vt 0.325487 0.500011
vt 0.306851 0.500012
vt 0.301084 0.500010
vt 0.305548 0.500012
vt 0.309674 0.500012
vt 0.291039 0.500013
vt 0.285548 0.500012
vt 0.290236 0.500012
vt 0.294007 0.500013
vt 0.275373 0.500013
vt 0.270236 0.500012
vt 0.275080 0.500013
vt 0.278426 0.500013
vt 0.259792 0.500014
vt 0.255080 0.500013
vt 0.260000 0.500011
vt 0.262856 0.500012
vt 0.244222 0.500011
vt 0.240000 0.500011
vt 0.244920 0.500012
vt 0.247230 0.500014
vt 0.228596 0.500013
vt 0.224920 0.500012
vt 0.229767 0.500012
vt 0.231483 0.500013
vt 0.212849 0.500013
vt 0.209767 0.500012
vt 0.214454 0.500012
vt 0.196903 0.500013
vt 0.194454 0.500012
vt 0.198916 0.500012
vt 0.178916 0.500012
vt 0.183079 0.500011
vt 0.163079 0.500012
vt 0.166879 0.500013
vt 0.146879 0.500013
vt 0.150254 0.500012
vt 0.148629 0.500013
vt 0.130254 0.500012
vt 0.133154 0.500012
vt 0.112226 0.500013
vt 0.113155 0.500012
vt 0.115526 0.500012
vt 0.112595 0.500011
vt 0.093961 0.500012
vt 0.095525 0.500012
vt 0.097343 0.500014
vt 0.093806 0.500014
vt 0.075172 0.500014
vt 0.077343 0.500013
vt 0.220913 0.488107
vt 0.250513 0.482460
vt 0.279181 0.473146
vt 0.306452 0.460314
vt 0.331899 0.444164
vt 0.355122 0.424952
vt 0.375754 0.402982
vt 0.393466 0.378598
vt 0.407987 0.352187
vt 0.419085 0.324164
vt 0.426577 0.294972
vt 0.430355 0.265070
vt 0.430355 0.234930
vt 0.426580 0.205028
vt 0.419085 0.175836
vt 0.407986 0.147813
vt 0.393470 0.121401
vt 0.375754 0.097018
vt 0.355119 0.075048
vt 0.331899 0.055836
vt 0.306451 0.039686
vt 0.279180 0.026854
vt 0.250516 0.017540
vt 0.220910 0.011892
vt 0.190830 0.010000
vt 0.160750 0.011892
vt 0.131146 0.017540
vt 0.102483 0.026854
vt 0.075207 0.039686
vt 0.049759 0.055836
vt 0.026539 0.075048
vt 0.005907 0.097018
vt -0.011808 0.121402
vt -0.026327 0.147813
vt -0.037425 0.175836
vt -0.044917 0.205028
vt -0.048698 0.234930
vt -0.048695 0.265070
vt -0.044921 0.294972
vt -0.037422 0.324164
vt -0.026328 0.352187
vt -0.011808 0.378598
vt 0.005904 0.402982
vt 0.026540 0.424952
vt 0.049760 0.444164
vt 0.075211 0.460314
vt 0.102482 0.473146
vt 0.131145 0.482460
vt 0.160747 0.488108
vt 0.190830 0.490000
vt 1.052432 -0.097979
vt 1.032432 -0.097978
vt 1.032430 -0.047829
vt 1.052429 -0.047830
vt 0.200893 0.488108
vt 0.230498 0.482460
vt 0.259163 0.473146
vt 0.286433 0.460314
vt 0.311881 0.444164
vt 0.335104 0.424952
vt 0.355736 0.402982
vt 0.373451 0.378598
vt 0.387971 0.352187
vt 0.399066 0.324164
vt 0.406562 0.294972
vt 0.410339 0.265070
vt 0.410339 0.234930
vt 0.406562 0.205029
vt 0.399066 0.175836
vt 0.387971 0.147813
vt 0.373451 0.121402
vt 0.355736 0.097018
vt 0.335104 0.075048
vt 0.311881 0.055836
vt 0.286433 0.039686
vt 0.259162 0.026854
vt 0.230498 0.017540
vt 0.200893 0.011892
vt 0.170813 0.010000
vt 0.140733 0.011892
vt 0.111127 0.017540
vt 0.082463 0.026854
vt 0.055192 0.039686
vt 0.029744 0.055836
vt 0.006521 0.075048
vt -0.014110 0.097018
vt -0.031826 0.121401
vt -0.046346 0.147813
vt -0.057441 0.175836
vt -0.064936 0.205029
vt -0.068714 0.234930
vt -0.068714 0.265070
vt -0.064936 0.294971
vt -0.057441 0.324164
vt -0.046346 0.352187
vt -0.031826 0.378598
vt -0.014111 0.402982
vt 0.006521 0.424952
vt 0.029744 0.444164
vt 0.055192 0.460314
vt 0.082463 0.473146
vt 0.111127 0.482460
vt 0.140733 0.488108
vt 0.170813 0.490000
vt 0.072444 -0.097955
vt 0.052444 -0.097955
vt 0.052444 -0.047806
vt 0.072444 -0.047807
vt 6.627346 0.340705
vt 6.768880 0.326762
vt 6.808825 0.326763
vt 6.668627 0.340706
vt -2.132787 1.000342
vt -2.119247 1.000341
vt -1.306401 1.000339
vt -1.292723 1.000339
vt 2.186591 0.340842
vt 2.230387 0.326908
vt 2.215610 0.326908
vt 2.171317 0.340842
vt 0.091618 -0.097970
vt 0.071618 -0.097969
vt 0.071618 -0.047818
vt 0.091618 -0.047818
vt 1.705010 0.340888
vt 1.738126 0.326953
vt 1.720546 0.326954
vt 1.686841 0.340889
vt 1.473042 0.341039
vt 1.500888 0.327092
vt 1.482528 0.327093
vt 1.454068 0.341040
vt 1.320506 0.341069
vt 1.344788 0.327130
vt 1.326073 0.327132
vt 1.301164 0.341071
vt 1.206629 0.341174
vt 1.228184 0.327237
vt 1.209273 0.327230
vt 1.187084 0.341167
vt 1.115637 0.341224
vt 1.134961 0.327289
vt 1.115916 0.327291
vt 1.095955 0.341226
vt 1.039709 0.341290
vt 1.057133 0.327346
vt 1.037997 0.327347
vt 1.019932 0.341291
vt 0.974462 0.341322
vt 0.990215 0.327385
vt 0.971013 0.327386
vt 0.954617 0.341323
vt 0.917163 0.341111
vt 0.931426 0.327165
vt 0.912172 0.327173
vt 0.897265 0.341117
vt 0.866028 0.341137
vt 0.878929 0.327203
vt 0.859639 0.327196
vt 0.846092 0.341133
vt 0.819799 0.341334
vt 0.831457 0.327387
vt 0.812130 0.327393
vt 0.799831 0.341334
vt 0.777611 0.341365
vt 0.788101 0.327428
vt 0.768751 0.327428
vt 0.757613 0.341363
vt 0.738805 0.341387
vt 0.748203 0.327447
vt 0.728833 0.327447
vt 0.718784 0.341388
vt 0.702883 0.341304
vt 0.711250 0.327362
vt 0.691862 0.327360
vt 0.682845 0.341303
vt 0.669492 0.341099
vt 0.676874 0.327159
vt 0.657470 0.327167
vt 0.649439 0.341108
vt 0.638335 0.341057
vt 0.644773 0.327119
vt 0.625357 0.327118
vt 0.618269 0.341055
vt 0.609181 0.341269
vt 0.614708 0.327329
vt 0.595283 0.327325
vt 0.589105 0.341266
vt 0.581793 0.341174
vt 0.586439 0.327230
vt 0.567004 0.327226
vt 0.561707 0.341170
vt 0.556068 0.341136
vt 0.559852 0.327198
vt 0.540411 0.327199
vt 0.535976 0.341137
vt 0.531874 0.341102
vt 0.534815 0.327165
vt 0.515372 0.327160
vt 0.511779 0.341097
vt 0.509009 0.340983
vt 0.511120 0.327046
vt 0.491670 0.327048
vt 0.488907 0.340986
vt 0.487369 0.340874
vt 0.488658 0.326931
vt 0.469205 0.326928
vt 0.467265 0.340871
vt 0.466858 0.340830
vt 0.467342 0.326885
vt 0.447887 0.326886
vt 0.446752 0.340831
vt 0.447313 0.340660
vt 0.446985 0.326721
vt 0.427531 0.326717
vt 0.427207 0.340656
vt 0.428626 0.340664
vt 0.427491 0.326724
vt 0.408037 0.326724
vt 0.408520 0.340664
vt 0.410547 0.340528
vt 0.408600 0.326587
vt 0.389148 0.326591
vt 0.390443 0.340531
vt 0.393002 0.340440
vt 0.390242 0.326508
vt 0.370792 0.326505
vt 0.372900 0.340437
vt 0.375706 0.340371
vt 0.372116 0.326437
vt 0.352671 0.326437
vt 0.355610 0.340372
vt 0.358510 0.340273
vt 0.354077 0.326339
vt 0.334638 0.326341
vt 0.338420 0.340276
vt 0.341125 0.340218
vt 0.335830 0.326276
vt 0.316394 0.326276
vt 0.321039 0.340218
vt 0.323314 0.340124
vt 0.317137 0.326187
vt 0.297712 0.326187
vt 0.303238 0.340125
vt 0.304738 0.340081
vt 0.297652 0.326147
vt 0.278234 0.326144
vt 0.284670 0.340078
vt 0.285039 0.340022
vt 0.277010 0.326086
vt 0.257610 0.326089
vt 0.264987 0.340025
vt 0.263786 0.339998
vt 0.254771 0.326064
vt 0.235385 0.326067
vt 0.243750 0.339998
vt 0.240538 0.340002
vt 0.230488 0.326060
vt 0.211116 0.326056
vt 0.220521 0.340002
vt 0.214676 0.340015
vt 0.203536 0.326073
vt 0.184187 0.326073
vt 0.194678 0.340011
vt 0.185442 0.339932
vt 0.173139 0.325995
vt 0.153818 0.325995
vt 0.165472 0.339934
vt 0.152115 0.339938
vt 0.138571 0.326008
vt 0.119279 0.326004
vt 0.132179 0.339939
vt 0.113495 0.339974
vt 0.098589 0.326035
vt 0.079340 0.326036
vt 0.093602 0.339974
vt 0.068139 0.339960
vt 0.051737 0.326020
vt 0.032538 0.326020
vt 0.048296 0.339961
vt 0.014060 0.340014
vt -0.004004 0.326079
vt -0.023137 0.326079
vt -0.005714 0.340014
vt -0.051799 0.340067
vt -0.071761 0.326127
vt -0.090806 0.326126
vt -0.071482 0.340065
vt -0.133984 0.340114
vt -0.156172 0.326177
vt -0.175088 0.326179
vt -0.153534 0.340116
vt -0.240658 0.340176
vt -0.265564 0.326239
vt -0.284278 0.326239
vt -0.260000 0.340175
vt -0.388313 0.340212
vt -0.416776 0.326273
vt -0.435133 0.326275
vt -0.407287 0.340215
vt -0.619541 0.340335
vt -0.653245 0.326401
vt -0.670830 0.326401
vt -0.637715 0.340335
vt -1.114910 0.340421
vt -1.159188 0.326482
vt -1.173974 0.326481
vt -1.130192 0.340420
vt -5.905322 0.340534
vt -6.045425 0.326598
vt -6.005506 0.326595
vt -5.864068 0.340531
vt 1.031608 -0.097975
vt 1.011610 -0.097974
vt 1.011605 -0.047826
vt 1.031602 -0.047828
vt 1.009982 -0.098064
vt 0.989982 -0.098012
vt 0.989981 -0.047973
vt 1.009981 -0.048062
vt 0.987546 -0.097978
vt 0.967545 -0.097977
vt 0.967544 -0.047822
vt 0.987545 -0.047822
vt 0.964363 -0.097974
vt 0.944364 -0.097974
vt 0.944364 -0.047825
vt 0.964363 -0.047825
vt 0.940483 -0.097974
vt 0.920483 -0.097974
vt 0.920484 -0.047825
vt 0.940484 -0.047825
vt 0.915948 -0.097980
vt 0.895948 -0.097980
vt 0.895948 -0.047826
vt 0.915947 -0.047825
vt 0.890887 -0.097976
vt 0.870886 -0.097976
vt 0.870887 -0.047826
vt 0.890888 -0.047826
vt 0.865311 -0.097962
vt 0.845311 -0.097963
vt 0.845313 -0.047812
vt 0.865313 -0.047809
vt 0.839345 -0.097974
vt 0.819346 -0.097976
vt 0.819347 -0.047825
vt 0.839346 -0.047824
vt 0.813079 -0.097970
vt 0.793080 -0.097971
vt 0.793078 -0.047819
vt 0.813077 -0.047819
vt 0.786587 -0.097965
vt 0.766585 -0.097967
vt 0.766585 -0.047815
vt 0.786586 -0.047813
vt 0.759996 -0.097971
vt 0.739995 -0.097971
vt 0.739998 -0.047819
vt 0.759997 -0.047819
vt 0.733413 -0.097967
vt 0.713413 -0.097968
vt 0.713413 -0.047816
vt 0.733412 -0.047814
vt 0.706933 -0.097955
vt 0.686932 -0.097957
vt 0.686931 -0.047808
vt 0.706932 -0.047805
vt 0.680658 -0.097967
vt 0.660658 -0.097968
vt 0.660658 -0.047818
vt 0.680658 -0.047816
vt 0.654684 -0.097973
vt 0.634684 -0.097975
vt 0.634683 -0.047824
vt 0.654684 -0.047823
vt 0.629107 -0.097981
vt 0.609108 -0.097981
vt 0.609106 -0.047828
vt 0.629106 -0.047829
vt 0.604038 -0.097963
vt 0.584037 -0.097963
vt 0.584036 -0.047812
vt 0.604037 -0.047812
vt 0.579504 -0.097979
vt 0.559504 -0.097978
vt 0.559503 -0.047825
vt 0.579503 -0.047826
vt 0.555637 -0.097972
vt 0.535637 -0.097973
vt 0.535636 -0.047820
vt 0.555636 -0.047819
vt 0.532450 -0.097975
vt 0.512450 -0.097975
vt 0.512451 -0.047822
vt 0.532451 -0.047823
vt 0.510020 -0.097976
vt 0.490020 -0.097976
vt 0.490021 -0.047824
vt 0.510020 -0.047824
vt 0.488391 -0.097973
vt 0.468391 -0.097974
vt 0.468391 -0.047821
vt 0.488391 -0.047820
vt 0.467554 -0.097977
vt 0.447553 -0.097978
vt 0.447555 -0.047824
vt 0.467555 -0.047823
vt 0.427557 -0.097967
vt 0.427555 -0.047818
vt 0.428381 -0.097983
vt 0.408382 -0.097983
vt 0.408385 -0.047828
vt 0.428384 -0.047828
vt 0.410019 -0.097976
vt 0.390019 -0.097976
vt 0.390021 -0.047823
vt 0.410021 -0.047823
vt 0.392449 -0.097975
vt 0.372449 -0.097975
vt 0.372449 -0.047825
vt 0.392449 -0.047825
vt 0.375630 -0.097977
vt 0.355630 -0.097977
vt 0.355632 -0.047823
vt 0.375632 -0.047823
vt 0.359513 -0.097960
vt 0.339513 -0.097959
vt 0.339513 -0.047807
vt 0.359514 -0.047809
vt 0.344031 -0.097954
vt 0.324032 -0.097954
vt 0.324031 -0.047802
vt 0.344031 -0.047802
vt 0.329110 -0.097981
vt 0.309110 -0.097981
vt 0.309110 -0.047830
vt 0.329110 -0.047830
vt 0.314685 -0.097980
vt 0.294685 -0.097979
vt 0.294685 -0.047827
vt 0.314685 -0.047827
vt 0.300655 -0.097974
vt 0.280655 -0.097968
vt 0.280655 -0.047815
vt 0.300655 -0.047821
vt 0.286933 -0.097957
vt 0.266933 -0.097955
vt 0.266934 -0.047805
vt 0.286933 -0.047807
vt 0.273411 -0.097968
vt 0.253412 -0.097967
vt 0.253412 -0.047815
vt 0.273412 -0.047816
vt 0.260002 -0.097964
vt 0.240002 -0.097962
vt 0.240002 -0.047812
vt 0.260002 -0.047812
vt 0.246585 -0.097965
vt 0.226585 -0.097962
vt 0.226586 -0.047811
vt 0.246586 -0.047814
vt 0.233068 -0.097977
vt 0.213069 -0.097975
vt 0.213069 -0.047823
vt 0.233069 -0.047824
vt 0.219346 -0.097975
vt 0.199346 -0.097969
vt 0.199346 -0.047817
vt 0.219346 -0.047824
vt 0.205316 -0.097954
vt 0.185317 -0.097953
vt 0.185317 -0.047804
vt 0.205317 -0.047806
vt 0.190885 -0.097953
vt 0.170885 -0.097970
vt 0.170885 -0.047792
vt 0.190885 -0.047742
vt 0.175971 -0.097954
vt 0.155970 -0.097971
vt 0.155970 -0.047713
vt 0.175970 -0.047667
vt 0.160488 -0.097942
vt 0.140488 -0.097962
vt 0.140488 -0.047767
vt 0.160489 -0.047722
vt 0.144367 -0.097979
vt 0.124367 -0.097978
vt 0.124367 -0.047824
vt 0.144367 -0.047825
vt 0.127546 -0.098072
vt 0.107545 -0.098021
vt 0.107546 -0.048113
vt 0.127546 -0.048203
vt 0.109976 -0.097957
vt 0.089976 -0.097957
vt 0.089976 -0.047806
vt 0.109976 -0.047806
vt 1.012537 -0.326747
vt 1.012537 0.173247
vt 0.992537 0.173247
vt 0.992537 -0.326749
vt 0.939041 -0.326755
vt 0.939042 0.173247
vt 0.919041 0.173247
vt 0.919040 -0.326754
vt 0.866187 -0.326754
vt 0.866188 0.173246
vt 0.846189 0.173247
vt 0.846188 -0.326754
vt 0.794819 -0.326753
vt 0.794819 0.173247
vt 0.774819 0.173247
vt 0.774819 -0.326753
vt 0.725738 -0.326753
vt 0.725740 0.173247
vt 0.705737 0.173247
vt 0.705738 -0.326753
vt 0.659716 -0.326756
vt 0.659714 0.173245
vt 0.639716 0.173246
vt 0.639716 -0.326755
vt 0.597491 -0.326755
vt 0.597491 0.173246
vt 0.577490 0.173247
vt 0.577490 -0.326754
vt 0.539715 -0.326751
vt 0.539715 0.173248
vt 0.519716 0.173248
vt 0.519715 -0.326751
vt 0.486995 -0.326753
vt 0.486995 0.173247
vt 0.466994 0.173247
vt 0.466994 -0.326753
vt 0.439841 -0.326752
vt 0.439841 0.173248
vt 0.419839 0.173248
vt 0.419839 -0.326752
vt 0.398677 -0.326755
vt 0.398677 0.173246
vt 0.378676 0.173247
vt 0.378677 -0.326754
vt 0.363847 -0.326754
vt 0.363847 0.173247
vt 0.343847 0.173247
vt 0.343846 -0.326753
vt 0.335580 -0.326752
vt 0.335580 0.173247
vt 0.315580 0.173247
vt 0.315580 -0.326753
vt 0.314008 -0.326752
vt 0.314008 0.173248
vt 0.294008 0.173247
vt 0.294008 -0.326753
vt 0.299150 -0.326753
vt 0.299150 0.173247
vt 0.279150 0.173248
vt 0.279150 -0.326752
vt 0.290928 -0.326752
vt 0.290929 0.173247
vt 0.270928 0.173247
vt 0.270928 -0.326752
vt 0.289163 -0.326754
vt 0.289162 0.173247
vt 0.269163 0.173247
vt 0.269162 -0.326753
vt 0.293559 -0.326754
vt 0.293560 0.173247
vt 0.273559 0.173247
vt 0.273560 -0.326753
vt 0.303733 -0.326754
vt 0.303732 0.173247
vt 0.283732 0.173246
vt 0.283732 -0.326755
vt 0.319212 -0.326754
vt 0.319212 0.173247
vt 0.299212 0.173247
vt 0.299212 -0.326754
vt 0.339437 -0.326752
vt 0.339436 0.173249
vt 0.319438 0.173249
vt 0.319436 -0.326752
vt 0.363763 -0.326753
vt 0.363764 0.173248
vt 0.343763 0.173248
vt 0.343764 -0.326753
vt 0.391505 -0.326753
vt 0.391505 0.173247
vt 0.371505 0.173247
vt 0.371505 -0.326753
vt 0.421903 -0.326754
vt 0.421903 0.173248
vt 0.401904 0.173247
vt 0.401903 -0.326754
vt 0.454169 -0.326753
vt 0.454168 0.173247
vt 0.434170 0.173247
vt 0.434168 -0.326754
vt 0.487462 -0.326754
vt 0.487463 0.173247
vt 0.467461 0.173247
vt 0.467463 -0.326754
vt 0.520959 -0.326753
vt 0.520960 0.173247
vt 0.500958 0.173247
vt 0.500960 -0.326754
vt 0.553808 -0.326754
vt 0.553807 0.173247
vt 0.533809 0.173247
vt 0.533807 -0.326754
vt 0.585182 -0.326753
vt 0.585182 0.173247
vt 0.565182 0.173247
vt 0.565182 -0.326754
vt 0.614264 -0.326754
vt 0.614264 0.173247
vt 0.594264 0.173247
vt 0.594264 -0.326755
vt 0.640283 -0.326753
vt 0.640283 0.173247
vt 0.620283 0.173247
vt 0.620283 -0.326754
vt 0.662511 -0.326754
vt 0.662511 0.173247
vt 0.642511 0.173247
vt 0.642511 -0.326754
vt 0.680285 -0.326753
vt 0.680285 0.173247
vt 0.660284 0.173246
vt 0.660285 -0.326754
vt 0.693007 -0.326753
vt 0.693007 0.173247
vt 0.673008 0.173247
vt 0.673007 -0.326753
vt 0.700161 -0.326752
vt 0.700161 0.173248
vt 0.680161 0.173248
vt 0.680161 -0.326752
vt 0.701321 -0.326753
vt 0.701322 0.173247
vt 0.681321 0.173248
vt 0.681322 -0.326752
vt 0.696154 -0.326753
vt 0.696154 0.173247
vt 0.676155 0.173247
vt 0.676154 -0.326753
vt 0.684418 -0.326752
vt 0.684420 0.173248
vt 0.664420 0.173248
vt 0.664420 -0.326752
vt 0.665995 -0.326751
vt 0.665995 0.173248
vt 0.645995 0.173248
vt 0.645994 -0.326751
vt 0.640854 -0.326750
vt 0.640853 0.173249
vt 0.620853 0.173249
vt 0.620854 -0.326750
vt 0.609068 -0.326752
vt 0.609069 0.173248
vt 0.589068 0.173248
vt 0.589068 -0.326752
vt 0.570840 -0.326751
vt 0.570838 0.173248
vt 0.550840 0.173248
vt 0.550839 -0.326752
vt 0.526443 -0.326751
vt 0.526444 0.173250
vt 0.506442 0.173249
vt 0.506443 -0.326752
vt 0.476266 -0.326753
vt 0.476265 0.173247
vt 0.456266 0.173247
vt 0.456265 -0.326753
vt 0.420788 -0.326755
vt 0.420789 0.173247
vt 0.400789 0.173247
vt 0.400789 -0.326754
vt 0.360567 -0.326754
vt 0.360568 0.173247
vt 0.340567 0.173247
vt 0.340568 -0.326753
vt 0.296237 -0.326754
vt 0.296237 0.173247
vt 0.276237 0.173247
vt 0.276237 -0.326754
vt 0.228496 -0.326753
vt 0.228497 0.173247
vt 0.208496 0.173247
vt 0.208497 -0.326752
vt 0.158094 -0.326754
vt 0.158093 0.173247
vt 0.138094 0.173247
vt 0.138093 -0.326753
vt 0.085836 -0.326750
vt 0.085837 0.173247
vt 0.065837 0.173247
vt 0.065837 -0.326752
vt 1.012507 0.500013
vt 0.992508 0.500013
vt 0.988830 0.500012
vt 1.007465 0.500011
vt 0.085808 0.500015
vt 0.065808 0.500016
vt 0.062574 0.500017
vt 0.081208 0.500016
vt 0.081311 0.500021
vt 0.062677 0.500021
vt 0.062524 0.500023
vt 0.080296 0.500023
vt 0.988895 0.499995
vt 0.988674 0.499994
vt 1.006450 0.499997
vt 0.154067 0.499987
vt 0.135433 0.499989
vt 0.135358 0.499988
vt 0.153130 0.499987
vt 0.158083 0.500015
vt 0.138082 0.500015
vt 0.153986 0.500014
vt 0.225022 0.499989
vt 0.206387 0.499990
vt 0.206397 0.499990
vt 0.224169 0.499989
vt 0.293364 0.500036
vt 0.274730 0.500036
vt 0.274831 0.500037
vt 0.292602 0.500038
vt 0.358321 0.499993
vt 0.339687 0.499992
vt 0.339882 0.499992
vt 0.357654 0.499992
vt 0.419194 0.500022
vt 0.400559 0.500021
vt 0.400852 0.500022
vt 0.418625 0.500022
vt 0.475332 0.500030
vt 0.456698 0.500031
vt 0.457092 0.500032
vt 0.474864 0.500031
vt 0.526168 0.500000
vt 0.507535 0.500002
vt 0.508028 0.500001
vt 0.525799 0.499999
vt 0.571231 0.500018
vt 0.552595 0.500018
vt 0.553190 0.500019
vt 0.570963 0.500019
vt 0.610071 0.500015
vt 0.591438 0.500016
vt 0.592127 0.500016
vt 0.609898 0.500016
vt 0.642489 0.500000
vt 0.623857 0.500000
vt 0.624643 0.500001
vt 0.642414 0.500001
vt 0.668181 0.500008
vt 0.649548 0.500008
vt 0.650420 0.500008
vt 0.668191 0.500008
vt 0.616842 0.499993
vt 0.595770 0.499994
vt 0.594597 0.499994
vt 0.614684 0.499993
vt 0.699337 0.500029
vt 0.680704 0.500031
vt 0.681736 0.500033
vt 0.699506 0.500031
vt 0.704855 0.499995
vt 0.686221 0.499996
vt 0.687320 0.499995
vt 0.705092 0.499995
vt 0.704025 0.499991
vt 0.685388 0.499991
vt 0.686544 0.499993
vt 0.704317 0.499993
vt 0.697118 0.499981
vt 0.678482 0.499981
vt 0.679684 0.499980
vt 0.697456 0.499979
vt 0.684609 0.499988
vt 0.665974 0.499989
vt 0.667210 0.499987
vt 0.684980 0.499987
vt 0.666933 0.499975
vt 0.648296 0.499977
vt 0.649558 0.499977
vt 0.667330 0.499975
vt 0.644738 0.499972
vt 0.626101 0.499973
vt 0.627372 0.499975
vt 0.645142 0.499974
vt 0.618694 0.500050
vt 0.600053 0.500050
vt 0.601324 0.500051
vt 0.619096 0.500051
vt 0.589480 0.500003
vt 0.570839 0.500002
vt 0.572093 0.500003
vt 0.589865 0.500005
vt 0.557859 0.500006
vt 0.539215 0.500007
vt 0.540435 0.500006
vt 0.558208 0.500005
vt 0.524765 0.499995
vt 0.506120 0.499995
vt 0.507298 0.499995
vt 0.525071 0.499995
vt 0.490981 0.499973
vt 0.472332 0.499971
vt 0.473458 0.499973
vt 0.491232 0.499974
vt 0.457192 0.500040
vt 0.438547 0.500041
vt 0.439604 0.500041
vt 0.457375 0.500040
vt 0.424460 0.499979
vt 0.405812 0.499979
vt 0.406791 0.499980
vt 0.424563 0.499979
vt 0.393513 0.499920
vt 0.374864 0.499921
vt 0.375753 0.499919
vt 0.393525 0.499918
vt 0.365258 0.499977
vt 0.346609 0.499977
vt 0.347406 0.499975
vt 0.365178 0.499976
vt 0.340198 0.499915
vt 0.321544 0.499913
vt 0.322237 0.499912
vt 0.340010 0.499914
vt 0.319426 0.499998
vt 0.300775 0.499999
vt 0.301365 0.499998
vt 0.319135 0.499997
vt 0.303367 0.500038
vt 0.284716 0.500039
vt 0.285198 0.500041
vt 0.302969 0.500041
vt 0.292476 0.500036
vt 0.273823 0.500033
vt 0.274195 0.500033
vt 0.291968 0.500036
vt 0.287455 0.500039
vt 0.268804 0.500040
vt 0.269069 0.500039
vt 0.286841 0.500039
vt 0.288571 0.499999
vt 0.269920 0.499999
vt 0.270078 0.500000
vt 0.287851 0.500000
vt 0.296236 0.500011
vt 0.277586 0.500011
vt 0.277648 0.500011
vt 0.295418 0.500011
vt 0.310456 0.500001
vt 0.291807 0.500000
vt 0.291772 0.500002
vt 0.309544 0.500002
vt 0.331600 0.500001
vt 0.312952 0.500001
vt 0.312833 0.500003
vt 0.330606 0.500003
vt 0.359264 0.500020
vt 0.340617 0.500020
vt 0.340418 0.500020
vt 0.358190 0.500019
vt 0.393688 0.500021
vt 0.375043 0.500023
vt 0.374779 0.500023
vt 0.392550 0.500022
vt 0.434469 0.500014
vt 0.415825 0.500014
vt 0.415507 0.500015
vt 0.433278 0.500015
vt 0.481309 0.500005
vt 0.462667 0.500009
vt 0.462308 0.500012
vt 0.480079 0.500008
vt 0.533827 0.499973
vt 0.515184 0.499973
vt 0.514796 0.499973
vt 0.532570 0.499972
vt 0.591441 0.499988
vt 0.572803 0.499990
vt 0.572400 0.499988
vt 0.590170 0.499986
vt 0.653717 0.500009
vt 0.635074 0.500008
vt 0.634672 0.500008
vt 0.652447 0.500009
vt 0.719728 0.500011
vt 0.701089 0.500013
vt 0.700694 0.500013
vt 0.718467 0.500011
vt 0.789006 0.500061
vt 0.770371 0.500062
vt 0.770005 0.500064
vt 0.787775 0.500063
vt 0.860482 0.499964
vt 0.841848 0.499965
vt 0.841517 0.499964
vt 0.859287 0.499963
vt 0.933580 0.499997
vt 0.914945 0.499995
vt 0.914660 0.499994
vt 0.932432 0.499996
vt 0.939006 0.500013
vt 0.919006 0.500013
vt 0.914960 0.500014
vt 0.866161 0.500018
vt 0.846161 0.500018
vt 0.794796 0.500021
vt 0.774795 0.500021
vt 0.770232 0.500022
vt 0.788869 0.500022
vt 0.725729 0.500012
vt 0.705730 0.500011
vt 0.701034 0.500012
vt 0.659705 0.500012
vt 0.639703 0.500011
vt 0.634959 0.500013
vt 0.653598 0.500013
vt 0.597465 0.500009
vt 0.577466 0.500009
vt 0.539707 0.500015
vt 0.519709 0.500016
vt 0.515124 0.500017
vt 0.486982 0.500010
vt 0.466982 0.500010
vt 0.462599 0.500011
vt 0.481243 0.500011
vt 0.439824 0.500008
vt 0.419824 0.500008
vt 0.415723 0.500009
vt 0.434367 0.500009
vt 0.398681 0.500014
vt 0.378680 0.500014
vt 0.374935 0.500014
vt 0.393583 0.500014
vt 0.363847 0.500003
vt 0.343846 0.500002
vt 0.340528 0.500002
vt 0.359176 0.500002
vt 0.335568 0.500011
vt 0.315569 0.500011
vt 0.312740 0.500012
vt 0.331388 0.500012
vt 0.313992 0.499994
vt 0.293993 0.499994
vt 0.291706 0.499993
vt 0.310355 0.499993
vt 0.299143 0.500007
vt 0.279144 0.500008
vt 0.277447 0.500009
vt 0.296096 0.500008
vt 0.290935 0.500008
vt 0.270936 0.500008
vt 0.288515 0.500009
vt 0.289175 0.500007
vt 0.269175 0.500007
vt 0.287409 0.500008
vt 0.293572 0.500013
vt 0.273573 0.500013
vt 0.303749 0.500005
vt 0.283749 0.500005
vt 0.303331 0.500005
vt 0.319240 0.500016
vt 0.299239 0.500017
vt 0.319496 0.500017
vt 0.339458 0.500008
vt 0.319457 0.500008
vt 0.321722 0.500008
vt 0.340372 0.500008
vt 0.363773 0.500005
vt 0.343773 0.500005
vt 0.346672 0.500004
vt 0.391537 0.500007
vt 0.371537 0.500006
vt 0.375036 0.500008
vt 0.393686 0.500008
vt 0.421934 0.500007
vt 0.401934 0.500006
vt 0.405990 0.500008
vt 0.424639 0.500008
vt 0.454186 0.500008
vt 0.434185 0.500009
vt 0.438744 0.500010
vt 0.457390 0.500010
vt 0.487476 0.500008
vt 0.467477 0.500007
vt 0.472478 0.500009
vt 0.491125 0.500010
vt 0.520992 0.500008
vt 0.500992 0.500008
vt 0.506368 0.500008
vt 0.525013 0.500008
vt 0.553843 0.500011
vt 0.533843 0.500011
vt 0.539521 0.500011
vt 0.558165 0.500011
vt 0.585211 0.500009
vt 0.565211 0.500010
vt 0.571117 0.500011
vt 0.589758 0.500010
vt 0.614286 0.500003
vt 0.594286 0.500003
vt 0.600333 0.500003
vt 0.618974 0.500003
vt 0.640316 0.500020
vt 0.620315 0.500020
vt 0.626420 0.500019
vt 0.645060 0.500019
vt 0.662538 0.500010
vt 0.642537 0.500008
vt 0.648615 0.500010
vt 0.667254 0.500011
vt 0.680318 0.500018
vt 0.660318 0.500019
vt 0.666282 0.500018
vt 0.684919 0.500018
vt 0.693021 0.500009
vt 0.673021 0.500009
vt 0.678786 0.500009
vt 0.697424 0.500009
vt 0.700171 0.500018
vt 0.680170 0.500018
vt 0.685663 0.500019
vt 0.704297 0.500019
vt 0.701341 0.500011
vt 0.681341 0.500010
vt 0.686479 0.500013
vt 0.705114 0.500012
vt 0.696151 0.500010
vt 0.676151 0.500010
vt 0.680863 0.500011
vt 0.699497 0.500010
vt 0.684389 0.500010
vt 0.664389 0.500011
vt 0.668610 0.500011
vt 0.687242 0.500011
vt 0.666021 0.500024
vt 0.646020 0.500025
vt 0.649697 0.500026
vt 0.668332 0.500027
vt 0.640836 0.500004
vt 0.620837 0.500005
vt 0.642551 0.500004
vt 0.609052 0.500013
vt 0.589052 0.500014
vt 0.591499 0.500015
vt 0.570848 0.500018
vt 0.550848 0.500018
vt 0.571269 0.500019
vt 0.526430 0.500013
vt 0.506431 0.500014
vt 0.476263 0.500010
vt 0.456262 0.500010
vt 0.420770 0.500020
vt 0.400770 0.500020
vt 0.400511 0.500021
vt 0.419145 0.500021
vt 0.360546 0.500013
vt 0.340546 0.500013
vt 0.339619 0.500014
vt 0.296210 0.500012
vt 0.276210 0.500011
vt 0.274643 0.500011
vt 0.293277 0.500012
vt 0.228483 0.500018
vt 0.208484 0.500018
vt 0.206312 0.500019
vt 0.224947 0.500019
vt 0.220910 -0.151482
vt 0.190830 -0.149589
vt 0.160750 -0.151482
vt 0.131144 -0.157129
vt 0.102480 -0.166443
vt 0.075209 -0.179276
vt 0.049762 -0.195425
vt 0.026540 -0.214637
vt 0.005908 -0.236607
vt -0.011811 -0.260991
vt -0.026328 -0.287402
vt -0.037422 -0.315425
vt -0.044921 -0.344617
vt -0.048695 -0.374519
vt -0.048695 -0.404659
vt -0.044921 -0.434561
vt -0.037422 -0.463753
vt -0.026328 -0.491776
vt -0.011811 -0.518188
vt 0.005908 -0.542571
vt 0.026540 -0.564542
vt 0.049762 -0.583753
vt 0.075209 -0.599903
vt 0.102480 -0.612735
vt 0.131141 -0.622049
vt 0.160751 -0.627697
vt 0.190833 -0.629589
vt 0.220910 -0.627697
vt 0.250515 -0.622049
vt 0.279180 -0.612736
vt 0.306451 -0.599903
vt 0.331898 -0.583753
vt 0.355121 -0.564542
vt 0.375750 -0.542571
vt 0.393470 -0.518187
vt 0.407986 -0.491776
vt 0.419084 -0.463753
vt 0.426580 -0.434561
vt 0.430354 -0.404659
vt 0.430357 -0.374519
vt 0.426579 -0.344618
vt 0.419084 -0.315425
vt 0.407989 -0.287402
vt 0.393469 -0.260991
vt 0.375753 -0.236607
vt 0.355121 -0.214637
vt 0.331898 -0.195425
vt 0.306451 -0.179275
vt 0.279180 -0.166443
vt 0.250515 -0.157129
vt 1.016772 -0.097975
vt 1.016775 -0.047825
vt 0.996773 -0.047825
vt 0.996770 -0.097975
vt 0.200893 -0.367856
vt 0.230498 -0.373503
vt 0.259163 -0.382817
vt 0.286434 -0.395649
vt 0.311881 -0.411799
vt 0.335104 -0.431010
vt 0.355736 -0.452981
vt 0.373451 -0.477365
vt 0.387971 -0.503776
vt 0.399066 -0.531799
vt 0.406562 -0.560991
vt 0.410339 -0.590893
vt 0.410339 -0.621033
vt 0.406562 -0.650935
vt 0.399066 -0.680127
vt 0.387971 -0.708150
vt 0.373451 -0.734561
vt 0.355736 -0.758945
vt 0.335104 -0.780915
vt 0.311881 -0.800127
vt 0.286433 -0.816276
vt 0.259163 -0.829109
vt 0.230498 -0.838423
vt 0.200893 -0.844071
vt 0.191863 -0.689659
vt 0.191863 -0.526651
vt 0.154900 -0.526651
vt 0.140733 -0.367856
vt 0.170813 -0.365963
vt 0.108110 -0.097961
vt 0.108110 -0.047810
vt 0.088110 -0.047808
vt 0.088110 -0.097959
vt 8.783367 0.121096
vt 8.828133 0.121096
vt 8.968831 0.107157
vt 8.925516 0.107157
vt -0.560251 1.000307
vt 0.271844 1.000304
vt 0.259724 1.000306
vt -0.545405 1.000310
vt 2.952978 0.124721
vt 2.937772 0.124720
vt 2.982125 0.110788
vt 2.996839 0.110789
vt 0.198048 -0.097993
vt 0.198048 -0.047842
vt 0.178048 -0.047841
vt 0.178048 -0.097992
vt 2.366307 0.131608
vt 2.348105 0.131606
vt 2.381830 0.117666
vt 2.399441 0.117668
vt 2.104333 0.141916
vt 2.085314 0.141917
vt 2.113768 0.127982
vt 2.132169 0.127981
vt 1.942340 0.155273
vt 1.922975 0.155269
vt 1.947877 0.141327
vt 1.966614 0.141331
vt 1.826268 0.171656
vt 1.806705 0.171653
vt 1.828884 0.157716
vt 1.847814 0.157719
vt 1.735223 0.190634
vt 1.715528 0.190632
vt 1.735483 0.176700
vt 1.754540 0.176702
vt 1.658596 0.211922
vt 1.638809 0.211919
vt 1.656866 0.197980
vt 1.676012 0.197983
vt 1.590533 0.235387
vt 1.570681 0.235384
vt 1.587076 0.221451
vt 1.606284 0.221454
vt 1.527266 0.259798
vt 1.507360 0.259811
vt 1.522264 0.245868
vt 1.541525 0.245856
vt 1.466448 0.286567
vt 1.446507 0.286566
vt 1.460054 0.272625
vt 1.479349 0.272623
vt 1.406221 0.313759
vt 1.386247 0.313755
vt 1.398549 0.299821
vt 1.417872 0.299821
vt 1.344885 0.341260
vt 1.324919 0.341262
vt 1.336049 0.327321
vt 1.355374 0.327316
vt 1.283744 0.369002
vt 1.263725 0.369005
vt 1.273774 0.355070
vt 1.293144 0.355068
vt 1.220030 0.395976
vt 1.199992 0.395977
vt 1.209007 0.382042
vt 1.228397 0.382037
vt 1.154345 0.421977
vt 1.134296 0.421984
vt 1.142327 0.408043
vt 1.161727 0.408036
vt 1.086320 0.447278
vt 1.066253 0.447276
vt 1.073343 0.433337
vt 1.092760 0.433339
vt 1.016220 0.470630
vt 0.996143 0.470627
vt 1.002317 0.456682
vt 1.021743 0.456686
vt 0.943930 0.491804
vt 0.923845 0.491803
vt 0.929146 0.477868
vt 0.948579 0.477869
vt 0.869786 0.510623
vt 0.849696 0.510624
vt 0.854133 0.496686
vt 0.873572 0.496685
vt 0.794162 0.526872
vt 0.774064 0.526872
vt 0.777657 0.512937
vt 0.797103 0.512937
vt 0.717224 0.540080
vt 0.697126 0.540081
vt 0.699891 0.526132
vt 0.719337 0.526131
vt 0.639397 0.550137
vt 0.619300 0.550137
vt 0.621243 0.536191
vt 0.640689 0.536191
vt 0.561199 0.556950
vt 0.541102 0.556952
vt 0.542237 0.543013
vt 0.561683 0.543011
vt 0.483131 0.560306
vt 0.463036 0.560305
vt 0.463362 0.546364
vt 0.482805 0.546365
vt 0.405608 0.560323
vt 0.385515 0.560323
vt 0.385035 0.546381
vt 0.404476 0.546381
vt 0.328803 0.556689
vt 0.308706 0.556687
vt 0.307411 0.542740
vt 0.326856 0.542742
vt 0.253302 0.549765
vt 0.233204 0.549762
vt 0.231094 0.535822
vt 0.250541 0.535825
vt 0.179387 0.539465
vt 0.159292 0.539464
vt 0.156350 0.525519
vt 0.175794 0.525519
vt 0.107565 0.526135
vt 0.087475 0.526137
vt 0.083690 0.512205
vt 0.103129 0.512203
vt 0.037974 0.509886
vt 0.017891 0.509887
vt 0.013245 0.495956
vt 0.032677 0.495955
vt -0.029065 0.490755
vt -0.049139 0.490757
vt -0.054669 0.476818
vt -0.035245 0.476817
vt -0.093544 0.469507
vt -0.113607 0.469509
vt -0.120045 0.455579
vt -0.100632 0.455577
vt -0.155424 0.445969
vt -0.175476 0.445968
vt -0.182859 0.432031
vt -0.163457 0.432032
vt -0.214736 0.421191
vt -0.234774 0.421196
vt -0.243140 0.407264
vt -0.223751 0.407261
vt -0.272015 0.394562
vt -0.292035 0.394563
vt -0.301434 0.380622
vt -0.282064 0.380622
vt -0.327411 0.367625
vt -0.347409 0.367623
vt -0.357900 0.353690
vt -0.338550 0.353691
vt -0.375395 0.339919
vt -0.395497 0.339921
vt -0.407014 0.325984
vt -0.387564 0.325982
vt -0.435750 0.312343
vt -0.455689 0.312342
vt -0.468589 0.298404
vt -0.449293 0.298406
vt -0.491001 0.285302
vt -0.510902 0.285299
vt -0.525160 0.271359
vt -0.505905 0.271360
vt -0.549247 0.258941
vt -0.569094 0.258943
vt -0.584844 0.245002
vt -0.565639 0.245002
vt -0.612884 0.234054
vt -0.632670 0.234053
vt -0.650083 0.220121
vt -0.630939 0.220122
vt -0.686101 0.210675
vt -0.705800 0.210673
vt -0.725121 0.196727
vt -0.706061 0.196728
vt -0.774742 0.189522
vt -0.794312 0.189521
vt -0.815855 0.175589
vt -0.796920 0.175590
vt -0.889418 0.170677
vt -0.908791 0.170680
vt -0.933061 0.156740
vt -0.914317 0.156737
vt -1.051530 0.154397
vt -1.070552 0.154399
vt -1.098389 0.140451
vt -1.079984 0.140450
vt -1.315454 0.141271
vt -1.333693 0.141274
vt -1.366801 0.127335
vt -1.349153 0.127333
vt -1.909946 0.131191
vt -1.925335 0.131187
vt -1.969146 0.117254
vt -1.954256 0.117257
vt -7.902762 0.124389
vt -7.860575 0.124386
vt -8.003024 0.110456
vt -8.043842 0.110458
vt 0.925172 -0.097971
vt 0.925173 -0.047820
vt 0.905174 -0.047819
vt 0.905173 -0.097970
vt 0.834466 -0.097969
vt 0.834465 -0.047819
vt 0.814465 -0.047819
vt 0.814466 -0.097969
vt 0.745700 -0.097973
vt 0.745699 -0.047818
vt 0.725699 -0.047816
vt 0.725700 -0.097971
vt 0.660011 -0.097974
vt 0.660010 -0.047822
vt 0.640010 -0.047823
vt 0.640011 -0.097975
vt 0.578409 -0.097999
vt 0.578410 -0.047844
vt 0.558409 -0.047841
vt 0.558408 -0.097997
vt 0.501885 -0.097984
vt 0.501885 -0.047829
vt 0.481887 -0.047829
vt 0.481886 -0.097983
vt 0.431348 -0.097984
vt 0.431348 -0.047835
vt 0.411348 -0.047833
vt 0.411347 -0.097984
vt 0.369528 -0.097976
vt 0.369442 -0.047824
vt 0.349443 -0.047825
vt 0.349529 -0.097977
vt 0.311928 -0.098026
vt 0.311891 -0.047878
vt 0.291981 -0.047879
vt 0.292017 -0.098030
vt 0.269291 -0.098011
vt 0.269004 -0.047856
vt 0.248989 -0.047857
vt 0.249277 -0.098009
vt 0.223140 -0.097970
vt 0.223136 -0.047820
vt 0.203137 -0.047822
vt 0.203141 -0.097972
vt 0.192000 -0.097979
vt 0.191999 -0.047829
vt 0.172003 -0.047831
vt 0.172003 -0.097980
vt 0.169929 -0.097982
vt 0.169926 -0.047832
vt 0.149928 -0.047834
vt 0.149930 -0.097985
vt 0.156751 -0.098009
vt 0.156752 -0.047860
vt 0.136753 -0.047861
vt 0.136751 -0.098011
vt 0.153992 -0.097997
vt 0.153928 -0.047847
vt 0.133987 -0.047851
vt 0.134051 -0.098001
vt 0.156936 -0.098957
vt 0.156935 -0.048694
vt 0.136936 -0.049839
vt 0.136936 -0.100192
vt 0.169577 -0.098019
vt 0.169579 -0.047867
vt 0.149578 -0.047869
vt 0.149576 -0.098021
vt 0.189981 -0.097971
vt 0.189980 -0.047818
vt 0.169980 -0.047817
vt 0.169981 -0.097971
vt 0.217446 -0.098007
vt 0.217446 -0.047854
vt 0.197447 -0.047853
vt 0.197446 -0.098007
vt 0.251294 -0.100086
vt 0.251293 -0.049740
vt 0.231292 -0.050903
vt 0.231293 -0.101302
vt 0.290611 -0.097971
vt 0.290613 -0.047817
vt 0.270613 -0.047817
vt 0.270612 -0.097970
vt 0.334502 -0.097970
vt 0.334503 -0.047822
vt 0.314503 -0.047823
vt 0.314502 -0.097971
vt 0.381953 -0.097975
vt 0.381956 -0.047822
vt 0.361956 -0.047822
vt 0.361953 -0.097976
vt 0.431887 -0.099397
vt 0.431887 -0.048057
vt 0.411886 -0.048297
vt 0.411887 -0.099794
vt 0.483223 -0.097167
vt 0.483222 -0.047071
vt 0.463222 -0.046604
vt 0.463223 -0.096684
vt 0.534813 -0.097997
vt 0.534813 -0.047846
vt 0.514813 -0.047845
vt 0.514813 -0.097996
vt 0.585541 -0.097967
vt 0.585540 -0.047816
vt 0.565539 -0.047816
vt 0.565540 -0.097967
vt 0.634296 -0.097964
vt 0.634297 -0.047811
vt 0.614297 -0.047811
vt 0.614296 -0.097964
vt 0.679975 -0.098009
vt 0.679976 -0.047859
vt 0.659975 -0.047858
vt 0.659975 -0.098007
vt 0.721569 -0.097934
vt 0.721569 -0.047784
vt 0.701568 -0.047786
vt 0.701568 -0.097936
vt 0.758090 -0.097938
vt 0.758089 -0.047788
vt 0.738088 -0.047788
vt 0.738089 -0.097939
vt 0.788642 -0.097980
vt 0.788642 -0.047827
vt 0.768644 -0.047827
vt 0.768644 -0.097980
vt 0.811158 -0.098022
vt 0.811214 -0.047866
vt 0.791217 -0.047865
vt 0.791160 -0.098022
vt 0.828116 -0.098183
vt 0.828146 -0.048030
vt 0.808174 -0.048025
vt 0.808146 -0.098178
vt 0.837081 -0.098020
vt 0.837080 -0.047868
vt 0.817079 -0.047865
vt 0.817080 -0.098017
vt 0.836933 -0.098023
vt 0.836933 -0.047871
vt 0.816933 -0.047870
vt 0.816933 -0.098022
vt 0.827988 -0.097984
vt 0.827988 -0.047832
vt 0.807989 -0.047832
vt 0.807988 -0.097983
vt 0.810096 -0.098015
vt 0.810098 -0.047862
vt 0.790099 -0.047863
vt 0.790097 -0.098015
vt 0.782895 -0.098045
vt 0.782898 -0.047890
vt 0.762928 -0.047887
vt 0.762927 -0.098039
vt 0.746873 -0.098159
vt 0.746898 -0.048004
vt 0.726920 -0.047997
vt 0.726895 -0.098150
vt 0.703025 -0.098002
vt 0.703029 -0.047850
vt 0.683029 -0.047847
vt 0.683026 -0.097999
vt 0.650415 -0.097969
vt 0.650414 -0.047818
vt 0.630413 -0.047818
vt 0.630414 -0.097969
vt 0.590026 -0.097968
vt 0.590027 -0.047821
vt 0.570027 -0.047820
vt 0.570025 -0.097968
vt 0.522547 -0.098005
vt 0.522546 -0.047857
vt 0.502546 -0.047854
vt 0.502547 -0.098003
vt 0.448727 -0.097980
vt 0.448726 -0.047829
vt 0.428726 -0.047829
vt 0.428726 -0.097980
vt 0.369389 -0.097970
vt 0.369388 -0.047818
vt 0.349388 -0.047818
vt 0.349389 -0.097970
vt 0.285498 -0.097957
vt 0.285498 -0.047806
vt 0.265498 -0.047806
vt 0.265498 -0.097957
vt 0.170813 -0.845963
vt 0.140733 -0.844070
vt 0.111127 -0.838423
vt 0.082463 -0.829109
vt 0.055192 -0.816276
vt 0.029744 -0.800127
vt 0.006521 -0.780915
vt -0.014111 -0.758945
vt -0.031826 -0.734561
vt -0.046346 -0.708150
vt -0.057441 -0.680127
vt -0.064936 -0.650934
vt -0.068714 -0.621033
vt -0.068714 -0.590893
vt -0.064936 -0.560991
vt -0.057441 -0.531799
vt -0.046346 -0.503776
vt -0.031826 -0.477364
vt -0.014111 -0.452981
vt 0.006521 -0.431011
vt 0.029744 -0.411799
vt 0.055192 -0.395649
vt 0.082463 -0.382816
vt 0.111127 -0.373503
vt 0.154900 -0.689659
vt 1.039192 -0.326742
vt 1.039187 0.173247
vt 1.019187 0.173247
vt 1.019192 -0.326746
vt 1.018565 -0.326753
vt 1.018573 0.173247
vt 0.998573 0.173247
vt 0.998565 -0.326753
vt 0.997342 -0.326755
vt 0.997339 0.173247
vt 0.977339 0.173247
vt 0.977343 -0.326754
vt 0.975527 -0.326754
vt 0.975527 0.173247
vt 0.955528 0.173247
vt 0.955527 -0.326753
vt 0.953152 -0.326752
vt 0.953152 0.173247
vt 0.933152 0.173247
vt 0.933152 -0.326752
vt 0.930254 -0.326753
vt 0.930254 0.173247
vt 0.910254 0.173247
vt 0.910254 -0.326753
vt 0.906878 -0.326752
vt 0.906877 0.173247
vt 0.886877 0.173247
vt 0.886879 -0.326752
vt 0.883077 -0.326753
vt 0.883080 0.173247
vt 0.863080 0.173247
vt 0.863077 -0.326753
vt 0.858916 -0.326753
vt 0.858916 0.173247
vt 0.838916 0.173247
vt 0.838916 -0.326753
vt 0.834456 -0.326753
vt 0.834455 0.173247
vt 0.814455 0.173247
vt 0.814456 -0.326753
vt 0.809763 -0.326753
vt 0.809763 0.173247
vt 0.789763 0.173247
vt 0.789763 -0.326753
vt 0.784919 -0.326753
vt 0.784919 0.173247
vt 0.764919 0.173247
vt 0.764919 -0.326753
vt 0.760000 -0.326753
vt 0.760000 0.173247
vt 0.740000 0.173247
vt 0.740000 -0.326753
vt 0.735081 -0.326753
vt 0.735081 0.173247
vt 0.715081 0.173247
vt 0.715081 -0.326753
vt 0.710238 -0.326753
vt 0.710238 0.173247
vt 0.690238 0.173247
vt 0.690238 -0.326753
vt 0.685543 -0.326753
vt 0.685543 0.173247
vt 0.665543 0.173247
vt 0.665543 -0.326753
vt 0.661087 -0.326753
vt 0.661087 0.173247
vt 0.641087 0.173247
vt 0.641087 -0.326753
vt 0.636922 -0.326753
vt 0.636921 0.173247
vt 0.616921 0.173247
vt 0.616922 -0.326753
vt 0.613121 -0.326752
vt 0.613123 0.173247
vt 0.593123 0.173247
vt 0.593121 -0.326752
vt 0.589749 -0.326753
vt 0.589745 0.173247
vt 0.569745 0.173247
vt 0.569749 -0.326752
vt 0.566846 -0.326753
vt 0.566849 0.173247
vt 0.546849 0.173247
vt 0.546846 -0.326753
vt 0.544473 -0.326753
vt 0.544473 0.173247
vt 0.524473 0.173247
vt 0.524472 -0.326754
vt 0.522658 -0.326753
vt 0.522658 0.173247
vt 0.502658 0.173247
vt 0.502658 -0.326753
vt 0.501436 -0.326752
vt 0.501432 0.173247
vt 0.481432 0.173247
vt 0.481435 -0.326752
vt 0.480809 -0.326753
vt 0.480813 0.173247
vt 0.460813 0.173247
vt 0.460809 -0.326754
vt 0.440814 0.173247
vt 0.440818 -0.326756
vt 0.441428 -0.326753
vt 0.441432 0.173247
vt 0.421432 0.173247
vt 0.421428 -0.326753
vt 0.422658 -0.326753
vt 0.422658 0.173247
vt 0.402658 0.173247
vt 0.402658 -0.326753
vt 0.404473 -0.326754
vt 0.404476 0.173247
vt 0.384476 0.173247
vt 0.384472 -0.326755
vt 0.386849 -0.326753
vt 0.386849 0.173247
vt 0.366849 0.173247
vt 0.366849 -0.326752
vt 0.369747 -0.326753
vt 0.369745 0.173247
vt 0.349745 0.173247
vt 0.349747 -0.326752
vt 0.353122 -0.326753
vt 0.353122 0.173247
vt 0.333122 0.173247
vt 0.333122 -0.326753
vt 0.336922 -0.326753
vt 0.336921 0.173247
vt 0.316921 0.173247
vt 0.316922 -0.326753
vt 0.321084 -0.326753
vt 0.321083 0.173247
vt 0.301083 0.173247
vt 0.301084 -0.326753
vt 0.305546 -0.326753
vt 0.305547 0.173247
vt 0.285547 0.173247
vt 0.285546 -0.326753
vt 0.290238 -0.326753
vt 0.290237 0.173247
vt 0.270238 0.173247
vt 0.270238 -0.326753
vt 0.275077 -0.326753
vt 0.275077 0.173247
vt 0.255077 0.173247
vt 0.255077 -0.326753
vt 0.260000 -0.326753
vt 0.260000 0.173247
vt 0.240002 0.173247
vt 0.240000 -0.326753
vt 0.244917 -0.326753
vt 0.244917 0.173247
vt 0.224917 0.173247
vt 0.224917 -0.326753
vt 0.229769 -0.326753
vt 0.229769 0.173247
vt 0.209769 0.173247
vt 0.209769 -0.326753
vt 0.214454 -0.326753
vt 0.214454 0.173247
vt 0.194454 0.173247
vt 0.194454 -0.326753
vt 0.198916 -0.326753
vt 0.198916 0.173247
vt 0.178916 0.173247
vt 0.178916 -0.326753
vt 0.183078 -0.326752
vt 0.183079 0.173247
vt 0.163079 0.173247
vt 0.163078 -0.326752
vt 0.166879 -0.326753
vt 0.166878 0.173247
vt 0.146878 0.173247
vt 0.146880 -0.326753
vt 0.150253 -0.326753
vt 0.150256 0.173247
vt 0.130256 0.173247
vt 0.130253 -0.326753
vt 0.133155 -0.326753
vt 0.133149 0.173247
vt 0.113149 0.173247
vt 0.113155 -0.326753
vt 0.115525 -0.326753
vt 0.115528 0.173247
vt 0.095528 0.173247
vt 0.095525 -0.326753
vt 0.097343 -0.326753
vt 0.097343 0.173247
vt 0.077343 0.173247
vt 0.077343 -0.326753
vt 0.078573 -0.326753
vt 0.078573 0.173247
vt 0.058573 0.173247
vt 0.058573 -0.326753
vt 0.059183 -0.326742
vt 0.059183 0.173247
vt 0.039183 0.173247
vt 0.039183 -0.326746
vt 1.039189 0.500013
vt 1.019190 0.500012
vt 1.015512 0.500013
vt 1.034147 0.500014
vt 0.059184 0.500013
vt 0.039183 0.500013
vt 0.035953 0.500013
vt 0.054587 0.500013
vt 0.054741 0.500005
vt 0.036107 0.500005
vt 0.035954 0.500005
vt 0.053726 0.500005
vt 1.034310 0.500002
vt 1.015676 0.500003
vt 1.015457 0.500005
vt 1.033228 0.500004
vt 0.074612 0.500002
vt 0.055978 0.500004
vt 0.055903 0.500002
vt 0.073675 0.500000
vt 0.078573 0.500011
vt 0.058573 0.500011
vt 0.055840 0.500013
vt 0.074475 0.500013
vt 0.093923 0.500006
vt 0.075289 0.500005
vt 0.075299 0.500006
vt 0.093071 0.500007
vt 0.112690 0.500004
vt 0.094056 0.500004
vt 0.094156 0.500004
vt 0.111928 0.500004
vt 0.130929 0.500004
vt 0.112295 0.500004
vt 0.112490 0.500006
vt 0.130262 0.500006
vt 0.148670 0.500006
vt 0.130036 0.500006
vt 0.148100 0.500006
vt 0.165947 0.500005
vt 0.147313 0.500004
vt 0.147706 0.500005
vt 0.165478 0.500005
vt 0.182803 0.500003
vt 0.164169 0.500003
vt 0.164662 0.500004
vt 0.182434 0.500003
vt 0.199288 0.500005
vt 0.180654 0.500005
vt 0.181247 0.500005
vt 0.199019 0.500005
vt 0.215457 0.500005
vt 0.196823 0.500005
vt 0.197514 0.500005
vt 0.215286 0.500005
vt 0.231372 0.500004
vt 0.212738 0.500004
vt 0.213523 0.500005
vt 0.231295 0.500003
vt 0.247094 0.500004
vt 0.228460 0.500005
vt 0.229333 0.500005
vt 0.247105 0.500004
vt 0.262696 0.500005
vt 0.244061 0.500005
vt 0.245018 0.500004
vt 0.262791 0.500005
vt 0.278247 0.500006
vt 0.259613 0.500008
vt 0.260645 0.500006
vt 0.278416 0.500004
vt 0.293810 0.500004
vt 0.275175 0.500004
vt 0.276274 0.500005
vt 0.294046 0.500005
vt 0.309465 0.500006
vt 0.290829 0.500007
vt 0.291985 0.500007
vt 0.309758 0.500006
vt 0.325272 0.500003
vt 0.306636 0.500002
vt 0.307841 0.500002
vt 0.325613 0.500003
vt 0.341307 0.500005
vt 0.322670 0.500005
vt 0.323909 0.500005
vt 0.341680 0.500005
vt 0.357624 0.500006
vt 0.338985 0.500006
vt 0.340247 0.500007
vt 0.358019 0.500006
vt 0.374284 0.500005
vt 0.355645 0.500006
vt 0.356917 0.500006
vt 0.374688 0.500005
vt 0.391340 0.500004
vt 0.372700 0.500004
vt 0.373967 0.500003
vt 0.391739 0.500003
vt 0.408836 0.500003
vt 0.390195 0.500001
vt 0.391448 0.500001
vt 0.409220 0.500002
vt 0.426814 0.500003
vt 0.408173 0.500002
vt 0.409395 0.500002
vt 0.427166 0.500003
vt 0.445302 0.500006
vt 0.426658 0.500006
vt 0.427838 0.500006
vt 0.445610 0.500006
vt 0.464332 0.500006
vt 0.445687 0.500006
vt 0.446809 0.500005
vt 0.464580 0.500005
vt 0.483909 0.500003
vt 0.465264 0.500003
vt 0.466318 0.500004
vt 0.484088 0.500004
vt 0.504044 0.500004
vt 0.485396 0.500005
vt 0.486374 0.500006
vt 0.504146 0.500005
vt 0.524726 0.500003
vt 0.506075 0.500002
vt 0.506969 0.500001
vt 0.524742 0.500002
vt 0.545968 0.500003
vt 0.527318 0.500002
vt 0.528114 0.500002
vt 0.545885 0.500003
vt 0.567724 0.500002
vt 0.549073 0.500001
vt 0.549767 0.500003
vt 0.567540 0.500004
vt 0.589978 0.500002
vt 0.571326 0.500001
vt 0.571916 0.500002
vt 0.589689 0.500003
vt 0.612700 0.500003
vt 0.594049 0.500003
vt 0.594530 0.500004
vt 0.612301 0.500005
vt 0.635837 0.500005
vt 0.617187 0.500005
vt 0.617557 0.500005
vt 0.635328 0.500005
vt 0.659345 0.500005
vt 0.640694 0.500005
vt 0.640958 0.500004
vt 0.658730 0.500005
vt 0.683165 0.500002
vt 0.664512 0.500001
vt 0.664673 0.500004
vt 0.682446 0.500005
vt 0.707247 0.500004
vt 0.688597 0.500004
vt 0.688656 0.500007
vt 0.706428 0.500008
vt 0.731514 0.500004
vt 0.712867 0.500004
vt 0.712833 0.500006
vt 0.730602 0.500005
vt 0.755903 0.500006
vt 0.737254 0.500005
vt 0.737131 0.500004
vt 0.754905 0.500005
vt 0.780351 0.500006
vt 0.761703 0.500005
vt 0.761507 0.500006
vt 0.779280 0.500006
vt 0.804783 0.500006
vt 0.786135 0.500004
vt 0.785872 0.500003
vt 0.803646 0.500006
vt 0.829126 0.500006
vt 0.810483 0.500005
vt 0.810165 0.500004
vt 0.827936 0.500004
vt 0.853316 0.500006
vt 0.834673 0.500006
vt 0.834313 0.500005
vt 0.852084 0.500005
vt 0.877289 0.500005
vt 0.858647 0.500004
vt 0.858260 0.500007
vt 0.876032 0.500007
vt 0.900976 0.500003
vt 0.882335 0.500004
vt 0.881933 0.500004
vt 0.899705 0.500003
vt 0.924328 0.500004
vt 0.905687 0.500005
vt 0.905283 0.500004
vt 0.923058 0.500003
vt 0.947272 0.500006
vt 0.928635 0.500005
vt 0.928244 0.500006
vt 0.946015 0.500006
vt 0.969788 0.500008
vt 0.951150 0.500006
vt 0.950783 0.500008
vt 0.968556 0.500009
vt 0.991812 0.500004
vt 0.973177 0.500004
vt 0.972847 0.500005
vt 0.990618 0.500005
vt 1.013328 0.500003
vt 0.994693 0.500004
vt 0.994414 0.500004
vt 1.012185 0.500002
vt 1.018562 0.500011
vt 0.998562 0.500011
vt 0.994520 0.500013
vt 1.013155 0.500013
vt 0.997344 0.500010
vt 0.977344 0.500011
vt 0.972999 0.500013
vt 0.991634 0.500013
vt 0.975526 0.500012
vt 0.955527 0.500012
vt 0.950966 0.500012
vt 0.969603 0.500011
vt 0.953151 0.500013
vt 0.933152 0.500012
vt 0.928455 0.500011
vt 0.947091 0.500010
vt 0.930254 0.500011
vt 0.910255 0.500011
vt 0.905512 0.500012
vt 0.924152 0.500012
vt 0.906879 0.500011
vt 0.886880 0.500011
vt 0.882170 0.500012
vt 0.900809 0.500012
vt 0.883078 0.500010
vt 0.863079 0.500011
vt 0.858492 0.500012
vt 0.877131 0.500011
vt 0.858913 0.500009
vt 0.838914 0.500010
vt 0.834531 0.500011
vt 0.853174 0.500011
vt 0.834455 0.500009
vt 0.814455 0.500009
vt 0.810353 0.500009
vt 0.828997 0.500010
vt 0.809763 0.500009
vt 0.789763 0.500009
vt 0.786019 0.500010
vt 0.804665 0.500010
vt 0.784923 0.500010
vt 0.764921 0.500009
vt 0.761604 0.500010
vt 0.780250 0.500010
vt 0.760001 0.500009
vt 0.740000 0.500009
vt 0.737172 0.500010
vt 0.755820 0.500009
vt 0.735079 0.500009
vt 0.715080 0.500009
vt 0.712793 0.500010
vt 0.731442 0.500010
vt 0.710236 0.500008
vt 0.690237 0.500009
vt 0.688541 0.500009
vt 0.685543 0.500010
vt 0.665542 0.500010
vt 0.683123 0.500010
vt 0.661085 0.500007
vt 0.641086 0.500007
vt 0.636921 0.500008
vt 0.616921 0.500008
vt 0.613123 0.500009
vt 0.593124 0.500009
vt 0.594056 0.500009
vt 0.589748 0.500009
vt 0.569747 0.500009
vt 0.566848 0.500011
vt 0.546849 0.500011
vt 0.567764 0.500011
vt 0.544473 0.500008
vt 0.524473 0.500008
vt 0.527371 0.500009
vt 0.522657 0.500009
vt 0.502656 0.500009
vt 0.506155 0.500009
vt 0.524804 0.500009
vt 0.501435 0.500009
vt 0.481433 0.500009
vt 0.485487 0.500010
vt 0.504135 0.500010
vt 0.480811 0.500009
vt 0.460811 0.500009
vt 0.465370 0.500011
vt 0.484019 0.500011
vt 0.440817 0.500008
vt 0.445816 0.500009
vt 0.464461 0.500009
vt 0.441429 0.500011
vt 0.421430 0.500011
vt 0.445453 0.500010
vt 0.422658 0.500010
vt 0.402658 0.500010
vt 0.408337 0.500011
vt 0.426980 0.500011
vt 0.404473 0.500010
vt 0.384473 0.500010
vt 0.390378 0.500013
vt 0.409019 0.500012
vt 0.386848 0.500011
vt 0.366848 0.500011
vt 0.372893 0.500011
vt 0.391534 0.500011
vt 0.369747 0.500011
vt 0.349747 0.500011
vt 0.355851 0.500011
vt 0.374490 0.500011
vt 0.353122 0.500012
vt 0.333122 0.500012
vt 0.339198 0.500011
vt 0.357837 0.500012
vt 0.336921 0.500011
vt 0.316921 0.500010
vt 0.322885 0.500011
vt 0.341522 0.500012
vt 0.321084 0.500010
vt 0.301084 0.500010
vt 0.306851 0.500012
vt 0.325487 0.500011
vt 0.305548 0.500012
vt 0.285548 0.500012
vt 0.291039 0.500013
vt 0.309674 0.500012
vt 0.290236 0.500012
vt 0.270236 0.500012
vt 0.275373 0.500013
vt 0.294007 0.500013
vt 0.275080 0.500013
vt 0.255080 0.500013
vt 0.259792 0.500014
vt 0.278426 0.500013
vt 0.260000 0.500011
vt 0.240000 0.500011
vt 0.244222 0.500011
vt 0.262856 0.500012
vt 0.244920 0.500012
vt 0.224920 0.500012
vt 0.228596 0.500013
vt 0.247230 0.500014
vt 0.229767 0.500012
vt 0.209767 0.500012
vt 0.212849 0.500013
vt 0.231483 0.500013
vt 0.214454 0.500012
vt 0.194454 0.500012
vt 0.196903 0.500013
vt 0.198916 0.500012
vt 0.178916 0.500012
vt 0.183079 0.500011
vt 0.163079 0.500012
vt 0.166879 0.500013
vt 0.146879 0.500013
vt 0.150254 0.500012
vt 0.130254 0.500012
vt 0.148629 0.500013
vt 0.133154 0.500012
vt 0.113155 0.500012
vt 0.112226 0.500013
vt 0.115526 0.500012
vt 0.095525 0.500012
vt 0.093961 0.500012
vt 0.112595 0.500011
vt 0.097343 0.500014
vt 0.077343 0.500013
vt 0.075172 0.500014
vt 0.093806 0.500014
vt 0.220913 0.488107
vt 0.190830 0.490000
vt 0.160747 0.488108
vt 0.131145 0.482460
vt 0.102482 0.473146
vt 0.075211 0.460314
vt 0.049760 0.444164
vt 0.026540 0.424952
vt 0.005904 0.402982
vt -0.011808 0.378598
vt -0.026328 0.352187
vt -0.037422 0.324164
vt -0.044921 0.294972
vt -0.048695 0.265070
vt -0.048698 0.234930
vt -0.044917 0.205028
vt -0.037425 0.175836
vt -0.026327 0.147813
vt -0.011808 0.121402
vt 0.005907 0.097018
vt 0.026539 0.075048
vt 0.049759 0.055836
vt 0.075207 0.039686
vt 0.102483 0.026854
vt 0.131146 0.017540
vt 0.160750 0.011892
vt 0.190830 0.010000
vt 0.220910 0.011892
vt 0.250516 0.017540
vt 0.279180 0.026854
vt 0.306451 0.039686
vt 0.331899 0.055836
vt 0.355119 0.075048
vt 0.375754 0.097018
vt 0.393470 0.121401
vt 0.407986 0.147813
vt 0.419085 0.175836
vt 0.426580 0.205028
vt 0.430355 0.234930
vt 0.430355 0.265070
vt 0.426577 0.294972
vt 0.419085 0.324164
vt 0.407987 0.352187
vt 0.393466 0.378598
vt 0.375754 0.402982
vt 0.355122 0.424952
vt 0.331899 0.444164
vt 0.306452 0.460314
vt 0.279181 0.473146
vt 0.250513 0.482460
vt 1.052432 -0.097979
vt 1.052429 -0.047830
vt 1.032430 -0.047829
vt 1.032432 -0.097978
vt 0.200893 0.488108
vt 0.170813 0.490000
vt 0.140733 0.488108
vt 0.111127 0.482460
vt 0.082463 0.473146
vt 0.055192 0.460314
vt 0.029744 0.444164
vt 0.006521 0.424952
vt -0.014111 0.402982
vt -0.031826 0.378598
vt -0.046346 0.352187
vt -0.057441 0.324164
vt -0.064936 0.294971
vt -0.068714 0.265070
vt -0.068714 0.234930
vt -0.064936 0.205029
vt -0.057441 0.175836
vt -0.046346 0.147813
vt -0.031826 0.121401
vt -0.014110 0.097018
vt 0.006521 0.075048
vt 0.029744 0.055836
vt 0.055192 0.039686
vt 0.082463 0.026854
vt 0.111127 0.017540
vt 0.140733 0.011892
vt 0.170813 0.010000
vt 0.200893 0.011892
vt 0.230498 0.017540
vt 0.259162 0.026854
vt 0.286433 0.039686
vt 0.311881 0.055836
vt 0.335104 0.075048
vt 0.355736 0.097018
vt 0.373451 0.121402
vt 0.387971 0.147813
vt 0.399066 0.175836
vt 0.406562 0.205029
vt 0.410339 0.234930
vt 0.410339 0.265070
vt 0.406562 0.294972
vt 0.399066 0.324164
vt 0.387971 0.352187
vt 0.373451 0.378598
vt 0.355736 0.402982
vt 0.335104 0.424952
vt 0.311881 0.444164
vt 0.286433 0.460314
vt 0.259163 0.473146
vt 0.230498 0.482460
vt 0.072444 -0.097955
vt 0.072444 -0.047807
vt 0.052444 -0.047806
vt 0.052444 -0.097955
vt 6.627346 0.340705
vt 6.668627 0.340706
vt 6.808825 0.326763
vt 6.768880 0.326762
vt -2.132787 1.000342
vt -1.292723 1.000339
vt -1.306401 1.000339
vt -2.119247 1.000341
vt 2.186591 0.340842
vt 2.171317 0.340842
vt 2.215610 0.326908
vt 2.230387 0.326908
vt 0.091618 -0.097970
vt 0.091618 -0.047818
vt 0.071618 -0.047818
vt 0.071618 -0.097969
vt 1.705010 0.340888
vt 1.686841 0.340889
vt 1.720546 0.326954
vt 1.738126 0.326953
vt 1.473042 0.341039
vt 1.454068 0.341040
vt 1.482528 0.327093
vt 1.500888 0.327092
vt 1.320506 0.341069
vt 1.301164 0.341071
vt 1.326073 0.327132
vt 1.344788 0.327130
vt 1.206629 0.341174
vt 1.187084 0.341167
vt 1.209273 0.327230
vt 1.228184 0.327237
vt 1.115637 0.341224
vt 1.095955 0.341226
vt 1.115916 0.327291
vt 1.134961 0.327289
vt 1.039709 0.341290
vt 1.019932 0.341291
vt 1.037997 0.327347
vt 1.057133 0.327346
vt 0.974462 0.341322
vt 0.954617 0.341323
vt 0.971013 0.327386
vt 0.990215 0.327385
vt 0.917163 0.341111
vt 0.897265 0.341117
vt 0.912172 0.327173
vt 0.931426 0.327165
vt 0.866028 0.341137
vt 0.846092 0.341133
vt 0.859639 0.327196
vt 0.878929 0.327203
vt 0.819799 0.341334
vt 0.799831 0.341334
vt 0.812130 0.327393
vt 0.831457 0.327387
vt 0.777611 0.341365
vt 0.757613 0.341363
vt 0.768751 0.327428
vt 0.788101 0.327428
vt 0.738805 0.341387
vt 0.718784 0.341388
vt 0.728833 0.327447
vt 0.748203 0.327447
vt 0.702883 0.341304
vt 0.682845 0.341303
vt 0.691862 0.327360
vt 0.711250 0.327362
vt 0.669492 0.341099
vt 0.649439 0.341108
vt 0.657470 0.327167
vt 0.676874 0.327159
vt 0.638335 0.341057
vt 0.618269 0.341055
vt 0.625357 0.327118
vt 0.644773 0.327119
vt 0.609181 0.341269
vt 0.589105 0.341266
vt 0.595283 0.327325
vt 0.614708 0.327329
vt 0.581793 0.341174
vt 0.561707 0.341170
vt 0.567004 0.327226
vt 0.586439 0.327230
vt 0.556068 0.341136
vt 0.535976 0.341137
vt 0.540411 0.327199
vt 0.559852 0.327198
vt 0.531874 0.341102
vt 0.511779 0.341097
vt 0.515372 0.327160
vt 0.534815 0.327165
vt 0.509009 0.340983
vt 0.488907 0.340986
vt 0.491670 0.327048
vt 0.511120 0.327046
vt 0.487369 0.340874
vt 0.467265 0.340871
vt 0.469205 0.326928
vt 0.488658 0.326931
vt 0.466858 0.340830
vt 0.446752 0.340831
vt 0.447887 0.326886
vt 0.467342 0.326885
vt 0.447313 0.340660
vt 0.427207 0.340656
vt 0.427531 0.326717
vt 0.446985 0.326721
vt 0.428626 0.340664
vt 0.408520 0.340664
vt 0.408037 0.326724
vt 0.427491 0.326724
vt 0.410547 0.340528
vt 0.390443 0.340531
vt 0.389148 0.326591
vt 0.408600 0.326587
vt 0.393002 0.340440
vt 0.372900 0.340437
vt 0.370792 0.326505
vt 0.390242 0.326508
vt 0.375706 0.340371
vt 0.355610 0.340372
vt 0.352671 0.326437
vt 0.372116 0.326437
vt 0.358510 0.340273
vt 0.338420 0.340276
vt 0.334638 0.326341
vt 0.354077 0.326339
vt 0.341125 0.340218
vt 0.321039 0.340218
vt 0.316394 0.326276
vt 0.335830 0.326276
vt 0.323314 0.340124
vt 0.303238 0.340125
vt 0.297712 0.326187
vt 0.317137 0.326187
vt 0.304738 0.340081
vt 0.284670 0.340078
vt 0.278234 0.326144
vt 0.297652 0.326147
vt 0.285039 0.340022
vt 0.264987 0.340025
vt 0.257610 0.326089
vt 0.277010 0.326086
vt 0.263786 0.339998
vt 0.243750 0.339998
vt 0.235385 0.326067
vt 0.254771 0.326064
vt 0.240538 0.340002
vt 0.220521 0.340002
vt 0.211116 0.326056
vt 0.230488 0.326060
vt 0.214676 0.340015
vt 0.194678 0.340011
vt 0.184187 0.326073
vt 0.203536 0.326073
vt 0.185442 0.339932
vt 0.165472 0.339934
vt 0.153818 0.325995
vt 0.173139 0.325995
vt 0.152115 0.339938
vt 0.132179 0.339939
vt 0.119279 0.326004
vt 0.138571 0.326008
vt 0.113495 0.339974
vt 0.093602 0.339974
vt 0.079340 0.326036
vt 0.098589 0.326035
vt 0.068139 0.339960
vt 0.048296 0.339961
vt 0.032538 0.326020
vt 0.051737 0.326020
vt 0.014060 0.340014
vt -0.005714 0.340014
vt -0.023137 0.326079
vt -0.004004 0.326079
vt -0.051799 0.340067
vt -0.071482 0.340065
vt -0.090806 0.326126
vt -0.071761 0.326127
vt -0.133984 0.340114
vt -0.153534 0.340116
vt -0.175088 0.326179
vt -0.156172 0.326177
vt -0.240658 0.340176
vt -0.260000 0.340175
vt -0.284278 0.326239
vt -0.265564 0.326239
vt -0.388313 0.340212
vt -0.407287 0.340215
vt -0.435133 0.326275
vt -0.416776 0.326273
vt -0.619541 0.340335
vt -0.637715 0.340335
vt -0.670830 0.326401
vt -0.653245 0.326401
vt -1.114910 0.340421
vt -1.130192 0.340420
vt -1.173974 0.326481
vt -1.159188 0.326482
vt -5.905322 0.340534
vt -5.864068 0.340531
vt -6.005506 0.326595
vt -6.045425 0.326598
vt 1.031608 -0.097975
vt 1.031602 -0.047828
vt 1.011605 -0.047826
vt 1.011610 -0.097974
vt 1.009982 -0.098064
vt 1.009981 -0.048062
vt 0.989981 -0.047973
vt 0.989982 -0.098012
vt 0.987546 -0.097978
vt 0.987545 -0.047822
vt 0.967544 -0.047822
vt 0.967545 -0.097977
vt 0.964363 -0.097974
vt 0.964363 -0.047825
vt 0.944364 -0.047825
vt 0.944364 -0.097974
vt 0.940483 -0.097974
vt 0.940484 -0.047825
vt 0.920484 -0.047825
vt 0.920483 -0.097974
vt 0.915948 -0.097980
vt 0.915947 -0.047825
vt 0.895948 -0.047826
vt 0.895948 -0.097980
vt 0.890887 -0.097976
vt 0.890888 -0.047826
vt 0.870887 -0.047826
vt 0.870886 -0.097976
vt 0.865311 -0.097962
vt 0.865313 -0.047809
vt 0.845313 -0.047812
vt 0.845311 -0.097963
vt 0.839345 -0.097974
vt 0.839346 -0.047824
vt 0.819347 -0.047825
vt 0.819346 -0.097976
vt 0.813079 -0.097970
vt 0.813077 -0.047819
vt 0.793078 -0.047819
vt 0.793080 -0.097971
vt 0.786587 -0.097965
vt 0.786586 -0.047813
vt 0.766585 -0.047815
vt 0.766585 -0.097967
vt 0.759996 -0.097971
vt 0.759997 -0.047819
vt 0.739998 -0.047819
vt 0.739995 -0.097971
vt 0.733413 -0.097967
vt 0.733412 -0.047814
vt 0.713413 -0.047816
vt 0.713413 -0.097968
vt 0.706933 -0.097955
vt 0.706932 -0.047805
vt 0.686931 -0.047808
vt 0.686932 -0.097957
vt 0.680658 -0.097967
vt 0.680658 -0.047816
vt 0.660658 -0.047818
vt 0.660658 -0.097968
vt 0.654684 -0.097973
vt 0.654684 -0.047823
vt 0.634683 -0.047824
vt 0.634684 -0.097975
vt 0.629107 -0.097981
vt 0.629106 -0.047829
vt 0.609106 -0.047828
vt 0.609108 -0.097981
vt 0.604038 -0.097963
vt 0.604037 -0.047812
vt 0.584036 -0.047812
vt 0.584037 -0.097963
vt 0.579504 -0.097979
vt 0.579503 -0.047826
vt 0.559503 -0.047825
vt 0.559504 -0.097978
vt 0.555637 -0.097972
vt 0.555636 -0.047819
vt 0.535636 -0.047820
vt 0.535637 -0.097973
vt 0.532450 -0.097975
vt 0.532451 -0.047823
vt 0.512451 -0.047822
vt 0.512450 -0.097975
vt 0.510020 -0.097976
vt 0.510020 -0.047824
vt 0.490021 -0.047824
vt 0.490020 -0.097976
vt 0.488391 -0.097973
vt 0.488391 -0.047820
vt 0.468391 -0.047821
vt 0.468391 -0.097974
vt 0.467554 -0.097977
vt 0.467555 -0.047823
vt 0.447555 -0.047824
vt 0.447553 -0.097978
vt 0.427555 -0.047818
vt 0.427557 -0.097967
vt 0.428381 -0.097983
vt 0.428384 -0.047828
vt 0.408385 -0.047828
vt 0.408382 -0.097983
vt 0.410019 -0.097976
vt 0.410021 -0.047823
vt 0.390021 -0.047823
vt 0.390019 -0.097976
vt 0.392449 -0.097975
vt 0.392449 -0.047825
vt 0.372449 -0.047825
vt 0.372449 -0.097975
vt 0.375630 -0.097977
vt 0.375632 -0.047823
vt 0.355632 -0.047823
vt 0.355630 -0.097977
vt 0.359513 -0.097960
vt 0.359514 -0.047809
vt 0.339513 -0.047807
vt 0.339513 -0.097959
vt 0.344031 -0.097954
vt 0.344031 -0.047802
vt 0.324031 -0.047802
vt 0.324032 -0.097954
vt 0.329110 -0.097981
vt 0.329110 -0.047830
vt 0.309110 -0.047830
vt 0.309110 -0.097981
vt 0.314685 -0.097980
vt 0.314685 -0.047827
vt 0.294685 -0.047827
vt 0.294685 -0.097979
vt 0.300655 -0.097974
vt 0.300655 -0.047821
vt 0.280655 -0.047815
vt 0.280655 -0.097968
vt 0.286933 -0.097957
vt 0.286933 -0.047807
vt 0.266934 -0.047805
vt 0.266933 -0.097955
vt 0.273411 -0.097968
vt 0.273412 -0.047816
vt 0.253412 -0.047815
vt 0.253412 -0.097967
vt 0.260002 -0.097964
vt 0.260002 -0.047812
vt 0.240002 -0.047812
vt 0.240002 -0.097962
vt 0.246585 -0.097965
vt 0.246586 -0.047814
vt 0.226586 -0.047811
vt 0.226585 -0.097962
vt 0.233068 -0.097977
vt 0.233069 -0.047824
vt 0.213069 -0.047823
vt 0.213069 -0.097975
vt 0.219346 -0.097975
vt 0.219346 -0.047824
vt 0.199346 -0.047817
vt 0.199346 -0.097969
vt 0.205316 -0.097954
vt 0.205317 -0.047806
vt 0.185317 -0.047804
vt 0.185317 -0.097953
vt 0.190885 -0.097953
vt 0.190885 -0.047742
vt 0.170885 -0.047792
vt 0.170885 -0.097970
vt 0.175971 -0.097954
vt 0.175970 -0.047667
vt 0.155970 -0.047713
vt 0.155970 -0.097971
vt 0.160488 -0.097942
vt 0.160489 -0.047722
vt 0.140488 -0.047767
vt 0.140488 -0.097962
vt 0.144367 -0.097979
vt 0.144367 -0.047825
vt 0.124367 -0.047824
vt 0.124367 -0.097978
vt 0.127546 -0.098072
vt 0.127546 -0.048203
vt 0.107546 -0.048113
vt 0.107545 -0.098021
vt 0.109976 -0.097957
vt 0.109976 -0.047806
vt 0.089976 -0.047806
vt 0.089976 -0.097957
vt 0.000000 0.000000
vt 0.000000 0.000000
vt 0.000000 0.000000
vt 0.000000 0.000000
vt 0.000000 0.000000
vt 0.000000 0.000000
vt 0.000000 0.000000
vt 0.000000 0.000000
vt 0.000000 0.000000
vt 0.000000 0.000000
vt 0.000000 0.000000
vt 0.000000 0.000000
vt 0.000000 0.000000
vt 0.000000 0.000000
vt 0.000000 0.000000
vt 0.000000 0.000000
vt 0.000000 0.000000
vt 0.000000 0.000000
vt 0.000000 0.000000
vt 0.000000 0.000000
vt 0.000000 0.000000
vt 0.000000 0.000000
vt 0.000000 0.000000
vt 0.000000 0.000000
vt 0.000000 0.000000
vt 0.000000 0.000000
vt 0.000000 0.000000
vt 0.000000 0.000000
vt 0.000000 0.000000
vt 0.000000 0.000000
vt 0.000000 0.000000
vt 0.000000 0.000000
vt 0.000000 0.000000
vt 0.000000 0.000000
vt 0.000000 0.000000
vt 0.000000 0.000000
vt 0.000000 0.000000
vt 0.000000 0.000000
vt 0.000000 0.000000
vt 0.000000 0.000000
vt 0.000000 0.000000
vt 0.000000 0.000000
vt 0.000000 0.000000
vt 0.000000 0.000000
vt 0.000000 0.000000
vt 0.000000 0.000000
vt 0.000000 0.000000
vt 0.000000 0.000000
vt 0.000000 0.000000
vt 0.000000 0.000000
vt 0.000000 0.000000
vt 0.000000 0.000000
vt 0.000000 0.000000
vt 0.000000 0.000000
vt 0.000000 0.000000
vt 0.000000 0.000000
vt 0.000000 0.000000
vt 0.000000 0.000000
vt 0.000000 0.000000
vt 0.000000 0.000000
vt 0.000000 0.000000
vt 0.000000 0.000000
vt 0.000000 0.000000
vt 0.000000 0.000000
vt 0.000000 0.000000
vt 0.000000 0.000000
vt 0.000000 0.000000
vt 0.000000 0.000000
vt 0.000000 0.000000
vt 0.000000 0.000000
vt 0.000000 0.000000
vt 0.000000 0.000000
vt 0.000000 0.000000
vt 0.000000 0.000000
vt 0.000000 0.000000
vt 0.000000 0.000000
vt 0.000000 0.000000
vt 0.000000 0.000000
vt 0.000000 0.000000
vt 0.000000 0.000000
vt 0.000000 0.000000
vt 0.000000 0.000000
vt 0.000000 0.000000
vt 0.000000 0.000000
vt 0.000000 0.000000
vt 0.000000 0.000000
vt 0.000000 0.000000
vt 0.000000 0.000000
vt 0.000000 0.000000
vt 0.000000 0.000000
vt 0.000000 0.000000
vt 0.000000 0.000000
vt 0.000000 0.000000
vt 0.000000 0.000000
vt 0.000000 0.000000
vt 0.000000 0.000000
vt 0.000000 0.000000
vt 0.000000 0.000000
vt 0.000000 0.000000
vt 0.000000 0.000000
vt 0.000000 0.000000
vt 0.000000 0.000000
vt 0.000000 0.000000
vt 0.000000 0.000000
vt 0.000000 0.000000
vt 0.000000 0.000000
vt 0.000000 0.000000
vt 0.000000 0.000000
vt 0.000000 0.000000
vt 0.000000 0.000000
vt 0.000000 0.000000
vt 0.000000 0.000000
vt 0.000000 0.000000
vt 0.000000 0.000000
vt 0.000000 0.000000
vt 0.000000 0.000000
vt 0.000000 0.000000
vt 0.000000 0.000000
vt 0.000000 0.000000
vt 0.000000 0.000000
vt 0.000000 0.000000
vt 0.000000 0.000000
vt 0.000000 0.000000
vt 0.000000 0.000000
vt 0.000000 0.000000
vt 0.000000 0.000000
vt 0.000000 0.000000
vt 0.000000 0.000000
vt 0.000000 0.000000
vt 0.000000 0.000000
vt 0.000000 0.000000
vt 0.000000 0.000000
vt 0.000000 0.000000
vt 0.000000 0.000000
vt 0.000000 0.000000
vt 0.000000 0.000000
vt 0.000000 0.000000
vt 0.000000 0.000000
vt 0.000000 0.000000
vt 0.000000 0.000000
vt 0.000000 0.000000
vt 0.000000 0.000000
vt 0.000000 0.000000
vt 0.000000 0.000000
vt 0.000000 0.000000
vt 0.000000 0.000000
vt 0.000000 0.000000
vt 0.000000 0.000000
vt 0.000000 0.000000
vt 0.000000 0.000000
vt 0.000000 0.000000
vt 0.000000 0.000000
vt 0.000000 0.000000
vt 0.000000 0.000000
vt 0.000000 0.000000
vt 0.000000 0.000000
vt 0.000000 0.000000
vt 0.000000 0.000000
vt 0.000000 0.000000
vt 0.000000 0.000000
vt 0.000000 0.000000
vt 0.000000 0.000000
vt 0.000000 0.000000
vt 0.000000 0.000000
vt 0.000000 0.000000
vt 0.000000 0.000000
vt 0.000000 0.000000
vt 0.000000 0.000000
vt 0.000000 0.000000
vt 0.000000 0.000000
vt 0.000000 0.000000
vt 0.000000 0.000000
vt 0.000000 0.000000
vt 0.000000 0.000000
vt 0.000000 0.000000
vt 0.000000 0.000000
vt 0.000000 0.000000
vt 0.000000 0.000000
vt 0.000000 0.000000
vt 0.000000 0.000000
vt 0.000000 0.000000
vt 0.000000 0.000000
vt 0.000000 0.000000
vt 0.000000 0.000000
vt 0.000000 0.000000
vt 0.000000 0.000000
vt 0.000000 0.000000
vt 0.000000 0.000000
vt 0.000000 0.000000
vt 0.000000 0.000000
vt 0.000000 0.000000
vt 0.000000 0.000000
vt 0.000000 0.000000
vt 0.000000 0.000000
vt 0.000000 0.000000
vt 0.000000 0.000000
vt 0.000000 0.000000
vt 0.000000 0.000000
vt 0.000000 0.000000
vt 0.000000 0.000000
vt 0.000000 0.000000
vt 0.000000 0.000000
vt 0.000000 0.000000
vt 0.000000 0.000000
vt 0.000000 0.000000
vt 0.000000 0.000000
vt 0.000000 0.000000
vt 0.000000 0.000000
vt 0.000000 0.000000
vt 0.000000 0.000000
vt 0.000000 0.000000
vt 0.000000 0.000000
vt 0.000000 0.000000
vt 0.000000 0.000000
vt 0.000000 0.000000
vt 0.000000 0.000000
vt 0.000000 0.000000
vt 0.000000 0.000000
vt 0.000000 0.000000
vt 0.000000 0.000000
vt 0.000000 0.000000
vt 0.000000 0.000000
vt 0.000000 0.000000
vt 0.000000 0.000000
vt 0.000000 0.000000
vt 0.000000 0.000000
vt 0.000000 0.000000
vt 0.000000 0.000000
vt 0.000000 0.000000
vt 0.000000 0.000000
vt 0.000000 0.000000
vt 0.000000 0.000000
vt 0.000000 0.000000
vt 0.000000 0.000000
vt 0.000000 0.000000
vt 0.000000 0.000000
vt 0.000000 0.000000
vt 0.000000 0.000000
vt 0.000000 0.000000
vt 0.000000 0.000000
vt 0.000000 0.000000
vt 0.000000 0.000000
vt 0.000000 0.000000
vt 0.000000 0.000000
vt 0.000000 0.000000
vt 0.000000 0.000000
vt 0.000000 0.000000
vt 0.000000 0.000000
vt 0.000000 0.000000
vt 0.000000 0.000000
vt 0.000000 0.000000
vt 0.000000 0.000000
vt 0.000000 0.000000
vt 0.000000 0.000000
vt 0.000000 0.000000
vt 0.000000 0.000000
vt 0.000000 0.000000
vt 0.000000 0.000000
vt 0.000000 0.000000
vt 0.000000 0.000000
vt 0.000000 0.000000
vt 0.000000 0.000000
vt 0.000000 0.000000
vt 0.000000 0.000000
vt 0.000000 0.000000
vt 0.000000 0.000000
vt 0.000000 0.000000
vt 0.000000 0.000000
vt 0.000000 0.000000
vt 0.000000 0.000000
vt 0.000000 0.000000
vt 0.000000 0.000000
vt 0.000000 0.000000
vt 0.000000 0.000000
vt 0.000000 0.000000
vt 0.000000 0.000000
vt 0.000000 0.000000
vt 0.000000 0.000000
vt 0.000000 0.000000
vt 0.000000 0.000000
vt 0.000000 0.000000
vt 0.000000 0.000000
vt 0.000000 0.000000
vt 0.000000 0.000000
vt 0.000000 0.000000
vt 0.000000 0.000000
vt 0.000000 0.000000
vt 0.000000 0.000000
vt 0.000000 0.000000
vt 0.000000 0.000000
vt 0.000000 0.000000
vt 0.000000 0.000000
vt 0.000000 0.000000
vt 0.000000 0.000000
vt 0.000000 0.000000
vt 0.000000 0.000000
vt 0.000000 0.000000
vt 0.000000 0.000000
vt 0.000000 0.000000
vt 0.000000 0.000000
vt 0.000000 0.000000
vt 0.000000 0.000000
vt 0.000000 0.000000
vt 0.000000 0.000000
vt 0.000000 0.000000
vt 0.000000 0.000000
vt 0.000000 0.000000
vt 0.000000 0.000000
vt 0.000000 0.000000
vt 0.000000 0.000000
vt 0.000000 0.000000
vt 0.000000 0.000000
vt 0.000000 0.000000
vt 0.000000 0.000000
vt 0.000000 0.000000
vt 0.000000 0.000000
vt 0.000000 0.000000
vt 0.000000 0.000000
vt 0.000000 0.000000
vt 0.000000 0.000000
vt 0.000000 0.000000
vt 0.000000 0.000000
vt 0.000000 0.000000
vt 0.000000 0.000000
vt 0.000000 0.000000
vt 0.000000 0.000000
vt 0.000000 0.000000
vt 0.000000 0.000000
vt 0.000000 0.000000
vt 0.000000 0.000000
vt 0.000000 0.000000
vt 0.000000 0.000000
vt 0.000000 0.000000
vt 0.000000 0.000000
vt 0.000000 0.000000
vt 0.000000 0.000000
vt 0.000000 0.000000
vt 0.000000 0.000000
vt 0.000000 0.000000
vt 0.000000 0.000000
vt 0.000000 0.000000
vt 0.000000 0.000000
vt 0.000000 0.000000
vt 0.000000 0.000000
vt 0.000000 0.000000
vt 0.000000 0.000000
vt 0.000000 0.000000
vt 0.000000 0.000000
vt 0.000000 0.000000
vt 0.000000 0.000000
vt 0.000000 0.000000
vt 0.000000 0.000000
vt 0.000000 0.000000
vt 0.000000 0.000000
vt 0.000000 0.000000
vt 0.000000 0.000000
vt 0.000000 0.000000
vt 0.000000 0.000000
vt 0.000000 0.000000
vt 0.000000 0.000000
vt 0.000000 0.000000
vt 0.000000 0.000000
vt 0.000000 0.000000
vt 0.000000 0.000000
vt 0.000000 0.000000
vt 0.000000 0.000000
vt 0.000000 0.000000
vt 0.000000 0.000000
vt 0.000000 0.000000
vt 0.000000 0.000000
vt 0.000000 0.000000
vt 0.000000 0.000000
vt 0.000000 0.000000
vt 0.000000 0.000000
vt 0.000000 0.000000
vt 0.000000 0.000000
vt 0.000000 0.000000
vt 0.000000 0.000000
vt 0.000000 0.000000
vt 0.000000 0.000000
vt 0.000000 0.000000
vt 0.000000 0.000000
vt 0.000000 0.000000
vt 0.000000 0.000000
vt 0.000000 0.000000
vt 0.000000 0.000000
vt 0.000000 0.000000
vt 0.000000 0.000000
vt 0.000000 0.000000
vt 0.000000 0.000000
vt 0.000000 0.000000
vt 0.000000 0.000000
vt 0.000000 0.000000
vt 0.000000 0.000000
vt 0.000000 0.000000
vt 0.000000 0.000000
vt 0.000000 0.000000
vt 0.000000 0.000000
vt 0.000000 0.000000
vt 0.000000 0.000000
vt 0.000000 0.000000
vt 0.000000 0.000000
vt 0.000000 0.000000
vt 0.000000 0.000000
vt 0.000000 0.000000
vt 0.000000 0.000000
vt 0.000000 0.000000
vt 0.000000 0.000000
vt 0.000000 0.000000
vt 0.000000 0.000000
vt 0.000000 0.000000
vt 0.000000 0.000000
vt 0.000000 0.000000
vt 0.000000 0.000000
vt 0.000000 0.000000
vt 0.000000 0.000000
vt 0.000000 0.000000
vt 0.000000 0.000000
vt 0.000000 0.000000
vt 0.000000 0.000000
vt 0.000000 0.000000
vt 0.000000 0.000000
vt 0.000000 0.000000
vt 0.000000 0.000000
vt 0.000000 0.000000
vt 0.000000 0.000000
vt 0.000000 0.000000
vt 0.000000 0.000000
vn -0.7071 0.0000 -0.7071
vn 0.7071 0.0000 -0.7071
vn 0.7071 0.0000 0.7071
vn 0.0000 1.0000 0.0000
vn 0.0000 -1.0000 0.0000
vn 0.7057 0.0628 0.7057
vn -0.7071 -0.0000 0.7071
vn 0.7057 -0.0628 0.7057
vn -0.7057 0.0628 0.7057
vn -0.7057 -0.0628 0.7057
vn 0.7070 -0.0000 0.7072
vn 0.7072 0.0000 0.7070
vn -0.5415 -0.0613 0.8385
vn -0.5415 0.0613 0.8385
vn -0.4817 -0.1806 0.8575
vn -0.6946 -0.1874 0.6946
vn -0.3887 -0.2902 0.8745
vn -0.6725 -0.3090 0.6725
vn -0.7072 -0.0000 -0.7071
vn 0.6725 -0.3090 0.6725
vn 0.6946 -0.1875 0.6946
vn 0.6398 -0.4258 0.6398
vn 0.5970 -0.5358 0.5970
vn -0.5970 -0.5358 0.5970
vn -0.6398 -0.4258 0.6398
vn 0.7070 -0.0001 0.7072
vn 0.7071 -0.0001 0.7072
vn 0.7072 0.0000 0.7071
vn 0.7072 0.0001 0.7070
vn -0.7072 0.0000 -0.7070
vn -0.2822 -0.3861 0.8782
vn -0.1731 -0.4669 0.8672
vn -0.0672 -0.5328 0.8436
vn -0.5448 -0.6374 0.5448
vn 0.0328 -0.5853 0.8102
vn -0.4841 -0.7290 0.4841
vn -0.4840 -0.7290 0.4840
vn -0.5449 -0.6374 0.5449
vn -0.4841 -0.7290 0.4840
vn -0.5449 -0.6374 0.5448
vn 0.7071 -0.0001 0.7071
vn 0.4840 -0.7290 0.4841
vn 0.5448 -0.6374 0.5448
vn 0.4156 -0.8090 0.4156
vn 0.3407 -0.8763 0.3407
vn -0.3406 -0.8763 0.3407
vn -0.4156 -0.8090 0.4156
vn -0.3407 -0.8763 0.3407
vn 0.7071 0.0001 0.7071
vn -0.3407 -0.8763 0.3406
vn -0.7071 -0.0001 -0.7071
vn -0.7072 -0.0001 -0.7070
vn 0.1260 -0.6262 0.7694
vn 0.2122 -0.6572 0.7232
vn 0.2921 -0.6799 0.6727
vn -0.2603 -0.9298 0.2603
vn 0.3660 -0.6953 0.6186
vn -0.1759 -0.9686 0.1759
vn -0.7072 -0.0001 -0.7071
vn -0.7071 -0.0000 -0.7072
vn -0.1758 -0.9686 0.1758
vn 0.1759 -0.9686 0.1759
vn 0.2603 -0.9298 0.2603
vn 0.0886 -0.9921 0.0886
vn -0.0886 -0.9921 0.0886
vn 0.4353 -0.7042 0.5610
vn 0.5000 -0.7071 0.5000
vn 0.5610 -0.7042 0.4352
vn 0.0886 -0.9921 -0.0886
vn 0.6185 -0.6953 0.3661
vn 0.1759 -0.9686 -0.1759
vn 0.1758 -0.9686 -0.1758
vn 0.7072 -0.0001 0.7070
vn -0.1759 -0.9686 -0.1759
vn -0.0886 -0.9921 -0.0886
vn -0.2603 -0.9298 -0.2603
vn -0.3407 -0.8763 -0.3407
vn 0.3406 -0.8763 -0.3406
vn 0.2603 -0.9298 -0.2603
vn 0.3406 -0.8763 -0.3407
vn 0.3407 -0.8763 -0.3406
vn 0.3407 -0.8763 -0.3407
vn 0.6727 -0.6799 0.2920
vn 0.7232 -0.6572 0.2122
vn 0.7694 -0.6262 0.1260
vn 0.4156 -0.8090 -0.4156
vn 0.8102 -0.5853 0.0329
vn 0.4840 -0.7290 -0.4840
vn -0.7071 -0.0001 -0.7072
vn 0.4840 -0.7289 -0.4841
vn 0.7070 0.0001 0.7072
vn 0.4840 -0.7290 -0.4841
vn -0.4840 -0.7290 -0.4840
vn -0.4156 -0.8090 -0.4156
vn -0.5449 -0.6374 -0.5449
vn -0.5970 -0.5358 -0.5970
vn 0.5971 -0.5358 -0.5970
vn 0.5448 -0.6374 -0.5448
vn 0.7072 -0.0001 0.7071
vn 0.5448 -0.6375 -0.5448
vn 0.5970 -0.5358 -0.5970
vn 0.7071 0.0001 0.7072
vn 0.8436 -0.5328 -0.0672
vn 0.8672 -0.4668 -0.1731
vn 0.8782 -0.3861 -0.2822
vn 0.6398 -0.4258 -0.6398
vn 0.8745 -0.2902 -0.3886
vn 0.6725 -0.3090 -0.6725
vn -0.7070 0.0000 -0.7072
vn -0.6725 -0.3090 -0.6725
vn -0.6398 -0.4257 -0.6398
vn -0.6946 -0.1875 -0.6946
vn -0.7057 -0.0628 -0.7057
vn 0.7057 -0.0628 -0.7057
vn 0.6946 -0.1874 -0.6946
vn 0.8575 -0.1806 -0.4817
vn 0.8385 -0.0614 -0.5415
vn 0.8384 0.0614 -0.5415
vn 0.7057 0.0628 -0.7057
vn 0.8575 0.1806 -0.4817
vn 0.6946 0.1874 -0.6946
vn 0.7072 0.0001 0.7071
vn -0.6946 0.1875 -0.6946
vn -0.7057 0.0628 -0.7057
vn -0.6725 0.3090 -0.6725
vn -0.6398 0.4257 -0.6398
vn 0.6398 0.4258 -0.6398
vn 0.6725 0.3090 -0.6725
vn 0.6725 0.3089 -0.6725
vn 0.7071 0.0000 0.7072
vn 0.6725 0.3091 -0.6725
vn 0.8745 0.2902 -0.3887
vn 0.8782 0.3861 -0.2823
vn 0.8672 0.4668 -0.1731
vn 0.5970 0.5358 -0.5970
vn 0.8436 0.5328 -0.0672
vn 0.5448 0.6374 -0.5448
vn 0.5447 0.6375 -0.5448
vn 0.5971 0.5358 -0.5970
vn -0.5448 0.6374 -0.5448
vn -0.5970 0.5358 -0.5970
vn -0.4840 0.7290 -0.4840
vn -0.4156 0.8090 -0.4156
vn 0.4156 0.8090 -0.4156
vn 0.4840 0.7290 -0.4840
vn 0.4841 0.7289 -0.4841
vn 0.4157 0.8090 -0.4157
vn -0.7071 0.0001 -0.7071
vn 0.8102 0.5853 0.0329
vn 0.7694 0.6262 0.1260
vn 0.7232 0.6572 0.2122
vn 0.3407 0.8763 -0.3407
vn 0.6727 0.6799 0.2920
vn 0.2602 0.9298 -0.2602
vn 0.2603 0.9298 -0.2603
vn 0.3406 0.8763 -0.3406
vn 0.3406 0.8763 -0.3407
vn -0.2603 0.9298 -0.2603
vn -0.3407 0.8763 -0.3407
vn -0.1758 0.9686 -0.1758
vn -0.0886 0.9921 -0.0886
vn 0.0886 0.9921 -0.0886
vn 0.1758 0.9686 -0.1758
vn 0.1759 0.9686 -0.1759
vn 0.1759 0.9686 -0.1758
vn 0.6185 0.6953 0.3661
vn 0.5610 0.7042 0.4352
vn 0.5000 0.7071 0.5000
vn 0.4353 0.7042 0.5610
vn -0.0886 0.9921 0.0886
vn 0.0886 0.9921 0.0886
vn 0.1758 0.9686 0.1758
vn 0.2603 0.9298 0.2603
vn -0.2603 0.9298 0.2603
vn -0.1758 0.9686 0.1758
vn -0.1759 0.9686 0.1759
vn 0.3660 0.6953 0.6186
vn 0.2920 0.6799 0.6727
vn 0.2123 0.6572 0.7232
vn -0.3407 0.8763 0.3407
vn 0.1260 0.6262 0.7694
vn -0.4156 0.8090 0.4156
vn -0.7072 0.0001 -0.7071
vn -0.3406 0.8763 0.3406
vn -0.4157 0.8090 0.4157
vn 0.4156 0.8090 0.4156
vn 0.3407 0.8763 0.3407
vn 0.4840 0.7290 0.4841
vn 0.5448 0.6375 0.5448
vn -0.5448 0.6374 0.5448
vn -0.4840 0.7290 0.4840
vn -0.5448 0.6375 0.5448
vn -0.4841 0.7289 0.4841
vn -0.4841 0.7290 0.4841
vn 0.0328 0.5853 0.8102
vn -0.0672 0.5328 0.8436
vn -0.1731 0.4669 0.8672
vn -0.5970 0.5358 0.5970
vn -0.2822 0.3861 0.8782
vn -0.6398 0.4258 0.6398
vn -0.5970 0.5358 0.5971
vn 0.6398 0.4258 0.6398
vn 0.5970 0.5358 0.5970
vn 0.6725 0.3090 0.6725
vn 0.6946 0.1875 0.6946
vn -0.6946 0.1874 0.6946
vn -0.6725 0.3090 0.6725
vn -0.6725 0.3089 0.6725
vn -0.3886 0.2902 0.8745
vn -0.4817 0.1806 0.8575
vn -1.0000 0.0000 -0.0081
vn 0.8385 0.0614 -0.5415
vn 0.8575 -0.1807 -0.4817
vn 0.8745 -0.2902 -0.3887
vn 0.5970 -0.5359 -0.5970
vn 0.5970 -0.5358 -0.5971
vn 0.5449 -0.6374 -0.5449
vn 0.4841 -0.7290 -0.4840
vn 0.4841 -0.7290 -0.4841
vn 0.4841 -0.7290 0.4841
vn 0.4352 -0.7042 0.5610
vn 0.3661 -0.6952 0.6186
vn 0.2920 -0.6799 0.6727
vn 0.0329 -0.5853 0.8102
vn -0.0672 -0.5327 0.8436
vn -0.1731 -0.4668 0.8672
vn -0.2821 -0.3861 0.8782
vn -0.6398 -0.4258 -0.6398
vn -0.5415 -0.0613 0.8384
vn -0.5415 0.0613 0.8384
vn -0.6398 0.4258 -0.6398
vn -0.3887 0.2902 0.8745
vn -0.2823 0.3861 0.8782
vn -0.0671 0.5328 0.8436
vn -0.4841 0.7290 0.4840
vn 0.0329 0.5853 0.8102
vn 0.2122 0.6572 0.7232
vn -0.1759 0.9686 0.1758
vn 0.3661 0.6953 0.6186
vn 0.4352 0.7042 0.5610
vn -0.7071 0.0001 -0.7072
vn 0.6186 0.6953 0.3661
vn 0.4841 0.7290 0.4841
vn 0.5448 0.6374 0.5448
vn 0.4841 0.7290 -0.4841
vn 0.4841 0.7290 -0.4840
vn 0.5448 0.6375 -0.5448
vn 0.5449 0.6374 -0.5448
vn 0.8436 0.5327 -0.0672
vn 0.8672 0.4669 -0.1731
vn 0.5970 0.5359 -0.5970
vn 0.8782 0.3861 -0.2822
vn 0.5970 0.5358 -0.5971
vn 0.3760 0.8483 -0.3727
vn 0.2965 0.8456 -0.4437
vn -0.5541 0.7150 0.4263
vn -0.4902 0.7207 0.4902
vn 0.2167 0.8302 -0.5136
vn -0.6169 0.6980 0.3634
vn 0.1376 0.8019 -0.5813
vn -0.6778 0.6701 0.3026
vn 0.0602 0.7612 -0.6457
vn -0.7357 0.6316 0.2447
vn -0.0145 0.7083 -0.7057
vn -0.7897 0.5831 0.1906
vn -0.0855 0.6438 -0.7604
vn -0.8390 0.5254 0.1413
vn -0.1518 0.5683 -0.8086
vn -0.8828 0.4594 0.0975
vn -0.2123 0.4828 -0.8496
vn -0.9205 0.3862 0.0599
vn -0.2661 0.3882 -0.8823
vn -0.9513 0.3069 0.0291
vn -0.3119 0.2857 -0.9061
vn -0.9749 0.2227 0.0055
vn -0.3487 0.1768 -0.9204
vn -0.9908 0.1350 -0.0104
vn -0.3754 0.0632 -0.9247
vn -0.9988 0.0452 -0.0184
vn -0.3909 -0.0533 -0.9189
vn -0.9988 -0.0452 -0.0184
vn -0.3945 -0.1706 -0.9029
vn -0.9908 -0.1350 -0.0104
vn -0.3855 -0.2864 -0.8771
vn -0.9749 -0.2227 0.0055
vn -0.3635 -0.3984 -0.8421
vn -0.9513 -0.3069 0.0291
vn -0.3284 -0.5041 -0.7987
vn -0.9205 -0.3862 0.0599
vn -0.2809 -0.6015 -0.7478
vn -0.8829 -0.4594 0.0975
vn -0.2216 -0.6884 -0.6906
vn -0.8390 -0.5253 0.1413
vn -0.1519 -0.7631 -0.6281
vn -0.7897 -0.5831 0.1906
vn -0.0736 -0.8240 -0.5617
vn -0.7357 -0.6316 0.2447
vn 0.0115 -0.8702 -0.4924
vn -0.6778 -0.6701 0.3026
vn 0.1014 -0.9011 -0.4215
vn -0.6169 -0.6980 0.3634
vn 0.1939 -0.9164 -0.3501
vn -0.5541 -0.7150 0.4263
vn 0.2870 -0.9163 -0.2792
vn -0.4902 -0.7207 0.4902
vn 0.3789 -0.9013 -0.2099
vn -0.4263 -0.7150 0.5541
vn 0.4678 -0.8721 -0.1431
vn -0.3634 -0.6980 0.6169
vn 0.5524 -0.8297 -0.0798
vn -0.3026 -0.6701 0.6778
vn 0.6315 -0.7751 -0.0207
vn -0.2447 -0.6316 0.7357
vn 0.7039 -0.7095 0.0333
vn -0.1906 -0.5831 0.7897
vn 0.7690 -0.6340 0.0815
vn -0.1413 -0.5253 0.8390
vn 0.8259 -0.5501 0.1234
vn -0.0975 -0.4594 0.8828
vn 0.8742 -0.4590 0.1582
vn -0.0599 -0.3862 0.9205
vn 0.9134 -0.3622 0.1856
vn -0.0291 -0.3069 0.9513
vn 0.9433 -0.2609 0.2052
vn -0.0055 -0.2227 0.9749
vn 0.9636 -0.1567 0.2167
vn 0.0104 -0.1350 0.9908
vn 0.9742 -0.0510 0.2199
vn 0.0184 -0.0452 0.9988
vn 0.9752 0.0546 0.2146
vn 0.0184 0.0452 0.9988
vn 0.9666 0.1589 0.2011
vn 0.0104 0.1350 0.9908
vn 0.9487 0.2603 0.1794
vn -0.0055 0.2227 0.9749
vn 0.9218 0.3573 0.1498
vn -0.0291 0.3068 0.9513
vn 0.8865 0.4488 0.1127
vn -0.0599 0.3862 0.9205
vn 0.8430 0.5334 0.0687
vn -0.0975 0.4594 0.8828
vn 0.7922 0.6099 0.0183
vn -0.1413 0.5253 0.8390
vn 0.7348 0.6772 -0.0378
vn -0.1906 0.5831 0.7897
vn 0.6713 0.7345 -0.0987
vn -0.2447 0.6316 0.7357
vn 0.6029 0.7808 -0.1636
vn -0.3026 0.6701 0.6778
vn 0.5302 0.8156 -0.2316
vn -0.3634 0.6980 0.6169
vn 0.4543 0.8382 -0.3016
vn -0.4263 0.7150 0.5540
vn 0.6761 0.2855 -0.6792
vn 0.6480 0.2913 -0.7037
vn 0.7025 0.2763 -0.6558
vn 0.7113 0.0678 -0.6996
vn 0.7052 0.0692 -0.7056
vn 0.6989 0.0696 -0.7118
vn 0.7272 0.2641 -0.6336
vn 0.7172 0.0655 -0.6937
vn 0.7501 0.2491 -0.6125
vn 0.7228 0.0623 -0.6882
vn 0.7714 0.2315 -0.5928
vn 0.7281 0.0583 -0.6829
vn 0.7908 0.2116 -0.5743
vn 0.7330 0.0535 -0.6781
vn 0.8084 0.1895 -0.5573
vn 0.7374 0.0481 -0.6737
vn 0.8242 0.1652 -0.5416
vn 0.7414 0.0420 -0.6697
vn 0.8381 0.1390 -0.5275
vn 0.7450 0.0353 -0.6662
vn 0.8501 0.1108 -0.5148
vn 0.7479 0.0281 -0.6631
vn 0.8600 0.0808 -0.5038
vn 0.7503 0.0204 -0.6607
vn 0.8678 0.0490 -0.4945
vn 0.7521 0.0124 -0.6589
vn 0.8733 0.0155 -0.4870
vn 0.7533 0.0040 -0.6576
vn 0.8763 -0.0195 -0.4813
vn 0.7538 -0.0045 -0.6571
vn 0.8766 -0.0561 -0.4779
vn 0.7536 -0.0133 -0.6572
vn 0.8740 -0.0941 -0.4767
vn 0.7527 -0.0221 -0.6580
vn 0.8682 -0.1332 -0.4780
vn 0.7510 -0.0308 -0.6595
vn 0.8588 -0.1732 -0.4820
vn 0.7486 -0.0394 -0.6619
vn 0.8457 -0.2137 -0.4890
vn 0.7454 -0.0476 -0.6649
vn 0.8283 -0.2541 -0.4992
vn 0.7414 -0.0554 -0.6687
vn 0.8066 -0.2938 -0.5129
vn 0.7367 -0.0626 -0.6732
vn 0.7801 -0.3320 -0.5302
vn 0.7314 -0.0690 -0.6785
vn 0.7489 -0.3676 -0.5513
vn 0.7253 -0.0745 -0.6843
vn 0.7130 -0.3994 -0.5762
vn 0.7187 -0.0790 -0.6907
vn 0.6727 -0.4261 -0.6048
vn 0.7117 -0.0822 -0.6976
vn 0.6287 -0.4463 -0.6368
vn 0.7043 -0.0841 -0.7049
vn 0.5818 -0.4586 -0.6717
vn 0.6967 -0.0846 -0.7123
vn 0.5334 -0.4618 -0.7086
vn 0.6890 -0.0836 -0.7199
vn 0.4850 -0.4552 -0.7467
vn 0.6815 -0.0811 -0.7273
vn 0.4382 -0.4383 -0.7848
vn 0.6742 -0.0771 -0.7345
vn 0.3948 -0.4111 -0.8216
vn 0.6674 -0.0716 -0.7412
vn 0.3565 -0.3743 -0.8560
vn 0.6612 -0.0647 -0.7473
vn 0.3247 -0.3290 -0.8867
vn 0.6558 -0.0567 -0.7527
vn 0.3004 -0.2766 -0.9128
vn 0.6513 -0.0476 -0.7573
vn 0.2844 -0.2189 -0.9333
vn 0.6478 -0.0378 -0.7609
vn 0.2772 -0.1581 -0.9477
vn 0.6453 -0.0273 -0.7634
vn 0.2784 -0.0961 -0.9556
vn 0.6439 -0.0166 -0.7649
vn 0.2876 -0.0350 -0.9571
vn 0.6436 -0.0057 -0.7653
vn 0.3040 0.0232 -0.9524
vn 0.6445 0.0049 -0.7646
vn 0.3263 0.0771 -0.9421
vn 0.6463 0.0153 -0.7629
vn 0.3535 0.1256 -0.9269
vn 0.6491 0.0251 -0.7602
vn 0.3842 0.1680 -0.9078
vn 0.6528 0.0341 -0.7568
vn 0.4171 0.2039 -0.8856
vn 0.6571 0.0423 -0.7526
vn 0.4514 0.2333 -0.8613
vn 0.6622 0.0494 -0.7477
vn 0.4861 0.2563 -0.8354
vn 0.6677 0.0556 -0.7424
vn 0.5206 0.2734 -0.8088
vn 0.6735 0.0606 -0.7366
vn 0.5543 0.2850 -0.7820
vn 0.6797 0.0645 -0.7306
vn 0.5869 0.2915 -0.7553
vn 0.6861 0.0673 -0.7244
vn 0.6182 0.2935 -0.7291
vn 0.6925 0.0690 -0.7181
vn 0.3647 0.8567 -0.3647
vn 0.2888 0.8499 -0.4406
vn 0.4263 0.7150 -0.5541
vn 0.4902 0.7207 -0.4902
vn 0.5541 0.7150 -0.4263
vn 0.4264 -0.3015 -0.8528
vn 0.8165 -0.5773 0.0000
vn 0.8528 0.3015 -0.4264
vn 0.4263 -0.7150 -0.5541
vn 0.3634 -0.6980 -0.6169
vn 0.3026 -0.6701 -0.6778
vn 0.2447 -0.6316 -0.7357
vn 0.1906 -0.5831 -0.7897
vn 0.1413 -0.5253 -0.8390
vn 0.0975 -0.4594 -0.8828
vn 0.0599 -0.3862 -0.9205
vn 0.0291 -0.3069 -0.9513
vn 0.0055 -0.2227 -0.9749
vn -0.0104 -0.1350 -0.9908
vn -0.0184 -0.0452 -0.9988
vn -0.0184 0.0452 -0.9988
vn -0.0104 0.1350 -0.9908
vn 0.0055 0.2227 -0.9749
vn 0.0291 0.3069 -0.9513
vn 0.0599 0.3862 -0.9205
vn 0.0975 0.4594 -0.8828
vn 0.1413 0.5253 -0.8390
vn 0.1906 0.5831 -0.7897
vn 0.2447 0.6316 -0.7357
vn 0.3026 0.6701 -0.6778
vn 0.3634 0.6980 -0.6169
vn 0.4406 0.8499 -0.2888
vn 0.7078 0.2374 -0.6653
vn 0.6865 0.2393 -0.6865
vn 0.6653 0.2374 -0.7078
vn 0.5154 0.8298 -0.2140
vn 0.7286 0.2318 -0.6445
vn 0.6169 0.6980 -0.3634
vn 0.5877 0.7965 -0.1417
vn 0.7488 0.2225 -0.6242
vn 0.6565 0.7508 -0.0728
vn 0.7681 0.2098 -0.6050
vn 0.7208 0.6931 -0.0086
vn 0.7860 0.1936 -0.5871
vn 0.7794 0.6245 0.0500
vn 0.8024 0.1745 -0.5707
vn 0.8315 0.5461 0.1021
vn 0.8170 0.1525 -0.5561
vn 0.8762 0.4590 0.1468
vn 0.8295 0.1282 -0.5436
vn 0.9128 0.3648 0.1834
vn 0.8397 0.1019 -0.5334
vn 0.9408 0.2647 0.2115
vn 0.8475 0.0739 -0.5256
vn 0.9597 0.1605 0.2304
vn 0.8528 0.0448 -0.5202
vn 0.9693 0.0538 0.2399
vn 0.8555 0.0150 -0.5176
vn 0.9693 -0.0538 0.2399
vn 0.8555 -0.0150 -0.5176
vn 0.9597 -0.1605 0.2304
vn 0.8528 -0.0448 -0.5202
vn 0.9408 -0.2647 0.2115
vn 0.8475 -0.0739 -0.5256
vn 0.9128 -0.3648 0.1834
vn 0.8397 -0.1019 -0.5334
vn 0.8762 -0.4591 0.1468
vn 0.8294 -0.1282 -0.5436
vn 0.8314 -0.5461 0.1021
vn 0.8169 -0.1526 -0.5561
vn 0.7794 -0.6245 0.0500
vn 0.8024 -0.1745 -0.5707
vn 0.7208 -0.6931 -0.0086
vn 0.7860 -0.1936 -0.5871
vn 0.6565 -0.7508 -0.0728
vn 0.7681 -0.2098 -0.6050
vn 0.5877 -0.7965 -0.1417
vn 0.7489 -0.2225 -0.6242
vn 0.5154 -0.8298 -0.2140
vn 0.7286 -0.2318 -0.6445
vn 0.4406 -0.8499 -0.2888
vn 0.7078 -0.2374 -0.6653
vn 0.3647 -0.8567 -0.3647
vn 0.6865 -0.2393 -0.6865
vn 0.2888 -0.8499 -0.4406
vn 0.6653 -0.2374 -0.7078
vn 0.2140 -0.8298 -0.5153
vn 0.6445 -0.2318 -0.7286
vn 0.1417 -0.7966 -0.5877
vn 0.6242 -0.2226 -0.7488
vn 0.0728 -0.7508 -0.6565
vn 0.6050 -0.2098 -0.7681
vn 0.0086 -0.6931 -0.7208
vn 0.5871 -0.1936 -0.7860
vn -0.0500 -0.6245 -0.7794
vn 0.5707 -0.1744 -0.8024
vn -0.1020 -0.5461 -0.8315
vn 0.5562 -0.1525 -0.8169
vn -0.1467 -0.4590 -0.8762
vn 0.5437 -0.1282 -0.8294
vn -0.1834 -0.3648 -0.9128
vn 0.5334 -0.1019 -0.8397
vn -0.2114 -0.2647 -0.9409
vn 0.5256 -0.0739 -0.8475
vn -0.2304 -0.1605 -0.9597
vn 0.5203 -0.0448 -0.8528
vn -0.2399 -0.0538 -0.9693
vn 0.5176 -0.0150 -0.8555
vn -0.2399 0.0538 -0.9693
vn 0.5176 0.0150 -0.8555
vn -0.2304 0.1605 -0.9597
vn 0.5203 0.0448 -0.8528
vn -0.2114 0.2647 -0.9409
vn 0.5256 0.0739 -0.8475
vn -0.1834 0.3648 -0.9128
vn 0.5334 0.1019 -0.8397
vn -0.1468 0.4590 -0.8762
vn 0.5436 0.1282 -0.8294
vn -0.1021 0.5461 -0.8314
vn 0.5561 0.1526 -0.8169
vn -0.0500 0.6245 -0.7794
vn 0.5707 0.1745 -0.8024
vn 0.0086 0.6931 -0.7208
vn 0.5871 0.1936 -0.7860
vn 0.0729 0.7507 -0.6565
vn 0.6050 0.2097 -0.7681
vn 0.1417 0.7965 -0.5877
vn 0.6242 0.2225 -0.7488
vn 0.2140 0.8298 -0.5153
vn 0.6445 0.2318 -0.7286
vn 0.4902 -0.7207 -0.4902
vn 0.5541 -0.7150 -0.4263
vn 0.6169 -0.6980 -0.3634
vn 0.6778 -0.6701 -0.3026
vn 0.7357 -0.6316 -0.2447
vn 0.7897 -0.5830 -0.1906
vn 0.8390 -0.5253 -0.1413
vn 0.8828 -0.4594 -0.0975
vn 0.9205 -0.3862 -0.0599
vn 0.9513 -0.3068 -0.0291
vn 0.9749 -0.2227 -0.0055
vn 0.9908 -0.1350 0.0104
vn 0.9988 -0.0453 0.0184
vn 0.9988 0.0453 0.0184
vn 0.9908 0.1350 0.0104
vn 0.9749 0.2227 -0.0055
vn 0.9513 0.3068 -0.0291
vn 0.9205 0.3862 -0.0599
vn 0.8828 0.4594 -0.0975
vn 0.8390 0.5253 -0.1413
vn 0.7897 0.5830 -0.1906
vn 0.7357 0.6316 -0.2447
vn 0.6778 0.6701 -0.3026
vn 0.0000 0.5773 -0.8165
vn -0.7357 0.6315 0.2447
vn -0.8390 0.5253 0.1413
vn -0.1518 0.5683 -0.8087
vn -0.2124 0.4828 -0.8496
vn -0.9908 0.1350 -0.0103
vn -0.3754 0.0631 -0.9247
vn -0.3910 -0.0533 -0.9188
vn -0.3946 -0.1705 -0.9029
vn -0.9513 -0.3068 0.0291
vn -0.9205 -0.3861 0.0599
vn -0.2808 -0.6015 -0.7478
vn -0.8828 -0.4594 0.0975
vn -0.8390 -0.5253 0.1414
vn -0.1519 -0.7631 -0.6282
vn 0.7039 -0.7094 0.0333
vn 0.9134 -0.3622 0.1857
vn 0.0103 -0.1350 0.9908
vn -0.0291 0.3069 0.9513
vn -0.2447 0.6315 0.7357
vn 0.6028 0.7809 -0.1636
vn -0.4263 0.7150 0.5541
vn 0.6480 0.2914 -0.7037
vn 0.7272 0.2641 -0.6335
vn 0.7281 0.0583 -0.6830
vn 0.7415 0.0420 -0.6696
vn 0.7450 0.0353 -0.6661
vn 0.7510 -0.0308 -0.6596
vn 0.7130 -0.3994 -0.5763
vn 0.2771 -0.1581 -0.9477
vn 0.2876 -0.0351 -0.9571
vn 0.6437 -0.0057 -0.7653
vn 0.3039 0.0232 -0.9524
vn 0.4513 0.2333 -0.8613
vn 0.4861 0.2563 -0.8355
vn -0.7897 0.5830 0.1906
vn -0.7897 -0.5830 0.1906
vn -0.0291 -0.3068 0.9513
vn 0.0184 -0.0453 0.9988
vn -0.1906 0.5830 0.7897
vn 0.4406 0.8500 -0.2888
vn 0.7077 0.2375 -0.6653
vn 0.6865 0.2394 -0.6865
vn 0.6653 0.2375 -0.7078
vn 0.5153 0.8298 -0.2141
vn 0.7681 0.2097 -0.6050
vn 0.8314 0.5461 0.1021
vn 0.8169 0.1526 -0.5561
vn 0.8295 -0.1282 -0.5436
vn 0.8024 -0.1744 -0.5707
vn 0.5154 -0.8298 -0.2141
vn 0.4406 -0.8500 -0.2888
vn 0.7078 -0.2375 -0.6653
vn 0.6865 -0.2394 -0.6865
vn 0.6242 -0.2225 -0.7488
vn 0.0729 -0.7507 -0.6565
vn 0.6050 -0.2097 -0.7681
vn 0.5707 -0.1745 -0.8024
vn -0.1021 -0.5461 -0.8314
vn 0.5561 -0.1526 -0.8169
vn -0.1467 -0.4591 -0.8762
vn 0.5202 0.0448 -0.8528
vn -0.1468 0.4591 -0.8762
vn 0.5436 0.1282 -0.8295
vn -0.1021 0.5461 -0.8315
vn 0.1417 0.7966 -0.5877
vn -0.3727 0.8483 0.3760
vn -0.4437 0.8456 0.2965
vn -0.5136 0.8302 0.2167
vn -0.5813 0.8019 0.1376
vn -0.6457 0.7612 0.0602
vn -0.7058 0.7083 -0.0145
vn 0.1413 0.5254 -0.8390
vn -0.7604 0.6438 -0.0855
vn -0.8086 0.5683 -0.1518
vn -0.8496 0.4828 -0.2123
vn -0.8823 0.3882 -0.2661
vn -0.9061 0.2857 -0.3119
vn -0.9204 0.1768 -0.3487
vn -0.9247 0.0632 -0.3754
vn -0.9188 -0.0533 -0.3910
vn -0.9029 -0.1706 -0.3945
vn -0.8771 -0.2864 -0.3855
vn -0.8421 -0.3984 -0.3634
vn -0.7987 -0.5041 -0.3284
vn 0.0975 -0.4594 -0.8829
vn -0.7479 -0.6015 -0.2808
vn -0.6906 -0.6884 -0.2215
vn -0.6281 -0.7631 -0.1519
vn -0.5617 -0.8240 -0.0736
vn -0.4924 -0.8703 0.0115
vn -0.4215 -0.9011 0.1014
vn -0.3501 -0.9164 0.1939
vn -0.2792 -0.9163 0.2870
vn -0.2099 -0.9013 0.3789
vn -0.1431 -0.8721 0.4678
vn -0.0798 -0.8297 0.5524
vn -0.0207 -0.7751 0.6315
vn 0.7897 -0.5831 -0.1906
vn 0.0333 -0.7094 0.7039
vn 0.0815 -0.6340 0.7690
vn 0.1234 -0.5501 0.8259
vn 0.9205 -0.3862 -0.0598
vn 0.1583 -0.4590 0.8742
vn 0.9513 -0.3069 -0.0291
vn 0.1856 -0.3622 0.9134
vn 0.2053 -0.2609 0.9433
vn 0.2167 -0.1567 0.9636
vn 0.9988 -0.0452 0.0184
vn 0.2199 -0.0510 0.9742
vn 0.9988 0.0452 0.0184
vn 0.2147 0.0546 0.9751
vn 0.2011 0.1589 0.9666
vn 0.1794 0.2603 0.9487
vn 0.1498 0.3574 0.9218
vn 0.1127 0.4488 0.8865
vn 0.0687 0.5334 0.8430
vn 0.0183 0.6099 0.7922
vn 0.7897 0.5831 -0.1906
vn -0.0378 0.6772 0.7348
vn -0.0987 0.7345 0.6713
vn -0.1636 0.7808 0.6029
vn -0.2316 0.8156 0.5302
vn -0.3016 0.8382 0.4542
vn -0.7037 0.2913 0.6480
vn -0.6792 0.2855 0.6761
vn -0.6558 0.2763 0.7025
vn -0.7056 0.0692 0.7052
vn -0.6996 0.0678 0.7113
vn -0.7118 0.0696 0.6989
vn -0.6336 0.2641 0.7272
vn -0.6937 0.0655 0.7172
vn -0.6125 0.2491 0.7502
vn -0.6882 0.0623 0.7228
vn -0.5928 0.2315 0.7714
vn -0.6830 0.0583 0.7281
vn -0.5743 0.2116 0.7908
vn -0.6781 0.0535 0.7330
vn -0.5573 0.1895 0.8084
vn -0.6736 0.0481 0.7374
vn -0.5416 0.1652 0.8242
vn -0.6696 0.0420 0.7415
vn -0.5275 0.1390 0.8381
vn -0.6662 0.0353 0.7450
vn -0.5148 0.1108 0.8501
vn -0.6632 0.0281 0.7479
vn -0.5038 0.0808 0.8600
vn -0.6607 0.0204 0.7503
vn -0.4945 0.0490 0.8678
vn -0.6589 0.0124 0.7521
vn -0.4870 0.0156 0.8733
vn -0.6577 0.0040 0.7533
vn -0.4814 -0.0195 0.8763
vn -0.6571 -0.0045 0.7538
vn -0.4779 -0.0561 0.8766
vn -0.6572 -0.0133 0.7536
vn -0.4767 -0.0941 0.8740
vn -0.6580 -0.0221 0.7526
vn -0.4780 -0.1332 0.8682
vn -0.6596 -0.0308 0.7510
vn -0.4820 -0.1732 0.8589
vn -0.6619 -0.0394 0.7486
vn -0.4890 -0.2137 0.8457
vn -0.6649 -0.0476 0.7454
vn -0.4993 -0.2541 0.8283
vn -0.6687 -0.0554 0.7414
vn -0.5129 -0.2938 0.8066
vn -0.6732 -0.0626 0.7367
vn -0.5302 -0.3320 0.7801
vn -0.6785 -0.0690 0.7313
vn -0.5513 -0.3676 0.7489
vn -0.6843 -0.0745 0.7253
vn -0.5762 -0.3994 0.7130
vn -0.6907 -0.0790 0.7187
vn -0.6048 -0.4261 0.6727
vn -0.6976 -0.0822 0.7117
vn -0.6368 -0.4463 0.6287
vn -0.7049 -0.0841 0.7043
vn -0.6717 -0.4586 0.5818
vn -0.7123 -0.0846 0.6967
vn -0.7086 -0.4618 0.5334
vn -0.7199 -0.0836 0.6890
vn -0.7467 -0.4552 0.4850
vn -0.7273 -0.0811 0.6815
vn -0.7848 -0.4383 0.4382
vn -0.7345 -0.0771 0.6742
vn -0.8216 -0.4111 0.3948
vn -0.7412 -0.0716 0.6674
vn -0.8560 -0.3743 0.3565
vn -0.7473 -0.0647 0.6612
vn -0.8867 -0.3290 0.3247
vn -0.7528 -0.0567 0.6558
vn -0.9128 -0.2766 0.3004
vn -0.7573 -0.0477 0.6513
vn -0.9333 -0.2189 0.2844
vn -0.7609 -0.0378 0.6478
vn -0.9477 -0.1581 0.2772
vn -0.7634 -0.0273 0.6453
vn -0.9556 -0.0961 0.2784
vn -0.7649 -0.0166 0.6439
vn -0.9571 -0.0350 0.2877
vn -0.7653 -0.0057 0.6437
vn -0.9524 0.0232 0.3040
vn -0.7645 0.0049 0.6445
vn -0.9421 0.0771 0.3263
vn -0.7629 0.0153 0.6463
vn -0.9269 0.1256 0.3535
vn -0.7602 0.0251 0.6491
vn -0.9078 0.1680 0.3841
vn -0.7568 0.0341 0.6528
vn -0.8857 0.2039 0.4171
vn -0.7526 0.0422 0.6571
vn -0.8613 0.2333 0.4514
vn -0.7477 0.0494 0.6622
vn -0.8354 0.2563 0.4861
vn -0.7423 0.0556 0.6677
vn -0.8088 0.2734 0.5206
vn -0.7366 0.0606 0.6736
vn -0.7820 0.2850 0.5543
vn -0.7306 0.0645 0.6797
vn -0.7553 0.2915 0.5869
vn -0.7244 0.0673 0.6861
vn -0.7291 0.2935 0.6182
vn -0.7181 0.0690 0.6925
vn -0.3647 0.8567 0.3647
vn -0.4406 0.8499 0.2888
vn -0.9908 -0.1350 -0.0103
vn -0.4264 0.3015 0.8528
vn 0.0000 -0.5773 0.8165
vn -0.8528 -0.3015 0.4264
vn -0.2888 0.8499 0.4407
vn -0.6865 0.2393 0.6865
vn -0.6654 0.2374 0.7078
vn -0.7078 0.2374 0.6653
vn -0.2141 0.8298 0.5154
vn -0.6445 0.2318 0.7286
vn -0.1417 0.7965 0.5877
vn -0.6243 0.2225 0.7488
vn -0.0729 0.7507 0.6565
vn -0.6050 0.2097 0.7681
vn -0.0086 0.6931 0.7208
vn -0.5871 0.1936 0.7860
vn 0.0500 0.6245 0.7794
vn -0.5707 0.1744 0.8024
vn 0.1020 0.5461 0.8315
vn -0.5562 0.1525 0.8169
vn 0.1468 0.4590 0.8762
vn -0.5436 0.1282 0.8294
vn 0.1834 0.3647 0.9128
vn -0.5334 0.1019 0.8397
vn 0.2114 0.2647 0.9409
vn -0.5256 0.0739 0.8475
vn 0.2303 0.1605 0.9598
vn -0.5203 0.0448 0.8528
vn 0.2398 0.0538 0.9693
vn -0.5176 0.0150 0.8554
vn 0.2399 -0.0538 0.9693
vn -0.5176 -0.0150 0.8555
vn 0.2303 -0.1605 0.9598
vn -0.5203 -0.0448 0.8528
vn 0.2114 -0.2647 0.9409
vn -0.5256 -0.0739 0.8475
vn 0.1834 -0.3647 0.9128
vn -0.5333 -0.1019 0.8397
vn 0.1468 -0.4590 0.8762
vn -0.5436 -0.1282 0.8294
vn 0.1020 -0.5461 0.8315
vn -0.5562 -0.1525 0.8169
vn 0.0500 -0.6245 0.7794
vn -0.5707 -0.1744 0.8024
vn -0.0086 -0.6931 0.7208
vn -0.5871 -0.1936 0.7860
vn -0.0728 -0.7507 0.6565
vn -0.6050 -0.2097 0.7681
vn -0.1417 -0.7965 0.5877
vn -0.6242 -0.2225 0.7488
vn -0.2141 -0.8298 0.5154
vn -0.6445 -0.2318 0.7286
vn -0.2888 -0.8499 0.4407
vn -0.6653 -0.2374 0.7078
vn -0.3647 -0.8567 0.3647
vn -0.6865 -0.2393 0.6865
vn -0.4407 -0.8499 0.2888
vn -0.7078 -0.2374 0.6653
vn -0.5154 -0.8298 0.2141
vn -0.7286 -0.2318 0.6445
vn -0.5877 -0.7965 0.1417
vn -0.7488 -0.2225 0.6243
vn -0.6565 -0.7507 0.0729
vn -0.7681 -0.2097 0.6050
vn -0.7208 -0.6930 0.0086
vn -0.7860 -0.1936 0.5871
vn -0.7794 -0.6245 -0.0499
vn -0.8024 -0.1744 0.5707
vn -0.8315 -0.5461 -0.1020
vn -0.8169 -0.1525 0.5561
vn -0.8762 -0.4590 -0.1467
vn -0.8294 -0.1282 0.5437
vn -0.9128 -0.3648 -0.1834
vn -0.8397 -0.1019 0.5334
vn -0.9409 -0.2647 -0.2114
vn -0.8475 -0.0739 0.5256
vn -0.9598 -0.1605 -0.2303
vn -0.8528 -0.0448 0.5203
vn -0.9693 -0.0538 -0.2398
vn -0.8554 -0.0150 0.5177
vn -0.9693 0.0538 -0.2398
vn -0.8554 0.0150 0.5177
vn -0.9598 0.1605 -0.2303
vn -0.8528 0.0448 0.5203
vn -0.9409 0.2647 -0.2114
vn -0.8475 0.0739 0.5256
vn -0.9128 0.3648 -0.1834
vn -0.8397 0.1019 0.5334
vn -0.8762 0.4590 -0.1467
vn -0.8294 0.1282 0.5437
vn -0.8315 0.5461 -0.1020
vn -0.8169 0.1525 0.5561
vn -0.7794 0.6245 -0.0499
vn -0.8024 0.1744 0.5707
vn -0.7208 0.6931 0.0086
vn -0.7860 0.1936 0.5871
vn -0.6565 0.7507 0.0729
vn -0.7681 0.2097 0.6050
vn -0.5877 0.7965 0.1417
vn -0.7488 0.2225 0.6243
vn -0.5154 0.8298 0.2141
vn -0.7286 0.2318 0.6445
vn -0.1906 -0.5830 0.7897
vn 0.0184 0.0453 0.9988
vn 0.0103 0.1350 0.9908
vn -0.8165 0.5773 0.0000
vn 0.3635 0.6980 -0.6169
vn -0.7057 0.7083 -0.0145
vn -0.8087 0.5683 -0.1518
vn -0.0103 0.1350 -0.9908
vn -0.9247 0.0631 -0.3754
vn -0.9029 -0.1705 -0.3946
vn 0.0291 -0.3068 -0.9513
vn -0.8421 -0.3984 -0.3635
vn 0.0599 -0.3861 -0.9205
vn -0.7478 -0.6016 -0.2808
vn 0.1414 -0.5253 -0.8390
vn -0.6906 -0.6885 -0.2215
vn -0.6282 -0.7631 -0.1519
vn -0.4924 -0.8702 0.0115
vn 0.4263 -0.7150 -0.5540
vn 0.1582 -0.4590 0.8742
vn 0.1857 -0.3622 0.9134
vn 0.9908 -0.1350 0.0103
vn 0.2146 0.0546 0.9752
vn 0.9513 0.3069 -0.0291
vn 0.7357 0.6315 -0.2447
vn -0.1636 0.7809 0.6028
vn -0.3016 0.8382 0.4543
vn -0.6793 0.2855 0.6761
vn -0.6335 0.2641 0.7272
vn -0.6697 0.0420 0.7414
vn -0.6907 -0.0790 0.7188
vn -0.7198 -0.0836 0.6890
vn -0.9477 -0.1581 0.2771
vn -0.9571 -0.0351 0.2876
vn -0.7652 -0.0057 0.6437
vn -0.9421 0.0771 0.3264
vn -0.9078 0.1680 0.3842
vn -0.7477 0.0494 0.6621
vn -0.7424 0.0556 0.6677
vn 0.1907 0.5831 -0.7897
vn -0.2888 0.8499 0.4406
vn -0.6653 0.2374 0.7078
vn 0.1834 0.3648 0.9128
vn -0.5176 -0.0150 0.8554
vn 0.2303 -0.1605 0.9597
vn -0.5436 -0.1282 0.8295
vn -0.0729 -0.7507 0.6565
vn -0.6243 -0.2225 0.7488
vn -0.2888 -0.8499 0.4406
vn -0.4406 -0.8499 0.2888
vn -0.7208 -0.6931 0.0086
vn -0.7794 -0.6245 -0.0500
vn -0.8169 -0.1525 0.5562
vn -0.8762 -0.4591 -0.1467
vn -0.8762 0.4591 -0.1468
vn -0.8169 0.1526 0.5561
vn -0.7794 0.6245 -0.0500
vn 0.6670 -0.3320 -0.6670
vn 0.9026 0.0000 -0.4304
vn 0.4304 0.0000 -0.9026
vn 0.6670 0.3320 -0.6670
vn 0.8929 0.0000 -0.4502
vn 0.6716 -0.3131 -0.6716
vn 0.6716 0.3131 -0.6716
vn 0.4502 0.0000 -0.8929
vn 0.2660 0.0000 -0.9640
vn 0.6150 -0.4935 -0.6150
vn 0.9640 0.0000 -0.2660
vn 0.6150 0.4935 -0.6150
vn 0.6150 0.4936 -0.6150
vn 0.9725 0.0000 -0.2330
vn 0.6747 0.2993 -0.6747
vn 0.2331 0.0000 -0.9725
vn -0.9725 0.0000 0.2330
vn -0.6747 0.2993 0.6747
vn -0.2330 0.0000 0.9725
vn -0.5990 -0.5315 0.5990
vn 0.5990 -0.5315 -0.5990
vn 0.9725 0.0000 -0.2331
vn 0.2330 0.0000 -0.9725
vn -0.9725 0.0000 0.2331
vn -0.2331 0.0000 0.9725
usemtl steel
s off
f 3203/8917/1036 3204/8918/1036 3563/8919/1036 3566/8920/1036
f 3205/8921/1037 3206/8922/1037 3204/8923/1037 3203/8924/1037
f 3289/8925/1037 3293/8926/1037 3294/8927/1037 3295/8928/1037 3297/8929/1037 3299/8930/1037 3301/8931/1037 3303/8932/1037 3305/8933/1037 3307/8934/1037 3309/8935/1037 3311/8936/1037 3313/8937/1037 3315/8938/1037 3317/8939/1037 3319/8940/1037 3321/8941/1037 3323/8942/1037 3325/8943/1037 3327/8944/1037 3329/8945/1037 3331/8946/1037 3333/8947/1037 3335/8948/1037 3337/8949/1037 3567/8950/1037 3564/8951/1037 3561/8952/1037 3387/8953/1037
f 3411/8954/1037 3415/8955/1037 3416/8956/1037 3417/8957/1037 3419/8958/1037 3421/8959/1037 3423/8960/1037 3425/8961/1037 3427/8962/1037 3429/8963/1037 3431/8964/1037 3433/8965/1037 3435/8966/1037 3437/8967/1037 3439/8968/1037 3441/8969/1037 3443/8970/1037 3445/8971/1037 3447/8972/1037 3449/8973/1037 3451/8974/1037 3453/8975/1037 3455/8976/1037 3457/8977/1037 3459/8978/1037 3568/8979/1037 3565/8980/1037 3562/8981/1037 3509/8982/1037
f 3559/8983/1038 3562/8984/1038 3561/8985/1038 3558/8986/1038
f 3557/8987/1038 3560/8988/1038 3206/8989/1038 3205/8990/1038
f 3459/8991/1037 3461/8992/1037 3463/8993/1037 3465/8994/1037 3467/8995/1037 3469/8996/1037 3471/8997/1037 3473/8998/1037 3475/8999/1037 3477/9000/1037 3479/9001/1037 3481/9002/1037 3483/9003/1037 3485/9004/1037 3487/9005/1037 3489/9006/1037 3491/9007/1037 3493/9008/1037 3495/9009/1037 3497/9010/1037 3499/9011/1037 3501/9012/1037 3503/9013/1037 3505/9014/1037 3507/9015/1037 3509/9016/1037 3562/9017/1037 3559/9018/1037 3568/9019/1037
f 3567/9020/1036 3564/9021/1036 3565/9022/1036 3568/9023/1036
f 3337/8949/1037 3339/9024/1037 3341/9025/1037 3343/9026/1037 3345/9027/1037 3347/9028/1037 3349/9029/1037 3351/9030/1037 3353/9031/1037 3355/9032/1037 3357/9033/1037 3359/9034/1037 3361/9035/1037 3363/9036/1037 3365/9037/1037 3367/9038/1037 3369/9039/1037 3371/9040/1037 3373/9041/1037 3375/9042/1037 3377/9043/1037 3379/9044/1037 3381/9045/1037 3383/9046/1037 3385/9047/1037 3387/8953/1037 3561/8952/1037 3558/9048/1037 3567/8950/1037
f 3568/9049/1039 3559/9050/1039 3558/9051/1039 3567/9052/1039
f 3566/9053/1039 3557/9054/1039 3205/9055/1039 3203/9056/1039
f 3562/9057/1040 3565/9058/1040 3564/9059/1040 3561/9060/1040
f 3560/9061/1040 3563/9062/1040 3204/9063/1040 3206/9064/1040
f 3643/9065/1037 3647/9066/1037 3648/9067/1037 3649/9068/1037 3651/9069/1037 3653/9070/1037 3655/9071/1037 3657/9072/1037 3659/9073/1037 3661/9074/1037 3663/9075/1037 3665/9076/1037 3667/9077/1037 3669/9078/1037 3671/9079/1037 3673/9080/1037 3675/9081/1037 3677/9082/1037 3679/9083/1037 3681/9084/1037 3683/9085/1037 3685/9086/1037 3687/9087/1037 3689/9088/1037 3691/9089/1037 3693/9090/1037 3695/9091/1037 3697/9092/1037 3699/9093/1037 3701/9094/1037 3703/9095/1037 3705/9096/1037 3707/9097/1037 3709/9098/1037 3711/9099/1037 3713/9100/1037 3715/9101/1037 3717/9102/1037 3719/9103/1037 3721/9104/1037 3723/9105/1037 3725/9106/1037 3727/9107/1037 3729/9108/1037 3731/9109/1037 3733/9110/1037 3735/9111/1037 3737/9112/1037 3739/9113/1037 3741/9114/1037
f 3773/9115/1037 3777/9116/1037 3778/9117/1037 3779/9118/1037 3781/9119/1037 3783/9120/1037 3785/9121/1037 3787/9122/1037 3789/9123/1037 3791/9124/1037 3793/9125/1037 3795/9126/1037 3797/9127/1037 3799/9128/1037 3801/9129/1037 3803/9130/1037 3805/9131/1037 3807/9132/1037 3809/9133/1037 3811/9134/1037 3813/9135/1037 3815/9136/1037 3817/9137/1037 3819/9138/1037 3821/9139/1037 3823/9140/1037 3825/9141/1037 3827/9142/1037 3829/9143/1037 3831/9144/1037 3833/9145/1037 3835/9146/1037 3837/9147/1037 3839/9148/1037 3841/9149/1037 3843/9150/1037 3845/9151/1037 3847/9152/1037 3849/9153/1037 3851/9154/1037 3853/9155/1037 3855/9156/1037 3857/9157/1037 3859/9158/1037 3861/9159/1037 3863/9160/1037 3865/9161/1037 3867/9162/1037 3869/9163/1037 3871/9164/1037
f 3919/9165/1041 3922/9166/1041 3923/9167/1041 3920/9168/1041
f 3919/9169/1042 3920/9170/1042 4494/9171/1042 4493/9172/1042 4492/9173/1042 4448/9174/1042 4447/9175/1042 4446/9176/1042 4445/9177/1042 4401/9178/1042 4400/9179/1042 4399/9180/1042 4398/9181/1042 4354/9182/1042 4353/9183/1042 4352/9184/1042 4351/9185/1042 4307/9186/1042 4306/9187/1042 4305/9188/1042 4304/9189/1042 4260/9190/1042 4259/9191/1042 4258/9192/1042 4257/9193/1042 4213/9194/1042 4212/9195/1042 4211/9196/1042 4210/9197/1042 4166/9198/1042 4165/9199/1042 4164/9200/1042 4163/9201/1042 4119/9202/1042 4118/9203/1042 4117/9204/1042 4116/9205/1042 4072/9206/1042 4071/9207/1042 4070/9208/1042 4069/9209/1042 4025/9210/1042 4024/9211/1042 4023/9212/1042 4022/9213/1042 3978/9214/1042 3977/9215/1042 3976/9216/1042 3975/9217/1042 3921/9218/1042
f 3921/9219/1043 3924/9220/1043 3922/9221/1043 3919/9222/1043
f 3922/9223/1044 3925/9224/1044 3926/9225/1044 3923/9226/1044
f 3924/9227/1045 3927/9228/1045 3925/9229/1045 3922/9230/1045
f 3925/9231/1046 3928/9232/1046 3929/9233/1046 3926/9234/1046
f 3927/9235/1046 3930/9236/1046 3928/9237/1046 3925/9238/1046
f 3928/9239/1044 3931/9240/1044 3932/9241/1044 3929/9242/1044
f 3930/9236/1045 3933/9243/1045 3931/9244/1045 3928/9237/1045
f 3931/9245/1036 3934/9246/1036 3935/9247/1036 3932/9248/1036
f 3933/9249/1036 3936/9250/1036 3934/9251/1036 3931/9252/1036
f 3934/9253/1044 3937/9254/1044 3938/9255/1044 3935/9256/1044
f 3936/9257/1045 3939/9258/1045 3937/9259/1045 3934/9260/1045
f 3937/9261/1047 3940/9262/1047 3941/9263/1047 3938/9264/1047
f 3939/9258/1047 3942/9265/1047 3940/9266/1047 3937/9259/1047
f 3940/9267/1044 3943/9268/1044 3944/9269/1044 3941/9270/1044
f 3942/9265/1045 3945/9271/1045 3943/9272/1045 3940/9273/1045
f 3943/9268/1036 3946/9274/1036 3947/9275/1036 3944/9269/1036
f 3945/9271/1036 3948/9276/1036 3946/9277/1036 3943/9278/1036
f 3946/9279/1044 3949/9280/1044 3951/9281/1044 3947/9282/1044
f 3948/9276/1045 3952/9283/1045 3949/9284/1045 3946/9277/1045
f 3950/9285/1048 3949/9286/1048 3952/9287/1048 3953/9288/1048
f 4506/9289/1049 3951/9290/1049 3949/9291/1049 3950/9292/1049
f 3953/9293/1050 3952/9294/1050 3954/9295/1050 3955/9296/1050
f 3957/9297/1051 3954/9298/1051 3952/9299/1051 3948/9300/1051
f 3955/9301/1052 3954/9302/1052 3956/9303/1052 4518/9304/1052
f 3958/9305/1053 3956/9306/1053 3954/9307/1053 3957/9308/1053
f 3960/9309/1036 3958/9305/1036 3957/9308/1036 3959/9310/1036
f 3959/9311/1054 3957/9312/1054 3948/9313/1054 3945/9314/1054
f 3962/9315/1053 3960/9309/1053 3959/9310/1053 3961/9316/1053
f 3961/9317/1051 3959/9311/1051 3945/9314/1051 3942/9318/1051
f 3964/9319/1047 3962/9315/1047 3961/9316/1047 3963/9320/1047
f 3963/9321/1047 3961/9317/1047 3942/9318/1047 3939/9322/1047
f 3966/9323/1053 3964/9319/1053 3963/9320/1053 3965/9324/1053
f 3965/9325/1051 3963/9321/1051 3939/9322/1051 3936/9326/1051
f 3968/9327/1036 3966/9323/1036 3965/9324/1036 3967/9328/1036
f 3967/9329/1036 3965/9330/1036 3936/9331/1036 3933/9332/1036
f 3970/9333/1053 3968/9327/1053 3967/9328/1053 3969/9334/1053
f 3969/9335/1051 3967/9336/1051 3933/9337/1051 3930/9338/1051
f 3972/9339/1046 3970/9333/1046 3969/9334/1046 3971/9340/1046
f 3971/9341/1046 3969/9335/1046 3930/9338/1046 3927/9342/1046
f 3974/9343/1053 3972/9344/1053 3971/9345/1053 3973/9346/1053
f 3973/9347/1051 3971/9348/1051 3927/9349/1051 3924/9350/1051
f 3976/9351/1055 3974/9352/1055 3973/9353/1055 3975/9354/1055
f 3975/9355/1056 3973/9356/1056 3924/9357/1056 3921/9358/1056
f 3977/9359/1057 3979/9360/1057 3974/9361/1057 3976/9362/1057
f 3978/9363/1058 3980/9364/1058 3979/9365/1058 3977/9366/1058
f 3980/9367/1059 3982/9368/1059 3981/9369/1059 3979/9370/1059
f 3979/9371/1060 3981/9372/1060 3972/9373/1060 3974/9374/1060
f 3982/9375/1061 3984/9376/1061 3983/9377/1061 3981/9378/1061
f 3981/9379/1062 3983/9380/1062 3970/9381/1062 3972/9382/1062
f 3984/9376/1059 3986/9383/1059 3985/9384/1059 3983/9385/1059
f 3983/9386/1060 3985/9387/1060 3968/9388/1060 3970/9389/1060
f 3986/9383/1036 3988/9390/1036 3987/9391/1036 3985/9384/1036
f 3985/9392/1036 3987/9393/1036 3966/9394/1036 3968/9395/1036
f 3988/9390/1059 3990/9396/1059 3989/9397/1059 3987/9391/1059
f 3987/9393/1060 3989/9398/1060 3964/9399/1060 3966/9394/1060
f 3990/9396/1063 3992/9400/1063 3991/9401/1063 3989/9397/1063
f 3989/9402/1064 3991/9403/1064 3962/9404/1064 3964/9405/1064
f 3992/9406/1059 3994/9407/1059 3993/9408/1059 3991/9409/1059
f 3991/9403/1060 3993/9410/1060 3960/9411/1060 3962/9404/1060
f 3994/9412/1036 3996/9413/1036 3995/9414/1036 3993/9415/1036
f 3993/9410/1065 3995/9416/1065 3958/9417/1065 3960/9411/1065
f 3996/9413/1059 3999/9418/1059 3997/9419/1059 3995/9414/1059
f 3995/9416/1060 3997/9420/1060 3956/9421/1060 3958/9417/1060
f 4518/9422/1066 3956/9423/1066 3997/9424/1066 3998/9425/1066
f 3998/9426/1067 3997/9427/1067 3999/9428/1067 4000/9429/1067
f 4000/9430/1068 3999/9431/1068 4001/9432/1068 4002/9433/1068
f 4004/9434/1069 4001/9435/1069 3999/9436/1069 3996/9437/1069
f 4002/9438/1070 4001/9439/1070 4003/9440/1070 4517/9441/1070
f 4005/9442/1071 4003/9443/1071 4001/9444/1071 4004/9445/1071
f 4007/9446/1036 4005/9447/1036 4004/9448/1036 4006/9449/1036
f 4006/9450/1065 4004/9434/1065 3996/9437/1065 3994/9451/1065
f 4009/9452/1072 4007/9446/1072 4006/9453/1072 4008/9454/1072
f 4008/9455/1073 4006/9450/1073 3994/9451/1073 3992/9456/1073
f 4011/9457/1038 4009/9452/1038 4008/9454/1038 4010/9458/1038
f 4010/9459/1064 4008/9455/1064 3992/9456/1064 3990/9460/1064
f 4013/9461/1072 4011/9462/1072 4010/9463/1072 4012/9464/1072
f 4012/9465/1069 4010/9459/1069 3990/9460/1069 3988/9466/1069
f 4015/9467/1036 4013/9461/1036 4012/9468/1036 4014/9469/1036
f 4014/9470/1036 4012/9465/1036 3988/9466/1036 3986/9471/1036
f 4017/9472/1074 4015/9467/1074 4014/9469/1074 4016/9473/1074
f 4016/9474/1075 4014/9470/1075 3986/9471/1075 3984/9475/1075
f 4019/9476/1076 4017/9477/1076 4016/9478/1076 4018/9479/1076
f 4018/9480/1062 4016/9474/1062 3984/9475/1062 3982/9481/1062
f 4021/9482/1072 4019/9483/1072 4018/9484/1072 4020/9485/1072
f 4020/9486/1073 4018/9487/1073 3982/9488/1073 3980/9489/1073
f 4023/9490/1077 4021/9491/1077 4020/9492/1077 4022/9493/1077
f 4022/9494/1078 4020/9495/1078 3980/9496/1078 3978/9497/1078
f 4024/9498/1079 4026/9499/1079 4021/9500/1079 4023/9501/1079
f 4025/9502/1080 4027/9503/1080 4026/9504/1080 4024/9505/1080
f 4027/9506/1081 4029/9507/1081 4028/9508/1081 4026/9509/1081
f 4026/9510/1082 4028/9511/1082 4019/9512/1082 4021/9513/1082
f 4029/9514/1076 4031/9515/1076 4030/9516/1076 4028/9517/1076
f 4028/9518/1062 4030/9519/1062 4017/9520/1062 4019/9521/1062
f 4031/9515/1083 4033/9522/1083 4032/9523/1083 4030/9516/1083
f 4030/9519/1082 4032/9524/1082 4015/9525/1082 4017/9520/1082
f 4033/9522/1036 4035/9526/1036 4034/9527/1036 4032/9523/1036
f 4032/9524/1036 4034/9528/1036 4013/9529/1036 4015/9525/1036
f 4035/9526/1083 4037/9530/1083 4036/9531/1083 4034/9527/1083
f 4034/9528/1082 4036/9532/1082 4011/9533/1082 4013/9529/1082
f 4037/9530/1064 4039/9534/1064 4038/9535/1064 4036/9531/1064
f 4036/9532/1084 4038/9536/1084 4009/9537/1084 4011/9533/1084
f 4039/9534/1085 4041/9538/1085 4040/9539/1085 4038/9535/1085
f 4038/9536/1082 4040/9540/1082 4007/9541/1082 4009/9537/1082
f 4041/9538/1086 4043/9542/1086 4042/9543/1086 4040/9539/1086
f 4040/9540/1087 4042/9544/1087 4005/9545/1087 4007/9541/1087
f 4043/9542/1083 4046/9546/1083 4044/9547/1083 4042/9543/1083
f 4042/9544/1082 4044/9548/1082 4003/9549/1082 4005/9545/1082
f 4517/9550/1088 4003/9551/1088 4044/9552/1088 4045/9553/1088
f 4045/9554/1089 4044/9555/1089 4046/9556/1089 4047/9557/1089
f 4047/9558/1090 4046/9559/1090 4048/9560/1090 4049/9561/1090
f 4051/9562/1091 4048/9563/1091 4046/9564/1091 4043/9565/1091
f 4049/9566/1092 4048/9567/1092 4050/9568/1092 4516/9569/1092
f 4052/9570/1093 4050/9568/1093 4048/9567/1093 4051/9571/1093
f 4054/9572/1086 4052/9570/1086 4051/9571/1086 4053/9573/1086
f 4053/9574/1094 4051/9562/1094 4043/9565/1094 4041/9575/1094
f 4056/9576/1093 4054/9572/1093 4053/9573/1093 4055/9577/1093
f 4055/9578/1091 4053/9579/1091 4041/9575/1091 4039/9580/1091
f 4058/9581/1084 4056/9576/1084 4055/9577/1084 4057/9582/1084
f 4057/9583/1084 4055/9578/1084 4039/9580/1084 4037/9584/1084
f 4060/9585/1093 4058/9581/1093 4057/9582/1093 4059/9586/1093
f 4059/9587/1091 4057/9583/1091 4037/9584/1091 4035/9588/1091
f 4062/9589/1036 4060/9585/1036 4059/9586/1036 4061/9590/1036
f 4061/9591/1095 4059/9587/1095 4035/9588/1095 4033/9592/1095
f 4064/9593/1096 4062/9589/1096 4061/9590/1096 4063/9594/1096
f 4063/9595/1091 4061/9591/1091 4033/9592/1091 4031/9596/1091
f 4066/9597/1076 4064/9593/1076 4063/9594/1076 4065/9598/1076
f 4065/9599/1076 4063/9600/1076 4031/9596/1076 4029/9601/1076
f 4068/9602/1093 4066/9603/1093 4065/9604/1093 4067/9605/1093
f 4067/9606/1091 4065/9607/1091 4029/9608/1091 4027/9609/1091
f 4070/9610/1097 4068/9611/1097 4067/9612/1097 4069/9613/1097
f 4069/9614/1098 4067/9615/1098 4027/9616/1098 4025/9617/1098
f 4071/9618/1099 4073/9619/1099 4068/9620/1099 4070/9621/1099
f 4072/9622/1040 4074/9623/1040 4073/9624/1040 4071/9625/1040
f 4074/9626/1040 4076/9627/1040 4075/9628/1040 4073/9624/1040
f 4073/9629/1100 4075/9630/1100 4066/9631/1100 4068/9632/1100
f 4076/9633/1061 4078/9634/1061 4077/9635/1061 4075/9636/1061
f 4075/9637/1076 4077/9638/1076 4064/9639/1076 4066/9640/1076
f 4078/9634/1040 4080/9641/1040 4079/9642/1040 4077/9635/1040
f 4077/9638/1100 4079/9643/1100 4062/9644/1100 4064/9639/1100
f 4080/9641/1036 4082/9645/1036 4081/9646/1036 4079/9642/1036
f 4079/9643/1036 4081/9647/1036 4060/9648/1036 4062/9644/1036
f 4082/9645/1040 4084/9649/1040 4083/9650/1040 4081/9646/1040
f 4081/9647/1100 4083/9651/1100 4058/9652/1100 4060/9648/1100
f 4084/9649/1084 4086/9653/1084 4085/9654/1084 4083/9650/1084
f 4083/9651/1084 4085/9655/1084 4056/9656/1084 4058/9652/1084
f 4086/9653/1040 4088/9657/1040 4087/9658/1040 4085/9654/1040
f 4085/9655/1100 4087/9659/1100 4054/9660/1100 4056/9656/1100
f 4088/9657/1086 4090/9661/1086 4089/9662/1086 4087/9658/1086
f 4087/9659/1086 4089/9663/1086 4052/9664/1086 4054/9660/1086
f 4090/9661/1040 4093/9665/1040 4091/9666/1040 4089/9662/1040
f 4089/9663/1100 4091/9667/1100 4050/9668/1100 4052/9664/1100
f 4516/9669/1101 4050/9668/1101 4091/9667/1101 4092/9670/1101
f 4092/9671/1102 4091/9666/1102 4093/9665/1102 4094/9672/1102
f 4094/9673/1103 4093/9674/1103 4095/9675/1103 4096/9676/1103
f 4098/9677/1104 4095/9675/1104 4093/9674/1104 4090/9678/1104
f 4096/9679/1105 4095/9680/1105 4097/9681/1105 4515/9682/1105
f 4099/9683/1106 4097/9681/1106 4095/9684/1106 4098/9685/1106
f 4101/9686/1086 4099/9683/1086 4098/9685/1086 4100/9687/1086
f 4100/9688/1086 4098/9677/1086 4090/9678/1086 4088/9689/1086
f 4103/9690/1106 4101/9686/1106 4100/9687/1106 4102/9691/1106
f 4102/9692/1104 4100/9688/1104 4088/9689/1104 4086/9693/1104
f 4105/9694/1084 4103/9690/1084 4102/9691/1084 4104/9695/1084
f 4104/9696/1084 4102/9692/1084 4086/9693/1084 4084/9697/1084
f 4107/9698/1106 4105/9694/1106 4104/9695/1106 4106/9699/1106
f 4106/9700/1104 4104/9696/1104 4084/9697/1104 4082/9701/1104
f 4109/9702/1036 4107/9698/1036 4106/9699/1036 4108/9703/1036
f 4108/9704/1036 4106/9700/1036 4082/9701/1036 4080/9705/1036
f 4111/9706/1107 4109/9702/1107 4108/9703/1107 4110/9707/1107
f 4110/9708/1104 4108/9704/1104 4080/9705/1104 4078/9709/1104
f 4113/9710/1076 4111/9706/1076 4110/9707/1076 4112/9711/1076
f 4112/9712/1108 4110/9708/1108 4078/9709/1108 4076/9713/1108
f 4115/9714/1106 4113/9715/1106 4112/9716/1106 4114/9717/1106
f 4114/9718/1104 4112/9719/1104 4076/9720/1104 4074/9721/1104
f 4117/9722/1109 4115/9723/1109 4114/9724/1109 4116/9725/1109
f 4116/9726/1110 4114/9727/1110 4074/9728/1110 4072/9729/1110
f 4118/9730/1111 4120/9731/1111 4115/9732/1111 4117/9733/1111
f 4119/9734/1112 4121/9735/1112 4120/9736/1112 4118/9737/1112
f 4121/9738/1113 4123/9739/1113 4122/9740/1113 4120/9741/1113
f 4120/9742/1114 4122/9743/1114 4113/9744/1114 4115/9745/1114
f 4123/9746/1076 4125/9747/1076 4124/9748/1076 4122/9749/1076
f 4122/9750/1076 4124/9751/1076 4111/9752/1076 4113/9753/1076
f 4125/9747/1115 4127/9754/1115 4126/9755/1115 4124/9748/1115
f 4124/9751/1114 4126/9756/1114 4109/9757/1114 4111/9752/1114
f 4127/9754/1036 4129/9758/1036 4128/9759/1036 4126/9755/1036
f 4126/9756/1036 4128/9760/1036 4107/9761/1036 4109/9757/1036
f 4129/9758/1113 4131/9762/1113 4130/9763/1113 4128/9759/1113
f 4128/9760/1114 4130/9764/1114 4105/9765/1114 4107/9761/1114
f 4131/9762/1084 4133/9766/1084 4132/9767/1084 4130/9763/1084
f 4130/9764/1084 4132/9768/1084 4103/9769/1084 4105/9765/1084
f 4133/9766/1116 4135/9770/1116 4134/9771/1116 4132/9767/1116
f 4132/9768/1114 4134/9772/1114 4101/9773/1114 4103/9769/1114
f 4135/9770/1095 4137/9774/1095 4136/9775/1095 4134/9771/1095
f 4134/9772/1036 4136/9776/1036 4099/9777/1036 4101/9773/1036
f 4137/9774/1117 4140/9778/1117 4138/9779/1117 4136/9775/1117
f 4136/9776/1114 4138/9780/1114 4097/9781/1114 4099/9777/1114
f 4515/9782/1118 4097/9783/1118 4138/9784/1118 4139/9785/1118
f 4139/9786/1119 4138/9787/1119 4140/9788/1119 4141/9789/1119
f 4141/9790/1120 4140/9791/1120 4142/9792/1120 4143/9793/1120
f 4145/9794/1121 4142/9795/1121 4140/9796/1121 4137/9797/1121
f 4143/9798/1122 4142/9799/1122 4144/9800/1122 4514/9801/1122
f 4146/9802/1123 4144/9803/1123 4142/9804/1123 4145/9805/1123
f 4148/9806/1124 4146/9807/1124 4145/9808/1124 4147/9809/1124
f 4147/9810/1086 4145/9794/1086 4137/9797/1086 4135/9811/1086
f 4150/9812/1125 4148/9813/1125 4147/9814/1125 4149/9815/1125
f 4149/9816/1121 4147/9810/1121 4135/9811/1121 4133/9817/1121
f 4152/9818/1084 4150/9819/1084 4149/9820/1084 4151/9821/1084
f 4151/9822/1126 4149/9816/1126 4133/9817/1126 4131/9823/1126
f 4154/9824/1123 4152/9818/1123 4151/9821/1123 4153/9825/1123
f 4153/9826/1121 4151/9822/1121 4131/9823/1121 4129/9827/1121
f 4156/9828/1036 4154/9824/1036 4153/9825/1036 4155/9829/1036
f 4155/9830/1036 4153/9826/1036 4129/9827/1036 4127/9831/1036
f 4158/9832/1127 4156/9828/1127 4155/9829/1127 4157/9833/1127
f 4157/9834/1121 4155/9830/1121 4127/9831/1121 4125/9835/1121
f 4160/9836/1076 4158/9837/1076 4157/9838/1076 4159/9839/1076
f 4159/9840/1108 4157/9841/1108 4125/9835/1108 4123/9842/1108
f 4162/9843/1123 4160/9844/1123 4159/9845/1123 4161/9846/1123
f 4161/9847/1121 4159/9848/1121 4123/9849/1121 4121/9850/1121
f 4164/9851/1128 4162/9852/1128 4161/9853/1128 4163/9854/1128
f 4163/9855/1129 4161/9856/1129 4121/9857/1129 4119/9858/1129
f 4165/9859/1130 4167/9860/1130 4162/9861/1130 4164/9862/1130
f 4166/9863/1131 4168/9864/1131 4167/9865/1131 4165/9866/1131
f 4168/9867/1132 4170/9868/1132 4169/9869/1132 4167/9870/1132
f 4167/9871/1133 4169/9872/1133 4160/9873/1133 4162/9874/1133
f 4170/9875/1134 4172/9876/1134 4171/9877/1134 4169/9878/1134
f 4169/9879/1108 4171/9880/1108 4158/9881/1108 4160/9882/1108
f 4172/9876/1132 4174/9883/1132 4173/9884/1132 4171/9877/1132
f 4171/9880/1135 4173/9885/1135 4156/9886/1135 4158/9887/1135
f 4174/9888/1036 4176/9889/1036 4175/9890/1036 4173/9884/1036
f 4173/9891/1036 4175/9892/1036 4154/9893/1036 4156/9894/1036
f 4176/9889/1136 4178/9895/1136 4177/9896/1136 4175/9890/1136
f 4175/9892/1133 4177/9897/1133 4152/9898/1133 4154/9899/1133
f 4178/9895/1084 4180/9900/1084 4179/9901/1084 4177/9896/1084
f 4177/9902/1137 4179/9903/1137 4150/9904/1137 4152/9905/1137
f 4180/9906/1136 4182/9907/1136 4181/9908/1136 4179/9901/1136
f 4179/9903/1133 4181/9909/1133 4148/9910/1133 4150/9904/1133
f 4182/9911/1036 4184/9912/1036 4183/9913/1036 4181/9908/1036
f 4181/9909/1036 4183/9914/1036 4146/9915/1036 4148/9910/1036
f 4184/9916/1136 4187/9917/1136 4185/9918/1136 4183/9913/1136
f 4183/9914/1133 4185/9919/1133 4144/9920/1133 4146/9921/1133
f 4514/9922/1138 4144/9923/1138 4185/9924/1138 4186/9925/1138
f 4186/9926/1139 4185/9927/1139 4187/9928/1139 4188/9929/1139
f 4188/9930/1140 4187/9931/1140 4189/9932/1140 4190/9933/1140
f 4192/9934/1141 4189/9935/1141 4187/9936/1141 4184/9937/1141
f 4190/9938/1142 4189/9939/1142 4191/9940/1142 4513/9941/1142
f 4193/9942/1143 4191/9943/1143 4189/9944/1143 4192/9945/1143
f 4195/9946/1144 4193/9942/1144 4192/9945/1144 4194/9947/1144
f 4194/9948/1036 4192/9934/1036 4184/9937/1036 4182/9949/1036
f 4197/9950/1143 4195/9946/1143 4194/9951/1143 4196/9952/1143
f 4196/9953/1141 4194/9948/1141 4182/9954/1141 4180/9955/1141
f 4199/9956/1046 4197/9950/1046 4196/9957/1046 4198/9958/1046
f 4198/9959/1126 4196/9953/1126 4180/9960/1126 4178/9961/1126
f 4201/9962/1143 4199/9956/1143 4198/9958/1143 4200/9963/1143
f 4200/9964/1141 4198/9959/1141 4178/9961/1141 4176/9965/1141
f 4203/9966/1036 4201/9962/1036 4200/9963/1036 4202/9967/1036
f 4202/9968/1036 4200/9964/1036 4176/9965/1036 4174/9969/1036
f 4205/9970/1143 4203/9966/1143 4202/9967/1143 4204/9971/1143
f 4204/9972/1141 4202/9968/1141 4174/9973/1141 4172/9974/1141
f 4207/9975/1047 4205/9976/1047 4204/9977/1047 4206/9978/1047
f 4206/9979/1063 4204/9972/1063 4172/9974/1063 4170/9980/1063
f 4209/9981/1143 4207/9982/1143 4206/9983/1143 4208/9984/1143
f 4208/9985/1141 4206/9986/1141 4170/9987/1141 4168/9988/1141
f 4211/9989/1145 4209/9990/1145 4208/9991/1145 4210/9992/1145
f 4210/9993/1146 4208/9994/1146 4168/9995/1146 4166/9996/1146
f 4212/9997/1147 4214/9998/1147 4209/9999/1147 4211/10000/1147
f 4213/10001/1148 4215/10002/1148 4214/10003/1148 4212/10004/1148
f 4215/10005/1149 4217/10006/1149 4216/10007/1149 4214/10008/1149
f 4214/10009/1150 4216/10010/1150 4207/10011/1150 4209/10012/1150
f 4217/10013/1047 4219/10014/1047 4218/10015/1047 4216/10016/1047
f 4216/10017/1134 4218/10018/1134 4205/10019/1134 4207/10020/1134
f 4219/10014/1149 4221/10021/1149 4220/10022/1149 4218/10015/1149
f 4218/10023/1150 4220/10024/1150 4203/10025/1150 4205/10026/1150
f 4221/10021/1036 4223/10027/1036 4222/10028/1036 4220/10022/1036
f 4220/10029/1036 4222/10030/1036 4201/10031/1036 4203/10032/1036
f 4223/10027/1149 4225/10033/1149 4224/10034/1149 4222/10028/1149
f 4222/10035/1150 4224/10036/1150 4199/10037/1150 4201/10038/1150
f 4225/10039/1126 4227/10040/1126 4226/10041/1126 4224/10034/1126
f 4224/10036/1046 4226/10042/1046 4197/10043/1046 4199/10037/1046
f 4227/10040/1149 4229/10044/1149 4228/10045/1149 4226/10041/1149
f 4226/10042/1150 4228/10046/1150 4195/10047/1150 4197/10048/1150
f 4229/10044/1036 4231/10049/1036 4230/10050/1036 4228/10045/1036
f 4228/10046/1095 4230/10051/1095 4193/10052/1095 4195/10053/1095
f 4231/10049/1149 4234/10054/1149 4232/10055/1149 4230/10050/1149
f 4230/10051/1150 4232/10056/1150 4191/10057/1150 4193/10052/1150
f 4513/10058/1151 4191/10059/1151 4232/10060/1151 4233/10061/1151
f 4233/10062/1152 4232/10063/1152 4234/10064/1152 4235/10065/1152
f 4235/10066/1153 4234/10067/1153 4236/10068/1153 4237/10069/1153
f 4239/10070/1154 4236/10071/1154 4234/10072/1154 4231/10073/1154
f 4237/10074/1155 4236/10075/1155 4238/10076/1155 4512/10077/1155
f 4240/10078/1156 4238/10079/1156 4236/10080/1156 4239/10081/1156
f 4242/10082/1095 4240/10078/1095 4239/10081/1095 4241/10083/1095
f 4241/10084/1036 4239/10070/1036 4231/10073/1036 4229/10085/1036
f 4244/10086/1156 4242/10082/1156 4241/10083/1156 4243/10087/1156
f 4243/10088/1154 4241/10084/1154 4229/10085/1154 4227/10089/1154
f 4246/10090/1046 4244/10086/1046 4243/10087/1046 4245/10091/1046
f 4245/10092/1061 4243/10088/1061 4227/10089/1061 4225/10093/1061
f 4248/10094/1156 4246/10090/1156 4245/10091/1156 4247/10095/1156
f 4247/10096/1154 4245/10092/1154 4225/10093/1154 4223/10097/1154
f 4250/10098/1036 4248/10094/1036 4247/10095/1036 4249/10099/1036
f 4249/10100/1036 4247/10096/1036 4223/10097/1036 4221/10101/1036
f 4252/10102/1156 4250/10098/1156 4249/10099/1156 4251/10103/1156
f 4251/10104/1154 4249/10100/1154 4221/10101/1154 4219/10105/1154
f 4254/10106/1157 4252/10102/1157 4251/10103/1157 4253/10107/1157
f 4253/10108/1047 4251/10104/1047 4219/10105/1047 4217/10109/1047
f 4256/10110/1156 4254/10111/1156 4253/10112/1156 4255/10113/1156
f 4255/10114/1154 4253/10115/1154 4217/10116/1154 4215/10117/1154
f 4258/10118/1158 4256/10119/1158 4255/10120/1158 4257/10121/1158
f 4257/10122/1159 4255/10123/1159 4215/10124/1159 4213/10125/1159
f 4259/10126/1160 4261/10127/1160 4256/10128/1160 4258/10129/1160
f 4260/10130/1161 4262/10131/1161 4261/10132/1161 4259/10133/1161
f 4262/10134/1162 4264/10135/1162 4263/10136/1162 4261/10137/1162
f 4261/10138/1163 4263/10139/1163 4254/10140/1163 4256/10141/1163
f 4264/10142/1047 4266/10143/1047 4265/10144/1047 4263/10145/1047
f 4263/10146/1047 4265/10147/1047 4252/10148/1047 4254/10149/1047
f 4266/10143/1162 4268/10150/1162 4267/10151/1162 4265/10144/1162
f 4265/10147/1164 4267/10152/1164 4250/10153/1164 4252/10148/1164
f 4268/10154/1036 4270/10155/1036 4269/10156/1036 4267/10157/1036
f 4267/10152/1036 4269/10158/1036 4248/10159/1036 4250/10153/1036
f 4270/10155/1162 4272/10160/1162 4271/10161/1162 4269/10156/1162
f 4269/10158/1163 4271/10162/1163 4246/10163/1163 4248/10159/1163
f 4272/10160/1061 4274/10164/1061 4273/10165/1061 4271/10161/1061
f 4271/10162/1165 4273/10166/1165 4244/10167/1165 4246/10163/1165
f 4274/10164/1162 4276/10168/1162 4275/10169/1162 4273/10165/1162
f 4273/10166/1163 4275/10170/1163 4242/10171/1163 4244/10167/1163
f 4276/10168/1095 4278/10172/1095 4277/10173/1095 4275/10169/1095
f 4275/10170/1095 4277/10174/1095 4240/10175/1095 4242/10171/1095
f 4278/10172/1162 4281/10176/1162 4279/10177/1162 4277/10173/1162
f 4277/10174/1166 4279/10178/1166 4238/10179/1166 4240/10175/1166
f 4512/10180/1167 4238/10181/1167 4279/10182/1167 4280/10183/1167
f 4280/10184/1168 4279/10185/1168 4281/10186/1168 4282/10187/1168
f 4282/10188/1169 4281/10189/1169 4283/10190/1169 4284/10191/1169
f 4286/10192/1170 4283/10193/1170 4281/10194/1170 4278/10195/1170
f 4284/10196/1171 4283/10197/1171 4285/10198/1171 4511/10199/1171
f 4287/10200/1172 4285/10201/1172 4283/10202/1172 4286/10203/1172
f 4289/10204/1036 4287/10200/1036 4286/10205/1036 4288/10206/1036
f 4288/10207/1036 4286/10208/1036 4278/10209/1036 4276/10210/1036
f 4291/10211/1172 4289/10204/1172 4288/10206/1172 4290/10212/1172
f 4290/10213/1170 4288/10214/1170 4276/10215/1170 4274/10216/1170
f 4293/10217/1046 4291/10211/1046 4290/10212/1046 4292/10218/1046
f 4292/10219/1076 4290/10220/1076 4274/10221/1076 4272/10222/1076
f 4295/10223/1172 4293/10217/1172 4292/10218/1172 4294/10224/1172
f 4294/10225/1170 4292/10219/1170 4272/10222/1170 4270/10226/1170
f 4297/10227/1036 4295/10223/1036 4294/10224/1036 4296/10228/1036
f 4296/10229/1036 4294/10230/1036 4270/10231/1036 4268/10232/1036
f 4299/10233/1173 4297/10227/1173 4296/10228/1173 4298/10234/1173
f 4298/10235/1174 4296/10236/1174 4268/10237/1174 4266/10238/1174
f 4301/10239/1064 4299/10233/1064 4298/10234/1064 4300/10240/1064
f 4300/10241/1157 4298/10242/1157 4266/10243/1157 4264/10244/1157
f 4303/10245/1172 4301/10246/1172 4300/10247/1172 4302/10248/1172
f 4302/10249/1174 4300/10250/1174 4264/10251/1174 4262/10252/1174
f 4305/10253/1175 4303/10254/1175 4302/10255/1175 4304/10256/1175
f 4304/10257/1176 4302/10258/1176 4262/10259/1176 4260/10260/1176
f 4306/10261/1177 4308/10262/1177 4303/10263/1177 4305/10264/1177
f 4307/10265/1178 4309/10266/1178 4308/10267/1178 4306/10268/1178
f 4309/10269/1179 4311/10270/1179 4310/10271/1179 4308/10272/1179
f 4308/10273/1180 4310/10274/1180 4301/10275/1180 4303/10276/1180
f 4311/10277/1064 4313/10278/1064 4312/10279/1064 4310/10280/1064
f 4310/10281/1084 4312/10282/1084 4299/10283/1084 4301/10284/1084
f 4313/10285/1179 4315/10286/1179 4314/10287/1179 4312/10288/1179
f 4312/10282/1181 4314/10289/1181 4297/10290/1181 4299/10283/1181
f 4315/10291/1036 4317/10292/1036 4316/10293/1036 4314/10294/1036
f 4314/10289/1036 4316/10295/1036 4295/10296/1036 4297/10290/1036
f 4317/10292/1182 4319/10297/1182 4318/10298/1182 4316/10299/1182
f 4316/10295/1180 4318/10300/1180 4293/10301/1180 4295/10296/1180
f 4319/10302/1061 4321/10303/1061 4320/10304/1061 4318/10305/1061
f 4318/10300/1076 4320/10306/1076 4291/10307/1076 4293/10301/1076
f 4321/10308/1179 4323/10309/1179 4322/10310/1179 4320/10311/1179
f 4320/10306/1181 4322/10312/1181 4289/10313/1181 4291/10307/1181
f 4323/10309/1183 4325/10314/1183 4324/10315/1183 4322/10316/1183
f 4322/10312/1144 4324/10317/1144 4287/10318/1144 4289/10313/1144
f 4325/10319/1179 4328/10320/1179 4326/10321/1179 4324/10322/1179
f 4324/10317/1180 4326/10323/1180 4285/10324/1180 4287/10318/1180
f 4511/10325/1184 4285/10326/1184 4326/10327/1184 4327/10328/1184
f 4327/10329/1185 4326/10330/1185 4328/10331/1185 4329/10332/1185
f 4329/10333/1186 4328/10334/1186 4330/10335/1186 4331/10336/1186
f 4333/10337/1187 4330/10338/1187 4328/10339/1187 4325/10340/1187
f 4331/10341/1188 4330/10342/1188 4332/10343/1188 4510/10344/1188
f 4334/10345/1189 4332/10346/1189 4330/10347/1189 4333/10348/1189
f 4336/10349/1036 4334/10345/1036 4333/10348/1036 4335/10350/1036
f 4335/10351/1036 4333/10337/1036 4325/10340/1036 4323/10352/1036
f 4338/10353/1190 4336/10349/1190 4335/10350/1190 4337/10354/1190
f 4337/10355/1191 4335/10351/1191 4323/10352/1191 4321/10356/1191
f 4340/10357/1076 4338/10353/1076 4337/10354/1076 4339/10358/1076
f 4339/10359/1076 4337/10355/1076 4321/10356/1076 4319/10360/1076
f 4342/10361/1190 4340/10357/1190 4339/10358/1190 4341/10362/1190
f 4341/10363/1187 4339/10359/1187 4319/10360/1187 4317/10364/1187
f 4344/10365/1036 4342/10361/1036 4341/10362/1036 4343/10366/1036
f 4343/10367/1036 4341/10363/1036 4317/10364/1036 4315/10368/1036
f 4346/10369/1190 4344/10365/1190 4343/10370/1190 4345/10371/1190
f 4345/10372/1192 4343/10367/1192 4315/10368/1192 4313/10373/1192
f 4348/10374/1084 4346/10369/1084 4345/10375/1084 4347/10376/1084
f 4347/10377/1084 4345/10378/1084 4313/10373/1084 4311/10379/1084
f 4350/10380/1190 4348/10381/1190 4347/10382/1190 4349/10383/1190
f 4349/10384/1187 4347/10385/1187 4311/10386/1187 4309/10387/1187
f 4352/10388/1193 4350/10389/1193 4349/10390/1193 4351/10391/1193
f 4351/10392/1194 4349/10393/1194 4309/10394/1194 4307/10395/1194
f 4353/10396/1195 4355/10397/1195 4350/10398/1195 4352/10399/1195
f 4354/10400/1196 4356/10401/1196 4355/10402/1196 4353/10403/1196
f 4356/10404/1197 4358/10405/1197 4357/10406/1197 4355/10407/1197
f 4355/10408/1198 4357/10409/1198 4348/10410/1198 4350/10411/1198
f 4358/10412/1157 4360/10413/1157 4359/10414/1157 4357/10415/1157
f 4357/10416/1084 4359/10417/1084 4346/10418/1084 4348/10419/1084
f 4360/10420/1197 4362/10421/1197 4361/10422/1197 4359/10414/1197
f 4359/10417/1199 4361/10423/1199 4344/10424/1199 4346/10418/1199
f 4362/10421/1036 4364/10425/1036 4363/10426/1036 4361/10422/1036
f 4361/10423/1036 4363/10427/1036 4342/10428/1036 4344/10424/1036
f 4364/10425/1197 4366/10429/1197 4365/10430/1197 4363/10426/1197
f 4363/10427/1200 4365/10431/1200 4340/10432/1200 4342/10428/1200
f 4366/10429/1076 4368/10433/1076 4367/10434/1076 4365/10430/1076
f 4365/10431/1076 4367/10435/1076 4338/10436/1076 4340/10432/1076
f 4368/10433/1197 4370/10437/1197 4369/10438/1197 4367/10434/1197
f 4367/10435/1199 4369/10439/1199 4336/10440/1199 4338/10441/1199
f 4370/10442/1183 4372/10443/1183 4371/10444/1183 4369/10438/1183
f 4369/10439/1183 4371/10445/1183 4334/10446/1183 4336/10440/1183
f 4372/10443/1197 4375/10447/1197 4373/10448/1197 4371/10444/1197
f 4371/10445/1199 4373/10449/1199 4332/10450/1199 4334/10446/1199
f 4510/10451/1201 4332/10450/1201 4373/10449/1201 4374/10452/1201
f 4374/10453/1202 4373/10448/1202 4375/10447/1202 4376/10454/1202
f 4376/10455/1203 4375/10456/1203 4377/10457/1203 4378/10458/1203
f 4380/10459/1039 4377/10457/1039 4375/10456/1039 4372/10460/1039
f 4378/10461/1204 4377/10462/1204 4379/10463/1204 4509/10464/1204
f 4381/10465/1205 4379/10463/1205 4377/10462/1205 4380/10466/1205
f 4383/10467/1183 4381/10465/1183 4380/10466/1183 4382/10468/1183
f 4382/10469/1183 4380/10459/1183 4372/10460/1183 4370/10470/1183
f 4385/10471/1205 4383/10467/1205 4382/10468/1205 4384/10472/1205
f 4384/10473/1039 4382/10469/1039 4370/10470/1039 4368/10474/1039
f 4387/10475/1076 4385/10471/1076 4384/10472/1076 4386/10476/1076
f 4386/10477/1076 4384/10473/1076 4368/10474/1076 4366/10478/1076
f 4389/10479/1205 4387/10475/1205 4386/10476/1205 4388/10480/1205
f 4388/10481/1039 4386/10477/1039 4366/10478/1039 4364/10482/1039
f 4391/10483/1036 4389/10479/1036 4388/10480/1036 4390/10484/1036
f 4390/10485/1036 4388/10481/1036 4364/10482/1036 4362/10486/1036
f 4393/10487/1205 4391/10483/1205 4390/10484/1205 4392/10488/1205
f 4392/10489/1039 4390/10485/1039 4362/10486/1039 4360/10490/1039
f 4395/10491/1084 4393/10487/1084 4392/10488/1084 4394/10492/1084
f 4394/10493/1084 4392/10489/1084 4360/10490/1084 4358/10494/1084
f 4397/10495/1205 4395/10496/1205 4394/10497/1205 4396/10498/1205
f 4396/10499/1039 4394/10500/1039 4358/10501/1039 4356/10502/1039
f 4399/10503/1206 4397/10504/1206 4396/10505/1206 4398/10506/1206
f 4398/10507/1039 4396/10508/1039 4356/10509/1039 4354/10510/1039
f 4400/10511/1207 4402/10512/1207 4397/10513/1207 4399/10514/1207
f 4401/10515/1208 4403/10516/1208 4402/10517/1208 4400/10518/1208
f 4403/10519/1209 4405/10520/1209 4404/10521/1209 4402/10522/1209
f 4402/10523/1210 4404/10524/1210 4395/10525/1210 4397/10526/1210
f 4405/10527/1084 4407/10528/1084 4406/10529/1084 4404/10530/1084
f 4404/10531/1084 4406/10532/1084 4393/10533/1084 4395/10534/1084
f 4407/10528/1209 4409/10535/1209 4408/10536/1209 4406/10529/1209
f 4406/10532/1211 4408/10537/1211 4391/10538/1211 4393/10533/1211
f 4409/10535/1036 4411/10539/1036 4410/10540/1036 4408/10536/1036
f 4408/10537/1036 4410/10541/1036 4389/10542/1036 4391/10538/1036
f 4411/10539/1209 4413/10543/1209 4412/10544/1209 4410/10540/1209
f 4410/10541/1211 4412/10545/1211 4387/10546/1211 4389/10542/1211
f 4413/10543/1076 4415/10547/1076 4414/10548/1076 4412/10544/1076
f 4412/10545/1134 4414/10549/1134 4385/10550/1134 4387/10546/1134
f 4415/10547/1209 4417/10551/1209 4416/10552/1209 4414/10548/1209
f 4414/10549/1211 4416/10553/1211 4383/10554/1211 4385/10550/1211
f 4417/10551/1183 4419/10555/1183 4418/10556/1183 4416/10552/1183
f 4416/10553/1183 4418/10557/1183 4381/10558/1183 4383/10554/1183
f 4419/10555/1209 4422/10559/1209 4420/10560/1209 4418/10556/1209
f 4418/10557/1211 4420/10561/1211 4379/10562/1211 4381/10558/1211
f 4509/10563/1212 4379/10562/1212 4420/10561/1212 4421/10564/1212
f 4421/10565/1213 4420/10566/1213 4422/10567/1213 4423/10568/1213
f 4423/10569/1214 4422/10570/1214 4424/10571/1214 4425/10572/1214
f 4427/10573/1215 4424/10574/1215 4422/10575/1215 4419/10576/1215
f 4425/10577/1216 4424/10578/1216 4426/10579/1216 4508/10580/1216
f 4428/10581/1217 4426/10582/1217 4424/10583/1217 4427/10584/1217
f 4430/10585/1218 4428/10581/1218 4427/10584/1218 4429/10586/1218
f 4429/10587/1183 4427/10573/1183 4419/10576/1183 4417/10588/1183
f 4432/10589/1217 4430/10585/1217 4429/10586/1217 4431/10590/1217
f 4431/10591/1219 4429/10587/1219 4417/10588/1219 4415/10592/1219
f 4434/10593/1076 4432/10589/1076 4431/10590/1076 4433/10594/1076
f 4433/10595/1108 4431/10591/1108 4415/10592/1108 4413/10596/1108
f 4436/10597/1217 4434/10593/1217 4433/10594/1217 4435/10598/1217
f 4435/10599/1215 4433/10600/1215 4413/10601/1215 4411/10602/1215
f 4438/10603/1036 4436/10597/1036 4435/10598/1036 4437/10604/1036
f 4437/10605/1036 4435/10599/1036 4411/10606/1036 4409/10607/1036
f 4440/10608/1217 4438/10603/1217 4437/10604/1217 4439/10609/1217
f 4439/10610/1215 4437/10605/1215 4409/10607/1215 4407/10611/1215
f 4442/10612/1126 4440/10608/1126 4439/10609/1126 4441/10613/1126
f 4441/10614/1084 4439/10610/1084 4407/10611/1084 4405/10615/1084
f 4444/10616/1220 4442/10617/1220 4441/10618/1220 4443/10619/1220
f 4443/10620/1215 4441/10621/1215 4405/10622/1215 4403/10623/1215
f 4446/10624/1221 4444/10625/1221 4443/10626/1221 4445/10627/1221
f 4445/10628/1222 4443/10629/1222 4403/10630/1222 4401/10631/1222
f 4447/10632/1223 4449/10633/1223 4444/10634/1223 4446/10635/1223
f 4448/10636/1224 4450/10637/1224 4449/10638/1224 4447/10639/1224
f 4450/10640/1225 4452/10641/1225 4451/10642/1225 4449/10643/1225
f 4449/10644/1226 4451/10645/1226 4442/10646/1226 4444/10647/1226
f 4452/10648/1137 4454/10649/1137 4453/10650/1137 4451/10651/1137
f 4451/10652/1084 4453/10653/1084 4440/10654/1084 4442/10655/1084
f 4454/10656/1227 4456/10657/1227 4455/10658/1227 4453/10659/1227
f 4453/10653/1228 4455/10660/1228 4438/10661/1228 4440/10662/1228
f 4456/10663/1036 4458/10664/1036 4457/10665/1036 4455/10666/1036
f 4455/10660/1036 4457/10667/1036 4436/10668/1036 4438/10661/1036
f 4458/10664/1225 4460/10669/1225 4459/10670/1225 4457/10671/1225
f 4457/10667/1226 4459/10672/1226 4434/10673/1226 4436/10668/1226
f 4460/10674/1108 4462/10675/1108 4461/10676/1108 4459/10677/1108
f 4459/10672/1038 4461/10678/1038 4432/10679/1038 4434/10673/1038
f 4462/10675/1225 4464/10680/1225 4463/10681/1225 4461/10676/1225
f 4461/10678/1229 4463/10682/1229 4430/10683/1229 4432/10679/1229
f 4464/10680/1065 4466/10684/1065 4465/10685/1065 4463/10681/1065
f 4463/10682/1036 4465/10686/1036 4428/10687/1036 4430/10683/1036
f 4466/10688/1225 4469/10689/1225 4467/10690/1225 4465/10691/1225
f 4465/10686/1229 4467/10692/1229 4426/10693/1229 4428/10687/1229
f 4508/10694/1230 4426/10695/1230 4467/10696/1230 4468/10697/1230
f 4468/10698/1231 4467/10699/1231 4469/10700/1231 4470/10701/1231
f 4470/10702/1232 4469/10703/1232 4471/10704/1232 4472/10705/1232
f 4474/10706/1233 4471/10707/1233 4469/10708/1233 4466/10709/1233
f 4472/10710/1234 4471/10711/1234 4473/10712/1234 4507/10713/1234
f 4475/10714/1235 4473/10715/1235 4471/10716/1235 4474/10717/1235
f 4477/10718/1054 4475/10714/1054 4474/10717/1054 4476/10719/1054
f 4476/10720/1036 4474/10706/1036 4466/10709/1036 4464/10721/1036
f 4479/10722/1235 4477/10718/1235 4476/10719/1235 4478/10723/1235
f 4478/10724/1236 4476/10720/1236 4464/10721/1236 4462/10725/1236
f 4481/10726/1108 4479/10722/1108 4478/10723/1108 4480/10727/1108
f 4480/10728/1038 4478/10724/1038 4462/10725/1038 4460/10729/1038
f 4483/10730/1235 4481/10726/1235 4480/10727/1235 4482/10731/1235
f 4482/10732/1233 4480/10728/1233 4460/10729/1233 4458/10733/1233
f 4485/10734/1036 4483/10730/1036 4482/10731/1036 4484/10735/1036
f 4484/10736/1036 4482/10732/1036 4458/10733/1036 4456/10737/1036
f 4487/10738/1235 4485/10734/1235 4484/10735/1235 4486/10739/1235
f 4486/10740/1236 4484/10736/1236 4456/10737/1236 4454/10741/1236
f 4489/10742/1126 4487/10743/1126 4486/10739/1126 4488/10744/1126
f 4488/10745/1046 4486/10740/1046 4454/10741/1046 4452/10746/1046
f 4491/10747/1235 4489/10748/1235 4488/10749/1235 4490/10750/1235
f 4490/10751/1233 4488/10752/1233 4452/10753/1233 4450/10754/1233
f 4493/10755/1237 4491/10756/1237 4490/10757/1237 4492/10758/1237
f 4492/10759/1238 4490/10760/1238 4450/10761/1238 4448/10762/1238
f 4494/10763/1239 4495/10764/1239 4491/10765/1239 4493/10766/1239
f 3920/10767/1240 3923/10768/1240 4495/10769/1240 4494/10770/1240
f 3923/10771/1241 3926/10772/1241 4496/10773/1241 4495/10774/1241
f 4495/10775/1242 4496/10776/1242 4489/10777/1242 4491/10778/1242
f 3926/10779/1046 3929/10780/1046 4497/10781/1046 4496/10782/1046
f 4496/10783/1046 4497/10784/1046 4487/10785/1046 4489/10786/1046
f 3929/10787/1241 3932/10788/1241 4498/10789/1241 4497/10781/1241
f 4497/10784/1243 4498/10790/1243 4485/10791/1243 4487/10785/1243
f 3932/10792/1036 3935/10793/1036 4499/10794/1036 4498/10789/1036
f 4498/10790/1036 4499/10795/1036 4483/10796/1036 4485/10791/1036
f 3935/10797/1241 3938/10798/1241 4500/10799/1241 4499/10800/1241
f 4499/10795/1242 4500/10801/1242 4481/10802/1242 4483/10796/1242
f 3938/10798/1047 3941/10803/1047 4501/10804/1047 4500/10799/1047
f 4500/10801/1047 4501/10805/1047 4479/10806/1047 4481/10807/1047
f 3941/10808/1241 3944/10809/1241 4502/10810/1241 4501/10811/1241
f 4501/10805/1242 4502/10812/1242 4477/10813/1242 4479/10806/1242
f 3944/10814/1054 3947/10815/1054 4503/10816/1054 4502/10817/1054
f 4502/10812/1183 4503/10818/1183 4475/10819/1183 4477/10813/1183
f 3947/10815/1241 3951/10820/1241 4504/10821/1241 4503/10816/1241
f 4503/10822/1242 4504/10823/1242 4473/10824/1242 4475/10819/1242
f 4507/10825/1244 4473/10826/1244 4504/10827/1244 4505/10828/1244
f 4505/10829/1245 4504/10830/1245 3951/10831/1245 4506/10832/1245
f 3950/10833/1038 3953/10834/1038 3955/10835/1038 4518/10836/1038 3998/10837/1038 4000/10838/1038 4002/10839/1038 4517/10840/1038 4045/10841/1038 4047/10842/1038 4049/10843/1038 4516/10844/1038 4092/10845/1038 4094/10846/1038 4096/10847/1038 4515/10848/1038 4139/10849/1038 4141/10850/1038 4143/10851/1038 4514/10852/1038 4186/10853/1038 4188/10854/1038 4190/10855/1038 4513/10856/1038 4233/10857/1038 4235/10858/1038 4237/10859/1038 4512/10860/1038 4280/10861/1038 4282/10862/1038 4284/10863/1038 4511/10864/1038 4327/10865/1038 4329/10866/1038 4331/10867/1038 4510/10868/1038 4374/10869/1038 4376/10870/1038 4378/10871/1038 4509/10872/1038 4421/10873/1038 4423/10874/1038 4425/10875/1038 4508/10876/1038 4468/10877/1038 4470/10878/1038 4472/10879/1038 4507/10880/1038 4505/10881/1038 4506/10882/1038
f 4947/10883/1038 4948/10884/1038 4950/10885/1038 4949/10886/1038
f 4951/10887/1036 4953/10888/1036 4954/10889/1036 4952/10890/1036
f 4947/10883/1039 4949/10886/1039 4953/10888/1039 4951/10887/1039
f 4949/10886/1037 4950/10885/1037 4954/10889/1037 4953/10888/1037
f 4950/10885/1040 4948/10884/1040 4952/10890/1040 4954/10889/1040
f 4948/10884/1042 4947/10883/1042 4951/10887/1042 4952/10890/1042
f 4955/10891/1038 4957/10892/1038 4958/10893/1038 4956/10894/1038
f 4957/10895/1246 4959/10896/1246 4960/10897/1246 4958/10898/1246
f 4955/10899/1039 4959/10900/1039 4957/10901/1039
f 4959/10900/1037 4955/10899/1037 4956/10902/1037 4960/10903/1037
f 4956/10902/1040 4958/10904/1040 4960/10903/1040
f 4961/10905/1038 4963/10906/1038 4964/10907/1038 4962/10908/1038
f 4963/10906/1039 4961/10905/1039 4965/10909/1039 4966/10910/1039
f 4964/10907/1042 4963/10906/1042 4966/10910/1042 4968/10911/1042
f 4962/10908/1040 4964/10907/1040 4968/10911/1040 4967/10912/1040
f 4965/10909/1036 4967/10912/1036 4968/10911/1036 4966/10910/1036
f 4961/10905/1037 4962/10908/1037 4967/10912/1037 4965/10909/1037
f 4969/10913/1036 5332/10914/1036 5329/10915/1036 4970/10916/1036
f 4971/10917/1042 4969/10918/1042 4970/10919/1042 4972/10920/1042
f 5055/10921/1042 5153/10922/1042 5327/10923/1042 5330/10924/1042 5333/10925/1042 5103/10926/1042 5101/10927/1042 5099/10928/1042 5097/10929/1042 5095/10930/1042 5093/10931/1042 5091/10932/1042 5089/10933/1042 5087/10934/1042 5085/10935/1042 5083/10936/1042 5081/10937/1042 5079/10938/1042 5077/10939/1042 5075/10940/1042 5073/10941/1042 5071/10942/1042 5069/10943/1042 5067/10944/1042 5065/10945/1042 5063/10946/1042 5061/10947/1042 5060/10948/1042 5059/10949/1042
f 5177/10950/1042 5275/10951/1042 5328/10952/1042 5331/10953/1042 5334/10954/1042 5225/10955/1042 5223/10956/1042 5221/10957/1042 5219/10958/1042 5217/10959/1042 5215/10960/1042 5213/10961/1042 5211/10962/1042 5209/10963/1042 5207/10964/1042 5205/10965/1042 5203/10966/1042 5201/10967/1042 5199/10968/1042 5197/10969/1042 5195/10970/1042 5193/10971/1042 5191/10972/1042 5189/10973/1042 5187/10974/1042 5185/10975/1042 5183/10976/1042 5182/10977/1042 5181/10978/1042
f 5325/10979/1038 5324/10980/1038 5327/10981/1038 5328/10982/1038
f 5323/10983/1038 4971/10984/1038 4972/10985/1038 5326/10986/1038
f 5225/10987/1042 5334/10988/1042 5325/10989/1042 5328/10990/1042 5275/10991/1042 5273/10992/1042 5271/10993/1042 5269/10994/1042 5267/10995/1042 5265/10996/1042 5263/10997/1042 5261/10998/1042 5259/10999/1042 5257/11000/1042 5255/11001/1042 5253/11002/1042 5251/11003/1042 5249/11004/1042 5247/11005/1042 5245/11006/1042 5243/11007/1042 5241/11008/1042 5239/11009/1042 5237/11010/1042 5235/11011/1042 5233/11012/1042 5231/11013/1042 5229/11014/1042 5227/11015/1042
f 5333/11016/1036 5334/11017/1036 5331/11018/1036 5330/11019/1036
f 5103/10926/1042 5333/10925/1042 5324/11020/1042 5327/10923/1042 5153/10922/1042 5151/11021/1042 5149/11022/1042 5147/11023/1042 5145/11024/1042 5143/11025/1042 5141/11026/1042 5139/11027/1042 5137/11028/1042 5135/11029/1042 5133/11030/1042 5131/11031/1042 5129/11032/1042 5127/11033/1042 5125/11034/1042 5123/11035/1042 5121/11036/1042 5119/11037/1042 5117/11038/1042 5115/11039/1042 5113/11040/1042 5111/11041/1042 5109/11042/1042 5107/11043/1042 5105/11044/1042
f 5334/11045/1039 5333/11046/1039 5324/11047/1039 5325/11048/1039
f 5332/11049/1039 4969/11050/1039 4971/11051/1039 5323/11052/1039
f 5328/11053/1040 5327/11054/1040 5330/11055/1040 5331/11056/1040
f 5326/11057/1040 4972/11058/1040 4970/11059/1040 5329/11060/1040
f 5409/11061/1042 5507/11062/1042 5505/11063/1042 5503/11064/1042 5501/11065/1042 5499/11066/1042 5497/11067/1042 5495/11068/1042 5493/11069/1042 5491/11070/1042 5489/11071/1042 5487/11072/1042 5485/11073/1042 5483/11074/1042 5481/11075/1042 5479/11076/1042 5477/11077/1042 5475/11078/1042 5473/11079/1042 5471/11080/1042 5469/11081/1042 5467/11082/1042 5465/11083/1042 5463/11084/1042 5461/11085/1042 5459/11086/1042 5457/11087/1042 5455/11088/1042 5453/11089/1042 5451/11090/1042 5449/11091/1042 5447/11092/1042 5445/11093/1042 5443/11094/1042 5441/11095/1042 5439/11096/1042 5437/11097/1042 5435/11098/1042 5433/11099/1042 5431/11100/1042 5429/11101/1042 5427/11102/1042 5425/11103/1042 5423/11104/1042 5421/11105/1042 5419/11106/1042 5417/11107/1042 5415/11108/1042 5414/11109/1042 5413/11110/1042
f 5539/11111/1042 5637/11112/1042 5635/11113/1042 5633/11114/1042 5631/11115/1042 5629/11116/1042 5627/11117/1042 5625/11118/1042 5623/11119/1042 5621/11120/1042 5619/11121/1042 5617/11122/1042 5615/11123/1042 5613/11124/1042 5611/11125/1042 5609/11126/1042 5607/11127/1042 5605/11128/1042 5603/11129/1042 5601/11130/1042 5599/11131/1042 5597/11132/1042 5595/11133/1042 5593/11134/1042 5591/11135/1042 5589/11136/1042 5587/11137/1042 5585/11138/1042 5583/11139/1042 5581/11140/1042 5579/11141/1042 5577/11142/1042 5575/11143/1042 5573/11144/1042 5571/11145/1042 5569/11146/1042 5567/11147/1042 5565/11148/1042 5563/11149/1042 5561/11150/1042 5559/11151/1042 5557/11152/1042 5555/11153/1042 5553/11154/1042 5551/11155/1042 5549/11156/1042 5547/11157/1042 5545/11158/1042 5544/11159/1042 5543/11160/1042
f 5685/11161/1041 5686/11162/1041 5689/11163/1041 5688/11164/1041
f 5685/11165/1037 5687/11166/1037 5741/11167/1037 5742/11168/1037 5743/11169/1037 5744/11170/1037 5788/11171/1037 5789/11172/1037 5790/11173/1037 5791/11174/1037 5835/11175/1037 5836/11176/1037 5837/11177/1037 5838/11178/1037 5882/11179/1037 5883/11180/1037 5884/11181/1037 5885/11182/1037 5929/11183/1037 5930/11184/1037 5931/11185/1037 5932/11186/1037 5976/11187/1037 5977/11188/1037 5978/11189/1037 5979/11190/1037 6023/11191/1037 6024/11192/1037 6025/11193/1037 6026/11194/1037 6070/11195/1037 6071/11196/1037 6072/11197/1037 6073/11198/1037 6117/11199/1037 6118/11200/1037 6119/11201/1037 6120/11202/1037 6164/11203/1037 6165/11204/1037 6166/11205/1037 6167/11206/1037 6211/11207/1037 6212/11208/1037 6213/11209/1037 6214/11210/1037 6258/11211/1037 6259/11212/1037 6260/11213/1037 5686/11214/1037
f 5687/11215/1043 5685/11216/1043 5688/11217/1043 5690/11218/1043
f 5688/11219/1154 5689/11220/1154 5692/11221/1154 5691/11222/1154
f 5690/11223/1149 5688/11224/1149 5691/11225/1149 5693/11226/1149
f 5691/11227/1047 5692/11228/1047 5695/11229/1047 5694/11230/1047
f 5693/11231/1047 5691/11232/1047 5694/11233/1047 5696/11234/1047
f 5694/11235/1154 5695/11236/1154 5698/11237/1154 5697/11238/1154
f 5696/11234/1149 5694/11233/1149 5697/11239/1149 5699/11240/1149
f 5697/11241/1036 5698/11242/1036 5701/11243/1036 5700/11244/1036
f 5699/11245/1036 5697/11246/1036 5700/11247/1036 5702/11248/1036
f 5700/11249/1154 5701/11250/1154 5704/11251/1154 5703/11252/1154
f 5702/11253/1149 5700/11254/1149 5703/11255/1149 5705/11256/1149
f 5703/11257/1038 5704/11258/1038 5707/11259/1038 5706/11260/1038
f 5705/11256/1046 5703/11255/1046 5706/11261/1046 5708/11262/1046
f 5706/11263/1154 5707/11264/1154 5710/11265/1154 5709/11266/1154
f 5708/11262/1149 5706/11267/1149 5709/11268/1149 5711/11269/1149
f 5709/11266/1036 5710/11265/1036 5713/11270/1036 5712/11271/1036
f 5711/11269/1036 5709/11272/1036 5712/11273/1036 5714/11274/1036
f 5712/11275/1154 5713/11276/1154 5717/11277/1154 5715/11278/1154
f 5714/11274/1149 5712/11273/1149 5715/11279/1149 5718/11280/1149
f 5716/11281/1152 5719/11282/1152 5718/11283/1152 5715/11284/1152
f 6272/11285/1247 5716/11286/1247 5715/11287/1247 5717/11288/1247
f 5719/11289/1248 5721/11290/1248 5720/11291/1248 5718/11292/1248
f 5723/11293/1150 5714/11294/1150 5718/11295/1150 5720/11296/1150
f 5721/11297/1249 6284/11298/1249 5722/11299/1249 5720/11300/1249
f 5724/11301/1143 5723/11302/1143 5720/11303/1143 5722/11304/1143
f 5726/11305/1036 5725/11306/1036 5723/11302/1036 5724/11301/1036
f 5725/11307/1036 5711/11308/1036 5714/11309/1036 5723/11310/1036
f 5728/11311/1143 5727/11312/1143 5725/11306/1143 5726/11305/1143
f 5727/11313/1150 5708/11314/1150 5711/11308/1150 5725/11307/1150
f 5730/11315/1046 5729/11316/1046 5727/11312/1046 5728/11311/1046
f 5729/11317/1126 5705/11318/1126 5708/11314/1126 5727/11313/1126
f 5732/11319/1143 5731/11320/1143 5729/11316/1143 5730/11315/1143
f 5731/11321/1150 5702/11322/1150 5705/11318/1150 5729/11317/1150
f 5734/11323/1036 5733/11324/1036 5731/11320/1036 5732/11319/1036
f 5733/11325/1036 5699/11326/1036 5702/11327/1036 5731/11328/1036
f 5736/11329/1143 5735/11330/1143 5733/11324/1143 5734/11323/1143
f 5735/11331/1150 5696/11332/1150 5699/11333/1150 5733/11334/1150
f 5738/11335/1063 5737/11336/1063 5735/11330/1063 5736/11329/1063
f 5737/11337/1063 5693/11338/1063 5696/11332/1063 5735/11331/1063
f 5740/11339/1143 5739/11340/1143 5737/11341/1143 5738/11342/1143
f 5739/11343/1150 5690/11344/1150 5693/11345/1150 5737/11346/1150
f 5742/11347/1055 5741/11348/1055 5739/11349/1055 5740/11350/1055
f 5741/11351/1056 5687/11352/1056 5690/11353/1056 5739/11354/1056
f 5743/11355/1057 5742/11356/1057 5740/11357/1057 5745/11358/1057
f 5744/11359/1058 5743/11360/1058 5745/11361/1058 5746/11362/1058
f 5746/11363/1136 5745/11364/1136 5747/11365/1136 5748/11366/1136
f 5745/11367/1141 5740/11368/1141 5738/11369/1141 5747/11370/1141
f 5748/11371/1134 5747/11372/1134 5749/11373/1134 5750/11374/1134
f 5747/11375/1047 5738/11376/1047 5736/11377/1047 5749/11378/1047
f 5750/11374/1136 5749/11379/1136 5751/11380/1136 5752/11381/1136
f 5749/11382/1141 5736/11383/1141 5734/11384/1141 5751/11385/1141
f 5752/11381/1036 5751/11380/1036 5753/11386/1036 5754/11387/1036
f 5751/11388/1036 5734/11389/1036 5732/11390/1036 5753/11391/1036
f 5754/11387/1250 5753/11386/1250 5755/11392/1250 5756/11393/1250
f 5753/11391/1141 5732/11390/1141 5730/11394/1141 5755/11395/1141
f 5756/11393/1137 5755/11392/1137 5757/11396/1137 5758/11397/1137
f 5755/11398/1126 5730/11399/1126 5728/11400/1126 5757/11401/1126
f 5758/11402/1251 5757/11403/1251 5759/11404/1251 5760/11405/1251
f 5757/11401/1141 5728/11400/1141 5726/11406/1141 5759/11407/1141
f 5760/11408/1095 5759/11409/1095 5761/11410/1095 5762/11411/1095
f 5759/11407/1086 5726/11406/1086 5724/11412/1086 5761/11413/1086
f 5762/11411/1250 5761/11410/1250 5763/11414/1250 5765/11415/1250
f 5761/11413/1141 5724/11412/1141 5722/11416/1141 5763/11417/1141
f 6284/11418/1140 5764/11419/1140 5763/11420/1140 5722/11421/1140
f 5764/11422/1139 5766/11423/1139 5765/11424/1139 5763/11425/1139
f 5766/11426/1138 5768/11427/1138 5767/11428/1138 5765/11429/1138
f 5770/11430/1252 5762/11431/1252 5765/11432/1252 5767/11433/1252
f 5768/11434/1122 6283/11435/1122 5769/11436/1122 5767/11437/1122
f 5771/11438/1253 5770/11439/1253 5767/11440/1253 5769/11441/1253
f 5773/11442/1036 5772/11443/1036 5770/11444/1036 5771/11445/1036
f 5772/11446/1036 5760/11447/1036 5762/11431/1036 5770/11430/1036
f 5775/11448/1127 5774/11449/1127 5772/11450/1127 5773/11442/1127
f 5774/11451/1133 5758/11452/1133 5760/11447/1133 5772/11446/1133
f 5777/11453/1165 5776/11454/1165 5774/11449/1165 5775/11448/1165
f 5776/11455/1137 5756/11456/1137 5758/11452/1137 5774/11451/1137
f 5779/11457/1123 5778/11458/1123 5776/11459/1123 5777/11460/1123
f 5778/11461/1133 5754/11462/1133 5756/11456/1133 5776/11455/1133
f 5781/11463/1036 5780/11464/1036 5778/11465/1036 5779/11457/1036
f 5780/11466/1036 5752/11467/1036 5754/11462/1036 5778/11461/1036
f 5783/11468/1123 5782/11469/1123 5780/11464/1123 5781/11463/1123
f 5782/11470/1133 5750/11471/1133 5752/11467/1133 5780/11466/1133
f 5785/11472/1134 5784/11473/1134 5782/11474/1134 5783/11475/1134
f 5784/11476/1076 5748/11477/1076 5750/11471/1076 5782/11470/1076
f 5787/11478/1254 5786/11479/1254 5784/11480/1254 5785/11481/1254
f 5786/11482/1133 5746/11483/1133 5748/11484/1133 5784/11485/1133
f 5789/11486/1255 5788/11487/1255 5786/11488/1255 5787/11489/1255
f 5788/11490/1078 5744/11491/1078 5746/11492/1078 5786/11493/1078
f 5790/11494/1079 5789/11495/1079 5787/11496/1079 5792/11497/1079
f 5791/11498/1080 5790/11499/1080 5792/11500/1080 5793/11501/1080
f 5793/11502/1113 5792/11503/1113 5794/11504/1113 5795/11505/1113
f 5792/11506/1121 5787/11507/1121 5785/11508/1121 5794/11509/1121
f 5795/11510/1076 5794/11511/1076 5796/11512/1076 5797/11513/1076
f 5794/11514/1134 5785/11515/1134 5783/11516/1134 5796/11517/1134
f 5797/11513/1117 5796/11512/1117 5798/11518/1117 5799/11519/1117
f 5796/11517/1121 5783/11516/1121 5781/11520/1121 5798/11521/1121
f 5799/11519/1036 5798/11518/1036 5800/11522/1036 5801/11523/1036
f 5798/11521/1036 5781/11520/1036 5779/11524/1036 5800/11525/1036
f 5801/11523/1116 5800/11522/1116 5802/11526/1116 5803/11527/1116
f 5800/11525/1121 5779/11524/1121 5777/11528/1121 5802/11529/1121
f 5803/11527/1046 5802/11526/1046 5804/11530/1046 5805/11531/1046
f 5802/11529/1084 5777/11528/1084 5775/11532/1084 5804/11533/1084
f 5805/11531/1117 5804/11530/1117 5806/11534/1117 5807/11535/1117
f 5804/11533/1121 5775/11532/1121 5773/11536/1121 5806/11537/1121
f 5807/11535/1086 5806/11534/1086 5808/11538/1086 5809/11539/1086
f 5806/11537/1036 5773/11536/1036 5771/11540/1036 5808/11541/1036
f 5809/11539/1115 5808/11538/1115 5810/11542/1115 5812/11543/1115
f 5808/11541/1121 5771/11540/1121 5769/11544/1121 5810/11545/1121
f 6283/11546/1120 5811/11547/1120 5810/11548/1120 5769/11549/1120
f 5811/11550/1119 5813/11551/1119 5812/11552/1119 5810/11553/1119
f 5813/11554/1118 5815/11555/1118 5814/11556/1118 5812/11557/1118
f 5817/11558/1114 5809/11559/1114 5812/11560/1114 5814/11561/1114
f 5815/11562/1105 6282/11563/1105 5816/11564/1105 5814/11565/1105
f 5818/11566/1106 5817/11567/1106 5814/11565/1106 5816/11564/1106
f 5820/11568/1086 5819/11569/1086 5817/11567/1086 5818/11566/1086
f 5819/11570/1086 5807/11571/1086 5809/11559/1086 5817/11558/1086
f 5822/11572/1106 5821/11573/1106 5819/11569/1106 5820/11568/1106
f 5821/11574/1114 5805/11575/1114 5807/11571/1114 5819/11576/1114
f 5824/11577/1137 5823/11578/1137 5821/11573/1137 5822/11572/1137
f 5823/11579/1084 5803/11580/1084 5805/11575/1084 5821/11574/1084
f 5826/11581/1106 5825/11582/1106 5823/11578/1106 5824/11577/1106
f 5825/11583/1114 5801/11584/1114 5803/11580/1114 5823/11579/1114
f 5828/11585/1036 5827/11586/1036 5825/11582/1036 5826/11581/1036
f 5827/11587/1036 5799/11588/1036 5801/11584/1036 5825/11583/1036
f 5830/11589/1107 5829/11590/1107 5827/11586/1107 5828/11585/1107
f 5829/11591/1114 5797/11592/1114 5799/11588/1114 5827/11587/1114
f 5832/11593/1076 5831/11594/1076 5829/11590/1076 5830/11589/1076
f 5831/11595/1076 5795/11596/1076 5797/11592/1076 5829/11597/1076
f 5834/11598/1106 5833/11599/1106 5831/11600/1106 5832/11601/1106
f 5833/11602/1114 5793/11603/1114 5795/11604/1114 5831/11605/1114
f 5836/11606/1097 5835/11607/1097 5833/11608/1097 5834/11609/1097
f 5835/11610/1098 5791/11611/1098 5793/11612/1098 5833/11613/1098
f 5837/11614/1099 5836/11615/1099 5834/11616/1099 5839/11617/1099
f 5838/11618/1040 5837/11619/1040 5839/11620/1040 5840/11621/1040
f 5840/11622/1040 5839/11620/1040 5841/11623/1040 5842/11624/1040
f 5839/11625/1104 5834/11626/1104 5832/11627/1104 5841/11628/1104
f 5842/11629/1076 5841/11630/1076 5843/11631/1076 5844/11632/1076
f 5841/11633/1076 5832/11634/1076 5830/11635/1076 5843/11636/1076
f 5844/11632/1040 5843/11631/1040 5845/11637/1040 5846/11638/1040
f 5843/11636/1104 5830/11635/1104 5828/11639/1104 5845/11640/1104
f 5846/11638/1036 5845/11637/1036 5847/11641/1036 5848/11642/1036
f 5845/11640/1036 5828/11639/1036 5826/11643/1036 5847/11644/1036
f 5848/11642/1040 5847/11641/1040 5849/11645/1040 5850/11646/1040
f 5847/11644/1104 5826/11643/1104 5824/11647/1104 5849/11648/1104
f 5850/11646/1084 5849/11645/1084 5851/11649/1084 5852/11650/1084
f 5849/11648/1084 5824/11647/1084 5822/11651/1084 5851/11652/1084
f 5852/11650/1040 5851/11649/1040 5853/11653/1040 5854/11654/1040
f 5851/11652/1104 5822/11651/1104 5820/11655/1104 5853/11656/1104
f 5854/11654/1086 5853/11653/1086 5855/11657/1086 5856/11658/1086
f 5853/11656/1086 5820/11655/1086 5818/11659/1086 5855/11660/1086
f 5856/11658/1040 5855/11657/1040 5857/11661/1040 5859/11662/1040
f 5855/11660/1104 5818/11659/1104 5816/11663/1104 5857/11664/1104
f 6282/11665/1103 5858/11666/1103 5857/11664/1103 5816/11663/1103
f 5858/11667/1102 5860/11668/1102 5859/11662/1102 5857/11661/1102
f 5860/11669/1256 5862/11670/1256 5861/11671/1256 5859/11672/1256
f 5864/11673/1100 5856/11674/1100 5859/11672/1100 5861/11671/1100
f 5862/11675/1257 6281/11676/1257 5863/11677/1257 5861/11678/1257
f 5865/11679/1093 5864/11680/1093 5861/11681/1093 5863/11677/1093
f 5867/11682/1086 5866/11683/1086 5864/11680/1086 5865/11679/1086
f 5866/11684/1086 5854/11685/1086 5856/11674/1086 5864/11673/1086
f 5869/11686/1093 5868/11687/1093 5866/11683/1093 5867/11682/1093
f 5868/11688/1100 5852/11689/1100 5854/11685/1100 5866/11684/1100
f 5871/11690/1084 5870/11691/1084 5868/11687/1084 5869/11686/1084
f 5870/11692/1084 5850/11693/1084 5852/11689/1084 5868/11688/1084
f 5873/11694/1093 5872/11695/1093 5870/11691/1093 5871/11690/1093
f 5872/11696/1100 5848/11697/1100 5850/11693/1100 5870/11692/1100
f 5875/11698/1036 5874/11699/1036 5872/11695/1036 5873/11694/1036
f 5874/11700/1036 5846/11701/1036 5848/11697/1036 5872/11696/1036
f 5877/11702/1096 5876/11703/1096 5874/11699/1096 5875/11698/1096
f 5876/11704/1100 5844/11705/1100 5846/11701/1100 5874/11700/1100
f 5879/11706/1076 5878/11707/1076 5876/11703/1076 5877/11702/1076
f 5878/11708/1076 5842/11709/1076 5844/11705/1076 5876/11704/1076
f 5881/11710/1093 5880/11711/1093 5878/11712/1093 5879/11713/1093
f 5880/11714/1100 5840/11715/1100 5842/11716/1100 5878/11717/1100
f 5883/11718/1109 5882/11719/1109 5880/11720/1109 5881/11721/1109
f 5882/11722/1110 5838/11723/1110 5840/11724/1110 5880/11725/1110
f 5884/11726/1111 5883/11727/1111 5881/11728/1111 5886/11729/1111
f 5885/11730/1112 5884/11731/1112 5886/11732/1112 5887/11733/1112
f 5887/11734/1083 5886/11735/1083 5888/11736/1083 5889/11737/1083
f 5886/11738/1091 5881/11739/1091 5879/11740/1091 5888/11741/1091
f 5889/11742/1076 5888/11743/1076 5890/11744/1076 5891/11745/1076
f 5888/11746/1076 5879/11747/1076 5877/11748/1076 5890/11749/1076
f 5891/11745/1083 5890/11744/1083 5892/11750/1083 5893/11751/1083
f 5890/11749/1091 5877/11748/1091 5875/11752/1091 5892/11753/1091
f 5893/11751/1036 5892/11750/1036 5894/11754/1036 5895/11755/1036
f 5892/11753/1036 5875/11752/1036 5873/11756/1036 5894/11757/1036
f 5895/11755/1083 5894/11754/1083 5896/11758/1083 5897/11759/1083
f 5894/11757/1091 5873/11756/1091 5871/11760/1091 5896/11761/1091
f 5897/11759/1084 5896/11758/1084 5898/11762/1084 5899/11763/1084
f 5896/11761/1157 5871/11760/1157 5869/11764/1157 5898/11765/1157
f 5899/11763/1083 5898/11762/1083 5900/11766/1083 5901/11767/1083
f 5898/11765/1091 5869/11764/1091 5867/11768/1091 5900/11769/1091
f 5901/11767/1036 5900/11766/1036 5902/11770/1036 5903/11771/1036
f 5900/11769/1086 5867/11768/1086 5865/11772/1086 5902/11773/1086
f 5903/11771/1083 5902/11770/1083 5904/11774/1083 5906/11775/1083
f 5902/11773/1091 5865/11772/1091 5863/11776/1091 5904/11777/1091
f 6281/11778/1258 5905/11779/1258 5904/11780/1258 5863/11781/1258
f 5905/11782/1089 5907/11783/1089 5906/11784/1089 5904/11785/1089
f 5907/11786/1088 5909/11787/1088 5908/11788/1088 5906/11789/1088
f 5911/11790/1082 5903/11791/1082 5906/11792/1082 5908/11793/1082
f 5909/11794/1259 6280/11795/1259 5910/11796/1259 5908/11797/1259
f 5912/11798/1071 5911/11799/1071 5908/11800/1071 5910/11801/1071
f 5914/11802/1036 5913/11803/1036 5911/11804/1036 5912/11805/1036
f 5913/11806/1086 5901/11807/1086 5903/11791/1086 5911/11790/1086
f 5916/11808/1074 5915/11809/1074 5913/11810/1074 5914/11811/1074
f 5915/11812/1082 5899/11813/1082 5901/11807/1082 5913/11806/1082
f 5918/11814/1084 5917/11815/1084 5915/11816/1084 5916/11817/1084
f 5917/11818/1084 5897/11819/1084 5899/11813/1084 5915/11812/1084
f 5920/11820/1072 5919/11821/1072 5917/11815/1072 5918/11814/1072
f 5919/11822/1082 5895/11823/1082 5897/11819/1082 5917/11818/1082
f 5922/11824/1036 5921/11825/1036 5919/11821/1036 5920/11820/1036
f 5921/11826/1036 5893/11827/1036 5895/11823/1036 5919/11822/1036
f 5924/11828/1074 5923/11829/1074 5921/11825/1074 5922/11824/1074
f 5923/11830/1082 5891/11831/1082 5893/11827/1082 5921/11826/1082
f 5926/11832/1062 5925/11833/1062 5923/11834/1062 5924/11835/1062
f 5925/11836/1076 5889/11837/1076 5891/11831/1076 5923/11838/1076
f 5928/11839/1072 5927/11840/1072 5925/11841/1072 5926/11842/1072
f 5927/11843/1082 5887/11844/1082 5889/11845/1082 5925/11846/1082
f 5930/11847/1128 5929/11848/1128 5927/11849/1128 5928/11850/1128
f 5929/11851/1129 5885/11852/1129 5887/11853/1129 5927/11854/1129
f 5931/11855/1130 5930/11856/1130 5928/11857/1130 5933/11858/1130
f 5932/11859/1131 5931/11860/1131 5933/11861/1131 5934/11862/1131
f 5934/11863/1059 5933/11864/1059 5935/11865/1059 5936/11866/1059
f 5933/11867/1069 5928/11868/1069 5926/11869/1069 5935/11870/1069
f 5936/11871/1061 5935/11872/1061 5937/11873/1061 5938/11874/1061
f 5935/11875/1062 5926/11876/1062 5924/11877/1062 5937/11878/1062
f 5938/11874/1059 5937/11873/1059 5939/11879/1059 5940/11880/1059
f 5937/11878/1069 5924/11881/1069 5922/11882/1069 5939/11883/1069
f 5940/11884/1036 5939/11879/1036 5941/11885/1036 5942/11886/1036
f 5939/11887/1036 5922/11888/1036 5920/11889/1036 5941/11890/1036
f 5942/11886/1059 5941/11885/1059 5943/11891/1059 5944/11892/1059
f 5941/11890/1069 5920/11893/1069 5918/11894/1069 5943/11895/1069
f 5944/11892/1047 5943/11891/1047 5945/11896/1047 5946/11897/1047
f 5943/11898/1157 5918/11899/1157 5916/11900/1157 5945/11901/1157
f 5946/11902/1059 5945/11896/1059 5947/11903/1059 5948/11904/1059
f 5945/11901/1075 5916/11900/1075 5914/11905/1075 5947/11906/1075
f 5948/11907/1036 5947/11903/1036 5949/11908/1036 5950/11909/1036
f 5947/11906/1036 5914/11905/1036 5912/11910/1036 5949/11911/1036
f 5950/11912/1059 5949/11908/1059 5951/11913/1059 5953/11914/1059
f 5949/11911/1069 5912/11915/1069 5910/11916/1069 5951/11917/1069
f 6280/11918/1260 5952/11919/1260 5951/11920/1260 5910/11921/1260
f 5952/11922/1261 5954/11923/1261 5953/11924/1261 5951/11925/1261
f 5954/11926/1262 5956/11927/1262 5955/11928/1262 5953/11929/1262
f 5958/11930/1060 5950/11931/1060 5953/11932/1060 5955/11933/1060
f 5956/11934/1052 6279/11935/1052 5957/11936/1052 5955/11937/1052
f 5959/11938/1053 5958/11939/1053 5955/11940/1053 5957/11941/1053
f 5961/11942/1036 5960/11943/1036 5958/11939/1036 5959/11938/1036
f 5960/11944/1065 5948/11945/1065 5950/11931/1065 5958/11930/1065
f 5963/11946/1053 5962/11947/1053 5960/11948/1053 5961/11942/1053
f 5962/11949/1060 5946/11950/1060 5948/11951/1060 5960/11944/1060
f 5965/11952/1047 5964/11953/1047 5962/11954/1047 5963/11946/1047
f 5964/11955/1064 5944/11956/1064 5946/11957/1064 5962/11949/1064
f 5967/11958/1053 5966/11959/1053 5964/11953/1053 5965/11952/1053
f 5966/11960/1060 5942/11961/1060 5944/11956/1060 5964/11955/1060
f 5969/11962/1036 5968/11963/1036 5966/11959/1036 5967/11958/1036
f 5968/11964/1036 5940/11965/1036 5942/11961/1036 5966/11960/1036
f 5971/11966/1053 5970/11967/1053 5968/11963/1053 5969/11962/1053
f 5970/11968/1060 5938/11969/1060 5940/11970/1060 5968/11964/1060
f 5973/11971/1046 5972/11972/1046 5970/11973/1046 5971/11974/1046
f 5972/11975/1165 5936/11976/1165 5938/11969/1165 5970/11968/1165
f 5975/11977/1053 5974/11978/1053 5972/11979/1053 5973/11980/1053
f 5974/11981/1060 5934/11982/1060 5936/11983/1060 5972/11984/1060
f 5977/11985/1145 5976/11986/1145 5974/11987/1145 5975/11988/1145
f 5976/11989/1263 5932/11990/1263 5934/11991/1263 5974/11992/1263
f 5978/11993/1147 5977/11994/1147 5975/11995/1147 5980/11996/1147
f 5979/11997/1148 5978/11998/1148 5980/11999/1148 5981/12000/1148
f 5981/12001/1045 5980/12002/1045 5982/12003/1045 5983/12004/1045
f 5980/12005/1051 5975/12006/1051 5973/12007/1051 5982/12008/1051
f 5983/12009/1046 5982/12010/1046 5984/12011/1046 5985/12012/1046
f 5982/12013/1046 5973/12014/1046 5971/12015/1046 5984/12016/1046
f 5985/12012/1045 5984/12011/1045 5986/12017/1045 5987/12018/1045
f 5984/12019/1051 5971/12020/1051 5969/12021/1051 5986/12022/1051
f 5987/12018/1036 5986/12017/1036 5988/12023/1036 5989/12024/1036
f 5986/12025/1036 5969/12026/1036 5967/12027/1036 5988/12028/1036
f 5989/12024/1045 5988/12023/1045 5990/12029/1045 5991/12030/1045
f 5988/12031/1051 5967/12032/1051 5965/12033/1051 5990/12034/1051
f 5991/12035/1047 5990/12029/1047 5992/12036/1047 5993/12037/1047
f 5990/12034/1047 5965/12033/1047 5963/12038/1047 5992/12039/1047
f 5993/12037/1045 5992/12036/1045 5994/12040/1045 5995/12041/1045
f 5992/12039/1051 5963/12042/1051 5961/12043/1051 5994/12044/1051
f 5995/12041/1054 5994/12040/1054 5996/12045/1054 5997/12046/1054
f 5994/12044/1036 5961/12047/1036 5959/12048/1036 5996/12049/1036
f 5997/12046/1045 5996/12045/1045 5998/12050/1045 6000/12051/1045
f 5996/12049/1051 5959/12048/1051 5957/12052/1051 5998/12053/1051
f 6279/12054/1050 5999/12055/1050 5998/12056/1050 5957/12057/1050
f 5999/12058/1264 6001/12059/1264 6000/12060/1264 5998/12061/1264
f 6001/12062/1265 6003/12063/1265 6002/12064/1265 6000/12065/1265
f 6005/12066/1044 5997/12067/1044 6000/12068/1044 6002/12069/1044
f 6003/12070/1245 6278/12071/1245 6004/12072/1245 6002/12073/1245
f 6006/12074/1241 6005/12075/1241 6002/12076/1241 6004/12077/1241
f 6008/12078/1036 6007/12079/1036 6005/12075/1036 6006/12074/1036
f 6007/12080/1036 5995/12081/1036 5997/12067/1036 6005/12066/1036
f 6010/12082/1241 6009/12083/1241 6007/12079/1241 6008/12078/1241
f 6009/12084/1044 5993/12085/1044 5995/12081/1044 6007/12080/1044
f 6012/12086/1047 6011/12087/1047 6009/12083/1047 6010/12082/1047
f 6011/12088/1047 5991/12089/1047 5993/12085/1047 6009/12084/1047
f 6014/12090/1241 6013/12091/1241 6011/12087/1241 6012/12086/1241
f 6013/12092/1044 5989/12093/1044 5991/12089/1044 6011/12088/1044
f 6016/12094/1036 6015/12095/1036 6013/12091/1036 6014/12090/1036
f 6015/12096/1036 5987/12097/1036 5989/12093/1036 6013/12092/1036
f 6018/12098/1241 6017/12099/1241 6015/12095/1241 6016/12094/1241
f 6017/12100/1044 5985/12101/1044 5987/12097/1044 6015/12096/1044
f 6020/12102/1046 6019/12103/1046 6017/12099/1046 6018/12098/1046
f 6019/12104/1046 5983/12105/1046 5985/12101/1046 6017/12100/1046
f 6022/12106/1241 6021/12107/1241 6019/12108/1241 6020/12109/1241
f 6021/12110/1044 5981/12111/1044 5983/12112/1044 6019/12113/1044
f 6024/12114/1158 6023/12115/1158 6021/12116/1158 6022/12117/1158
f 6023/12118/1159 5979/12119/1159 5981/12120/1159 6021/12121/1159
f 6025/12122/1160 6024/12123/1160 6022/12124/1160 6027/12125/1160
f 6026/12126/1266 6025/12127/1266 6027/12128/1266 6028/12129/1266
f 6028/12130/1235 6027/12131/1235 6029/12132/1235 6030/12133/1235
f 6027/12134/1242 6022/12135/1242 6020/12136/1242 6029/12137/1242
f 6030/12138/1046 6029/12139/1046 6031/12140/1046 6032/12141/1046
f 6029/12142/1046 6020/12143/1046 6018/12144/1046 6031/12145/1046
f 6032/12141/1235 6031/12140/1235 6033/12146/1235 6034/12147/1235
f 6031/12145/1242 6018/12144/1242 6016/12148/1242 6033/12149/1242
f 6034/12150/1036 6033/12151/1036 6035/12152/1036 6036/12153/1036
f 6033/12149/1036 6016/12148/1036 6014/12154/1036 6035/12155/1036
f 6036/12153/1235 6035/12152/1235 6037/12156/1235 6038/12157/1235
f 6035/12155/1242 6014/12154/1242 6012/12158/1242 6037/12159/1242
f 6038/12157/1134 6037/12156/1134 6039/12160/1134 6040/12161/1134
f 6037/12159/1047 6012/12158/1047 6010/12162/1047 6039/12163/1047
f 6040/12161/1235 6039/12160/1235 6041/12164/1235 6042/12165/1235
f 6039/12163/1242 6010/12162/1242 6008/12166/1242 6041/12167/1242
f 6042/12165/1065 6041/12164/1065 6043/12168/1065 6044/12169/1065
f 6041/12167/1054 6008/12166/1054 6006/12170/1054 6043/12171/1054
f 6044/12169/1235 6043/12168/1235 6045/12172/1235 6047/12173/1235
f 6043/12171/1242 6006/12170/1242 6004/12174/1242 6045/12175/1242
f 6278/12176/1267 6046/12177/1267 6045/12178/1267 6004/12179/1267
f 6046/12180/1268 6048/12181/1268 6047/12182/1268 6045/12183/1268
f 6048/12184/1232 6050/12185/1232 6049/12186/1232 6047/12187/1232
f 6052/12188/1233 6044/12189/1233 6047/12190/1233 6049/12191/1233
f 6050/12192/1269 6277/12193/1269 6051/12194/1269 6049/12195/1269
f 6053/12196/1225 6052/12197/1225 6049/12198/1225 6051/12199/1225
f 6055/12200/1036 6054/12201/1036 6052/12202/1036 6053/12196/1036
f 6054/12203/1036 6042/12204/1036 6044/12205/1036 6052/12206/1036
f 6057/12207/1225 6056/12208/1225 6054/12201/1225 6055/12200/1225
f 6056/12209/1233 6040/12210/1233 6042/12211/1233 6054/12212/1233
f 6059/12213/1134 6058/12214/1134 6056/12208/1134 6057/12207/1134
f 6058/12215/1047 6038/12216/1047 6040/12217/1047 6056/12218/1047
f 6061/12219/1225 6060/12220/1225 6058/12214/1225 6059/12213/1225
f 6060/12221/1233 6036/12222/1233 6038/12216/1233 6058/12215/1233
f 6063/12223/1036 6062/12224/1036 6060/12220/1036 6061/12219/1036
f 6062/12225/1036 6034/12226/1036 6036/12227/1036 6060/12228/1036
f 6065/12229/1225 6064/12230/1225 6062/12224/1225 6063/12223/1225
f 6064/12231/1236 6032/12232/1236 6034/12233/1236 6062/12234/1236
f 6067/12235/1084 6066/12236/1084 6064/12230/1084 6065/12229/1084
f 6066/12237/1126 6030/12238/1126 6032/12239/1126 6064/12240/1126
f 6069/12241/1225 6068/12242/1225 6066/12243/1225 6067/12244/1225
f 6068/12245/1233 6028/12246/1233 6030/12247/1233 6066/12248/1233
f 6071/12249/1175 6070/12250/1175 6068/12251/1175 6069/12252/1175
f 6070/12253/1176 6026/12254/1176 6028/12255/1176 6068/12256/1176
f 6072/12257/1177 6071/12258/1177 6069/12259/1177 6074/12260/1177
f 6073/12261/1178 6072/12262/1178 6074/12263/1178 6075/12264/1178
f 6075/12265/1217 6074/12266/1217 6076/12267/1217 6077/12268/1217
f 6074/12269/1226 6069/12270/1226 6067/12271/1226 6076/12272/1226
f 6077/12273/1084 6076/12274/1084 6078/12275/1084 6079/12276/1084
f 6076/12277/1084 6067/12278/1084 6065/12279/1084 6078/12280/1084
f 6079/12281/1217 6078/12282/1217 6080/12283/1217 6081/12284/1217
f 6078/12280/1270 6065/12279/1270 6063/12285/1270 6080/12286/1270
f 6081/12287/1036 6080/12288/1036 6082/12289/1036 6083/12290/1036
f 6080/12286/1036 6063/12285/1036 6061/12291/1036 6082/12292/1036
f 6083/12290/1217 6082/12293/1217 6084/12294/1217 6085/12295/1217
f 6082/12292/1226 6061/12291/1226 6059/12296/1226 6084/12297/1226
f 6085/12298/1076 6084/12299/1076 6086/12300/1076 6087/12301/1076
f 6084/12297/1134 6059/12296/1134 6057/12302/1134 6086/12303/1134
f 6087/12304/1217 6086/12305/1217 6088/12306/1217 6089/12307/1217
f 6086/12303/1228 6057/12302/1228 6055/12308/1228 6088/12309/1228
f 6089/12307/1036 6088/12310/1036 6090/12311/1036 6091/12312/1036
f 6088/12309/1054 6055/12308/1054 6053/12313/1054 6090/12314/1054
f 6091/12315/1217 6090/12316/1217 6092/12317/1217 6094/12318/1217
f 6090/12314/1229 6053/12313/1229 6051/12319/1229 6092/12320/1229
f 6277/12321/1271 6093/12322/1271 6092/12323/1271 6051/12324/1271
f 6093/12325/1216 6095/12326/1216 6094/12327/1216 6092/12328/1216
f 6095/12329/1272 6097/12330/1272 6096/12331/1272 6094/12332/1272
f 6099/12333/1215 6091/12334/1215 6094/12335/1215 6096/12336/1215
f 6097/12337/1213 6276/12338/1213 6098/12339/1213 6096/12340/1213
f 6100/12341/1209 6099/12342/1209 6096/12343/1209 6098/12344/1209
f 6102/12345/1183 6101/12346/1183 6099/12342/1183 6100/12341/1183
f 6101/12347/1036 6089/12348/1036 6091/12334/1036 6099/12333/1036
f 6104/12349/1209 6103/12350/1209 6101/12346/1209 6102/12345/1209
f 6103/12351/1219 6087/12352/1219 6089/12348/1219 6101/12347/1219
f 6106/12353/1076 6105/12354/1076 6103/12350/1076 6104/12349/1076
f 6105/12355/1076 6085/12356/1076 6087/12352/1076 6103/12351/1076
f 6108/12357/1209 6107/12358/1209 6105/12354/1209 6106/12353/1209
f 6107/12359/1215 6083/12360/1215 6085/12356/1215 6105/12355/1215
f 6110/12361/1036 6109/12362/1036 6107/12358/1036 6108/12357/1036
f 6109/12363/1036 6081/12364/1036 6083/12360/1036 6107/12359/1036
f 6112/12365/1209 6111/12366/1209 6109/12367/1209 6110/12361/1209
f 6111/12368/1215 6079/12369/1215 6081/12364/1215 6109/12363/1215
f 6114/12370/1084 6113/12371/1084 6111/12372/1084 6112/12365/1084
f 6113/12373/1084 6077/12374/1084 6079/12369/1084 6111/12375/1084
f 6116/12376/1209 6115/12377/1209 6113/12378/1209 6114/12379/1209
f 6115/12380/1215 6075/12381/1215 6077/12382/1215 6113/12383/1215
f 6118/12384/1193 6117/12385/1193 6115/12386/1193 6116/12387/1193
f 6117/12388/1194 6073/12389/1194 6075/12390/1194 6115/12391/1194
f 6119/12392/1195 6118/12393/1195 6116/12394/1195 6121/12395/1195
f 6120/12396/1196 6119/12397/1196 6121/12398/1196 6122/12399/1196
f 6122/12400/1205 6121/12401/1205 6123/12402/1205 6124/12403/1205
f 6121/12404/1210 6116/12405/1210 6114/12406/1210 6123/12407/1210
f 6124/12408/1084 6123/12409/1084 6125/12410/1084 6126/12411/1084
f 6123/12412/1084 6114/12413/1084 6112/12414/1084 6125/12415/1084
f 6126/12416/1205 6125/12410/1205 6127/12417/1205 6128/12418/1205
f 6125/12415/1273 6112/12414/1273 6110/12419/1273 6127/12420/1273
f 6128/12418/1036 6127/12417/1036 6129/12421/1036 6130/12422/1036
f 6127/12420/1036 6110/12419/1036 6108/12423/1036 6129/12424/1036
f 6130/12422/1205 6129/12421/1205 6131/12425/1205 6132/12426/1205
f 6129/12424/1211 6108/12423/1211 6106/12427/1211 6131/12428/1211
f 6132/12426/1076 6131/12425/1076 6133/12429/1076 6134/12430/1076
f 6131/12428/1076 6106/12427/1076 6104/12431/1076 6133/12432/1076
f 6134/12430/1205 6133/12429/1205 6135/12433/1205 6136/12434/1205
f 6133/12432/1211 6104/12435/1211 6102/12436/1211 6135/12437/1211
f 6136/12438/1183 6135/12433/1183 6137/12439/1183 6138/12440/1183
f 6135/12437/1183 6102/12436/1183 6100/12441/1183 6137/12442/1183
f 6138/12440/1205 6137/12439/1205 6139/12443/1205 6141/12444/1205
f 6137/12442/1211 6100/12441/1211 6098/12445/1211 6139/12446/1211
f 6276/12447/1274 6140/12448/1274 6139/12446/1274 6098/12445/1274
f 6140/12449/1275 6142/12450/1275 6141/12444/1275 6139/12443/1275
f 6142/12451/1203 6144/12452/1203 6143/12453/1203 6141/12454/1203
f 6146/12455/1039 6138/12456/1039 6141/12454/1039 6143/12453/1039
f 6144/12457/1202 6275/12458/1202 6145/12459/1202 6143/12460/1202
f 6147/12461/1197 6146/12462/1197 6143/12460/1197 6145/12459/1197
f 6149/12463/1183 6148/12464/1183 6146/12462/1183 6147/12461/1183
f 6148/12465/1183 6136/12466/1183 6138/12456/1183 6146/12455/1183
f 6151/12467/1197 6150/12468/1197 6148/12464/1197 6149/12463/1197
f 6150/12469/1039 6134/12470/1039 6136/12466/1039 6148/12465/1039
f 6153/12471/1076 6152/12472/1076 6150/12468/1076 6151/12467/1076
f 6152/12473/1076 6132/12474/1076 6134/12470/1076 6150/12469/1076
f 6155/12475/1197 6154/12476/1197 6152/12472/1197 6153/12471/1197
f 6154/12477/1039 6130/12478/1039 6132/12474/1039 6152/12473/1039
f 6157/12479/1036 6156/12480/1036 6154/12476/1036 6155/12475/1036
f 6156/12481/1036 6128/12482/1036 6130/12478/1036 6154/12477/1036
f 6159/12483/1197 6158/12484/1197 6156/12480/1197 6157/12479/1197
f 6158/12485/1039 6126/12486/1039 6128/12482/1039 6156/12481/1039
f 6161/12487/1084 6160/12488/1084 6158/12484/1084 6159/12483/1084
f 6160/12489/1084 6124/12490/1084 6126/12486/1084 6158/12485/1084
f 6163/12491/1197 6162/12492/1197 6160/12493/1197 6161/12494/1197
f 6162/12495/1039 6122/12496/1039 6124/12497/1039 6160/12498/1039
f 6165/12499/1206 6164/12500/1206 6162/12501/1206 6163/12502/1206
f 6164/12503/1039 6120/12504/1039 6122/12505/1039 6162/12506/1039
f 6166/12507/1207 6165/12508/1207 6163/12509/1207 6168/12510/1207
f 6167/12511/1208 6166/12512/1208 6168/12513/1208 6169/12514/1208
f 6169/12515/1190 6168/12516/1190 6170/12517/1190 6171/12518/1190
f 6168/12519/1198 6163/12520/1198 6161/12521/1198 6170/12522/1198
f 6171/12523/1084 6170/12524/1084 6172/12525/1084 6173/12526/1084
f 6170/12527/1084 6161/12528/1084 6159/12529/1084 6172/12530/1084
f 6173/12526/1190 6172/12525/1190 6174/12531/1190 6175/12532/1190
f 6172/12530/1200 6159/12529/1200 6157/12533/1200 6174/12534/1200
f 6175/12532/1036 6174/12531/1036 6176/12535/1036 6177/12536/1036
f 6174/12534/1036 6157/12533/1036 6155/12537/1036 6176/12538/1036
f 6177/12536/1190 6176/12535/1190 6178/12539/1190 6179/12540/1190
f 6176/12538/1199 6155/12537/1199 6153/12541/1199 6178/12542/1199
f 6179/12540/1076 6178/12539/1076 6180/12543/1076 6181/12544/1076
f 6178/12542/1076 6153/12541/1076 6151/12545/1076 6180/12546/1076
f 6181/12544/1190 6180/12543/1190 6182/12547/1190 6183/12548/1190
f 6180/12546/1199 6151/12545/1199 6149/12549/1199 6182/12550/1199
f 6183/12548/1276 6182/12547/1276 6184/12551/1276 6185/12552/1276
f 6182/12550/1183 6149/12549/1183 6147/12553/1183 6184/12554/1183
f 6185/12552/1189 6184/12551/1189 6186/12555/1189 6188/12556/1189
f 6184/12554/1199 6147/12553/1199 6145/12557/1199 6186/12558/1199
f 6275/12559/1277 6187/12560/1277 6186/12558/1277 6145/12557/1277
f 6187/12561/1188 6189/12562/1188 6188/12563/1188 6186/12564/1188
f 6189/12565/1186 6191/12566/1186 6190/12567/1186 6188/12568/1186
f 6193/12569/1187 6185/12570/1187 6188/12571/1187 6190/12572/1187
f 6191/12573/1185 6274/12574/1185 6192/12575/1185 6190/12576/1185
f 6194/12577/1179 6193/12578/1179 6190/12579/1179 6192/12580/1179
f 6196/12581/1183 6195/12582/1183 6193/12578/1183 6194/12577/1183
f 6195/12583/1183 6183/12584/1183 6185/12570/1183 6193/12569/1183
f 6198/12585/1179 6197/12586/1179 6195/12582/1179 6196/12581/1179
f 6197/12587/1191 6181/12588/1191 6183/12584/1191 6195/12583/1191
f 6200/12589/1076 6199/12590/1076 6197/12586/1076 6198/12585/1076
f 6199/12591/1038 6179/12592/1038 6181/12588/1038 6197/12587/1038
f 6202/12593/1179 6201/12594/1179 6199/12590/1179 6200/12589/1179
f 6201/12595/1187 6177/12596/1187 6179/12597/1187 6199/12598/1187
f 6204/12599/1036 6203/12600/1036 6201/12594/1036 6202/12593/1036
f 6203/12601/1036 6175/12602/1036 6177/12603/1036 6201/12595/1036
f 6206/12604/1179 6205/12605/1179 6203/12600/1179 6204/12599/1179
f 6205/12606/1187 6173/12607/1187 6175/12602/1187 6203/12601/1187
f 6208/12608/1064 6207/12609/1064 6205/12605/1064 6206/12604/1064
f 6207/12610/1084 6171/12611/1084 6173/12607/1084 6205/12606/1084
f 6210/12612/1179 6209/12613/1179 6207/12614/1179 6208/12615/1179
f 6209/12616/1187 6169/12617/1187 6171/12618/1187 6207/12619/1187
f 6212/12620/1221 6211/12621/1221 6209/12622/1221 6210/12623/1221
f 6211/12624/1222 6167/12625/1222 6169/12626/1222 6209/12627/1222
f 6213/12628/1278 6212/12629/1278 6210/12630/1278 6215/12631/1278
f 6214/12632/1279 6213/12633/1279 6215/12634/1279 6216/12635/1279
f 6216/12636/1172 6215/12637/1172 6217/12638/1172 6218/12639/1172
f 6215/12640/1280 6210/12641/1280 6208/12642/1280 6217/12643/1280
f 6218/12644/1084 6217/12645/1084 6219/12646/1084 6220/12647/1084
f 6217/12648/1064 6208/12649/1064 6206/12650/1064 6219/12651/1064
f 6220/12652/1172 6219/12653/1172 6221/12654/1172 6222/12655/1172
f 6219/12651/1281 6206/12656/1281 6204/12657/1281 6221/12658/1281
f 6222/12659/1036 6221/12660/1036 6223/12661/1036 6224/12662/1036
f 6221/12658/1036 6204/12657/1036 6202/12663/1036 6223/12664/1036
f 6224/12662/1172 6223/12665/1172 6225/12666/1172 6226/12667/1172
f 6223/12664/1180 6202/12663/1180 6200/12668/1180 6225/12669/1180
f 6226/12670/1062 6225/12671/1062 6227/12672/1062 6228/12673/1062
f 6225/12669/1038 6200/12668/1038 6198/12674/1038 6227/12675/1038
f 6228/12673/1282 6227/12672/1282 6229/12676/1282 6230/12677/1282
f 6227/12675/1181 6198/12674/1181 6196/12678/1181 6229/12679/1181
f 6230/12677/1183 6229/12676/1183 6231/12680/1183 6232/12681/1183
f 6229/12679/1036 6196/12678/1036 6194/12682/1036 6231/12683/1036
f 6232/12684/1283 6231/12685/1283 6233/12686/1283 6235/12687/1283
f 6231/12683/1281 6194/12682/1281 6192/12688/1281 6233/12689/1281
f 6274/12690/1184 6234/12691/1184 6233/12692/1184 6192/12693/1184
f 6234/12694/1284 6236/12695/1284 6235/12696/1284 6233/12697/1284
f 6236/12698/1285 6238/12699/1285 6237/12700/1285 6235/12701/1285
f 6240/12702/1286 6232/12703/1286 6235/12704/1286 6237/12705/1286
f 6238/12706/1287 6273/12707/1287 6239/12708/1287 6237/12709/1287
f 6241/12710/1162 6240/12711/1162 6237/12712/1162 6239/12713/1162
f 6243/12714/1183 6242/12715/1183 6240/12711/1183 6241/12710/1183
f 6242/12716/1095 6230/12717/1095 6232/12703/1095 6240/12702/1095
f 6245/12718/1162 6244/12719/1162 6242/12715/1162 6243/12714/1162
f 6244/12720/1288 6228/12721/1288 6230/12717/1288 6242/12716/1288
f 6247/12722/1061 6246/12723/1061 6244/12719/1061 6245/12718/1061
f 6246/12724/1062 6226/12725/1062 6228/12721/1062 6244/12720/1062
f 6249/12726/1162 6248/12727/1162 6246/12723/1162 6247/12722/1162
f 6248/12728/1286 6224/12729/1286 6226/12725/1286 6246/12724/1286
f 6251/12730/1036 6250/12731/1036 6248/12727/1036 6249/12726/1036
f 6250/12732/1036 6222/12733/1036 6224/12729/1036 6248/12728/1036
f 6253/12734/1162 6252/12735/1162 6250/12731/1162 6251/12730/1162
f 6252/12736/1170 6220/12737/1170 6222/12733/1170 6250/12732/1170
f 6255/12738/1047 6254/12739/1047 6252/12735/1047 6253/12740/1047
f 6254/12741/1047 6218/12742/1047 6220/12737/1047 6252/12736/1047
f 6257/12743/1162 6256/12744/1162 6254/12745/1162 6255/12746/1162
f 6256/12747/1170 6216/12748/1170 6218/12749/1170 6254/12750/1170
f 6259/12751/1237 6258/12752/1237 6256/12753/1237 6257/12754/1237
f 6258/12755/1238 6214/12756/1238 6216/12757/1238 6256/12758/1238
f 6260/12759/1239 6259/12760/1239 6257/12761/1239 6261/12762/1239
f 5686/12763/1240 6260/12764/1240 6261/12765/1240 5689/12766/1240
f 5689/12767/1156 6261/12768/1156 6262/12769/1156 5692/12770/1156
f 6261/12771/1163 6257/12772/1163 6255/12773/1163 6262/12774/1163
f 5692/12775/1047 6262/12776/1047 6263/12777/1047 5695/12778/1047
f 6262/12779/1063 6255/12780/1063 6253/12781/1063 6263/12782/1063
f 5695/12783/1156 6263/12777/1156 6264/12784/1156 5698/12785/1156
f 6263/12782/1163 6253/12781/1163 6251/12786/1163 6264/12787/1163
f 5698/12788/1036 6264/12784/1036 6265/12789/1036 5701/12790/1036
f 6264/12787/1036 6251/12786/1036 6249/12791/1036 6265/12792/1036
f 5701/12793/1156 6265/12794/1156 6266/12795/1156 5704/12796/1156
f 6265/12792/1163 6249/12791/1163 6247/12797/1163 6266/12798/1163
f 5704/12796/1046 6266/12795/1046 6267/12799/1046 5707/12800/1046
f 6266/12798/1046 6247/12801/1046 6245/12802/1046 6267/12803/1046
f 5707/12804/1156 6267/12805/1156 6268/12806/1156 5710/12807/1156
f 6267/12803/1163 6245/12802/1163 6243/12808/1163 6268/12809/1163
f 5710/12810/1036 6268/12811/1036 6269/12812/1036 5713/12813/1036
f 6268/12809/1095 6243/12808/1095 6241/12814/1095 6269/12815/1095
f 5713/12813/1156 6269/12812/1156 6270/12816/1156 5717/12817/1156
f 6269/12818/1163 6241/12814/1163 6239/12819/1163 6270/12820/1163
f 6273/12821/1167 6271/12822/1167 6270/12823/1167 6239/12824/1167
f 6271/12825/1155 6272/12826/1155 5717/12827/1155 6270/12828/1155
f 5716/12829/1038 6272/12830/1038 6271/12831/1038 6273/12832/1038 6238/12833/1038 6236/12834/1038 6234/12835/1038 6274/12836/1038 6191/12837/1038 6189/12838/1038 6187/12839/1038 6275/12840/1038 6144/12841/1038 6142/12842/1038 6140/12843/1038 6276/12844/1038 6097/12845/1038 6095/12846/1038 6093/12847/1038 6277/12848/1038 6050/12849/1038 6048/12850/1038 6046/12851/1038 6278/12852/1038 6003/12853/1038 6001/12854/1038 5999/12855/1038 6279/12856/1038 5956/12857/1038 5954/12858/1038 5952/12859/1038 6280/12860/1038 5909/12861/1038 5907/12862/1038 5905/12863/1038 6281/12864/1038 5862/12865/1038 5860/12866/1038 5858/12867/1038 6282/12868/1038 5815/12869/1038 5813/12870/1038 5811/12871/1038 6283/12872/1038 5768/12873/1038 5766/12874/1038 5764/12875/1038 6284/12876/1038 5721/12877/1038 5719/12878/1038
s 1
f 3207/12879/1289 3209/12880/1290 3210/12881/1291 3208/12882/1292
f 3209/12883/1290 3211/12884/1293 3212/12885/1294 3210/12886/1291
f 3211/12887/1293 3213/12888/1295 3214/12889/1296 3212/12890/1294
f 3213/12891/1295 3215/12892/1297 3216/12893/1298 3214/12894/1296
f 3215/12895/1297 3388/12896/1299 3217/12897/1300 3216/12898/1298
f 3388/12899/1299 3218/12900/1301 3219/12901/1302 3217/12902/1300
f 3218/12903/1301 3220/12904/1303 3221/12905/1304 3219/12906/1302
f 3220/12907/1303 3222/12908/1305 3223/12909/1306 3221/12910/1304
f 3222/12911/1305 3224/12912/1307 3225/12913/1308 3223/12914/1306
f 3224/12915/1307 3226/12916/1309 3227/12917/1310 3225/12918/1308
f 3226/12919/1309 3389/12920/1311 3228/12921/1312 3227/12922/1310
f 3389/12923/1311 3390/12924/1313 3229/12925/1314 3228/12926/1312
f 3390/12927/1313 3230/12928/1315 3406/12929/1316 3229/12930/1314
f 3230/12931/1315 3231/12932/1317 3232/12933/1318 3406/12934/1316
f 3231/12935/1317 3233/12936/1319 3234/12937/1320 3232/12938/1318
f 3233/12939/1319 3235/12940/1321 3405/12941/1322 3234/12942/1320
f 3235/12943/1321 3391/12944/1323 3236/12945/1324 3405/12946/1322
f 3391/12947/1323 3237/12948/1325 3404/12949/1326 3236/12950/1324
f 3237/12951/1325 3238/12952/1327 3239/12953/1328 3404/12954/1326
f 3238/12955/1327 3240/12956/1329 3241/12957/1330 3239/12958/1328
f 3240/12959/1329 3392/12960/1331 3242/12961/1332 3241/12962/1330
f 3392/12963/1331 3243/12964/1333 3244/12965/1334 3242/12966/1332
f 3243/12967/1333 3245/12968/1335 3246/12969/1336 3244/12970/1334
f 3245/12971/1335 3247/12972/1337 3248/12973/1338 3246/12974/1336
f 3247/12975/1337 3393/12976/1339 3249/12977/1340 3248/12978/1338
f 3393/12979/1339 3250/12980/1341 3251/12981/1342 3249/12982/1340
f 3250/12983/1341 3252/12984/1343 3403/12985/1344 3251/12986/1342
f 3252/12987/1343 3253/12988/1345 3254/12989/1346 3403/12990/1344
f 3253/12991/1345 3255/12992/1347 3256/12993/1348 3254/12994/1346
f 3255/12995/1347 3257/12996/1349 3258/12997/1350 3256/12998/1348
f 3257/12999/1349 3259/13000/1351 3260/13001/1352 3258/13002/1350
f 3259/13003/1351 3261/13004/1353 3262/13005/1354 3260/13006/1352
f 3261/13007/1353 3263/13008/1355 3402/13009/1356 3262/13010/1354
f 3263/13011/1355 3264/13012/1357 3265/13013/1358 3402/13014/1356
f 3264/13015/1357 3394/13016/1359 3266/13017/1360 3265/13018/1358
f 3394/13019/1359 3267/13020/1361 3401/13021/1362 3266/13022/1360
f 3267/13023/1361 3268/13024/1363 3269/13025/1364 3401/13026/1362
f 3268/13027/1363 3395/13028/1365 3270/13029/1366 3269/13030/1364
f 3395/13031/1365 3271/13032/1367 3400/13033/1368 3270/13034/1366
f 3271/13035/1367 3272/13036/1369 3273/13037/1370 3400/13038/1368
f 3272/13039/1369 3396/13040/1371 3274/13041/1372 3273/13042/1370
f 3396/13043/1371 3275/13044/1373 3399/13045/1374 3274/13046/1372
f 3275/13047/1373 3397/13048/1375 3276/13049/1376 3399/13050/1374
f 3397/13051/1375 3277/13052/1377 3278/13053/1378 3276/13054/1376
f 3277/13055/1377 3279/13056/1379 3280/13057/1380 3278/13058/1378
f 3279/13059/1379 3281/13060/1381 3282/13061/1382 3280/13062/1380
f 3281/13063/1381 3283/13064/1383 3284/13065/1384 3282/13066/1382
f 3283/13067/1383 3398/13068/1385 3285/13069/1386 3284/13070/1384
f 3398/13071/1385 3286/13072/1387 3287/13073/1388 3285/13074/1386
f 3286/13075/1387 3207/13076/1289 3208/13077/1292 3287/13078/1388
f 3207/13079/1289 3288/13080/1389 3290/13081/1390 3209/13082/1290
f 3286/13083/1387 3291/13084/1391 3288/13085/1389 3207/13086/1289
f 3291/13087/1391 3293/13088/1392 3289/13089/1393 3288/13090/1389
f 3288/13080/1389 3289/13091/1393 3387/13092/1394 3290/13093/1390
f 3292/13094/1395 3294/13095/1396 3293/13096/1392 3291/13097/1391
f 3398/13098/1385 3292/13099/1395 3291/13097/1391 3286/13100/1387
f 3296/13101/1397 3295/13102/1398 3294/13103/1396 3292/13104/1395
f 3298/13105/1399 3297/13106/1400 3295/13107/1398 3296/13108/1397
f 3300/13109/1401 3299/13110/1402 3297/13111/1400 3298/13112/1399
f 3302/13113/1403 3301/13114/1404 3299/13115/1402 3300/13116/1401
f 3304/13117/1405 3303/13118/1406 3301/13119/1404 3302/13120/1403
f 3306/13121/1407 3305/13122/1408 3303/13123/1406 3304/13124/1405
f 3308/13125/1409 3307/13126/1410 3305/13127/1408 3306/13128/1407
f 3310/13129/1411 3309/13130/1412 3307/13131/1410 3308/13132/1409
f 3312/13133/1413 3311/13134/1414 3309/13135/1412 3310/13136/1411
f 3314/13137/1415 3313/13138/1416 3311/13139/1414 3312/13140/1413
f 3316/13141/1417 3315/13142/1418 3313/13143/1416 3314/13144/1415
f 3318/13145/1419 3317/13146/1420 3315/13147/1418 3316/13148/1417
f 3320/13149/1421 3319/13150/1422 3317/13151/1420 3318/13152/1419
f 3322/13153/1423 3321/13154/1424 3319/13155/1422 3320/13156/1421
f 3324/13157/1425 3323/13158/1426 3321/13159/1424 3322/13160/1423
f 3326/13161/1427 3325/13162/1428 3323/13163/1426 3324/13164/1425
f 3328/13165/1429 3327/13166/1430 3325/13167/1428 3326/13168/1427
f 3330/13169/1431 3329/13170/1432 3327/13171/1430 3328/13172/1429
f 3332/13173/1433 3331/13174/1434 3329/13175/1432 3330/13176/1431
f 3334/13177/1435 3333/13178/1436 3331/13179/1434 3332/13180/1433
f 3336/13181/1437 3335/13182/1438 3333/13183/1436 3334/13184/1435
f 3338/13185/1439 3337/13186/1440 3335/13187/1438 3336/13188/1437
f 3340/13189/1441 3339/13190/1442 3337/13191/1440 3338/13192/1439
f 3342/13193/1443 3341/13194/1444 3339/13195/1442 3340/13196/1441
f 3344/13197/1445 3343/13198/1446 3341/13199/1444 3342/13200/1443
f 3346/13201/1447 3345/13202/1448 3343/13203/1446 3344/13204/1445
f 3348/13205/1449 3347/13206/1450 3345/13207/1448 3346/13208/1447
f 3350/13209/1451 3349/13210/1452 3347/13211/1450 3348/13212/1449
f 3352/13213/1453 3351/13214/1454 3349/13215/1452 3350/13216/1451
f 3354/13217/1455 3353/13218/1456 3351/13219/1454 3352/13220/1453
f 3356/13221/1457 3355/13222/1458 3353/13223/1456 3354/13224/1455
f 3358/13225/1459 3357/13226/1460 3355/13227/1458 3356/13228/1457
f 3360/13229/1461 3359/13230/1462 3357/13231/1460 3358/13232/1459
f 3362/13233/1463 3361/13234/1464 3359/13235/1462 3360/13236/1461
f 3364/13237/1465 3363/13238/1466 3361/13239/1464 3362/13240/1463
f 3366/13241/1467 3365/13242/1468 3363/13243/1466 3364/13244/1465
f 3368/13245/1469 3367/13246/1470 3365/13247/1468 3366/13248/1467
f 3370/13249/1471 3369/13250/1472 3367/13251/1470 3368/13252/1469
f 3372/13253/1473 3371/13254/1474 3369/13255/1472 3370/13256/1471
f 3374/13257/1475 3373/13258/1476 3371/13259/1474 3372/13260/1473
f 3376/13261/1477 3375/13262/1478 3373/13263/1476 3374/13264/1475
f 3378/13265/1479 3377/13266/1480 3375/13267/1478 3376/13268/1477
f 3380/13269/1481 3379/13270/1482 3377/13271/1480 3378/13272/1479
f 3382/13273/1483 3381/13274/1484 3379/13275/1482 3380/13276/1481
f 3384/13277/1485 3383/13278/1486 3381/13279/1484 3382/13280/1483
f 3386/13281/1487 3385/13282/1488 3383/13283/1486 3384/13284/1485
f 3290/13285/1390 3387/13286/1394 3385/13287/1488 3386/13288/1487
f 3209/13289/1290 3290/13285/1390 3386/13290/1487 3211/13291/1293
f 3211/13292/1293 3386/13281/1487 3384/13284/1485 3213/13293/1295
f 3213/13294/1295 3384/13295/1485 3382/13296/1483 3215/13297/1297
f 3215/13298/1297 3382/13273/1483 3380/13299/1481 3388/13300/1299
f 3388/13301/1299 3380/13302/1481 3378/13303/1479 3218/13304/1301
f 3218/13305/1301 3378/13265/1479 3376/13268/1477 3220/13306/1303
f 3220/13307/1303 3376/13261/1477 3374/13308/1475 3222/13309/1305
f 3222/13310/1305 3374/13311/1475 3372/13312/1473 3224/13313/1307
f 3224/13314/1307 3372/13315/1473 3370/13316/1471 3226/13317/1309
f 3226/13318/1309 3370/13319/1471 3368/13320/1469 3389/13321/1311
f 3389/13322/1311 3368/13323/1469 3366/13324/1467 3390/13325/1313
f 3390/13326/1313 3366/13327/1467 3364/13328/1465 3230/13329/1315
f 3230/13330/1315 3364/13331/1465 3362/13332/1463 3231/13333/1317
f 3231/13334/1317 3362/13335/1463 3360/13336/1461 3233/13337/1319
f 3233/13338/1319 3360/13339/1461 3358/13232/1459 3235/13340/1321
f 3235/13341/1321 3358/13342/1459 3356/13228/1457 3391/13343/1323
f 3391/13344/1323 3356/13221/1457 3354/13224/1455 3237/13345/1325
f 3237/13346/1325 3354/13347/1455 3352/13220/1453 3238/13348/1327
f 3238/13349/1327 3352/13350/1453 3350/13216/1451 3240/13351/1329
f 3240/13352/1329 3350/13353/1451 3348/13354/1449 3392/13355/1331
f 3392/13356/1331 3348/13205/1449 3346/13357/1447 3243/13358/1333
f 3243/13359/1333 3346/13360/1447 3344/13361/1445 3245/13362/1335
f 3245/13363/1335 3344/13364/1445 3342/13365/1443 3247/13366/1337
f 3247/13367/1337 3342/13368/1443 3340/13369/1441 3393/13370/1339
f 3393/13371/1339 3340/13372/1441 3338/13373/1439 3250/13374/1341
f 3250/13375/1341 3338/13376/1439 3336/13377/1437 3252/13378/1343
f 3252/13379/1343 3336/13380/1437 3334/13381/1435 3253/13382/1345
f 3253/13383/1345 3334/13384/1435 3332/13385/1433 3255/13386/1347
f 3255/13387/1347 3332/13388/1433 3330/13389/1431 3257/13390/1349
f 3257/13391/1349 3330/13392/1431 3328/13393/1429 3259/13394/1351
f 3259/13395/1351 3328/13396/1429 3326/13397/1427 3261/13398/1353
f 3261/13399/1353 3326/13400/1427 3324/13401/1425 3263/13402/1355
f 3263/13403/1355 3324/13404/1425 3322/13405/1423 3264/13406/1357
f 3264/13407/1357 3322/13408/1423 3320/13409/1421 3394/13410/1359
f 3394/13411/1359 3320/13412/1421 3318/13413/1419 3267/13414/1361
f 3267/13415/1361 3318/13416/1419 3316/13417/1417 3268/13418/1363
f 3268/13419/1363 3316/13420/1417 3314/13421/1415 3395/13422/1365
f 3395/13423/1365 3314/13424/1415 3312/13425/1413 3271/13426/1367
f 3271/13427/1367 3312/13428/1413 3310/13136/1411 3272/13429/1369
f 3272/13430/1369 3310/13129/1411 3308/13431/1409 3396/13432/1371
f 3396/13433/1371 3308/13434/1409 3306/13128/1407 3275/13435/1373
f 3275/13436/1373 3306/13121/1407 3304/13124/1405 3397/13437/1375
f 3397/13438/1375 3304/13117/1405 3302/13120/1403 3277/13439/1377
f 3277/13440/1377 3302/13441/1403 3300/13442/1401 3279/13443/1379
f 3279/13444/1379 3300/13109/1401 3298/13445/1399 3281/13446/1381
f 3281/13447/1381 3298/13448/1399 3296/13449/1397 3283/13450/1383
f 3283/13451/1383 3296/13452/1397 3292/13453/1395 3398/13454/1385
f 3210/13455/1291 3212/13456/1294 3214/13457/1296 3216/13458/1298 3217/13459/1300 3219/13460/1302 3221/13461/1304 3223/13462/1306 3225/13463/1308 3227/13464/1310 3228/13465/1312 3229/13466/1314 3406/13467/1316 3232/13468/1318 3234/13469/1320 3405/13470/1322 3236/13471/1324 3404/13472/1326 3239/13473/1328 3241/13474/1330 3242/13475/1332 3244/13476/1334 3246/13477/1336 3248/13478/1338 3249/13479/1340 3251/13480/1342 3403/13481/1344 3254/13482/1346 3256/13483/1348 3258/13484/1350 3260/13485/1352 3262/13486/1354 3402/13487/1356 3265/13488/1358 3266/13489/1360 3401/13490/1362 3269/13491/1364 3270/13492/1366 3400/13493/1368 3273/13494/1370 3274/13495/1372 3399/13496/1374 3276/13497/1376 3278/13498/1378 3280/13499/1380 3282/13500/1382 3284/13501/1384 3285/13502/1386 3287/13503/1388 3208/13504/1292
f 3410/13505/1489 3412/13506/1490 3408/13507/1491 3407/13508/1492
f 3408/13509/1491 3407/13510/1492 3409/13511/1493 3563/13512/1494 3560/13513/1495 3557/13514/1496 3532/13515/1497 3531/13516/1498 3530/13517/1499 3529/13518/1500 3528/13519/1501 3527/13520/1502 3526/13521/1503 3525/13522/1504 3524/13523/1505 3523/13524/1506 3522/13525/1507 3521/13526/1508 3520/13527/1509 3519/13528/1510 3518/13529/1511 3517/13530/1512 3516/13531/1513 3515/13532/1514 3514/13533/1515 3513/13534/1516 3512/13535/1517 3511/13536/1518 3510/13537/1519
f 3413/13538/1520 3410/13539/1489 3407/13540/1492 3409/13541/1493
f 3413/13542/1520 3415/13543/1521 3411/13544/1522 3410/13545/1489
f 3410/13546/1489 3411/13547/1522 3509/13548/1523 3412/13549/1490
f 3414/13550/1524 3416/13551/1525 3415/13552/1521 3413/13553/1520
f 3414/13554/1524 3413/13555/1520 3409/13556/1493 3556/13557/1526
f 3418/13558/1527 3417/13559/1528 3416/13560/1525 3414/13561/1524
f 3420/13562/1529 3419/13563/1530 3417/13564/1528 3418/13565/1527
f 3422/13566/1531 3421/13567/1532 3419/13568/1530 3420/13569/1529
f 3424/13570/1533 3423/13571/1534 3421/13572/1532 3422/13573/1531
f 3426/13574/1535 3425/13575/1536 3423/13576/1534 3424/13577/1533
f 3428/13578/1537 3427/13579/1538 3425/13580/1536 3426/13581/1535
f 3430/13582/1539 3429/13583/1540 3427/13584/1538 3428/13585/1537
f 3432/13586/1541 3431/13587/1542 3429/13588/1540 3430/13589/1539
f 3434/13590/1543 3433/13591/1544 3431/13592/1542 3432/13593/1541
f 3436/13594/1545 3435/13595/1546 3433/13596/1544 3434/13597/1543
f 3438/13598/1547 3437/13599/1548 3435/13600/1546 3436/13601/1545
f 3440/13602/1549 3439/13603/1550 3437/13604/1548 3438/13605/1547
f 3442/13606/1551 3441/13607/1552 3439/13608/1550 3440/13609/1549
f 3444/13610/1553 3443/13611/1554 3441/13612/1552 3442/13613/1551
f 3446/13614/1555 3445/13615/1556 3443/13616/1554 3444/13617/1553
f 3448/13618/1557 3447/13619/1558 3445/13620/1556 3446/13621/1555
f 3450/13622/1559 3449/13623/1560 3447/13624/1558 3448/13625/1557
f 3452/13626/1561 3451/13627/1562 3449/13628/1560 3450/13629/1559
f 3454/13630/1563 3453/13631/1564 3451/13632/1562 3452/13633/1561
f 3456/13634/1565 3455/13635/1566 3453/13636/1564 3454/13637/1563
f 3458/13638/1567 3457/13639/1568 3455/13640/1566 3456/13641/1565
f 3460/13642/1569 3459/13643/1570 3457/13644/1568 3458/13645/1567
f 3462/13646/1571 3461/13647/1572 3459/13648/1570 3460/13649/1569
f 3464/13650/1573 3463/13651/1574 3461/13652/1572 3462/13653/1571
f 3466/13654/1575 3465/13655/1576 3463/13656/1574 3464/13657/1573
f 3468/13658/1577 3467/13659/1578 3465/13660/1576 3466/13661/1575
f 3470/13662/1579 3469/13663/1580 3467/13664/1578 3468/13665/1577
f 3472/13666/1581 3471/13667/1582 3469/13668/1580 3470/13669/1579
f 3474/13670/1583 3473/13671/1584 3471/13672/1582 3472/13673/1581
f 3476/13674/1585 3475/13675/1586 3473/13676/1584 3474/13677/1583
f 3478/13678/1587 3477/13679/1588 3475/13680/1586 3476/13681/1585
f 3480/13682/1589 3479/13683/1590 3477/13684/1588 3478/13685/1587
f 3482/13686/1591 3481/13687/1592 3479/13688/1590 3480/13689/1589
f 3484/13690/1593 3483/13691/1594 3481/13692/1592 3482/13693/1591
f 3486/13694/1595 3485/13695/1596 3483/13696/1594 3484/13697/1593
f 3488/13698/1597 3487/13699/1598 3485/13700/1596 3486/13701/1595
f 3490/13702/1599 3489/13703/1600 3487/13704/1598 3488/13705/1597
f 3492/13706/1601 3491/13707/1602 3489/13708/1600 3490/13709/1599
f 3494/13710/1603 3493/13711/1604 3491/13712/1602 3492/13713/1601
f 3496/13714/1605 3495/13715/1606 3493/13716/1604 3494/13717/1603
f 3498/13718/1607 3497/13719/1608 3495/13720/1606 3496/13721/1605
f 3500/13722/1609 3499/13723/1610 3497/13724/1608 3498/13725/1607
f 3502/13726/1611 3501/13727/1612 3499/13728/1610 3500/13729/1609
f 3504/13730/1613 3503/13731/1614 3501/13732/1612 3502/13733/1611
f 3506/13734/1615 3505/13735/1616 3503/13736/1614 3504/13737/1613
f 3508/13738/1617 3507/13739/1618 3505/13740/1616 3506/13741/1615
f 3412/13742/1490 3509/13743/1523 3507/13744/1618 3508/13745/1617
f 3412/13746/1490 3508/13747/1617 3510/13748/1519 3408/13749/1491
f 3508/13750/1617 3506/13751/1615 3511/13752/1518 3510/13753/1519
f 3506/13754/1615 3504/13755/1613 3512/13756/1517 3511/13757/1518
f 3504/13758/1613 3502/13759/1611 3513/13760/1516 3512/13761/1517
f 3502/13762/1611 3500/13763/1609 3514/13764/1515 3513/13765/1516
f 3500/13766/1609 3498/13767/1607 3515/13768/1514 3514/13769/1515
f 3498/13770/1607 3496/13771/1605 3516/13772/1513 3515/13773/1514
f 3496/13774/1605 3494/13775/1603 3517/13776/1512 3516/13777/1513
f 3494/13778/1603 3492/13779/1601 3518/13780/1511 3517/13781/1512
f 3492/13782/1601 3490/13783/1599 3519/13784/1510 3518/13785/1511
f 3490/13786/1599 3488/13787/1597 3520/13788/1509 3519/13789/1510
f 3488/13790/1597 3486/13791/1595 3521/13792/1508 3520/13793/1509
f 3486/13794/1595 3484/13795/1593 3522/13796/1507 3521/13797/1508
f 3484/13798/1593 3482/13799/1591 3523/13800/1506 3522/13801/1507
f 3482/13802/1591 3480/13803/1589 3524/13804/1505 3523/13805/1506
f 3480/13806/1589 3478/13807/1587 3525/13808/1504 3524/13809/1505
f 3478/13810/1587 3476/13811/1585 3526/13812/1503 3525/13813/1504
f 3476/13814/1585 3474/13815/1583 3527/13816/1502 3526/13817/1503
f 3474/13818/1583 3472/13819/1581 3528/13820/1501 3527/13821/1502
f 3472/13822/1581 3470/13823/1579 3529/13824/1500 3528/13825/1501
f 3470/13826/1579 3468/13827/1577 3530/13828/1499 3529/13829/1500
f 3468/13830/1577 3466/13831/1575 3531/13832/1498 3530/13833/1499
f 3466/13834/1575 3464/13835/1573 3532/13836/1497 3531/13837/1498
f 3464/13838/1573 3462/13839/1571 3533/13840/1619 3532/13841/1497
f 3462/13842/1571 3460/13843/1569 3534/13844/1620 3533/13845/1619
f 3460/13846/1569 3458/13847/1567 3535/13848/1621 3534/13849/1620
f 3458/13850/1567 3456/13851/1565 3536/13852/1622 3535/13853/1621
f 3456/13854/1565 3454/13855/1563 3537/13856/1623 3536/13857/1622
f 3454/13858/1563 3452/13859/1561 3538/13860/1624 3537/13861/1623
f 3452/13862/1561 3450/13863/1559 3539/13864/1625 3538/13865/1624
f 3450/13866/1559 3448/13867/1557 3540/13868/1626 3539/13869/1625
f 3448/13870/1557 3446/13871/1555 3541/13872/1627 3540/13873/1626
f 3446/13874/1555 3444/13875/1553 3542/13876/1628 3541/13877/1627
f 3444/13878/1553 3442/13879/1551 3543/13880/1629 3542/13881/1628
f 3442/13882/1551 3440/13883/1549 3544/13884/1630 3543/13885/1629
f 3440/13886/1549 3438/13887/1547 3545/13888/1631 3544/13889/1630
f 3438/13890/1547 3436/13891/1545 3546/13892/1632 3545/13893/1631
f 3436/13894/1545 3434/13895/1543 3547/13896/1633 3546/13897/1632
f 3434/13898/1543 3432/13899/1541 3548/13900/1634 3547/13901/1633
f 3432/13902/1541 3430/13903/1539 3549/13904/1635 3548/13905/1634
f 3430/13906/1539 3428/13907/1537 3550/13908/1636 3549/13909/1635
f 3428/13910/1537 3426/13911/1535 3551/13912/1637 3550/13913/1636
f 3426/13914/1535 3424/13915/1533 3552/13916/1638 3551/13917/1637
f 3424/13918/1533 3422/13919/1531 3553/13920/1639 3552/13921/1638
f 3422/13922/1531 3420/13923/1529 3554/13924/1640 3553/13925/1639
f 3420/13926/1529 3418/13927/1527 3555/13928/1641 3554/13929/1640
f 3418/13930/1527 3414/13931/1524 3556/13932/1526 3555/13933/1641
f 3532/13515/1497 3557/13514/1496 3566/13934/1642 3563/13512/1494 3409/13511/1493 3556/13935/1526 3555/13936/1641 3554/13937/1640 3553/13938/1639 3552/13939/1638 3551/13940/1637 3550/13941/1636 3549/13942/1635 3548/13943/1634 3547/13944/1633 3546/13945/1632 3545/13946/1631 3544/13947/1630 3543/13948/1629 3542/13949/1628 3541/13950/1627 3540/13951/1626 3539/13952/1625 3538/13953/1624 3537/13954/1623 3536/13955/1622 3535/13956/1621 3534/13957/1620 3533/13958/1619
f 3569/13959/1289 3640/13960/1290 3571/13961/1291 3570/13962/1292
f 3640/13963/1290 3572/13964/1293 3768/13965/1294 3571/13966/1291
f 3572/13967/1293 3573/13968/1295 3574/13969/1296 3768/13970/1294
f 3573/13971/1295 3575/13972/1297 3576/13973/1643 3574/13974/1296
f 3575/13975/1297 3577/13976/1299 3578/13977/1300 3576/13978/1643
f 3577/13979/1299 3579/13980/1301 3580/13981/1644 3578/13982/1300
f 3579/13983/1301 3742/13984/1645 3581/13985/1304 3580/13986/1644
f 3742/13987/1645 3582/13988/1646 3767/13989/1306 3581/13990/1304
f 3582/13991/1646 3583/13992/1307 3766/13993/1308 3767/13994/1306
f 3583/13995/1307 3584/13996/1309 3585/13997/1310 3766/13998/1308
f 3584/13999/1309 3586/14000/1311 3765/14001/1647 3585/14002/1310
f 3586/14003/1311 3743/14004/1648 3764/14005/1314 3765/14006/1647
f 3743/14007/1648 3744/14008/1649 3763/14009/1316 3764/14010/1314
f 3744/14011/1649 3745/14012/1650 3587/14013/1318 3763/14014/1316
f 3745/14015/1650 3588/14016/1319 3589/14017/1320 3587/14018/1318
f 3588/14019/1319 3746/14020/1321 3762/14021/1651 3589/14022/1320
f 3746/14023/1321 3590/14024/1323 3591/14025/1652 3762/14026/1651
f 3590/14027/1323 3592/14028/1653 3593/14029/1654 3591/14030/1652
f 3592/14031/1653 3594/14032/1327 3761/14033/1655 3593/14034/1654
f 3594/14035/1327 3747/14036/1656 3595/14037/1330 3761/14038/1655
f 3747/14039/1656 3596/14040/1331 3597/14041/1332 3595/14042/1330
f 3596/14043/1331 3598/14044/1333 3599/14045/1334 3597/14046/1332
f 3598/14047/1333 3600/14048/1335 3601/14049/1336 3599/14050/1334
f 3600/14051/1335 3748/14052/1337 3602/14053/1338 3601/14054/1336
f 3748/14055/1337 3603/14056/1339 3604/14057/1340 3602/14058/1338
f 3603/14056/1339 3749/14059/1341 3605/14060/1342 3604/14057/1340
f 3749/14061/1341 3606/14062/1343 3607/14063/1344 3605/14064/1342
f 3606/14065/1343 3608/14066/1345 3609/14067/1346 3607/14068/1344
f 3608/14069/1345 3610/14070/1347 3760/14071/1348 3609/14072/1346
f 3610/14073/1347 3611/14074/1657 3759/14075/1350 3760/14076/1348
f 3611/14077/1657 3612/14078/1351 3613/14079/1352 3759/14080/1350
f 3612/14081/1351 3614/14082/1353 3615/14083/1354 3613/14084/1352
f 3614/14085/1353 3616/14086/1355 3617/14087/1356 3615/14088/1354
f 3616/14089/1355 3750/14090/1658 3618/14091/1358 3617/14092/1356
f 3750/14093/1658 3619/14094/1359 3758/14095/1360 3618/14096/1358
f 3619/14097/1359 3620/14098/1361 3621/14099/1659 3758/14100/1360
f 3620/14101/1361 3622/14102/1363 3757/14103/1364 3621/14104/1659
f 3622/14105/1363 3623/14106/1365 3624/14107/1366 3757/14108/1364
f 3623/14109/1365 3751/14110/1367 3756/14111/1368 3624/14112/1366
f 3751/14113/1367 3625/14114/1369 3626/14115/1370 3756/14116/1368
f 3625/14117/1369 3627/14118/1371 3628/14119/1660 3626/14120/1370
f 3627/14121/1371 3629/14122/1373 3630/14123/1374 3628/14124/1660
f 3629/14125/1373 3631/14126/1375 3755/14127/1376 3630/14128/1374
f 3631/14129/1375 3632/14130/1377 3633/14131/1378 3755/14132/1376
f 3632/14133/1377 3634/14134/1379 3754/14135/1380 3633/14136/1378
f 3634/14137/1379 3752/14138/1381 3635/14139/1661 3754/14140/1380
f 3752/14141/1381 3636/14142/1662 3637/14143/1384 3635/14144/1661
f 3636/14145/1662 3638/14146/1385 3639/14147/1386 3637/14148/1384
f 3638/14149/1385 3641/14150/1387 3753/14151/1663 3639/14152/1386
f 3641/14153/1387 3569/14154/1289 3570/14155/1292 3753/14156/1663
f 3569/14157/1289 3642/14158/1389 3644/14159/1664 3640/14160/1290
f 3641/14161/1387 3645/14162/1391 3642/14163/1389 3569/14164/1289
f 3645/14165/1391 3647/14166/1392 3643/14167/1393 3642/14168/1389
f 3642/14169/1389 3643/14170/1393 3741/14171/1394 3644/14172/1664
f 3646/14173/1665 3648/14174/1396 3647/14175/1392 3645/14176/1391
f 3638/14177/1385 3646/14178/1665 3645/14179/1391 3641/14180/1387
f 3650/14181/1397 3649/14182/1398 3648/14183/1396 3646/14184/1665
f 3652/14185/1399 3651/14186/1666 3649/14187/1398 3650/14188/1397
f 3654/14189/1401 3653/14190/1402 3651/14191/1666 3652/14192/1399
f 3656/14193/1403 3655/14194/1404 3653/14190/1402 3654/14195/1401
f 3658/14196/1405 3657/14197/1667 3655/14198/1404 3656/14199/1403
f 3660/14200/1407 3659/14201/1668 3657/14202/1667 3658/14203/1405
f 3662/14204/1409 3661/14205/1410 3659/14206/1668 3660/14207/1407
f 3664/14208/1411 3663/14209/1412 3661/14210/1410 3662/14211/1409
f 3666/14212/1413 3665/14213/1414 3663/14214/1412 3664/14215/1411
f 3668/14216/1415 3667/14217/1416 3665/14218/1414 3666/14219/1413
f 3670/14220/1417 3669/14221/1418 3667/14222/1416 3668/14223/1415
f 3672/14224/1419 3671/14225/1420 3669/14226/1418 3670/14227/1417
f 3674/14228/1421 3673/14229/1422 3671/14230/1420 3672/14231/1419
f 3676/14232/1423 3675/14233/1669 3673/14234/1422 3674/14235/1421
f 3678/14236/1425 3677/14237/1426 3675/14238/1669 3676/14239/1423
f 3680/14240/1427 3679/14241/1428 3677/14242/1426 3678/14243/1425
f 3682/14244/1429 3681/14245/1430 3679/14246/1428 3680/14247/1427
f 3684/14248/1431 3683/14249/1432 3681/14250/1430 3682/14251/1429
f 3686/14252/1433 3685/14253/1434 3683/14254/1432 3684/14255/1431
f 3688/14256/1435 3687/14257/1436 3685/14258/1434 3686/14259/1433
f 3690/14260/1670 3689/14261/1438 3687/14262/1436 3688/14263/1435
f 3692/14264/1439 3691/14265/1440 3689/14266/1438 3690/14267/1670
f 3694/14268/1441 3693/14269/1442 3691/14270/1440 3692/14271/1439
f 3696/14272/1443 3695/14273/1444 3693/14274/1442 3694/14275/1441
f 3698/14276/1445 3697/14277/1446 3695/14278/1444 3696/14279/1443
f 3700/14280/1447 3699/14281/1448 3697/14282/1446 3698/14283/1445
f 3702/14284/1449 3701/14285/1450 3699/14286/1448 3700/14287/1447
f 3704/14288/1451 3703/14289/1452 3701/14290/1450 3702/14291/1449
f 3706/14292/1453 3705/14293/1454 3703/14294/1452 3704/14295/1451
f 3708/14296/1455 3707/14297/1456 3705/14298/1454 3706/14299/1453
f 3710/14300/1457 3709/14301/1458 3707/14302/1456 3708/14303/1455
f 3712/14304/1459 3711/14305/1460 3709/14306/1458 3710/14307/1457
f 3714/14308/1671 3713/14309/1462 3711/14310/1460 3712/14311/1459
f 3716/14312/1463 3715/14313/1464 3713/14314/1462 3714/14315/1671
f 3718/14316/1672 3717/14317/1673 3715/14318/1464 3716/14319/1463
f 3720/14320/1674 3719/14321/1468 3717/14322/1673 3718/14323/1672
f 3722/14324/1469 3721/14325/1470 3719/14326/1468 3720/14327/1674
f 3724/14328/1471 3723/14329/1472 3721/14330/1470 3722/14331/1469
f 3726/14332/1473 3725/14333/1474 3723/14334/1472 3724/14335/1471
f 3728/14336/1475 3727/14337/1476 3725/14338/1474 3726/14339/1473
f 3730/14340/1675 3729/14341/1478 3727/14342/1476 3728/14343/1475
f 3732/14344/1676 3731/14345/1480 3729/14346/1478 3730/14347/1675
f 3734/14348/1481 3733/14349/1482 3731/14350/1480 3732/14351/1676
f 3736/14352/1483 3735/14353/1484 3733/14354/1482 3734/14355/1481
f 3738/14356/1485 3737/14357/1486 3735/14358/1484 3736/14359/1483
f 3740/14360/1487 3739/14361/1488 3737/14362/1486 3738/14363/1485
f 3644/14364/1664 3741/14365/1394 3739/14366/1488 3740/14367/1487
f 3640/14368/1290 3644/14369/1664 3740/14370/1487 3572/14371/1293
f 3572/14372/1293 3740/14373/1487 3738/14374/1485 3573/14375/1295
f 3573/14376/1295 3738/14377/1485 3736/14378/1483 3575/14379/1297
f 3575/14380/1297 3736/14381/1483 3734/14382/1481 3577/14383/1299
f 3577/14384/1299 3734/14385/1481 3732/14386/1676 3579/14387/1301
f 3579/14388/1301 3732/14389/1676 3730/14390/1675 3742/14391/1645
f 3742/14392/1645 3730/14393/1675 3728/14394/1475 3582/14395/1646
f 3582/14396/1646 3728/14397/1475 3726/14398/1473 3583/14399/1307
f 3583/14400/1307 3726/14401/1473 3724/14402/1471 3584/14403/1309
f 3584/14404/1309 3724/14405/1471 3722/14406/1469 3586/14407/1311
f 3586/14408/1311 3722/14409/1469 3720/14410/1674 3743/14411/1648
f 3743/14412/1648 3720/14413/1674 3718/14414/1672 3744/14415/1649
f 3744/14416/1649 3718/14417/1672 3716/14418/1463 3745/14419/1650
f 3745/14420/1650 3716/14312/1463 3714/14421/1671 3588/14422/1319
f 3588/14423/1319 3714/14424/1671 3712/14311/1459 3746/14425/1321
f 3746/14426/1321 3712/14304/1459 3710/14307/1457 3590/14427/1323
f 3590/14428/1323 3710/14300/1457 3708/14303/1455 3592/14429/1653
f 3592/14430/1653 3708/14296/1455 3706/14431/1453 3594/14432/1327
f 3594/14433/1327 3706/14292/1453 3704/14295/1451 3747/14434/1656
f 3747/14435/1656 3704/14436/1451 3702/14291/1449 3596/14437/1331
f 3596/14438/1331 3702/14284/1449 3700/14439/1447 3598/14440/1333
f 3598/14441/1333 3700/14442/1447 3698/14443/1445 3600/14444/1335
f 3600/14445/1335 3698/14446/1445 3696/14447/1443 3748/14448/1337
f 3748/14449/1337 3696/14450/1443 3694/14451/1441 3603/14452/1339
f 3603/14452/1339 3694/14453/1441 3692/14454/1439 3749/14455/1341
f 3749/14456/1341 3692/14457/1439 3690/14260/1670 3606/14458/1343
f 3606/14459/1343 3690/14460/1670 3688/14461/1435 3608/14462/1345
f 3608/14463/1345 3688/14464/1435 3686/14465/1433 3610/14466/1347
f 3610/14467/1347 3686/14468/1433 3684/14469/1431 3611/14470/1657
f 3611/14471/1657 3684/14472/1431 3682/14473/1429 3612/14474/1351
f 3612/14475/1351 3682/14476/1429 3680/14477/1427 3614/14478/1353
f 3614/14479/1353 3680/14480/1427 3678/14481/1425 3616/14482/1355
f 3616/14483/1355 3678/14484/1425 3676/14485/1423 3750/14486/1658
f 3750/14487/1658 3676/14488/1423 3674/14489/1421 3619/14490/1359
f 3619/14491/1359 3674/14492/1421 3672/14493/1419 3620/14494/1361
f 3620/14495/1361 3672/14496/1419 3670/14497/1417 3622/14498/1363
f 3622/14499/1363 3670/14500/1417 3668/14501/1415 3623/14502/1365
f 3623/14503/1365 3668/14504/1415 3666/14505/1413 3751/14506/1367
f 3751/14507/1367 3666/14508/1413 3664/14509/1411 3625/14510/1369
f 3625/14511/1369 3664/14208/1411 3662/14512/1409 3627/14513/1371
f 3627/14514/1371 3662/14204/1409 3660/14207/1407 3629/14515/1373
f 3629/14516/1373 3660/14200/1407 3658/14203/1405 3631/14517/1375
f 3631/14518/1375 3658/14196/1405 3656/14199/1403 3632/14519/1377
f 3632/14520/1377 3656/14521/1403 3654/14195/1401 3634/14522/1379
f 3634/14523/1379 3654/14189/1401 3652/14524/1399 3752/14525/1381
f 3752/14526/1381 3652/14527/1399 3650/14528/1397 3636/14529/1662
f 3636/14530/1662 3650/14531/1397 3646/14532/1665 3638/14533/1385
f 3571/14534/1291 3768/14535/1294 3574/14536/1296 3576/14537/1643 3578/14538/1300 3580/14539/1644 3581/14540/1304 3767/14541/1306 3766/14542/1308 3585/14543/1310 3765/14544/1647 3764/14545/1314 3763/14546/1316 3587/14547/1318 3589/14548/1320 3762/14549/1651 3591/14550/1652 3593/14551/1654 3761/14552/1655 3595/14553/1330 3597/14554/1332 3599/14555/1334 3601/14556/1336 3602/14557/1338 3604/14558/1340 3605/14559/1342 3607/14560/1344 3609/14561/1346 3760/14562/1348 3759/14563/1350 3613/14564/1352 3615/14565/1354 3617/14566/1356 3618/14567/1358 3758/14568/1360 3621/14569/1659 3757/14570/1364 3624/14571/1366 3756/14572/1368 3626/14573/1370 3628/14574/1660 3630/14575/1374 3755/14576/1376 3633/14577/1378 3754/14578/1380 3635/14579/1661 3637/14580/1384 3639/14581/1386 3753/14582/1663 3570/14583/1292
f 3772/14584/1489 3774/14585/1490 3770/14586/1291 3769/14587/1292
f 3770/14588/1291 3872/14589/1294 3873/14590/1296 3874/14591/1298 3875/14592/1677 3876/14593/1644 3877/14594/1304 3878/14595/1306 3879/14596/1308 3880/14597/1310 3881/14598/1312 3882/14599/1314 3883/14600/1316 3884/14601/1318 3885/14602/1320 3886/14603/1322 3887/14604/1324 3888/14605/1654 3889/14606/1328 3890/14607/1678 3891/14608/1332 3892/14609/1334 3893/14610/1336 3894/14611/1338 3895/14612/1340 3896/14613/1342 3897/14614/1344 3898/14615/1346 3899/14616/1348 3900/14617/1350 3901/14618/1352 3902/14619/1354 3903/14620/1356 3904/14621/1679 3905/14622/1360 3906/14623/1659 3907/14624/1680 3908/14625/1366 3909/14626/1368 3910/14627/1370 3911/14628/1372 3912/14629/1374 3913/14630/1376 3914/14631/1378 3915/14632/1681 3916/14633/1382 3917/14634/1384 3918/14635/1386 3771/14636/1663 3769/14637/1292
f 3775/14638/1682 3772/14639/1489 3769/14640/1292 3771/14641/1663
f 3775/14642/1682 3777/14643/1683 3773/14644/1684 3772/14645/1489
f 3772/14646/1489 3773/14647/1684 3871/14648/1685 3774/14649/1490
f 3776/14650/1686 3778/14651/1525 3777/14652/1683 3775/14653/1682
f 3776/14654/1686 3775/14655/1682 3771/14656/1663 3918/14657/1386
f 3780/14658/1527 3779/14659/1528 3778/14660/1525 3776/14661/1686
f 3782/14662/1529 3781/14663/1687 3779/14664/1528 3780/14665/1527
f 3784/14666/1531 3783/14667/1532 3781/14668/1687 3782/14669/1529
f 3786/14670/1533 3785/14671/1534 3783/14672/1532 3784/14673/1531
f 3788/14674/1688 3787/14675/1689 3785/14676/1534 3786/14677/1533
f 3790/14678/1537 3789/14679/1538 3787/14680/1689 3788/14681/1688
f 3792/14682/1539 3791/14683/1540 3789/14684/1538 3790/14685/1537
f 3794/14686/1541 3793/14687/1542 3791/14688/1540 3792/14689/1539
f 3796/14690/1543 3795/14691/1544 3793/14692/1542 3794/14693/1541
f 3798/14694/1545 3797/14695/1546 3795/14696/1544 3796/14697/1543
f 3800/14698/1547 3799/14699/1548 3797/14700/1546 3798/14701/1545
f 3802/14702/1549 3801/14703/1550 3799/14704/1548 3800/14705/1547
f 3804/14706/1551 3803/14707/1552 3801/14708/1550 3802/14709/1549
f 3806/14710/1553 3805/14711/1554 3803/14712/1552 3804/14713/1551
f 3808/14714/1555 3807/14715/1690 3805/14716/1554 3806/14717/1553
f 3810/14718/1557 3809/14719/1558 3807/14720/1690 3808/14721/1555
f 3812/14722/1559 3811/14723/1691 3809/14724/1558 3810/14725/1557
f 3814/14726/1561 3813/14727/1562 3811/14728/1691 3812/14729/1559
f 3816/14730/1563 3815/14731/1564 3813/14732/1562 3814/14733/1561
f 3818/14734/1565 3817/14735/1566 3815/14736/1564 3816/14737/1563
f 3820/14738/1692 3819/14739/1568 3817/14740/1566 3818/14741/1565
f 3822/14742/1693 3821/14743/1694 3819/14744/1568 3820/14745/1692
f 3824/14746/1571 3823/14747/1695 3821/14748/1694 3822/14749/1693
f 3826/14750/1573 3825/14751/1574 3823/14752/1695 3824/14753/1571
f 3828/14754/1575 3827/14755/1576 3825/14756/1574 3826/14757/1573
f 3830/14758/1577 3829/14759/1696 3827/14760/1576 3828/14761/1575
f 3832/14762/1697 3831/14763/1698 3829/14764/1696 3830/14765/1577
f 3834/14766/1581 3833/14767/1582 3831/14768/1698 3832/14769/1697
f 3836/14770/1583 3835/14771/1699 3833/14772/1582 3834/14773/1581
f 3838/14774/1700 3837/14775/1701 3835/14776/1699 3836/14777/1583
f 3840/14778/1702 3839/14779/1588 3837/14780/1701 3838/14781/1700
f 3842/14782/1589 3841/14783/1590 3839/14784/1588 3840/14785/1702
f 3844/14786/1591 3843/14787/1592 3841/14788/1590 3842/14789/1589
f 3846/14790/1593 3845/14791/1594 3843/14792/1592 3844/14793/1591
f 3848/14794/1595 3847/14795/1596 3845/14796/1594 3846/14797/1593
f 3850/14798/1597 3849/14799/1598 3847/14800/1596 3848/14801/1595
f 3852/14802/1599 3851/14803/1703 3849/14804/1598 3850/14805/1597
f 3854/14806/1601 3853/14807/1602 3851/14808/1703 3852/14809/1599
f 3856/14810/1603 3855/14811/1604 3853/14812/1602 3854/14813/1601
f 3858/14814/1704 3857/14815/1705 3855/14816/1604 3856/14817/1603
f 3860/14818/1706 3859/14819/1608 3857/14820/1705 3858/14821/1704
f 3862/14822/1609 3861/14823/1610 3859/14824/1608 3860/14825/1706
f 3864/14826/1611 3863/14827/1612 3861/14828/1610 3862/14829/1609
f 3866/14830/1613 3865/14831/1614 3863/14832/1612 3864/14833/1611
f 3868/14834/1707 3867/14835/1616 3865/14836/1614 3866/14837/1613
f 3870/14838/1617 3869/14839/1618 3867/14840/1616 3868/14841/1707
f 3774/14842/1490 3871/14843/1685 3869/14844/1618 3870/14845/1617
f 3774/14846/1490 3870/14847/1617 3872/14848/1294 3770/14849/1291
f 3870/14850/1617 3868/14851/1707 3873/14852/1296 3872/14853/1294
f 3868/14854/1707 3866/14855/1613 3874/14856/1298 3873/14857/1296
f 3866/14858/1613 3864/14859/1611 3875/14860/1677 3874/14861/1298
f 3864/14862/1611 3862/14863/1609 3876/14864/1644 3875/14865/1677
f 3862/14866/1609 3860/14867/1706 3877/14868/1304 3876/14869/1644
f 3860/14870/1706 3858/14871/1704 3878/14872/1306 3877/14873/1304
f 3858/14874/1704 3856/14875/1603 3879/14876/1308 3878/14877/1306
f 3856/14878/1603 3854/14879/1601 3880/14880/1310 3879/14881/1308
f 3854/14882/1601 3852/14883/1599 3881/14884/1312 3880/14885/1310
f 3852/14886/1599 3850/14887/1597 3882/14888/1314 3881/14889/1312
f 3850/14890/1597 3848/14891/1595 3883/14892/1316 3882/14893/1314
f 3848/14894/1595 3846/14895/1593 3884/14896/1318 3883/14897/1316
f 3846/14898/1593 3844/14899/1591 3885/14900/1320 3884/14901/1318
f 3844/14902/1591 3842/14903/1589 3886/14904/1322 3885/14905/1320
f 3842/14906/1589 3840/14907/1702 3887/14908/1324 3886/14909/1322
f 3840/14910/1702 3838/14911/1700 3888/14912/1654 3887/14913/1324
f 3838/14914/1700 3836/14915/1583 3889/14916/1328 3888/14917/1654
f 3836/14918/1583 3834/14919/1581 3890/14920/1678 3889/14921/1328
f 3834/14922/1581 3832/14923/1697 3891/14924/1332 3890/14925/1678
f 3832/14926/1697 3830/14927/1577 3892/14928/1334 3891/14929/1332
f 3830/14930/1577 3828/14931/1575 3893/14932/1336 3892/14933/1334
f 3828/14934/1575 3826/14935/1573 3894/14936/1338 3893/14937/1336
f 3826/14938/1573 3824/14939/1571 3895/14940/1340 3894/14941/1338
f 3824/14939/1571 3822/14942/1693 3896/14943/1342 3895/14940/1340
f 3822/14944/1693 3820/14945/1692 3897/14946/1344 3896/14947/1342
f 3820/14948/1692 3818/14949/1565 3898/14950/1346 3897/14951/1344
f 3818/14952/1565 3816/14953/1563 3899/14954/1348 3898/14955/1346
f 3816/14956/1563 3814/14957/1561 3900/14958/1350 3899/14959/1348
f 3814/14960/1561 3812/14961/1559 3901/14962/1352 3900/14963/1350
f 3812/14964/1559 3810/14965/1557 3902/14966/1354 3901/14967/1352
f 3810/14968/1557 3808/14969/1555 3903/14970/1356 3902/14971/1354
f 3808/14972/1555 3806/14973/1553 3904/14974/1679 3903/14975/1356
f 3806/14976/1553 3804/14977/1551 3905/14978/1360 3904/14979/1679
f 3804/14980/1551 3802/14981/1549 3906/14982/1659 3905/14983/1360
f 3802/14984/1549 3800/14985/1547 3907/14986/1680 3906/14987/1659
f 3800/14988/1547 3798/14989/1545 3908/14990/1366 3907/14991/1680
f 3798/14992/1545 3796/14993/1543 3909/14994/1368 3908/14995/1366
f 3796/14996/1543 3794/14997/1541 3910/14998/1370 3909/14999/1368
f 3794/15000/1541 3792/15001/1539 3911/15002/1372 3910/15003/1370
f 3792/15004/1539 3790/15005/1537 3912/15006/1374 3911/15007/1372
f 3790/15008/1537 3788/15009/1688 3913/15010/1376 3912/15011/1374
f 3788/15012/1688 3786/15013/1533 3914/15014/1378 3913/15015/1376
f 3786/15016/1533 3784/15017/1531 3915/15018/1681 3914/15019/1378
f 3784/15020/1531 3782/15021/1529 3916/15022/1382 3915/15023/1681
f 3782/15024/1529 3780/15025/1527 3917/15026/1384 3916/15027/1382
f 3780/15028/1527 3776/15029/1686 3918/15030/1386 3917/15031/1384
f 4973/15032/1708 4974/15033/1492 4976/15034/1491 4975/15035/1709
f 4975/15036/1709 4976/15037/1491 4978/15038/1519 4977/15039/1710
f 4977/15040/1710 4978/15041/1519 4980/15042/1518 4979/15043/1711
f 4979/15044/1711 4980/15045/1518 4982/15046/1517 4981/15047/1712
f 4981/15048/1712 4982/15049/1517 4983/15050/1516 5154/15051/1713
f 5154/15052/1713 4983/15053/1516 4985/15054/1714 4984/15055/1715
f 4984/15056/1715 4985/15057/1714 4987/15058/1514 4986/15059/1716
f 4986/15060/1716 4987/15061/1514 4989/15062/1513 4988/15063/1717
f 4988/15064/1717 4989/15065/1513 4991/15066/1512 4990/15067/1718
f 4990/15068/1718 4991/15069/1512 4993/15070/1511 4992/15071/1719
f 4992/15072/1719 4993/15073/1511 4994/15074/1510 5155/15075/1720
f 5155/15076/1720 4994/15077/1510 4995/15078/1509 5156/15079/1721
f 5156/15080/1721 4995/15081/1509 5172/15082/1508 4996/15083/1722
f 4996/15084/1722 5172/15085/1508 4998/15086/1507 4997/15087/1723
f 4997/15088/1723 4998/15089/1507 5000/15090/1506 4999/15091/1724
f 4999/15092/1724 5000/15093/1506 5171/15094/1505 5001/15095/1725
f 5001/15096/1725 5171/15097/1505 5002/15098/1504 5157/15099/1726
f 5157/15100/1726 5002/15101/1504 5170/15102/1727 5003/15103/1728
f 5003/15104/1728 5170/15105/1727 5005/15106/1502 5004/15107/1729
f 5004/15108/1729 5005/15109/1502 5007/15110/1501 5006/15111/1730
f 5006/15112/1730 5007/15113/1501 5008/15114/1500 5158/15115/1731
f 5158/15116/1731 5008/15117/1500 5010/15118/1499 5009/15119/1732
f 5009/15120/1732 5010/15121/1499 5012/15122/1498 5011/15123/1733
f 5011/15124/1733 5012/15125/1498 5014/15126/1497 5013/15127/1734
f 5013/15128/1734 5014/15129/1497 5015/15130/1619 5159/15131/1735
f 5159/15132/1735 5015/15133/1619 5017/15134/1620 5016/15135/1736
f 5016/15136/1736 5017/15137/1620 5169/15138/1621 5018/15139/1737
f 5018/15140/1737 5169/15141/1621 5020/15142/1622 5019/15143/1738
f 5019/15144/1738 5020/15145/1622 5022/15146/1623 5021/15147/1739
f 5021/15148/1739 5022/15149/1623 5024/15150/1740 5023/15151/1741
f 5023/15152/1741 5024/15153/1740 5026/15154/1625 5025/15155/1742
f 5025/15156/1742 5026/15157/1625 5028/15158/1626 5027/15159/1743
f 5027/15160/1743 5028/15161/1626 5168/15162/1744 5029/15163/1745
f 5029/15164/1745 5168/15165/1744 5031/15166/1746 5030/15167/1747
f 5030/15168/1747 5031/15169/1746 5032/15170/1629 5160/15171/1748
f 5160/15172/1748 5032/15173/1629 5167/15174/1630 5033/15175/1749
f 5033/15176/1749 5167/15177/1630 5035/15178/1750 5034/15179/1751
f 5034/15180/1751 5035/15181/1750 5036/15182/1752 5161/15183/1753
f 5161/15184/1753 5036/15185/1752 5166/15186/1633 5037/15187/1754
f 5037/15188/1754 5166/15189/1633 5039/15190/1634 5038/15191/1755
f 5038/15192/1755 5039/15193/1634 5040/15194/1635 5162/15195/1756
f 5162/15196/1756 5040/15197/1635 5165/15198/1636 5041/15199/1757
f 5041/15200/1757 5165/15201/1636 5042/15202/1637 5163/15203/1758
f 5163/15204/1758 5042/15205/1637 5044/15206/1638 5043/15207/1759
f 5043/15208/1759 5044/15209/1638 5046/15210/1760 5045/15211/1761
f 5045/15212/1761 5046/15213/1760 5048/15214/1640 5047/15215/1762
f 5047/15216/1762 5048/15217/1640 5050/15218/1641 5049/15219/1763
f 5049/15220/1763 5050/15221/1641 5051/15222/1526 5164/15223/1764
f 5164/15224/1764 5051/15225/1526 5053/15226/1493 5052/15227/1765
f 5052/15228/1765 5053/15229/1493 4974/15230/1492 4973/15231/1708
f 4973/15232/1708 4975/15233/1709 5056/15234/1766 5054/15235/1767
f 5052/15236/1765 4973/15237/1708 5054/15238/1767 5057/15239/1768
f 5057/15240/1768 5054/15241/1767 5055/15242/1769 5059/15243/1770
f 5054/15235/1767 5056/15244/1766 5153/15245/1771 5055/15246/1769
f 5058/15247/1772 5057/15248/1768 5059/15249/1770 5060/15250/1773
f 5164/15251/1764 5052/15252/1765 5057/15248/1768 5058/15253/1772
f 5062/15254/1774 5058/15255/1772 5060/15256/1773 5061/15257/1775
f 5064/15258/1776 5062/15259/1774 5061/15260/1775 5063/15261/1777
f 5066/15262/1778 5064/15263/1776 5063/15264/1777 5065/15265/1779
f 5068/15266/1780 5066/15267/1778 5065/15268/1779 5067/15269/1781
f 5070/15270/1782 5068/15271/1780 5067/15272/1781 5069/15273/1783
f 5072/15274/1784 5070/15275/1782 5069/15276/1783 5071/15277/1785
f 5074/15278/1786 5072/15279/1784 5071/15280/1785 5073/15281/1787
f 5076/15282/1788 5074/15283/1786 5073/15284/1787 5075/15285/1789
f 5078/15286/1790 5076/15287/1788 5075/15288/1789 5077/15289/1791
f 5080/15290/1792 5078/15291/1790 5077/15292/1791 5079/15293/1793
f 5082/15294/1794 5080/15295/1792 5079/15296/1793 5081/15297/1795
f 5084/15298/1796 5082/15299/1794 5081/15300/1795 5083/15301/1797
f 5086/15302/1798 5084/15303/1796 5083/15304/1797 5085/15305/1799
f 5088/15306/1800 5086/15307/1798 5085/15308/1799 5087/15309/1801
f 5090/15310/1802 5088/15311/1800 5087/15312/1801 5089/15313/1803
f 5092/15314/1804 5090/15315/1802 5089/15316/1803 5091/15317/1805
f 5094/15318/1806 5092/15319/1804 5091/15320/1805 5093/15321/1807
f 5096/15322/1808 5094/15323/1806 5093/15324/1807 5095/15325/1809
f 5098/15326/1810 5096/15327/1808 5095/15328/1809 5097/15329/1811
f 5100/15330/1812 5098/15331/1810 5097/15332/1811 5099/15333/1813
f 5102/15334/1814 5100/15335/1812 5099/15336/1813 5101/15337/1815
f 5104/15338/1816 5102/15339/1814 5101/15340/1815 5103/15341/1817
f 5106/15342/1818 5104/15343/1816 5103/15344/1817 5105/15345/1819
f 5108/15346/1820 5106/15347/1818 5105/15348/1819 5107/15349/1821
f 5110/15350/1822 5108/15351/1820 5107/15352/1821 5109/15353/1823
f 5112/15354/1824 5110/15355/1822 5109/15356/1823 5111/15357/1825
f 5114/15358/1826 5112/15359/1824 5111/15360/1825 5113/15361/1827
f 5116/15362/1828 5114/15363/1826 5113/15364/1827 5115/15365/1829
f 5118/15366/1830 5116/15367/1828 5115/15368/1829 5117/15369/1831
f 5120/15370/1832 5118/15371/1830 5117/15372/1831 5119/15373/1833
f 5122/15374/1834 5120/15375/1832 5119/15376/1833 5121/15377/1835
f 5124/15378/1836 5122/15379/1834 5121/15380/1835 5123/15381/1837
f 5126/15382/1838 5124/15383/1836 5123/15384/1837 5125/15385/1839
f 5128/15386/1840 5126/15387/1838 5125/15388/1839 5127/15389/1841
f 5130/15390/1842 5128/15391/1840 5127/15392/1841 5129/15393/1843
f 5132/15394/1844 5130/15395/1842 5129/15396/1843 5131/15397/1845
f 5134/15398/1846 5132/15399/1844 5131/15400/1845 5133/15401/1847
f 5136/15402/1848 5134/15403/1846 5133/15404/1847 5135/15405/1849
f 5138/15406/1850 5136/15407/1848 5135/15408/1849 5137/15409/1851
f 5140/15410/1852 5138/15411/1850 5137/15412/1851 5139/15413/1853
f 5142/15414/1854 5140/15415/1852 5139/15416/1853 5141/15417/1855
f 5144/15418/1856 5142/15419/1854 5141/15420/1855 5143/15421/1857
f 5146/15422/1858 5144/15423/1856 5143/15424/1857 5145/15425/1859
f 5148/15426/1860 5146/15427/1858 5145/15428/1859 5147/15429/1861
f 5150/15430/1862 5148/15431/1860 5147/15432/1861 5149/15433/1863
f 5152/15434/1864 5150/15435/1862 5149/15436/1863 5151/15437/1865
f 5056/15438/1766 5152/15439/1864 5151/15440/1865 5153/15441/1771
f 4975/15442/1709 4977/15443/1710 5152/15444/1864 5056/15438/1766
f 4977/15445/1710 4979/15446/1711 5150/15435/1862 5152/15434/1864
f 4979/15447/1711 4981/15448/1712 5148/15449/1860 5150/15450/1862
f 4981/15451/1712 5154/15452/1713 5146/15453/1858 5148/15426/1860
f 5154/15454/1713 4984/15455/1715 5144/15456/1856 5146/15457/1858
f 4984/15458/1715 4986/15459/1716 5142/15419/1854 5144/15418/1856
f 4986/15460/1716 4988/15461/1717 5140/15462/1852 5142/15414/1854
f 4988/15463/1717 4990/15464/1718 5138/15465/1850 5140/15466/1852
f 4990/15467/1718 4992/15468/1719 5136/15469/1848 5138/15470/1850
f 4992/15471/1719 5155/15472/1720 5134/15473/1846 5136/15474/1848
f 5155/15475/1720 5156/15476/1721 5132/15477/1844 5134/15478/1846
f 5156/15479/1721 4996/15480/1722 5130/15481/1842 5132/15482/1844
f 4996/15483/1722 4997/15484/1723 5128/15485/1840 5130/15486/1842
f 4997/15487/1723 4999/15488/1724 5126/15489/1838 5128/15490/1840
f 4999/15491/1724 5001/15492/1725 5124/15383/1836 5126/15493/1838
f 5001/15494/1725 5157/15495/1726 5122/15379/1834 5124/15496/1836
f 5157/15497/1726 5003/15498/1728 5120/15375/1832 5122/15374/1834
f 5003/15499/1728 5004/15500/1729 5118/15371/1830 5120/15501/1832
f 5004/15502/1729 5006/15503/1730 5116/15367/1828 5118/15504/1830
f 5006/15505/1730 5158/15506/1731 5114/15507/1826 5116/15508/1828
f 5158/15509/1731 5009/15510/1732 5112/15511/1824 5114/15358/1826
f 5009/15512/1732 5011/15513/1733 5110/15514/1822 5112/15515/1824
f 5011/15516/1733 5013/15517/1734 5108/15518/1820 5110/15519/1822
f 5013/15520/1734 5159/15521/1735 5106/15522/1818 5108/15523/1820
f 5159/15524/1735 5016/15525/1736 5104/15526/1816 5106/15527/1818
f 5016/15528/1736 5018/15529/1737 5102/15530/1814 5104/15531/1816
f 5018/15532/1737 5019/15533/1738 5100/15534/1812 5102/15535/1814
f 5019/15536/1738 5021/15537/1739 5098/15538/1810 5100/15539/1812
f 5021/15540/1739 5023/15541/1741 5096/15542/1808 5098/15543/1810
f 5023/15544/1741 5025/15545/1742 5094/15546/1806 5096/15547/1808
f 5025/15548/1742 5027/15549/1743 5092/15550/1804 5094/15551/1806
f 5027/15552/1743 5029/15553/1745 5090/15554/1802 5092/15555/1804
f 5029/15556/1745 5030/15557/1747 5088/15558/1800 5090/15559/1802
f 5030/15560/1747 5160/15561/1748 5086/15562/1798 5088/15563/1800
f 5160/15564/1748 5033/15565/1749 5084/15566/1796 5086/15567/1798
f 5033/15568/1749 5034/15569/1751 5082/15570/1794 5084/15571/1796
f 5034/15572/1751 5161/15573/1753 5080/15574/1792 5082/15575/1794
f 5161/15576/1753 5037/15577/1754 5078/15578/1790 5080/15579/1792
f 5037/15580/1754 5038/15581/1755 5076/15287/1788 5078/15582/1790
f 5038/15583/1755 5162/15584/1756 5074/15585/1786 5076/15282/1788
f 5162/15586/1756 5041/15587/1757 5072/15279/1784 5074/15588/1786
f 5041/15589/1757 5163/15590/1758 5070/15275/1782 5072/15274/1784
f 5163/15591/1758 5043/15592/1759 5068/15271/1780 5070/15270/1782
f 5043/15593/1759 5045/15594/1761 5066/15595/1778 5068/15596/1780
f 5045/15597/1761 5047/15598/1762 5064/15599/1776 5066/15262/1778
f 5047/15600/1762 5049/15601/1763 5062/15602/1774 5064/15603/1776
f 5049/15604/1763 5164/15605/1764 5058/15606/1772 5062/15607/1774
f 4976/15608/1491 4974/15609/1492 5053/15610/1493 5051/15611/1526 5050/15612/1641 5048/15613/1640 5046/15614/1760 5044/15615/1638 5042/15616/1637 5165/15617/1636 5040/15618/1635 5039/15619/1634 5166/15620/1633 5036/15621/1752 5035/15622/1750 5167/15623/1630 5032/15624/1629 5031/15625/1746 5168/15626/1744 5028/15627/1626 5026/15628/1625 5024/15629/1740 5022/15630/1623 5020/15631/1622 5169/15632/1621 5017/15633/1620 5015/15634/1619 5014/15635/1497 5012/15636/1498 5010/15637/1499 5008/15638/1500 5007/15639/1501 5005/15640/1502 5170/15641/1727 5002/15642/1504 5171/15643/1505 5000/15644/1506 4998/15645/1507 5172/15646/1508 4995/15647/1509 4994/15648/1510 4993/15649/1511 4991/15650/1512 4989/15651/1513 4987/15652/1514 4985/15653/1714 4983/15654/1516 4982/15655/1517 4980/15656/1518 4978/15657/1519
f 5176/15658/1866 5173/15659/1292 5174/15660/1291 5178/15661/1867
f 5174/15662/1291 5276/15663/1294 5277/15664/1296 5278/15665/1298 5279/15666/1300 5280/15667/1644 5281/15668/1304 5282/15669/1306 5283/15670/1308 5284/15671/1310 5285/15672/1647 5286/15673/1314 5287/15674/1316 5288/15675/1868 5289/15676/1320 5290/15677/1322 5291/15678/1324 5292/15679/1654 5293/15680/1328 5294/15681/1330 5295/15682/1332 5296/15683/1334 5297/15684/1336 5298/15685/1338 5323/15686/1869 5326/15687/1870 5329/15688/1871 5175/15689/1663 5173/15690/1292
f 5179/15691/1872 5175/15692/1663 5173/15693/1292 5176/15694/1866
f 5179/15695/1872 5176/15696/1866 5177/15697/1873 5181/15698/1874
f 5176/15699/1866 5178/15700/1867 5275/15701/1875 5177/15702/1873
f 5180/15703/1876 5179/15704/1872 5181/15705/1874 5182/15706/1877
f 5180/15707/1876 5322/15708/1386 5175/15709/1663 5179/15710/1872
f 5184/15711/1878 5180/15712/1876 5182/15713/1877 5183/15714/1879
f 5186/15715/1880 5184/15716/1878 5183/15717/1879 5185/15718/1881
f 5188/15719/1882 5186/15720/1880 5185/15721/1881 5187/15722/1883
f 5190/15723/1884 5188/15724/1882 5187/15725/1883 5189/15726/1885
f 5192/15727/1886 5190/15728/1884 5189/15729/1885 5191/15730/1887
f 5194/15731/1888 5192/15732/1886 5191/15733/1887 5193/15734/1889
f 5196/15735/1890 5194/15736/1888 5193/15737/1889 5195/15738/1891
f 5198/15739/1892 5196/15740/1890 5195/15741/1891 5197/15742/1893
f 5200/15743/1894 5198/15744/1892 5197/15745/1893 5199/15746/1895
f 5202/15747/1896 5200/15748/1894 5199/15749/1895 5201/15750/1897
f 5204/15751/1898 5202/15752/1896 5201/15753/1897 5203/15754/1899
f 5206/15755/1900 5204/15756/1898 5203/15757/1899 5205/15758/1901
f 5208/15759/1902 5206/15760/1900 5205/15761/1901 5207/15762/1903
f 5210/15763/1904 5208/15764/1902 5207/15765/1903 5209/15766/1905
f 5212/15767/1906 5210/15768/1904 5209/15769/1905 5211/15770/1907
f 5214/15771/1908 5212/15772/1906 5211/15773/1907 5213/15774/1909
f 5216/15775/1910 5214/15776/1908 5213/15777/1909 5215/15778/1911
f 5218/15779/1912 5216/15780/1910 5215/15781/1911 5217/15782/1913
f 5220/15783/1914 5218/15784/1912 5217/15785/1913 5219/15786/1915
f 5222/15787/1916 5220/15788/1914 5219/15789/1915 5221/15790/1917
f 5224/15791/1918 5222/15792/1916 5221/15793/1917 5223/15794/1919
f 5226/15795/1920 5224/15796/1918 5223/15797/1919 5225/15798/1921
f 5228/15799/1922 5226/15800/1920 5225/15801/1921 5227/15802/1923
f 5230/15803/1924 5228/15804/1922 5227/15805/1923 5229/15806/1925
f 5232/15807/1926 5230/15808/1924 5229/15809/1925 5231/15810/1927
f 5234/15811/1928 5232/15812/1926 5231/15813/1927 5233/15814/1929
f 5236/15815/1930 5234/15816/1928 5233/15817/1929 5235/15818/1931
f 5238/15819/1932 5236/15820/1930 5235/15821/1931 5237/15822/1933
f 5240/15823/1934 5238/15824/1932 5237/15825/1933 5239/15826/1935
f 5242/15827/1936 5240/15828/1934 5239/15829/1935 5241/15830/1937
f 5244/15831/1938 5242/15832/1936 5241/15833/1937 5243/15834/1939
f 5246/15835/1940 5244/15836/1938 5243/15837/1939 5245/15838/1941
f 5248/15839/1942 5246/15840/1940 5245/15841/1941 5247/15842/1943
f 5250/15843/1944 5248/15844/1942 5247/15845/1943 5249/15846/1945
f 5252/15847/1946 5250/15848/1944 5249/15849/1945 5251/15850/1947
f 5254/15851/1948 5252/15852/1946 5251/15853/1947 5253/15854/1949
f 5256/15855/1950 5254/15856/1948 5253/15857/1949 5255/15858/1951
f 5258/15859/1952 5256/15860/1950 5255/15861/1951 5257/15862/1953
f 5260/15863/1954 5258/15864/1952 5257/15865/1953 5259/15866/1955
f 5262/15867/1956 5260/15868/1954 5259/15869/1955 5261/15870/1957
f 5264/15871/1958 5262/15872/1956 5261/15873/1957 5263/15874/1959
f 5266/15875/1960 5264/15876/1958 5263/15877/1959 5265/15878/1961
f 5268/15879/1962 5266/15880/1960 5265/15881/1961 5267/15882/1963
f 5270/15883/1964 5268/15884/1962 5267/15885/1963 5269/15886/1965
f 5272/15887/1966 5270/15888/1964 5269/15889/1965 5271/15890/1967
f 5274/15891/1968 5272/15892/1966 5271/15893/1967 5273/15894/1969
f 5178/15895/1867 5274/15896/1968 5273/15897/1969 5275/15898/1875
f 5178/15899/1867 5174/15900/1291 5276/15901/1294 5274/15902/1968
f 5274/15903/1968 5276/15904/1294 5277/15905/1296 5272/15906/1966
f 5272/15907/1966 5277/15908/1296 5278/15909/1298 5270/15910/1964
f 5270/15911/1964 5278/15912/1298 5279/15913/1300 5268/15914/1962
f 5268/15915/1962 5279/15916/1300 5280/15917/1644 5266/15918/1960
f 5266/15919/1960 5280/15920/1644 5281/15921/1304 5264/15922/1958
f 5264/15923/1958 5281/15924/1304 5282/15925/1306 5262/15926/1956
f 5262/15927/1956 5282/15928/1306 5283/15929/1308 5260/15930/1954
f 5260/15931/1954 5283/15932/1308 5284/15933/1310 5258/15934/1952
f 5258/15935/1952 5284/15936/1310 5285/15937/1647 5256/15938/1950
f 5256/15939/1950 5285/15940/1647 5286/15941/1314 5254/15942/1948
f 5254/15943/1948 5286/15944/1314 5287/15945/1316 5252/15946/1946
f 5252/15947/1946 5287/15948/1316 5288/15949/1868 5250/15950/1944
f 5250/15951/1944 5288/15952/1868 5289/15953/1320 5248/15954/1942
f 5248/15955/1942 5289/15956/1320 5290/15957/1322 5246/15958/1940
f 5246/15959/1940 5290/15960/1322 5291/15961/1324 5244/15962/1938
f 5244/15963/1938 5291/15964/1324 5292/15965/1654 5242/15966/1936
f 5242/15967/1936 5292/15968/1654 5293/15969/1328 5240/15970/1934
f 5240/15971/1934 5293/15972/1328 5294/15973/1330 5238/15974/1932
f 5238/15975/1932 5294/15976/1330 5295/15977/1332 5236/15978/1930
f 5236/15979/1930 5295/15980/1332 5296/15981/1334 5234/15982/1928
f 5234/15983/1928 5296/15984/1334 5297/15985/1336 5232/15986/1926
f 5232/15987/1926 5297/15988/1336 5298/15989/1338 5230/15990/1924
f 5230/15991/1924 5298/15992/1338 5299/15993/1340 5228/15994/1922
f 5228/15995/1922 5299/15996/1340 5300/15997/1342 5226/15998/1920
f 5226/15999/1920 5300/16000/1342 5301/16001/1344 5224/16002/1918
f 5224/16003/1918 5301/16004/1344 5302/16005/1346 5222/16006/1916
f 5222/16007/1916 5302/16008/1346 5303/16009/1348 5220/16010/1914
f 5220/16011/1914 5303/16012/1348 5304/16013/1970 5218/16014/1912
f 5218/16015/1912 5304/16016/1970 5305/16017/1352 5216/16018/1910
f 5216/16019/1910 5305/16020/1352 5306/16021/1354 5214/16022/1908
f 5214/16023/1908 5306/16024/1354 5307/16025/1356 5212/16026/1906
f 5212/16027/1906 5307/16028/1356 5308/16029/1679 5210/16030/1904
f 5210/16031/1904 5308/16032/1679 5309/16033/1360 5208/16034/1902
f 5208/16035/1902 5309/16036/1360 5310/16037/1659 5206/16038/1900
f 5206/16039/1900 5310/16040/1659 5311/16041/1680 5204/16042/1898
f 5204/16043/1898 5311/16044/1680 5312/16045/1971 5202/16046/1896
f 5202/16047/1896 5312/16048/1971 5313/16049/1972 5200/16050/1894
f 5200/16051/1894 5313/16052/1972 5314/16053/1370 5198/16054/1892
f 5198/16055/1892 5314/16056/1370 5315/16057/1372 5196/16058/1890
f 5196/16059/1890 5315/16060/1372 5316/16061/1374 5194/16062/1888
f 5194/16063/1888 5316/16064/1374 5317/16065/1376 5192/16066/1886
f 5192/16067/1886 5317/16068/1376 5318/16069/1378 5190/16070/1884
f 5190/16071/1884 5318/16072/1378 5319/16073/1681 5188/16074/1882
f 5188/16075/1882 5319/16076/1681 5320/16077/1382 5186/16078/1880
f 5186/16079/1880 5320/16080/1382 5321/16081/1384 5184/16082/1878
f 5184/16083/1878 5321/16084/1384 5322/16085/1386 5180/16086/1876
f 5298/15685/1338 5299/16087/1340 5300/16088/1342 5301/16089/1344 5302/16090/1346 5303/16091/1348 5304/16092/1970 5305/16093/1352 5306/16094/1354 5307/16095/1356 5308/16096/1679 5309/16097/1360 5310/16098/1659 5311/16099/1680 5312/16100/1971 5313/16101/1972 5314/16102/1370 5315/16103/1372 5316/16104/1374 5317/16105/1376 5318/16106/1378 5319/16107/1681 5320/16108/1382 5321/16109/1384 5322/16110/1386 5175/15689/1663 5329/15688/1871 5332/16111/1973 5323/15686/1869
f 5335/16112/1708 5336/16113/1492 5337/16114/1491 5406/16115/1709
f 5406/16116/1709 5337/16117/1491 5534/16118/1974 5338/16119/1710
f 5338/16120/1710 5534/16121/1974 5340/16122/1518 5339/16123/1711
f 5339/16124/1711 5340/16125/1518 5342/16126/1517 5341/16127/1712
f 5341/16128/1712 5342/16129/1517 5344/16130/1516 5343/16131/1975
f 5343/16132/1975 5344/16133/1516 5346/16134/1515 5345/16135/1715
f 5345/16136/1715 5346/16137/1515 5347/16138/1514 5508/16139/1976
f 5508/16140/1976 5347/16141/1514 5533/16142/1513 5348/16143/1717
f 5348/16144/1717 5533/16145/1513 5532/16146/1512 5349/16147/1718
f 5349/16148/1718 5532/16149/1512 5351/16150/1511 5350/16151/1719
f 5350/16152/1719 5351/16153/1511 5531/16154/1977 5352/16155/1720
f 5352/16156/1720 5531/16157/1977 5530/16158/1509 5509/16159/1978
f 5509/16160/1978 5530/16161/1509 5529/16162/1508 5510/16163/1722
f 5510/16164/1722 5529/16165/1508 5353/16166/1507 5511/16167/1979
f 5511/16168/1979 5353/16169/1507 5355/16170/1506 5354/16171/1724
f 5354/16172/1724 5355/16173/1506 5528/16174/1980 5512/16175/1981
f 5512/16176/1981 5528/16177/1980 5357/16178/1982 5356/16179/1726
f 5356/16180/1726 5357/16181/1982 5359/16182/1503 5358/16183/1983
f 5358/16184/1983 5359/16185/1503 5527/16186/1984 5360/16187/1985
f 5360/16188/1985 5527/16189/1984 5361/16190/1501 5513/16191/1986
f 5513/16192/1986 5361/16193/1501 5363/16194/1500 5362/16195/1731
f 5362/16196/1731 5363/16197/1500 5365/16198/1499 5364/16199/1987
f 5364/16200/1987 5365/16201/1499 5367/16202/1498 5366/16203/1733
f 5366/16204/1733 5367/16205/1498 5368/16206/1988 5514/16207/1734
f 5514/16208/1734 5368/16209/1988 5370/16210/1619 5369/16211/1735
f 5369/16211/1735 5370/16210/1619 5371/16212/1620 5515/16213/1736
f 5515/16214/1736 5371/16215/1620 5373/16216/1621 5372/16217/1737
f 5372/16218/1737 5373/16219/1621 5375/16220/1622 5374/16221/1738
f 5374/16222/1738 5375/16223/1622 5526/16224/1623 5376/16225/1739
f 5376/16226/1739 5526/16227/1623 5525/16228/1740 5377/16229/1741
f 5377/16230/1741 5525/16231/1740 5379/16232/1625 5378/16233/1742
f 5378/16234/1742 5379/16235/1625 5381/16236/1626 5380/16237/1743
f 5380/16238/1743 5381/16239/1626 5383/16240/1627 5382/16241/1989
f 5382/16242/1989 5383/16243/1627 5384/16244/1746 5516/16245/1990
f 5516/16246/1990 5384/16247/1746 5524/16248/1629 5385/16249/1748
f 5385/16250/1748 5524/16251/1629 5387/16252/1991 5386/16253/1749
f 5386/16254/1749 5387/16255/1991 5523/16256/1631 5388/16257/1751
f 5388/16258/1751 5523/16259/1631 5390/16260/1752 5389/16261/1992
f 5389/16262/1992 5390/16263/1752 5522/16264/1633 5517/16265/1754
f 5517/16266/1754 5522/16267/1633 5392/16268/1634 5391/16269/1755
f 5391/16270/1755 5392/16271/1634 5394/16272/1993 5393/16273/1756
f 5393/16274/1756 5394/16275/1993 5396/16276/1636 5395/16277/1757
f 5395/16278/1757 5396/16279/1636 5521/16280/1637 5397/16281/1758
f 5397/16282/1758 5521/16283/1637 5399/16284/1638 5398/16285/1759
f 5398/16286/1759 5399/16287/1638 5520/16288/1760 5400/16289/1761
f 5400/16290/1761 5520/16291/1760 5401/16292/1994 5518/16293/1762
f 5518/16294/1762 5401/16295/1994 5403/16296/1641 5402/16297/1995
f 5402/16298/1995 5403/16299/1641 5405/16300/1526 5404/16301/1764
f 5404/16302/1764 5405/16303/1526 5519/16304/1493 5407/16305/1996
f 5407/16306/1996 5519/16307/1493 5336/16308/1492 5335/16309/1708
f 5335/16310/1708 5406/16311/1709 5410/16312/1766 5408/16313/1997
f 5407/16314/1996 5335/16315/1708 5408/16316/1997 5411/16317/1768
f 5411/16318/1768 5408/16319/1997 5409/16320/1769 5413/16321/1770
f 5408/16322/1997 5410/16323/1766 5507/16324/1771 5409/16325/1769
f 5412/16326/1998 5411/16327/1768 5413/16328/1770 5414/16329/1773
f 5404/16330/1764 5407/16331/1996 5411/16332/1768 5412/16333/1998
f 5416/16334/1774 5412/16335/1998 5414/16336/1773 5415/16337/1775
f 5418/16338/1776 5416/16339/1774 5415/16340/1775 5417/16341/1777
f 5420/16342/1778 5418/16343/1776 5417/16344/1777 5419/16345/1779
f 5422/16346/1780 5420/16347/1778 5419/16345/1779 5421/16348/1781
f 5424/16349/1782 5422/16350/1780 5421/16351/1781 5423/16352/1999
f 5426/16353/1784 5424/16354/1782 5423/16355/1999 5425/16356/1785
f 5428/16357/1786 5426/16358/1784 5425/16359/1785 5427/16360/1787
f 5430/16361/1788 5428/16362/1786 5427/16363/1787 5429/16364/1789
f 5432/16365/1790 5430/16366/1788 5429/16367/1789 5431/16368/1791
f 5434/16369/1792 5432/16370/1790 5431/16371/1791 5433/16372/1793
f 5436/16373/1794 5434/16374/1792 5433/16375/1793 5435/16376/1795
f 5438/16377/1796 5436/16378/1794 5435/16379/1795 5437/16380/1797
f 5440/16381/1798 5438/16382/1796 5437/16383/1797 5439/16384/1799
f 5442/16385/1800 5440/16386/1798 5439/16387/1799 5441/16388/1801
f 5444/16389/1802 5442/16390/1800 5441/16391/1801 5443/16392/1803
f 5446/16393/1804 5444/16394/1802 5443/16395/1803 5445/16396/1805
f 5448/16397/1806 5446/16398/1804 5445/16399/1805 5447/16400/1807
f 5450/16401/1808 5448/16402/1806 5447/16403/1807 5449/16404/1809
f 5452/16405/1810 5450/16406/1808 5449/16407/1809 5451/16408/1811
f 5454/16409/1812 5452/16410/1810 5451/16411/1811 5453/16412/1813
f 5456/16413/1814 5454/16414/1812 5453/16415/1813 5455/16416/2000
f 5458/16417/1816 5456/16418/1814 5455/16419/2000 5457/16420/1817
f 5460/16421/1818 5458/16422/1816 5457/16423/1817 5459/16424/1819
f 5462/16425/1820 5460/16426/1818 5459/16427/1819 5461/16428/1821
f 5464/16429/1822 5462/16430/1820 5461/16431/1821 5463/16432/2001
f 5466/16433/1824 5464/16434/1822 5463/16435/2001 5465/16436/1825
f 5468/16437/1826 5466/16438/1824 5465/16439/1825 5467/16440/1827
f 5470/16441/1828 5468/16442/1826 5467/16443/1827 5469/16444/1829
f 5472/16445/1830 5470/16446/1828 5469/16447/1829 5471/16448/1831
f 5474/16449/1832 5472/16450/1830 5471/16451/1831 5473/16452/1833
f 5476/16453/1834 5474/16454/1832 5473/16455/1833 5475/16456/1835
f 5478/16457/1836 5476/16458/1834 5475/16459/1835 5477/16460/1837
f 5480/16461/2002 5478/16462/1836 5477/16463/1837 5479/16464/1839
f 5482/16465/1840 5480/16466/2002 5479/16467/1839 5481/16468/1841
f 5484/16469/2003 5482/16470/1840 5481/16471/1841 5483/16472/2004
f 5486/16473/1844 5484/16474/2003 5483/16475/2004 5485/16476/1845
f 5488/16477/2005 5486/16478/1844 5485/16479/1845 5487/16480/1847
f 5490/16481/1848 5488/16482/2005 5487/16483/1847 5489/16484/1849
f 5492/16485/2006 5490/16486/1848 5489/16487/1849 5491/16488/1851
f 5494/16489/1852 5492/16490/2006 5491/16491/1851 5493/16492/1853
f 5496/16493/1854 5494/16494/1852 5493/16495/1853 5495/16496/2007
f 5498/16497/1856 5496/16498/1854 5495/16499/2007 5497/16500/2008
f 5500/16501/1858 5498/16502/1856 5497/16503/2008 5499/16504/1859
f 5502/16505/1860 5500/16506/1858 5499/16507/1859 5501/16508/1861
f 5504/16509/1862 5502/16510/1860 5501/16511/1861 5503/16512/1863
f 5506/16513/1864 5504/16514/1862 5503/16515/1863 5505/16516/1865
f 5410/16517/1766 5506/16518/1864 5505/16519/1865 5507/16520/1771
f 5406/16521/1709 5338/16522/1710 5506/16523/1864 5410/16524/1766
f 5338/16525/1710 5339/16526/1711 5504/16527/1862 5506/16528/1864
f 5339/16529/1711 5341/16530/1712 5502/16531/1860 5504/16532/1862
f 5341/16533/1712 5343/16534/1975 5500/16535/1858 5502/16536/1860
f 5343/16537/1975 5345/16538/1715 5498/16539/1856 5500/16540/1858
f 5345/16541/1715 5508/16542/1976 5496/16543/1854 5498/16544/1856
f 5508/16545/1976 5348/16546/1717 5494/16547/1852 5496/16548/1854
f 5348/16549/1717 5349/16550/1718 5492/16551/2006 5494/16552/1852
f 5349/16553/1718 5350/16554/1719 5490/16555/1848 5492/16556/2006
f 5350/16557/1719 5352/16558/1720 5488/16559/2005 5490/16560/1848
f 5352/16561/1720 5509/16562/1978 5486/16563/1844 5488/16564/2005
f 5509/16565/1978 5510/16566/1722 5484/16567/2003 5486/16568/1844
f 5510/16569/1722 5511/16570/1979 5482/16571/1840 5484/16572/2003
f 5511/16573/1979 5354/16574/1724 5480/16575/2002 5482/16465/1840
f 5354/16576/1724 5512/16577/1981 5478/16462/1836 5480/16578/2002
f 5512/16579/1981 5356/16580/1726 5476/16458/1834 5478/16457/1836
f 5356/16581/1726 5358/16582/1983 5474/16454/1832 5476/16453/1834
f 5358/16583/1983 5360/16584/1985 5472/16585/1830 5474/16449/1832
f 5360/16586/1985 5513/16587/1986 5470/16446/1828 5472/16445/1830
f 5513/16588/1986 5362/16589/1731 5468/16442/1826 5470/16590/1828
f 5362/16591/1731 5364/16592/1987 5466/16593/1824 5468/16437/1826
f 5364/16594/1987 5366/16595/1733 5464/16596/1822 5466/16597/1824
f 5366/16598/1733 5514/16599/1734 5462/16600/1820 5464/16601/1822
f 5514/16602/1734 5369/16603/1735 5460/16604/1818 5462/16605/1820
f 5369/16603/1735 5515/16606/1736 5458/16607/1816 5460/16608/1818
f 5515/16609/1736 5372/16610/1737 5456/16413/1814 5458/16611/1816
f 5372/16612/1737 5374/16613/1738 5454/16614/1812 5456/16615/1814
f 5374/16616/1738 5376/16617/1739 5452/16618/1810 5454/16619/1812
f 5376/16620/1739 5377/16621/1741 5450/16622/1808 5452/16623/1810
f 5377/16624/1741 5378/16625/1742 5448/16626/1806 5450/16627/1808
f 5378/16628/1742 5380/16629/1743 5446/16630/1804 5448/16631/1806
f 5380/16632/1743 5382/16633/1989 5444/16634/1802 5446/16635/1804
f 5382/16636/1989 5516/16637/1990 5442/16638/1800 5444/16639/1802
f 5516/16640/1990 5385/16641/1748 5440/16642/1798 5442/16643/1800
f 5385/16644/1748 5386/16645/1749 5438/16646/1796 5440/16647/1798
f 5386/16648/1749 5388/16649/1751 5436/16650/1794 5438/16651/1796
f 5388/16652/1751 5389/16653/1992 5434/16654/1792 5436/16655/1794
f 5389/16656/1992 5517/16657/1754 5432/16658/1790 5434/16659/1792
f 5517/16660/1754 5391/16661/1755 5430/16662/1788 5432/16663/1790
f 5391/16664/1755 5393/16665/1756 5428/16666/1786 5430/16361/1788
f 5393/16667/1756 5395/16668/1757 5426/16358/1784 5428/16357/1786
f 5395/16669/1757 5397/16670/1758 5424/16354/1782 5426/16353/1784
f 5397/16671/1758 5398/16672/1759 5422/16350/1780 5424/16349/1782
f 5398/16673/1759 5400/16674/1761 5420/16347/1778 5422/16675/1780
f 5400/16676/1761 5518/16677/1762 5418/16678/1776 5420/16342/1778
f 5518/16679/1762 5402/16680/1995 5416/16681/1774 5418/16682/1776
f 5402/16683/1995 5404/16684/1764 5412/16685/1998 5416/16686/1774
f 5337/16687/1491 5336/16688/1492 5519/16689/1493 5405/16690/1526 5403/16691/1641 5401/16692/1994 5520/16693/1760 5399/16694/1638 5521/16695/1637 5396/16696/1636 5394/16697/1993 5392/16698/1634 5522/16699/1633 5390/16700/1752 5523/16701/1631 5387/16702/1991 5524/16703/1629 5384/16704/1746 5383/16705/1627 5381/16706/1626 5379/16707/1625 5525/16708/1740 5526/16709/1623 5375/16710/1622 5373/16711/1621 5371/16712/1620 5370/16713/1619 5368/16714/1988 5367/16715/1498 5365/16716/1499 5363/16717/1500 5361/16718/1501 5527/16719/1984 5359/16720/1503 5357/16721/1982 5528/16722/1980 5355/16723/1506 5353/16724/1507 5529/16725/1508 5530/16726/1509 5531/16727/1977 5351/16728/1511 5532/16729/1512 5533/16730/1513 5347/16731/1514 5346/16732/1515 5344/16733/1516 5342/16734/1517 5340/16735/1518 5534/16736/1974
f 5538/16737/1866 5535/16738/1492 5536/16739/1491 5540/16740/1867
f 5536/16741/1491 5535/16742/1492 5537/16743/1493 5684/16744/1526 5683/16745/1641 5682/16746/1640 5681/16747/1639 5680/16748/1638 5679/16749/1637 5678/16750/1636 5677/16751/1635 5676/16752/1634 5675/16753/1633 5674/16754/1632 5673/16755/1631 5672/16756/1630 5671/16757/1629 5670/16758/1628 5669/16759/1627 5668/16760/1626 5667/16761/1625 5666/16762/1740 5665/16763/1623 5664/16764/1622 5663/16765/1621 5662/16766/1620 5661/16767/1619 5660/16768/1497 5659/16769/1498 5658/16770/1499 5657/16771/1500 5656/16772/1501 5655/16773/1502 5654/16774/1503 5653/16775/1504 5652/16776/1505 5651/16777/1506 5650/16778/1507 5649/16779/1508 5648/16780/1509 5647/16781/1510 5646/16782/1511 5645/16783/1512 5644/16784/1513 5643/16785/1514 5642/16786/1515 5641/16787/2009 5640/16788/1517 5639/16789/1518 5638/16790/1519
f 5541/16791/2010 5537/16792/1493 5535/16793/1492 5538/16794/1866
f 5541/16795/2010 5538/16796/1866 5539/16797/1873 5543/16798/2011
f 5538/16799/1866 5540/16800/1867 5637/16801/1875 5539/16802/1873
f 5542/16803/1876 5541/16804/2010 5543/16805/2011 5544/16806/1877
f 5542/16807/1876 5684/16808/1526 5537/16809/1493 5541/16810/2010
f 5546/16811/1878 5542/16812/1876 5544/16813/1877 5545/16814/1879
f 5548/16815/1880 5546/16816/1878 5545/16817/1879 5547/16818/1881
f 5550/16819/1882 5548/16820/1880 5547/16821/1881 5549/16822/1883
f 5552/16823/1884 5550/16824/1882 5549/16825/1883 5551/16826/1885
f 5554/16827/1886 5552/16828/1884 5551/16829/1885 5553/16830/1887
f 5556/16831/1888 5554/16832/1886 5553/16833/1887 5555/16834/1889
f 5558/16835/2012 5556/16836/1888 5555/16837/1889 5557/16838/1891
f 5560/16839/1892 5558/16840/2012 5557/16841/1891 5559/16842/1893
f 5562/16843/1894 5560/16844/1892 5559/16845/1893 5561/16846/1895
f 5564/16847/1896 5562/16848/1894 5561/16849/1895 5563/16850/1897
f 5566/16851/1898 5564/16852/1896 5563/16853/1897 5565/16854/2013
f 5568/16855/2014 5566/16856/1898 5565/16857/2013 5567/16858/1901
f 5570/16859/1902 5568/16860/2014 5567/16861/1901 5569/16862/1903
f 5572/16863/1904 5570/16864/1902 5569/16865/1903 5571/16866/1905
f 5574/16867/1906 5572/16868/1904 5571/16869/1905 5573/16870/2015
f 5576/16871/1908 5574/16872/1906 5573/16873/2015 5575/16874/1909
f 5578/16875/1910 5576/16876/1908 5575/16877/1909 5577/16878/1911
f 5580/16879/1912 5578/16880/1910 5577/16881/1911 5579/16882/1913
f 5582/16883/2016 5580/16884/1912 5579/16885/1913 5581/16886/1915
f 5584/16887/1916 5582/16888/2016 5581/16889/1915 5583/16890/2017
f 5586/16891/1918 5584/16892/1916 5583/16893/2017 5585/16894/1919
f 5588/16895/2018 5586/16896/1918 5585/16897/1919 5587/16898/1921
f 5590/16899/1922 5588/16900/2018 5587/16901/1921 5589/16902/1923
f 5592/16903/2019 5590/16904/1922 5589/16905/1923 5591/16906/1925
f 5594/16907/1926 5592/16908/2019 5591/16909/1925 5593/16910/1927
f 5596/16911/1928 5594/16912/1926 5593/16913/1927 5595/16914/1929
f 5598/16915/1930 5596/16916/1928 5595/16917/1929 5597/16918/1931
f 5600/16919/2020 5598/16920/1930 5597/16921/1931 5599/16922/1933
f 5602/16923/2021 5600/16924/2020 5599/16925/1933 5601/16926/1935
f 5604/16927/1936 5602/16928/2021 5601/16929/1935 5603/16930/2022
f 5606/16931/2023 5604/16932/1936 5603/16933/2022 5605/16934/1939
f 5608/16935/1940 5606/16936/2023 5605/16937/1939 5607/16938/1941
f 5610/16939/1942 5608/16940/1940 5607/16941/1941 5609/16942/1943
f 5612/16943/1944 5610/16944/1942 5609/16945/1943 5611/16946/1945
f 5614/16947/1946 5612/16948/1944 5611/16949/1945 5613/16950/1947
f 5616/16951/1948 5614/16952/1946 5613/16953/1947 5615/16954/1949
f 5618/16955/1950 5616/16956/1948 5615/16957/1949 5617/16958/1951
f 5620/16959/1952 5618/16960/1950 5617/16961/1951 5619/16962/1953
f 5622/16963/1954 5620/16964/1952 5619/16965/1953 5621/16966/1955
f 5624/16967/2024 5622/16968/1954 5621/16969/1955 5623/16970/1957
f 5626/16971/1958 5624/16972/2024 5623/16973/1957 5625/16974/2025
f 5628/16975/2026 5626/16976/1958 5625/16977/2025 5627/16978/1961
f 5630/16979/1962 5628/16980/2026 5627/16981/1961 5629/16982/1963
f 5632/16983/1964 5630/16984/1962 5629/16985/1963 5631/16986/1965
f 5634/16987/1966 5632/16988/1964 5631/16989/1965 5633/16990/1967
f 5636/16991/1968 5634/16992/1966 5633/16993/1967 5635/16994/1969
f 5540/16995/1867 5636/16996/1968 5635/16997/1969 5637/16998/1875
f 5540/16999/1867 5536/17000/1491 5638/17001/1519 5636/17002/1968
f 5636/17003/1968 5638/17004/1519 5639/17005/1518 5634/17006/1966
f 5634/17007/1966 5639/17008/1518 5640/17009/1517 5632/17010/1964
f 5632/17011/1964 5640/17012/1517 5641/17013/2009 5630/17014/1962
f 5630/17015/1962 5641/17016/2009 5642/17017/1515 5628/17018/2026
f 5628/17019/2026 5642/17020/1515 5643/17021/1514 5626/17022/1958
f 5626/17023/1958 5643/17024/1514 5644/17025/1513 5624/17026/2024
f 5624/17027/2024 5644/17028/1513 5645/17029/1512 5622/17030/1954
f 5622/17031/1954 5645/17032/1512 5646/17033/1511 5620/17034/1952
f 5620/17035/1952 5646/17036/1511 5647/17037/1510 5618/17038/1950
f 5618/17039/1950 5647/17040/1510 5648/17041/1509 5616/17042/1948
f 5616/17043/1948 5648/17044/1509 5649/17045/1508 5614/17046/1946
f 5614/17047/1946 5649/17048/1508 5650/17049/1507 5612/17050/1944
f 5612/17051/1944 5650/17052/1507 5651/17053/1506 5610/17054/1942
f 5610/17055/1942 5651/17056/1506 5652/17057/1505 5608/17058/1940
f 5608/17059/1940 5652/17060/1505 5653/17061/1504 5606/17062/2023
f 5606/17063/2023 5653/17064/1504 5654/17065/1503 5604/17066/1936
f 5604/17067/1936 5654/17068/1503 5655/17069/1502 5602/17070/2021
f 5602/17071/2021 5655/17072/1502 5656/17073/1501 5600/17074/2020
f 5600/17075/2020 5656/17076/1501 5657/17077/1500 5598/17078/1930
f 5598/17079/1930 5657/17080/1500 5658/17081/1499 5596/17082/1928
f 5596/17083/1928 5658/17084/1499 5659/17085/1498 5594/17086/1926
f 5594/17087/1926 5659/17088/1498 5660/17089/1497 5592/17090/2019
f 5592/17091/2019 5660/17092/1497 5661/17093/1619 5590/17094/1922
f 5590/17094/1922 5661/17093/1619 5662/17095/1620 5588/17096/2018
f 5588/17097/2018 5662/17098/1620 5663/17099/1621 5586/17100/1918
f 5586/17101/1918 5663/17102/1621 5664/17103/1622 5584/17104/1916
f 5584/17105/1916 5664/17106/1622 5665/17107/1623 5582/17108/2016
f 5582/17109/2016 5665/17110/1623 5666/17111/1740 5580/17112/1912
f 5580/17113/1912 5666/17114/1740 5667/17115/1625 5578/17116/1910
f 5578/17117/1910 5667/17118/1625 5668/17119/1626 5576/17120/1908
f 5576/17121/1908 5668/17122/1626 5669/17123/1627 5574/17124/1906
f 5574/17125/1906 5669/17126/1627 5670/17127/1628 5572/17128/1904
f 5572/17129/1904 5670/17130/1628 5671/17131/1629 5570/17132/1902
f 5570/17133/1902 5671/17134/1629 5672/17135/1630 5568/17136/2014
f 5568/17137/2014 5672/17138/1630 5673/17139/1631 5566/17140/1898
f 5566/17141/1898 5673/17142/1631 5674/17143/1632 5564/17144/1896
f 5564/17145/1896 5674/17146/1632 5675/17147/1633 5562/17148/1894
f 5562/17149/1894 5675/17150/1633 5676/17151/1634 5560/17152/1892
f 5560/17153/1892 5676/17154/1634 5677/17155/1635 5558/17156/2012
f 5558/17157/2012 5677/17158/1635 5678/17159/1636 5556/17160/1888
f 5556/17161/1888 5678/17162/1636 5679/17163/1637 5554/17164/1886
f 5554/17165/1886 5679/17166/1637 5680/17167/1638 5552/17168/1884
f 5552/17169/1884 5680/17170/1638 5681/17171/1639 5550/17172/1882
f 5550/17173/1882 5681/17174/1639 5682/17175/1640 5548/17176/1880
f 5548/17177/1880 5682/17178/1640 5683/17179/1641 5546/17180/1878
f 5546/17181/1878 5683/17182/1641 5684/17183/1526 5542/17184/1876
usemtl glass
s off
f 4519/17185/1036 4520/17186/1036 4523/17187/1036 4522/17188/1036
f 4526/17189/1042 4520/17186/1042 4519/17185/1042 4521/17190/1042
f 4521/17190/1040 4519/17185/1040 4522/17188/1040 4524/17191/1040
f 4525/17192/1037 4524/17191/1037 4522/17188/1037 4523/17187/1037
f 4526/17189/1038 4521/17190/1038 4524/17191/1038 4525/17192/1038
f 4520/17186/1039 4526/17189/1039 4525/17192/1039 4523/17187/1039
f 4527/17193/1036 4528/17194/1036 4531/17195/1036 4530/17196/1036
f 4534/17197/1042 4528/17194/1042 4527/17193/1042 4529/17198/1042
f 4529/17198/1040 4527/17193/1040 4530/17196/1040 4532/17199/1040
f 4533/17200/1037 4532/17199/1037 4530/17196/1037 4531/17195/1037
f 4534/17197/1038 4529/17198/1038 4532/17199/1038 4533/17200/1038
f 4528/17194/1039 4534/17197/1039 4533/17200/1039 4531/17195/1039
f 4535/17201/1036 4536/17202/1036 4539/17203/1036 4538/17204/1036
f 4542/17205/1042 4536/17202/1042 4535/17201/1042 4537/17206/1042
f 4537/17206/1040 4535/17201/1040 4538/17204/1040 4540/17207/1040
f 4541/17208/1037 4540/17207/1037 4538/17204/1037 4539/17203/1037
f 4542/17205/1038 4537/17206/1038 4540/17207/1038 4541/17208/1038
f 4536/17202/1039 4542/17205/1039 4541/17208/1039 4539/17203/1039
f 4543/17209/1036 4544/17210/1036 4547/17211/1036 4546/17212/1036
f 4550/17213/1042 4544/17210/1042 4543/17209/1042 4545/17214/1042
f 4545/17214/1040 4543/17209/1040 4546/17212/1040 4548/17215/1040
f 4549/17216/1037 4548/17215/1037 4546/17212/1037 4547/17211/1037
f 4550/17213/1038 4545/17214/1038 4548/17215/1038 4549/17216/1038
f 4544/17210/1039 4550/17213/1039 4549/17216/1039 4547/17211/1039
f 4551/17217/1036 4552/17218/1036 4555/17219/1036 4554/17220/1036
f 4558/17221/1042 4552/17218/1042 4551/17217/1042 4553/17222/1042
f 4553/17222/1040 4551/17217/1040 4554/17220/1040 4556/17223/1040
f 4557/17224/1037 4556/17223/1037 4554/17220/1037 4555/17219/1037
f 4558/17221/1038 4553/17222/1038 4556/17223/1038 4557/17224/1038
f 4552/17218/1039 4558/17221/1039 4557/17224/1039 4555/17219/1039
f 4559/17225/1036 4560/17226/1036 4563/17227/1036 4562/17228/1036
f 4566/17229/1042 4560/17226/1042 4559/17225/1042 4561/17230/1042
f 4561/17230/1040 4559/17225/1040 4562/17228/1040 4564/17231/1040
f 4565/17232/1037 4564/17231/1037 4562/17228/1037 4563/17227/1037
f 4566/17229/1038 4561/17230/1038 4564/17231/1038 4565/17232/1038
f 4560/17226/1039 4566/17229/1039 4565/17232/1039 4563/17227/1039
f 4567/17233/1036 4568/17234/1036 4571/17235/1036 4570/17236/1036
f 4574/17237/1042 4568/17234/1042 4567/17233/1042 4569/17238/1042
f 4569/17238/1040 4567/17233/1040 4570/17236/1040 4572/17239/1040
f 4573/17240/1037 4572/17239/1037 4570/17236/1037 4571/17235/1037
f 4574/17237/1038 4569/17238/1038 4572/17239/1038 4573/17240/1038
f 4568/17234/1039 4574/17237/1039 4573/17240/1039 4571/17235/1039
f 4575/17241/1036 4576/17242/1036 4579/17243/1036 4578/17244/1036
f 4582/17245/1042 4576/17242/1042 4575/17241/1042 4577/17246/1042
f 4577/17246/1040 4575/17241/1040 4578/17244/1040 4580/17247/1040
f 4581/17248/1037 4580/17247/1037 4578/17244/1037 4579/17243/1037
f 4582/17245/1038 4577/17246/1038 4580/17247/1038 4581/17248/1038
f 4576/17242/1039 4582/17245/1039 4581/17248/1039 4579/17243/1039
f 4583/17249/1036 4584/17250/1036 4587/17251/1036 4586/17252/1036
f 4590/17253/1042 4584/17250/1042 4583/17249/1042 4585/17254/1042
f 4585/17254/1040 4583/17249/1040 4586/17252/1040 4588/17255/1040
f 4589/17256/1037 4588/17255/1037 4586/17252/1037 4587/17251/1037
f 4590/17253/1038 4585/17254/1038 4588/17255/1038 4589/17256/1038
f 4584/17250/1039 4590/17253/1039 4589/17256/1039 4587/17251/1039
f 4591/17257/1036 4592/17258/1036 4595/17259/1036 4594/17260/1036
f 4598/17261/1042 4592/17258/1042 4591/17257/1042 4593/17262/1042
f 4593/17262/1040 4591/17257/1040 4594/17260/1040 4596/17263/1040
f 4597/17264/1037 4596/17263/1037 4594/17260/1037 4595/17259/1037
f 4598/17261/1038 4593/17262/1038 4596/17263/1038 4597/17264/1038
f 4592/17258/1039 4598/17261/1039 4597/17264/1039 4595/17259/1039
f 4599/17265/1036 4600/17266/1036 4603/17267/1036 4602/17268/1036
f 4606/17269/1042 4600/17266/1042 4599/17265/1042 4601/17270/1042
f 4601/17270/1040 4599/17265/1040 4602/17268/1040 4604/17271/1040
f 4605/17272/1037 4604/17271/1037 4602/17268/1037 4603/17267/1037
f 4606/17269/1038 4601/17270/1038 4604/17271/1038 4605/17272/1038
f 4600/17266/1039 4606/17269/1039 4605/17272/1039 4603/17267/1039
f 4607/17273/1036 4608/17274/1036 4611/17275/1036 4610/17276/1036
f 4614/17277/1042 4608/17274/1042 4607/17273/1042 4609/17278/1042
f 4609/17278/1040 4607/17273/1040 4610/17276/1040 4612/17279/1040
f 4613/17280/1037 4612/17279/1037 4610/17276/1037 4611/17275/1037
f 4614/17277/1038 4609/17278/1038 4612/17279/1038 4613/17280/1038
f 4608/17274/1039 4614/17277/1039 4613/17280/1039 4611/17275/1039
usemtl black_steel_door
f 4686/17281/1042 4677/17282/1042 4617/17283/1042 4626/17284/1042
f 4829/17285/1037 4789/17286/1037 4795/17287/1037 4679/17288/1037
f 4618/17289/1039 4790/17290/1039 4830/17291/1039 4682/17292/1039
f 4615/17293/1040 4784/17294/1040 4807/17295/1040 4627/17296/1040
f 4616/17297/1036 4786/17298/1036 4798/17299/1036 4622/17300/1036
f 4617/17283/1038 4788/17301/1038 4806/17302/1038 4626/17284/1038
f 4619/17303/1036 4791/17304/1036 4799/17305/1036 4623/17306/1036
f 4846/17307/1038 4848/17308/1038 4796/17309/1038 4621/17310/1038
f 4624/17311/1038 4802/17312/1038 4793/17313/1038 4620/17314/1038
f 4726/17315/1042 4683/17316/1042 4620/17314/1042 4850/17317/1042
f 4682/17292/1042 4684/17318/1042 4621/17310/1042 4618/17289/1042
f 4621/17310/1038 4796/17309/1038 4790/17290/1038 4618/17289/1038
f 4677/17282/1040 4828/17319/1040 4788/17301/1040 4617/17283/1040
f 4623/17306/1036 4799/17305/1036 4804/17320/1036 4625/17321/1036
f 4627/17296/1040 4807/17295/1040 4811/17322/1040 4637/17323/1040
f 4792/17324/1037 4629/17325/1037 4633/17326/1037 4800/17327/1037
f 4724/17328/1037 4847/17329/1037 4794/17330/1037 4678/17331/1037
f 4683/17316/1042 4685/17332/1042 4624/17311/1042 4620/17314/1042
f 4681/17333/1037 4805/17334/1037 4787/17335/1037 4827/17336/1037
f 4800/17327/1037 4633/17326/1037 4635/17337/1037 4803/17338/1037
f 4626/17284/1038 4806/17302/1038 4802/17312/1038 4624/17311/1038
f 4685/17332/1042 4686/17281/1042 4626/17284/1042 4624/17311/1042
f 4623/17306/1042 4625/17321/1042 4636/17339/1042 4634/17340/1042
f 4680/17341/1037 4801/17342/1037 4805/17334/1037 4681/17333/1037
f 4619/17303/1042 4623/17306/1042 4634/17340/1042 4630/17343/1042
f 4678/17331/1037 4794/17330/1037 4801/17342/1037 4680/17341/1037
f 4628/17344/1039 4810/17345/1039 4786/17298/1039 4616/17297/1039
f 4616/17297/1042 4622/17300/1042 4631/17346/1042 4628/17344/1042
f 4839/17347/1042 4619/17303/1042 4630/17343/1042 4749/17348/1042
f 4839/17347/1036 4842/17349/1036 4791/17304/1036 4619/17303/1036
f 4785/17350/1037 4809/17351/1037 4632/17352/1037 4797/17353/1037
f 4637/17323/1040 4811/17322/1040 4815/17354/1040 4647/17355/1040
f 4625/17321/1036 4804/17320/1036 4784/17294/1036 4615/17293/1036
f 4625/17321/1042 4615/17293/1042 4627/17296/1042 4636/17339/1042
f 4647/17355/1040 4815/17354/1040 4819/17356/1040 4657/17357/1040
f 4634/17340/1042 4636/17339/1042 4646/17358/1042 4645/17359/1042
f 4640/17360/2027 4689/17361/2027 4688/17362/2027 4633/17326/2027
f 4630/17343/1042 4634/17340/1042 4645/17359/1042 4643/17363/1042
f 4629/17325/1037 4638/17364/1037 4640/17360/1037 4633/17326/1037
f 4642/17365/1039 4814/17366/1039 4810/17345/1039 4628/17344/1039
f 4628/17344/1042 4631/17346/1042 4644/17367/1042 4642/17365/1042
f 4635/17337/1037 4641/17368/1037 4812/17369/1037 4808/17370/1037
f 4809/17351/1037 4813/17371/1037 4639/17372/1037 4632/17352/1037
f 4636/17339/1042 4627/17296/1042 4637/17323/1042 4646/17358/1042
f 4657/17357/1040 4819/17356/1040 4823/17373/1040 4667/17374/1040
f 4645/17359/1042 4646/17358/1042 4656/17375/1042 4655/17376/1042
f 4640/17360/1037 4650/17377/1037 4651/17378/1037 4641/17368/1037
f 4643/17363/1042 4645/17359/1042 4655/17376/1042 4653/17379/1042
f 4638/17364/1037 4648/17380/1037 4650/17377/1037 4640/17360/1037
f 4652/17381/1039 4818/17382/1039 4814/17366/1039 4642/17365/1039
f 4642/17365/1042 4644/17367/1042 4654/17383/1042 4652/17381/1042
f 4641/17368/1037 4651/17378/1037 4816/17384/1037 4812/17369/1037
f 4813/17371/1037 4817/17385/1037 4649/17386/1037 4639/17372/1037
f 4646/17358/1042 4637/17323/1042 4647/17355/1042 4656/17375/1042
f 4667/17374/1040 4823/17373/1040 4828/17319/1040 4677/17282/1040
f 4655/17376/1042 4656/17375/1042 4666/17387/1042 4665/17388/1042
f 4650/17377/2028 4692/17389/2028 4691/17390/2028 4651/17378/2028
f 4653/17379/1042 4655/17376/1042 4665/17388/1042 4663/17391/1042
f 4648/17380/1037 4658/17392/1037 4660/17393/1037 4650/17377/1037
f 4662/17394/1039 4822/17395/1039 4818/17382/1039 4652/17381/1039
f 4652/17381/1042 4654/17383/1042 4664/17396/1042 4662/17394/1042
f 4644/17367/1040 4631/17346/1040 4632/17352/1040 4639/17372/1040 4649/17386/1040 4659/17397/1040 4669/17398/1040 4679/17288/1040 4684/17318/1040 4674/17399/1040 4664/17396/1040 4654/17383/1040
f 4651/17378/1037 4661/17400/1037 4820/17401/1037 4816/17384/1037
f 4817/17385/1037 4821/17402/1037 4659/17397/1037 4649/17386/1037
f 4656/17375/1042 4647/17355/1042 4657/17357/1042 4666/17387/1042
f 4665/17388/1042 4666/17387/1042 4676/17403/1042 4675/17404/1042
f 4660/17393/1037 4670/17405/1037 4671/17406/1037 4661/17400/1037
f 4663/17391/1042 4665/17388/1042 4675/17404/1042 4673/17407/1042
f 4658/17392/1037 4668/17408/1037 4670/17405/1037 4660/17393/1037
f 4672/17409/1039 4826/17410/1039 4822/17395/1039 4662/17394/1039
f 4662/17394/1042 4664/17396/1042 4674/17399/1042 4672/17409/1042
f 4749/17348/1038 4630/17343/1038 4629/17325/1038 4747/17411/1038
f 4661/17400/1037 4671/17406/1037 4824/17412/1037 4820/17401/1037
f 4821/17402/1037 4825/17413/1037 4669/17398/1037 4659/17397/1037
f 4666/17387/1042 4657/17357/1042 4667/17374/1042 4676/17403/1042
f 4843/17414/1037 4747/17411/1037 4629/17325/1037 4792/17324/1037
f 4675/17404/1042 4676/17403/1042 4686/17281/1042 4685/17332/1042
f 4641/17368/2029 4690/17415/2029 4689/17361/2029 4640/17360/2029
f 4673/17407/1042 4675/17404/1042 4685/17332/1042 4683/17316/1042
f 4668/17408/1037 4678/17331/1037 4680/17341/1037 4670/17405/1037
f 4682/17292/1039 4830/17291/1039 4826/17410/1039 4672/17409/1039
f 4672/17409/1042 4674/17399/1042 4684/17318/1042 4682/17292/1042
f 4730/17416/1036 4729/17417/1036 4684/17318/1036 4679/17288/1036
f 4671/17406/1037 4681/17333/1037 4827/17336/1037 4824/17412/1037
f 4825/17413/1037 4829/17285/1037 4679/17288/1037 4669/17398/1037
f 4676/17403/1042 4667/17374/1042 4677/17282/1042 4686/17281/1042
f 4698/17418/1036 4721/17419/1036 4720/17420/1036 4697/17421/1036
f 4689/17361/1040 4704/17422/1040 4702/17423/1040 4688/17362/1040
f 4694/17424/1036 4713/17425/1036 4712/17426/1036 4693/17427/1036
f 4661/17400/2029 4694/17424/2029 4693/17427/2029 4660/17393/2029
f 4670/17405/2028 4696/17428/2028 4695/17429/2028 4671/17406/2028
f 4660/17393/2027 4693/17427/2027 4692/17389/2027 4650/17377/2027
f 4681/17333/2029 4698/17418/2029 4697/17421/2029 4680/17341/2029
f 4680/17341/2027 4697/17421/2027 4696/17428/2027 4670/17405/2027
f 4635/17337/2030 4687/17430/2030 4690/17415/2030 4641/17368/2030
f 4651/17378/2030 4691/17390/2030 4694/17424/2030 4661/17400/2030
f 4671/17406/2030 4695/17429/2030 4698/17418/2030 4681/17333/2030
f 4633/17326/2028 4688/17362/2028 4687/17430/2028 4635/17337/2028
f 4687/17430/1039 4699/17431/1039 4705/17432/1039 4690/17415/1039
f 4691/17390/1039 4707/17433/1039 4713/17425/1039 4694/17424/1039
f 4695/17429/1039 4715/17434/1039 4721/17419/1039 4698/17418/1039
f 4693/17427/1040 4712/17426/1040 4710/17435/1040 4692/17389/1040
f 4692/17389/1038 4710/17435/1038 4707/17433/1038 4691/17390/1038
f 4697/17421/1040 4720/17420/1040 4718/17436/1040 4696/17428/1040
f 4701/17437/1037 4703/17438/1037 4706/17439/1037 4700/17440/1037
f 4696/17428/1038 4718/17436/1038 4715/17434/1038 4695/17429/1038
f 4709/17441/1037 4711/17442/1037 4714/17443/1037 4708/17444/1037
f 4690/17415/1036 4705/17432/1036 4704/17422/1036 4689/17361/1036
f 4717/17445/1037 4719/17446/1037 4722/17447/1037 4716/17448/1037
f 4700/17440/2031 4699/17431/2031 4702/17423/2031 4701/17437/2031
f 4701/17437/2032 4702/17423/2032 4704/17422/2032 4703/17438/2032
f 4699/17431/2033 4700/17440/2033 4706/17439/2033 4705/17432/2033
f 4705/17432/2034 4706/17439/2034 4703/17438/2034 4704/17422/2034
f 4708/17444/2031 4707/17433/2031 4710/17435/2031 4709/17441/2031
f 4709/17441/2032 4710/17435/2032 4712/17426/2032 4711/17442/2032
f 4707/17433/2033 4708/17444/2033 4714/17443/2033 4713/17425/2033
f 4713/17425/2034 4714/17443/2034 4711/17442/2034 4712/17426/2034
f 4716/17448/2031 4715/17434/2031 4718/17436/2031 4717/17445/2031
f 4717/17445/2032 4718/17436/2032 4720/17420/2032 4719/17446/2032
f 4715/17434/2033 4716/17448/2033 4722/17447/2033 4721/17419/2033
f 4721/17419/2034 4722/17447/2034 4719/17446/2034 4720/17420/2034
f 4688/17362/1038 4702/17423/1038 4699/17431/1038 4687/17430/1038
f 4643/17363/1039 4653/17379/1039 4663/17391/1039 4673/17407/1039 4683/17316/1039 4678/17331/1039 4668/17408/1039 4658/17392/1039 4648/17380/1039 4638/17364/1039 4629/17325/1039 4630/17343/1039
f 4723/17449/1040 4724/17328/1040 4726/17315/1040 4725/17450/1040
f 4728/17451/1039 4727/17452/1039 4729/17417/1039 4730/17416/1039
f 4732/17453/1038 4730/17416/1038 4729/17417/1038 4731/17454/1038
f 4731/17454/1042 4729/17417/1042 4727/17452/1042 4733/17455/1042
f 4733/17455/1036 4727/17452/1036 4728/17451/1036 4734/17456/1036
f 4734/17456/1037 4728/17451/1037 4730/17416/1037 4732/17453/1037
f 4723/17449/1037 4734/17456/1037 4732/17453/1037 4724/17328/1037
f 4725/17450/1036 4733/17455/1036 4734/17456/1036 4723/17449/1036
f 4726/17315/1042 4731/17454/1042 4733/17455/1042 4725/17450/1042
f 4724/17328/1038 4732/17453/1038 4731/17454/1038 4726/17315/1038
f 4735/17457/1040 4736/17458/1040 4738/17459/1040 4737/17460/1040
f 4740/17461/1039 4739/17462/1039 4741/17463/1039 4742/17464/1039
f 4744/17465/1038 4742/17464/1038 4741/17463/1038 4743/17466/1038
f 4743/17466/1042 4741/17463/1042 4739/17462/1042 4745/17467/1042
f 4745/17467/1036 4739/17462/1036 4740/17461/1036 4746/17468/1036
f 4746/17468/1037 4740/17461/1037 4742/17464/1037 4744/17465/1037
f 4735/17457/1037 4746/17468/1037 4744/17465/1037 4736/17458/1037
f 4737/17460/1036 4745/17467/1036 4746/17468/1036 4735/17457/1036
f 4738/17459/1042 4743/17466/1042 4745/17467/1042 4737/17460/1042
f 4736/17458/1038 4744/17465/1038 4743/17466/1038 4738/17459/1038
f 4747/17411/1040 4748/17469/1040 4750/17470/1040 4749/17348/1040
f 4752/17471/1039 4751/17472/1039 4753/17473/1039 4754/17474/1039
f 4756/17475/1038 4754/17474/1038 4753/17473/1038 4755/17476/1038
f 4755/17476/1042 4753/17473/1042 4751/17472/1042 4757/17477/1042
f 4757/17477/1036 4751/17472/1036 4752/17471/1036 4758/17478/1036
f 4758/17478/1037 4752/17471/1037 4754/17474/1037 4756/17475/1037
f 4747/17411/1037 4758/17478/1037 4756/17475/1037 4748/17469/1037
f 4749/17348/1036 4757/17477/1036 4758/17478/1036 4747/17411/1036
f 4750/17470/1042 4755/17476/1042 4757/17477/1042 4749/17348/1042
f 4748/17469/1038 4756/17475/1038 4755/17476/1038 4750/17470/1038
f 4728/17451/1038 4760/17479/1038 4762/17480/1038 4727/17452/1038
f 4742/17464/1036 4741/17463/1036 4765/17481/1036 4766/17482/1036
f 4768/17483/1039 4766/17482/1039 4765/17481/1039 4767/17484/1039
f 4838/17485/1042 4738/17459/1042 4763/17486/1042 4769/17487/1042
f 4769/17487/1040 4763/17486/1040 4764/17488/1040 4770/17489/1040
f 4831/17490/1037 4742/17464/1037 4766/17482/1037 4768/17483/1037
f 4728/17451/1037 4831/17490/1037 4768/17483/1037 4760/17479/1037
f 4761/17491/1040 4769/17487/1040 4770/17489/1040 4759/17492/1040
f 4725/17450/1042 4838/17485/1042 4769/17487/1042 4761/17491/1042
f 4760/17479/1039 4768/17483/1039 4767/17484/1039 4762/17480/1039
f 4740/17461/1038 4772/17493/1038 4774/17494/1038 4739/17462/1038
f 4754/17474/1036 4753/17473/1036 4777/17495/1036 4778/17496/1036
f 4780/17497/1039 4778/17496/1039 4777/17495/1039 4779/17498/1039
f 4835/17499/1042 4750/17470/1042 4775/17500/1042 4781/17501/1042
f 4781/17501/1040 4775/17500/1040 4776/17502/1040 4782/17503/1040
f 4832/17504/1037 4754/17474/1037 4778/17496/1037 4780/17497/1037
f 4740/17461/1037 4832/17504/1037 4780/17497/1037 4772/17493/1037
f 4773/17505/1040 4781/17501/1040 4782/17503/1040 4771/17506/1040
f 4737/17460/1042 4835/17499/1042 4781/17501/1042 4773/17505/1042
f 4772/17493/1039 4780/17497/1039 4779/17498/1039 4774/17494/1039
f 4804/17320/2035 4803/17338/2035 4783/17507/2035 4784/17294/2035
f 4828/17319/2036 4827/17336/2036 4787/17335/2036 4788/17301/2036
f 4796/17309/2037 4795/17287/2037 4789/17286/2037 4790/17290/2037
f 4810/17345/2038 4809/17351/2038 4785/17350/2038 4786/17298/2038
f 4842/17349/2035 4843/17414/2035 4792/17324/2035 4791/17304/2035
f 4802/17312/2037 4801/17342/2037 4794/17330/2037 4793/17313/2037
f 4848/17308/2037 4849/17508/2037 4795/17287/2037 4796/17309/2037
f 4786/17298/2035 4785/17350/2035 4797/17353/2035 4798/17299/2035
f 4791/17304/2035 4792/17324/2035 4800/17327/2035 4799/17305/2035
f 4806/17302/2037 4805/17334/2037 4801/17342/2037 4802/17312/2037
f 4799/17305/2035 4800/17327/2035 4803/17338/2035 4804/17320/2035
f 4788/17301/2037 4787/17335/2037 4805/17334/2037 4806/17302/2037
f 4784/17294/2036 4783/17507/2036 4808/17370/2036 4807/17295/2036
f 4814/17366/2038 4813/17371/2038 4809/17351/2038 4810/17345/2038
f 4807/17295/2036 4808/17370/2036 4812/17369/2036 4811/17322/2036
f 4818/17382/2038 4817/17385/2038 4813/17371/2038 4814/17366/2038
f 4811/17322/2036 4812/17369/2036 4816/17384/2036 4815/17354/2036
f 4822/17395/2039 4821/17402/2039 4817/17385/2039 4818/17382/2039
f 4815/17354/2036 4816/17384/2036 4820/17401/2036 4819/17356/2036
f 4826/17410/2038 4825/17413/2038 4821/17402/2038 4822/17395/2038
f 4819/17356/2036 4820/17401/2036 4824/17412/2036 4823/17373/2036
f 4830/17291/2038 4829/17285/2038 4825/17413/2038 4826/17410/2038
f 4823/17373/2036 4824/17412/2036 4827/17336/2036 4828/17319/2036
f 4790/17290/2038 4789/17286/2038 4829/17285/2038 4830/17291/2038
f 4803/17338/1037 4635/17337/1037 4808/17370/1037 4783/17507/1037
f 4739/17462/1042 4833/17509/1042 4835/17499/1042 4737/17460/1042
f 4771/17506/1037 4782/17503/1037 4834/17510/1037 4735/17457/1037
f 4782/17503/1037 4776/17502/1037 4748/17469/1037 4834/17510/1037
f 4833/17509/1042 4753/17473/1042 4750/17470/1042 4835/17499/1042
f 4776/17502/1036 4775/17500/1036 4750/17470/1036 4748/17469/1036
f 4771/17506/1038 4735/17457/1038 4737/17460/1038 4773/17505/1038
f 4779/17498/1042 4777/17495/1042 4753/17473/1042 4833/17509/1042
f 4774/17494/1042 4779/17498/1042 4833/17509/1042 4739/17462/1042
f 4735/17457/1037 4834/17510/1037 4832/17504/1037 4740/17461/1037
f 4834/17510/1037 4748/17469/1037 4754/17474/1037 4832/17504/1037
f 4748/17469/1036 4750/17470/1036 4753/17473/1036 4754/17474/1036
f 4735/17457/1038 4740/17461/1038 4739/17462/1038 4737/17460/1038
f 4727/17452/1042 4836/17511/1042 4838/17485/1042 4725/17450/1042
f 4759/17492/1037 4770/17489/1037 4837/17512/1037 4723/17449/1037
f 4770/17489/1037 4764/17488/1037 4736/17458/1037 4837/17512/1037
f 4836/17511/1042 4741/17463/1042 4738/17459/1042 4838/17485/1042
f 4764/17488/1036 4763/17486/1036 4738/17459/1036 4736/17458/1036
f 4759/17492/1038 4723/17449/1038 4725/17450/1038 4761/17491/1038
f 4767/17484/1042 4765/17481/1042 4741/17463/1042 4836/17511/1042
f 4762/17480/1042 4767/17484/1042 4836/17511/1042 4727/17452/1042
f 4723/17449/1037 4837/17512/1037 4831/17490/1037 4728/17451/1037
f 4837/17512/1037 4736/17458/1037 4742/17464/1037 4831/17490/1037
f 4736/17458/1036 4738/17459/1036 4741/17463/1036 4742/17464/1036
f 4723/17449/1038 4728/17451/1038 4727/17452/1038 4725/17450/1038
f 4844/17513/2035 4841/17514/2035 4843/17414/2035 4842/17349/2035
f 4841/17514/1037 4752/17471/1037 4747/17411/1037 4843/17414/1037
f 4751/17472/1038 4749/17348/1038 4747/17411/1038 4752/17471/1038
f 4840/17515/1036 4844/17513/1036 4842/17349/1036 4839/17347/1036
f 4840/17515/1042 4839/17347/1042 4749/17348/1042 4751/17472/1042
f 4622/17300/1042 4840/17515/1042 4751/17472/1042 4631/17346/1042
f 4622/17300/1036 4798/17299/1036 4844/17513/1036 4840/17515/1036
f 4631/17346/1038 4751/17472/1038 4752/17471/1038 4632/17352/1038
f 4797/17353/1037 4632/17352/1037 4752/17471/1037 4841/17514/1037
f 4798/17299/2035 4797/17353/2035 4841/17514/2035 4844/17513/2035
f 4845/17516/2037 4847/17329/2037 4849/17508/2037 4848/17308/2037
f 4724/17328/1036 4726/17315/1036 4729/17417/1036 4730/17416/1036
f 4679/17288/1037 4795/17287/1037 4849/17508/1037 4730/17416/1037
f 4684/17318/1042 4729/17417/1042 4846/17307/1042 4621/17310/1042
f 4850/17317/1038 4845/17516/1038 4848/17308/1038 4846/17307/1038
f 4620/17314/1038 4793/17313/1038 4845/17516/1038 4850/17317/1038
f 4678/17331/1036 4683/17316/1036 4726/17315/1036 4724/17328/1036
f 4793/17313/2037 4794/17330/2037 4847/17329/2037 4845/17516/2037
f 4730/17416/1037 4849/17508/1037 4847/17329/1037 4724/17328/1037
f 4729/17417/1042 4726/17315/1042 4850/17317/1042 4846/17307/1042
f 4851/17517/2040 4852/17518/2040 4866/17519/2040 4853/17520/2040
f 4851/17517/2041 4853/17520/2041 4856/17521/2041 4854/17522/2041
f 4854/17522/2042 4856/17521/2042 4857/17523/2042 4855/17524/2042
f 4857/17523/1036 4856/17521/1036 4858/17525/1036 4859/17526/1036
f 4856/17521/1039 4853/17520/1039 4861/17527/1039 4858/17525/1039
f 4860/17528/2043 4865/17529/2043 4859/17526/2043 4858/17525/2043
f 4863/17530/2044 4860/17528/2044 4858/17525/2044 4861/17527/2044
f 4866/17519/1038 4862/17531/1038 4861/17527/1038 4853/17520/1038
f 4863/17530/2045 4861/17527/2045 4862/17531/2045 4864/17532/2045
f 4864/17532/2046 4862/17531/2046 4859/17526/2046 4865/17529/2046
f 4857/17523/1040 4859/17526/1040 4862/17531/1040 4866/17519/1040
f 4852/17518/2047 4855/17524/2047 4857/17523/2047 4866/17519/2047
f 4867/17533/2040 4868/17534/2040 4882/17535/2040 4869/17536/2040
f 4867/17533/2041 4869/17536/2041 4872/17537/2041 4870/17538/2041
f 4870/17538/2042 4872/17537/2042 4873/17539/2042 4871/17540/2042
f 4873/17539/1036 4872/17537/1036 4874/17541/1036 4875/17542/1036
f 4872/17537/1039 4869/17536/1039 4877/17543/1039 4874/17541/1039
f 4876/17544/2043 4881/17545/2043 4875/17542/2043 4874/17541/2043
f 4879/17546/2044 4876/17544/2044 4874/17541/2044 4877/17543/2044
f 4882/17535/1038 4878/17547/1038 4877/17543/1038 4869/17536/1038
f 4879/17546/2045 4877/17543/2045 4878/17547/2045 4880/17548/2045
f 4880/17548/2046 4878/17547/2046 4875/17542/2046 4881/17545/2046
f 4873/17539/1040 4875/17542/1040 4878/17547/1040 4882/17535/1040
f 4868/17534/2047 4871/17540/2047 4873/17539/2047 4882/17535/2047
f 4883/17549/2048 4884/17550/2048 4898/17551/2048 4885/17552/2048
f 4883/17549/2041 4885/17552/2041 4888/17553/2041 4886/17554/2041
f 4886/17554/2049 4888/17553/2049 4889/17555/2049 4887/17556/2049
f 4889/17555/1036 4888/17553/1036 4890/17557/1036 4891/17558/1036
f 4888/17553/1039 4885/17552/1039 4893/17559/1039 4890/17557/1039
f 4892/17560/2050 4897/17561/2050 4891/17558/2050 4890/17557/2050
f 4895/17562/2044 4892/17560/2044 4890/17557/2044 4893/17559/2044
f 4898/17551/1038 4894/17563/1038 4893/17559/1038 4885/17552/1038
f 4895/17562/2051 4893/17559/2051 4894/17563/2051 4896/17564/2051
f 4896/17564/2046 4894/17563/2046 4891/17558/2046 4897/17561/2046
f 4889/17555/1040 4891/17558/1040 4894/17563/1040 4898/17551/1040
f 4884/17550/2047 4887/17556/2047 4889/17555/2047 4898/17551/2047
f 4899/17565/2048 4900/17566/2048 4914/17567/2048 4901/17568/2048
f 4899/17565/2041 4901/17568/2041 4904/17569/2041 4902/17570/2041
f 4902/17570/2049 4904/17569/2049 4905/17571/2049 4903/17572/2049
f 4905/17571/1036 4904/17569/1036 4906/17573/1036 4907/17574/1036
f 4904/17569/1039 4901/17568/1039 4909/17575/1039 4906/17573/1039
f 4908/17576/2050 4913/17577/2050 4907/17574/2050 4906/17573/2050
f 4911/17578/2044 4908/17576/2044 4906/17573/2044 4909/17575/2044
f 4914/17567/1038 4910/17579/1038 4909/17575/1038 4901/17568/1038
f 4911/17578/2051 4909/17575/2051 4910/17579/2051 4912/17580/2051
f 4912/17580/2046 4910/17579/2046 4907/17574/2046 4913/17577/2046
f 4905/17571/1040 4907/17574/1040 4910/17579/1040 4914/17567/1040
f 4900/17566/2047 4903/17572/2047 4905/17571/2047 4914/17567/2047
f 4915/17581/2040 4916/17582/2040 4930/17583/2040 4917/17584/2040
f 4915/17581/2041 4917/17584/2041 4920/17585/2041 4918/17586/2041
f 4918/17586/2042 4920/17585/2042 4921/17587/2042 4919/17588/2042
f 4921/17587/1036 4920/17585/1036 4922/17589/1036 4923/17590/1036
f 4920/17585/1039 4917/17584/1039 4925/17591/1039 4922/17589/1039
f 4924/17592/2043 4929/17593/2043 4923/17590/2043 4922/17589/2043
f 4927/17594/2044 4924/17592/2044 4922/17589/2044 4925/17591/2044
f 4930/17583/1038 4926/17595/1038 4925/17591/1038 4917/17584/1038
f 4927/17594/2045 4925/17591/2045 4926/17595/2045 4928/17596/2045
f 4928/17596/2046 4926/17595/2046 4923/17590/2046 4929/17593/2046
f 4921/17587/1040 4923/17590/1040 4926/17595/1040 4930/17583/1040
f 4916/17582/2047 4919/17588/2047 4921/17587/2047 4930/17583/2047
f 4931/17597/2040 4932/17598/2040 4946/17599/2040 4933/17600/2040
f 4931/17597/2041 4933/17600/2041 4936/17601/2041 4934/17602/2041
f 4934/17602/2042 4936/17601/2042 4937/17603/2042 4935/17604/2042
f 4937/17603/1036 4936/17601/1036 4938/17605/1036 4939/17606/1036
f 4936/17601/1039 4933/17600/1039 4941/17607/1039 4938/17605/1039
f 4940/17608/2043 4945/17609/2043 4939/17606/2043 4938/17605/2043
f 4943/17610/2044 4940/17608/2044 4938/17605/2044 4941/17607/2044
f 4946/17599/1038 4942/17611/1038 4941/17607/1038 4933/17600/1038
f 4943/17610/2045 4941/17607/2045 4942/17611/2045 4944/17612/2045
f 4944/17612/2046 4942/17611/2046 4939/17606/2046 4945/17609/2046
f 4937/17603/1040 4939/17606/1040 4942/17611/1040 4946/17599/1040
f 4932/17598/2047 4935/17604/2047 4937/17603/2047 4946/17599/2047
o Cube.003_Cube.051
v 0.114810 -1.000000 -0.366017
v 0.114810 1.000000 -0.366017
v 1.114810 -1.000000 -0.366017
v 1.114810 1.000000 -0.366017
v 0.059039 -1.000000 -0.366017
v 0.059039 1.000000 -0.366017
v 1.170581 -1.000000 -0.366017
v 1.170581 1.000000 -0.366017
v 0.114810 1.063053 -0.366017
v 1.114810 1.063053 -0.366017
v 0.059039 1.063053 -0.366017
v 1.170581 1.063053 -0.366017
v 0.114810 1.000000 -0.454799
v 1.114810 -1.000000 -0.454799
v 0.114810 -1.000000 -0.454799
v 1.114810 1.000000 -0.454799
v 1.170581 -1.000000 -0.454799
v 1.170581 1.000000 -0.454799
v 0.059039 -1.000000 -0.454799
v 0.059039 1.000000 -0.454799
v 0.059039 1.063053 -0.454799
v 0.114810 1.063053 -0.454799
v 1.170581 1.063053 -0.454799
v 1.114810 1.063053 -0.454799
v 0.114810 -0.990000 -0.454799
v 0.114810 -0.990000 -0.366017
v 1.114810 -0.990000 -0.454799
v 1.114810 -0.990000 -0.366017
vt 0.250000 0.898678
vt 0.222114 0.898678
vt 0.222114 -0.101322
vt 0.250000 -0.101322
vt 0.750000 0.898678
vt 0.750000 -0.101322
vt 0.777886 -0.101322
vt 0.777886 0.898678
vt 0.777886 0.930205
vt 0.750000 0.930205
vt 0.250000 0.930205
vt 0.222114 0.930205
vt 0.250000 0.898678
vt 0.250000 -0.101322
vt 0.222114 -0.101322
vt 0.222114 0.898678
vt 0.750000 0.898678
vt 0.777886 0.898678
vt 0.777886 -0.101322
vt 0.750000 -0.101322
vt 0.750000 0.930205
vt 0.777886 0.930205
vt 0.222114 0.930205
vt 0.250000 0.930205
vt 0.477805 0.898678
vt 0.522195 0.898678
vt 0.522195 0.930205
vt 0.477805 0.930205
vt 0.477805 -0.101322
vt 0.477805 0.898678
vt 0.522195 0.898678
vt 0.522195 -0.101322
vt 0.477805 0.930205
vt 0.522195 0.930205
vt 0.250000 0.477805
vt 0.222114 0.477805
vt 0.222114 0.522195
vt 0.250000 0.522195
vt 0.750000 0.477805
vt 0.750000 0.522195
vt 0.250000 0.522195
vt 0.250000 0.477805
vt 0.750000 0.477805
vt 0.750000 0.522195
vt 0.777886 0.522195
vt 0.777886 0.477805
vt 0.250000 0.477805
vt 0.250000 0.522195
vt 0.750000 0.522195
vt 0.750000 0.477805
vt 0.222114 0.477805
vt 0.222114 0.522195
vt 0.477805 0.898678
vt 0.522195 0.898678
vt 0.522195 -0.101322
vt 0.477805 -0.101322
vt 0.777886 0.477805
vt 0.777886 0.522195
vt 0.477805 -0.101322
vt 0.522195 -0.101322
vt 0.477805 0.898678
vt 0.477805 -0.101322
vt 0.522195 -0.101322
vt 0.522195 0.898678
vt 0.750000 -0.096322
vt 0.250000 -0.096322
vt 0.750000 0.477805
vt 0.750000 0.522195
vt 0.250000 0.522195
vt 0.250000 0.477805
vt 0.522195 -0.096322
vt 0.477805 -0.096322
vt 0.250000 -0.096322
vt 0.750000 -0.096322
vt 0.477805 -0.096322
vt 0.522195 -0.096322
vn 0.0000 0.0000 1.0000
vn 0.0000 0.0000 -1.0000
vn 1.0000 0.0000 0.0000
vn -1.0000 0.0000 0.0000
vn 0.0000 -1.0000 0.0000
vn 0.0000 1.0000 0.0000
usemtl black_wood.001
s off
f 6286/17613/2052 6290/17614/2052 6289/17615/2052 6285/17616/2052
f 6288/17617/2052 6287/17618/2052 6291/17619/2052 6292/17620/2052
f 6288/17617/2052 6292/17620/2052 6296/17621/2052 6294/17622/2052
f 6286/17613/2052 6293/17623/2052 6295/17624/2052 6290/17614/2052
f 6288/17617/2052 6294/17622/2052 6293/17623/2052 6286/17613/2052
f 6297/17625/2053 6299/17626/2053 6303/17627/2053 6304/17628/2053
f 6300/17629/2053 6302/17630/2053 6301/17631/2053 6298/17632/2053
f 6300/17629/2053 6308/17633/2053 6307/17634/2053 6302/17630/2053
f 6297/17625/2053 6304/17628/2053 6305/17635/2053 6306/17636/2053
f 6300/17629/2053 6297/17625/2053 6306/17636/2053 6308/17633/2053
f 6292/17637/2054 6302/17638/2054 6307/17639/2054 6296/17640/2054
f 6289/17641/2055 6290/17642/2055 6304/17643/2055 6303/17644/2055
f 6290/17642/2055 6295/17645/2055 6305/17646/2055 6304/17643/2055
f 6285/17647/2056 6289/17648/2056 6303/17649/2056 6299/17650/2056
f 6294/17651/2057 6308/17652/2057 6306/17653/2057 6293/17654/2057
f 6287/17655/2056 6298/17656/2056 6301/17657/2056 6291/17658/2056
f 6286/17659/2056 6297/17660/2056 6300/17661/2056 6288/17662/2056
f 6295/17663/2057 6293/17654/2057 6306/17653/2057 6305/17664/2057
f 6288/17665/2055 6300/17666/2055 6298/17667/2055 6287/17668/2055
f 6296/17669/2057 6307/17670/2057 6308/17652/2057 6294/17651/2057
f 6291/17671/2054 6301/17672/2054 6302/17638/2054 6292/17637/2054
f 6286/17673/2054 6285/17674/2054 6299/17675/2054 6297/17676/2054
f 6287/17618/2052 6312/17677/2052 6310/17678/2052 6285/17616/2052
f 6312/17679/2057 6311/17680/2057 6309/17681/2057 6310/17682/2057
f 6298/17667/2054 6311/17683/2054 6312/17684/2054 6287/17668/2054
f 6299/17626/2053 6309/17685/2053 6311/17686/2053 6298/17632/2053
f 6285/17674/2055 6310/17687/2055 6309/17688/2055 6299/17675/2055
