mtllib industrial_wall_lamp_1k.mtl
o industrial_lamp
usemtl industrial_wall_lamp
v -0.03015276789665222 0.04548395797610283 0.0580303780734539
v -0.03015276789665222 0.04548395797610283 0.0580303780734539
v -0.009296080097556114 0.04548395425081253 0.08708283305168152
v -0.009296080097556114 0.04548395425081253 0.08708283305168152
v -0.01768219657242298 0.04548395425081253 0.08280989527702332
v -0.01768219657242298 0.04548395425081253 0.08280989527702332
v -0.024337459355592728 0.04548395797610283 0.07615462690591812
v -0.024337459355592728 0.04548395797610283 0.07615462690591812
v -0.02861040271818638 0.04548395797610283 0.06776851415634155
v -0.02861040271818638 0.04548395797610283 0.06776851415634155
v -0.035769566893577576 0.11702309548854828 0.05847242847084999
v -0.035769566893577576 0.11702309548854828 0.05847242847084999
v -0.03401888161897659 0.11702309548854828 0.0695258304476738
v -0.03401888161897659 0.11702309548854828 0.0695258304476738
v -0.028938183560967445 0.11702309548854828 0.07949725538492203
v -0.028938183560967445 0.11702309548854828 0.07949725538492203
v -0.02102481760084629 0.11702309548854828 0.08741062134504318
v -0.02102481760084629 0.11702309548854828 0.08741062134504318
v -0.011053396388888359 0.11702309548854828 0.09249130636453629
v -0.011053396388888359 0.11702309548854828 0.09249130636453629
v 3.1887648077599806e-8 0.04548395425081253 0.08855519443750381
v 3.1887648077599806e-8 0.04548395425081253 0.08855519443750381
v 3.7356521431775036e-8 0.11702309548854828 0.09424199163913727
v 3.7356521431775036e-8 0.11702309548854828 0.09424199163913727
v -0.10640121251344681 -0.07885253429412842 0.02870270609855652
v -0.10640121251344681 -0.07885253429412842 0.02870270609855652
v -0.10437384992837906 -0.09890291094779968 0.02870270609855652
v -0.10437384992837906 -0.09890291094779968 0.02870270609855652
v -0.09831803292036057 -0.11886631697416306 0.02870270609855652
v -0.09831803292036057 -0.11886631697416306 0.02870270609855652
v -0.08848389983177185 -0.1372646987438202 0.02870270609855652
v -0.08848389983177185 -0.1372646987438202 0.02870270609855652
v -0.07524938881397247 -0.153391033411026 0.02870270609855652
v -0.07524938881397247 -0.153391033411026 0.02870270609855652
v -0.05912308022379875 -0.16662557423114777 0.02870270609855652
v -0.05912308022379875 -0.16662557423114777 0.02870270609855652
v -0.040724705904722214 -0.17645972967147827 0.02870270609855652
v -0.040724705904722214 -0.17645972967147827 0.02870270609855652
v -0.020761294290423393 -0.18251556158065796 0.02870270609855652
v -0.020761294290423393 -0.18251556158065796 0.02870270609855652
v -0.020761294290423393 -0.18251556158065796 0.02870270609855652
v -0.020761294290423393 -0.18251556158065796 0.02870270609855652
v -0.10640121251344681 -0.07885253429412842 2.5241810419629473e-8
v -0.10640121251344681 -0.07885253429412842 2.5241810419629473e-8
v -0.10640121251344681 -0.07885253429412842 2.5241810419629473e-8
v -0.10437384992837906 -0.09890291094779968 2.5217635979402075e-8
v -0.10437384992837906 -0.09890291094779968 2.5217635979402075e-8
v -0.09831804037094116 -0.11886631697416306 2.5145419968453098e-8
v -0.09831804037094116 -0.11886631697416306 2.5145419968453098e-8
v -0.08848389983177185 -0.1372646987438202 2.502815021898641e-8
v -0.08848389983177185 -0.1372646987438202 2.502815021898641e-8
v -0.07524938881397247 -0.153391033411026 2.350044603360857e-8
v -0.07524938881397247 -0.153391033411026 2.350044603360857e-8
v -0.05912308022379875 -0.16662557423114777 2.3308139418531937e-8
v -0.05912308022379875 -0.16662557423114777 2.3308139418531937e-8
v -0.040724705904722214 -0.17645972967147827 2.1718857823316284e-8
v -0.040724705904722214 -0.17645972967147827 2.1718857823316284e-8
v -0.020761296153068542 -0.18251556158065796 2.148079580877038e-8
v -0.020761296153068542 -0.18251556158065796 2.148079580877038e-8
v -0.020761296153068542 -0.18251556158065796 2.148079580877038e-8
v -0.020761296153068542 -0.18251556158065796 2.148079580877038e-8
v 1.151145045952262e-8 -0.21495330333709717 0.02870270237326622
v 1.151145045952262e-8 -0.21495330333709717 0.02870270237326622
v 1.1169174030101203e-8 -0.21495330333709717 1.9863334088654483e-8
v 1.1169174030101203e-8 -0.21495330333709717 1.9863334088654483e-8
v -0.02076129987835884 -0.1941920667886734 0.02870270609855652
v -0.02076129987835884 -0.1941920667886734 0.02870270609855652
v -0.007945043966174126 -0.21337296068668365 0.02870270237326622
v -0.007945043966174126 -0.21337296068668365 0.02870270237326622
v -0.014680475927889347 -0.2088724970817566 0.02870270237326622
v -0.014680475927889347 -0.2088724970817566 0.02870270237326622
v -0.019180944189429283 -0.2021370530128479 0.02870270609855652
v -0.019180944189429283 -0.2021370530128479 0.02870270609855652
v -0.02076129987835884 -0.1941920667886734 2.148079580877038e-8
v -0.02076129987835884 -0.1941920667886734 2.148079580877038e-8
v -0.007945045828819275 -0.21337296068668365 1.9958077857040735e-8
v -0.007945045828819275 -0.21337296068668365 1.9958077857040735e-8
v -0.014680477790534496 -0.2088724970817566 2.0038397607891056e-8
v -0.014680477790534496 -0.2088724970817566 2.0038397607891056e-8
v -0.01918094791471958 -0.2021370530128479 2.1461948662704344e-8
v -0.01918094791471958 -0.2021370530128479 2.1461948662704344e-8
v 1.3920022468028037e-8 -0.18305081129074097 0.02870270237326622
v 1.3920022468028037e-8 -0.18305081129074097 0.02870270237326622
v 1.3920022468028037e-8 -0.18305081129074097 0.02870270237326622
v 1.3920022468028037e-8 -0.18305081129074097 0.02870270237326622
v 1.357774603860662e-8 -0.18305081129074097 2.2603105165330817e-8
v 1.357774603860662e-8 -0.18305081129074097 2.2603105165330817e-8
v 1.357774603860662e-8 -0.18305081129074097 2.2603105165330817e-8
v 1.357774603860662e-8 -0.18305081129074097 2.2603105165330817e-8
v -0.0042664529755711555 -0.18389947712421417 1.717444320092909e-8
v -0.0042664529755711555 -0.18389947712421417 1.717444320092909e-8
v -0.004266451578587294 -0.18389947712421417 0.02870270609855652
v -0.004266451578587294 -0.18389947712421417 0.02870270609855652
v -0.007883364334702492 -0.18631617724895477 1.9957342445309223e-8
v -0.007883364334702492 -0.18631617724895477 1.9957342445309223e-8
v -0.007883362472057343 -0.18631617724895477 0.02870270237326622
v -0.007883362472057343 -0.18631617724895477 0.02870270237326622
v -0.007883362472057343 -0.18631617724895477 0.02870270237326622
v -0.010300107300281525 -0.18993313610553741 1.9986162058671653e-8
v -0.010300107300281525 -0.18993313610553741 1.9986162058671653e-8
v -0.010300105437636375 -0.18993313610553741 0.02870270237326622
v -0.010300105437636375 -0.18993313610553741 0.02870270237326622
v -0.011148754507303238 -0.1941995620727539 1.9996281963585716e-8
v -0.011148754507303238 -0.1941995620727539 1.9996281963585716e-8
v -0.011148754507303238 -0.1941995620727539 0.02870270237326622
v -0.011148754507303238 -0.1941995620727539 0.02870270237326622
v -0.010300107300281525 -0.1984660029411316 1.9986162058671653e-8
v -0.010300107300281525 -0.1984660029411316 1.9986162058671653e-8
v -0.010300105437636375 -0.1984660029411316 0.02870270237326622
v -0.010300105437636375 -0.1984660029411316 0.02870270237326622
v -0.007883363403379917 -0.20208288729190826 0.02870270609855652
v -0.007883363403379917 -0.20208288729190826 0.02870270609855652
v -0.007883364334702492 -0.20208288729190826 1.721757136863289e-8
v -0.007883364334702492 -0.20208288729190826 1.721757136863289e-8
v -0.0042664543725550175 -0.20449964702129364 1.9914212501248585e-8
v -0.0042664543725550175 -0.20449964702129364 1.9914212501248585e-8
v -0.0042664529755711555 -0.20449964702129364 0.02870270237326622
v -0.0042664529755711555 -0.20449964702129364 0.02870270237326622
v 1.2236608171178887e-8 -0.20534829795360565 0.02870270237326622
v 1.2236608171178887e-8 -0.20534829795360565 0.02870270237326622
v 1.1894332629935889e-8 -0.20534829795360565 1.9863334088654483e-8
v 1.1894332629935889e-8 -0.20534829795360565 1.9863334088654483e-8
v -0.09831803292036057 -0.11886631697416306 0.02369687333703041
v -0.09831803292036057 -0.11886631697416306 0.02369687333703041
v -0.09831804037094116 -0.11886631697416306 0.0050058551132678986
v -0.09831804037094116 -0.11886631697416306 0.0050058551132678986
v -0.10437384992837906 -0.09890291094779968 0.02369687333703041
v -0.10437384992837906 -0.09890291094779968 0.02369687333703041
v -0.10437384992837906 -0.09890291094779968 0.005005856044590473
v -0.10437384992837906 -0.09890291094779968 0.005005856044590473
v -0.0079450448974967 -0.21337296068668365 0.023696865886449814
v -0.0079450448974967 -0.21337296068668365 0.023696865886449814
v -0.007945045828819275 -0.21337296068668365 0.005005845800042152
v -0.007945045828819275 -0.21337296068668365 0.005005845800042152
v -0.019180944189429283 -0.2021370530128479 0.023696865886449814
v -0.019180944189429283 -0.2021370530128479 0.023696865886449814
v -0.01918094791471958 -0.2021370530128479 0.005005846731364727
v -0.01918094791471958 -0.2021370530128479 0.005005846731364727
v -0.014680475927889347 -0.2088724970817566 0.023696865886449814
v -0.014680475927889347 -0.2088724970817566 0.023696865886449814
v -0.014680477790534496 -0.2088724970817566 0.005005846731364727
v -0.014680477790534496 -0.2088724970817566 0.005005846731364727
v -0.10640121251344681 -0.07885253429412842 0.02369687333703041
v -0.10640121251344681 -0.07885253429412842 0.02369687333703041
v -0.10640121251344681 -0.07885253429412842 0.02369687333703041
v -0.10640121251344681 -0.07885253429412842 0.005005856044590473
v -0.10640121251344681 -0.07885253429412842 0.005005856044590473
v -0.10640121251344681 -0.07885253429412842 0.005005856044590473
v -0.05912308022379875 -0.16662557423114777 0.02369687147438526
v -0.05912308022379875 -0.16662557423114777 0.02369687147438526
v -0.05912308022379875 -0.16662557423114777 0.0050058513879776
v -0.05912308022379875 -0.16662557423114777 0.0050058513879776
v -0.02076129987835884 -0.1941920667886734 0.023696865886449814
v -0.02076129987835884 -0.1941920667886734 0.023696865886449814
v -0.02076129987835884 -0.1941920667886734 0.005005846731364727
v -0.02076129987835884 -0.1941920667886734 0.005005846731364727
v 1.1228868501689249e-8 -0.21495330333709717 0.005005845334380865
v 1.1228868501689249e-8 -0.21495330333709717 0.005005845334380865
v 1.1451755987934575e-8 -0.21495330333709717 0.023696865886449814
v 1.1451755987934575e-8 -0.21495330333709717 0.023696865886449814
v -0.08848389983177185 -0.1372646987438202 0.005005853716284037
v -0.08848389983177185 -0.1372646987438202 0.005005853716284037
v -0.08848389983177185 -0.1372646987438202 0.02369687333703041
v -0.08848389983177185 -0.1372646987438202 0.02369687333703041
v -0.040724705904722214 -0.17645972967147827 0.0050058490596711636
v -0.040724705904722214 -0.17645972967147827 0.0050058490596711636
v -0.040724705904722214 -0.17645972967147827 0.023696867749094963
v -0.040724705904722214 -0.17645972967147827 0.023696867749094963
v -0.07524938881397247 -0.153391033411026 0.005005853250622749
v -0.07524938881397247 -0.153391033411026 0.005005853250622749
v -0.07524938881397247 -0.153391033411026 0.02369687147438526
v -0.07524938881397247 -0.153391033411026 0.02369687147438526
v -0.020761294290423393 -0.18251556158065796 0.005005846731364727
v -0.020761294290423393 -0.18251556158065796 0.005005846731364727
v -0.020761294290423393 -0.18251556158065796 0.005005846731364727
v -0.020761294290423393 -0.18251556158065796 0.005005846731364727
v -0.020761294290423393 -0.18251556158065796 0.023696865886449814
v -0.020761294290423393 -0.18251556158065796 0.023696865886449814
v -0.020761294290423393 -0.18251556158065796 0.023696865886449814
v -0.020761294290423393 -0.18251556158065796 0.023696865886449814
v -0.09359379857778549 -0.11690947413444519 0.02369687333703041
v -0.09359379857778549 -0.11690947413444519 0.02369687333703041
v -0.09359380602836609 -0.11690947413444519 0.0050058551132678986
v -0.09359380602836609 -0.11690947413444519 0.0050058551132678986
v -0.09935994446277618 -0.09789880365133286 0.02369687333703041
v -0.09935994446277618 -0.09789880365133286 0.02369687333703041
v -0.09935994446277618 -0.09789880365133286 0.0050058551132678986
v -0.09935994446277618 -0.09789880365133286 0.0050058551132678986
v -0.005988214630633593 -0.20864874124526978 0.023696865886449814
v -0.005988214630633593 -0.20864874124526978 0.023696865886449814
v -0.00598821509629488 -0.20864874124526978 0.005005845334380865
v -0.00598821509629488 -0.20864874124526978 0.005005845334380865
v -0.014456719160079956 -0.20018021762371063 0.023696865886449814
v -0.014456719160079956 -0.20018021762371063 0.023696865886449814
v -0.01445672195404768 -0.20018021762371063 0.005005846731364727
v -0.01445672195404768 -0.20018021762371063 0.005005846731364727
v -0.011064711958169937 -0.20525671541690826 0.023696865886449814
v -0.011064711958169937 -0.20525671541690826 0.023696865886449814
v -0.011064713820815086 -0.20525671541690826 0.005005846731364727
v -0.011064713820815086 -0.20525671541690826 0.005005846731364727
v -0.10129423439502716 -0.07859499752521515 0.02369687333703041
v -0.10129423439502716 -0.07859499752521515 0.02369687333703041
v -0.10129423439502716 -0.07859499752521515 0.02369687333703041
v -0.10129423439502716 -0.07859499752521515 0.0050058551132678986
v -0.10129423439502716 -0.07859499752521515 0.0050058551132678986
v -0.10129423439502716 -0.07859499752521515 0.0050058551132678986
v -0.05628219246864319 -0.16237390041351318 0.02369687147438526
v -0.05628219246864319 -0.16237390041351318 0.02369687147438526
v -0.05628219246864319 -0.16237390041351318 0.0050058513879776
v -0.05628219246864319 -0.16237390041351318 0.0050058513879776
v -0.015672458335757256 -0.19369083642959595 0.023696865886449814
v -0.015672458335757256 -0.19369083642959595 0.023696865886449814
v -0.015672458335757256 -0.19369083642959595 0.005005846731364727
v -0.015672458335757256 -0.19369083642959595 0.005005846731364727
v 1.1614924133596105e-8 -0.2098398357629776 0.005005845334380865
v 1.1614924133596105e-8 -0.2098398357629776 0.005005845334380865
v 1.1837812508019852e-8 -0.2098398357629776 0.023696865886449814
v 1.1837812508019852e-8 -0.2098398357629776 0.023696865886449814
v -0.08423221111297607 -0.13442382216453552 0.005005853250622749
v -0.08423221111297607 -0.13442382216453552 0.005005853250622749
v -0.08423221111297607 -0.13442382216453552 0.02369687147438526
v -0.08423221111297607 -0.13442382216453552 0.02369687147438526
v -0.03876786306500435 -0.1717355102300644 0.005005848594009876
v -0.03876786306500435 -0.1717355102300644 0.005005848594009876
v -0.03876786306500435 -0.1717355102300644 0.023696867749094963
v -0.03876786306500435 -0.1717355102300644 0.023696867749094963
v -0.07163362205028534 -0.14977526664733887 0.005005852784961462
v -0.07163362205028534 -0.14977526664733887 0.005005852784961462
v -0.07163362205028534 -0.14977526664733887 0.02369687147438526
v -0.07163362205028534 -0.14977526664733887 0.02369687147438526
v -0.016654126346111298 -0.17946948111057281 0.005005846731364727
v -0.016654126346111298 -0.17946948111057281 0.005005846731364727
v -0.016654126346111298 -0.17946948111057281 0.005005846731364727
v -0.016654126346111298 -0.17946948111057281 0.005005846731364727
v -0.016654122620821 -0.17946948111057281 0.023696865886449814
v -0.016654122620821 -0.17946948111057281 0.023696865886449814
v -0.016654122620821 -0.17946948111057281 0.023696865886449814
v -0.016654122620821 -0.17946948111057281 0.023696865886449814
v -0.10640119016170502 0.07885253429412842 0.02870270609855652
v -0.10640119016170502 0.07885253429412842 0.02870270609855652
v -0.10640119016170502 0.07885253429412842 0.02870270609855652
v -0.10437382757663727 0.09890295565128326 0.02870270609855652
v -0.10437382757663727 0.09890295565128326 0.02870270609855652
v -0.09831801801919937 0.11886636167764664 0.02870270609855652
v -0.09831801801919937 0.11886636167764664 0.02870270609855652
v -0.08848389238119125 0.13726472854614258 0.02870270609855652
v -0.08848389238119125 0.13726472854614258 0.02870270609855652
v -0.07524938136339188 0.1533910483121872 0.02870270609855652
v -0.07524938136339188 0.1533910483121872 0.02870270609855652
v -0.059123069047927856 0.16662557423114777 0.02870270609855652
v -0.059123069047927856 0.16662557423114777 0.02870270609855652
v -0.04072469100356102 0.17645972967147827 0.02870270609855652
v -0.04072469100356102 0.17645972967147827 0.02870270609855652
v -0.020761283114552498 0.18251557648181915 0.02870270609855652
v -0.020761283114552498 0.18251557648181915 0.02870270609855652
v -0.020761283114552498 0.18251557648181915 0.02870270609855652
v -0.020761283114552498 0.18251557648181915 0.02870270609855652
v -0.10640119016170502 0.07885253429412842 2.5241810419629473e-8
v -0.10640119016170502 0.07885253429412842 2.5241810419629473e-8
v -0.10640119016170502 0.07885253429412842 2.5241810419629473e-8
v -0.10437382757663727 0.09890295565128326 2.5217635979402075e-8
v -0.10437382757663727 0.09890295565128326 2.5217635979402075e-8
v -0.09831803292036057 0.11886636167764664 2.5145421744809937e-8
v -0.09831803292036057 0.11886636167764664 2.5145421744809937e-8
v -0.08848389238119125 0.13726472854614258 2.502815021898641e-8
v -0.08848389238119125 0.13726472854614258 2.502815021898641e-8
v -0.07524938136339188 0.1533910483121872 2.350044603360857e-8
v -0.07524938136339188 0.1533910483121872 2.350044603360857e-8
v -0.059123069047927856 0.16662557423114777 2.3308139418531937e-8
v -0.059123069047927856 0.16662557423114777 2.3308139418531937e-8
v -0.04072469100356102 0.17645972967147827 2.1718857823316284e-8
v -0.04072469100356102 0.17645972967147827 2.1718857823316284e-8
v -0.020761283114552498 0.18251557648181915 2.148079758512722e-8
v -0.020761283114552498 0.18251557648181915 2.148079758512722e-8
v -0.020761283114552498 0.18251557648181915 2.148079758512722e-8
v -0.020761283114552498 0.18251557648181915 2.148079758512722e-8
v 4.396849817567272e-8 0.21495330333709717 0.02870270237326622
v 4.396849817567272e-8 0.21495330333709717 0.02870270237326622
v 4.3626219081716044e-8 0.21495330333709717 1.9863334088654483e-8
v 4.3626219081716044e-8 0.21495330333709717 1.9863334088654483e-8
v -0.020761284977197647 0.1941920667886734 0.02870270609855652
v -0.020761284977197647 0.1941920667886734 0.02870270609855652
v -0.007945030927658081 0.21337296068668365 0.02870270237326622
v -0.007945030927658081 0.21337296068668365 0.02870270237326622
v -0.014680461026728153 0.2088724970817566 0.02870270237326622
v -0.014680461026728153 0.2088724970817566 0.02870270237326622
v -0.019180933013558388 0.2021370530128479 0.02870270609855652
v -0.019180933013558388 0.2021370530128479 0.02870270609855652
v -0.020761284977197647 0.1941920667886734 2.148079758512722e-8
v -0.020761284977197647 0.1941920667886734 2.148079758512722e-8
v -0.007945031858980656 0.21337296068668365 1.9958077857040735e-8
v -0.007945031858980656 0.21337296068668365 1.9958077857040735e-8
v -0.014680462889373302 0.2088724970817566 2.0038399384247896e-8
v -0.014680462889373302 0.2088724970817566 2.0038399384247896e-8
v -0.019180934876203537 0.2021370530128479 2.1461948662704344e-8
v -0.019180934876203537 0.2021370530128479 2.1461948662704344e-8
v 4.1559925278988885e-8 0.18305084109306335 0.02870270237326622
v 4.1559925278988885e-8 0.18305084109306335 0.02870270237326622
v 4.1559925278988885e-8 0.18305084109306335 0.02870270237326622
v 4.1559925278988885e-8 0.18305084109306335 0.02870270237326622
v 4.1217653290459566e-8 0.18305084109306335 2.2603105165330817e-8
v 4.1217653290459566e-8 0.18305084109306335 2.2603105165330817e-8
v 4.1217653290459566e-8 0.18305084109306335 2.2603105165330817e-8
v 4.1217653290459566e-8 0.18305084109306335 2.2603105165330817e-8
v -0.0042664408683776855 0.18389947712421417 1.717444320092909e-8
v -0.0042664408683776855 0.18389947712421417 1.717444320092909e-8
v -0.004266439937055111 0.18389947712421417 0.02870270609855652
v -0.004266439937055111 0.18389947712421417 0.02870270609855652
v -0.004266439937055111 0.18389947712421417 0.02870270609855652
v -0.007883352227509022 0.18631617724895477 1.9957342445309223e-8
v -0.007883352227509022 0.18631617724895477 1.9957342445309223e-8
v -0.007883350364863873 0.18631617724895477 0.02870270237326622
v -0.007883350364863873 0.18631617724895477 0.02870270237326622
v -0.010300095193088055 0.18993313610553741 1.9986162058671653e-8
v -0.010300095193088055 0.18993313610553741 1.9986162058671653e-8
v -0.010300093330442905 0.18993313610553741 0.02870270237326622
v -0.010300093330442905 0.18993313610553741 0.02870270237326622
v -0.011148742400109768 0.1941995620727539 1.9996281963585716e-8
v -0.011148742400109768 0.1941995620727539 1.9996281963585716e-8
v -0.011148741468787193 0.1941995620727539 0.02870270237326622
v -0.011148741468787193 0.1941995620727539 0.02870270237326622
v -0.010300095193088055 0.1984660029411316 1.9986162058671653e-8
v -0.010300095193088055 0.1984660029411316 1.9986162058671653e-8
v -0.010300093330442905 0.1984660029411316 0.02870270237326622
v -0.010300093330442905 0.1984660029411316 0.02870270237326622
v -0.007883351296186447 0.20208288729190826 0.02870270609855652
v -0.007883351296186447 0.20208288729190826 0.02870270609855652
v -0.007883352227509022 0.20208288729190826 1.721757136863289e-8
v -0.007883352227509022 0.20208288729190826 1.721757136863289e-8
v -0.004266441334038973 0.20449964702129364 1.9914212501248585e-8
v -0.004266441334038973 0.20449964702129364 1.9914212501248585e-8
v -0.004266439937055111 0.20449964702129364 0.02870270237326622
v -0.004266439937055111 0.20449964702129364 0.02870270237326622
v 4.324333602312436e-8 0.20534829795360565 0.02870270237326622
v 4.324333602312436e-8 0.20534829795360565 0.02870270237326622
v 4.290105692916768e-8 0.20534829795360565 1.9863334088654483e-8
v 4.290105692916768e-8 0.20534829795360565 1.9863334088654483e-8
v -0.09831801801919937 0.11886633932590485 0.02369687333703041
v -0.09831801801919937 0.11886633932590485 0.02369687333703041
v -0.09831803292036057 0.11886633932590485 0.0050058551132678986
v -0.09831803292036057 0.11886633932590485 0.0050058551132678986
v -0.10437382757663727 0.09890291839838028 0.02369687333703041
v -0.10437382757663727 0.09890291839838028 0.02369687333703041
v -0.10437382757663727 0.09890291839838028 0.005005856044590473
v -0.10437382757663727 0.09890291839838028 0.005005856044590473
v -0.007945030927658081 0.21337296068668365 0.023696865886449814
v -0.007945030927658081 0.21337296068668365 0.023696865886449814
v -0.007945030927658081 0.21337296068668365 0.005005845800042152
v -0.007945030927658081 0.21337296068668365 0.005005845800042152
v -0.019180933013558388 0.2021370530128479 0.023696865886449814
v -0.019180933013558388 0.2021370530128479 0.023696865886449814
v -0.019180934876203537 0.2021370530128479 0.005005846731364727
v -0.019180934876203537 0.2021370530128479 0.005005846731364727
v -0.014680461026728153 0.2088724970817566 0.023696865886449814
v -0.014680461026728153 0.2088724970817566 0.023696865886449814
v -0.014680462889373302 0.2088724970817566 0.005005846731364727
v -0.014680462889373302 0.2088724970817566 0.005005846731364727
v -0.10640119016170502 0.07885253429412842 0.02369687333703041
v -0.10640119016170502 0.07885253429412842 0.02369687333703041
v -0.10640119016170502 0.07885253429412842 0.02369687333703041
v -0.10640119016170502 0.07885253429412842 0.005005856044590473
v -0.10640119016170502 0.07885253429412842 0.005005856044590473
v -0.10640119016170502 0.07885253429412842 0.005005856044590473
v -0.059123069047927856 0.16662557423114777 0.02369687147438526
v -0.059123069047927856 0.16662557423114777 0.02369687147438526
v -0.059123069047927856 0.16662557423114777 0.0050058513879776
v -0.059123069047927856 0.16662557423114777 0.0050058513879776
v -0.020761284977197647 0.1941920667886734 0.023696865886449814
v -0.020761284977197647 0.1941920667886734 0.023696865886449814
v -0.020761284977197647 0.1941920667886734 0.005005846731364727
v -0.020761284977197647 0.1941920667886734 0.005005846731364727
v 4.368591532966093e-8 0.21495330333709717 0.005005845334380865
v 4.368591532966093e-8 0.21495330333709717 0.005005845334380865
v 4.3908805480441515e-8 0.21495330333709717 0.023696865886449814
v 4.3908805480441515e-8 0.21495330333709717 0.023696865886449814
v -0.08848389238119125 0.13726472854614258 0.005005853716284037
v -0.08848389238119125 0.13726472854614258 0.005005853716284037
v -0.08848389238119125 0.13726472854614258 0.02369687333703041
v -0.08848389238119125 0.13726472854614258 0.02369687333703041
v -0.04072469100356102 0.17645972967147827 0.0050058490596711636
v -0.04072469100356102 0.17645972967147827 0.0050058490596711636
v -0.04072469100356102 0.17645972967147827 0.023696867749094963
v -0.04072469100356102 0.17645972967147827 0.023696867749094963
v -0.07524938136339188 0.1533910483121872 0.005005853250622749
v -0.07524938136339188 0.1533910483121872 0.005005853250622749
v -0.07524938136339188 0.1533910483121872 0.02369687147438526
v -0.07524938136339188 0.1533910483121872 0.02369687147438526
v -0.020761283114552498 0.18251556158065796 0.005005846731364727
v -0.020761283114552498 0.18251556158065796 0.005005846731364727
v -0.020761283114552498 0.18251556158065796 0.005005846731364727
v -0.020761283114552498 0.18251556158065796 0.005005846731364727
v -0.020761283114552498 0.18251556158065796 0.023696865886449814
v -0.020761283114552498 0.18251556158065796 0.023696865886449814
v -0.020761283114552498 0.18251556158065796 0.023696865886449814
v -0.020761283114552498 0.18251556158065796 0.023696865886449814
v -0.0935937836766243 0.11690951138734818 0.02369687333703041
v -0.0935937836766243 0.11690951138734818 0.02369687333703041
v -0.09359379857778549 0.11690951138734818 0.0050058551132678986
v -0.09359379857778549 0.11690951138734818 0.0050058551132678986
v -0.0993599146604538 0.09789883345365524 0.02369687333703041
v -0.0993599146604538 0.09789883345365524 0.02369687333703041
v -0.0993599146604538 0.09789883345365524 0.0050058551132678986
v -0.0993599146604538 0.09789883345365524 0.0050058551132678986
v -0.005988202057778835 0.20864874124526978 0.023696865886449814
v -0.005988202057778835 0.20864874124526978 0.023696865886449814
v -0.005988202523440123 0.20864874124526978 0.005005845334380865
v -0.005988202523440123 0.20864874124526978 0.005005845334380865
v -0.014456707052886486 0.20018021762371063 0.023696865886449814
v -0.014456707052886486 0.20018021762371063 0.023696865886449814
v -0.01445670798420906 0.20018021762371063 0.005005846731364727
v -0.01445670798420906 0.20018021762371063 0.005005846731364727
v -0.011064699850976467 0.20525671541690826 0.023696865886449814
v -0.011064699850976467 0.20525671541690826 0.023696865886449814
v -0.011064700782299042 0.20525671541690826 0.005005846731364727
v -0.011064700782299042 0.20525671541690826 0.005005846731364727
v -0.10129421949386597 0.07859500497579575 0.02369687333703041
v -0.10129421949386597 0.07859500497579575 0.02369687333703041
v -0.10129421949386597 0.07859500497579575 0.02369687333703041
v -0.10129421949386597 0.07859500497579575 0.0050058551132678986
v -0.10129421949386597 0.07859500497579575 0.0050058551132678986
v -0.10129421949386597 0.07859500497579575 0.0050058551132678986
v -0.05628218129277229 0.16237390041351318 0.02369687147438526
v -0.05628218129277229 0.16237390041351318 0.02369687147438526
v -0.05628218129277229 0.16237390041351318 0.0050058513879776
v -0.05628218129277229 0.16237390041351318 0.0050058513879776
v -0.01567244529724121 0.19369083642959595 0.023696865886449814
v -0.01567244529724121 0.19369083642959595 0.023696865886449814
v -0.01567244529724121 0.19369083642959595 0.005005846731364727
v -0.01567244529724121 0.19369083642959595 0.005005846731364727
v 4.329985969775407e-8 0.2098398357629776 0.005005845334380865
v 4.329985969775407e-8 0.2098398357629776 0.005005845334380865
v 4.352274984853466e-8 0.2098398357629776 0.023696865886449814
v 4.352274984853466e-8 0.2098398357629776 0.023696865886449814
v -0.08423220366239548 0.1344238519668579 0.005005853250622749
v -0.08423220366239548 0.1344238519668579 0.005005853250622749
v -0.08423220366239548 0.1344238519668579 0.02369687147438526
v -0.08423220366239548 0.1344238519668579 0.02369687147438526
v -0.03876785561442375 0.1717355102300644 0.005005848594009876
v -0.03876785561442375 0.1717355102300644 0.005005848594009876
v -0.03876785561442375 0.1717355102300644 0.023696867749094963
v -0.03876785561442375 0.1717355102300644 0.023696867749094963
v -0.07163361459970474 0.14977528154850006 0.005005852784961462
v -0.07163361459970474 0.14977528154850006 0.005005852784961462
v -0.07163361459970474 0.14977528154850006 0.02369687147438526
v -0.07163361459970474 0.14977528154850006 0.02369687147438526
v -0.016654111444950104 0.17946948111057281 0.005005846731364727
v -0.016654111444950104 0.17946948111057281 0.005005846731364727
v -0.016654111444950104 0.17946948111057281 0.005005846731364727
v -0.016654111444950104 0.17946948111057281 0.005005846731364727
v -0.016654111444950104 0.17946948111057281 0.023696865886449814
v -0.016654111444950104 0.17946948111057281 0.023696865886449814
v -0.016654111444950104 0.17946948111057281 0.023696865886449814
v -0.016654111444950104 0.17946948111057281 0.023696865886449814
v -0.10640120506286621 -0.017474541440606117 2.5241810419629473e-8
v -0.10640120506286621 -0.017474541440606117 2.5241810419629473e-8
v -0.10640120506286621 -0.017474541440606117 2.5241810419629473e-8
v -0.10640120506286621 -0.017474541440606117 2.5241810419629473e-8
v -0.10640120506286621 0.01747456006705761 2.5241810419629473e-8
v -0.10640120506286621 0.01747456006705761 2.5241810419629473e-8
v -0.10640120506286621 0.01747456006705761 2.5241810419629473e-8
v -0.10640120506286621 0.01747456006705761 2.5241810419629473e-8
v -0.10640120506286621 0.01747455820441246 0.005005856044590473
v -0.10640120506286621 0.01747455820441246 0.005005856044590473
v -0.10640120506286621 0.01747455820441246 0.005005856044590473
v -0.10640120506286621 -0.017474547028541565 0.005005856044590473
v -0.10640120506286621 -0.017474547028541565 0.005005856044590473
v -0.10640120506286621 -0.017474547028541565 0.005005856044590473
v -0.13672421872615814 -0.017474539577960968 2.5603410946928307e-8
v -0.13672421872615814 -0.017474539577960968 2.5603410946928307e-8
v -0.13672421872615814 -0.017474539577960968 2.5603410946928307e-8
v -0.13672421872615814 0.01747456192970276 2.5603410946928307e-8
v -0.13672421872615814 0.01747456192970276 2.5603410946928307e-8
v -0.13672421872615814 0.01747456192970276 2.5603410946928307e-8
v -0.13672421872615814 0.01747456006705761 0.005005856044590473
v -0.13672421872615814 0.01747456006705761 0.005005856044590473
v -0.13672421872615814 0.01747456006705761 0.005005856044590473
v -0.13672421872615814 -0.017474543303251266 0.005005856044590473
v -0.13672421872615814 -0.017474543303251266 0.005005856044590473
v -0.13672421872615814 -0.017474543303251266 0.005005856044590473
v -0.13672421872615814 -0.00582483783364296 2.5603410946928307e-8
v -0.13672421872615814 -0.00582483783364296 2.5603410946928307e-8
v -0.13672421872615814 -0.00582483783364296 2.5603410946928307e-8
v -0.13672421872615814 0.005824861116707325 2.5603410946928307e-8
v -0.13672421872615814 0.005824861116707325 2.5603410946928307e-8
v -0.13672421872615814 0.005824861116707325 2.5603410946928307e-8
v -0.13672421872615814 0.0058248573914170265 0.005005856044590473
v -0.13672421872615814 0.0058248573914170265 0.005005856044590473
v -0.13672421872615814 0.0058248573914170265 0.005005856044590473
v -0.13672421872615814 -0.005824843887239695 0.005005856044590473
v -0.13672421872615814 -0.005824843887239695 0.005005856044590473
v -0.13672421872615814 -0.005824843887239695 0.005005856044590473
v -0.12653596699237823 -0.005824838764965534 2.5481920573611205e-8
v -0.12653596699237823 -0.005824838764965534 2.5481920573611205e-8
v -0.12653596699237823 -0.005824838764965534 2.5481920573611205e-8
v -0.12653596699237823 0.005824860651046038 2.5481920573611205e-8
v -0.12653596699237823 0.005824860651046038 2.5481920573611205e-8
v -0.12653596699237823 0.005824860651046038 2.5481920573611205e-8
v -0.12653596699237823 0.005824856460094452 0.005005856044590473
v -0.12653596699237823 0.005824856460094452 0.005005856044590473
v -0.12653596699237823 0.005824856460094452 0.005005856044590473
v -0.12653596699237823 -0.005824844352900982 0.005005856044590473
v -0.12653596699237823 -0.005824844352900982 0.005005856044590473
v -0.12653596699237823 -0.005824844352900982 0.005005856044590473
v -0.12862297892570496 -0.002912414027377963 2.5506802003860685e-8
v -0.12862297892570496 -0.002912414027377963 2.5506802003860685e-8
v -0.12919773161411285 1.112404479641782e-8 2.551365874126077e-8
v -0.12919773161411285 1.112404479641782e-8 2.551365874126077e-8
v -0.12862297892570496 0.0029124359134584665 2.5506802003860685e-8
v -0.12862297892570496 0.0029124359134584665 2.5506802003860685e-8
v -0.12862297892570496 0.0029124312568455935 0.005005856044590473
v -0.12862297892570496 0.0029124312568455935 0.005005856044590473
v -0.12919773161411285 5.9869758040065335e-9 0.005005856044590473
v -0.12919773161411285 5.9869758040065335e-9 0.005005856044590473
v -0.12862297892570496 -0.00291241891682148 0.005005856044590473
v -0.12862297892570496 -0.00291241891682148 0.005005856044590473
v -0.03015276789665222 0.04548395797610283 0.02870270609855652
v -0.03015276789665222 0.04548395797610283 0.02870270609855652
v -0.03015276789665222 0.04548395797610283 0.02870270609855652
v -0.035769566893577576 0.11702311784029007 0.02870270609855652
v -0.035769566893577576 0.11702311784029007 0.02870270609855652
v -0.035769566893577576 0.11702311784029007 0.02870270609855652
v 3.692997196935721e-8 0.11702309548854828 0.05847242847084999
v 0.030152829363942146 0.04548395425081253 0.0580303780734539
v 0.030152829363942146 0.04548395425081253 0.0580303780734539
v 0.009296144358813763 0.04548395425081253 0.08708283305168152
v 0.009296144358813763 0.04548395425081253 0.08708283305168152
v 0.017682261765003204 0.04548395425081253 0.08280989527702332
v 0.017682261765003204 0.04548395425081253 0.08280989527702332
v 0.024337520822882652 0.04548395425081253 0.07615462690591812
v 0.024337520822882652 0.04548395425081253 0.07615462690591812
v 0.028610464185476303 0.04548395425081253 0.06776851415634155
v 0.028610464185476303 0.04548395425081253 0.06776851415634155
v 0.035769637674093246 0.11702309548854828 0.05847242847084999
v 0.035769637674093246 0.11702309548854828 0.05847242847084999
v 0.034018952399492264 0.11702309548854828 0.0695258304476738
v 0.034018952399492264 0.11702309548854828 0.0695258304476738
v 0.028938254341483116 0.11702309548854828 0.07949725538492203
v 0.028938254341483116 0.11702309548854828 0.07949725538492203
v 0.02102489210665226 0.11702309548854828 0.08741062134504318
v 0.02102489210665226 0.11702309548854828 0.08741062134504318
v 0.011053472757339478 0.11702309548854828 0.09249130636453629
v 0.011053472757339478 0.11702309548854828 0.09249130636453629
v 0.1064012348651886 -0.07885253429412842 0.02870270609855652
v 0.1064012348651886 -0.07885253429412842 0.02870270609855652
v 0.10437387228012085 -0.09890291839838028 0.02870270609855652
v 0.10437387228012085 -0.09890291839838028 0.02870270609855652
v 0.09831804782152176 -0.11886633932590485 0.02870270609855652
v 0.09831804782152176 -0.11886633932590485 0.02870270609855652
v 0.08848393708467484 -0.13726472854614258 0.02870270609855652
v 0.08848393708467484 -0.13726472854614258 0.02870270609855652
v 0.07524941861629486 -0.1533910483121872 0.02870270609855652
v 0.07524941861629486 -0.1533910483121872 0.02870270609855652
v 0.05912311375141144 -0.16662557423114777 0.02870270609855652
v 0.05912311375141144 -0.16662557423114777 0.02870270609855652
v 0.040724728256464005 -0.17645972967147827 0.02870270609855652
v 0.040724728256464005 -0.17645972967147827 0.02870270609855652
v 0.02076132223010063 -0.18251556158065796 0.02870270609855652
v 0.02076132223010063 -0.18251556158065796 0.02870270609855652
v 0.02076132223010063 -0.18251556158065796 0.02870270609855652
v 0.02076132223010063 -0.18251556158065796 0.02870270609855652
v 0.1064012348651886 -0.07885253429412842 2.2704167434994815e-8
v 0.1064012348651886 -0.07885253429412842 2.2704167434994815e-8
v 0.1064012348651886 -0.07885253429412842 2.2704167434994815e-8
v 0.10437387228012085 -0.09890291839838028 2.2728343651579053e-8
v 0.10437387228012085 -0.09890291839838028 2.2728343651579053e-8
v 0.09831806272268295 -0.11886633932590485 2.280055966252803e-8
v 0.09831806272268295 -0.11886633932590485 2.280055966252803e-8
v 0.08848393708467484 -0.13726472854614258 2.2917831188351556e-8
v 0.08848393708467484 -0.13726472854614258 2.2917831188351556e-8
v 0.07524941861629486 -0.1533910483121872 2.1705764297053065e-8
v 0.07524941861629486 -0.1533910483121872 2.1705764297053065e-8
v 0.05912311375141144 -0.16662557423114777 2.1898069135772857e-8
v 0.05912311375141144 -0.16662557423114777 2.1898069135772857e-8
v 0.040724728256464005 -0.17645972967147827 2.0747583207025855e-8
v 0.040724728256464005 -0.17645972967147827 2.0747583207025855e-8
v 0.02076132409274578 -0.18251556158065796 2.098564344521492e-8
v 0.02076132409274578 -0.18251556158065796 2.098564344521492e-8
v 0.02076132409274578 -0.18251556158065796 2.098564344521492e-8
v 0.02076132409274578 -0.18251556158065796 2.098564344521492e-8
v 0.02076132223010063 -0.1941920667886734 0.02870270609855652
v 0.02076132223010063 -0.1941920667886734 0.02870270609855652
v 0.007945066317915916 -0.21337296068668365 0.02870270237326622
v 0.007945066317915916 -0.21337296068668365 0.02870270237326622
v 0.014680499210953712 -0.2088724970817566 0.02870270237326622
v 0.014680499210953712 -0.2088724970817566 0.02870270237326622
v 0.019180970266461372 -0.2021370530128479 0.02870270609855652
v 0.019180970266461372 -0.2021370530128479 0.02870270609855652
v 0.02076132409274578 -0.1941920667886734 2.098564344521492e-8
v 0.02076132409274578 -0.1941920667886734 2.098564344521492e-8
v 0.007945067249238491 -0.21337296068668365 1.976859209662507e-8
v 0.007945067249238491 -0.21337296068668365 1.976859209662507e-8
v 0.014680500142276287 -0.2088724970817566 1.968827234577475e-8
v 0.014680500142276287 -0.2088724970817566 1.968827234577475e-8
v 0.019180970266461372 -0.2021370530128479 2.1004488814924116e-8
v 0.019180970266461372 -0.2021370530128479 2.1004488814924116e-8
v 0.004266479983925819 -0.18389947712421417 1.7072688152097726e-8
v 0.004266479983925819 -0.18389947712421417 1.7072688152097726e-8
v 0.004266479052603245 -0.18389947712421417 0.02870270609855652
v 0.004266479052603245 -0.18389947712421417 0.02870270609855652
v 0.007883390411734581 -0.18631617724895477 1.9769325731999743e-8
v 0.007883390411734581 -0.18631617724895477 1.9769325731999743e-8
v 0.007883388549089432 -0.18631617724895477 0.02870270237326622
v 0.007883388549089432 -0.18631617724895477 0.02870270237326622
v 0.007883388549089432 -0.18631617724895477 0.02870270237326622
v 0.010300133377313614 -0.18993313610553741 1.9740507894994153e-8
v 0.010300133377313614 -0.18993313610553741 1.9740507894994153e-8
v 0.01030013244599104 -0.18993313610553741 0.02870270237326622
v 0.01030013244599104 -0.18993313610553741 0.02870270237326622
v 0.011148781515657902 -0.1941995620727539 1.973038621372325e-8
v 0.011148781515657902 -0.1941995620727539 1.973038621372325e-8
v 0.011148780584335327 -0.1941995620727539 0.02870270237326622
v 0.011148780584335327 -0.1941995620727539 0.02870270237326622
v 0.01030013244599104 -0.1984660029411316 1.9740507894994153e-8
v 0.01030013244599104 -0.1984660029411316 1.9740507894994153e-8
v 0.01030013058334589 -0.1984660029411316 0.02870270237326622
v 0.01030013058334589 -0.1984660029411316 0.02870270237326622
v 0.007883387617766857 -0.20208288729190826 0.02870270609855652
v 0.007883387617766857 -0.20208288729190826 0.02870270609855652
v 0.007883390411734581 -0.20208288729190826 1.702955643168025e-8
v 0.007883390411734581 -0.20208288729190826 1.702955643168025e-8
v 0.0042664785869419575 -0.20449964702129364 1.981245922877406e-8
v 0.0042664785869419575 -0.20449964702129364 1.981245922877406e-8
v 0.004266477655619383 -0.20449964702129364 0.02870270237326622
v 0.004266477655619383 -0.20449964702129364 0.02870270237326622
v 0.09831804782152176 -0.11886633932590485 0.02369687333703041
v 0.09831804782152176 -0.11886633932590485 0.02369687333703041
v 0.09831806272268295 -0.11886633932590485 0.005005852784961462
v 0.09831806272268295 -0.11886633932590485 0.005005852784961462
v 0.10437387228012085 -0.09890291839838028 0.02369687333703041
v 0.10437387228012085 -0.09890291839838028 0.02369687333703041
v 0.10437387228012085 -0.09890291839838028 0.005005852784961462
v 0.10437387228012085 -0.09890291839838028 0.005005852784961462
v 0.007945066317915916 -0.21337296068668365 0.023696865886449814
v 0.007945066317915916 -0.21337296068668365 0.023696865886449814
v 0.007945067249238491 -0.21337296068668365 0.005005845800042152
v 0.007945067249238491 -0.21337296068668365 0.005005845800042152
v 0.019180970266461372 -0.2021370530128479 0.023696865886449814
v 0.019180970266461372 -0.2021370530128479 0.023696865886449814
v 0.019180970266461372 -0.2021370530128479 0.00500584626570344
v 0.019180970266461372 -0.2021370530128479 0.00500584626570344
v 0.014680499210953712 -0.2088724970817566 0.023696865886449814
v 0.014680499210953712 -0.2088724970817566 0.023696865886449814
v 0.014680500142276287 -0.2088724970817566 0.00500584626570344
v 0.014680500142276287 -0.2088724970817566 0.00500584626570344
v 0.1064012348651886 -0.07885253429412842 0.02369687333703041
v 0.1064012348651886 -0.07885253429412842 0.02369687333703041
v 0.1064012348651886 -0.07885253429412842 0.02369687333703041
v 0.1064012348651886 -0.07885253429412842 0.005005852784961462
v 0.1064012348651886 -0.07885253429412842 0.005005852784961462
v 0.1064012348651886 -0.07885253429412842 0.005005852784961462
v 0.05912311375141144 -0.16662557423114777 0.02369687147438526
v 0.05912311375141144 -0.16662557423114777 0.02369687147438526
v 0.05912311375141144 -0.16662557423114777 0.0050058504566550255
v 0.05912311375141144 -0.16662557423114777 0.0050058504566550255
v 0.02076132409274578 -0.1941920667886734 0.023696865886449814
v 0.02076132409274578 -0.1941920667886734 0.023696865886449814
v 0.02076132409274578 -0.1941920667886734 0.00500584626570344
v 0.02076132409274578 -0.1941920667886734 0.00500584626570344
v 0.08848393708467484 -0.13726472854614258 0.0050058513879776
v 0.08848393708467484 -0.13726472854614258 0.0050058513879776
v 0.08848393708467484 -0.13726472854614258 0.02369687333703041
v 0.08848393708467484 -0.13726472854614258 0.02369687333703041
v 0.040724728256464005 -0.17645972967147827 0.005005848594009876
v 0.040724728256464005 -0.17645972967147827 0.005005848594009876
v 0.040724728256464005 -0.17645972967147827 0.023696867749094963
v 0.040724728256464005 -0.17645972967147827 0.023696867749094963
v 0.07524941861629486 -0.1533910483121872 0.0050058513879776
v 0.07524941861629486 -0.1533910483121872 0.0050058513879776
v 0.07524941861629486 -0.1533910483121872 0.02369687147438526
v 0.07524941861629486 -0.1533910483121872 0.02369687147438526
v 0.02076132223010063 -0.18251556158065796 0.00500584626570344
v 0.02076132223010063 -0.18251556158065796 0.00500584626570344
v 0.02076132223010063 -0.18251556158065796 0.00500584626570344
v 0.02076132223010063 -0.18251556158065796 0.00500584626570344
v 0.02076132223010063 -0.18251556158065796 0.023696865886449814
v 0.02076132223010063 -0.18251556158065796 0.023696865886449814
v 0.02076132223010063 -0.18251556158065796 0.023696865886449814
v 0.02076132223010063 -0.18251556158065796 0.023696865886449814
v 0.09359381347894669 -0.11690951138734818 0.02369687333703041
v 0.09359381347894669 -0.11690951138734818 0.02369687333703041
v 0.09359383583068848 -0.11690951138734818 0.005005852784961462
v 0.09359383583068848 -0.11690951138734818 0.005005852784961462
v 0.09935996681451797 -0.09789883345365524 0.02369687333703041
v 0.09935996681451797 -0.09789883345365524 0.02369687333703041
v 0.09935996681451797 -0.09789883345365524 0.005005852784961462
v 0.09935996681451797 -0.09789883345365524 0.005005852784961462
v 0.005988237913697958 -0.20864874124526978 0.023696865886449814
v 0.005988237913697958 -0.20864874124526978 0.023696865886449814
v 0.005988238845020533 -0.20864874124526978 0.005005845334380865
v 0.005988238845020533 -0.20864874124526978 0.005005845334380865
v 0.01445674430578947 -0.20018021762371063 0.023696865886449814
v 0.01445674430578947 -0.20018021762371063 0.023696865886449814
v 0.01445674616843462 -0.20018021762371063 0.00500584626570344
v 0.01445674616843462 -0.20018021762371063 0.00500584626570344
v 0.011064735241234303 -0.20525671541690826 0.023696865886449814
v 0.011064735241234303 -0.20525671541690826 0.023696865886449814
v 0.011064736172556877 -0.20525671541690826 0.005005846731364727
v 0.011064736172556877 -0.20525671541690826 0.005005846731364727
v 0.10129427164793015 -0.07859500497579575 0.02369687333703041
v 0.10129427164793015 -0.07859500497579575 0.02369687333703041
v 0.10129427164793015 -0.07859500497579575 0.02369687333703041
v 0.10129427164793015 -0.07859500497579575 0.005005852319300175
v 0.10129427164793015 -0.07859500497579575 0.005005852319300175
v 0.10129427164793015 -0.07859500497579575 0.005005852319300175
v 0.056282222270965576 -0.16237390041351318 0.02369687147438526
v 0.056282222270965576 -0.16237390041351318 0.02369687147438526
v 0.056282222270965576 -0.16237390041351318 0.0050058504566550255
v 0.056282222270965576 -0.16237390041351318 0.0050058504566550255
v 0.015672484412789345 -0.19369083642959595 0.023696865886449814
v 0.015672484412789345 -0.19369083642959595 0.023696865886449814
v 0.015672484412789345 -0.19369083642959595 0.00500584626570344
v 0.015672484412789345 -0.19369083642959595 0.00500584626570344
v 0.08423224836587906 -0.1344238519668579 0.0050058513879776
v 0.08423224836587906 -0.1344238519668579 0.0050058513879776
v 0.08423224836587906 -0.1344238519668579 0.02369687147438526
v 0.08423224836587906 -0.1344238519668579 0.02369687147438526
v 0.038767892867326736 -0.1717355102300644 0.005005848128348589
v 0.038767892867326736 -0.1717355102300644 0.005005848128348589
v 0.038767892867326736 -0.1717355102300644 0.023696867749094963
v 0.038767892867326736 -0.1717355102300644 0.023696867749094963
v 0.07163365930318832 -0.14977526664733887 0.0050058513879776
v 0.07163365930318832 -0.14977526664733887 0.0050058513879776
v 0.07163365930318832 -0.14977526664733887 0.02369687147438526
v 0.07163365930318832 -0.14977526664733887 0.02369687147438526
v 0.016654152423143387 -0.17946948111057281 0.00500584626570344
v 0.016654152423143387 -0.17946948111057281 0.00500584626570344
v 0.016654152423143387 -0.17946948111057281 0.00500584626570344
v 0.016654152423143387 -0.17946948111057281 0.00500584626570344
v 0.016654150560498238 -0.17946948111057281 0.023696865886449814
v 0.016654150560498238 -0.17946948111057281 0.023696865886449814
v 0.016654150560498238 -0.17946948111057281 0.023696865886449814
v 0.016654150560498238 -0.17946948111057281 0.023696865886449814
v 0.10640125721693039 0.07885253429412842 0.02870270609855652
v 0.10640125721693039 0.07885253429412842 0.02870270609855652
v 0.10640125721693039 0.07885253429412842 0.02870270609855652
v 0.10437389463186264 0.09890291839838028 0.02870270609855652
v 0.10437389463186264 0.09890291839838028 0.02870270609855652
v 0.09831808507442474 0.11886633932590485 0.02870270609855652
v 0.09831808507442474 0.11886633932590485 0.02870270609855652
v 0.08848397433757782 0.1372646987438202 0.02870270609855652
v 0.08848397433757782 0.1372646987438202 0.02870270609855652
v 0.07524945586919785 0.153391033411026 0.02870270609855652
v 0.07524945586919785 0.153391033411026 0.02870270609855652
v 0.059123143553733826 0.16662557423114777 0.02870270609855652
v 0.059123143553733826 0.16662557423114777 0.02870270609855652
v 0.040724776685237885 0.17645972967147827 0.02870270609855652
v 0.040724776685237885 0.17645972967147827 0.02870270609855652
v 0.020761365070939064 0.18251557648181915 0.02870270609855652
v 0.020761365070939064 0.18251557648181915 0.02870270609855652
v 0.020761365070939064 0.18251557648181915 0.02870270609855652
v 0.020761365070939064 0.18251557648181915 0.02870270609855652
v 0.10640125721693039 0.07885253429412842 2.2704167434994815e-8
v 0.10640125721693039 0.07885253429412842 2.2704167434994815e-8
v 0.10640125721693039 0.07885253429412842 2.2704167434994815e-8
v 0.10437389463186264 0.09890291839838028 2.2728343651579053e-8
v 0.10437389463186264 0.09890291839838028 2.2728343651579053e-8
v 0.09831809252500534 0.11886633932590485 2.280055966252803e-8
v 0.09831809252500534 0.11886633932590485 2.280055966252803e-8
v 0.08848397433757782 0.1372646987438202 2.2917831188351556e-8
v 0.08848397433757782 0.1372646987438202 2.2917831188351556e-8
v 0.07524945586919785 0.153391033411026 2.1705764297053065e-8
v 0.07524945586919785 0.153391033411026 2.1705764297053065e-8
v 0.059123143553733826 0.16662557423114777 2.1898069135772857e-8
v 0.059123143553733826 0.16662557423114777 2.1898069135772857e-8
v 0.040724776685237885 0.17645972967147827 2.0747581430669015e-8
v 0.040724776685237885 0.17645972967147827 2.0747581430669015e-8
v 0.020761365070939064 0.18251557648181915 2.098564344521492e-8
v 0.020761365070939064 0.18251557648181915 2.098564344521492e-8
v 0.020761365070939064 0.18251557648181915 2.098564344521492e-8
v 0.020761365070939064 0.18251557648181915 2.098564344521492e-8
v 0.02076137065887451 0.1941920667886734 0.02870270609855652
v 0.02076137065887451 0.1941920667886734 0.02870270609855652
v 0.007945118471980095 0.21337296068668365 0.02870270237326622
v 0.007945118471980095 0.21337296068668365 0.02870270237326622
v 0.014680549502372742 0.2088724970817566 0.02870270237326622
v 0.014680549502372742 0.2088724970817566 0.02870270237326622
v 0.019181016832590103 0.2021370530128479 0.02870270609855652
v 0.019181016832590103 0.2021370530128479 0.02870270609855652
v 0.02076137252151966 0.1941920667886734 2.098564344521492e-8
v 0.02076137252151966 0.1941920667886734 2.098564344521492e-8
v 0.00794511940330267 0.21337296068668365 1.976859209662507e-8
v 0.00794511940330267 0.21337296068668365 1.976859209662507e-8
v 0.014680550433695316 0.2088724970817566 1.968827234577475e-8
v 0.014680550433695316 0.2088724970817566 1.968827234577475e-8
v 0.0191810205578804 0.2021370530128479 2.1004488814924116e-8
v 0.0191810205578804 0.2021370530128479 2.1004488814924116e-8
v 0.004266523756086826 0.18389947712421417 1.7072688152097726e-8
v 0.004266523756086826 0.18389947712421417 1.7072688152097726e-8
v 0.004266523290425539 0.18389947712421417 0.02870270609855652
v 0.004266523290425539 0.18389947712421417 0.02870270609855652
v 0.004266523290425539 0.18389947712421417 0.02870270609855652
v 0.007883435115218163 0.18631617724895477 1.9769325731999743e-8
v 0.007883435115218163 0.18631617724895477 1.9769325731999743e-8
v 0.007883434183895588 0.18631617724895477 0.02870270237326622
v 0.007883434183895588 0.18631617724895477 0.02870270237326622
v 0.010300178080797195 0.18993313610553741 1.9740507894994153e-8
v 0.010300178080797195 0.18993313610553741 1.9740507894994153e-8
v 0.010300176218152046 0.18993313610553741 0.02870270237326622
v 0.010300176218152046 0.18993313610553741 0.02870270237326622
v 0.011148827150464058 0.1941995620727539 1.973038621372325e-8
v 0.011148827150464058 0.1941995620727539 1.973038621372325e-8
v 0.011148824356496334 0.1941995620727539 0.02870270237326622
v 0.011148824356496334 0.1941995620727539 0.02870270237326622
v 0.010300179943442345 0.1984660029411316 1.9740507894994153e-8
v 0.010300179943442345 0.1984660029411316 1.9740507894994153e-8
v 0.010300178080797195 0.1984660029411316 0.02870270237326622
v 0.010300178080797195 0.1984660029411316 0.02870270237326622
v 0.007883436046540737 0.20208288729190826 0.02870270609855652
v 0.007883436046540737 0.20208288729190826 0.02870270609855652
v 0.007883437909185886 0.20208288729190826 1.702955643168025e-8
v 0.007883437909185886 0.20208288729190826 1.702955643168025e-8
v 0.0042665270157158375 0.20449964702129364 1.981245922877406e-8
v 0.0042665270157158375 0.20449964702129364 1.981245922877406e-8
v 0.004266526084393263 0.20449964702129364 0.02870270237326622
v 0.004266526084393263 0.20449964702129364 0.02870270237326622
v 0.09831808507442474 0.11886631697416306 0.02369687333703041
v 0.09831808507442474 0.11886631697416306 0.02369687333703041
v 0.09831809252500534 0.11886631697416306 0.005005852784961462
v 0.09831809252500534 0.11886631697416306 0.005005852784961462
v 0.10437389463186264 0.09890291094779968 0.02369687333703041
v 0.10437389463186264 0.09890291094779968 0.02369687333703041
v 0.10437389463186264 0.09890291094779968 0.005005852784961462
v 0.10437389463186264 0.09890291094779968 0.005005852784961462
v 0.007945118471980095 0.21337296068668365 0.023696865886449814
v 0.007945118471980095 0.21337296068668365 0.023696865886449814
v 0.007945118471980095 0.21337296068668365 0.005005845800042152
v 0.007945118471980095 0.21337296068668365 0.005005845800042152
v 0.019181016832590103 0.2021370530128479 0.023696865886449814
v 0.019181016832590103 0.2021370530128479 0.023696865886449814
v 0.0191810205578804 0.2021370530128479 0.00500584626570344
v 0.0191810205578804 0.2021370530128479 0.00500584626570344
v 0.014680549502372742 0.2088724970817566 0.023696865886449814
v 0.014680549502372742 0.2088724970817566 0.023696865886449814
v 0.014680550433695316 0.2088724970817566 0.00500584626570344
v 0.014680550433695316 0.2088724970817566 0.00500584626570344
v 0.10640125721693039 0.07885253429412842 0.02369687333703041
v 0.10640125721693039 0.07885253429412842 0.02369687333703041
v 0.10640125721693039 0.07885253429412842 0.02369687333703041
v 0.10640125721693039 0.07885253429412842 0.005005852784961462
v 0.10640125721693039 0.07885253429412842 0.005005852784961462
v 0.10640125721693039 0.07885253429412842 0.005005852784961462
v 0.059123143553733826 0.16662557423114777 0.02369687147438526
v 0.059123143553733826 0.16662557423114777 0.02369687147438526
v 0.059123143553733826 0.16662557423114777 0.0050058504566550255
v 0.059123143553733826 0.16662557423114777 0.0050058504566550255
v 0.02076137065887451 0.1941920667886734 0.023696865886449814
v 0.02076137065887451 0.1941920667886734 0.023696865886449814
v 0.02076137065887451 0.1941920667886734 0.00500584626570344
v 0.02076137065887451 0.1941920667886734 0.00500584626570344
v 0.08848397433757782 0.1372646987438202 0.0050058513879776
v 0.08848397433757782 0.1372646987438202 0.0050058513879776
v 0.08848397433757782 0.1372646987438202 0.02369687333703041
v 0.08848397433757782 0.1372646987438202 0.02369687333703041
v 0.040724776685237885 0.17645972967147827 0.005005848594009876
v 0.040724776685237885 0.17645972967147827 0.005005848594009876
v 0.040724776685237885 0.17645972967147827 0.023696867749094963
v 0.040724776685237885 0.17645972967147827 0.023696867749094963
v 0.07524945586919785 0.153391033411026 0.0050058513879776
v 0.07524945586919785 0.153391033411026 0.0050058513879776
v 0.07524945586919785 0.153391033411026 0.02369687147438526
v 0.07524945586919785 0.153391033411026 0.02369687147438526
v 0.020761365070939064 0.18251556158065796 0.00500584626570344
v 0.020761365070939064 0.18251556158065796 0.00500584626570344
v 0.020761365070939064 0.18251556158065796 0.00500584626570344
v 0.020761365070939064 0.18251556158065796 0.00500584626570344
v 0.020761365070939064 0.18251556158065796 0.023696865886449814
v 0.020761365070939064 0.18251556158065796 0.023696865886449814
v 0.020761365070939064 0.18251556158065796 0.023696865886449814
v 0.020761365070939064 0.18251556158065796 0.023696865886449814
v 0.09359385073184967 0.11690947413444519 0.02369687333703041
v 0.09359385073184967 0.11690947413444519 0.02369687333703041
v 0.09359387308359146 0.11690947413444519 0.005005852784961462
v 0.09359387308359146 0.11690947413444519 0.005005852784961462
v 0.09935998916625977 0.09789880365133286 0.02369687333703041
v 0.09935998916625977 0.09789880365133286 0.02369687333703041
v 0.09935998916625977 0.09789880365133286 0.005005852784961462
v 0.09935998916625977 0.09789880365133286 0.005005852784961462
v 0.005988288205116987 0.20864874124526978 0.023696865886449814
v 0.005988288205116987 0.20864874124526978 0.023696865886449814
v 0.0059882886707782745 0.20864874124526978 0.005005845334380865
v 0.0059882886707782745 0.20864874124526978 0.005005845334380865
v 0.01445679273456335 0.20018021762371063 0.023696865886449814
v 0.01445679273456335 0.20018021762371063 0.023696865886449814
v 0.01445679273456335 0.20018021762371063 0.00500584626570344
v 0.01445679273456335 0.20018021762371063 0.00500584626570344
v 0.011064786463975906 0.20525671541690826 0.023696865886449814
v 0.011064786463975906 0.20525671541690826 0.023696865886449814
v 0.011064786463975906 0.20525671541690826 0.005005846731364727
v 0.011064786463975906 0.20525671541690826 0.005005846731364727
v 0.10129427909851074 0.07859499752521515 0.02369687333703041
v 0.10129427909851074 0.07859499752521515 0.02369687333703041
v 0.10129427909851074 0.07859499752521515 0.02369687333703041
v 0.10129427909851074 0.07859499752521515 0.005005852319300175
v 0.10129427909851074 0.07859499752521515 0.005005852319300175
v 0.10129427909851074 0.07859499752521515 0.005005852319300175
v 0.05628225579857826 0.16237390041351318 0.02369687147438526
v 0.05628225579857826 0.16237390041351318 0.02369687147438526
v 0.05628225579857826 0.16237390041351318 0.0050058504566550255
v 0.05628225579857826 0.16237390041351318 0.0050058504566550255
v 0.015672529116272926 0.19369083642959595 0.023696865886449814
v 0.015672529116272926 0.19369083642959595 0.023696865886449814
v 0.015672529116272926 0.19369083642959595 0.00500584626570344
v 0.015672529116272926 0.19369083642959595 0.00500584626570344
v -0.02102482318878174 0.04548395797610283 0.08741062134504318
v -0.02102482318878174 0.04548395797610283 0.08741062134504318
v -0.011053401976823807 0.04548395425081253 0.09249130636453629
v -0.011053401976823807 0.04548395425081253 0.09249130636453629
v -0.028938191011548042 0.04548395797610283 0.07949725538492203
v -0.028938191011548042 0.04548395797610283 0.07949725538492203
v -0.03401888534426689 0.04548395797610283 0.0695258304476738
v -0.03401888534426689 0.04548395797610283 0.0695258304476738
v -0.035769570618867874 0.04548395797610283 0.05847242847084999
v -0.035769570618867874 0.04548395797610283 0.05847242847084999
v 3.195546582901443e-8 0.04548395425081253 0.09424199163913727
v 3.195546582901443e-8 0.04548395425081253 0.09424199163913727
v -0.035769570618867874 0.04548395797610283 0.02870270609855652
v -0.035769570618867874 0.04548395797610283 0.02870270609855652
v -0.035769570618867874 0.04548395797610283 0.02870270609855652
v -0.035769570618867874 0.04548395797610283 0.02870270609855652
v 3.2266822103110826e-8 0.05050622671842575 0.08855519443750381
v 3.2266822103110826e-8 0.05050622671842575 0.08855519443750381
v 0.08423227816820145 0.13442382216453552 0.0050058513879776
v 0.08423227816820145 0.13442382216453552 0.0050058513879776
v 0.08423227816820145 0.13442382216453552 0.02369687147438526
v 0.08423227816820145 0.13442382216453552 0.02369687147438526
v 0.03876793384552002 0.1717355102300644 0.005005848128348589
v 0.03876793384552002 0.1717355102300644 0.005005848128348589
v 0.03876793384552002 0.1717355102300644 0.023696867749094963
v 0.03876793384552002 0.1717355102300644 0.023696867749094963
v 3.1908090392107624e-8 0.05050622671842575 0.05847242847084999
v -0.03015276789665222 0.05050622671842575 0.0580303780734539
v -0.03015276789665222 0.05050622671842575 0.0580303780734539
v -0.02861040271818638 0.05050622671842575 0.06776851415634155
v -0.02861040271818638 0.05050622671842575 0.06776851415634155
v -0.024337459355592728 0.05050622671842575 0.07615462690591812
v -0.024337459355592728 0.05050622671842575 0.07615462690591812
v -0.01768219657242298 0.05050622671842575 0.08280989527702332
v -0.01768219657242298 0.05050622671842575 0.08280989527702332
v -0.00929607916623354 0.05050622671842575 0.08708283305168152
v -0.00929607916623354 0.05050622671842575 0.08708283305168152
v 0.07163368910551071 0.14977528154850006 0.0050058513879776
v 0.07163368910551071 0.14977528154850006 0.0050058513879776
v 0.07163368910551071 0.14977528154850006 0.02369687147438526
v 0.07163368910551071 0.14977528154850006 0.02369687147438526
v 0.01665419526398182 0.17946948111057281 0.00500584626570344
v 0.01665419526398182 0.17946948111057281 0.00500584626570344
v 0.01665419526398182 0.17946948111057281 0.00500584626570344
v 0.01665419526398182 0.17946948111057281 0.00500584626570344
v 0.01665419340133667 0.17946948111057281 0.023696865886449814
v 0.01665419340133667 0.17946948111057281 0.023696865886449814
v 0.01665419340133667 0.17946948111057281 0.023696865886449814
v 0.01665419340133667 0.17946948111057281 0.023696865886449814
v 0.10640124976634979 -0.01747455820441246 2.2704167434994815e-8
v 0.10640124976634979 -0.01747455820441246 2.2704167434994815e-8
v 0.10640124976634979 -0.01747455820441246 2.2704167434994815e-8
v 0.10640124976634979 -0.01747455820441246 2.2704167434994815e-8
v -0.03015276789665222 0.05050622671842575 0.02870270609855652
v -0.03015276789665222 0.05050622671842575 0.02870270609855652
v -0.03015276789665222 0.05050622671842575 0.02870270609855652
v 0.10640124976634979 0.017474543303251266 2.2704167434994815e-8
v 0.10640124976634979 0.017474543303251266 2.2704167434994815e-8
v 0.10640124976634979 0.017474543303251266 2.2704167434994815e-8
v 0.10640124976634979 0.017474543303251266 2.2704167434994815e-8
v 0.10640124976634979 0.017474541440606117 0.005005852784961462
v 0.10640124976634979 0.017474541440606117 0.005005852784961462
v 0.10640124976634979 0.017474541440606117 0.005005852784961462
v 0.10640124976634979 -0.01747456192970276 0.005005852784961462
v 0.10640124976634979 -0.01747456192970276 0.005005852784961462
v 0.10640124976634979 -0.01747456192970276 0.005005852784961462
v 0.13672426342964172 -0.01747456192970276 2.234257046040966e-8
v 0.13672426342964172 -0.01747456192970276 2.234257046040966e-8
v 0.13672426342964172 -0.01747456192970276 2.234257046040966e-8
v 0.13672426342964172 0.017474541440606117 2.234257046040966e-8
v 0.13672426342964172 0.017474541440606117 2.234257046040966e-8
v 0.13672426342964172 0.017474541440606117 2.234257046040966e-8
v 0.13672426342964172 0.01747453771531582 0.005005852784961462
v 0.13672426342964172 0.01747453771531582 0.005005852784961462
v 0.13672426342964172 0.01747453771531582 0.005005852784961462
v 0.13672426342964172 -0.017474565654993057 0.005005852784961462
v 0.13672426342964172 -0.017474565654993057 0.005005852784961462
v 0.13672426342964172 -0.017474565654993057 0.005005852784961462
v 0.13672426342964172 -0.0058248587884008884 2.234257046040966e-8
v 0.13672426342964172 -0.0058248587884008884 2.234257046040966e-8
v 0.13672426342964172 -0.0058248587884008884 2.234257046040966e-8
v 0.13672426342964172 0.0058248406276106834 2.234257046040966e-8
v 0.13672426342964172 0.0058248406276106834 2.234257046040966e-8
v 0.13672426342964172 0.0058248406276106834 2.234257046040966e-8
v 0.13672426342964172 0.005824836436659098 0.005005852784961462
v 0.13672426342964172 0.005824836436659098 0.005005852784961462
v 0.13672426342964172 0.005824836436659098 0.005005852784961462
v 0.13672426342964172 -0.005824863910675049 0.005005852784961462
v 0.13672426342964172 -0.005824863910675049 0.005005852784961462
v 0.13672426342964172 -0.005824863910675049 0.005005852784961462
v 0.12653601169586182 -0.005824857857078314 2.246406438644044e-8
v 0.12653601169586182 -0.005824857857078314 2.246406438644044e-8
v 0.12653601169586182 -0.005824857857078314 2.246406438644044e-8
v 0.12653601169586182 0.005824842024594545 2.246406438644044e-8
v 0.12653601169586182 0.005824842024594545 2.246406438644044e-8
v 0.12653601169586182 0.005824842024594545 2.246406438644044e-8
v 0.12653601169586182 0.005824837367981672 0.005005852784961462
v 0.12653601169586182 0.005824837367981672 0.005005852784961462
v 0.12653601169586182 0.005824837367981672 0.005005852784961462
v 0.12653601169586182 -0.0058248634450137615 0.005005852784961462
v 0.12653601169586182 -0.0058248634450137615 0.005005852784961462
v 0.12653601169586182 -0.0058248634450137615 0.005005852784961462
v 2.1786775050713914e-8 -0.07885253429412842 0.02870270609855652
v 2.1786775050713914e-8 -0.07885253429412842 0.02870270609855652
v 3.657497060771675e-8 0.11702311784029007 0.02870270609855652
v 3.657497060771675e-8 0.11702311784029007 0.02870270609855652
v 3.657497060771675e-8 0.11702311784029007 0.02870270609855652
v 3.117391500495614e-8 0.04548395797610283 0.02870270609855652
v 3.117391500495614e-8 0.04548395797610283 0.02870270609855652
v 3.155308903046716e-8 0.05050622671842575 0.02870270609855652
v 3.155308903046716e-8 0.05050622671842575 0.02870270609855652
v 3.155308903046716e-8 0.05050622671842575 0.02870270609855652
v 0.12862302362918854 -0.002912432886660099 2.2439175850763604e-8
v 0.12862302362918854 -0.002912432886660099 2.2439175850763604e-8
v 0.12919777631759644 -8.384273719741486e-9 2.2432322666077198e-8
v 0.12919777631759644 -8.384273719741486e-9 2.2432322666077198e-8
v 0.12862302362918854 0.0029124165885150433 2.2439175850763604e-8
v 0.12862302362918854 0.0029124165885150433 2.2439175850763604e-8
v 0.12862302362918854 0.002912412164732814 0.005005852784961462
v 0.12862302362918854 0.002912412164732814 0.005005852784961462
v 0.12919777631759644 -1.3521344044420402e-8 0.005005852784961462
v 0.12919777631759644 -1.3521344044420402e-8 0.005005852784961462
v 0.12862302362918854 -0.002912438241764903 0.005005852784961462
v 0.12862302362918854 -0.002912438241764903 0.005005852784961462
v 0.030152829363942146 0.04548395425081253 0.02870270609855652
v 0.030152829363942146 0.04548395425081253 0.02870270609855652
v 0.030152829363942146 0.04548395425081253 0.02870270609855652
v 0.035769637674093246 0.11702311784029007 0.02870270609855652
v 0.035769637674093246 0.11702311784029007 0.02870270609855652
v 0.035769637674093246 0.11702311784029007 0.02870270609855652
v 0.02102488838136196 0.04548395425081253 0.08741062134504318
v 0.02102488838136196 0.04548395425081253 0.08741062134504318
v 0.011053466238081455 0.04548395425081253 0.09249130636453629
v 0.011053466238081455 0.04548395425081253 0.09249130636453629
v 0.028938252478837967 0.04548395425081253 0.07949725538492203
v 0.028938252478837967 0.04548395425081253 0.07949725538492203
v 0.03401894494891167 0.04548395425081253 0.0695258304476738
v 0.03401894494891167 0.04548395425081253 0.0695258304476738
v 0.03576963022351265 0.04548395425081253 0.05847242847084999
v 0.03576963022351265 0.04548395425081253 0.05847242847084999
v 0.03576963022351265 0.04548395425081253 0.02870270609855652
v 0.03576963022351265 0.04548395425081253 0.02870270609855652
v 0.03576963022351265 0.04548395425081253 0.02870270609855652
v 0.03576963022351265 0.04548395425081253 0.02870270609855652
v 0.030152829363942146 0.05050622671842575 0.0580303780734539
v 0.030152829363942146 0.05050622671842575 0.0580303780734539
v 0.028610464185476303 0.05050622671842575 0.06776851415634155
v 0.028610464185476303 0.05050622671842575 0.06776851415634155
v 0.024337520822882652 0.05050622671842575 0.07615462690591812
v 0.024337520822882652 0.05050622671842575 0.07615462690591812
v 0.017682261765003204 0.05050622671842575 0.08280989527702332
v 0.017682261765003204 0.05050622671842575 0.08280989527702332
v 0.009296145290136337 0.05050622671842575 0.08708283305168152
v 0.009296145290136337 0.05050622671842575 0.08708283305168152
v 0.030152829363942146 0.05050622671842575 0.02870270609855652
v 0.030152829363942146 0.05050622671842575 0.02870270609855652
v 0.030152829363942146 0.05050622671842575 0.02870270609855652
v -0.0562785379588604 9.728452710078273e-9 0.1223958358168602
v -0.053678326308727264 9.532142186685633e-9 0.12131879478693008
v -0.053678326308727264 9.532142186685633e-9 0.12131879478693008
v -0.05107811093330383 9.335832551471412e-9 0.1223958358168602
v -0.05000106990337372 9.254517152612607e-9 0.12499603629112244
v -0.05107811093330383 9.335832551471412e-9 0.12759625911712646
v -0.053678326308727264 9.532142186685633e-9 0.12867330014705658
v -0.0562785379588604 9.728452710078273e-9 0.12759625911712646
v -0.05735558643937111 9.809768108937078e-9 0.12499603629112244
v -0.0562785379588604 -0.09115435183048248 0.12239895761013031
v -0.053678326308727264 -0.0911014974117279 0.12132322043180466
v -0.053678326308727264 -0.0911014974117279 0.12132322043180466
v -0.05107811093330383 -0.09115435183048248 0.12239895761013031
v -0.05000106990337372 -0.0912819355726242 0.12499603629112244
v -0.05107811093330383 -0.09140951931476593 0.12759312987327576
v -0.053678326308727264 -0.09146237373352051 0.128668874502182
v -0.0562785379588604 -0.09140951931476593 0.12759312987327576
v -0.05735558643937111 -0.0912819355726242 0.12499603629112244
v -0.0562785379588604 -0.10455717146396637 0.12108834087848663
v -0.0562785379588604 -0.10455717146396637 0.12108834087848663
v -0.053678326308727264 -0.10434703528881073 0.12003198266029358
v -0.053678326308727264 -0.10434703528881073 0.12003198266029358
v -0.053678326308727264 -0.10434703528881073 0.12003198266029358
v -0.053678326308727264 -0.10434703528881073 0.12003198266029358
v -0.05107811093330383 -0.10455717146396637 0.12108832597732544
v -0.05107811093330383 -0.10455717146396637 0.12108832597732544
v -0.05000106990337372 -0.10506442934274673 0.1236385852098465
v -0.05000106990337372 -0.10506442934274673 0.1236385852098465
v -0.05107811093330383 -0.10557170957326889 0.12618884444236755
v -0.05107811093330383 -0.10557170957326889 0.12618884444236755
v -0.053678326308727264 -0.10578182339668274 0.12724518775939941
v -0.053678326308727264 -0.10578182339668274 0.12724518775939941
v -0.0562785379588604 -0.10557170957326889 0.12618884444236755
v -0.0562785379588604 -0.10557170957326889 0.12618884444236755
v -0.05735558643937111 -0.10506442934274673 0.1236385852098465
v -0.05735558643937111 -0.10506442934274673 0.1236385852098465
v -0.056278541684150696 -0.11732223629951477 0.11721611022949219
v -0.05367833375930786 -0.11691006273031235 0.11622105538845062
v -0.05367833375930786 -0.11691006273031235 0.11622105538845062
v -0.05107811838388443 -0.11732220649719238 0.11721611022949219
v -0.05000106990337372 -0.11831728368997574 0.11961839348077774
v -0.05107811838388443 -0.1193123385310173 0.12202068418264389
v -0.05367833375930786 -0.11972451210021973 0.12301573902368546
v -0.056278541684150696 -0.1193123385310173 0.12202068418264389
v -0.05735559016466141 -0.11831728368997574 0.11961839348077774
v -0.056278541684150696 -0.12908658385276794 0.11092792451381683
v -0.05367833375930786 -0.1284882128238678 0.11003239452838898
v -0.05367833375930786 -0.1284882128238678 0.11003239452838898
v -0.05107811838388443 -0.12908658385276794 0.11092792451381683
v -0.05000106990337372 -0.1305311918258667 0.113089919090271
v -0.05107811838388443 -0.13197579979896545 0.11525192111730576
v -0.05367833375930786 -0.1325741559267044 0.11614745110273361
v -0.056278541684150696 -0.13197579979896545 0.11525193601846695
v -0.05735559016466141 -0.1305311918258667 0.113089919090271
v -0.056278541684150696 -0.13939814269542694 0.10246547311544418
v -0.05367833375930786 -0.1386365443468094 0.10170387476682663
v -0.05367833375930786 -0.1386365443468094 0.10170387476682663
v -0.05107811838388443 -0.13939814269542694 0.10246546566486359
v -0.05000107362866402 -0.14123676717281342 0.10430409759283066
v -0.05107811838388443 -0.1430753916501999 0.10614272207021713
v -0.05367833375930786 -0.14383696019649506 0.10690430551767349
v -0.056278541684150696 -0.1430753916501999 0.10614272207021713
v -0.05735558643937111 -0.14123676717281342 0.10430409759283066
v -0.056278541684150696 -0.14786061644554138 0.09215392917394638
v -0.05367833375930786 -0.14696508646011353 0.09155556559562683
v -0.05367833375930786 -0.14696508646011353 0.09155556559562683
v -0.05107811838388443 -0.14786061644554138 0.09215392917394638
v -0.05000106990337372 -0.15002259612083435 0.09359852969646454
v -0.05107811838388443 -0.1521846055984497 0.0950431376695633
v -0.05367833375930786 -0.15308013558387756 0.09564150869846344
v -0.056278541684150696 -0.1521846055984497 0.0950431376695633
v -0.05735559016466141 -0.15002259612083435 0.09359852969646454
v -0.056278541684150696 -0.15414878726005554 0.08038957417011261
v -0.05367833375930786 -0.15315374732017517 0.07997741550207138
v -0.05367833375930786 -0.15315374732017517 0.07997741550207138
v -0.05107811838388443 -0.15414878726005554 0.08038957417011261
v -0.05000106990337372 -0.1565510630607605 0.08138463646173477
v -0.05107811838388443 -0.15895335376262665 0.08237969875335693
v -0.05367833375930786 -0.1599484086036682 0.08279187232255936
v -0.056278541684150696 -0.15895335376262665 0.08237969875335693
v -0.05735559016466141 -0.1565510630607605 0.08138463646173477
v -0.056278541684150696 -0.15802101790905 0.06762450933456421
v -0.05367833375930786 -0.15696465969085693 0.06741438806056976
v -0.05367833375930786 -0.15696465969085693 0.06741438806056976
v -0.05107811838388443 -0.15802101790905 0.06762450933456421
v -0.05000106990337372 -0.16057127714157104 0.06813178211450577
v -0.05107811838388443 -0.1631215214729309 0.06863906979560852
v -0.05367833375930786 -0.16417786478996277 0.06884919106960297
v -0.056278541684150696 -0.1631215214729309 0.06863906979560852
v -0.05735559016466141 -0.16057127714157104 0.06813178211450577
v -0.05627854913473129 -0.15933166444301605 0.05422171205282211
v -0.05367833375930786 -0.1582559049129486 0.05416886508464813
v -0.05367833375930786 -0.1582559049129486 0.05416886508464813
v -0.05107812583446503 -0.15933166444301605 0.05422171205282211
v -0.05000107362866402 -0.16192874312400818 0.05434929206967354
v -0.05107812583446503 -0.1645258218050003 0.05447687953710556
v -0.05367833375930786 -0.16560155153274536 0.05452973023056984
v -0.05627854913473129 -0.1645258218050003 0.05447687953710556
v -0.057355593889951706 -0.16192874312400818 0.05434929206967354
v -0.05627854913473129 -0.15932849049568176 0.028105130419135094
v -0.05627854913473129 -0.15932849049568176 0.028105130419135094
v -0.05367833375930786 -0.15825146436691284 0.028105130419135094
v -0.05367833375930786 -0.15825146436691284 0.028105130419135094
v -0.05367833375930786 -0.15825146436691284 0.028105130419135094
v -0.05107812583446503 -0.15932849049568176 0.028105130419135094
v -0.05107812583446503 -0.15932849049568176 0.028105130419135094
v -0.05000107362866402 -0.1619286984205246 0.028105126693844795
v -0.05000107362866402 -0.1619286984205246 0.028105126693844795
v -0.05107812583446503 -0.16452893614768982 0.028105126693844795
v -0.05107812583446503 -0.16452893614768982 0.028105126693844795
v -0.05367833375930786 -0.16560596227645874 0.028105126693844795
v -0.05367833375930786 -0.16560596227645874 0.028105126693844795
v -0.05627854913473129 -0.16452893614768982 0.028105126693844795
v -0.05627854913473129 -0.16452893614768982 0.028105126693844795
v -0.057355593889951706 -0.1619286984205246 0.028105126693844795
v -0.057355593889951706 -0.1619286984205246 0.028105126693844795
v 0.056278593838214874 1.2306263785788474e-9 0.1223958358168602
v 0.05367837846279144 1.4269365689045799e-9 0.12131879478693008
v 0.05367837846279144 1.4269365689045799e-9 0.12131879478693008
v 0.05107817053794861 1.6232473143418247e-9 0.1223958358168602
v 0.0500011220574379 1.704562158089118e-9 0.12499603629112244
v 0.05107817053794861 1.6232473143418247e-9 0.12759625911712646
v 0.05367837846279144 1.4269365689045799e-9 0.12867330014705658
v 0.056278593838214874 1.2306263785788474e-9 0.12759625911712646
v 0.05735563859343529 1.1493115348315541e-9 0.12499603629112244
v 0.05627857893705368 -0.09115435183048248 0.12239895761013031
v 0.053678371012210846 -0.0911015197634697 0.12132322043180466
v 0.053678371012210846 -0.0911015197634697 0.12132322043180466
v 0.05107815936207771 -0.09115435183048248 0.12239895761013031
v 0.050001110881567 -0.0912819430232048 0.12499603629112244
v 0.05107815936207771 -0.09140953421592712 0.12759312987327576
v 0.053678371012210846 -0.09146237373352051 0.128668874502182
v 0.05627857893705368 -0.09140953421592712 0.12759312987327576
v 0.05735562741756439 -0.0912819430232048 0.12499603629112244
v 0.05627857893705368 -0.10455717146396637 0.12108834087848663
v 0.05627857893705368 -0.10455717146396637 0.12108834087848663
v 0.053678371012210846 -0.10434703528881073 0.12003198266029358
v 0.053678371012210846 -0.10434703528881073 0.12003198266029358
v 0.053678371012210846 -0.10434703528881073 0.12003198266029358
v 0.053678371012210846 -0.10434703528881073 0.12003198266029358
v 0.05107815936207771 -0.10455717146396637 0.12108832597732544
v 0.05107815936207771 -0.10455717146396637 0.12108832597732544
v 0.050001110881567 -0.10506442934274673 0.1236385852098465
v 0.050001110881567 -0.10506442934274673 0.1236385852098465
v 0.05107815936207771 -0.10557170957326889 0.12618884444236755
v 0.05107815936207771 -0.10557170957326889 0.12618884444236755
v 0.053678371012210846 -0.10578182339668274 0.12724518775939941
v 0.053678371012210846 -0.10578182339668274 0.12724518775939941
v 0.05627857893705368 -0.10557170957326889 0.12618884444236755
v 0.05627857893705368 -0.10557170957326889 0.12618884444236755
v 0.05735562741756439 -0.10506442934274673 0.1236385852098465
v 0.05735562741756439 -0.10506442934274673 0.1236385852098465
v 0.05627857521176338 -0.11732223629951477 0.11721611022949219
v 0.05367836356163025 -0.11691006273031235 0.11622105538845062
v 0.05367836356163025 -0.11691006273031235 0.11622105538845062
v 0.05107814818620682 -0.11732220649719238 0.11721611022949219
v 0.0500011071562767 -0.11831728368997574 0.11961839348077774
v 0.05107814818620682 -0.1193123385310173 0.12202068418264389
v 0.05367836356163025 -0.11972451210021973 0.12301573902368546
v 0.05627857521176338 -0.1193123385310173 0.12202068418264389
v 0.057355623692274094 -0.11831728368997574 0.11961839348077774
v 0.05627857521176338 -0.12908658385276794 0.11092792451381683
v 0.05367836356163025 -0.1284882128238678 0.11003239452838898
v 0.05367836356163025 -0.1284882128238678 0.11003239452838898
v 0.05107814818620682 -0.12908658385276794 0.11092792451381683
v 0.0500011071562767 -0.1305311918258667 0.113089919090271
v 0.05107814818620682 -0.13197579979896545 0.11525192111730576
v 0.05367836356163025 -0.1325741559267044 0.11614745110273361
v 0.05627857521176338 -0.13197579979896545 0.11525193601846695
v 0.057355623692274094 -0.1305311918258667 0.113089919090271
v 0.05627857521176338 -0.13939814269542694 0.10246547311544418
v 0.05367836356163025 -0.1386365443468094 0.10170387476682663
v 0.05367836356163025 -0.1386365443468094 0.10170387476682663
v 0.05107814818620682 -0.13939814269542694 0.10246546566486359
v 0.050001110881567 -0.14123676717281342 0.10430409759283066
v 0.05107814818620682 -0.1430753916501999 0.10614272207021713
v 0.05367836356163025 -0.14383696019649506 0.10690430551767349
v 0.05627857521176338 -0.1430753916501999 0.10614272207021713
v 0.0573556162416935 -0.14123676717281342 0.10430409759283066
v 0.05627857521176338 -0.14786061644554138 0.09215392917394638
v 0.05367836356163025 -0.14696508646011353 0.09155556559562683
v 0.05367836356163025 -0.14696508646011353 0.09155556559562683
v 0.05107814818620682 -0.14786061644554138 0.09215392917394638
v 0.0500011071562767 -0.15002259612083435 0.09359852969646454
v 0.05107814818620682 -0.1521846055984497 0.0950431376695633
v 0.05367836356163025 -0.15308013558387756 0.09564150869846344
v 0.05627857521176338 -0.1521846055984497 0.0950431376695633
v 0.057355623692274094 -0.15002259612083435 0.09359852969646454
v 0.05627857521176338 -0.15414878726005554 0.08038957417011261
v 0.05367836356163025 -0.15315374732017517 0.07997741550207138
v 0.05367836356163025 -0.15315374732017517 0.07997741550207138
v 0.05107814818620682 -0.15414878726005554 0.08038957417011261
v 0.0500011071562767 -0.1565510630607605 0.08138463646173477
v 0.05107814818620682 -0.15895335376262665 0.08237969875335693
v 0.05367836356163025 -0.1599484086036682 0.08279187232255936
v 0.05627857521176338 -0.15895335376262665 0.08237969875335693
v 0.057355623692274094 -0.1565510630607605 0.08138463646173477
v 0.05627857521176338 -0.15802101790905 0.06762450933456421
v 0.05367836356163025 -0.15696465969085693 0.06741438806056976
v 0.05367836356163025 -0.15696465969085693 0.06741438806056976
v 0.05107814818620682 -0.15802101790905 0.06762450933456421
v 0.0500011071562767 -0.16057127714157104 0.06813178211450577
v 0.05107814818620682 -0.1631215214729309 0.06863906979560852
v 0.05367836356163025 -0.16417786478996277 0.06884919106960297
v 0.05627857521176338 -0.1631215214729309 0.06863906979560852
v 0.057355623692274094 -0.16057127714157104 0.06813178211450577
v 0.05627857893705368 -0.15933166444301605 0.05422171205282211
v 0.053678371012210846 -0.1582559049129486 0.05416886508464813
v 0.053678371012210846 -0.1582559049129486 0.05416886508464813
v 0.05107815936207771 -0.15933166444301605 0.05422171205282211
v 0.050001110881567 -0.16192874312400818 0.05434929206967354
v 0.05107815936207771 -0.1645258218050003 0.05447687953710556
v 0.053678371012210846 -0.16560155153274536 0.05452973023056984
v 0.05627857893705368 -0.1645258218050003 0.05447687953710556
v 0.05735562741756439 -0.16192874312400818 0.05434929206967354
v 0.05627857893705368 -0.15932849049568176 0.028105130419135094
v 0.05627857893705368 -0.15932849049568176 0.028105130419135094
v 0.053678371012210846 -0.15825146436691284 0.028105130419135094
v 0.053678371012210846 -0.15825146436691284 0.028105130419135094
v 0.053678371012210846 -0.15825146436691284 0.028105130419135094
v 0.05107815936207771 -0.15932849049568176 0.028105130419135094
v 0.05107815936207771 -0.15932849049568176 0.028105130419135094
v 0.050001110881567 -0.1619286984205246 0.028105126693844795
v 0.050001110881567 -0.1619286984205246 0.028105126693844795
v 0.05107815936207771 -0.16452893614768982 0.028105126693844795
v 0.05107815936207771 -0.16452893614768982 0.028105126693844795
v 0.053678371012210846 -0.16560596227645874 0.028105126693844795
v 0.053678371012210846 -0.16560596227645874 0.028105126693844795
v 0.05627857893705368 -0.16452893614768982 0.028105126693844795
v 0.05627857893705368 -0.16452893614768982 0.028105126693844795
v 0.05735562741756439 -0.1619286984205246 0.028105126693844795
v 0.05735562741756439 -0.1619286984205246 0.028105126693844795
v -0.0562785267829895 0.09115437418222427 0.12239895761013031
v -0.05367831140756607 0.0911015197634697 0.12132322043180466
v -0.05367831140756607 0.0911015197634697 0.12132322043180466
v -0.051078107208013535 0.09115437418222427 0.12239895761013031
v -0.050001051276922226 0.0912819653749466 0.12499603629112244
v -0.051078107208013535 0.09140954166650772 0.12759312987327576
v -0.05367831140756607 0.0914623960852623 0.128668874502182
v -0.0562785267829895 0.09140954166650772 0.12759312987327576
v -0.057355575263500214 0.0912819653749466 0.12499603629112244
v -0.0562785267829895 0.10455717146396637 0.12108834087848663
v -0.0562785267829895 0.10455717146396637 0.12108834087848663
v -0.05367831140756607 0.10434705018997192 0.12003198266029358
v -0.05367831140756607 0.10434705018997192 0.12003198266029358
v -0.05367831140756607 0.10434705018997192 0.12003198266029358
v -0.05367831140756607 0.10434705018997192 0.12003198266029358
v -0.051078107208013535 0.10455717146396637 0.12108832597732544
v -0.051078107208013535 0.10455717146396637 0.12108832597732544
v -0.050001051276922226 0.10506442934274673 0.1236385852098465
v -0.050001051276922226 0.10506442934274673 0.1236385852098465
v -0.051078107208013535 0.10557170957326889 0.12618884444236755
v -0.051078107208013535 0.10557170957326889 0.12618884444236755
v -0.05367831140756607 0.10578183829784393 0.12724518775939941
v -0.05367831140756607 0.10578183829784393 0.12724518775939941
v -0.0562785267829895 0.10557170957326889 0.12618884444236755
v -0.0562785267829895 0.10557170957326889 0.12618884444236755
v -0.057355575263500214 0.10506442934274673 0.1236385852098465
v -0.057355575263500214 0.10506442934274673 0.1236385852098465
v -0.056278519332408905 0.11732223629951477 0.11721611022949219
v -0.05367831140756607 0.11691006273031235 0.11622105538845062
v -0.05367831140756607 0.11691006273031235 0.11622105538845062
v -0.05107809603214264 0.11732223629951477 0.11721611022949219
v -0.05000104755163193 0.11831729114055634 0.11961839348077774
v -0.05107809603214264 0.1193123385310173 0.12202068418264389
v -0.05367831140756607 0.11972451210021973 0.12301573902368546
v -0.056278519332408905 0.1193123385310173 0.12202068418264389
v -0.05735556781291962 0.11831729114055634 0.11961839348077774
v -0.056278519332408905 0.12908658385276794 0.11092792451381683
v -0.05367831140756607 0.1284882128238678 0.11003239452838898
v -0.05367831140756607 0.1284882128238678 0.11003239452838898
v -0.05107809603214264 0.12908658385276794 0.11092792451381683
v -0.05000104755163193 0.1305311918258667 0.113089919090271
v -0.05107809603214264 0.13197579979896545 0.11525192111730576
v -0.05367831140756607 0.1325741559267044 0.11614745110273361
v -0.056278519332408905 0.13197579979896545 0.11525193601846695
v -0.05735556781291962 0.1305311918258667 0.113089919090271
v -0.056278519332408905 0.13939814269542694 0.10246547311544418
v -0.05367831140756607 0.13863655924797058 0.10170387476682663
v -0.05367831140756607 0.13863655924797058 0.10170387476682663
v -0.05107809603214264 0.13939814269542694 0.10246546566486359
v -0.050001051276922226 0.14123676717281342 0.10430409759283066
v -0.05107809603214264 0.1430753916501999 0.10614272207021713
v -0.05367831140756607 0.14383697509765625 0.10690430551767349
v -0.056278519332408905 0.1430753916501999 0.10614272207021713
v -0.05735556408762932 0.14123676717281342 0.10430409759283066
v -0.056278519332408905 0.14786061644554138 0.09215392917394638
v -0.05367831140756607 0.14696508646011353 0.09155556559562683
v -0.05367831140756607 0.14696508646011353 0.09155556559562683
v -0.05107809603214264 0.14786061644554138 0.09215392917394638
v -0.05000104755163193 0.15002261102199554 0.09359852969646454
v -0.05107809603214264 0.1521846055984497 0.0950431376695633
v -0.05367831140756607 0.15308013558387756 0.09564150869846344
v -0.056278519332408905 0.1521846055984497 0.0950431376695633
v -0.05735556781291962 0.15002261102199554 0.09359852969646454
v -0.056278519332408905 0.15414880216121674 0.08038957417011261
v -0.05367831140756607 0.15315374732017517 0.07997741550207138
v -0.05367831140756607 0.15315374732017517 0.07997741550207138
v -0.05107809603214264 0.15414880216121674 0.08038957417011261
v -0.05000104755163193 0.1565510630607605 0.08138463646173477
v -0.05107809603214264 0.15895335376262665 0.08237969875335693
v -0.05367831140756607 0.1599484086036682 0.08279187232255936
v -0.056278519332408905 0.15895335376262665 0.08237969875335693
v -0.05735556781291962 0.1565510630607605 0.08138463646173477
v -0.056278519332408905 0.15802103281021118 0.06762450933456421
v -0.05367831140756607 0.15696468949317932 0.06741438806056976
v -0.05367831140756607 0.15696468949317932 0.06741438806056976
v -0.05107809603214264 0.15802103281021118 0.06762450933456421
v -0.05000104755163193 0.16057127714157104 0.06813178211450577
v -0.05107809603214264 0.1631215512752533 0.06863906979560852
v -0.05367831140756607 0.16417789459228516 0.06884919106960297
v -0.056278519332408905 0.1631215512752533 0.06863906979560852
v -0.05735556781291962 0.16057127714157104 0.06813178211450577
v -0.0562785267829895 0.15933166444301605 0.05422171205282211
v -0.05367831140756607 0.1582559049129486 0.05416886508464813
v -0.05367831140756607 0.1582559049129486 0.05416886508464813
v -0.051078107208013535 0.15933166444301605 0.05422171205282211
v -0.050001051276922226 0.16192874312400818 0.05434929206967354
v -0.051078107208013535 0.1645258218050003 0.05447687953710556
v -0.05367831140756607 0.16560155153274536 0.05452973023056984
v -0.0562785267829895 0.1645258218050003 0.05447687953710556
v -0.057355575263500214 0.16192874312400818 0.05434929206967354
v -0.0562785267829895 0.15932852029800415 0.028105130419135094
v -0.0562785267829895 0.15932852029800415 0.028105130419135094
v -0.05367831140756607 0.15825147926807404 0.028105130419135094
v -0.05367831140756607 0.15825147926807404 0.028105130419135094
v -0.05367831140756607 0.15825147926807404 0.028105130419135094
v -0.051078107208013535 0.15932852029800415 0.028105130419135094
v -0.051078107208013535 0.15932852029800415 0.028105130419135094
v -0.050001051276922226 0.16192874312400818 0.028105126693844795
v -0.050001051276922226 0.16192874312400818 0.028105126693844795
v -0.051078107208013535 0.164528951048851 0.028105126693844795
v -0.051078107208013535 0.164528951048851 0.028105126693844795
v -0.05367831140756607 0.16560599207878113 0.028105126693844795
v -0.05367831140756607 0.16560599207878113 0.028105126693844795
v -0.0562785267829895 0.164528951048851 0.028105126693844795
v -0.0562785267829895 0.164528951048851 0.028105126693844795
v -0.057355575263500214 0.16192874312400818 0.028105126693844795
v -0.057355575263500214 0.16192874312400818 0.028105126693844795
v 0.056278593838214874 0.09115435183048248 0.12239895761013031
v 0.05367837846279144 0.0911015197634697 0.12132322043180466
v 0.05367837846279144 0.0911015197634697 0.12132322043180466
v 0.05107817053794861 0.09115435183048248 0.12239895761013031
v 0.0500011220574379 0.0912819430232048 0.12499603629112244
v 0.05107817053794861 0.09140953421592712 0.12759312987327576
v 0.05367837846279144 0.09146237373352051 0.128668874502182
v 0.056278593838214874 0.09140953421592712 0.12759312987327576
v 0.05735563859343529 0.0912819430232048 0.12499603629112244
v 0.056278593838214874 0.10455717146396637 0.12108834087848663
v 0.056278593838214874 0.10455717146396637 0.12108834087848663
v 0.05367837846279144 0.10434705018997192 0.12003198266029358
v 0.05367837846279144 0.10434705018997192 0.12003198266029358
v 0.05367837846279144 0.10434705018997192 0.12003198266029358
v 0.05367837846279144 0.10434705018997192 0.12003198266029358
v 0.05107817053794861 0.10455717146396637 0.12108832597732544
v 0.05107817053794861 0.10455717146396637 0.12108832597732544
v 0.0500011220574379 0.10506442934274673 0.1236385852098465
v 0.0500011220574379 0.10506442934274673 0.1236385852098465
v 0.05107817053794861 0.10557170957326889 0.12618884444236755
v 0.05107817053794861 0.10557170957326889 0.12618884444236755
v 0.05367837846279144 0.10578183829784393 0.12724518775939941
v 0.05367837846279144 0.10578183829784393 0.12724518775939941
v 0.056278593838214874 0.10557170957326889 0.12618884444236755
v 0.056278593838214874 0.10557170957326889 0.12618884444236755
v 0.05735563859343529 0.10506442934274673 0.1236385852098465
v 0.05735563859343529 0.10506442934274673 0.1236385852098465
v 0.056278593838214874 0.11732223629951477 0.11721611022949219
v 0.05367838591337204 0.11691006273031235 0.11622105538845062
v 0.05367838591337204 0.11691006273031235 0.11622105538845062
v 0.05107817053794861 0.11732223629951477 0.11721611022949219
v 0.050001125782728195 0.11831729114055634 0.11961839348077774
v 0.05107817053794861 0.1193123385310173 0.12202068418264389
v 0.05367838591337204 0.11972451210021973 0.12301573902368546
v 0.056278593838214874 0.1193123385310173 0.12202068418264389
v 0.057355642318725586 0.11831729114055634 0.11961839348077774
v 0.056278593838214874 0.12908658385276794 0.11092792451381683
v 0.05367838591337204 0.1284882128238678 0.11003239452838898
v 0.05367838591337204 0.1284882128238678 0.11003239452838898
v 0.05107817053794861 0.12908658385276794 0.11092792451381683
v 0.050001125782728195 0.1305311918258667 0.113089919090271
v 0.05107817053794861 0.13197579979896545 0.11525192111730576
v 0.05367838591337204 0.1325741559267044 0.11614745110273361
v 0.056278593838214874 0.13197579979896545 0.11525193601846695
v 0.057355642318725586 0.1305311918258667 0.113089919090271
v 0.056278593838214874 0.13939814269542694 0.10246547311544418
v 0.05367838591337204 0.13863655924797058 0.10170387476682663
v 0.05367838591337204 0.13863655924797058 0.10170387476682663
v 0.05107817053794861 0.13939814269542694 0.10246546566486359
v 0.050001125782728195 0.14123676717281342 0.10430409759283066
v 0.05107817053794861 0.1430753916501999 0.10614272207021713
v 0.05367838591337204 0.14383697509765625 0.10690430551767349
v 0.056278593838214874 0.1430753916501999 0.10614272207021713
v 0.05735563859343529 0.14123676717281342 0.10430409759283066
v 0.056278593838214874 0.14786061644554138 0.09215392917394638
v 0.05367838591337204 0.14696508646011353 0.09155556559562683
v 0.05367838591337204 0.14696508646011353 0.09155556559562683
v 0.05107817053794861 0.14786061644554138 0.09215392917394638
v 0.050001125782728195 0.15002261102199554 0.09359852969646454
v 0.05107817053794861 0.1521846055984497 0.0950431376695633
v 0.05367838591337204 0.15308013558387756 0.09564150869846344
v 0.056278593838214874 0.1521846055984497 0.0950431376695633
v 0.057355642318725586 0.15002261102199554 0.09359852969646454
v 0.056278593838214874 0.15414880216121674 0.08038957417011261
v 0.05367838591337204 0.15315374732017517 0.07997741550207138
v 0.05367838591337204 0.15315374732017517 0.07997741550207138
v 0.05107817053794861 0.15414880216121674 0.08038957417011261
v 0.050001125782728195 0.1565510630607605 0.08138463646173477
v 0.05107817053794861 0.15895335376262665 0.08237969875335693
v 0.05367838591337204 0.1599484086036682 0.08279187232255936
v 0.056278593838214874 0.15895335376262665 0.08237969875335693
v 0.057355642318725586 0.1565510630607605 0.08138463646173477
v 0.056278593838214874 0.15802103281021118 0.06762450933456421
v 0.05367838591337204 0.15696468949317932 0.06741438806056976
v 0.05367838591337204 0.15696468949317932 0.06741438806056976
v 0.05107817053794861 0.15802103281021118 0.06762450933456421
v 0.050001125782728195 0.16057127714157104 0.06813178211450577
v 0.05107817053794861 0.1631215512752533 0.06863906979560852
v 0.05367838591337204 0.16417789459228516 0.06884919106960297
v 0.056278593838214874 0.1631215512752533 0.06863906979560852
v 0.057355642318725586 0.16057127714157104 0.06813178211450577
v 0.05627860128879547 0.15933166444301605 0.05422171205282211
v 0.05367838963866234 0.1582559049129486 0.05416886508464813
v 0.05367838963866234 0.1582559049129486 0.05416886508464813
v 0.051078181713819504 0.15933166444301605 0.05422171205282211
v 0.050001125782728195 0.16192874312400818 0.05434929206967354
v 0.051078181713819504 0.1645258218050003 0.05447687953710556
v 0.05367838963866234 0.16560155153274536 0.05452973023056984
v 0.05627860128879547 0.1645258218050003 0.05447687953710556
v 0.05735564976930618 0.16192874312400818 0.05434929206967354
v 0.05627860128879547 0.15932852029800415 0.028105130419135094
v 0.05627860128879547 0.15932852029800415 0.028105130419135094
v 0.05367838963866234 0.15825147926807404 0.028105130419135094
v 0.05367838963866234 0.15825147926807404 0.028105130419135094
v 0.05367838963866234 0.15825147926807404 0.028105130419135094
v 0.051078181713819504 0.15932852029800415 0.028105130419135094
v 0.051078181713819504 0.15932852029800415 0.028105130419135094
v 0.050001125782728195 0.16192874312400818 0.028105126693844795
v 0.050001125782728195 0.16192874312400818 0.028105126693844795
v 0.051078181713819504 0.164528951048851 0.028105126693844795
v 0.051078181713819504 0.164528951048851 0.028105126693844795
v 0.05367838963866234 0.16560599207878113 0.028105126693844795
v 0.05367838963866234 0.16560599207878113 0.028105126693844795
v 0.05627860128879547 0.164528951048851 0.028105126693844795
v 0.05627860128879547 0.164528951048851 0.028105126693844795
v 0.05735564976930618 0.16192874312400818 0.028105126693844795
v 0.05735564976930618 0.16192874312400818 0.028105126693844795
v -0.10337986797094345 -0.08074191957712173 0.028105108067393303
v -0.10337986797094345 -0.08074191957712173 0.028105108067393303
v -0.10077964514493942 -0.08181896060705185 0.028105108067393303
v -0.10077964514493942 -0.08181896060705185 0.028105108067393303
v -0.0981794223189354 -0.08074192702770233 0.028105108067393303
v -0.0981794223189354 -0.08074192702770233 0.028105108067393303
v -0.09710238873958588 -0.0781417042016983 0.028105108067393303
v -0.09710238873958588 -0.0781417042016983 0.028105108067393303
v -0.0981794223189354 -0.07554150372743607 0.028105108067393303
v -0.0981794223189354 -0.07554150372743607 0.028105108067393303
v -0.0981794223189354 -0.07554150372743607 0.028105108067393303
v -0.10077964514493942 -0.07446445524692535 0.028105108067393303
v -0.10077964514493942 -0.07446445524692535 0.028105108067393303
v -0.10337986797094345 -0.07554150372743607 0.028105108067393303
v -0.10337986797094345 -0.07554150372743607 0.028105108067393303
v -0.10445689409971237 -0.0781417042016983 0.028105108067393303
v -0.10445689409971237 -0.0781417042016983 0.028105108067393303
v -0.10337672382593155 -0.08074192702770233 0.06618643552064896
v -0.10077964514493942 -0.08181896060705185 0.06605885177850723
v -0.0981825664639473 -0.08074192702770233 0.06593126803636551
v -0.09710681438446045 -0.0781417191028595 0.06587840616703033
v -0.0981825664639473 -0.07554150372743607 0.06593126803636551
v -0.0981825664639473 -0.07554150372743607 0.06593126803636551
v -0.10077964514493942 -0.07446445524692535 0.06605885177850723
v -0.10337672382593155 -0.07554150372743607 0.06618643552064896
v -0.1044524759054184 -0.0781417191028595 0.06623928248882294
v -0.10197243094444275 -0.08074192702770233 0.08034862577915192
v -0.09942218661308289 -0.08181896060705185 0.07984136044979095
v -0.09687191992998123 -0.08074192702770233 0.0793340727686882
v -0.09581558406352997 -0.0781417191028595 0.07912395149469376
v -0.09687191992998123 -0.07554150372743607 0.0793340727686882
v -0.09687191992998123 -0.07554150372743607 0.0793340727686882
v -0.09942218661308289 -0.07446445524692535 0.07984136044979095
v -0.10197243094444275 -0.07554150372743607 0.08034862577915192
v -0.10302877426147461 -0.0781417191028595 0.08055874705314636
v -0.0978042483329773 -0.08074192702770233 0.09408923983573914
v -0.09540197253227234 -0.08181897550821304 0.09309419244527817
v -0.09299968928098679 -0.08074193447828293 0.092099130153656
v -0.09200461953878403 -0.0781417191028595 0.09168696403503418
v -0.09299968928098679 -0.07554150372743607 0.092099130153656
v -0.09299968928098679 -0.07554150372743607 0.092099130153656
v -0.09540197253227234 -0.07446446269750595 0.09309419244527817
v -0.0978042483329773 -0.07554150372743607 0.09408923983573914
v -0.09879932552576065 -0.0781417191028595 0.09450141340494156
v -0.09103550016880035 -0.08074193447828293 0.10675270855426788
v -0.088873490691185 -0.08181897550821304 0.10530810803174973
v -0.08671150356531143 -0.08074193447828293 0.10386350005865097
v -0.08581597357988358 -0.0781417191028595 0.10326512157917023
v -0.08671150356531143 -0.07554150372743607 0.10386350005865097
v -0.08671150356531143 -0.07554150372743607 0.10386350005865097
v -0.088873490691185 -0.07446446269750595 0.10530810803174973
v -0.09103550016880035 -0.07554150372743607 0.10675270855426788
v -0.09193103015422821 -0.0781417191028595 0.10735106468200684
v -0.08192629367113113 -0.08074193447828293 0.11785229295492172
v -0.08008766174316406 -0.08181897550821304 0.11601366847753525
v -0.07824903726577759 -0.08074193447828293 0.11417502909898758
v -0.07748745381832123 -0.0781417191028595 0.11341344565153122
v -0.07824903726577759 -0.07554150372743607 0.11417502909898758
v -0.07824903726577759 -0.07554150372743607 0.11417502909898758
v -0.08008766174316406 -0.07446446269750595 0.11601366847753525
v -0.08192629367113113 -0.07554150372743607 0.11785229295492172
v -0.0826878771185875 -0.0781417191028595 0.11861386895179749
v -0.0708267018198967 -0.08074193447828293 0.12696148455142975
v -0.06938210129737854 -0.08181897550821304 0.12479949742555618
v -0.06793750077486038 -0.08074193447828293 0.12263749539852142
v -0.06733912229537964 -0.0781417191028595 0.12174196541309357
v -0.06793750077486038 -0.07554150372743607 0.12263749539852142
v -0.06793750077486038 -0.07554150372743607 0.12263749539852142
v -0.06938210129737854 -0.07446446269750595 0.12479949742555618
v -0.0708266943693161 -0.07554150372743607 0.12696148455142975
v -0.07142507284879684 -0.0781417191028595 0.1278570294380188
v -0.058163248002529144 -0.08074193447828293 0.13373024761676788
v -0.058163248002529144 -0.08074193447828293 0.13373024761676788
v -0.05716819316148758 -0.08181897550821304 0.13132795691490173
v -0.05716819316148758 -0.08181897550821304 0.13132795691490173
v -0.056173134595155716 -0.08074193447828293 0.12892568111419678
v -0.056173134595155716 -0.08074193447828293 0.12892568111419678
v -0.05576097220182419 -0.0781417191028595 0.12793061137199402
v -0.05576097220182419 -0.0781417191028595 0.12793061137199402
v -0.056173134595155716 -0.07554151117801666 0.12892568111419678
v -0.056173134595155716 -0.07554151117801666 0.12892568111419678
v -0.056173134595155716 -0.07554151117801666 0.12892568111419678
v -0.056173134595155716 -0.07554151117801666 0.12892568111419678
v -0.05716819316148758 -0.07446446269750595 0.13132795691490173
v -0.05716819316148758 -0.07446446269750595 0.13132795691490173
v -0.058163248002529144 -0.07554151117801666 0.13373024761676788
v -0.058163248002529144 -0.07554151117801666 0.13373024761676788
v -0.05857541784644127 -0.0781417191028595 0.13472530245780945
v -0.05857541784644127 -0.0781417191028595 0.13472530245780945
v -0.04442261904478073 -0.08074193447828293 0.13789841532707214
v -0.043915342539548874 -0.08181898295879364 0.13534817099571228
v -0.04340806230902672 -0.08074193447828293 0.13279791176319122
v -0.04319794476032257 -0.0781417191028595 0.13174156844615936
v -0.04340806230902672 -0.07554151117801666 0.13279791176319122
v -0.04340806230902672 -0.07554151117801666 0.13279791176319122
v -0.043915342539548874 -0.07446446269750595 0.13534817099571228
v -0.04442261904478073 -0.07554151117801666 0.13789841532707214
v -0.04463274031877518 -0.0781417191028595 0.1389547735452652
v -0.03026043064892292 -0.08074193447828293 0.13930271565914154
v -0.030132843181490898 -0.08181898295879364 0.13670562207698822
v -0.030005255714058876 -0.08074193447828293 0.1341085433959961
v -0.029952406883239746 -0.0781417191028595 0.13303281366825104
v -0.030005255714058876 -0.07554151117801666 0.1341085433959961
v -0.030005255714058876 -0.07554151117801666 0.1341085433959961
v -0.030132843181490898 -0.07446446269750595 0.13670562207698822
v -0.03026043064892292 -0.07554151117801666 0.13930271565914154
v -0.03031327947974205 -0.0781417191028595 0.1403784602880478
v -4.19685486363619e-9 -0.08074193447828293 0.13930271565914154
v -3.866173159394748e-9 -0.07554151117801666 0.1341085433959961
v -3.866173159394748e-9 -0.07554151117801666 0.1341085433959961
v -4.30913882354389e-9 -0.08181898295879364 0.13670562207698822
v -3.7538883113086285e-9 -0.07446446269750595 0.13670562207698822
v -4.258794206180028e-9 -0.08074193447828293 0.1341085433959961
v -3.8042338168509104e-9 -0.07554151117801666 0.13930271565914154
v -4.0753120877923266e-9 -0.0781417191028595 0.13303281366825104
v -3.9877159352386116e-9 -0.0781417191028595 0.1403784602880478
v 0.10337984561920166 -0.08074193447828293 0.028105108067393303
v 0.10337984561920166 -0.08074193447828293 0.028105108067393303
v 0.10077962279319763 -0.08181898295879364 0.028105108067393303
v 0.10077962279319763 -0.08181898295879364 0.028105108067393303
v 0.0981794148683548 -0.08074193447828293 0.028105108067393303
v 0.0981794148683548 -0.08074193447828293 0.028105108067393303
v 0.09710236638784409 -0.0781417191028595 0.028105108067393303
v 0.09710236638784409 -0.0781417191028595 0.028105108067393303
v 0.0981794148683548 -0.07554151117801666 0.028105108067393303
v 0.0981794148683548 -0.07554151117801666 0.028105108067393303
v 0.0981794148683548 -0.07554151117801666 0.028105108067393303
v 0.10077962279319763 -0.07446446269750595 0.028105108067393303
v 0.10077962279319763 -0.07446446269750595 0.028105108067393303
v 0.10337984561920166 -0.07554151117801666 0.028105108067393303
v 0.10337984561920166 -0.07554151117801666 0.028105108067393303
v 0.10445688664913177 -0.0781417191028595 0.028105108067393303
v 0.10445688664913177 -0.0781417191028595 0.028105108067393303
v 0.10337670892477036 -0.08074193447828293 0.06618643552064896
v 0.10077962279319763 -0.08181898295879364 0.06605885177850723
v 0.0981825441122055 -0.08074193447828293 0.06593126803636551
v 0.09710679203271866 -0.0781417191028595 0.06587840616703033
v 0.0981825441122055 -0.07554151117801666 0.06593126803636551
v 0.0981825441122055 -0.07554151117801666 0.06593126803636551
v 0.10077962279319763 -0.07446446269750595 0.06605885177850723
v 0.10337670892477036 -0.07554151117801666 0.06618643552064896
v 0.1044524535536766 -0.0781417191028595 0.06623928248882294
v 0.10197241604328156 -0.08074193447828293 0.08034862577915192
v 0.0994221419095993 -0.08181898295879364 0.07984136044979095
v 0.09687190502882004 -0.08074193447828293 0.0793340727686882
v 0.09581554681062698 -0.0781417191028595 0.07912395149469376
v 0.09687190502882004 -0.07554151117801666 0.0793340727686882
v 0.09687190502882004 -0.07554151117801666 0.0793340727686882
v 0.0994221419095993 -0.07446446269750595 0.07984136044979095
v 0.10197241604328156 -0.07554151117801666 0.08034862577915192
v 0.10302875190973282 -0.0781417191028595 0.08055874705314636
v 0.0978042334318161 -0.08074193447828293 0.09408923983573914
v 0.09540193527936935 -0.08181898295879364 0.09309419244527817
v 0.0929996594786644 -0.08074194937944412 0.092099130153656
v 0.09200460463762283 -0.0781417191028595 0.09168696403503418
v 0.0929996594786644 -0.07554151117801666 0.092099130153656
v 0.0929996594786644 -0.07554151117801666 0.092099130153656
v 0.09540193527936935 -0.07446447014808655 0.09309419244527817
v 0.0978042334318161 -0.07554151117801666 0.09408923983573914
v 0.09879928827285767 -0.0781417191028595 0.09450141340494156
v 0.09103548526763916 -0.08074194937944412 0.10675270855426788
v 0.088873490691185 -0.08181898295879364 0.10530810803174973
v 0.08671148866415024 -0.08074194937944412 0.10386350005865097
v 0.08581595867872238 -0.0781417191028595 0.10326512157917023
v 0.08671148866415024 -0.07554151117801666 0.10386350005865097
v 0.08671148866415024 -0.07554151117801666 0.10386350005865097
v 0.088873490691185 -0.07446447014808655 0.10530810803174973
v 0.09103548526763916 -0.07554151117801666 0.10675270855426788
v 0.09193101525306702 -0.0781417191028595 0.10735106468200684
v 0.08192627876996994 -0.08074194937944412 0.11785229295492172
v 0.08008765429258347 -0.08181898295879364 0.11601366847753525
v 0.0782490223646164 -0.08074194937944412 0.11417502909898758
v 0.07748743891716003 -0.07814173400402069 0.11341344565153122
v 0.0782490223646164 -0.07554151117801666 0.11417502909898758
v 0.0782490223646164 -0.07554151117801666 0.11417502909898758
v 0.08008765429258347 -0.07446447014808655 0.11601366847753525
v 0.08192627876996994 -0.07554151117801666 0.11785229295492172
v 0.0826878696680069 -0.07814173400402069 0.11861386895179749
v 0.0708266943693161 -0.08074194937944412 0.12696148455142975
v 0.06938208639621735 -0.08181898295879364 0.12479949742555618
v 0.06793748587369919 -0.08074194937944412 0.12263749539852142
v 0.06733911484479904 -0.07814173400402069 0.12174196541309357
v 0.06793748587369919 -0.07554151117801666 0.12263749539852142
v 0.06793748587369919 -0.07554151117801666 0.12263749539852142
v 0.06938208639621735 -0.07446447014808655 0.12479949742555618
v 0.0708266869187355 -0.07554151117801666 0.12696148455142975
v 0.07142506539821625 -0.07814173400402069 0.1278570294380188
v 0.058163244277238846 -0.08074194937944412 0.13373024761676788
v 0.058163244277238846 -0.08074194937944412 0.13373024761676788
v 0.057168181985616684 -0.08181898295879364 0.13132795691490173
v 0.057168181985616684 -0.08181898295879364 0.13132795691490173
v 0.05617312714457512 -0.08074194937944412 0.12892568111419678
v 0.05617312714457512 -0.08074194937944412 0.12892568111419678
v 0.05576096102595329 -0.07814173400402069 0.12793061137199402
v 0.05576096102595329 -0.07814173400402069 0.12793061137199402
v 0.05617312714457512 -0.07554151862859726 0.12892568111419678
v 0.05617312714457512 -0.07554151862859726 0.12892568111419678
v 0.05617312714457512 -0.07554151862859726 0.12892568111419678
v 0.05617312714457512 -0.07554151862859726 0.12892568111419678
v 0.057168181985616684 -0.07446447014808655 0.13132795691490173
v 0.057168181985616684 -0.07446447014808655 0.13132795691490173
v 0.058163244277238846 -0.07554151862859726 0.13373024761676788
v 0.058163244277238846 -0.07554151862859726 0.13373024761676788
v 0.058575406670570374 -0.07814173400402069 0.13472530245780945
v 0.058575406670570374 -0.07814173400402069 0.13472530245780945
v 0.04442261531949043 -0.08074194937944412 0.13789841532707214
v 0.043915338814258575 -0.08181899040937424 0.13534817099571228
v 0.04340806230902672 -0.08074194937944412 0.13279791176319122
v 0.04319794103503227 -0.07814173400402069 0.13174156844615936
v 0.04340806230902672 -0.07554151862859726 0.13279791176319122
v 0.04340806230902672 -0.07554151862859726 0.13279791176319122
v 0.043915338814258575 -0.07446447014808655 0.13534817099571228
v 0.04442261531949043 -0.07554151862859726 0.13789841532707214
v 0.04463273659348488 -0.07814173400402069 0.1389547735452652
v 0.030260425060987473 -0.08074193447828293 0.13930271565914154
v 0.03013283759355545 -0.08181898295879364 0.13670562207698822
v 0.03000524640083313 -0.08074193447828293 0.1341085433959961
v 0.0299524012953043 -0.0781417191028595 0.13303281366825104
v 0.03000524640083313 -0.07554151117801666 0.1341085433959961
v 0.03000524640083313 -0.07554151117801666 0.1341085433959961
v 0.03013283759355545 -0.07446446269750595 0.13670562207698822
v 0.030260425060987473 -0.07554151117801666 0.13930271565914154
v 0.030313273891806602 -0.0781417191028595 0.1403784602880478
v -0.10337984561920166 0.08019457757472992 0.028105108067393303
v -0.10337984561920166 0.08019457757472992 0.028105108067393303
v -0.10077962279319763 0.08127163350582123 0.028105108067393303
v -0.10077962279319763 0.08127163350582123 0.028105108067393303
v -0.0981794148683548 0.08019457757472992 0.028105108067393303
v -0.0981794148683548 0.08019457757472992 0.028105108067393303
v -0.09710236638784409 0.07759436964988708 0.028105108067393303
v -0.09710236638784409 0.07759436964988708 0.028105108067393303
v -0.09710236638784409 0.07759436964988708 0.028105108067393303
v -0.0981794148683548 0.07499416172504425 0.028105108067393303
v -0.0981794148683548 0.07499416172504425 0.028105108067393303
v -0.10077962279319763 0.07391710579395294 0.028105108067393303
v -0.10077962279319763 0.07391710579395294 0.028105108067393303
v -0.10337984561920166 0.07499416172504425 0.028105108067393303
v -0.10337984561920166 0.07499416172504425 0.028105108067393303
v -0.10445688664913177 0.07759436964988708 0.028105108067393303
v -0.10445688664913177 0.07759436964988708 0.028105108067393303
v -0.10337670892477036 0.08019457757472992 0.06618643552064896
v -0.10077962279319763 0.08127163350582123 0.06605885177850723
v -0.0981825441122055 0.08019459247589111 0.06593126803636551
v -0.09710679203271866 0.07759436964988708 0.06587840616703033
v -0.09710679203271866 0.07759436964988708 0.06587840616703033
v -0.0981825441122055 0.07499416172504425 0.06593126803636551
v -0.10077962279319763 0.07391712814569473 0.06605885177850723
v -0.10337670892477036 0.07499416172504425 0.06618643552064896
v -0.1044524535536766 0.07759436964988708 0.06623928248882294
v -0.10197241604328156 0.08019459247589111 0.08034862577915192
v -0.09942217171192169 0.08127163350582123 0.07984136044979095
v -0.09687190502882004 0.08019459247589111 0.0793340727686882
v -0.09581554681062698 0.07759436964988708 0.07912395149469376
v -0.09581554681062698 0.07759436964988708 0.07912395149469376
v -0.09687190502882004 0.07499416172504425 0.0793340727686882
v -0.09942217171192169 0.07391712814569473 0.07984136044979095
v -0.10197241604328156 0.07499416172504425 0.08034862577915192
v -0.10302875190973282 0.07759436964988708 0.08055874705314636
v -0.0978042334318161 0.08019459247589111 0.09408923983573914
v -0.09540196508169174 0.08127163350582123 0.09309419244527817
v -0.0929996594786644 0.08019459247589111 0.092099130153656
v -0.09200460463762283 0.07759436964988708 0.09168696403503418
v -0.09200460463762283 0.07759436964988708 0.09168696403503418
v -0.0929996594786644 0.07499416172504425 0.092099130153656
v -0.09540196508169174 0.07391712814569473 0.09309419244527817
v -0.0978042334318161 0.07499416172504425 0.09408923983573914
v -0.09879928827285767 0.07759436964988708 0.09450141340494156
v -0.09103548526763916 0.08019459247589111 0.10675270855426788
v -0.088873490691185 0.08127164095640182 0.10530810803174973
v -0.08671148866415024 0.08019459247589111 0.10386350005865097
v -0.08581595867872238 0.07759436964988708 0.10326512157917023
v -0.08581595867872238 0.07759436964988708 0.10326512157917023
v -0.08671148866415024 0.07499416917562485 0.10386350005865097
v -0.088873490691185 0.07391712814569473 0.10530810803174973
v -0.09103548526763916 0.07499416917562485 0.10675270855426788
v -0.09193101525306702 0.07759436964988708 0.10735106468200684
v -0.08192627876996994 0.08019459247589111 0.11785229295492172
v -0.08008765429258347 0.08127164095640182 0.11601366847753525
v -0.0782490223646164 0.08019459247589111 0.11417502909898758
v -0.07748743891716003 0.07759436964988708 0.11341344565153122
v -0.07748743891716003 0.07759436964988708 0.11341344565153122
v -0.0782490223646164 0.07499416917562485 0.11417502909898758
v -0.08008765429258347 0.07391712814569473 0.11601366847753525
v -0.08192627876996994 0.07499416917562485 0.11785229295492172
v -0.0826878696680069 0.07759436964988708 0.11861386895179749
v -0.0708266943693161 0.08019459247589111 0.12696148455142975
v -0.06938208639621735 0.08127164095640182 0.12479949742555618
v -0.06793748587369919 0.08019459247589111 0.12263749539852142
v -0.06733911484479904 0.07759436964988708 0.12174196541309357
v -0.06733911484479904 0.07759436964988708 0.12174196541309357
v -0.06793748587369919 0.07499416917562485 0.12263749539852142
v -0.06938208639621735 0.07391712814569473 0.12479949742555618
v -0.0708266869187355 0.07499416917562485 0.12696148455142975
v -0.07142506539821625 0.07759436964988708 0.1278570294380188
v -0.058163244277238846 0.08019459247589111 0.13373024761676788
v -0.058163244277238846 0.08019459247589111 0.13373024761676788
v -0.057168181985616684 0.08127164095640182 0.13132795691490173
v -0.057168181985616684 0.08127164095640182 0.13132795691490173
v -0.05617312714457512 0.08019459247589111 0.12892568111419678
v -0.05617312714457512 0.08019459247589111 0.12892568111419678
v -0.05576096102595329 0.07759436964988708 0.12793061137199402
v -0.05576096102595329 0.07759436964988708 0.12793061137199402
v -0.05576096102595329 0.07759436964988708 0.12793061137199402
v -0.05576096102595329 0.07759436964988708 0.12793061137199402
v -0.05617312714457512 0.07499416917562485 0.12892568111419678
v -0.05617312714457512 0.07499416917562485 0.12892568111419678
v -0.057168181985616684 0.07391712814569473 0.13132795691490173
v -0.057168181985616684 0.07391712814569473 0.13132795691490173
v -0.058163244277238846 0.07499416917562485 0.13373024761676788
v -0.058163244277238846 0.07499416917562485 0.13373024761676788
v -0.058575406670570374 0.07759436964988708 0.13472530245780945
v -0.058575406670570374 0.07759436964988708 0.13472530245780945
v -0.044422607868909836 0.08019459247589111 0.13789841532707214
v -0.04391533508896828 0.08127164095640182 0.13534817099571228
v -0.04340805485844612 0.08019459247589111 0.13279791176319122
v -0.043197933584451675 0.07759436964988708 0.13174156844615936
v -0.043197933584451675 0.07759436964988708 0.13174156844615936
v -0.04340805485844612 0.07499416917562485 0.13279791176319122
v -0.04391533508896828 0.07391712814569473 0.13534817099571228
v -0.044422607868909836 0.07499416917562485 0.13789841532707214
v -0.04463273286819458 0.07759436964988708 0.1389547735452652
v -0.030260419473052025 0.08019458502531052 0.13930271565914154
v -0.030132832005620003 0.08127163350582123 0.13670562207698822
v -0.03000524453818798 0.08019458502531052 0.1341085433959961
v -0.02995239570736885 0.07759436964988708 0.13303281366825104
v -0.02995239570736885 0.07759436964988708 0.13303281366825104
v -0.03000524453818798 0.07499416172504425 0.1341085433959961
v -0.030132832005620003 0.07391711324453354 0.13670562207698822
v -0.030260419473052025 0.07499416172504425 0.13930271565914154
v -0.030313268303871155 0.07759436964988708 0.1403784602880478
v 7.953515179792703e-9 0.08019458502531052 0.13930271565914154
v 7.498954346374376e-9 0.07499416172504425 0.1341085433959961
v 8.003860685334985e-9 0.08127163350582123 0.13670562207698822
v 7.448610173099723e-9 0.07391711324453354 0.13670562207698822
v 7.891575393159656e-9 0.08019458502531052 0.1341085433959961
v 7.560894133007423e-9 0.07499416172504425 0.13930271565914154
v 7.682436020672867e-9 0.07759436964988708 0.13303281366825104
v 7.682436020672867e-9 0.07759436964988708 0.13303281366825104
v 7.770033505494212e-9 0.07759436964988708 0.1403784602880478
v 0.10337986797094345 0.08019457012414932 0.028105108067393303
v 0.10337986797094345 0.08019457012414932 0.028105108067393303
v 0.10077964514493942 0.08127161115407944 0.028105108067393303
v 0.10077964514493942 0.08127161115407944 0.028105108067393303
v 0.0981794223189354 0.08019457012414932 0.028105108067393303
v 0.0981794223189354 0.08019457012414932 0.028105108067393303
v 0.09710238873958588 0.07759436964988708 0.028105108067393303
v 0.09710238873958588 0.07759436964988708 0.028105108067393303
v 0.09710238873958588 0.07759436964988708 0.028105108067393303
v 0.0981794223189354 0.07499413937330246 0.028105108067393303
v 0.0981794223189354 0.07499413937330246 0.028105108067393303
v 0.10077964514493942 0.07391709834337234 0.028105108067393303
v 0.10077964514493942 0.07391709834337234 0.028105108067393303
v 0.10337986797094345 0.07499413937330246 0.028105108067393303
v 0.10337986797094345 0.07499413937330246 0.028105108067393303
v 0.10445689409971237 0.07759436964988708 0.028105108067393303
v 0.10445689409971237 0.07759436964988708 0.028105108067393303
v 0.10337672382593155 0.08019457012414932 0.06618643552064896
v 0.10077964514493942 0.08127161115407944 0.06605885177850723
v 0.0981825664639473 0.08019457757472992 0.06593126803636551
v 0.09710681438446045 0.07759436964988708 0.06587840616703033
v 0.09710681438446045 0.07759436964988708 0.06587840616703033
v 0.0981825664639473 0.07499413937330246 0.06593126803636551
v 0.10077964514493942 0.07391710579395294 0.06605885177850723
v 0.10337672382593155 0.07499413937330246 0.06618643552064896
v 0.1044524759054184 0.07759436964988708 0.06623928248882294
v 0.10197243094444275 0.08019457757472992 0.08034862577915192
v 0.09942217171192169 0.08127161115407944 0.07984136044979095
v 0.09687191992998123 0.08019457757472992 0.0793340727686882
v 0.09581558406352997 0.07759436964988708 0.07912395149469376
v 0.09581558406352997 0.07759436964988708 0.07912395149469376
v 0.09687191992998123 0.07499413937330246 0.0793340727686882
v 0.09942217171192169 0.07391710579395294 0.07984136044979095
v 0.10197243094444275 0.07499413937330246 0.08034862577915192
v 0.10302877426147461 0.07759436964988708 0.08055874705314636
v 0.0978042483329773 0.08019457757472992 0.09408923983573914
v 0.09540196508169174 0.08127161115407944 0.09309419244527817
v 0.09299968928098679 0.08019457757472992 0.092099130153656
v 0.09200461953878403 0.07759436964988708 0.09168696403503418
v 0.09200461953878403 0.07759436964988708 0.09168696403503418
v 0.09299968928098679 0.07499413937330246 0.092099130153656
v 0.09540196508169174 0.07391710579395294 0.09309419244527817
v 0.0978042483329773 0.07499413937330246 0.09408923983573914
v 0.09879932552576065 0.07759436964988708 0.09450141340494156
v 0.09103550016880035 0.08019457757472992 0.10675270855426788
v 0.088873490691185 0.08127163350582123 0.10530810803174973
v 0.08671150356531143 0.08019457757472992 0.10386350005865097
v 0.08581597357988358 0.07759436964988708 0.10326512157917023
v 0.08581597357988358 0.07759436964988708 0.10326512157917023
v 0.08671150356531143 0.07499416172504425 0.10386350005865097
v 0.088873490691185 0.07391710579395294 0.10530810803174973
v 0.09103550016880035 0.07499416172504425 0.10675270855426788
v 0.09193103015422821 0.07759436964988708 0.10735106468200684
v 0.08192629367113113 0.08019457757472992 0.11785229295492172
v 0.08008766174316406 0.08127163350582123 0.11601366847753525
v 0.07824903726577759 0.08019457757472992 0.11417502909898758
v 0.07748745381832123 0.07759436964988708 0.11341344565153122
v 0.07748745381832123 0.07759436964988708 0.11341344565153122
v 0.07824903726577759 0.07499416172504425 0.11417502909898758
v 0.08008766174316406 0.07391710579395294 0.11601366847753525
v 0.08192629367113113 0.07499416172504425 0.11785229295492172
v 0.0826878771185875 0.07759436964988708 0.11861386895179749
v 0.0708267018198967 0.08019457757472992 0.12696148455142975
v 0.06938210129737854 0.08127163350582123 0.12479949742555618
v 0.06793750077486038 0.08019457757472992 0.12263749539852142
v 0.06733912229537964 0.07759436964988708 0.12174196541309357
v 0.06733912229537964 0.07759436964988708 0.12174196541309357
v 0.06793750077486038 0.07499416172504425 0.12263749539852142
v 0.06938210129737854 0.07391710579395294 0.12479949742555618
v 0.0708266943693161 0.07499416172504425 0.12696148455142975
v 0.07142507284879684 0.07759436964988708 0.1278570294380188
v 0.058163248002529144 0.08019457757472992 0.13373024761676788
v 0.058163248002529144 0.08019457757472992 0.13373024761676788
v 0.05716819316148758 0.08127163350582123 0.13132795691490173
v 0.05716819316148758 0.08127163350582123 0.13132795691490173
v 0.056173134595155716 0.08019457757472992 0.12892568111419678
v 0.056173134595155716 0.08019457757472992 0.12892568111419678
v 0.05576097220182419 0.07759436964988708 0.12793061137199402
v 0.05576097220182419 0.07759436964988708 0.12793061137199402
v 0.05576097220182419 0.07759436964988708 0.12793061137199402
v 0.05576097220182419 0.07759436964988708 0.12793061137199402
v 0.056173134595155716 0.07499416172504425 0.12892568111419678
v 0.056173134595155716 0.07499416172504425 0.12892568111419678
v 0.05716819316148758 0.07391710579395294 0.13132795691490173
v 0.05716819316148758 0.07391710579395294 0.13132795691490173
v 0.058163248002529144 0.07499416172504425 0.13373024761676788
v 0.058163248002529144 0.07499416172504425 0.13373024761676788
v 0.05857541784644127 0.07759436964988708 0.13472530245780945
v 0.05857541784644127 0.07759436964988708 0.13472530245780945
v 0.04442262649536133 0.08019457757472992 0.13789841532707214
v 0.04391534999012947 0.08127163350582123 0.13534817099571228
v 0.043408073484897614 0.08019457757472992 0.13279791176319122
v 0.04319794848561287 0.07759436964988708 0.13174156844615936
v 0.04319794848561287 0.07759436964988708 0.13174156844615936
v 0.043408073484897614 0.07499416172504425 0.13279791176319122
v 0.04391534999012947 0.07391710579395294 0.13534817099571228
v 0.04442262649536133 0.07499416172504425 0.13789841532707214
v 0.044632747769355774 0.07759436964988708 0.1389547735452652
v 0.030260436236858368 0.08019458502531052 0.13930271565914154
v 0.030132848769426346 0.08127163350582123 0.13670562207698822
v 0.030005261301994324 0.08019458502531052 0.1341085433959961
v 0.029952412471175194 0.07759436964988708 0.13303281366825104
v 0.029952412471175194 0.07759436964988708 0.13303281366825104
v 0.030005261301994324 0.07499416172504425 0.1341085433959961
v 0.030132848769426346 0.07391711324453354 0.13670562207698822
v 0.030260436236858368 0.07499416172504425 0.13930271565914154
v 0.030313285067677498 0.07759436964988708 0.1403784602880478
v 0.09580184519290924 -0.12345714122056961 0.05506659299135208
v 0.09483575075864792 -0.12298107147216797 0.05766679719090462
v 0.09580184519290924 -0.12345714122056961 0.06026701256632805
v 0.09813427180051804 -0.12460647523403168 0.06134406104683876
v 0.10046669840812683 -0.12575580179691315 0.06026701256632805
v 0.10143280029296875 -0.1262318640947342 0.05766680836677551
v 0.10046669840812683 -0.12575580179691315 0.05506659299135208
v 0.09813427180051804 -0.12460647523403168 0.05398953706026077
v 0.09813427180051804 -0.12460647523403168 0.05398953706026077
v 0.10246561467647552 -0.1057797446846962 0.05506659299135208
v 0.10142529010772705 -0.10550083965063095 0.05766679719090462
v 0.10246561467647552 -0.1057797446846962 0.06026701256632805
v 0.10497712343931198 -0.106453076004982 0.06134406104683876
v 0.10748864710330963 -0.1071263998746872 0.06026701256632805
v 0.10852894932031631 -0.10740531235933304 0.05766679719090462
v 0.10748864710330963 -0.1071263998746872 0.05506659299135208
v 0.10497712343931198 -0.106453076004982 0.05398953706026077
v 0.10497712343931198 -0.106453076004982 0.05398953706026077
v 0.10551828145980835 -0.08723939210176468 0.05506659299135208
v 0.10551828145980835 -0.08723939210176468 0.05506659299135208
v 0.10444483906030655 -0.08715149015188217 0.05766679719090462
v 0.10444483906030655 -0.08715149015188217 0.05766679719090462
v 0.10551828145980835 -0.08723939210176468 0.06026701256632805
v 0.10551828145980835 -0.08723939210176468 0.06026701256632805
v 0.10810981690883636 -0.08745159953832626 0.06134406104683876
v 0.10810981690883636 -0.08745159953832626 0.06134406104683876
v 0.11070135980844498 -0.08766379952430725 0.06026701256632805
v 0.11070135980844498 -0.08766379952430725 0.06026701256632805
v 0.11177482455968857 -0.08775169402360916 0.05766679719090462
v 0.11177482455968857 -0.08775169402360916 0.05766679719090462
v 0.11070135980844498 -0.08766379952430725 0.05506659299135208
v 0.11070135980844498 -0.08766379952430725 0.05506659299135208
v 0.10810981690883636 -0.08745159953832626 0.05398953706026077
v 0.10810981690883636 -0.08745159953832626 0.05398953706026077
v 0.10810981690883636 -0.08745159953832626 0.05398953706026077
v 0.10810981690883636 -0.08745159953832626 0.05398953706026077
v 0.10551832616329193 0.0872393548488617 0.05506659299135208
v 0.10551832616329193 0.0872393548488617 0.05506659299135208
v 0.10444487631320953 0.08715145289897919 0.05766679719090462
v 0.10444487631320953 0.08715145289897919 0.05766679719090462
v 0.10551832616329193 0.0872393548488617 0.06026701256632805
v 0.10551832616329193 0.0872393548488617 0.06026701256632805
v 0.10810986161231995 0.08745154738426208 0.06134406104683876
v 0.10810986161231995 0.08745154738426208 0.06134406104683876
v 0.11070140451192856 0.08766373246908188 0.06026701256632805
v 0.11070140451192856 0.08766373246908188 0.06026701256632805
v 0.11177485436201096 0.08775163441896439 0.05766679719090462
v 0.11177485436201096 0.08775163441896439 0.05766679719090462
v 0.11070140451192856 0.08766373246908188 0.05506659299135208
v 0.11070140451192856 0.08766373246908188 0.05506659299135208
v 0.10810986161231995 0.08745154738426208 0.05398953706026077
v 0.10810986161231995 0.08745154738426208 0.05398953706026077
v 0.10810986161231995 0.08745154738426208 0.05398953706026077
v 0.10810986161231995 0.08745154738426208 0.05398953706026077
v 0.10246565192937851 0.10577965527772903 0.05506659299135208
v 0.10142534971237183 0.10550075024366379 0.05766679719090462
v 0.10246565192937851 0.10577965527772903 0.06026701256632805
v 0.10497716814279556 0.10645299404859543 0.06134406104683876
v 0.1074887067079544 0.10712631046772003 0.06026701256632805
v 0.1085290014743805 0.10740522295236588 0.05766679719090462
v 0.1074887067079544 0.10712631046772003 0.05506659299135208
v 0.10497716814279556 0.10645299404859543 0.05398953706026077
v 0.10497716814279556 0.10645299404859543 0.05398953706026077
v 0.095801942050457 0.12345709651708603 0.05506659299135208
v 0.09483581781387329 0.12298102676868439 0.05766679719090462
v 0.095801942050457 0.12345709651708603 0.06026701256632805
v 0.098134346306324 0.1246064156293869 0.06134406104683876
v 0.1004667580127716 0.12575575709342957 0.06026701256632805
v 0.10143287479877472 0.12623180449008942 0.05766680836677551
v 0.1004667580127716 0.12575575709342957 0.05506659299135208
v 0.098134346306324 0.1246064156293869 0.05398953706026077
v 0.098134346306324 0.1246064156293869 0.05398953706026077
v 0.0857372134923935 0.13968200981616974 0.05506659299135208
v 0.08488041907548904 0.1390293687582016 0.05766679719090462
v 0.0857372134923935 0.13968200981616974 0.06026701256632805
v 0.08780570328235626 0.14125759899616241 0.06134406104683876
v 0.08987419307231903 0.14283320307731628 0.06026701256632805
v 0.09073097258806229 0.14348582923412323 0.05766680836677551
v 0.08987419307231903 0.14283320307731628 0.05506659299135208
v 0.08780570328235626 0.14125759899616241 0.05398953706026077
v 0.08780570328235626 0.14125759899616241 0.05398953706026077
v 0.07261142879724503 0.1538643091917038 0.05506659299135208
v 0.07189308851957321 0.15306183695793152 0.05766679719090462
v 0.07261142879724503 0.1538643091917038 0.06026701256632805
v 0.07434569299221039 0.1558016985654831 0.06134406104683876
v 0.07607994228601456 0.1577390879392624 0.06026701629161835
v 0.07679829001426697 0.15854158997535706 0.05766680836677551
v 0.07607994228601456 0.1577390879392624 0.05506659299135208
v 0.07434569299221039 0.1558016985654831 0.05398953706026077
v 0.07434569299221039 0.1558016985654831 0.05398953706026077
v 0.056880805641412735 0.1654825210571289 0.05506659299135208
v 0.056323468685150146 0.16456088423728943 0.05766680836677551
v 0.056880805641412735 0.1654825210571289 0.06026701629161835
v 0.058226339519023895 0.16770751774311066 0.06134406104683876
v 0.05957186222076416 0.1699325293302536 0.06026701629161835
v 0.06012921780347824 0.17085416615009308 0.05766680836677551
v 0.05957186222076416 0.1699325293302536 0.05506659299135208
v 0.058226339519023895 0.16770751774311066 0.05398953706026077
v 0.058226339519023895 0.16770751774311066 0.05398953706026077
v 0.03910188376903534 0.17410580813884735 0.05506659299135208
v 0.03872176632285118 0.17309807240962982 0.05766680836677551
v 0.03910188376903534 0.17410580813884735 0.06026701629161835
v 0.040019579231739044 0.17653867602348328 0.06134406104683876
v 0.040937282145023346 0.17897158861160278 0.06026701629161835
v 0.041317399591207504 0.1799793392419815 0.05766680836677551
v 0.040937282145023346 0.17897158861160278 0.05506659299135208
v 0.040019579231739044 0.17653867602348328 0.053989555686712265
v 0.040019579231739044 0.17653867602348328 0.053989555686712265
v 0.01991104893386364 0.17941245436668396 0.05506659299135208
v 0.019718481227755547 0.17835281789302826 0.05766680836677551
v 0.01991105079650879 0.17941245436668396 0.06026701629161835
v 0.020375939086079597 0.1819707751274109 0.06134406104683876
v 0.020840829238295555 0.184529110789299 0.060267020016908646
v 0.0210333950817585 0.1855888068675995 0.05766680836677551
v 0.020840827375650406 0.184529110789299 0.05506659299135208
v 0.020375939086079597 0.1819707751274109 0.05398954823613167
v 0.020375939086079597 0.1819707751274109 0.05398954823613167
v 8.283140573439596e-8 0.181203693151474 0.05506659299135208
v 8.283140573439596e-8 0.181203693151474 0.05506659299135208
v 8.82606272512021e-8 0.1801266223192215 0.05766680836677551
v 8.82606272512021e-8 0.1801266223192215 0.05766680836677551
v 7.741389396187515e-8 0.18120364844799042 0.06026701629161835
v 7.741389396187515e-8 0.18120364844799042 0.06026701629161835
v 7.762303511071877e-8 0.18380388617515564 0.06134406104683876
v 7.762303511071877e-8 0.18380388617515564 0.06134406104683876
v 6.684742004381405e-8 0.18640409409999847 0.060267020016908646
v 6.684742004381405e-8 0.18640409409999847 0.060267020016908646
v 6.689773357493323e-8 0.18748115003108978 0.05766680836677551
v 6.689773357493323e-8 0.18748115003108978 0.05766680836677551
v 7.774448818054225e-8 0.18640409409999847 0.05506659299135208
v 7.774448818054225e-8 0.18640409409999847 0.05506659299135208
v 7.753533992627126e-8 0.18380388617515564 0.053989555686712265
v 7.753533992627126e-8 0.18380388617515564 0.053989555686712265
v 7.753533992627126e-8 0.18380388617515564 0.053989555686712265
v 7.753533992627126e-8 0.18380388617515564 0.053989555686712265
v -0.01991092786192894 0.179412379860878 0.05506659299135208
v -0.01971835270524025 0.17835266888141632 0.05766680836677551
v -0.01991092599928379 0.179412379860878 0.060267020016908646
v -0.020375821739435196 0.18197068572044373 0.06134406104683876
v -0.020840711891651154 0.18452899158000946 0.060267020016908646
v -0.021033277735114098 0.18558867275714874 0.05766680836677551
v -0.020840713754296303 0.18452899158000946 0.05506659299135208
v -0.020375821739435196 0.18197068572044373 0.053989555686712265
v -0.020375821739435196 0.18197068572044373 0.053989555686712265
v -0.03910175338387489 0.17410574853420258 0.05506659299135208
v -0.038721635937690735 0.17309798300266266 0.05766680836677551
v -0.03910175338387489 0.17410574853420258 0.060267020016908646
v -0.040019441395998 0.1765386015176773 0.06134406104683876
v -0.0409371517598629 0.17897151410579681 0.060267020016908646
v -0.04131726920604706 0.17997923493385315 0.05766680836677551
v -0.0409371517598629 0.17897151410579681 0.05506659299135208
v -0.040019441395998 0.1765386015176773 0.053989555686712265
v -0.040019441395998 0.1765386015176773 0.053989555686712265
v -0.05688066408038139 0.16548244655132294 0.05506659299135208
v -0.05632331222295761 0.16456080973148346 0.05766680836677551
v -0.05688066408038139 0.16548244655132294 0.060267020016908646
v -0.05822618305683136 0.16770745813846588 0.06134406104683876
v -0.059571705758571625 0.16993246972560883 0.060267020016908646
v -0.06012905016541481 0.17085407674312592 0.05766680836677551
v -0.059571705758571625 0.16993246972560883 0.05506659299135208
v -0.05822618305683136 0.16770745813846588 0.053989555686712265
v -0.05822618305683136 0.16770745813846588 0.053989555686712265
v -0.07261128723621368 0.1538643091917038 0.05506659299135208
v -0.07189294695854187 0.15306180715560913 0.05766680836677551
v -0.07261128723621368 0.1538643091917038 0.060267020016908646
v -0.07434554398059845 0.1558016985654831 0.06134406104683876
v -0.07607980072498322 0.1577390879392624 0.060267020016908646
v -0.07679814100265503 0.15854158997535706 0.05766680836677551
v -0.07607980072498322 0.1577390879392624 0.05506659671664238
v -0.07434554398059845 0.1558016985654831 0.053989555686712265
v -0.07434554398059845 0.1558016985654831 0.053989555686712265
v -0.08573705703020096 0.13968202471733093 0.05506659671664238
v -0.0848802700638771 0.139029398560524 0.05766680836677551
v -0.08573705703020096 0.13968202471733093 0.060267020016908646
v -0.08780553191900253 0.141257643699646 0.06134406104683876
v -0.08987400680780411 0.14283324778079987 0.060267020016908646
v -0.09073080122470856 0.143485888838768 0.05766680836677551
v -0.08987400680780411 0.14283324778079987 0.05506659671664238
v -0.08780553191900253 0.141257643699646 0.053989555686712265
v -0.08780553191900253 0.141257643699646 0.053989555686712265
v -0.09580183774232864 0.12345714122056961 0.05506659671664238
v -0.09483571350574493 0.12298107147216797 0.05766680836677551
v -0.09580183774232864 0.12345714122056961 0.060267020016908646
v -0.09813424199819565 0.12460645288228989 0.06134406849741936
v -0.10046665370464325 0.12575580179691315 0.060267020016908646
v -0.10143275558948517 0.1262318640947342 0.05766680836677551
v -0.10046665370464325 0.12575580179691315 0.05506659671664238
v -0.09813424199819565 0.12460645288228989 0.053989555686712265
v -0.09813424199819565 0.12460645288228989 0.053989555686712265
v -0.10246552526950836 0.10577969998121262 0.05506659671664238
v -0.10142522305250168 0.10550080239772797 0.05766680836677551
v -0.10246552526950836 0.10577969998121262 0.060267020016908646
v -0.10497703403234482 0.10645303130149841 0.06134406849741936
v -0.10748858004808426 0.10712635517120361 0.060267020016908646
v -0.10852888226509094 0.10740526765584946 0.05766680836677551
v -0.10748858004808426 0.10712635517120361 0.05506659671664238
v -0.10497703403234482 0.10645303130149841 0.053989555686712265
v -0.10497703403234482 0.10645303130149841 0.053989555686712265
v -0.10551824420690536 0.08723939955234528 0.05506659671664238
v -0.10551824420690536 0.08723939955234528 0.05506659671664238
v -0.10444480180740356 0.08715150505304337 0.05766680836677551
v -0.10444480180740356 0.08715150505304337 0.05766680836677551
v -0.10551824420690536 0.08723939955234528 0.060267020016908646
v -0.10551824420690536 0.08723939955234528 0.060267020016908646
v -0.10810978710651398 0.08745159953832626 0.06134406849741936
v -0.10810978710651398 0.08745159953832626 0.06134406849741936
v -0.1107013151049614 0.08766380697488785 0.060267020016908646
v -0.1107013151049614 0.08766380697488785 0.060267020016908646
v -0.1117747575044632 0.08775169402360916 0.05766681209206581
v -0.1117747575044632 0.08775169402360916 0.05766681209206581
v -0.1107013151049614 0.08766380697488785 0.05506659671664238
v -0.1107013151049614 0.08766380697488785 0.05506659671664238
v -0.10810978710651398 0.08745159953832626 0.053989555686712265
v -0.10810978710651398 0.08745159953832626 0.053989555686712265
v -0.10810978710651398 0.08745159953832626 0.053989555686712265
v -0.10810978710651398 0.08745159953832626 0.053989555686712265
v -0.10551825910806656 -0.0872393250465393 0.05506659671664238
v -0.10551825910806656 -0.0872393250465393 0.05506659671664238
v -0.10444480180740356 -0.0871514305472374 0.05766680836677551
v -0.10444480180740356 -0.0871514305472374 0.05766680836677551
v -0.10551825910806656 -0.0872393250465393 0.060267020016908646
v -0.10551825910806656 -0.0872393250465393 0.060267020016908646
v -0.10810980200767517 -0.0874515250325203 0.06134406849741936
v -0.10810980200767517 -0.0874515250325203 0.06134406849741936
v -0.11070133745670319 -0.08766371011734009 0.060267020016908646
v -0.11070133745670319 -0.08766371011734009 0.060267020016908646
v -0.11177480965852737 -0.087751604616642 0.05766681209206581
v -0.11177480965852737 -0.087751604616642 0.05766681209206581
v -0.11070133745670319 -0.08766371011734009 0.05506659671664238
v -0.11070133745670319 -0.08766371011734009 0.05506659671664238
v -0.10810980200767517 -0.0874515250325203 0.053989555686712265
v -0.10810980200767517 -0.0874515250325203 0.053989555686712265
v -0.10810980200767517 -0.0874515250325203 0.053989555686712265
v -0.10810980200767517 -0.0874515250325203 0.053989555686712265
v -0.10246559232473373 -0.10577965527772903 0.05506659671664238
v -0.10142529010772705 -0.10550075024366379 0.05766680836677551
v -0.10246559232473373 -0.10577965527772903 0.060267020016908646
v -0.10497712343931198 -0.10645299404859543 0.06134406849741936
v -0.10748864710330963 -0.10712631046772003 0.060267020016908646
v -0.10852896422147751 -0.10740519315004349 0.05766680836677551
v -0.10748864710330963 -0.10712631046772003 0.05506659671664238
v -0.10497712343931198 -0.10645299404859543 0.053989555686712265
v -0.10497712343931198 -0.10645299404859543 0.053989555686712265
v -0.09580190479755402 -0.12345707416534424 0.05506659671664238
v -0.0948357880115509 -0.12298101931810379 0.05766680836677551
v -0.09580190479755402 -0.12345707416534424 0.060267020016908646
v -0.09813431650400162 -0.12460640072822571 0.06134406849741936
v -0.10046675056219101 -0.12575571238994598 0.060267020016908646
v -0.10143284499645233 -0.12623177468776703 0.05766680836677551
v -0.10046675056219101 -0.12575571238994598 0.05506659671664238
v -0.09813431650400162 -0.12460640072822571 0.053989555686712265
v -0.09813431650400162 -0.12460640072822571 0.053989555686712265
v -0.08573716878890991 -0.13968198001384735 0.05506659671664238
v -0.08488037437200546 -0.1390293538570404 0.05766680836677551
v -0.08573716878890991 -0.13968198001384735 0.060267020016908646
v -0.08780564367771149 -0.14125758409500122 0.06134406849741936
v -0.08987412601709366 -0.1428331881761551 0.060267020016908646
v -0.09073090553283691 -0.14348579943180084 0.05766680836677551
v -0.08987411856651306 -0.1428331732749939 0.05506659671664238
v -0.08780564367771149 -0.14125758409500122 0.053989555686712265
v -0.08780564367771149 -0.14125758409500122 0.053989555686712265
v -0.07261139899492264 -0.1538642793893814 0.05506659671664238
v -0.07189305126667023 -0.15306177735328674 0.05766680836677551
v -0.07261139899492264 -0.1538642793893814 0.060267020016908646
v -0.074345663189888 -0.1558016687631607 0.06134406104683876
v -0.07607991248369217 -0.15773905813694 0.060267020016908646
v -0.07679826766252518 -0.15854154527187347 0.05766680836677551
v -0.07607991248369217 -0.15773905813694 0.05506659299135208
v -0.074345663189888 -0.1558016687631607 0.053989555686712265
v -0.074345663189888 -0.1558016687631607 0.053989555686712265
v -0.05688079446554184 -0.16548249125480652 0.05506659671664238
v -0.05632345750927925 -0.16456085443496704 0.05766680836677551
v -0.05688079446554184 -0.16548249125480652 0.060267020016908646
v -0.058226328343153 -0.16770748794078827 0.06134406104683876
v -0.059571851044893265 -0.16993246972560883 0.060267020016908646
v -0.060129206627607346 -0.1708541214466095 0.05766680836677551
v -0.059571851044893265 -0.16993246972560883 0.05506659299135208
v -0.058226328343153 -0.16770748794078827 0.053989555686712265
v -0.058226328343153 -0.16770748794078827 0.053989555686712265
v -0.03910188749432564 -0.17410577833652496 0.05506659299135208
v -0.03872177004814148 -0.17309804260730743 0.05766680836677551
v -0.03910188749432564 -0.17410577833652496 0.060267020016908646
v -0.04001959040760994 -0.1765386462211609 0.06134406104683876
v -0.04093729332089424 -0.1789715439081192 0.060267020016908646
v -0.0413174107670784 -0.17997926473617554 0.05766680836677551
v -0.04093729332089424 -0.1789715439081192 0.05506659299135208
v -0.04001959040760994 -0.1765386462211609 0.053989555686712265
v -0.04001959040760994 -0.1765386462211609 0.053989555686712265
v -0.01991105265915394 -0.17941243946552277 0.05506659299135208
v -0.019718490540981293 -0.17835275828838348 0.05766680836677551
v -0.01991105265915394 -0.17941243946552277 0.060267020016908646
v -0.02037595398724079 -0.1819707602262497 0.06134406104683876
v -0.02084086462855339 -0.18452908098697662 0.060267020016908646
v -0.021033428609371185 -0.1855887472629547 0.05766680836677551
v -0.02084086462855339 -0.18452908098697662 0.05506659299135208
v -0.02037595398724079 -0.1819707602262497 0.053989555686712265
v -0.02037595398724079 -0.1819707602262497 0.053989555686712265
v -6.507946892497785e-8 -0.18120375275611877 0.05506659299135208
v -6.507946892497785e-8 -0.18120375275611877 0.05506659299135208
v -5.400807268074459e-8 -0.18012671172618866 0.05766680836677551
v -5.400807268074459e-8 -0.18012671172618866 0.05766680836677551
v -6.50174527550007e-8 -0.18120375275611877 0.060267020016908646
v -6.50174527550007e-8 -0.18120375275611877 0.060267020016908646
v -5.972138694687601e-8 -0.1838039606809616 0.06134406104683876
v -5.972138694687601e-8 -0.1838039606809616 0.06134406104683876
v -7.088961240242497e-8 -0.18640416860580444 0.06026701629161835
v -7.088961240242497e-8 -0.18640416860580444 0.06026701629161835
v -6.004285779681595e-8 -0.18748123943805695 0.05766680836677551
v -6.004285779681595e-8 -0.18748123943805695 0.05766680836677551
v -7.095163567782947e-8 -0.18640416860580444 0.05506659299135208
v -7.095163567782947e-8 -0.18640416860580444 0.05506659299135208
v -5.980908213132352e-8 -0.1838039606809616 0.053989555686712265
v -5.980908213132352e-8 -0.1838039606809616 0.053989555686712265
v -5.980908213132352e-8 -0.1838039606809616 0.053989555686712265
v -5.980908213132352e-8 -0.1838039606809616 0.053989555686712265
v 0.019910959526896477 -0.17941248416900635 0.05506659299135208
v 0.019718382507562637 -0.17835277318954468 0.05766680836677551
v 0.019910961389541626 -0.17941248416900635 0.06026701629161835
v 0.020375851541757584 -0.1819707751274109 0.06134406104683876
v 0.02084074541926384 -0.18452909588813782 0.06026701629161835
v 0.021033309400081635 -0.1855888068675995 0.05766680836677551
v 0.02084074541926384 -0.18452909588813782 0.05506659299135208
v 0.020375849679112434 -0.1819707751274109 0.053989555686712265
v 0.020375849679112434 -0.1819707751274109 0.053989555686712265
v 0.03910178318619728 -0.17410580813884735 0.05506659299135208
v 0.03872166946530342 -0.17309805750846863 0.05766680836677551
v 0.03910178318619728 -0.17410580813884735 0.06026701629161835
v 0.04001947492361069 -0.17653867602348328 0.06134406104683876
v 0.04093717038631439 -0.1789715737104416 0.06026701629161835
v 0.04131728783249855 -0.17997929453849792 0.05766680836677551
v 0.04093717038631439 -0.1789715737104416 0.05506659299135208
v 0.04001947492361069 -0.17653867602348328 0.053989555686712265
v 0.04001947492361069 -0.17653867602348328 0.053989555686712265
v 0.05688072741031647 -0.1654825359582901 0.05506659299135208
v 0.056323371827602386 -0.16456089913845062 0.05766680836677551
v 0.05688072741031647 -0.1654825359582901 0.06026701629161835
v 0.058226242661476135 -0.16770754754543304 0.06134406104683876
v 0.059571776539087296 -0.1699325442314148 0.06026701629161835
v 0.060129109770059586 -0.17085419595241547 0.05766680836677551
v 0.059571776539087296 -0.1699325442314148 0.05506659299135208
v 0.058226242661476135 -0.16770754754543304 0.05398954823613167
v 0.058226242661476135 -0.16770754754543304 0.05398954823613167
v 0.07261133193969727 -0.15386435389518738 0.05506659299135208
v 0.07189299166202545 -0.1530618518590927 0.05766680836677551
v 0.07261133193969727 -0.15386435389518738 0.06026701629161835
v 0.07434558868408203 -0.15580174326896667 0.06134406104683876
v 0.0760798305273056 -0.15773913264274597 0.06026701256632805
v 0.07679817825555801 -0.15854161977767944 0.05766679719090462
v 0.0760798305273056 -0.15773913264274597 0.05506659299135208
v 0.07434558868408203 -0.15580174326896667 0.05398954823613167
v 0.07434558868408203 -0.15580174326896667 0.05398954823613167
v 0.08573713898658752 -0.13968206942081451 0.05506659299135208
v 0.08488034456968307 -0.13902944326400757 0.05766679719090462
v 0.08573713898658752 -0.13968206942081451 0.06026701256632805
v 0.0878056138753891 -0.14125768840312958 0.06134406104683876
v 0.08987408131361008 -0.14283327758312225 0.06026701256632805
v 0.09073088318109512 -0.1434859037399292 0.05766680836677551
v 0.08987408131361008 -0.14283327758312225 0.05506659299135208
v 0.0878056138753891 -0.14125768840312958 0.05398953706026077
v 0.0878056138753891 -0.14125768840312958 0.05398953706026077
v -0.13438665866851807 0.0026946114376187325 0.014838728122413158
v -0.13438665866851807 0.0026946114376187325 0.014838728122413158
v -0.13461025059223175 -0.0019507966935634613 0.014754783362150192
v -0.13461025059223175 -0.0019507966935634613 0.014754783362150192
v -0.13461025059223175 -0.0019507966935634613 0.014754783362150192
v -0.13461025059223175 -0.0019507966935634613 0.014754783362150192
v -0.13531281054019928 0.0028870345558971167 0.013892794027924538
v -0.13531281054019928 0.0028870345558971167 0.013892794027924538
v -0.13572470843791962 0.005723247304558754 0.012676958926022053
v -0.13572470843791962 0.005723247304558754 0.012676958926022053
v -0.13572470843791962 0.005723247304558754 0.012676958926022053
v -0.13307450711727142 -0.006340710911899805 0.014838728122413158
v -0.13307450711727142 -0.006340710911899805 0.014838728122413158
v -0.13390769064426422 -0.006788627710193396 0.013892794027924538
v -0.13390769064426422 -0.006788627710193396 0.013892794027924538
v -0.13349579274654388 -0.009624839760363102 0.012676958926022053
v -0.13349579274654388 -0.009624839760363102 0.012676958926022053
v -0.13349579274654388 -0.009624839760363102 0.012676958926022053
v -0.13020390272140503 -0.009980380535125732 0.014838728122413158
v -0.13020390272140503 -0.009980380535125732 0.014838728122413158
v -0.1262926608324051 -0.012496720999479294 0.014754783362150192
v -0.1262926608324051 -0.012496720999479294 0.014754783362150192
v -0.1262926608324051 -0.012496720999479294 0.014754783362150192
v -0.1262926608324051 -0.012496720999479294 0.014754783362150192
v -0.13083361089229584 -0.010686244815587997 0.013892794027924538
v -0.13083361089229584 -0.010686244815587997 0.013892794027924538
v -0.12172301113605499 -0.01336169894784689 0.014838729053735733
v -0.12172301113605499 -0.01336169894784689 0.014838729053735733
v -0.12131848931312561 -0.000022953037841944024 0.014838729053735733
v -0.12175168842077255 -0.014307194389402866 0.013892795890569687
v -0.12175168842077255 -0.014307194389402866 0.013892795890569687
v -0.1190895214676857 -0.015368598513305187 0.012676961719989777
v -0.1190895214676857 -0.015368598513305187 0.012676961719989777
v -0.1190895214676857 -0.015368598513305187 0.012676961719989777
v -0.1171356663107872 -0.012695507146418095 0.014838729053735733
v -0.1171356663107872 -0.012695507146418095 0.014838729053735733
v -0.11300082504749298 -0.010566438548266888 0.014754785224795341
v -0.11300082504749298 -0.010566438548266888 0.014754785224795341
v -0.11300082504749298 -0.010566438548266888 0.014754785224795341
v -0.11300082504749298 -0.010566438548266888 0.014754785224795341
v -0.1168392226099968 -0.013593790121376514 0.013892795890569687
v -0.1168392226099968 -0.013593790121376514 0.013892795890569687
v -0.10996691882610321 -0.0070414976216852665 0.014838731847703457
v -0.10996691882610321 -0.0070414976216852665 0.014838731847703457
v -0.10916242748498917 -0.007539080455899239 0.013892796821892262
v -0.10916242748498917 -0.007539080455899239 0.013892796821892262
v -0.10691212862730026 -0.005764272529631853 0.012676961719989777
v -0.10691212862730026 -0.005764272529631853 0.012676961719989777
v -0.10691212862730026 -0.005764272529631853 0.012676961719989777
v -0.10825017094612122 -0.00273563782684505 0.014838731847703457
v -0.10825017094612122 -0.00273563782684505 0.014838731847703457
v -0.10802658647298813 0.0019097711192443967 0.014754785224795341
v -0.10802658647298813 0.0019097711192443967 0.014754785224795341
v -0.10802658647298813 0.0019097711192443967 0.014754785224795341
v -0.10802658647298813 0.0019097711192443967 0.014754785224795341
v -0.1073240265250206 -0.002928059548139572 0.013892796821892262
v -0.1073240265250206 -0.002928059548139572 0.013892796821892262
v -0.10956230014562607 0.006299686152487993 0.014838731847703457
v -0.10956230014562607 0.006299686152487993 0.014838731847703457
v -0.10872916132211685 0.006747602950781584 0.013892796821892262
v -0.10872916132211685 0.006747602950781584 0.013892796821892262
v -0.109141044318676 0.009583814069628716 0.012676962651312351
v -0.109141044318676 0.009583814069628716 0.012676962651312351
v -0.109141044318676 0.009583814069628716 0.012676962651312351
v -0.11243292689323425 0.00993935577571392 0.014838731847703457
v -0.11243292689323425 0.00993935577571392 0.014838731847703457
v -0.11634418368339539 0.012455694377422333 0.014754785224795341
v -0.11634418368339539 0.012455694377422333 0.014754785224795341
v -0.11634418368339539 0.012455694377422333 0.014754785224795341
v -0.11634418368339539 0.012455694377422333 0.014754785224795341
v -0.11180322617292404 0.01064522098749876 0.013892796821892262
v -0.11180322617292404 0.01064522098749876 0.013892796821892262
v -0.12091383337974548 0.01332067046314478 0.014838729053735733
v -0.12091383337974548 0.01332067046314478 0.014838729053735733
v -0.12088514119386673 0.01426617056131363 0.013892795890569687
v -0.12088514119386673 0.01426617056131363 0.013892795890569687
v -0.12354731559753418 0.015327571891248226 0.012676961719989777
v -0.12354731559753418 0.015327571891248226 0.012676961719989777
v -0.12354731559753418 0.015327571891248226 0.012676961719989777
v -0.12550117075443268 0.012654480524361134 0.014838729053735733
v -0.12550117075443268 0.012654480524361134 0.014838729053735733
v -0.1296360045671463 0.010525409132242203 0.014754783362150192
v -0.1296360045671463 0.010525409132242203 0.014754783362150192
v -0.1296360045671463 0.010525409132242203 0.014754783362150192
v -0.1296360045671463 0.010525409132242203 0.014754783362150192
v -0.12579761445522308 0.013552764430642128 0.013892795890569687
v -0.12579761445522308 0.013552764430642128 0.013892795890569687
v -0.13266992568969727 0.007000472396612167 0.014838728122413158
v -0.13266992568969727 0.007000472396612167 0.014838728122413158
v -0.1334744095802307 0.0074980552308261395 0.013892794027924538
v -0.1334744095802307 0.0074980552308261395 0.013892794027924538
v -0.109141044318676 0.009583814069628716 0.005235076416283846
v -0.109141044318676 0.009583814069628716 0.005235076416283846
v -0.109141044318676 0.009583814069628716 0.005235076416283846
v -0.13572470843791962 0.005723247770220041 0.005235074553638697
v -0.13572470843791962 0.005723247770220041 0.005235074553638697
v -0.13572470843791962 0.005723247770220041 0.005235074553638697
v -0.1190895214676857 -0.015368598513305187 0.005235073622316122
v -0.1190895214676857 -0.015368598513305187 0.005235073622316122
v -0.1190895214676857 -0.015368598513305187 0.005235073622316122
v -0.10691212862730026 -0.005764272063970566 0.005235076416283846
v -0.10691212862730026 -0.005764272063970566 0.005235076416283846
v -0.10691212862730026 -0.005764272063970566 0.005235076416283846
v -0.12354731559753418 0.015327571891248226 0.005235073622316122
v -0.12354731559753418 0.015327571891248226 0.005235073622316122
v -0.12354731559753418 0.015327571891248226 0.005235073622316122
v -0.13349579274654388 -0.009624839760363102 0.005235074553638697
v -0.13349579274654388 -0.009624839760363102 0.005235074553638697
v -0.13349579274654388 -0.009624839760363102 0.005235074553638697
v 0.1287420094013214 0.01107203122228384 0.01483872625976801
v 0.1287420094013214 0.01107203122228384 0.01483872625976801
v 0.1321558803319931 0.007913656532764435 0.014754780568182468
v 0.1321558803319931 0.007913656532764435 0.014754780568182468
v 0.1321558803319931 0.007913656532764435 0.014754780568182468
v 0.1321558803319931 0.007913656532764435 0.014754780568182468
v 0.13413527607917786 0.0037051066756248474 0.01483872625976801
v 0.13413527607917786 0.0037051066756248474 0.01483872625976801
v 0.12450049817562103 0.012942099943757057 0.01483872625976801
v 0.12450049817562103 0.012942099943757057 0.01483872625976801
v 0.11542392522096634 0.01195485144853592 0.014838728122413158
v 0.11542392522096634 0.01195485144853592 0.014838728122413158
v 0.11986609548330307 0.013332154601812363 0.014754780568182468
v 0.11986609548330307 0.013332154601812363 0.014754780568182468
v 0.11986609548330307 0.013332154601812363 0.014754780568182468
v 0.11986609548330307 0.013332154601812363 0.014754780568182468
v 0.11500618606805801 0.012803534977138042 0.013892793096601963
v 0.11500618606805801 0.012803534977138042 0.013892793096601963
v 0.12472601979970932 0.01386074349284172 0.013892791233956814
v 0.12472601979970932 0.01386074349284172 0.013892791233956814
v 0.11215703189373016 0.012493643909692764 0.0052350712940096855
v 0.11215703189373016 0.012493643909692764 0.0052350712940096855
v 0.11215703189373016 0.012493643909692764 0.0052350712940096855
v 0.12757515907287598 0.014170655980706215 0.005235068500041962
v 0.12757515907287598 0.014170655980706215 0.005235068500041962
v 0.12757515907287598 0.014170655980706215 0.005235068500041962
v 0.12757515907287598 0.014170655980706215 0.012676957063376904
v 0.12757515907287598 0.014170655980706215 0.012676957063376904
v 0.12757515907287598 0.014170655980706215 0.012676957063376904
v 0.13673660159111023 0.0016566350823268294 0.005235068034380674
v 0.13673660159111023 0.0016566350823268294 0.005235068034380674
v 0.13673660159111023 0.0016566350823268294 0.005235068034380674
v 0.1292681246995926 0.011858158744871616 0.013892791233956814
v 0.1292681246995926 0.011858158744871616 0.013892791233956814
v 0.1304798424243927 -0.012534364126622677 0.005235068034380674
v 0.1304798424243927 -0.012534364126622677 0.005235068034380674
v 0.1304798424243927 -0.012534364126622677 0.005235068034380674
v 0.10590028762817383 -0.00169737811665982 0.0052350712940096855
v 0.10590028762817383 -0.00169737811665982 0.0052350712940096855
v 0.10590028762817383 -0.00169737811665982 0.0052350712940096855
v 0.1150617003440857 -0.014211387373507023 0.0052350712940096855
v 0.1150617003440857 -0.014211387373507023 0.0052350712940096855
v 0.1150617003440857 -0.014211387373507023 0.0052350712940096855
v 0.1150617003440857 -0.014211387373507023 0.012676958926022053
v 0.1150617003440857 -0.014211387373507023 0.012676958926022053
v 0.1150617003440857 -0.014211387373507023 0.012676958926022053
v 0.11791084706783295 -0.013901486061513424 0.013892793096601963
v 0.11791084706783295 -0.013901486061513424 0.013892793096601963
v 0.1227707788348198 -0.013372876681387424 0.014754781499505043
v 0.1227707788348198 -0.013372876681387424 0.014754781499505043
v 0.1227707788348198 -0.013372876681387424 0.014754781499505043
v 0.1227707788348198 -0.013372876681387424 0.014754781499505043
v 0.11336872726678848 -0.011898878961801529 0.013892794027924538
v 0.11336872726678848 -0.011898878961801529 0.013892794027924538
v 0.11048097908496857 -0.007954376749694347 0.014754781499505043
v 0.11048097908496857 -0.007954376749694347 0.014754781499505043
v 0.11048097908496857 -0.007954376749694347 0.014754781499505043
v 0.11048097908496857 -0.007954376749694347 0.014754781499505043
v 0.10759324580430984 -0.004009864293038845 0.013892794027924538
v 0.10759324580430984 -0.004009864293038845 0.013892794027924538
v 0.11389485001564026 -0.011112751439213753 0.014838728122413158
v 0.11389485001564026 -0.011112751439213753 0.014838728122413158
v 0.10850157588720322 -0.003745838301256299 0.014838728122413158
v 0.10850157588720322 -0.003745838301256299 0.014838728122413158
v 0.10800035297870636 0.000862465996760875 0.014838728122413158
v 0.10800035297870636 0.000862465996760875 0.014838728122413158
v 0.1090286448597908 0.005398144014179707 0.014754781499505043
v 0.1090286448597908 0.005398144014179707 0.014754781499505043
v 0.1090286448597908 0.005398144014179707 0.014754781499505043
v 0.1090286448597908 0.005398144014179707 0.014754781499505043
v 0.11168362945318222 0.009216616861522198 0.014838728122413158
v 0.11168362945318222 0.009216616861522198 0.014838728122413158
v 0.11100080609321594 0.009871256537735462 0.013892793096601963
v 0.11100080609321594 0.009871256537735462 0.013892793096601963
v 0.11215703189373016 0.012493643909692764 0.012676958926022053
v 0.11215703189373016 0.012493643909692764 0.012676958926022053
v 0.11215703189373016 0.012493643909692764 0.012676958926022053
v 0.10705646872520447 0.00092503143241629 0.013892794027924538
v 0.10705646872520447 0.00092503143241629 0.013892794027924538
v 0.10590028762817383 -0.0016973777674138546 0.012676958926022053
v 0.10590028762817383 -0.0016973777674138546 0.012676958926022053
v 0.10590028762817383 -0.0016973777674138546 0.012676958926022053
v 0.12131784856319427 -0.000022732810975867324 0.014838728122413158
v 0.11813635379076004 -0.012982821092009544 0.014838728122413158
v 0.11813635379076004 -0.012982821092009544 0.014838728122413158
v 0.12721294164657593 -0.011995571665465832 0.014838728122413158
v 0.12721294164657593 -0.011995571665465832 0.014838728122413158
v 0.12763069570064545 -0.012844264507293701 0.013892793096601963
v 0.12763069570064545 -0.012844264507293701 0.013892793096601963
v 0.13095323741436005 -0.009257347323000431 0.014838728122413158
v 0.13095323741436005 -0.009257347323000431 0.014838728122413158
v 0.1304798424243927 -0.012534364126622677 0.012676957063376904
v 0.1304798424243927 -0.012534364126622677 0.012676957063376904
v 0.1304798424243927 -0.012534364126622677 0.012676957063376904
v 0.13163603842258453 -0.00991197768598795 0.013892793096601963
v 0.13163603842258453 -0.00991197768598795 0.013892793096601963
v 0.13360822200775146 -0.005438864231109619 0.014754780568182468
v 0.13360822200775146 -0.005438864231109619 0.014754780568182468
v 0.13360822200775146 -0.005438864231109619 0.014754780568182468
v 0.13360822200775146 -0.005438864231109619 0.014754780568182468
v 0.1355803906917572 -0.0009657518239691854 0.013892791233956814
v 0.1355803906917572 -0.0009657518239691854 0.013892791233956814
v 0.1346365213394165 -0.0009031863301061094 0.01483872625976801
v 0.1346365213394165 -0.0009031863301061094 0.01483872625976801
v 0.13673660159111023 0.001656635431572795 0.012676957063376904
v 0.13673660159111023 0.001656635431572795 0.012676957063376904
v 0.13673660159111023 0.001656635431572795 0.012676957063376904
v 0.13504363596439362 0.003969143610447645 0.013892791233956814
v 0.13504363596439362 0.003969143610447645 0.013892791233956814
v 2.9636977316727098e-9 0.003941268194466829 0.09172267466783524
v 2.9636977316727098e-9 0.003941268194466829 0.09172267466783524
v 3.92943233507026e-9 -0.008268953301012516 0.09540314227342606
v 3.92943233507026e-9 -0.008268953301012516 0.09540314227342606
v 4.822319876751635e-9 -0.020479226484894753 0.09297437965869904
v 4.822319876751635e-9 -0.020479226484894753 0.09297437965869904
v 5.277280834548037e-9 -0.0377470888197422 0.07570646703243256
v 5.277280834548037e-9 -0.0377470888197422 0.07570646703243256
v -0.010801797732710838 0.003941266797482967 0.08957404643297195
v -0.012210257351398468 -0.008268955163657665 0.09297437965869904
v -0.011280805803835392 -0.020479174330830574 0.09073048830032349
v -0.008633955381810665 -0.030830511823296547 0.08434043079614639
v -0.004672660492360592 -0.0377470888197422 0.0747770220041275
v -0.01995912566781044 0.00394126633182168 0.08345532417297363
v -0.02256162278354168 -0.00826895609498024 0.08605782687664032
v -0.020844221115112305 -0.020479176193475723 0.08434043079614639
v -0.01595347374677658 -0.030830563977360725 0.07944967597723007
v -0.008633955381810665 -0.0377470888197422 0.07213016599416733
v -0.02607785537838936 0.0039412654004991055 0.07429800927639008
v -0.02947818487882614 -0.008268957026302814 0.07570645213127136
v -0.027234287932515144 -0.020479176193475723 0.0747770220041275
v -0.020844217389822006 -0.030830511823296547 0.07213015854358673
v -0.011280808597803116 -0.0377470888197422 0.06816887110471725
v -0.028226463124155998 0.003941312897950411 0.06349620223045349
v -0.028226463124155998 0.003941312897950411 0.06349620223045349
v -0.03190695494413376 -0.008268957026302814 0.06349620223045349
v -0.03190695494413376 -0.008268957026302814 0.06349620223045349
v -0.02947818487882614 -0.02047918178141117 0.06349620223045349
v -0.02947818487882614 -0.02047918178141117 0.06349620223045349
v -0.022561615332961082 -0.030830560252070427 0.06349620223045349
v -0.022561615332961082 -0.030830560252070427 0.06349620223045349
v -0.012210255488753319 -0.03774714097380638 0.06349620223045349
v -0.012210255488753319 -0.03774714097380638 0.06349620223045349
v -0.02607785165309906 0.003941264934837818 0.05269439518451691
v -0.029478181153535843 -0.008268957026302814 0.05128592997789383
v -0.027234287932515144 -0.02047918178141117 0.05221538245677948
v -0.020844213664531708 -0.030830511823296547 0.054862234741449356
v -0.011280807666480541 -0.0377470888197422 0.05882352963089943
v -0.019959118217229843 0.0039412640035152435 0.04353707656264305
v -0.022561615332961082 -0.008268957026302814 0.040934570133686066
v -0.020844217389822006 -0.020479176193475723 0.04265197739005089
v -0.015953468158841133 -0.030830563977360725 0.04754272475838661
v -0.00863395445048809 -0.03774714097380638 0.05486224219202995
v -0.01080179214477539 0.003941264934837818 0.03741835057735443
v -0.012210249900817871 -0.008268957026302814 0.03401801735162735
v -0.011280802078545094 -0.020479226484894753 0.0362619124352932
v -0.008633948862552643 -0.030830517411231995 0.042651981115341187
v -0.004672657232731581 -0.0377470888197422 0.05221538245677948
v 8.075772939264425e-9 0.0039412654004991055 0.03526974096894264
v 8.075772939264425e-9 0.0039412654004991055 0.03526974096894264
v 1.2810578375876958e-8 -0.00826895609498024 0.031589243561029434
v 1.2810578375876958e-8 -0.00826895609498024 0.031589243561029434
v 1.054734699579285e-8 -0.020479176193475723 0.03401802107691765
v 1.054734699579285e-8 -0.020479176193475723 0.03401802107691765
v 1.0125718041820164e-8 -0.030830560252070427 0.04093457758426666
v 1.0125718041820164e-8 -0.030830560252070427 0.04093457758426666
v 8.200113477130344e-9 -0.03774713724851608 0.05128592997789383
v 8.200113477130344e-9 -0.03774713724851608 0.05128592997789383
v 5.033819139299567e-9 -0.040175918489694595 0.06349620223045349
v 5.033819139299567e-9 -0.040175918489694595 0.06349620223045349
v 5.033819139299567e-9 -0.040175918489694595 0.06349620223045349
v 5.033819139299567e-9 -0.040175918489694595 0.06349620223045349
v 0.010801807977259159 0.00394126633182168 0.03741835430264473
v 0.012210276909172535 -0.00826895609498024 0.03401802480220795
v 0.011280822567641735 -0.020479226484894753 0.0362619124352932
v 0.008633969351649284 -0.030830511823296547 0.04265198856592178
v 0.004672674927860498 -0.03774713724851608 0.05221540108323097
v 0.019959131255745888 0.003941267728805542 0.04353708028793335
v 0.022561635822057724 -0.008268955163657665 0.04093458876013756
v 0.020844226703047752 -0.020479174330830574 0.04265198856592178
v 0.015953488647937775 -0.030830509960651398 0.04754273593425751
v 0.008633969351649284 -0.0377470888197422 0.05486224591732025
v 0.026077857241034508 0.003941267728805542 0.0526944138109684
v 0.02947819232940674 -0.008269000798463821 0.05128595605492592
v 0.02723429724574089 -0.020479174330830574 0.05221540108323097
v 0.020844226703047752 -0.030830511823296547 0.05486225709319115
v 0.011280817911028862 -0.037747133523225784 0.058823540806770325
v 0.02822646126151085 0.003941269125789404 0.06349621713161469
v 0.02822646126151085 0.003941269125789404 0.06349621713161469
v 0.03190695494413376 -0.008268953301012516 0.06349621713161469
v 0.03190695494413376 -0.008268953301012516 0.06349621713161469
v 0.02947818487882614 -0.020479222759604454 0.06349621713161469
v 0.02947818487882614 -0.020479222759604454 0.06349621713161469
v 0.022561626508831978 -0.030830511823296547 0.06349621713161469
v 0.022561626508831978 -0.030830511823296547 0.06349621713161469
v 0.012210270389914513 -0.0377470888197422 0.06349621713161469
v 0.012210270389914513 -0.0377470888197422 0.06349621713161469
v 0.026077844202518463 0.003941269125789404 0.07429801672697067
v 0.029478177428245544 -0.008268953301012516 0.07570648193359375
v 0.027234280481934547 -0.020479172468185425 0.0747770294547081
v 0.020844217389822006 -0.030830560252070427 0.07213016599416733
v 0.011280816979706287 -0.037747133523225784 0.06816887110471725
v 0.019959116354584694 0.003941269125789404 0.08345533162355423
v 0.022561615332961082 -0.008268953301012516 0.08605783432722092
v 0.020844213664531708 -0.020479174330830574 0.08434043079614639
v 0.01595347374677658 -0.030830509960651398 0.07944968342781067
v 0.008633960038423538 -0.0377470888197422 0.07213016599416733
v 0.010801789350807667 0.003941269125789404 0.08957406878471375
v 0.012210249900817871 -0.008268953301012516 0.09297438710927963
v 0.011280802078545094 -0.020479222759604454 0.09073048830032349
v 0.008633948862552643 -0.030830509960651398 0.08434043079614639
v 0.00467266421765089 -0.03774713724851608 0.0747770220041275
v -9.906043985097313e-9 -0.030830560252070427 0.08605782687664032
v -9.906043985097313e-9 -0.030830560252070427 0.08605782687664032
v -0.0037059439346194267 0.050960712134838104 0.07244313508272171
v -0.0037059439346194267 0.050960712134838104 0.07244313508272171
v -0.006847691256552935 0.044044192880392075 0.0800279825925827
v -0.006847689393907785 0.050960760563611984 0.07034388184547424
v -0.006847689393907785 0.050960760563611984 0.07034388184547424
v -0.01265287958085537 0.044044192880392075 0.07614907622337341
v -0.008946935646235943 0.050960760563611984 0.0672021433711052
v -0.008946935646235943 0.050960760563611984 0.0672021433711052
v -0.016531778499484062 0.04404418542981148 0.07034388184547424
v -0.009684094227850437 0.050960756838321686 0.06349620223045349
v -0.009684094227850437 0.050960756838321686 0.06349620223045349
v -0.009684094227850437 0.050960756838321686 0.06349620223045349
v -0.017893871292471886 0.04404418542981148 0.06349620223045349
v -0.017893871292471886 0.04404418542981148 0.06349620223045349
v -0.008946936577558517 0.050960756838321686 0.05979025736451149
v -0.008946936577558517 0.050960756838321686 0.05979025736451149
v -0.01653178036212921 0.04404418542981148 0.05664850398898125
v -0.0068476879969239235 0.050960760563611984 0.05664851516485214
v -0.0068476879969239235 0.050960760563611984 0.05664851516485214
v -0.012652874924242496 0.04404418542981148 0.05084332451224327
v -0.0037059420719742775 0.050960760563611984 0.054549261927604675
v -0.0037059420719742775 0.050960760563611984 0.054549261927604675
v -0.006847682408988476 0.04404423385858536 0.04696442186832428
v 1.6936778646226003e-9 0.050960760563611984 0.05381210893392563
v 1.6936778646226003e-9 0.050960760563611984 0.05381210893392563
v 1.6936778646226003e-9 0.050960760563611984 0.05381210893392563
v 5.1713024973309984e-9 0.044044192880392075 0.04560234025120735
v 5.1713024973309984e-9 0.044044192880392075 0.04560234025120735
v 0.003705943701788783 0.050960712134838104 0.054549265652894974
v 0.003705943701788783 0.050960712134838104 0.054549265652894974
v 0.006847689859569073 0.044044192880392075 0.046964433044195175
v 0.006847689393907785 0.050960760563611984 0.05664852261543274
v 0.006847689393907785 0.050960760563611984 0.05664852261543274
v 0.012652880512177944 0.044044192880392075 0.05084333196282387
v 0.008946935646235943 0.050960760563611984 0.05979026481509209
v 0.008946935646235943 0.050960760563611984 0.05979026481509209
v 0.016531778499484062 0.044044192880392075 0.05664852261543274
v 0.009684092365205288 0.05096077173948288 0.06349620223045349
v 0.009684092365205288 0.05096077173948288 0.06349620223045349
v 0.009684092365205288 0.05096077173948288 0.06349620223045349
v 0.01789386197924614 0.044044192880392075 0.06349621713161469
v 0.01789386197924614 0.044044192880392075 0.06349621713161469
v 0.008946932852268219 0.05096077173948288 0.0672021433711052
v 0.008946932852268219 0.05096077173948288 0.0672021433711052
v 0.016531774774193764 0.044044144451618195 0.07034389674663544
v 0.006847684737294912 0.050960760563611984 0.07034389674663544
v 0.006847684737294912 0.050960760563611984 0.07034389674663544
v 0.0126528674736619 0.044044192880392075 0.07614907622337341
v 0.0037059360183775425 0.050960760563611984 0.07244313508272171
v 0.0037059360183775425 0.050960760563611984 0.07244313508272171
v 0.006847675424069166 0.044044241309165955 0.0800279825925827
v -6.59256160773225e-9 0.050960760563611984 0.07318028807640076
v -6.59256160773225e-9 0.050960760563611984 0.07318028807640076
v -6.59256160773225e-9 0.050960760563611984 0.07318028807640076
v -1.1757751217089663e-8 0.044044192880392075 0.08139006793498993
v -1.1757751217089663e-8 0.044044192880392075 0.08139006793498993
v -0.008622017689049244 0.01251476351171732 0.0843115970492363
v -0.006847689393907785 0.032156359404325485 0.0800279751420021
v -0.00717083178460598 0.022201474756002426 0.0808081105351448
v -0.012652876786887646 0.032156310975551605 0.07614907622337341
v -0.01593141071498394 0.012514762580394745 0.07942761480808258
v -0.013249966315925121 0.022201521322131157 0.07674617320299149
v -0.016531778499484062 0.032156359404325485 0.07034388184547424
v -0.020815391093492508 0.012514762580394745 0.07211820781230927
v -0.017311913892626762 0.022201521322131157 0.07066702842712402
v -0.017893871292471886 0.03215630725026131 0.06349620223045349
v -0.017893871292471886 0.03215630725026131 0.06349620223045349
v -0.022530417889356613 0.012514762580394745 0.06349620223045349
v -0.022530417889356613 0.012514762580394745 0.06349620223045349
v -0.018738284707069397 0.022201521322131157 0.06349620223045349
v -0.018738284707069397 0.022201521322131157 0.06349620223045349
v -0.01653178036212921 0.032156359404325485 0.05664850398898125
v -0.02081538736820221 0.012514760717749596 0.054874178022146225
v -0.01731191575527191 0.022201474756002426 0.056325364857912064
v -0.012652872130274773 0.03215630725026131 0.05084332451224327
v -0.01593140698969364 0.012514762580394745 0.0475647859275341
v -0.013249964453279972 0.022201474756002426 0.0502462312579155
v -0.0068476819433271885 0.032156359404325485 0.04696442186832428
v -0.008622011169791222 0.012514760717749596 0.04268081113696098
v -0.007170825265347958 0.022201521322131157 0.04618428647518158
v 5.426000537767095e-9 0.032156359404325485 0.04560234025120735
v 5.426000537767095e-9 0.032156359404325485 0.04560234025120735
v 6.853609235690783e-9 0.012514762580394745 0.040965788066387177
v 6.853609235690783e-9 0.012514762580394745 0.040965788066387177
v 5.524691815139704e-9 0.022201521322131157 0.04475792124867439
v 5.524691815139704e-9 0.022201521322131157 0.04475792124867439
v 0.006847691256552935 0.032156359404325485 0.04696442559361458
v 0.008622026070952415 0.01251476351171732 0.04268081113696098
v 0.007170837372541428 0.022201525047421455 0.04618428647518158
v 0.012652880512177944 0.032156310975551605 0.05084332451224327
v 0.015931416302919388 0.01251476351171732 0.047564797103405
v 0.013249972835183144 0.022201478481292725 0.05024624243378639
v 0.016531778499484062 0.032156363129615784 0.05664852261543274
v 0.020815391093492508 0.012514765374362469 0.05487418919801712
v 0.01731191761791706 0.022201482206583023 0.05632537603378296
v 0.017893865704536438 0.032156314700841904 0.06349621713161469
v 0.017893865704536438 0.032156314700841904 0.06349621713161469
v 0.022530417889356613 0.012514765374362469 0.06349621713161469
v 0.022530417889356613 0.012514765374362469 0.06349621713161469
v 0.0187382809817791 0.022201482206583023 0.06349621713161469
v 0.0187382809817791 0.022201482206583023 0.06349621713161469
v 0.016531774774193764 0.032156363129615784 0.07034389674663544
v 0.02081538923084736 0.012514765374362469 0.07211822271347046
v 0.017311912029981613 0.022201528772711754 0.07066703587770462
v 0.012652868404984474 0.032156363129615784 0.07614907622337341
v 0.015931403264403343 0.012514765374362469 0.07942761480808258
v 0.013249958865344524 0.022201482206583023 0.07674617320299149
v 0.0068476758897304535 0.032156363129615784 0.0800279751420021
v 0.008622006513178349 0.012514765374362469 0.0843115895986557
v 0.007170820143073797 0.022201478481292725 0.0808081105351448
v -1.0860240706733748e-8 0.032156359404325485 0.08139006793498993
v -1.0860240706733748e-8 0.032156359404325485 0.08139006793498993
v -3.5367795359064758e-9 0.01251476351171732 0.0860266238451004
v -3.5367795359064758e-9 0.01251476351171732 0.0860266238451004
v -8.170173870780673e-9 0.022201478481292725 0.08223447948694229
v -8.170173870780673e-9 0.022201478481292725 0.08223447948694229
v -3.271043214070346e-9 -0.06476800888776779 0.13575045764446259
v -3.271043214070346e-9 -0.06476800888776779 0.13575045764446259
v -3.271043214070346e-9 -0.06476800888776779 0.13575045764446259
v 0.003461370011791587 -0.06522369384765625 0.13575045764446259
v 0.003461370011791587 -0.06522369384765625 0.13575045764446259
v 0.006686856038868427 -0.06655973941087723 0.13575045764446259
v 0.006686856038868427 -0.06655973941087723 0.13575045764446259
v 0.009456642903387547 -0.06868507713079453 0.13575045764446259
v 0.009456642903387547 -0.06868507713079453 0.13575045764446259
v 0.01158197596669197 -0.07145486027002335 0.13575045764446259
v 0.01158197596669197 -0.07145486027002335 0.13575045764446259
v 0.012918015010654926 -0.07468035817146301 0.13444991409778595
v 0.012918015010654926 -0.07468035817146301 0.13444991409778595
v 0.013373714871704578 -0.0781417191028595 0.1329905390739441
v 0.013373714871704578 -0.0781417191028595 0.1329905390739441
v 0.012918015010654926 -0.08160309493541718 0.13444991409778595
v 0.012918015010654926 -0.08160309493541718 0.13444991409778595
v 0.011581975035369396 -0.08482857793569565 0.13575045764446259
v 0.011581975035369396 -0.08482857793569565 0.13575045764446259
v 0.009456641040742397 -0.08759836107492447 0.13575045764446259
v 0.009456641040742397 -0.08759836107492447 0.13575045764446259
v 0.006686854176223278 -0.08972369879484177 0.13575045764446259
v 0.006686854176223278 -0.08972369879484177 0.13575045764446259
v 0.0034613676834851503 -0.09105974435806274 0.13575045764446259
v 0.0034613676834851503 -0.09105974435806274 0.13575045764446259
v -5.2904183256430315e-9 -0.0915154367685318 0.13575045764446259
v -5.2904183256430315e-9 -0.0915154367685318 0.13575045764446259
v -0.0034613781608641148 -0.09105974435806274 0.13575045764446259
v -0.0034613781608641148 -0.09105974435806274 0.13575045764446259
v -0.006686864420771599 -0.08972369879484177 0.13575045764446259
v -0.006686864420771599 -0.08972369879484177 0.13575045764446259
v -0.009456653147935867 -0.08759836107492447 0.13575045764446259
v -0.009456653147935867 -0.08759836107492447 0.13575045764446259
v -0.011581985279917717 -0.08482857793569565 0.13575045764446259
v -0.011581985279917717 -0.08482857793569565 0.13575045764446259
v -0.012918024323880672 -0.08160309493541718 0.13444991409778595
v -0.012918024323880672 -0.08160309493541718 0.13444991409778595
v -0.013373722322285175 -0.0781417191028595 0.1329905390739441
v -0.013373722322285175 -0.0781417191028595 0.1329905390739441
v -0.012918024323880672 -0.07468035817146301 0.13444991409778595
v -0.012918024323880672 -0.07468035817146301 0.13444991409778595
v -0.011581985279917717 -0.07145486027002335 0.13575045764446259
v -0.011581985279917717 -0.07145486027002335 0.13575045764446259
v -0.009456651285290718 -0.06868507713079453 0.13575045764446259
v -0.009456651285290718 -0.06868507713079453 0.13575045764446259
v -0.00668686255812645 -0.06655973941087723 0.13575045764446259
v -0.00668686255812645 -0.06655973941087723 0.13575045764446259
v -0.003461376065388322 -0.06522369384765625 0.13575045764446259
v -0.003461376065388322 -0.06522369384765625 0.13575045764446259
v 0.013145864941179752 -0.07641103863716125 0.1332734376192093
v 0.013145864941179752 -0.07641103863716125 0.1332734376192093
v -0.01314587239176035 -0.07641103863716125 0.1332734376192093
v -0.01314587239176035 -0.07641103863716125 0.1332734376192093
v 0.013145864941179752 -0.07987240701913834 0.1332734376192093
v 0.013145864941179752 -0.07987240701913834 0.1332734376192093
v -0.01314587239176035 -0.07987240701913834 0.1332734376192093
v -0.01314587239176035 -0.07987240701913834 0.1332734376192093
v 0.012249994091689587 -0.08321583271026611 0.13575045764446259
v 0.012249994091689587 -0.08321583271026611 0.13575045764446259
v -0.012250004336237907 -0.08321583271026611 0.13575045764446259
v -0.012250004336237907 -0.08321583271026611 0.13575045764446259
v 0.012249995023012161 -0.07306760549545288 0.13575045764446259
v 0.012249995023012161 -0.07306760549545288 0.13575045764446259
v -0.012250003404915333 -0.07306760549545288 0.13575045764446259
v -0.012250003404915333 -0.07306760549545288 0.13575045764446259
v -3.680057591992636e-9 -0.06790617108345032 0.11772943288087845
v -3.448838992170522e-9 -0.06476800888776779 0.12084075808525085
v -3.448838992170522e-9 -0.06476800888776779 0.12084075808525085
v -3.5337657244838283e-9 -0.0656871497631073 0.1186407208442688
v -3.5337657244838283e-9 -0.0656871497631073 0.1186407208442688
v -3.5337657244838283e-9 -0.0656871497631073 0.1186407208442688
v -3.5337657244838283e-9 -0.0656871497631073 0.1186407208442688
v 0.002649151487275958 -0.06825493276119232 0.11772943288087845
v 0.0034613695461302996 -0.06522369384765625 0.12084075808525085
v 0.003223476465791464 -0.06611152738332748 0.1186407208442688
v 0.003223476465791464 -0.06611152738332748 0.1186407208442688
v 0.005117770284414291 -0.06927747279405594 0.11772943288087845
v 0.006686856038868427 -0.06655973941087723 0.12084075808525085
v 0.0062272814102470875 -0.06735574454069138 0.1186407208442688
v 0.0062272814102470875 -0.06735574454069138 0.1186407208442688
v 0.007237622048705816 -0.07090409845113754 0.11772943288087845
v 0.009456642903387547 -0.06868507713079453 0.12084075808525085
v 0.00880670640617609 -0.06933501362800598 0.1186407208442688
v 0.00880670640617609 -0.06933501362800598 0.1186407208442688
v 0.00886424258351326 -0.07302393764257431 0.11772943288087845
v 0.01158197596669197 -0.07145486027002335 0.12084075808525085
v 0.010785969905555248 -0.0719144344329834 0.1186407208442688
v 0.010785969905555248 -0.0719144344329834 0.1186407208442688
v 0.009886777959764004 -0.07549256831407547 0.11772943288087845
v 0.012918015010654926 -0.07468035817146301 0.12084075808525085
v 0.012030187994241714 -0.0749182403087616 0.1186407208442688
v 0.012030187994241714 -0.0749182403087616 0.1186407208442688
v 0.010235545225441456 -0.0781417191028595 0.11772943288087845
v 0.013373714871704578 -0.0781417191028595 0.12084075808525085
v 0.012454567477107048 -0.0781417191028595 0.1186407208442688
v 0.012454567477107048 -0.0781417191028595 0.1186407208442688
v 0.00988677702844143 -0.08079087734222412 0.11772943288087845
v 0.012918015010654926 -0.08160309493541718 0.12084075808525085
v 0.012030187994241714 -0.0813651978969574 0.1186407208442688
v 0.012030187994241714 -0.0813651978969574 0.1186407208442688
v 0.00886424258351326 -0.08325949311256409 0.11772943288087845
v 0.011581975035369396 -0.08482857793569565 0.12084075808525085
v 0.010785969905555248 -0.0843690037727356 0.1186407208442688
v 0.010785969905555248 -0.0843690037727356 0.1186407208442688
v 0.007237621583044529 -0.08537935465574265 0.11772943288087845
v 0.009456641040742397 -0.08759836107492447 0.12084075808525085
v 0.008806705474853516 -0.08694843202829361 0.1186407208442688
v 0.008806705474853516 -0.08694843202829361 0.1186407208442688
v 0.0051177688874304295 -0.08700596541166306 0.11772943288087845
v 0.006686854176223278 -0.08972369879484177 0.12084075808525085
v 0.006227279547601938 -0.08892770111560822 0.1186407208442688
v 0.006227279547601938 -0.08892770111560822 0.1186407208442688
v 0.0026491498574614525 -0.08802850544452667 0.11772943288087845
v 0.0034613676834851503 -0.09105974435806274 0.12084075808525085
v 0.0032234748359769583 -0.09017191082239151 0.1186407208442688
v 0.0032234748359769583 -0.09017191082239151 0.1186407208442688
v -5.311200812485595e-9 -0.08837727457284927 0.11772943288087845
v -5.468214325787812e-9 -0.0915154367685318 0.12084075808525085
v -5.435758065885921e-9 -0.0905962884426117 0.1186407208442688
v -5.435758065885921e-9 -0.0905962884426117 0.1186407208442688
v -0.0026491605676710606 -0.08802850544452667 0.11772943288087845
v -0.0034613783936947584 -0.09105974435806274 0.12084075808525085
v -0.0032234855461865664 -0.09017191082239151 0.1186407208442688
v -0.0032234855461865664 -0.09017191082239151 0.1186407208442688
v -0.0051177795976400375 -0.08700596541166306 0.11772943288087845
v -0.006686864420771599 -0.08972369879484177 0.12084075808525085
v -0.006227290257811546 -0.08892770111560822 0.1186407208442688
v -0.006227290257811546 -0.08892770111560822 0.1186407208442688
v -0.007237631361931562 -0.08537935465574265 0.11772943288087845
v -0.009456653147935867 -0.08759836107492447 0.12084075808525085
v -0.008806715719401836 -0.08694843202829361 0.1186407208442688
v -0.008806715719401836 -0.08694843202829361 0.1186407208442688
v -0.008864251896739006 -0.08325949311256409 0.11772943288087845
v -0.011581985279917717 -0.08482857793569565 0.12084075808525085
v -0.010785979218780994 -0.0843690037727356 0.1186407208442688
v -0.010785979218780994 -0.0843690037727356 0.1186407208442688
v -0.00988678727298975 -0.08079087734222412 0.11772943288087845
v -0.012918024323880672 -0.08160309493541718 0.12084075808525085
v -0.012030196376144886 -0.0813651978969574 0.1186407208442688
v -0.012030196376144886 -0.0813651978969574 0.1186407208442688
v -0.010235554538667202 -0.0781417191028595 0.11772943288087845
v -0.013373722322285175 -0.0781417191028595 0.12084075808525085
v -0.012454574927687645 -0.0781417191028595 0.1186407208442688
v -0.012454574927687645 -0.0781417191028595 0.1186407208442688
v -0.0098867854103446 -0.07549256831407547 0.11772943288087845
v -0.012918024323880672 -0.07468035817146301 0.12084075808525085
v -0.012030196376144886 -0.0749182403087616 0.1186407208442688
v -0.012030196376144886 -0.0749182403087616 0.1186407208442688
v -0.008864250034093857 -0.07302393764257431 0.11772943288087845
v -0.011581985279917717 -0.07145486027002335 0.12084075808525085
v -0.01078597828745842 -0.0719144344329834 0.1186407208442688
v -0.01078597828745842 -0.0719144344329834 0.1186407208442688
v -0.007237630896270275 -0.07090409845113754 0.11772943288087845
v -0.009456651285290718 -0.06868507713079453 0.12084075808525085
v -0.008806714788079262 -0.06933501362800598 0.1186407208442688
v -0.008806714788079262 -0.06933501362800598 0.1186407208442688
v -0.005117777734994888 -0.06927747279405594 0.11772943288087845
v -0.00668686255812645 -0.06655973941087723 0.12084075808525085
v -0.006227288395166397 -0.06735574454069138 0.1186407208442688
v -0.006227288395166397 -0.06735574454069138 0.1186407208442688
v -0.0026491591706871986 -0.06825493276119232 0.11772943288087845
v -0.003461376531049609 -0.06522369384765625 0.12084075808525085
v -0.0032234841492027044 -0.06611152738332748 0.1186407208442688
v -0.0032234841492027044 -0.06611152738332748 0.1186407208442688
v 6.467329782822162e-9 0.06422065198421478 0.13575045764446259
v 6.467329782822162e-9 0.06422065198421478 0.13575045764446259
v 6.467329782822162e-9 0.06422065198421478 0.13575045764446259
v 0.0034613795578479767 0.06467635184526443 0.13575045764446259
v 0.0034613795578479767 0.06467635184526443 0.13575045764446259
v 0.006686865352094173 0.06601238250732422 0.13575045764446259
v 0.006686865352094173 0.06601238250732422 0.13575045764446259
v 0.009456654079258442 0.06813772767782211 0.13575045764446259
v 0.009456654079258442 0.06813772767782211 0.13575045764446259
v 0.01158198807388544 0.07090751081705093 0.13575045764446259
v 0.01158198807388544 0.07090751081705093 0.13575045764446259
v 0.012918027117848396 0.0741329938173294 0.13444991409778595
v 0.012918027117848396 0.0741329938173294 0.13444991409778595
v 0.0133737251162529 0.07759436964988708 0.1329905390739441
v 0.0133737251162529 0.07759436964988708 0.1329905390739441
v 0.012918027117848396 0.08105574548244476 0.13444991409778595
v 0.012918027117848396 0.08105574548244476 0.13444991409778595
v 0.011581989005208015 0.08428122848272324 0.13575045764446259
v 0.011581989005208015 0.08428122848272324 0.13575045764446259
v 0.009456655010581017 0.08705101907253265 0.13575045764446259
v 0.009456655010581017 0.08705101907253265 0.13575045764446259
v 0.006686867214739323 0.08917635679244995 0.13575045764446259
v 0.006686867214739323 0.08917635679244995 0.13575045764446259
v 0.0034613818861544132 0.09051238745450974 0.13575045764446259
v 0.0034613818861544132 0.09051238745450974 0.13575045764446259
v 8.486704672350243e-9 0.09096808731555939 0.13575045764446259
v 8.486704672350243e-9 0.09096808731555939 0.13575045764446259
v -0.003461364423856139 0.09051238745450974 0.13575045764446259
v -0.003461364423856139 0.09051238745450974 0.13575045764446259
v -0.006686851382255554 0.08917635679244995 0.13575045764446259
v -0.006686851382255554 0.08917635679244995 0.13575045764446259
v -0.009456639178097248 0.08705101907253265 0.13575045764446259
v -0.009456639178097248 0.08705101907253265 0.13575045764446259
v -0.011581972241401672 0.08428122848272324 0.13575045764446259
v -0.011581972241401672 0.08428122848272324 0.13575045764446259
v -0.012918013148009777 0.08105574548244476 0.13444991409778595
v -0.012918013148009777 0.08105574548244476 0.13444991409778595
v -0.013373712077736855 0.07759436964988708 0.1329905390739441
v -0.013373712077736855 0.07759436964988708 0.1329905390739441
v -0.012918013148009777 0.0741329938173294 0.13444991409778595
v -0.012918013148009777 0.0741329938173294 0.13444991409778595
v -0.011581975035369396 0.07090751081705093 0.13575045764446259
v -0.011581975035369396 0.07090751081705093 0.13575045764446259
v -0.009456640109419823 0.06813772767782211 0.13575045764446259
v -0.009456640109419823 0.06813772767782211 0.13575045764446259
v -0.006686853244900703 0.06601238250732422 0.13575045764446259
v -0.006686853244900703 0.06601238250732422 0.13575045764446259
v -0.003461366519331932 0.06467635184526443 0.13575045764446259
v -0.003461366519331932 0.06467635184526443 0.13575045764446259
v 0.013145875185728073 0.07586368173360825 0.1332734376192093
v 0.013145875185728073 0.07586368173360825 0.1332734376192093
v -0.013145862147212029 0.07586368173360825 0.1332734376192093
v -0.013145862147212029 0.07586368173360825 0.1332734376192093
v 0.013145875185728073 0.07932505756616592 0.1332734376192093
v 0.013145875185728073 0.07932505756616592 0.1332734376192093
v -0.013145862147212029 0.07932505756616592 0.1332734376192093
v -0.013145862147212029 0.07932505756616592 0.1332734376192093
v 0.012250007130205631 0.0826684907078743 0.13575045764446259
v 0.012250007130205631 0.0826684907078743 0.13575045764446259
v -0.012249991297721863 0.0826684907078743 0.13575045764446259
v -0.012249991297721863 0.0826684907078743 0.13575045764446259
v 0.012250007130205631 0.07252024859189987 0.13575045764446259
v 0.012250007130205631 0.07252024859189987 0.13575045764446259
v -0.012249992229044437 0.07252024859189987 0.13575045764446259
v -0.012249992229044437 0.07252024859189987 0.13575045764446259
v 6.532165475192642e-9 0.06735881417989731 0.11772943288087845
v 6.289533338588171e-9 0.06422065198421478 0.12084075808525085
v 6.289533338588171e-9 0.06422065198421478 0.12084075808525085
v 6.343394698404836e-9 0.06513980031013489 0.1186407208442688
v 6.343394698404836e-9 0.06513980031013489 0.1186407208442688
v 6.343394698404836e-9 0.06513980031013489 0.1186407208442688
v 6.343394698404836e-9 0.06513980031013489 0.1186407208442688
v 0.002649161731824279 0.0677075907588005 0.11772943288087845
v 0.0034613790921866894 0.06467635184526443 0.12084075808525085
v 0.003223486477509141 0.06556418538093567 0.1186407208442688
v 0.003223486477509141 0.06556418538093567 0.1186407208442688
v 0.005117780528962612 0.06873011589050293 0.11772943288087845
v 0.006686865352094173 0.06601238250732422 0.12084075808525085
v 0.006227290723472834 0.06680839508771896 0.1186407208442688
v 0.006227290723472834 0.06680839508771896 0.1186407208442688
v 0.007237633690237999 0.07035674154758453 0.11772943288087845
v 0.009456654079258442 0.06813772767782211 0.12084075808525085
v 0.008806717582046986 0.06878766417503357 0.1186407208442688
v 0.008806717582046986 0.06878766417503357 0.1186407208442688
v 0.008864253759384155 0.07247660309076309 0.11772943288087845
v 0.01158198807388544 0.07090751081705093 0.12084075808525085
v 0.010785982012748718 0.07136707752943039 0.1186407208442688
v 0.010785982012748718 0.07136707752943039 0.1186407208442688
v 0.0098867891356349 0.07494521141052246 0.11772943288087845
v 0.012918027117848396 0.0741329938173294 0.12084075808525085
v 0.012030198238790035 0.07437089085578918 0.1186407208442688
v 0.012030198238790035 0.07437089085578918 0.1186407208442688
v 0.010235557332634926 0.07759436964988708 0.11772943288087845
v 0.0133737251162529 0.07759436964988708 0.12084075808525085
v 0.012454577721655369 0.07759436964988708 0.1186407208442688
v 0.012454577721655369 0.07759436964988708 0.1186407208442688
v 0.009886790066957474 0.08024352788925171 0.11772943288087845
v 0.012918027117848396 0.08105574548244476 0.12084075808525085
v 0.012030198238790035 0.08081784844398499 0.1186407208442688
v 0.012030198238790035 0.08081784844398499 0.1186407208442688
v 0.008864253759384155 0.08271213620901108 0.11772943288087845
v 0.011581989005208015 0.08428122848272324 0.12084075808525085
v 0.010785982012748718 0.08382166177034378 0.1186407208442688
v 0.010785982012748718 0.08382166177034378 0.1186407208442688
v 0.007237634155899286 0.08483200520277023 0.11772943288087845
v 0.009456655010581017 0.08705101907253265 0.12084075808525085
v 0.00880671851336956 0.0864010751247406 0.1186407208442688
v 0.00880671851336956 0.0864010751247406 0.1186407208442688
v 0.005117781460285187 0.08645861595869064 0.11772943288087845
v 0.006686867214739323 0.08917635679244995 0.12084075808525085
v 0.00622729305177927 0.0883803442120552 0.1186407208442688
v 0.00622729305177927 0.0883803442120552 0.1186407208442688
v 0.0026491633616387844 0.08748114854097366 0.11772943288087845
v 0.0034613811876624823 0.09051238745450974 0.12084075808525085
v 0.00322348834015429 0.0896245539188385 0.1186407208442688
v 0.00322348834015429 0.0896245539188385 0.1186407208442688
v 7.992072781348725e-9 0.08782991766929626 0.11772943288087845
v 8.308908228116252e-9 0.09096808731555939 0.12084075808525085
v 8.202578172245012e-9 0.09004893898963928 0.1186407208442688
v 8.202578172245012e-9 0.09004893898963928 0.1186407208442688
v -0.0026491470634937286 0.08748114854097366 0.11772943288087845
v -0.0034613648895174265 0.09051238745450974 0.12084075808525085
v -0.0032234718091785908 0.0896245539188385 0.1186407208442688
v -0.0032234718091785908 0.0896245539188385 0.1186407208442688
v -0.005117766093462706 0.08645861595869064 0.11772943288087845
v -0.006686851382255554 0.08917635679244995 0.12084075808525085
v -0.006227276753634214 0.0883803442120552 0.1186407208442688
v -0.006227276753634214 0.0883803442120552 0.1186407208442688
v -0.007237618789076805 0.08483200520277023 0.11772943288087845
v -0.009456639178097248 0.08705101907253265 0.12084075808525085
v -0.008806702680885792 0.0864010751247406 0.1186407208442688
v -0.008806702680885792 0.0864010751247406 0.1186407208442688
v -0.008864238858222961 0.08271213620901108 0.11772943288087845
v -0.011581972241401672 0.08428122848272324 0.12084075808525085
v -0.01078596618026495 0.08382166177034378 0.1186407208442688
v -0.01078596618026495 0.08382166177034378 0.1186407208442688
v -0.009886774234473705 0.08024352788925171 0.11772943288087845
v -0.012918013148009777 0.08105574548244476 0.12084075808525085
v -0.012030184268951416 0.08081784844398499 0.1186407208442688
v -0.012030184268951416 0.08081784844398499 0.1186407208442688
v -0.010235542431473732 0.07759436964988708 0.11772943288087845
v -0.013373712077736855 0.07759436964988708 0.12084075808525085
v -0.012454564683139324 0.07759436964988708 0.1186407208442688
v -0.012454564683139324 0.07759436964988708 0.1186407208442688
v -0.00988677516579628 0.07494521141052246 0.11772943288087845
v -0.012918013148009777 0.0741329938173294 0.12084075808525085
v -0.012030184268951416 0.07437089085578918 0.1186407208442688
v -0.012030184268951416 0.07437089085578918 0.1186407208442688
v -0.008864239789545536 0.07247660309076309 0.11772943288087845
v -0.011581975035369396 0.07090751081705093 0.12084075808525085
v -0.010785968042910099 0.07136707752943039 0.1186407208442688
v -0.010785968042910099 0.07136707752943039 0.1186407208442688
v -0.00723761972039938 0.07035674154758453 0.11772943288087845
v -0.009456640109419823 0.06813772767782211 0.12084075808525085
v -0.008806703612208366 0.06878766417503357 0.1186407208442688
v -0.008806703612208366 0.06878766417503357 0.1186407208442688
v -0.0051177674904465675 0.06873011589050293 0.11772943288087845
v -0.006686853244900703 0.06601238250732422 0.12084075808525085
v -0.006227279081940651 0.06680839508771896 0.1186407208442688
v -0.006227279081940651 0.06680839508771896 0.1186407208442688
v -0.002649148926138878 0.0677075907588005 0.11772943288087845
v -0.0034613667521625757 0.06467635184526443 0.12084075808525085
v -0.0032234741374850273 0.06556418538093567 0.1186407208442688
v -0.0032234741374850273 0.06556418538093567 0.1186407208442688
vt 0.47903165221214294 0.44594061374664307
vt 0.3915737569332123 0.9749336242675781
vt 0.5158162117004395 0.49718016386032104
vt 0.324385404586792 0.9749337434768677
vt 0.5010256767272949 0.48964405059814453
vt 0.34098511934280396 0.9749336242675781
vt 0.4892878234386444 0.47790610790252686
vt 0.3575848639011383 0.9749336242675781
vt 0.48175179958343506 0.4631156921386719
vt 0.37418460845947266 0.9749336242675781
vt 0.002713501453399658 0.4877866506576538
vt 0.6188693642616272 0.05522996187210083
vt 0.005801260471343994 0.4682917594909668
vt 0.6188696622848511 0.07496792078018188
vt 0.01476222276687622 0.4507054090499878
vt 0.6188697814941406 0.09470564126968384
vt 0.0287187397480011 0.4367486834526062
vt 0.6188700199127197 0.11444330215454102
vt 0.046305328607559204 0.4277878403663635
vt 0.6188701391220093 0.13418102264404297
vt 0.3077854514122009 0.9749337434768677
vt 0.5322117805480957 0.4997768998146057
vt 0.6188702583312988 0.15391898155212402
vt 0.06580027937889099 0.42470020055770874
vt 0.42386430501937866 0.0027147531509399414
vt 0.9454724192619324 0.5371687412261963
vt 0.4592270255088806 0.00629037618637085
vt 0.9454724192619324 0.5727118253707886
vt 0.49443620443344116 0.016970932483673096
vt 0.9454724788665771 0.6095053553581238
vt 0.5268851518630981 0.03431510925292969
vt 0.9454724788665771 0.6462986469268799
vt 0.5553272366523743 0.05765664577484131
vt 0.9454724788665771 0.6830923557281494
vt 0.5786687135696411 0.08609861135482788
vt 0.9454724788665771 0.7198859453201294
vt 0.5960131883621216 0.11854755878448486
vt 0.9454724788665771 0.756679356098175
vt 0.6066937446594238 0.15375667810440063
vt 0.8360251188278198 0.9388794898986816
vt 0.9454724788665771 0.7934730052947998
vt 0.7449930310249329 0.8085181713104248
vt 0.7224269509315491 0.46168839931488037
vt 0.8817160725593567 0.8809712529182434
vt 0.9828380942344666 0.11097359657287598
vt 0.880285918712616 0.8668261766433716
vt 0.9828380942344666 0.14651644229888916
vt 0.8760136365890503 0.8527425527572632
vt 0.9828380942344666 0.18330997228622437
vt 0.8690758943557739 0.8397628664970398
vt 0.9828383326530457 0.22010338306427002
vt 0.8597393035888672 0.828386127948761
vt 0.9828383326530457 0.2568972110748291
vt 0.8483625650405884 0.819049596786499
vt 0.9828383326530457 0.29369068145751953
vt 0.8353829979896545 0.8121118545532227
vt 0.9828383326530457 0.3304840922355652
vt 0.5108272433280945 0.002783656120300293
vt 0.8212993741035461 0.8078393340110779
vt 0.9828383326530457 0.36727774143218994
vt 0.44873905181884766 0.9749337434768677
vt 0.7994059324264526 0.9960876703262329
vt 0.7449930310249329 0.7307762503623962
vt 0.5254730582237244 0.025668203830718994
vt 0.5264809727668762 0.9749337434768677
vt 0.8360242247581482 0.9594730734825134
vt 0.7449930310249329 0.7879244685173035
vt 0.8134186267852783 0.9933010935783386
vt 0.7449930310249329 0.7450634241104126
vt 0.8252981305122375 0.9853642582893372
vt 0.7449930310249329 0.7593504190444946
vt 0.8332361578941345 0.97348552942276
vt 0.7449930310249329 0.7736374139785767
vt 0.5108269453048706 0.011021196842193604
vt 0.469332754611969 0.9749337434768677
vt 0.519868016242981 0.024553120136260986
vt 0.5121936798095703 0.9749337434768677
vt 0.5151163935661316 0.02137809991836548
vt 0.49790674448013306 0.9749337434768677
vt 0.5119416117668152 0.016626179218292236
vt 0.4836198091506958 0.9749337434768677
vt 0.002719581825658679 0.008723676204681396
vt 0.6076378226280212 0.19037330150604248
vt 0.05803040787577629 0.9690062999725342
vt 0.18078404664993286 0.9690062999725342
vt 0.5254737734794617 0.0031617283821105957
vt 0.8066527843475342 0.8074619174003601
vt 0.05803040787577629 0.918383777141571
vt 0.18078386783599854 0.918383777141571
vt 0.5224639177322388 0.0037603378295898438
vt 0.17311179637908936 0.918383777141571
vt 0.6091345548629761 0.1828485131263733
vt 0.17311185598373413 0.9690065979957581
vt 0.5199121832847595 0.005465269088745117
vt 0.16543976962566376 0.9183836579322815
vt 0.6133968830108643 0.17646950483322144
vt 0.8133121728897095 0.9455814957618713
vt 0.16543971002101898 0.9690065979957581
vt 0.5182071328163147 0.008016824722290039
vt 0.15776750445365906 0.9183836579322815
vt 0.8175742626190186 0.9519608616828918
vt 0.15776750445365906 0.9690065979957581
vt 0.5176082849502563 0.011026620864868164
vt 0.1500953733921051 0.9183836579322815
vt 0.81907057762146 0.959485650062561
vt 0.1500953733921051 0.9690065979957581
vt 0.5182068943977356 0.014036595821380615
vt 0.14242348074913025 0.918383777141571
vt 0.8175737857818604 0.9670100212097168
vt 0.14242348074913025 0.9690065979957581
vt 0.8133106827735901 0.9733890295028687
vt 0.13475146889686584 0.9690065979957581
vt 0.5199117660522461 0.016588270664215088
vt 0.13475146889686584 0.918383777141571
vt 0.5224634408950806 0.018293321132659912
vt 0.1270790994167328 0.9183836579322815
vt 0.8069314956665039 0.9776512384414673
vt 0.1270790994167328 0.9690064191818237
vt 0.7994065880775452 0.9791475534439087
vt 0.11940707266330719 0.9690065979957581
vt 0.5254732370376587 0.018892109394073486
vt 0.11940713226795197 0.9183836579322815
vt 0.7471403479576111 0.9282421469688416
vt 0.9543010592460632 0.6095053553581238
vt 0.9147254228591919 0.6609624028205872
vt 0.9740095138549805 0.18331003189086914
vt 0.7132699489593506 0.9138695001602173
vt 0.9543010592460632 0.5727118253707886
vt 0.9003531336784363 0.6270921230316162
vt 0.9740095138549805 0.14651644229888916
vt 0.5258371233940125 0.48488712310791016
vt 0.7361643314361572 0.7450634241104126
vt 0.26820409297943115 0.8307009339332581
vt 0.5121936798095703 0.983762264251709
vt 0.5060200691223145 0.4650711417198181
vt 0.7361643314361572 0.7736374139785767
vt 0.28801852464675903 0.8108824491500854
vt 0.4836198091506958 0.983762264251709
vt 0.5139577388763428 0.4769502878189087
vt 0.7361643314361572 0.7593504190444946
vt 0.2800822854042053 0.8227622509002686
vt 0.49790674448013306 0.983762264251709
vt 0.6838364601135254 0.8939453959465027
vt 0.9882763624191284 0.28099524974823
vt 0.9543010592460632 0.5371687412261963
vt 0.7278596758842468 0.3595544695854187
vt 0.8804293274879456 0.5976584553718567
vt 0.9740095138549805 0.11097359657287598
vt 0.8561027646064758 0.9291805624961853
vt 0.9543010592460632 0.7198859453201294
vt 0.9156630635261536 0.769925057888031
vt 0.9740095138549805 0.2936907410621643
vt 0.5032324194908142 0.4510587453842163
vt 0.7361643314361572 0.7879244685173035
vt 0.29080432653427124 0.7968692779541016
vt 0.469332754611969 0.983762264251709
vt 0.25419169664382935 0.8334896564483643
vt 0.5264809727668762 0.983762264251709
vt 0.5398498773574829 0.48767393827438354
vt 0.7361643314361572 0.7307762503623962
vt 0.9222136735916138 0.6969857215881348
vt 0.9740095138549805 0.2201034426689148
vt 0.7831637263298035 0.9357307553291321
vt 0.9543010592460632 0.6462986469268799
vt 0.9018758535385132 0.804037868976593
vt 0.97400963306427 0.3304842710494995
vt 0.8902158141136169 0.9153934717178345
vt 0.9543010592460632 0.756679356098175
vt 0.9225302934646606 0.7337782979011536
vt 0.9740095138549805 0.2568972110748291
vt 0.8199558854103088 0.9360476136207581
vt 0.9543010592460632 0.6830923557281494
vt 0.2908020615577698 0.7762758135795593
vt 0.881698489189148 0.834805428981781
vt 0.97400963306427 0.36727774143218994
vt 0.44873905181884766 0.983762264251709
vt 0.5032318234443665 0.4304649233818054
vt 0.9209833145141602 0.8952164053916931
vt 0.9543010592460632 0.7934730052947998
vt 0.7361643314361572 0.8085181713104248
vt 0.7498324513435364 0.9196348786354065
vt 0.8218460083007812 0.18414205312728882
vt 0.9061180353164673 0.6636546850204468
vt 0.7888808250427246 0.18414199352264404
vt 0.7175792455673218 0.9059472680091858
vt 0.821846067905426 0.21917939186096191
vt 0.8924309015274048 0.6314015984535217
vt 0.7888808250427246 0.21917933225631714
vt 0.5292880535125732 0.4765549898147583
vt 0.3518983721733093 0.5871686935424805
vt 0.2647518515586853 0.8223689794540405
vt 0.3189332187175751 0.5871687531471252
vt 0.5143519639968872 0.4616197943687439
vt 0.3518984913825989 0.6087049245834351
vt 0.2796861529350281 0.8074319958686829
vt 0.3189332187175751 0.6087051033973694
vt 0.5203346610069275 0.4705727696418762
vt 0.3518983721733093 0.5979370474815369
vt 0.27370452880859375 0.8163859844207764
vt 0.3189333379268646 0.5979371070861816
vt 0.6892616152763367 0.8867413997650146
vt 0.9972835779190063 0.2805410623550415
vt 0.821846067905426 0.25339579582214355
vt 0.7368667721748352 0.36000847816467285
vt 0.8732247948646545 0.6030836701393127
vt 0.7888808250427246 0.25339579582214355
vt 0.8535596132278442 0.9205282330513
vt 0.8218460083007812 0.07906520366668701
vt 0.9070107340812683 0.7673816084861755
vt 0.7888807654380798 0.07906520366668701
vt 0.5122076272964478 0.4501744508743286
vt 0.3518984913825989 0.6203494071960449
vt 0.2818288207054138 0.795986533164978
vt 0.3189334571361542 0.6203495264053345
vt 0.2541905641555786 0.8244711756706238
vt 0.31893298029899597 0.576400637626648
vt 0.539849579334259 0.47865545749664307
vt 0.351898193359375 0.5764005780220032
vt 0.9132465124130249 0.697947084903717
vt 0.7888808250427246 0.14911633729934692
vt 0.7841247916221619 0.9267635941505432
vt 0.8218459486961365 0.1491163969039917
vt 0.8938857913017273 0.7998551726341248
vt 0.7888806462287903 0.04403966665267944
vt 0.8860331177711487 0.9074035286903381
vt 0.8218460083007812 0.04403966665267944
vt 0.9135478734970093 0.7329714894294739
vt 0.7888808250427246 0.11409097909927368
vt 0.8191491961479187 0.927065372467041
vt 0.8218460083007812 0.11409103870391846
vt 0.283557653427124 0.7709041237831116
vt 0.8726948499679565 0.8353254199028015
vt 0.7888807654380798 0.002721428871154785
vt 0.3189335763454437 0.6454911828041077
vt 0.5104753375053406 0.42509233951568604
vt 0.9215034246444702 0.8862127661705017
vt 0.8218460083007812 0.002721428871154785
vt 0.351898729801178 0.6454911231994629
vt 0.14572185277938843 0.0027149319648742676
vt 0.4667402505874634 0.19632714986801147
vt 0.9454720616340637 0.2590264081954956
vt 0.4542885422706604 0.22961771488189697
vt 0.9454720616340637 0.22348350286483765
vt 0.4482749104499817 0.26591670513153076
vt 0.9454720616340637 0.1866898536682129
vt 0.44945868849754333 0.30269110202789307
vt 0.945472002029419 0.14989614486694336
vt 0.45779404044151306 0.3385280966758728
vt 0.945472002029419 0.11310261487960815
vt 0.4729606509208679 0.37205028533935547
vt 0.945472002029419 0.0763092041015625
vt 0.49437546730041504 0.40196967124938965
vt 0.945472002029419 0.03951561450958252
vt 0.32535573840141296 0.6619771122932434
vt 0.5212159156799316 0.4271361827850342
vt 0.945472002029419 0.0027220845222473145
vt 0.9241278171539307 0.4203137159347534
vt 0.6111699342727661 0.46168839931488037
vt 0.9098623991012573 0.5837728977203369
vt 0.4425276219844818 0.9597023725509644
vt 0.895717442035675 0.5823426842689514
vt 0.40698477625846863 0.9597023725509644
vt 0.8816336393356323 0.5780704617500305
vt 0.3701910972595215 0.9597022533416748
vt 0.8686541318893433 0.5711327195167542
vt 0.3333974778652191 0.9597022533416748
vt 0.8572773933410645 0.5617961883544922
vt 0.29660406708717346 0.9597022533416748
vt 0.8479407429695129 0.5504193902015686
vt 0.2598103880882263 0.9597021341323853
vt 0.8410028219223022 0.5374398827552795
vt 0.22301700711250305 0.9597021341323853
vt 0.6122817993164062 0.07768559455871582
vt 0.8367306590080261 0.5233561396598816
vt 0.18622341752052307 0.9597021341323853
vt 0.9970967173576355 0.8694154024124146
vt 0.36197230219841003 0.7191869020462036
vt 0.9241278171539307 0.4980553388595581
vt 0.5893985033035278 0.06303799152374268
vt 0.9970963001251221 0.7916736006736755
vt 0.3253558576107025 0.68257075548172
vt 0.9241278171539307 0.44090735912323
vt 0.3479596972465515 0.7163995504379272
vt 0.9241278171539307 0.4837684631347656
vt 0.3360806703567505 0.7084622979164124
vt 0.9241278171539307 0.4694814682006836
vt 0.3281431198120117 0.6965832710266113
vt 0.9241278171539307 0.455194354057312
vt 0.6040444374084473 0.07768529653549194
vt 0.9970966577529907 0.8488216400146484
vt 0.5905131101608276 0.06864297389984131
vt 0.9970964193344116 0.8059605956077576
vt 0.5936877727508545 0.07339489459991455
vt 0.9970964789390564 0.8202477097511292
vt 0.5984393954277039 0.07657003402709961
vt 0.9970966577529907 0.8345347046852112
vt 0.4437210261821747 0.3016502857208252
vt 0.5536295771598816 0.4441954493522644
vt 0.927011251449585 0.8031095862388611
vt 0.9270113706588745 0.9258631467819214
vt 0.6119047999382019 0.06303900480270386
vt 0.8363532423973083 0.5087094306945801
vt 0.9776339530944824 0.8031094074249268
vt 0.977634072303772 0.9258631467819214
vt 0.6113060712814331 0.06604874134063721
vt 0.9776339530944824 0.8107816576957703
vt 0.35444751381874084 0.6644176840782166
vt 0.5462202429771423 0.44220584630966187
vt 0.927011251449585 0.8107816576957703
vt 0.6096010208129883 0.0686003565788269
vt 0.9776339530944824 0.8184537887573242
vt 0.3480682373046875 0.6686800122261047
vt 0.927011251449585 0.8184537887573242
vt 0.6070492267608643 0.0703052282333374
vt 0.9776339530944824 0.8261258602142334
vt 0.34380608797073364 0.6750590205192566
vt 0.927011251449585 0.8261258602142334
vt 0.6040393114089966 0.07090383768081665
vt 0.9776339530944824 0.8337979912757874
vt 0.3423093259334564 0.6825838088989258
vt 0.927011251449585 0.8337979912757874
vt 0.6010295152664185 0.0703049898147583
vt 0.9776339530944824 0.8414697647094727
vt 0.3438059687614441 0.6901088356971741
vt 0.9270113706588745 0.8414697647094727
vt 0.3480684757232666 0.696487545967102
vt 0.927011251449585 0.8491418361663818
vt 0.5984780192375183 0.06859982013702393
vt 0.977634072303772 0.8491418361663818
vt 0.5967731475830078 0.06604820489883423
vt 0.9776339530944824 0.8568140268325806
vt 0.35444769263267517 0.7007501125335693
vt 0.9270113706588745 0.8568140268325806
vt 0.3619724214076996 0.7022468447685242
vt 0.9270113706588745 0.8644863367080688
vt 0.5961745977401733 0.06303828954696655
vt 0.9776339530944824 0.8644863367080688
vt 0.06724435091018677 0.8979183435440063
vt 0.9543007016181946 0.1866898536682129
vt 0.929753303527832 0.24024641513824463
vt 0.37019118666648865 0.96853107213974
vt 0.03337414562702179 0.9122908115386963
vt 0.9543007016181946 0.22348350286483765
vt 0.9153807759284973 0.2741166353225708
vt 0.4069846570491791 0.96853107213974
vt 0.6894696950912476 0.9233972430229187
vt 0.9152988791465759 0.4837684631347656
vt 0.9117485880851746 0.9233943819999695
vt 0.9882675409317017 0.8059606552124023
vt 0.6696545481681824 0.9432151913642883
vt 0.9152988791465759 0.455194354057312
vt 0.931564450263977 0.9432119727134705
vt 0.9882677793502808 0.8345347046852112
vt 0.6775911450386047 0.9313355684280396
vt 0.9152988791465759 0.4694814682006836
vt 0.9236274361610413 0.931332528591156
vt 0.9882677793502808 0.8202477097511292
vt 0.003940582275390625 0.9322147369384766
vt 0.9882754683494568 0.002852916717529297
vt 0.9543007016181946 0.2590264081954956
vt 0.727863073348999 0.6376969814300537
vt 0.8954569697380066 0.3035503625869751
vt 0.4425276219844818 0.96853107213974
vt 0.17620697617530823 0.8969797492027283
vt 0.9543006420135498 0.0763092041015625
vt 0.930691659450531 0.13128364086151123
vt 0.2598103880882263 0.9685307741165161
vt 0.6668682098388672 0.9572280645370483
vt 0.9152988791465759 0.44090735912323
vt 0.9343510270118713 0.9572244882583618
vt 0.9882677793502808 0.8488216996192932
vt 0.8977364897727966 0.9206063747406006
vt 0.9882674813270569 0.7916736602783203
vt 0.7034823894500732 0.9206091165542603
vt 0.9152988791465759 0.4980553388595581
vt 0.9372417330741882 0.20422303676605225
vt 0.3333974778652191 0.9685307741165161
vt 0.10326781868934631 0.8904295563697815
vt 0.9543006420135498 0.14989614486694336
vt 0.916904628276825 0.09717071056365967
vt 0.22301700711250305 0.9685307741165161
vt 0.21031984686851501 0.9107668995857239
vt 0.9543006420135498 0.03951561450958252
vt 0.9375585913658142 0.16743087768554688
vt 0.29660406708717346 0.9685309529304504
vt 0.14006003737449646 0.8901129961013794
vt 0.9543006420135498 0.11310261487960815
vt 0.8967271447181702 0.06640338897705078
vt 0.9343498349189758 0.9778181314468384
vt 0.18622347712516785 0.9685306549072266
vt 0.9882678985595703 0.8694154024124146
vt 0.24108749628067017 0.9309439659118652
vt 0.6668696403503418 0.9778215885162354
vt 0.9543007016181946 0.0027220845222473145
vt 0.9152988791465759 0.4203134775161743
vt 0.06993654370307922 0.9065257906913757
vt 0.8218463659286499 0.599883496761322
vt 0.9211459159851074 0.23755431175231934
vt 0.788881242275238 0.599883496761322
vt 0.03768366575241089 0.9202133417129517
vt 0.8218464255332947 0.5648463368415833
vt 0.9074584245681763 0.26980745792388916
vt 0.7888811826705933 0.5648464560508728
vt 0.6929215788841248 0.9317290782928467
vt 0.31893283128738403 0.4414524435997009
vt 0.908297061920166 0.9317262172698975
vt 0.35189810395240784 0.4414524435997009
vt 0.6779868006706238 0.9466660618782043
vt 0.31893283128738403 0.4629887342453003
vt 0.9232321977615356 0.9466627240180969
vt 0.35189810395240784 0.46298879384994507
vt 0.6839687824249268 0.9377122521400452
vt 0.31893283128738403 0.4522206783294678
vt 0.9172501564025879 0.9377090334892273
vt 0.35189810395240784 0.4522206783294678
vt 0.009365573525428772 0.9394192099571228
vt 0.9972824454307556 0.003306865692138672
vt 0.8218463659286499 0.5306298136711121
vt 0.7368704080581665 0.6372426748275757
vt 0.8882525563240051 0.2981252670288086
vt 0.788881242275238 0.5306298136711121
vt 0.17366346716880798 0.9056322574615479
vt 0.8218463659286499 0.7049603462219238
vt 0.9220391511917114 0.1338273286819458
vt 0.788881242275238 0.7049603462219238
vt 0.675843358039856 0.958111047744751
vt 0.31893283128738403 0.47463321685791016
vt 0.9253758192062378 0.9581081867218018
vt 0.35189810395240784 0.47463321685791016
vt 0.8977358341217041 0.9296247363090515
vt 0.3518979847431183 0.4306842088699341
vt 0.7034828662872314 0.9296277165412903
vt 0.31893283128738403 0.4306842088699341
vt 0.9282747507095337 0.20326173305511475
vt 0.788881242275238 0.6349090337753296
vt 0.10422894358634949 0.8993966579437256
vt 0.8218463063240051 0.6349090337753296
vt 0.9089146256446838 0.10135364532470703
vt 0.788881242275238 0.7399859428405762
vt 0.20613718032836914 0.9187567234039307
vt 0.8218463659286499 0.7399858832359314
vt 0.9285760521888733 0.16823744773864746
vt 0.788881242275238 0.6699347496032715
vt 0.13925322890281677 0.8990952372550964
vt 0.8218464255332947 0.6699347496032715
vt 0.8877236843109131 0.06588327884674072
vt 0.9271059036254883 0.9831901788711548
vt 0.788881242275238 0.781304121017456
vt 0.35189810395240784 0.4997749924659729
vt 0.24160751700401306 0.9399474263191223
vt 0.6741137504577637 0.9831936955451965
vt 0.8218464851379395 0.781304121017456
vt 0.31893283128738403 0.4997749924659729
vt 0.6791263222694397 0.46168839931488037
vt 0.9383009672164917 0.08175069093704224
vt 0.9971043467521667 0.4947441816329956
vt 0.9828380942344666 0.0027219653129577637
vt 0.6544705629348755 0.46168839931488037
vt 0.9383009672164917 0.05709487199783325
vt 0.9971060156822205 0.2876427173614502
vt 0.550779402256012 0.9597026109695435
vt 0.7278617024421692 0.529445230960846
vt 0.9882774949073792 0.28764259815216064
vt 0.5507795214653015 0.9685313105583191
vt 0.7278609871864319 0.4678061008453369
vt 0.9882756471633911 0.49474406242370605
vt 0.9740093946456909 0.0027220845222473145
vt 0.9169086217880249 0.08175075054168701
vt 0.997104823589325 0.44126391410827637
vt 0.997104823589325 0.44126391410827637
vt 0.9169087409973145 0.05709493160247803
vt 0.9971056580543518 0.341123104095459
vt 0.9971056580543518 0.341123104095459
vt 0.6743813157081604 0.529446005821228
vt 0.988277018070221 0.34112298488616943
vt 0.988277018070221 0.34112298488616943
vt 0.6743806004524231 0.4678066372871399
vt 0.988275945186615 0.4412637948989868
vt 0.988275945186615 0.4412637948989868
vt 0.9169086813926697 0.07353204488754272
vt 0.9971049427986145 0.4207172393798828
vt 0.9971049427986145 0.4207172393798828
vt 0.9169087409973145 0.06531351804733276
vt 0.9971054196357727 0.36166977882385254
vt 0.9971054196357727 0.36166977882385254
vt 0.6743810772895813 0.508899450302124
vt 0.9882768988609314 0.36166971921920776
vt 0.9882768988609314 0.36166971921920776
vt 0.6743808388710022 0.4883531928062439
vt 0.9882760643959045 0.4207172393798828
vt 0.9882760643959045 0.4207172393798828
vt 0.9240963459014893 0.07353204488754272
vt 0.997105062007904 0.4027484655380249
vt 0.997105062007904 0.4027484655380249
vt 0.9240963459014893 0.06531357765197754
vt 0.9971054196357727 0.3796384334564209
vt 0.9971054196357727 0.3796384334564209
vt 0.6923500895500183 0.5088992714881897
vt 0.9882767796516418 0.3796384334564209
vt 0.9882767796516418 0.3796384334564209
vt 0.692349910736084 0.4883529543876648
vt 0.9882761836051941 0.4027484655380249
vt 0.9882761836051941 0.4027484655380249
vt 0.9226239323616028 0.07147747278213501
vt 0.9971051812171936 0.39642930030822754
vt 0.9222185015678406 0.0694229006767273
vt 0.9971051812171936 0.3911936283111572
vt 0.9226239323616028 0.06736814975738525
vt 0.9971054196357727 0.3859579563140869
vt 0.6886692643165588 0.5037625432014465
vt 0.9882767796516418 0.3859577775001526
vt 0.6876555681228638 0.49862611293792725
vt 0.9882764220237732 0.3911935091018677
vt 0.6886691451072693 0.49348950386047363
vt 0.9882764220237732 0.39642924070358276
vt 0.20457369089126587 0.13719338178634644
vt 0.47903165221214294 0.3942156434059143
vt 0.4432987570762634 0.9749336242675781
vt 0.5486272573471069 0.311847448348999
vt 0.0027137696743011475 0.5402911901473999
vt 0.618868887424469 0.0027256011962890625
vt 0.06580039858818054 0.4877864718437195
vt 0.5853918790817261 0.44594061374664307
vt 0.2239973247051239 0.9749338626861572
vt 0.5486072897911072 0.49718010425567627
vt 0.2911857068538666 0.9749337434768677
vt 0.5633977055549622 0.48964405059814453
vt 0.2745859622955322 0.9749338626861572
vt 0.575135350227356 0.47790616750717163
vt 0.25798627734184265 0.9749338626861572
vt 0.5826717019081116 0.4631156921386719
vt 0.2413865327835083 0.9749338626861572
vt 0.12888666987419128 0.4877864122390747
vt 0.6188714504241943 0.25260794162750244
vt 0.1257987916469574 0.468291699886322
vt 0.6188713908195496 0.23287004232406616
vt 0.11683818697929382 0.45070523023605347
vt 0.6188710331916809 0.21313238143920898
vt 0.10288146138191223 0.4367485046386719
vt 0.6188707947731018 0.1933944821357727
vt 0.08529487252235413 0.42778778076171875
vt 0.6188705563545227 0.17365676164627075
vt 0.1903783231973648 0.19249677658081055
vt 0.9685757160186768 0.5371705889701843
vt 0.18680250644683838 0.15713417530059814
vt 0.9685757160186768 0.5727136135101318
vt 0.17612208425998688 0.12192505598068237
vt 0.9685757160186768 0.6095072031021118
vt 0.15877769887447357 0.08947622776031494
vt 0.9685757160186768 0.6463005542755127
vt 0.1354362517595291 0.06103426218032837
vt 0.9685757160186768 0.6830942630767822
vt 0.10699422657489777 0.03769254684448242
vt 0.9685757160186768 0.7198878526687622
vt 0.07454534620046616 0.02034825086593628
vt 0.9685757160186768 0.7566813826560974
vt 0.03933621570467949 0.009667634963989258
vt 0.76279217004776 0.9388760924339294
vt 0.9685757160186768 0.7934749722480774
vt 0.7449930310249329 0.6530346274375916
vt 0.7224269509315491 0.3115614652633667
vt 0.7315893173217773 0.8809713125228882
vt 0.9303077459335327 0.3632674217224121
vt 0.7330194115638733 0.8668262362480164
vt 0.9303077459335327 0.3988105058670044
vt 0.737291693687439 0.852742612361908
vt 0.9303077459335327 0.4356039762496948
vt 0.7442294359207153 0.8397629261016846
vt 0.9303077459335327 0.47239744663238525
vt 0.7535660862922668 0.8283861875534058
vt 0.9303077459335327 0.5091911554336548
vt 0.7649427056312561 0.8190495371818542
vt 0.9303077459335327 0.54598468542099
vt 0.7779223322868347 0.8121119141578674
vt 0.9303077459335327 0.5827783346176147
vt 0.5401203036308289 0.0027846693992614746
vt 0.7920060753822327 0.8078393936157227
vt 0.9303077459335327 0.6195717453956604
vt 0.6042227149009705 0.9749336242675781
vt 0.7627911567687988 0.9594695568084717
vt 0.7449930310249329 0.6736281514167786
vt 0.7853934168815613 0.9932999014854431
vt 0.7449930310249329 0.716489315032959
vt 0.7735147476196289 0.9853618741035461
vt 0.7449930310249329 0.7022022604942322
vt 0.7655777931213379 0.9734824299812317
vt 0.7449930310249329 0.687915027141571
vt 0.5401200652122498 0.01102215051651001
vt 0.5836289525032043 0.9749336242675781
vt 0.5310781598091125 0.024553537368774414
vt 0.5407679677009583 0.9749336242675781
vt 0.5358299016952515 0.021378755569458008
vt 0.5550548434257507 0.9749336242675781
vt 0.5390050411224365 0.016627132892608643
vt 0.5693419575691223 0.9749336242675781
vt 0.5284836888313293 0.00376051664352417
vt 0.06570254266262054 0.918383777141571
vt 0.010244295001029968 0.0072269439697265625
vt 0.06570254266262054 0.9690065979957581
vt 0.5310352444648743 0.005465567111968994
vt 0.07337462157011032 0.918383777141571
vt 0.016623323783278465 0.0029645562171936035
vt 0.7855044007301331 0.9455801248550415
vt 0.07337462157011032 0.9690065979957581
vt 0.5327401161193848 0.008017241954803467
vt 0.08104658126831055 0.918383777141571
vt 0.7812418341636658 0.9519591927528381
vt 0.08104664087295532 0.9690065979957581
vt 0.533338725566864 0.011027157306671143
vt 0.08871883153915405 0.918383777141571
vt 0.7797448039054871 0.9594837427139282
vt 0.08871883153915405 0.9690064191818237
vt 0.5327399969100952 0.014037132263183594
vt 0.09639102220535278 0.918383777141571
vt 0.781241238117218 0.9670084714889526
vt 0.09639102220535278 0.9690065979957581
vt 0.7855032086372375 0.9733878374099731
vt 0.10406292229890823 0.9690065979957581
vt 0.5310348868370056 0.016588568687438965
vt 0.10406292229890823 0.918383777141571
vt 0.5284832715988159 0.01829349994659424
vt 0.11173482239246368 0.9183836579322815
vt 0.7918819785118103 0.97765052318573
vt 0.11173476278781891 0.9690065979957581
vt 0.8809656500816345 0.3489968180656433
vt 0.9597468972206116 0.6095072031021118
vt 0.9322263598442078 0.7731159925460815
vt 0.9391363263130188 0.4356039762496948
vt 0.895338237285614 0.38286739587783813
vt 0.9597468972206116 0.5727135539054871
vt 0.9178531765937805 0.8069857954978943
vt 0.9391363263130188 0.3988104462623596
vt 0.5538625717163086 0.4848863482475281
vt 0.7361643314361572 0.716489315032959
vt 0.2401788830757141 0.8307039141654968
vt 0.5407679677009583 0.9837621450424194
vt 0.5736782550811768 0.4650691747665405
vt 0.7361643314361572 0.687915027141571
vt 0.22035998106002808 0.810889720916748
vt 0.5693419575691223 0.9837621450424194
vt 0.565741240978241 0.47694873809814453
vt 0.7361643314361572 0.7022022604942322
vt 0.22829848527908325 0.8227677345275879
vt 0.5550548434257507 0.9837621450424194
vt 0.2102624773979187 0.3552057147026062
vt 0.9152616262435913 0.4123007655143738
vt 0.9597468972206116 0.5371705889701843
vt 0.1958160549402237 0.6485738754272461
vt 0.8979285955429077 0.8364190459251404
vt 0.9391363263130188 0.36326736211776733
vt 0.8800278902053833 0.24003416299819946
vt 0.9597468972206116 0.7198878526687622
vt 0.9331672191619873 0.6641533970832825
vt 0.9391363263130188 0.54598468542099
vt 0.5764651894569397 0.4510565996170044
vt 0.7361643314361572 0.6736281514167786
vt 0.21757131814956665 0.7968774437904358
vt 0.5836289525032043 0.9837621450424194
vt 0.9397158026695251 0.7370926737785339
vt 0.9391363263130188 0.4723973870277405
vt 0.8734772801399231 0.31297361850738525
vt 0.9597468972206116 0.6463005542755127
vt 0.9193809032440186 0.6300402283668518
vt 0.9391363263130188 0.5827783346176147
vt 0.8938149213790894 0.205921471118927
vt 0.9597468376159668 0.7566813826560974
vt 0.940033495426178 0.700300395488739
vt 0.9391363263130188 0.5091912150382996
vt 0.873160719871521 0.27618128061294556
vt 0.9597468972206116 0.6830942630767822
vt 0.2175692319869995 0.7762836217880249
vt 0.8992043733596802 0.5992720127105713
vt 0.9391363263130188 0.6195717453956604
vt 0.6042227149009705 0.9837621450424194
vt 0.5764644742012024 0.43046295642852783
vt 0.9139924049377441 0.1751539707183838
vt 0.9597468376159668 0.7934749722480774
vt 0.7361643314361572 0.6530346274375916
vt 0.8895730376243591 0.34630489349365234
vt 0.750478982925415 0.1841396689414978
vt 0.9236190319061279 0.7704237103462219
vt 0.7834442853927612 0.18413972854614258
vt 0.9032604098320007 0.37855803966522217
vt 0.7504791617393494 0.2191770076751709
vt 0.9099308848381042 0.802676260471344
vt 0.7834442853927612 0.21917688846588135
vt 0.5504109263420105 0.47655433416366577
vt 0.3518983721733093 0.5656321048736572
vt 0.2436290979385376 0.8223713636398315
vt 0.31893298029899597 0.5656324625015259
vt 0.5653462409973145 0.4616183638572693
vt 0.351898193359375 0.5440958142280579
vt 0.22869175672531128 0.8074374198913574
vt 0.31893298029899597 0.544096052646637
vt 0.5593641996383667 0.47057175636291504
vt 0.35189807415008545 0.5548641085624695
vt 0.23467522859573364 0.8163899183273315
vt 0.31893298029899597 0.5548642873764038
vt 0.21926939487457275 0.355660080909729
vt 0.9224658608436584 0.4068757891654968
vt 0.750478982925415 0.25339341163635254
vt 0.20482321083545685 0.6481195688247681
vt 0.8907244801521301 0.8309938907623291
vt 0.7834442853927612 0.25339341163635254
vt 0.888680100440979 0.24257779121398926
vt 0.7504789233207703 0.07906287908554077
vt 0.9245145916938782 0.6666965484619141
vt 0.7834442257881165 0.07906293869018555
vt 0.5674901008605957 0.4501727819442749
vt 0.3518979549407959 0.5324515700340271
vt 0.2265462875366211 0.7959924340248108
vt 0.31893298029899597 0.5324517488479614
vt 0.9307485222816467 0.7361313104629517
vt 0.7834442853927612 0.1491139531135559
vt 0.8824443817138672 0.31201237440109253
vt 0.750478982925415 0.14911389350891113
vt 0.9113908410072327 0.6342226266860962
vt 0.7834442853927612 0.04403716325759888
vt 0.9018048048019409 0.21010440587997437
vt 0.750478982925415 0.04403716325759888
vt 0.9310508370399475 0.701106607913971
vt 0.7834442853927612 0.11408853530883789
vt 0.8821430802345276 0.2769879698753357
vt 0.750478982925415 0.11408853530883789
vt 0.2248123288154602 0.7709104418754578
vt 0.8902009725570679 0.5987520217895508
vt 0.7834442853927612 0.002719104290008545
vt 0.3189328610897064 0.507310152053833
vt 0.5692207217216492 0.4250906705856323
vt 0.9229960441589355 0.17463403940200806
vt 0.7504788041114807 0.002719104290008545
vt 0.35189807415008545 0.5073097944259644
vt 0.19037820398807526 0.4706394672393799
vt 0.195850670337677 0.2147672176361084
vt 0.9685752987861633 0.25902819633483887
vt 0.2291407585144043 0.20231473445892334
vt 0.9685752987861633 0.22348511219024658
vt 0.2654394507408142 0.19630026817321777
vt 0.9685752391815186 0.18669146299362183
vt 0.30221396684646606 0.19748306274414062
vt 0.9685752391815186 0.14989805221557617
vt 0.3380510210990906 0.2058173418045044
vt 0.9685752391815186 0.11310440301895142
vt 0.3715737462043762 0.22098326683044434
vt 0.9685752391815186 0.07631087303161621
vt 0.40149351954460144 0.24239736795425415
vt 0.9685752391815186 0.03951740264892578
vt 0.39858853816986084 0.6619767546653748
vt 0.4266607165336609 0.2692371606826782
vt 0.9685752391815186 0.0027238130569458008
vt 0.9241278171539307 0.5757971405982971
vt 0.6111698746681213 0.31156158447265625
vt 0.9098623991012573 0.43364596366882324
vt 0.9828328490257263 0.4828909635543823
vt 0.8957172632217407 0.4350762367248535
vt 0.9828330874443054 0.5184338092803955
vt 0.8816336393356323 0.43934857845306396
vt 0.9828330874443054 0.5552271604537964
vt 0.8686539530754089 0.44628632068634033
vt 0.9828330874443054 0.5920207500457764
vt 0.8572772741317749 0.4556228518486023
vt 0.9828330874443054 0.6288145780563354
vt 0.8479407429695129 0.46699953079223633
vt 0.9828330874443054 0.6656080484390259
vt 0.8410028219223022 0.4799792170524597
vt 0.9828330874443054 0.7024014592170715
vt 0.6122831702232361 0.04839235544204712
vt 0.8367306590080261 0.49406296014785767
vt 0.9828330874443054 0.7391951084136963
vt 0.9970960021018982 0.7139318585395813
vt 0.39858853816986084 0.6825706362724304
vt 0.9241278171539307 0.5552037954330444
vt 0.37598514556884766 0.7163994312286377
vt 0.9241278171539307 0.5123426914215088
vt 0.38786426186561584 0.7084621787071228
vt 0.9241278171539307 0.5266294479370117
vt 0.3958015441894531 0.6965828537940979
vt 0.9241278171539307 0.5409166216850281
vt 0.6040457487106323 0.04839199781417847
vt 0.9970961213111877 0.7345255017280579
vt 0.5905135869979858 0.05743294954299927
vt 0.9970963001251221 0.7773863673210144
vt 0.5936887264251709 0.05268150568008423
vt 0.9970961213111877 0.7630993127822876
vt 0.5984406471252441 0.049506545066833496
vt 0.9970961213111877 0.7488123178482056
vt 0.6113063097000122 0.06002897024154663
vt 0.977634072303772 0.9181908965110779
vt 0.3694969415664673 0.6644174456596375
vt 0.44173091650009155 0.29424071311950684
vt 0.9270113706588745 0.9181908965110779
vt 0.6096014976501465 0.05747729539871216
vt 0.977634072303772 0.9105189442634583
vt 0.375875860452652 0.6686798930168152
vt 0.9270113706588745 0.9105189442634583
vt 0.6070497632026672 0.055772244930267334
vt 0.977634072303772 0.9028468728065491
vt 0.3801385462284088 0.6750590205192566
vt 0.9270113706588745 0.9028468728065491
vt 0.6040399670600891 0.055173397064208984
vt 0.977634072303772 0.8951747417449951
vt 0.38163527846336365 0.6825835704803467
vt 0.9270113706588745 0.8951747417449951
vt 0.6010301113128662 0.05577194690704346
vt 0.977634072303772 0.8875026106834412
vt 0.38013872504234314 0.6901084780693054
vt 0.9270113706588745 0.8875026106834412
vt 0.37587597966194153 0.6964874267578125
vt 0.927011251449585 0.8798304796218872
vt 0.5984784960746765 0.05747675895690918
vt 0.977634072303772 0.8798304796218872
vt 0.5967733860015869 0.0600283145904541
vt 0.977634072303772 0.8721585273742676
vt 0.36949706077575684 0.7007499933242798
vt 0.9270113706588745 0.8721585273742676
vt 0.7471407055854797 0.9086707830429077
vt 0.9597465395927429 0.18669146299362183
vt 0.06719331443309784 0.8805118203163147
vt 0.9740042090415955 0.5552271604537964
vt 0.7132698893547058 0.8942986726760864
vt 0.9597465395927429 0.22348523139953613
vt 0.033322930335998535 0.8948847055435181
vt 0.9740042090415955 0.5184338092803955
vt 0.7174952626228333 0.9233953952789307
vt 0.9152988791465759 0.5123426914215088
vt 0.8837233185768127 0.9233929514884949
vt 0.9882673621177673 0.7773864269256592
vt 0.7373131513595581 0.9432108402252197
vt 0.9152988791465759 0.5409166216850281
vt 0.8639059066772461 0.9432085752487183
vt 0.9882673025131226 0.7488123178482056
vt 0.7293749451637268 0.9313321113586426
vt 0.9152988791465759 0.5266294479370117
vt 0.8718438148498535 0.931329607963562
vt 0.9882673025131226 0.7630993723869324
vt 0.210260808467865 0.6333483457565308
vt 0.6838362812995911 0.8743751645088196
vt 0.9597465395927429 0.25902819633483887
vt 0.00388955301605165 0.9148085117340088
vt 0.19581598043441772 0.3704308867454529
vt 0.9740042090415955 0.4828909635543823
vt 0.8561034202575684 0.9096072912216187
vt 0.9597465395927429 0.07631087303161621
vt 0.17615598440170288 0.8795725703239441
vt 0.9740042090415955 0.6656080484390259
vt 0.7401010990142822 0.9572232365608215
vt 0.9152988791465759 0.5552037954330444
vt 0.861117959022522 0.957220733165741
vt 0.988267183303833 0.7345255613327026
vt 0.10321658104658127 0.8730229139328003
vt 0.9740042090415955 0.5920207500457764
vt 0.7831640839576721 0.9161584973335266
vt 0.9597465395927429 0.14989805221557617
vt 0.2102687805891037 0.8933593034744263
vt 0.9740042090415955 0.7024014592170715
vt 0.8902158737182617 0.8958196043968201
vt 0.9597465395927429 0.03951740264892578
vt 0.14000862836837769 0.8727056980133057
vt 0.9740042090415955 0.6288145184516907
vt 0.8199562430381775 0.9164747595787048
vt 0.9597465395927429 0.11310440301895142
vt 0.24103665351867676 0.9135363698005676
vt 0.8611168265342712 0.9778143763542175
vt 0.9740044474601746 0.7391951084136963
vt 0.9882670640945435 0.7139318585395813
vt 0.7401024103164673 0.9778169989585876
vt 0.9209829568862915 0.8756416440010071
vt 0.9597464799880981 0.0027238130569458008
vt 0.9152988791465759 0.5757973194122314
vt 0.7498326897621155 0.9000632762908936
vt 0.7504793405532837 0.5998809933662415
vt 0.06988561153411865 0.8891190886497498
vt 0.7834444642066956 0.5998809933662415
vt 0.7175793647766113 0.8863759636878967
vt 0.7504792213439941 0.5648437142372131
vt 0.037632521241903305 0.9028069376945496
vt 0.7834444642066956 0.5648437142372131
vt 0.7140443325042725 0.9317277669906616
vt 0.31893283128738403 0.4199158549308777
vt 0.8871742486953735 0.9317251443862915
vt 0.35189810395240784 0.4199158549308777
vt 0.728981077671051 0.9466625452041626
vt 0.31893283128738403 0.39837968349456787
vt 0.8722378015518188 0.946660041809082
vt 0.3518979251384735 0.39837968349456787
vt 0.7229982614517212 0.9377095699310303
vt 0.31893283128738403 0.40914779901504517
vt 0.8782203793525696 0.9377070069313049
vt 0.35189804434776306 0.40914779901504517
vt 0.21926766633987427 0.6328944563865662
vt 0.6892614960670471 0.8671708106994629
vt 0.7504793405532837 0.530627429485321
vt 0.009315033443272114 0.9220130443572998
vt 0.2048230767250061 0.37088513374328613
vt 0.7834444642066956 0.5306275486946106
vt 0.8535597920417786 0.9009546041488647
vt 0.7504793405532837 0.7049576044082642
vt 0.17361246049404144 0.8882250189781189
vt 0.7834445834159851 0.7049576044082642
vt 0.7311261296272278 0.958107590675354
vt 0.31893283128738403 0.38673537969589233
vt 0.8700931072235107 0.958105206489563
vt 0.3518979251384735 0.38673537969589233
vt 0.49513041973114014 0.497758150100708
vt 0.7450428009033203 0.11444205045700073
vt 0.5127168893814087 0.5067191123962402
vt 0.7450430393218994 0.1341797113418579
vt 0.481173574924469 0.4838014841079712
vt 0.7450423836708069 0.09470421075820923
vt 0.4722130000591278 0.46621495485305786
vt 0.7450423240661621 0.07496649026870728
vt 0.46912509202957153 0.4467204213142395
vt 0.745042085647583 0.05522871017456055
vt 0.745043158531189 0.15391755104064941
vt 0.5322117209434509 0.5098064541816711
vt 0.20457367599010468 0.12728703022003174
vt 0.6044939160346985 0.19871705770492554
vt 0.46912527084350586 0.3942157030105591
vt 0.7450417280197144 0.0027241110801696777
vt 0.3077854514122009 0.9837915301322937
vt 0.39540398120880127 0.7422441244125366
vt 0.1041778028011322 0.8819899559020996
vt 0.7834445834159851 0.6349066495895386
vt 0.7841252684593201 0.9071915745735168
vt 0.7504793405532837 0.6349065899848938
vt 0.20608612895011902 0.9013493061065674
vt 0.7834445834159851 0.7399832606315613
vt 0.8860331773757935 0.887829601764679
vt 0.7504793405532837 0.7399832606315613
vt 0.39540308713912964 0.7953009605407715
vt 0.4485835134983063 0.7960812449455261
vt 0.3915737569332123 0.9837915301322937
vt 0.4458636939525604 0.7789060473442078
vt 0.37418460845947266 0.9837915301322937
vt 0.4383273720741272 0.7641156315803528
vt 0.3575848639011383 0.9837915301322937
vt 0.4265897572040558 0.7523778080940247
vt 0.34098511934280396 0.9837915301322937
vt 0.41179966926574707 0.7448413372039795
vt 0.324385404586792 0.9837915301322937
vt 0.1392022669315338 0.881688117980957
vt 0.7834445834159851 0.6699323058128357
vt 0.8191496729850769 0.9074925184249878
vt 0.7504793405532837 0.6699321866035461
vt 0.2415567934513092 0.9225395917892456
vt 0.8683604598045349 0.983187198638916
vt 0.7834444642066956 0.7813016772270203
vt 0.35189804434776306 0.36159348487854004
vt 0.732859194278717 0.9831896424293518
vt 0.9215031266212463 0.8666383028030396
vt 0.7504792213439941 0.7813016772270203
vt 0.31893283128738403 0.36159348487854004
vt 0.6791262626647949 0.31156158447265625
vt 0.9236618876457214 0.30504000186920166
vt 0.9970909953117371 0.5007924437522888
vt 0.9303077459335327 0.25501585006713867
vt 0.19571606814861298 0.13719332218170166
vt 0.44858279824256897 0.8478060960769653
vt 0.4432987570762634 0.9837914109230042
vt 0.6544705033302307 0.31156158447265625
vt 0.9236618876457214 0.32969582080841064
vt 0.9970912337303162 0.7078937292098999
vt 0.9828328490257263 0.374639093875885
vt 0.1958160549402237 0.47868281602859497
vt 0.9882625341415405 0.7078937292098999
vt 0.9740040898323059 0.374639093875885
vt 0.19581617414951324 0.5403223037719727
vt 0.9882623553276062 0.5007924437522888
vt 0.9391363263130188 0.25501590967178345
vt 0.902269721031189 0.30504000186920166
vt 0.9970911145210266 0.5542727708816528
vt 0.9970911145210266 0.5542727708816528
vt 0.902269721031189 0.3296958804130554
vt 0.9970911145210266 0.6544134020805359
vt 0.9970911145210266 0.6544134020805359
vt 0.14233548939228058 0.47868287563323975
vt 0.9882623553276062 0.6544134616851807
vt 0.9882623553276062 0.6544134616851807
vt 0.14233560860157013 0.5403223037719727
vt 0.9882623553276062 0.5542727708816528
vt 0.9882623553276062 0.5542727708816528
vt 0.902269721031189 0.31325846910476685
vt 0.9970911145210266 0.5748191475868225
vt 0.9970911145210266 0.5748191475868225
vt 0.902269721031189 0.32147711515426636
vt 0.9970911145210266 0.6338669657707214
vt 0.9970911145210266 0.6338669657707214
vt 0.14233548939228058 0.499229371547699
vt 0.9882623553276062 0.6338669657707214
vt 0.9882623553276062 0.6338669657707214
vt 0.14233548939228058 0.5197758078575134
vt 0.9882623553276062 0.5748191475868225
vt 0.9882623553276062 0.5748191475868225
vt 0.909457266330719 0.31325846910476685
vt 0.9970911145210266 0.5927881002426147
vt 0.9970911145210266 0.5927881002426147
vt 0.909457266330719 0.32147711515426636
vt 0.9970911145210266 0.6158980131149292
vt 0.9970911145210266 0.6158980131149292
vt 0.16030468046665192 0.4992293119430542
vt 0.9882623553276062 0.6158980131149292
vt 0.9882623553276062 0.6158980131149292
vt 0.16030462086200714 0.5197758078575134
vt 0.9882623553276062 0.59278804063797
vt 0.9882623553276062 0.59278804063797
vt 0.002719641663134098 0.19249677658081055
vt 0.42386436462402344 0.19037342071533203
vt 0.3393077850341797 0.3532158136367798
vt 0.6051924228668213 0.33978092670440674
vt 0.06580027937889099 0.5402911901473999
vt 0.002719641663134098 0.411787748336792
vt 0.20457372069358826 0.1903734803199768
vt 0.002719641663134098 0.42064547538757324
vt 0.19571606814861298 0.19037342071533203
vt 0.3954024910926819 0.847805380821228
vt 0.9079849123954773 0.31531327962875366
vt 0.9970911145210266 0.5991073250770569
vt 0.9075794219970703 0.3173678517341614
vt 0.9970911145210266 0.6043431162834167
vt 0.9079849123954773 0.31942248344421387
vt 0.9970911145210266 0.609578549861908
vt 0.15662379562854767 0.5043659210205078
vt 0.9882623553276062 0.609578549861908
vt 0.1556100994348526 0.5095024704933167
vt 0.9882623553276062 0.6043431162834167
vt 0.15662385523319244 0.5146390199661255
vt 0.9882623553276062 0.5991073250770569
vt 0.0558997243642807 0.411787748336792
vt 0.5853919982910156 0.3942157030105591
vt 0.17227238416671753 0.9749338626861572
vt 0.3113728165626526 0.2966512441635132
vt 0.12888666987419128 0.5402910113334656
vt 0.6188719868659973 0.30511224269866943
vt 0.5692930221557617 0.497758150100708
vt 0.7450436949729919 0.19339317083358765
vt 0.5517065525054932 0.5067191123962402
vt 0.7450434565544128 0.17365539073944092
vt 0.5832498073577881 0.4838014841079712
vt 0.745043933391571 0.2131308913230896
vt 0.5922104120254517 0.46621519327163696
vt 0.7450440526008606 0.23286867141723633
vt 0.5952982306480408 0.4467204213142395
vt 0.7450442910194397 0.25260645151138306
vt 0.06580619513988495 0.411787748336792
vt 0.19824373722076416 0.3525208830833435
vt 0.5952982306480408 0.3942157030105591
vt 0.7450448870658875 0.3051110506057739
vt 0.34222352504730225 0.7960798740386963
vt 0.2239973247051239 0.9837915301322937
vt 0.3449437916278839 0.7789044380187988
vt 0.2413865327835083 0.9837915301322937
vt 0.35247981548309326 0.764114499092102
vt 0.25798627734184265 0.9837915301322937
vt 0.3642180263996124 0.7523768544197083
vt 0.2745859622955322 0.9837915301322937
vt 0.37900853157043457 0.7448408603668213
vt 0.2911857068538666 0.9837915301322937
vt 0.055899664759635925 0.42064547538757324
vt 0.3422226905822754 0.8478046655654907
vt 0.17227238416671753 0.9837915301322937
vt 0.41246187686920166 0.5107398629188538
vt 0.4074966013431549 0.5107399821281433
vt 0.4472096562385559 0.5107399821281433
vt 0.4422444999217987 0.5107400417327881
vt 0.4373202323913574 0.5107399821281433
vt 0.43235695362091064 0.510739803314209
vt 0.4273532032966614 0.510739803314209
vt 0.4223495423793793 0.5107399821281433
vt 0.41738617420196533 0.5107398629188538
vt 0.4125553369522095 0.34998619556427
vt 0.4075562059879303 0.3500173091888428
vt 0.4471505284309387 0.3500173091888428
vt 0.44215133786201477 0.34998619556427
vt 0.43718528747558594 0.34996914863586426
vt 0.4322592318058014 0.34995830059051514
vt 0.4273534417152405 0.3499488830566406
vt 0.4224478006362915 0.34995830059051514
vt 0.417521208524704 0.3499690294265747
vt 0.004270732402801514 0.8258498907089233
vt 0.4121831953525543 0.32587045431137085
vt 0.004494071006774902 0.8625068068504333
vt 0.004658043384552002 0.8206031918525696
vt 0.4071773886680603 0.3261423110961914
vt 0.44752922654151917 0.3261423110961914
vt 0.00414663553237915 0.8573417663574219
vt 0.44252365827560425 0.32587045431137085
vt 0.0035318732261657715 0.8521304130554199
vt 0.43750256299972534 0.32533329725265503
vt 0.0029402971267700195 0.8469086289405823
vt 0.43244490027427673 0.324820339679718
vt 0.0027257204055786133 0.8415706753730774
vt 0.42735326290130615 0.32461583614349365
vt 0.0030013322830200195 0.8362700343132019
vt 0.42226171493530273 0.32482028007507324
vt 0.0036126375198364258 0.8309927582740784
vt 0.4172040820121765 0.32533323764801025
vt 0.02903461456298828 0.8267133831977844
vt 0.028982162475585938 0.8617962598800659
vt 0.02918297052383423 0.8214902281761169
vt 0.02891409397125244 0.8566164970397949
vt 0.028844356536865234 0.8515949845314026
vt 0.028820931911468506 0.8465909957885742
vt 0.02880793809890747 0.8416978120803833
vt 0.028835654258728027 0.8368183970451355
vt 0.028922677040100098 0.8318433165550232
vt 0.0536046028137207 0.8271228671073914
vt 0.05341696739196777 0.8617598414421082
vt 0.05369853973388672 0.821964681148529
vt 0.053436875343322754 0.8566024303436279
vt 0.053429484367370605 0.8515869379043579
vt 0.05344986915588379 0.8467533588409424
vt 0.05346477031707764 0.8419107794761658
vt 0.0535050630569458 0.8370402455329895
vt 0.05355578660964966 0.8321375846862793
vt 0.07793998718261719 0.8274257779121399
vt 0.07780760526657104 0.86187744140625
vt 0.07802164554595947 0.8223230838775635
vt 0.07779645919799805 0.8567474484443665
vt 0.07779866456985474 0.8517165780067444
vt 0.07781296968460083 0.846800684928894
vt 0.07781654596328735 0.8420148491859436
vt 0.07786566019058228 0.8372289538383484
vt 0.07790398597717285 0.8323818445205688
vt 0.10200607776641846 0.8277355432510376
vt 0.10194993019104004 0.8616373538970947
vt 0.1020473837852478 0.8226980566978455
vt 0.10192352533340454 0.8565660715103149
vt 0.10191524028778076 0.8517085909843445
vt 0.10192602872848511 0.8468891978263855
vt 0.1019250750541687 0.8421304821968079
vt 0.10194939374923706 0.8373991250991821
vt 0.10196936130523682 0.8325843214988708
vt 0.12589681148529053 0.8278107047080994
vt 0.12579166889190674 0.8616814613342285
vt 0.12589186429977417 0.8227652907371521
vt 0.1258203387260437 0.8566567301750183
vt 0.1258227825164795 0.851746678352356
vt 0.12584519386291504 0.8470157980918884
vt 0.12584680318832397 0.8422772884368896
vt 0.1258624792098999 0.8375120162963867
vt 0.12586647272109985 0.8327143788337708
vt 0.14985191822052002 0.8277851343154907
vt 0.1497098207473755 0.86192786693573
vt 0.1498233675956726 0.8227236270904541
vt 0.14977091550827026 0.8568677306175232
vt 0.14981472492218018 0.8518903851509094
vt 0.14984804391860962 0.8470306396484375
vt 0.14984947443008423 0.8422968983650208
vt 0.14987456798553467 0.8375614285469055
vt 0.1498640775680542 0.8327656388282776
vt 0.1740148663520813 0.8276094794273376
vt 0.17388701438903809 0.8622002601623535
vt 0.17398053407669067 0.822563111782074
vt 0.1739445924758911 0.8571517467498779
vt 0.17401206493377686 0.852196991443634
vt 0.17406392097473145 0.8472817540168762
vt 0.1740855574607849 0.8423780202865601
vt 0.17408746480941772 0.8374745845794678
vt 0.1740586757659912 0.8325619697570801
vt 0.07131777703762054 0.011184751987457275
vt 0.22048306465148926 0.8274454474449158
vt 0.07132259756326675 0.006220698356628418
vt 0.22037768363952637 0.8625484704971313
vt 0.2204686403274536 0.8224255442619324
vt 0.07483591139316559 0.002714216709136963
vt 0.22041505575180054 0.8575282096862793
vt 0.07979963719844818 0.002719104290008545
vt 0.22045248746871948 0.8525493741035461
vt 0.08330624550580978 0.006232321262359619
vt 0.22048747539520264 0.8475362658500671
vt 0.08330155164003372 0.0111960768699646
vt 0.2205103039741516 0.8424866199493408
vt 0.07978817075490952 0.014702796936035156
vt 0.2205098271369934 0.8374371528625488
vt 0.07482437789440155 0.014698028564453125
vt 0.22049784660339355 0.8324238061904907
vt 0.3085883855819702 0.5063953995704651
vt 0.2738405466079712 0.5063953995704651
vt 0.31355369091033936 0.5063953995704651
vt 0.278805673122406 0.5063953995704651
vt 0.2837298512458801 0.5063953995704651
vt 0.2886934280395508 0.5063953995704651
vt 0.2936971187591553 0.5063953995704651
vt 0.2987006902694702 0.5063953995704651
vt 0.3036641478538513 0.5063953995704651
vt 0.3084948658943176 0.34564173221588135
vt 0.2738998532295227 0.3456729054450989
vt 0.31349414587020874 0.3456728458404541
vt 0.2788991332054138 0.3456417918205261
vt 0.2838652729988098 0.34562474489212036
vt 0.2887912392616272 0.34561407566070557
vt 0.29369688034057617 0.3456045389175415
vt 0.2986027002334595 0.34561407566070557
vt 0.30352896451950073 0.34562456607818604
vt 0.3088671565055847 0.32152611017227173
vt 0.4553474187850952 0.856960654258728
vt 0.2735211253166199 0.32179778814315796
vt 0.3138728141784668 0.3217977285385132
vt 0.4557029902935028 0.8621731400489807
vt 0.45592448115348816 0.8205915689468384
vt 0.2785267233848572 0.3215261697769165
vt 0.4555584490299225 0.8257074356079102
vt 0.28354740142822266 0.32098913192749023
vt 0.4549092650413513 0.8307952284812927
vt 0.2886054515838623 0.3204759359359741
vt 0.45427078008651733 0.8359558582305908
vt 0.2936969995498657 0.32027149200439453
vt 0.4539973735809326 0.8412386178970337
vt 0.2987884283065796 0.32047581672668457
vt 0.45418471097946167 0.8465307950973511
vt 0.3038460612297058 0.3209890127182007
vt 0.4547390639781952 0.8517804741859436
vt 0.4799807667732239 0.8562232255935669
vt 0.4800621569156647 0.8614277243614197
vt 0.4801788926124573 0.8213990330696106
vt 0.48009559512138367 0.8265572190284729
vt 0.4799909293651581 0.8315999507904053
vt 0.47992587089538574 0.8365249037742615
vt 0.47988417744636536 0.8413853049278259
vt 0.47988665103912354 0.8462463021278381
vt 0.4799163043498993 0.8512100577354431
vt 0.504496157169342 0.8563060164451599
vt 0.5044843554496765 0.8614587187767029
vt 0.5046252608299255 0.8214448094367981
vt 0.5046160817146301 0.8266220688819885
vt 0.5045714974403381 0.831649899482727
vt 0.5045523047447205 0.836634635925293
vt 0.504535436630249 0.8415141701698303
vt 0.5045037865638733 0.8463637232780457
vt 0.5044836401939392 0.8512774705886841
vt 0.52904212474823 0.8563849925994873
vt 0.5290517807006836 0.8615612387657166
vt 0.5292445421218872 0.8215543627738953
vt 0.5291878581047058 0.8267355561256409
vt 0.5291454195976257 0.8318191766738892
vt 0.5291184186935425 0.8367170691490173
vt 0.5290775895118713 0.8415480256080627
vt 0.5290592312812805 0.8464085459709167
vt 0.5290440320968628 0.8513045907020569
vt 0.553398072719574 0.8562548756599426
vt 0.5534403920173645 0.8613557815551758
vt 0.5536358952522278 0.8219941854476929
vt 0.5535461902618408 0.8270970582962036
vt 0.5535075068473816 0.832055389881134
vt 0.5534700155258179 0.8369045257568359
vt 0.5534241199493408 0.8416938781738281
vt 0.5534125566482544 0.8464552760124207
vt 0.553405225276947 0.8512993454933167
vt 0.5773888826370239 0.8561567068099976
vt 0.5773757696151733 0.8611851334571838
vt 0.577582836151123 0.8223755359649658
vt 0.577543318271637 0.8274030685424805
vt 0.5775076150894165 0.8322439789772034
vt 0.5774852633476257 0.8370485305786133
vt 0.5774436593055725 0.8417914509773254
vt 0.5774216055870056 0.8465681076049805
vt 0.5774037837982178 0.8513092398643494
vt 0.6012733578681946 0.8564145565032959
vt 0.6012048721313477 0.8614556789398193
vt 0.6014010906219482 0.8224015831947327
vt 0.601416826248169 0.827441394329071
vt 0.6014180183410645 0.832399845123291
vt 0.6014160513877869 0.8371778130531311
vt 0.6013794541358948 0.841896116733551
vt 0.6013684868812561 0.8466140031814575
vt 0.6013261079788208 0.8514567017555237
vt 0.6253540515899658 0.8567442893981934
vt 0.6252865791320801 0.8617726564407349
vt 0.625459611415863 0.8222922086715698
vt 0.625483512878418 0.8273183107376099
vt 0.625516951084137 0.8322510123252869
vt 0.6255354881286621 0.8371440768241882
vt 0.6255233883857727 0.8420284390449524
vt 0.6254922151565552 0.8469128608703613
vt 0.6254308223724365 0.8518090844154358
vt 0.14789295196533203 0.06690359115600586
vt 0.671640157699585 0.8572121262550354
vt 0.15285682678222656 0.06690365076065063
vt 0.6715933084487915 0.8622121810913086
vt 0.6717638969421387 0.8222482204437256
vt 0.15636682510375977 0.06339371204376221
vt 0.6717681288719177 0.8272483944892883
vt 0.15636688470840454 0.05843007564544678
vt 0.6717727780342102 0.8322071433067322
vt 0.15285682678222656 0.05491989850997925
vt 0.6717751026153564 0.8372005820274353
vt 0.14789307117462158 0.05491989850997925
vt 0.6717652678489685 0.8422300219535828
vt 0.14438307285308838 0.05843007564544678
vt 0.6717320680618286 0.8472598791122437
vt 0.1443830132484436 0.06339371204376221
vt 0.6716872453689575 0.852253258228302
vt 0.4125550389289856 0.671493411064148
vt 0.4075557291507721 0.67146235704422
vt 0.4471501410007477 0.6714624166488647
vt 0.44215092062950134 0.6714934706687927
vt 0.4371849298477173 0.6715107560157776
vt 0.43225881457328796 0.6715211272239685
vt 0.42735302448272705 0.6715303659439087
vt 0.4224473834037781 0.6715211272239685
vt 0.41752079129219055 0.6715108156204224
vt 0.41218283772468567 0.6956090331077576
vt 0.8325837254524231 0.004152238368988037
vt 0.4071769118309021 0.6953374743461609
vt 0.4475286900997162 0.6953374743461609
vt 0.8273730874061584 0.004532873630523682
vt 0.8689550757408142 0.004553496837615967
vt 0.4425232410430908 0.6956090331077576
vt 0.8638373613357544 0.004212319850921631
vt 0.43750232458114624 0.6961461305618286
vt 0.8587464690208435 0.0035877227783203125
vt 0.43244418501853943 0.6966592073440552
vt 0.8535827994346619 0.0029740333557128906
vt 0.4273529052734375 0.69686359167099
vt 0.8482986688613892 0.0027260184288024902
vt 0.4222613275051117 0.6966592073440552
vt 0.8430078029632568 0.0029390454292297363
vt 0.4172036051750183 0.6961460709571838
vt 0.8377605080604553 0.003518819808959961
vt 0.8334397077560425 0.028781652450561523
vt 0.8282357454299927 0.028888225555419922
vt 0.868264377117157 0.02881157398223877
vt 0.8631061315536499 0.02875310182571411
vt 0.8580629825592041 0.028672635555267334
vt 0.8531378507614136 0.028631389141082764
vt 0.8482773303985596 0.028613388538360596
vt 0.8434162735939026 0.028639256954193115
vt 0.8384526371955872 0.028692781925201416
vt 0.8334751129150391 0.05329698324203491
vt 0.8283228278160095 0.05331003665924072
vt 0.8683369159698486 0.05325800180435181
vt 0.8631595373153687 0.053273677825927734
vt 0.8581317067146301 0.053253233432769775
vt 0.8531466722488403 0.05325824022293091
vt 0.8482672572135925 0.05326497554779053
vt 0.8434177041053772 0.0532568097114563
vt 0.8385036587715149 0.053260087966918945
vt 0.833514928817749 0.07784324884414673
vt 0.8283387422561646 0.07787781953811646
vt 0.8683462142944336 0.07787740230560303
vt 0.8631648421287537 0.0778459906578064
vt 0.8580809831619263 0.07782793045043945
vt 0.8531829118728638 0.07782453298568726
vt 0.8483517169952393 0.07780665159225464
vt 0.8434913158416748 0.07781213521957397
vt 0.8385952115058899 0.07782059907913208
vt 0.8337626457214355 0.10219842195510864
vt 0.8286619782447815 0.1022653579711914
vt 0.8680242300033569 0.10227066278457642
vt 0.8629208207130432 0.10220569372177124
vt 0.8579622507095337 0.10219079256057739
vt 0.8531131148338318 0.10217666625976562
vt 0.8483237028121948 0.10215383768081665
vt 0.8435618877410889 0.1021653413772583
vt 0.8387179970741272 0.10218149423599243
vt 0.8339768648147583 0.1261882781982422
vt 0.8289481401443481 0.12619972229003906
vt 0.8677583336830139 0.12621933221817017
vt 0.8627310395240784 0.1262037754058838
vt 0.8578900098800659 0.1261916160583496
vt 0.8530851006507874 0.12619221210479736
vt 0.8483418226242065 0.12617367506027222
vt 0.8435653448104858 0.12617450952529907
vt 0.8388241529464722 0.12617969512939453
vt 0.833834171295166 0.15007376670837402
vt 0.8287928104400635 0.15002959966659546
vt 0.8678472638130188 0.15003734827041626
vt 0.8628076910972595 0.15007728338241577
vt 0.8578490018844604 0.15010231733322144
vt 0.8530711531639099 0.15012365579605103
vt 0.8483529090881348 0.1501096487045288
vt 0.8436349630355835 0.1501215696334839
vt 0.8387921452522278 0.15010255575180054
vt 0.8336207866668701 0.17415547370910645
vt 0.8285918831825256 0.17411255836486816
vt 0.8680729269981384 0.17409515380859375
vt 0.8630468249320984 0.17414307594299316
vt 0.8581146001815796 0.17420053482055664
vt 0.8532213568687439 0.1742425560951233
vt 0.8483371734619141 0.17425411939620972
vt 0.8434525728225708 0.17424637079238892
vt 0.8385562300682068 0.17420852184295654
vt 0.1494559943675995 0.02363044023513794
vt 0.8333759903907776 0.22044378519058228
vt 0.1459459364414215 0.020120620727539062
vt 0.8283758759498596 0.2204209566116333
vt 0.8683400750160217 0.22039854526519775
vt 0.14098218083381653 0.020120680332183838
vt 0.8633400797843933 0.22042691707611084
vt 0.13747242093086243 0.023630619049072266
vt 0.8583816289901733 0.22045564651489258
vt 0.13747230172157288 0.028594374656677246
vt 0.853388249874115 0.2204819917678833
vt 0.14098212122917175 0.032104313373565674
vt 0.8483583927154541 0.22049641609191895
vt 0.1459459364414215 0.032104313373565674
vt 0.8433289527893066 0.2204875946044922
vt 0.1494559943675995 0.028594374656677246
vt 0.8383351564407349 0.22046691179275513
vt 0.30849510431289673 0.6671491265296936
vt 0.27390021085739136 0.6671180129051208
vt 0.3134944438934326 0.6671178936958313
vt 0.2788993716239929 0.6671492457389832
vt 0.2838655710220337 0.6671664118766785
vt 0.28879159688949585 0.6671770811080933
vt 0.2936972975730896 0.667186439037323
vt 0.29860299825668335 0.6671770811080933
vt 0.30352920293807983 0.667166531085968
vt 0.30886733531951904 0.6912648677825928
vt 0.7257032990455627 0.6437121629714966
vt 0.2735212445259094 0.6909930109977722
vt 0.3138731122016907 0.6909928917884827
vt 0.6890465617179871 0.6439354419708252
vt 0.7309502363204956 0.6440993547439575
vt 0.2785269618034363 0.6912648677825928
vt 0.6942115426063538 0.6435879468917847
vt 0.2835477590560913 0.6918017864227295
vt 0.6994227766990662 0.6429730653762817
vt 0.2886056900024414 0.6923151016235352
vt 0.704644501209259 0.6423817873001099
vt 0.29369717836380005 0.6925196051597595
vt 0.7099823951721191 0.6421672105789185
vt 0.29878878593444824 0.6923149824142456
vt 0.7152835130691528 0.6424427032470703
vt 0.30384647846221924 0.691801905632019
vt 0.7205604314804077 0.6430540680885315
vt 0.7248397469520569 0.6684761643409729
vt 0.6897565722465515 0.6684234738349915
vt 0.7300625443458557 0.6686245203018188
vt 0.694936215877533 0.6683555245399475
vt 0.6999582052230835 0.6682857275009155
vt 0.7049619555473328 0.6682620644569397
vt 0.7098550796508789 0.6682493686676025
vt 0.7147345542907715 0.6682772040367126
vt 0.7197096347808838 0.6683642268180847
vt 0.7244299054145813 0.693045973777771
vt 0.6897931694984436 0.6928582787513733
vt 0.7295879125595093 0.6931400299072266
vt 0.6949502229690552 0.6928780674934387
vt 0.6999655365943909 0.6928707957267761
vt 0.7047992944717407 0.6928912401199341
vt 0.7096419334411621 0.6929062604904175
vt 0.714512288570404 0.6929466128349304
vt 0.7194151878356934 0.6929970979690552
vt 0.7241266369819641 0.7173815965652466
vt 0.6896751523017883 0.7172488570213318
vt 0.729229211807251 0.7174631357192993
vt 0.6948050260543823 0.7172377705574036
vt 0.6998358368873596 0.7172402143478394
vt 0.7047514915466309 0.7172544002532959
vt 0.7095376253128052 0.7172581553459167
vt 0.7143234014511108 0.7173070907592773
vt 0.7191702723503113 0.7173453569412231
vt 0.7238165736198425 0.741447389125824
vt 0.6899147033691406 0.7413914203643799
vt 0.7288545370101929 0.741489052772522
vt 0.6949858665466309 0.7413647770881653
vt 0.6998436450958252 0.7413564324378967
vt 0.7046628594398499 0.741367518901825
vt 0.7094215750694275 0.7413665056228638
vt 0.7141528725624084 0.7413907051086426
vt 0.7189680933952332 0.7414109706878662
vt 0.7237415313720703 0.7653383612632751
vt 0.6898708343505859 0.7652328014373779
vt 0.7287868857383728 0.7653335332870483
vt 0.6948956251144409 0.7652615308761597
vt 0.6998055577278137 0.765264093875885
vt 0.7045364379882812 0.7652865648269653
vt 0.7092747092247009 0.7652881145477295
vt 0.7140404582023621 0.7653040289878845
vt 0.7188379168510437 0.7653079628944397
vt 0.7237669229507446 0.7892932891845703
vt 0.6896241903305054 0.7891510725021362
vt 0.7288285493850708 0.7892648577690125
vt 0.6946844458580017 0.7892122864723206
vt 0.6996618509292603 0.7892560362815857
vt 0.7045215964317322 0.7892895340919495
vt 0.709255039691925 0.7892909646034241
vt 0.7139906883239746 0.7893161177635193
vt 0.7187864780426025 0.7893058657646179
vt 0.7239421606063843 0.8134562969207764
vt 0.6893516778945923 0.8133281469345093
vt 0.7289882898330688 0.8134222030639648
vt 0.694399893283844 0.8133857846260071
vt 0.6993549466133118 0.8134533166885376
vt 0.7042700052261353 0.8135051727294922
vt 0.7091737985610962 0.8135268688201904
vt 0.7140771746635437 0.8135288953781128
vt 0.7189898490905762 0.813500165939331
vt 0.5965534448623657 0.006236910820007324
vt 0.7241057753562927 0.8599245548248291
vt 0.6000604629516602 0.002723991870880127
vt 0.6890027523040771 0.8598191142082214
vt 0.7291255593299866 0.8599101305007935
vt 0.6050242781639099 0.002719879150390625
vt 0.6940230131149292 0.859856367111206
vt 0.6085368990898132 0.006226837635040283
vt 0.6990016102790833 0.8598935604095459
vt 0.6085411906242371 0.011190533638000488
vt 0.7040147185325623 0.859928548336029
vt 0.605034351348877 0.014703512191772461
vt 0.7090644240379333 0.8599517941474915
vt 0.6000704169273376 0.014707684516906738
vt 0.7141141295433044 0.8599514961242676
vt 0.5965576171875 0.01120072603225708
vt 0.7191272377967834 0.8599393963813782
vt 0.9281847476959229 0.014707565307617188
vt 0.6777523159980774 0.886902928352356
vt 0.9331485033035278 0.014707565307617188
vt 0.6777438521385193 0.8920691609382629
vt 0.9366584420204163 0.01119762659072876
vt 0.6777322292327881 0.8971958756446838
vt 0.9366584420204163 0.006233811378479004
vt 0.6776857376098633 0.9023086428642273
vt 0.9331485629081726 0.002723991870880127
vt 0.6776483058929443 0.90742027759552
vt 0.6777097582817078 0.8661924600601196
vt 0.9281846880912781 0.002723991870880127
vt 0.6777280569076538 0.8713474869728088
vt 0.9246746897697449 0.006233811378479004
vt 0.6777440309524536 0.8765026926994324
vt 0.9246746897697449 0.01119762659072876
vt 0.6777517199516296 0.8817006945610046
vt 0.6084972023963928 0.8865982890129089
vt 0.60845547914505 0.8916189074516296
vt 0.6083834767341614 0.8966752886772156
vt 0.6082411408424377 0.9017876982688904
vt 0.6082218885421753 0.9069128632545471
vt 0.6084260940551758 0.8664413094520569
vt 0.6084858775138855 0.8715368509292603
vt 0.6085147857666016 0.8765612244606018
vt 0.6084470152854919 0.8815793991088867
vt 0.5838647484779358 0.8863744139671326
vt 0.5839101076126099 0.8912245035171509
vt 0.5838108658790588 0.8961895108222961
vt 0.5836039185523987 0.9012641906738281
vt 0.5835468769073486 0.9064191579818726
vt 0.5838838219642639 0.8670101761817932
vt 0.5839585065841675 0.8719980120658875
vt 0.5839949250221252 0.8768516182899475
vt 0.5838801860809326 0.8815945386886597
vt 0.5598325729370117 0.8864758610725403
vt 0.5598195195198059 0.891287624835968
vt 0.5597602725028992 0.8962021470069885
vt 0.5595910549163818 0.9012266397476196
vt 0.5595512986183167 0.9062027335166931
vt 0.5598787665367126 0.8673477172851562
vt 0.5599123239517212 0.8722776174545288
vt 0.5599653720855713 0.877041757106781
vt 0.5599655508995056 0.8817781805992126
vt 0.5360314846038818 0.8865342140197754
vt 0.5360413193702698 0.8912522792816162
vt 0.5360478162765503 0.8961495757102966
vt 0.5358706712722778 0.9010993242263794
vt 0.5359355211257935 0.9060792922973633
vt 0.5361097455024719 0.8674861192703247
vt 0.5361081957817078 0.872381865978241
vt 0.5360418558120728 0.8771359324455261
vt 0.536190927028656 0.8818332552909851
vt 0.5124219059944153 0.8864305019378662
vt 0.5123656988143921 0.8911741971969604
vt 0.5123989582061768 0.8960180878639221
vt 0.5122255682945251 0.900970995426178
vt 0.5123000741004944 0.9059521555900574
vt 0.5124297142028809 0.8674381375312805
vt 0.5123875141143799 0.8723288774490356
vt 0.5123183131217957 0.8771057724952698
vt 0.5124312043190002 0.8817849159240723
vt 0.4885561764240265 0.8861814737319946
vt 0.48860493302345276 0.890968918800354
vt 0.48863282799720764 0.8958666324615479
vt 0.48854658007621765 0.9008933901786804
vt 0.4886879622936249 0.9059114456176758
vt 0.4887343943119049 0.8670690655708313
vt 0.48864153027534485 0.8719817399978638
vt 0.488590270280838 0.876728355884552
vt 0.48858126997947693 0.881434977054596
vt 0.46372970938682556 0.8866320252418518
vt 0.6629838943481445 0.9324971437454224
vt 0.4643145501613617 0.8916521668434143
vt 0.6624542474746704 0.9376202821731567
vt 0.4649280607700348 0.8966137766838074
vt 0.6618994474411011 0.9426121115684509
vt 0.46525025367736816 0.9015119671821594
vt 0.661638081073761 0.947599470615387
vt 0.4648694694042206 0.8664066195487976
vt 0.4651823341846466 0.9064722061157227
vt 0.6616889238357544 0.9121295809745789
vt 0.6617848873138428 0.9525893926620483
vt 0.4642743468284607 0.8714086413383484
vt 0.6622965931892395 0.9171669483184814
vt 0.4637073278427124 0.8764746189117432
vt 0.6628884077072144 0.9222025275230408
vt 0.4634740948677063 0.8815789222717285
vt 0.6631668210029602 0.9273312091827393
vt 0.6377531290054321 0.9323195219039917
vt 0.6377456188201904 0.9371857643127441
vt 0.6377288699150085 0.9422195553779602
vt 0.6377028226852417 0.9473356604576111
vt 0.6376266479492188 0.9128974080085754
vt 0.6376702785491943 0.9524648785591125
vt 0.6376845836639404 0.9178703427314758
vt 0.6377347707748413 0.922752320766449
vt 0.6377646327018738 0.9275402426719666
vt 0.6133993864059448 0.9324455261230469
vt 0.6134185194969177 0.9373509883880615
vt 0.6134410500526428 0.9422933459281921
vt 0.6134504675865173 0.9472776651382446
vt 0.6134267449378967 0.952260434627533
vt 0.6134774684906006 0.9127804040908813
vt 0.6134427189826965 0.9177488684654236
vt 0.6134102940559387 0.9226506948471069
vt 0.6134001612663269 0.9275478720664978
vt 0.5604597926139832 0.9324672222137451
vt 0.5604395866394043 0.9521793127059937
vt 0.5604802966117859 0.912551760673523
vt 0.5604549050331116 0.9374241828918457
vt 0.5604751706123352 0.917515754699707
vt 0.5604496002197266 0.9423477053642273
vt 0.5604701042175293 0.9224735498428345
vt 0.5604446530342102 0.9472628235816956
vt 0.5604649186134338 0.9274704456329346
vt 0.5790961980819702 0.05926626920700073
vt 0.22569075226783752 0.8761200308799744
vt 0.5826061367988586 0.06277626752853394
vt 0.22565975785255432 0.8812966346740723
vt 0.5826061367988586 0.06773990392684937
vt 0.22563177347183228 0.8864361047744751
vt 0.5790963172912598 0.07124984264373779
vt 0.22563691437244415 0.8915635943412781
vt 0.5741323232650757 0.07124966382980347
vt 0.22563263773918152 0.8966905474662781
vt 0.22588832676410675 0.8553367257118225
vt 0.5706225633621216 0.06773978471755981
vt 0.2258315235376358 0.8605125546455383
vt 0.5706225633621216 0.06277602910995483
vt 0.22577671706676483 0.8656887412071228
vt 0.5741324424743652 0.05926620960235596
vt 0.22573043406009674 0.8709046244621277
vt 0.2951638698577881 0.8763570189476013
vt 0.2951526939868927 0.8813971877098083
vt 0.2951895296573639 0.8864718675613403
vt 0.2952985465526581 0.891605794429779
vt 0.29527390003204346 0.8967465162277222
vt 0.2954489290714264 0.8561060428619385
vt 0.29534733295440674 0.8612270951271057
vt 0.2952635586261749 0.8662763237953186
vt 0.2952725887298584 0.8713199496269226
vt 0.31976839900016785 0.8763493299484253
vt 0.31976258754730225 0.881228506565094
vt 0.3198566734790802 0.8862214684486389
vt 0.32006344199180603 0.8913469910621643
vt 0.32002872228622437 0.8964957594871521
vt 0.32014620304107666 0.8568825125694275
vt 0.3200685381889343 0.8618998527526855
vt 0.31998109817504883 0.8668001890182495
vt 0.3199247121810913 0.8715903162956238
vt 0.3439108431339264 0.8762041926383972
vt 0.3439914584159851 0.8810212016105652
vt 0.3440818190574646 0.8859527707099915
vt 0.3442871570587158 0.8909857273101807
vt 0.34417724609375 0.8570727705955505
vt 0.34436073899269104 0.8961262106895447
vt 0.34416013956069946 0.8619922399520874
vt 0.34408047795295715 0.8667598366737366
vt 0.34392794966697693 0.8714632391929626
vt 0.36786019802093506 0.8762151598930359
vt 0.36791497468948364 0.880933403968811
vt 0.36798495054244995 0.88583904504776
vt 0.3682009279727936 0.890807032585144
vt 0.3678644299507141 0.8572344779968262
vt 0.3683723211288452 0.895817756652832
vt 0.3678731620311737 0.8621038198471069
vt 0.3678198754787445 0.8668373227119446
vt 0.3676849901676178 0.871521532535553
vt 0.3914687931537628 0.8758794665336609
vt 0.3915225565433502 0.8806011080741882
vt 0.3915454149246216 0.885424017906189
vt 0.3917838931083679 0.8903499245643616
vt 0.3913392722606659 0.8570544123649597
vt 0.3919637203216553 0.8952996730804443
vt 0.39141973853111267 0.8618912100791931
vt 0.3914344012737274 0.8665974736213684
vt 0.3913636803627014 0.8712560534477234
vt 0.4150503873825073 0.8754077553749084
vt 0.4151209592819214 0.8801532983779907
vt 0.41512149572372437 0.8850149512290955
vt 0.4152994453907013 0.8900108933448792
vt 0.4146682322025299 0.8564998507499695
vt 0.4153291583061218 0.8949335813522339
vt 0.4148377776145935 0.861345112323761
vt 0.41499266028404236 0.8660359382629395
vt 0.415122926235199 0.8707002401351929
vt 0.43966034054756165 0.8753408193588257
vt 0.4578964114189148 0.9324756860733032
vt 0.43916627764701843 0.8803218603134155
vt 0.45844316482543945 0.9375319480895996
vt 0.4386555254459381 0.8852352499961853
vt 0.45900413393974304 0.9425876140594482
vt 0.43843743205070496 0.8900861740112305
vt 0.45929253101348877 0.9475941061973572
vt 0.43820270895957947 0.8554174304008484
vt 0.43860870599746704 0.8949947357177734
vt 0.45908695459365845 0.9119349122047424
vt 0.45917436480522156 0.952573835849762
vt 0.43887922167778015 0.8603387475013733
vt 0.4584693908691406 0.9170075058937073
vt 0.43952038884162903 0.8653178811073303
vt 0.45789220929145813 0.922145664691925
vt 0.43983742594718933 0.8703261613845825
vt 0.45766323804855347 0.9273279309272766
vt 0.4831448495388031 0.932176947593689
vt 0.48315778374671936 0.9370805621147156
vt 0.48317182064056396 0.9420842528343201
vt 0.48318934440612793 0.9471902251243591
vt 0.4832322597503662 0.9523167014122009
vt 0.48332130908966064 0.9127330183982849
vt 0.483256995677948 0.9177247285842896
vt 0.48320236802101135 0.9225896000862122
vt 0.4831516742706299 0.927374541759491
vt 0.5075187087059021 0.9323400259017944
vt 0.5074901580810547 0.9372469186782837
vt 0.5074584484100342 0.9421883821487427
vt 0.5074400901794434 0.9471710324287415
vt 0.5074544548988342 0.9521520137786865
vt 0.5074814558029175 0.9126707315444946
vt 0.5075058937072754 0.9176401495933533
vt 0.507527768611908 0.9225427508354187
vt 0.5075276494026184 0.927440881729126
vt 0.12672841548919678 0.03885924816131592
vt 0.853397786617279 0.791108250617981
vt 0.13023591041564941 0.035347044467926025
vt 0.8586287498474121 0.7910898923873901
vt 0.13519984483718872 0.035343706607818604
vt 0.8638182282447815 0.7910675406455994
vt 0.1387121081352234 0.038851022720336914
vt 0.8272045850753784 0.7908905148506165
vt 0.869050920009613 0.7910463809967041
vt 0.13871550559997559 0.043814778327941895
vt 0.8324334025382996 0.7909417152404785
vt 0.13520795106887817 0.04732722043991089
vt 0.8376208543777466 0.7909933924674988
vt 0.13024425506591797 0.04733073711395264
vt 0.8428520560264587 0.7910414934158325
vt 0.12673187255859375 0.04382312297821045
vt 0.8481247425079346 0.7910791635513306
vt 0.8533761501312256 0.7210251688957214
vt 0.8584420680999756 0.7209991812705994
vt 0.863547682762146 0.7209211587905884
vt 0.8278931379318237 0.7207140922546387
vt 0.8687642216682434 0.7208165526390076
vt 0.8330976963043213 0.7208355069160461
vt 0.838196873664856 0.7209299206733704
vt 0.843258798122406 0.7209902405738831
vt 0.8483179211616516 0.7209509015083313
vt 0.8530850410461426 0.696329653263092
vt 0.8579728603363037 0.6962954998016357
vt 0.8630010485649109 0.6961866617202759
vt 0.8286281824111938 0.695995569229126
vt 0.8681384325027466 0.6960154175758362
vt 0.8337404131889343 0.6961374282836914
vt 0.8387038111686707 0.6962558627128601
vt 0.8435736298561096 0.6963111758232117
vt 0.8483272790908813 0.6963357329368591
vt 0.8529105186462402 0.6722424030303955
vt 0.857679009437561 0.672146737575531
vt 0.8625624179840088 0.6721508502960205
vt 0.828865647315979 0.6722243428230286
vt 0.8675891757011414 0.6720040440559387
vt 0.8338325619697571 0.6722592711448669
vt 0.8387499451637268 0.672269344329834
vt 0.843485414981842 0.6722608208656311
vt 0.8482009768486023 0.6724113821983337
vt 0.8528578877449036 0.6486515998840332
vt 0.8575081825256348 0.6486008167266846
vt 0.8622649312019348 0.6485889554023743
vt 0.8291886448860168 0.6486977338790894
vt 0.8672224879264832 0.6484728455543518
vt 0.834170401096344 0.6487209796905518
vt 0.8389180898666382 0.6487502455711365
vt 0.843598484992981 0.6486847996711731
vt 0.8482250571250916 0.6488232612609863
vt 0.8526439666748047 0.625352144241333
vt 0.8573242425918579 0.6253252029418945
vt 0.8621026873588562 0.6252225041389465
vt 0.8290390968322754 0.6254477500915527
vt 0.8670352697372437 0.6251165866851807
vt 0.8339540362358093 0.6254227161407471
vt 0.8387426137924194 0.6254027485847473
vt 0.8434494137763977 0.6253543496131897
vt 0.8480625748634338 0.6254369020462036
vt 0.8522376418113708 0.6018654704093933
vt 0.856974184513092 0.6018170118331909
vt 0.861858069896698 0.6017628908157349
vt 0.8284316658973694 0.6022902131080627
vt 0.86681067943573 0.6017638444900513
vt 0.8333478569984436 0.6021668910980225
vt 0.8381956219673157 0.6019783020019531
vt 0.842887818813324 0.6019062995910645
vt 0.847540020942688 0.6017800569534302
vt 0.24713698029518127 0.9287744164466858
vt 0.8522129058837891 0.5770859122276306
vt 0.24771341681480408 0.9338467717170715
vt 0.857262372970581 0.5775875449180603
vt 0.2483101487159729 0.9389167428016663
vt 0.8622488379478455 0.5781204104423523
vt 0.24865782260894775 0.944013774394989
vt 0.24868783354759216 0.9032392501831055
vt 0.827302873134613 0.5790543556213379
vt 0.8672500848770142 0.5784024000167847
vt 0.24834173917770386 0.9082642793655396
vt 0.832217276096344 0.5786258578300476
vt 0.2477344274520874 0.9133336544036865
vt 0.8371057510375977 0.5779268741607666
vt 0.24714753031730652 0.9184051752090454
vt 0.8420626521110535 0.5772600173950195
vt 0.2469169795513153 0.9235897660255432
vt 0.8471331000328064 0.5769166946411133
vt 0.27236026525497437 0.9283808469772339
vt 0.2723853290081024 0.9332541823387146
vt 0.27241820096969604 0.9382208585739136
vt 0.27247849106788635 0.9432848691940308
vt 0.2725113034248352 0.903965950012207
vt 0.27244991064071655 0.9090198278427124
vt 0.2724056541919708 0.9139842987060547
vt 0.27237018942832947 0.9188565015792847
vt 0.2723284363746643 0.9236185550689697
vt 0.2966330349445343 0.9285300970077515
vt 0.29659923911094666 0.9334294199943542
vt 0.29655590653419495 0.938362181186676
vt 0.2965255081653595 0.9433847665786743
vt 0.2965504825115204 0.9038922190666199
vt 0.29657480120658875 0.9089138507843018
vt 0.2966119945049286 0.9138462543487549
vt 0.2966393530368805 0.9187454581260681
vt 0.2966424524784088 0.9236373901367188
vt 0.3496619164943695 0.9286831021308899
vt 0.34967389702796936 0.908744215965271
vt 0.3496588170528412 0.9336564540863037
vt 0.34967097640037537 0.9136849641799927
vt 0.3496558368206024 0.9385972023010254
vt 0.3496679961681366 0.9186579585075378
vt 0.34965279698371887 0.9435864090919495
vt 0.34967705607414246 0.9037553071975708
vt 0.3496650159358978 0.9236705899238586
vt 0.14416098594665527 0.04599356651306152
vt 0.8429210782051086 0.44093573093414307
vt 0.1476736068725586 0.04950118064880371
vt 0.837694525718689 0.4409259557723999
vt 0.1526375412940979 0.049497783184051514
vt 0.832510769367218 0.4408743977546692
vt 0.15614479780197144 0.045985400676727295
vt 0.8272859454154968 0.440823495388031
vt 0.8690401315689087 0.4408617615699768
vt 0.1561415195465088 0.041021645069122314
vt 0.8638253211975098 0.4408833384513855
vt 0.15262913703918457 0.03751403093338013
vt 0.8586536049842834 0.4409066438674927
vt 0.14766526222229004 0.0375174880027771
vt 0.8534399271011353 0.4409257769584656
vt 0.1441577672958374 0.04102987051010132
vt 0.848183274269104 0.44093501567840576
vt 0.8433204889297485 0.370999813079834
vt 0.8382663130760193 0.37093162536621094
vt 0.8331726789474487 0.37082862854003906
vt 0.8279710412025452 0.3706982731819153
vt 0.8687448501586914 0.37087148427963257
vt 0.8635505437850952 0.3709670305252075
vt 0.8584643602371216 0.371036171913147
vt 0.8534148931503296 0.37105220556259155
vt 0.8483696579933167 0.3709680438041687
vt 0.8437253832817078 0.34639835357666016
vt 0.8388636708259583 0.3463035225868225
vt 0.8339034914970398 0.34614843130111694
vt 0.8287874460220337 0.3459738492965698
vt 0.8681964874267578 0.3462098240852356
vt 0.8630748391151428 0.34633880853652954
vt 0.8581105470657349 0.3464438319206238
vt 0.8532441854476929 0.3464406132698059
vt 0.84848552942276 0.34628182649612427
vt 0.8438969254493713 0.32237738370895386
vt 0.8391214609146118 0.3222823739051819
vt 0.8342251181602478 0.32217860221862793
vt 0.8292385339736938 0.32213324308395386
vt 0.867982029914856 0.32228171825408936
vt 0.8629828691482544 0.32232505083084106
vt 0.8580806255340576 0.3223942518234253
vt 0.8532970547676086 0.3224557042121887
vt 0.8485965728759766 0.32241982221603394
vt 0.8439889550209045 0.29863661527633667
vt 0.8393043279647827 0.2986339330673218
vt 0.8344489336013794 0.29862308502197266
vt 0.8294546604156494 0.2985683083534241
vt 0.8678762912750244 0.29865002632141113
vt 0.8629096150398254 0.29861336946487427
vt 0.858036458492279 0.2986450791358948
vt 0.853341281414032 0.2986639142036438
vt 0.848663330078125 0.29880523681640625
vt 0.8440240025520325 0.2751352787017822
vt 0.8393523097038269 0.275196373462677
vt 0.8346032500267029 0.2751680612564087
vt 0.8296620845794678 0.27510780096054077
vt 0.8677189946174622 0.27523863315582275
vt 0.8627415895462036 0.27522408962249756
vt 0.8579471707344055 0.27516263723373413
vt 0.853238582611084 0.2751350402832031
vt 0.8486329317092896 0.2752857208251953
vt 0.84405118227005 0.25172245502471924
vt 0.8393182158470154 0.25176721811294556
vt 0.83446204662323 0.25180888175964355
vt 0.8295363783836365 0.25186610221862793
vt 0.8678752183914185 0.2518696188926697
vt 0.8629206418991089 0.2518029808998108
vt 0.8580856919288635 0.2516685128211975
vt 0.853380024433136 0.2516459822654724
vt 0.848707914352417 0.2516660690307617
vt 0.45211514830589294 0.9288966059684753
vt 0.843435525894165 0.2270374298095703
vt 0.4515303075313568 0.9339535236358643
vt 0.8384581208229065 0.2276521921157837
vt 0.45093390345573425 0.9389427304267883
vt 0.8334920406341553 0.22830986976623535
vt 0.45060309767723083 0.9440289735794067
vt 0.45063677430152893 0.9033022522926331
vt 0.8285905718803406 0.22869867086410522
vt 0.8685607314109802 0.22847479581832886
vt 0.4509897530078888 0.9083948731422424
vt 0.8635545969009399 0.22813981771469116
vt 0.4515921175479889 0.9134603142738342
vt 0.858643651008606 0.22753798961639404
vt 0.4521457850933075 0.9185916781425476
vt 0.8536010384559631 0.22697418928146362
vt 0.4523761570453644 0.9237449765205383
vt 0.8485190272331238 0.2267494797706604
vt 0.42696717381477356 0.928464412689209
vt 0.42693892121315 0.9333304762840271
vt 0.4268936812877655 0.9383195638656616
vt 0.4268357455730438 0.9040572047233582
vt 0.4268368184566498 0.9433771967887878
vt 0.42689868807792664 0.9091182351112366
vt 0.4269345700740814 0.9140831232070923
vt 0.4269696772098541 0.918921709060669
vt 0.4269757568836212 0.9236943125724792
vt 0.4026913344860077 0.9285918474197388
vt 0.40271928906440735 0.9334917664527893
vt 0.4027571380138397 0.9384257793426514
vt 0.40278151631355286 0.9434492588043213
vt 0.40280237793922424 0.9039567708969116
vt 0.4027722179889679 0.9089775085449219
vt 0.4027293026447296 0.9139087796211243
vt 0.4026959240436554 0.9188068509101868
vt 0.4026874005794525 0.9236992597579956
vt 0.45799487829208374 0.7125353217124939
vt 0.463111937046051 0.7127287983894348
vt 0.4682323932647705 0.712600827217102
vt 0.4732765555381775 0.7125951051712036
vt 0.4782782793045044 0.712643027305603
vt 0.4832455515861511 0.7128157019615173
vt 0.4882158637046814 0.712664008140564
vt 0.45294415950775146 0.7124543190002441
vt 0.4932149648666382 0.7126362919807434
vt 0.45770859718322754 0.7474226355552673
vt 0.4628843069076538 0.7474225163459778
vt 0.46805649995803833 0.7474236488342285
vt 0.4731692671775818 0.7474350333213806
vt 0.47819602489471436 0.7475026845932007
vt 0.4831445813179016 0.7475703954696655
vt 0.48809635639190674 0.7476211190223694
vt 0.45258963108062744 0.7474316358566284
vt 0.4931381344795227 0.747661292552948
vt 0.39338546991348267 0.6571757197380066
vt 0.4576368033885956 0.7816987633705139
vt 0.38842421770095825 0.6570205688476562
vt 0.4626149833202362 0.7815663814544678
vt 0.3834627866744995 0.6571757197380066
vt 0.4675948917865753 0.781806230545044
vt 0.3785132169723511 0.6575499176979065
vt 0.47258344292640686 0.7823023796081543
vt 0.3735634684562683 0.657924234867096
vt 0.477665513753891 0.7828012108802795
vt 0.3686019778251648 0.6580790877342224
vt 0.4828409254550934 0.7830474972724915
vt 0.36364054679870605 0.657924234867096
vt 0.4880136549472809 0.7829176783561707
vt 0.3586910367012024 0.6575499176979065
vt 0.39833515882492065 0.6575499176979065
vt 0.45266517996788025 0.7820854783058167
vt 0.4930966794490814 0.7825393080711365
vt 0.39338529109954834 0.3494494557380676
vt 0.6022611856460571 0.4695313572883606
vt 0.3884238600730896 0.3496044874191284
vt 0.6072660684585571 0.4696621894836426
vt 0.3834625482559204 0.3494495153427124
vt 0.6122710704803467 0.46941959857940674
vt 0.37851303815841675 0.34907519817352295
vt 0.6172747611999512 0.46892285346984863
vt 0.37356317043304443 0.3487008810043335
vt 0.6223645210266113 0.46842092275619507
vt 0.36860185861587524 0.3485459089279175
vt 0.6275562047958374 0.46816813945770264
vt 0.36364036798477173 0.3487008810043335
vt 0.6327638626098633 0.4682936668395996
vt 0.3586907386779785 0.34907519817352295
vt 0.3983350396156311 0.34907519817352295
vt 0.597252607345581 0.4691436290740967
vt 0.6378898620605469 0.4686744213104248
vt 0.6023547649383545 0.5040380954742432
vt 0.6075484752655029 0.5039639472961426
vt 0.6127452850341797 0.5038917660713196
vt 0.6178854703903198 0.503815770149231
vt 0.6229361295700073 0.5038033723831177
vt 0.6279052495956421 0.5038047432899475
vt 0.6328766345977783 0.5038244128227234
vt 0.5972203016281128 0.5041025876998901
vt 0.6379363536834717 0.5038461685180664
vt 0.6027786731719971 0.538911759853363
vt 0.6078863143920898 0.5387024879455566
vt 0.6129992008209229 0.5388169288635254
vt 0.6180468797683716 0.5388221740722656
vt 0.6230311393737793 0.538770854473114
vt 0.6279903650283813 0.538597822189331
vt 0.6329504251480103 0.5387502908706665
vt 0.5977506637573242 0.5390015244483948
vt 0.6379468441009521 0.5387804508209229
vt 0.6030846834182739 0.5736904144287109
vt 0.6081310510635376 0.5735068321228027
vt 0.613182783126831 0.5736404657363892
vt 0.6181752681732178 0.5736637115478516
vt 0.6231095790863037 0.5736287832260132
vt 0.6280213594436646 0.5734730958938599
vt 0.6329340934753418 0.5736346244812012
vt 0.5981152057647705 0.5737545490264893
vt 0.6378816366195679 0.573675274848938
vt 0.6032229661941528 0.608539342880249
vt 0.6082261800765991 0.6083831787109375
vt 0.6132334470748901 0.6085330247879028
vt 0.6181843280792236 0.6085731983184814
vt 0.6230807304382324 0.6085556745529175
vt 0.6279565095901489 0.6084187030792236
vt 0.632832407951355 0.608589231967926
vt 0.5982928276062012 0.6085782051086426
vt 0.6377419233322144 0.6086413860321045
vt 0.6032078266143799 0.6435447931289673
vt 0.6081794500350952 0.6434119939804077
vt 0.6131535768508911 0.6435767412185669
vt 0.6180740594863892 0.6436322927474976
vt 0.6229425668716431 0.6436305046081543
vt 0.6277921199798584 0.6435110569000244
vt 0.6326402425765991 0.6436913013458252
vt 0.5983058214187622 0.6435617208480835
vt 0.6375211477279663 0.6437552571296692
vt 0.6030586957931519 0.6787189841270447
vt 0.608008861541748 0.6786057353019714
vt 0.6129593849182129 0.6787829399108887
vt 0.6178568601608276 0.6788516044616699
vt 0.6227039098739624 0.6788638830184937
vt 0.6275315284729004 0.6787593364715576
vt 0.6323572397232056 0.6789486408233643
vt 0.5981752872467041 0.6787181496620178
vt 0.637213945388794 0.6790235042572021
vt 0.6027941703796387 0.7140249609947205
vt 0.6077619791030884 0.7139207124710083
vt 0.6127274036407471 0.7141039371490479
vt 0.6176069974899292 0.7141875624656677
vt 0.6224164962768555 0.7142120599746704
vt 0.627210259437561 0.7141175866127014
vt 0.6320021152496338 0.7142992615699768
vt 0.5979254245758057 0.7140257954597473
vt 0.636825680732727 0.7143652439117432
vt 0.5486148595809937 0.5126351714134216
vt 0.6025933027267456 0.7489938735961914
vt 0.5533852577209473 0.5128363370895386
vt 0.6073805093765259 0.7488716840744019
vt 0.5581581592559814 0.5126822590827942
vt 0.6121691465377808 0.7491358518600464
vt 0.5629211664199829 0.5122646689414978
vt 0.6169626712799072 0.7496602535247803
vt 0.5677516460418701 0.5118380784988403
vt 0.621840238571167 0.7501823902130127
vt 0.5726664066314697 0.5116608142852783
vt 0.6268018484115601 0.7504101991653442
vt 0.5775890350341797 0.5118277668952942
vt 0.6317589282989502 0.7502870559692383
vt 0.5438469648361206 0.5121707916259766
vt 0.5824353098869324 0.5122504830360413
vt 0.597813606262207 0.7493761777877808
vt 0.6366342306137085 0.7499085664749146
vt 0.5482670068740845 0.5476003885269165
vt 0.5532395243644714 0.5477636456489563
vt 0.5582140684127808 0.5476369261741638
vt 0.5630912184715271 0.5476129651069641
vt 0.5679086446762085 0.5476382374763489
vt 0.5726966857910156 0.547776460647583
vt 0.5774840712547302 0.5476368069648743
vt 0.5433809757232666 0.547533392906189
vt 0.5822904706001282 0.5476132035255432
vt 0.5482318997383118 0.5829910039901733
vt 0.5531927347183228 0.583138644695282
vt 0.5581531524658203 0.5829944610595703
vt 0.5630477070808411 0.5829640626907349
vt 0.5679059028625488 0.5829867124557495
vt 0.5727345943450928 0.5831230282783508
vt 0.5775624513626099 0.5829656720161438
vt 0.5433247089385986 0.5829522013664246
vt 0.5824108719825745 0.5829234719276428
vt 0.5482033491134644 0.6182567477226257
vt 0.5531867146492004 0.6184087991714478
vt 0.5581713318824768 0.6182625889778137
vt 0.563089907169342 0.6182317137718201
vt 0.5679727792739868 0.6182537078857422
vt 0.5728256702423096 0.6183921098709106
vt 0.5776789784431458 0.6182302236557007
vt 0.5432772636413574 0.61821448802948
vt 0.5825538039207458 0.6181856393814087
vt 0.548130214214325 0.6533547639846802
vt 0.553146243095398 0.6535195112228394
vt 0.5581648349761963 0.6533769965171814
vt 0.5631153583526611 0.6533516049385071
vt 0.5680282115936279 0.6533784866333008
vt 0.5729108452796936 0.6535241007804871
vt 0.5777938961982727 0.6533610224723816
vt 0.543175458908081 0.6533006429672241
vt 0.5827001333236694 0.6533170938491821
vt 0.5479684472084045 0.688300609588623
vt 0.5530290007591248 0.6884840130805969
vt 0.5580933690071106 0.6883497834205627
vt 0.5630860328674316 0.6883341670036316
vt 0.5680394768714905 0.6883704662322998
vt 0.572960615158081 0.6885278820991516
vt 0.5778834819793701 0.6883672475814819
vt 0.5429730415344238 0.6882287263870239
vt 0.5828310251235962 0.6883274912834167
vt 0.5476930141448975 0.7231766581535339
vt 0.552813708782196 0.7233722805976868
vt 0.557936429977417 0.7232468128204346
vt 0.5629818439483643 0.7232436537742615
vt 0.5679842829704285 0.7232939004898071
vt 0.5729515552520752 0.7234688997268677
vt 0.5779213309288025 0.7233193516731262
vt 0.5426381826400757 0.723092794418335
vt 0.5829193592071533 0.7232934236526489
vt 0.5474087595939636 0.7580870985984802
vt 0.5525874495506287 0.758085310459137
vt 0.5577622056007385 0.7580845952033997
vt 0.56287682056427 0.7580946087837219
vt 0.5679053068161011 0.7581604719161987
vt 0.5728551745414734 0.7582263946533203
vt 0.5778076648712158 0.7582752704620361
vt 0.5422865152359009 0.7580975294113159
vt 0.5828500390052795 0.7583129405975342
vt 0.2597202956676483 0.6528263688087463
vt 0.5473572611808777 0.7923829555511475
vt 0.2547589838504791 0.6526712775230408
vt 0.5523382425308228 0.7922472953796387
vt 0.24979780614376068 0.652826189994812
vt 0.5573211908340454 0.7924845218658447
vt 0.24484793841838837 0.6532002091407776
vt 0.5623126029968262 0.7929774522781372
vt 0.23989830911159515 0.6535745859146118
vt 0.5673984885215759 0.7934730052947998
vt 0.23493699729442596 0.6537290811538696
vt 0.5725769400596619 0.7937153577804565
vt 0.22997550666332245 0.6535742282867432
vt 0.5777507424354553 0.7935816645622253
vt 0.22502587735652924 0.6531998515129089
vt 0.2646702229976654 0.6532007455825806
vt 0.5423824191093445 0.7927729487419128
vt 0.5828350782394409 0.7931995391845703
vt 0.2597281336784363 0.34510040283203125
vt 0.6789592504501343 0.81412273645401
vt 0.25476670265197754 0.3452552556991577
vt 0.6739513874053955 0.8139845728874207
vt 0.2498055100440979 0.3451001048088074
vt 0.6689430475234985 0.8142200708389282
vt 0.2448558211326599 0.34472572803497314
vt 0.6639357805252075 0.8147093653678894
vt 0.23990613222122192 0.3443511724472046
vt 0.6588423252105713 0.8152039051055908
vt 0.23494476079940796 0.3441962003707886
vt 0.6536471843719482 0.8154486417770386
vt 0.22998327016830444 0.34435105323791504
vt 0.6484386920928955 0.8153151273727417
vt 0.225033700466156 0.34472525119781494
vt 0.2646779417991638 0.3447261452674866
vt 0.6433119773864746 0.8149260878562927
vt 0.6839702129364014 0.8145175576210022
vt 0.6789143085479736 0.7795959115028381
vt 0.6737174391746521 0.7796639800071716
vt 0.66851806640625 0.7797305583953857
vt 0.663375735282898 0.779800534248352
vt 0.6583235263824463 0.7798069715499878
vt 0.653353214263916 0.7797995209693909
vt 0.6483809351921082 0.7797739505767822
vt 0.6433205604553223 0.7797457575798035
vt 0.6840524673461914 0.7795370817184448
vt 0.6785205006599426 0.7446986436843872
vt 0.6734093427658081 0.7449064254760742
vt 0.6682940721511841 0.7447900772094727
vt 0.6632453799247742 0.7447831034660339
vt 0.65826016664505 0.7448329925537109
vt 0.6533010005950928 0.7450039982795715
vt 0.6483414173126221 0.7448491454124451
vt 0.6433464288711548 0.7448170781135559
vt 0.6835529804229736 0.7446104884147644
vt 0.6782076954841614 0.709892988204956
vt 0.6731573939323425 0.7100816369056702
vt 0.6681030988693237 0.7099531888961792
vt 0.663110077381134 0.709935188293457
vt 0.658176064491272 0.7099748849868774
vt 0.6532655954360962 0.7101356387138367
vt 0.6483545303344727 0.7099787592887878
vt 0.6434102058410645 0.7099428772926331
vt 0.6831820607185364 0.7098238468170166
vt 0.6780043840408325 0.6750121712684631
vt 0.672997236251831 0.6751836538314819
vt 0.6679874658584595 0.6750486493110657
vt 0.663036048412323 0.6750234961509705
vt 0.6581408381462097 0.6750556826591492
vt 0.6532679200172424 0.6752070188522339
vt 0.648395299911499 0.6750506162643433
vt 0.6434904336929321 0.675012469291687
vt 0.682940661907196 0.6749585270881653
vt 0.6778751611709595 0.639970064163208
vt 0.6728995442390442 0.6401309967041016
vt 0.6679224371910095 0.6399940252304077
vt 0.663002073764801 0.6399661898612976
vt 0.6581354737281799 0.6399949193000793
vt 0.6532905101776123 0.6401412487030029
vt 0.6484463810920715 0.6399879455566406
vt 0.6435723900794983 0.6399504542350769
vt 0.6827841401100159 0.6399255990982056
vt 0.677776575088501 0.6047531366348267
vt 0.6728223562240601 0.6049106121063232
vt 0.6678682565689087 0.6047770380973816
vt 0.662970781326294 0.6047520041465759
vt 0.6581268310546875 0.6047826409339905
vt 0.6533056497573853 0.6049296855926514
vt 0.6484848856925964 0.6047829389572144
vt 0.6436370015144348 0.604750394821167
vt 0.682668149471283 0.6047109365463257
vt 0.6776647567749023 0.5693976283073425
vt 0.6726921796798706 0.569566011428833
vt 0.6677228808403015 0.5694471597671509
vt 0.6628440022468567 0.5694270133972168
vt 0.6580380201339722 0.5694650411605835
vt 0.6532527208328247 0.5696203112602234
vt 0.6484677791595459 0.5694995522499084
vt 0.6436547636985779 0.5694942474365234
vt 0.682542622089386 0.5693346261978149
vt 0.45735830068588257 0.5022536516189575
vt 0.6773439645767212 0.5343630313873291
vt 0.46212053298950195 0.5023781061172485
vt 0.6725485920906067 0.5345574617385864
vt 0.4668816924095154 0.5021126866340637
vt 0.6677485704421997 0.5343990325927734
vt 0.47163790464401245 0.5015838146209717
vt 0.6629484295845032 0.5339819192886353
vt 0.47647029161453247 0.5010446310043335
vt 0.658073902130127 0.5335675477981567
vt 0.48139655590057373 0.5007885694503784
vt 0.6531239748001099 0.5334133505821228
vt 0.4863358736038208 0.5008786916732788
vt 0.6481838822364807 0.5336084365844727
vt 0.45259374380111694 0.5018661618232727
vt 0.4912028908729553 0.5012264847755432
vt 0.6433293223381042 0.5340566039085388
vt 0.6821279525756836 0.5339088439941406
vt 0.4575681984424591 0.537152886390686
vt 0.4625360071659088 0.5372467637062073
vt 0.46750572323799133 0.5370504260063171
vt 0.4723835289478302 0.5369578003883362
vt 0.4772052466869354 0.5369157791137695
vt 0.4820011556148529 0.5369880795478821
vt 0.4867951571941376 0.5367825031280518
vt 0.4526914060115814 0.5371533036231995
vt 0.49161216616630554 0.5366933345794678
vt 0.4579453468322754 0.5724917054176331
vt 0.462902307510376 0.572590172290802
vt 0.46785831451416016 0.5723972916603088
vt 0.4727531969547272 0.5723187327384949
vt 0.47761431336402893 0.572293221950531
vt 0.48244911432266235 0.5723828673362732
vt 0.4872821271419525 0.5721778273582458
vt 0.4530465602874756 0.5725012421607971
vt 0.49213913083076477 0.572088360786438
vt 0.45819854736328125 0.6077132821083069
vt 0.4631776809692383 0.6078325510025024
vt 0.4681588411331177 0.6076538562774658
vt 0.47307705879211426 0.6075909733772278
vt 0.47796201705932617 0.6075812578201294
vt 0.4828198552131653 0.6076884269714355
vt 0.4876769781112671 0.6074948310852051
vt 0.45327967405319214 0.607702910900116
vt 0.49255889654159546 0.6074191331863403
vt 0.4583010971546173 0.642773449420929
vt 0.46331343054771423 0.6429186463356018
vt 0.46832892298698425 0.6427567005157471
vt 0.47327902913093567 0.6427122354507446
vt 0.4781931936740875 0.6427200436592102
vt 0.48307856917381287 0.6428468823432922
vt 0.48796477913856506 0.6426652669906616
vt 0.45335283875465393 0.6427381634712219
vt 0.4928761422634125 0.6426029205322266
vt 0.4582339823246002 0.6776869893074036
vt 0.4632909595966339 0.6778608560562134
vt 0.46835288405418396 0.6777171492576599
vt 0.4733444154262543 0.6776922345161438
vt 0.47829821705818176 0.6777193546295166
vt 0.4832211434841156 0.6778677105903625
vt 0.4881454408168793 0.6776981353759766
vt 0.4532437026500702 0.6776243448257446
vt 0.49309656023979187 0.6776496171951294
vt 0.8950812816619873 0.05536770820617676
vt 0.8950812816619873 0.05536770820617676
vt 0.887225329875946 0.05296885967254639
vt 0.887225329875946 0.05296885967254639
vt 0.887225329875946 0.05296885967254639
vt 0.8912851810455322 0.7860828042030334
vt 0.8946896195411682 0.057709574699401855
vt 0.8897647857666016 0.794704794883728
vt 0.8876203298568726 0.6356402039527893
vt 0.8991437554359436 0.06120312213897705
vt 0.8876203298568726 0.799759566783905
vt 0.8812156915664673 0.04736888408660889
vt 0.8812156915664673 0.04736888408660889
vt 0.8793845176696777 0.04888021945953369
vt 0.889764666557312 0.7774609923362732
vt 0.8876203298568726 0.7724063396453857
vt 0.8741304874420166 0.04677319526672363
vt 0.8876203298568726 0.7724063396453857
vt 0.8771532773971558 0.04033803939819336
vt 0.8771532773971558 0.04033803939819336
vt 0.875302791595459 0.03233480453491211
vt 0.875302791595459 0.03233480453491211
vt 0.8912849426269531 0.7587295770645142
vt 0.875302791595459 0.03233480453491211
vt 0.8897645473480225 0.7673516273498535
vt 0.8749293684959412 0.04116952419281006
vt 0.8771477937698364 0.0243302583694458
vt 0.8771477937698364 0.0243302583694458
vt 0.8991296291351318 0.032324910163879395
vt 0.874923586845398 0.023500263690948486
vt 0.889764666557312 0.7501077055931091
vt 0.8741208910942078 0.01789689064025879
vt 0.887620210647583 0.7450529932975769
vt 0.887620210647583 0.7450529932975769
vt 0.8812057375907898 0.01729661226272583
vt 0.8812057375907898 0.01729661226272583
vt 0.8872114419937134 0.01169276237487793
vt 0.8872114419937134 0.01169276237487793
vt 0.8872114419937134 0.01169276237487793
vt 0.8912850618362427 0.7313764095306396
vt 0.8793733716011047 0.015786588191986084
vt 0.8897645473480225 0.7399984002113342
vt 0.89506596326828 0.009288132190704346
vt 0.89506596326828 0.009288132190704346
vt 0.8946726322174072 0.006946682929992676
vt 0.8897645473480225 0.7227545976638794
vt 0.887620210647583 0.7176998853683472
vt 0.8991239070892334 0.00345003604888916
vt 0.887620210647583 0.7176998853683472
vt 0.9031859636306763 0.00928562879562378
vt 0.9031859636306763 0.00928562879562378
vt 0.9110419154167175 0.011684596538543701
vt 0.9110419154167175 0.011684596538543701
vt 0.9110419154167175 0.011684596538543701
vt 0.8912849426269531 0.7040233612060547
vt 0.9035775661468506 0.006943821907043457
vt 0.8897645473480225 0.7126451134681702
vt 0.9170514941215515 0.017284631729125977
vt 0.9170514941215515 0.017284631729125977
vt 0.9188826084136963 0.01577317714691162
vt 0.8897645473480225 0.6954014301300049
vt 0.887620210647583 0.6903466582298279
vt 0.9241364598274231 0.017879843711853027
vt 0.887620210647583 0.6903466582298279
vt 0.9211139678955078 0.024315595626831055
vt 0.9211139678955078 0.024315595626831055
vt 0.9229645133018494 0.0323185920715332
vt 0.9229645133018494 0.0323185920715332
vt 0.8912849426269531 0.6766700148582458
vt 0.9229645133018494 0.0323185920715332
vt 0.889764666557312 0.6852922439575195
vt 0.9233380556106567 0.023483872413635254
vt 0.9211195111274719 0.04032278060913086
vt 0.9211195111274719 0.04032278060913086
vt 0.923344075679779 0.0411531925201416
vt 0.8897645473480225 0.668048083782196
vt 0.887620210647583 0.6629935503005981
vt 0.9241464734077454 0.04675638675689697
vt 0.887620210647583 0.6629935503005981
vt 0.9170618653297424 0.047356605529785156
vt 0.9170618653297424 0.047356605529785156
vt 0.9110561609268188 0.05296063423156738
vt 0.9110561609268188 0.05296063423156738
vt 0.9110561609268188 0.05296063423156738
vt 0.8912850618362427 0.6493168473243713
vt 0.9188938736915588 0.0488666296005249
vt 0.8897645473480225 0.6579388976097107
vt 0.9032017588615417 0.05536508560180664
vt 0.9032017588615417 0.05536508560180664
vt 0.9035947322845459 0.057706236839294434
vt 0.8897645473480225 0.6406949162483215
vt 0.45135945081710815 0.219984769821167
vt 0.8744950294494629 0.6903467178344727
vt 0.8744950294494629 0.6903467178344727
vt 0.41033226251602173 0.19629156589508057
vt 0.8744951486587524 0.6356402039527893
vt 0.874495267868042 0.799759566783905
vt 0.41032665967941284 0.24366891384124756
vt 0.8744950294494629 0.7450529932975769
vt 0.8744950294494629 0.7450529932975769
vt 0.43767982721328735 0.24367201328277588
vt 0.8744951486587524 0.7176998853683472
vt 0.8744951486587524 0.7176998853683472
vt 0.43768560886383057 0.1962948441505432
vt 0.8744951486587524 0.6629935503005981
vt 0.8744951486587524 0.6629935503005981
vt 0.3966527581214905 0.21997874975204468
vt 0.8744951486587524 0.7724063396453857
vt 0.8744951486587524 0.7724063396453857
vt 0.564448356628418 0.04998582601547241
vt 0.564448356628418 0.04998582601547241
vt 0.572452187538147 0.05183380842208862
vt 0.572452187538147 0.05183380842208862
vt 0.572452187538147 0.05183380842208862
vt 0.07109896093606949 0.9917242527008057
vt 0.5804556608200073 0.04998594522476196
vt 0.5804556608200073 0.04998594522476196
vt 0.5574162602424622 0.04592573642730713
vt 0.5574162602424622 0.04592573642730713
vt 0.5494123101234436 0.03206276893615723
vt 0.5494123101234436 0.03206276893615723
vt 0.5518143177032471 0.03991806507110596
vt 0.5518143177032471 0.03991806507110596
vt 0.098452128469944 0.9917242527008057
vt 0.5518143177032471 0.03991806507110596
vt 0.10707394033670425 0.9902037978172302
vt 0.5470708608627319 0.03245508670806885
vt 0.555905282497406 0.04775726795196533
vt 0.08983013778924942 0.9902037978172302
vt 0.5882663726806641 0.7967065572738647
vt 0.11212871968746185 0.9749341607093811
vt 0.11212871968746185 0.9749341607093811
vt 0.5882721543312073 0.769353449344635
vt 0.08477549254894257 0.9749341607093811
vt 0.08477549254894257 0.9749341607093811
vt 0.5580137372016907 0.05301058292388916
vt 0.08477548509836197 0.9880593419075012
vt 0.08477548509836197 0.9880593419075012
vt 0.6119633316993713 0.755681574344635
vt 0.057422321289777756 0.9749341607093811
vt 0.057422321289777756 0.9749341607093811
vt 0.5636175274848938 0.05220991373062134
vt 0.0797208920121193 0.9902037978172302
vt 0.6356490850448608 0.7693630456924438
vt 0.030068885535001755 0.974934458732605
vt 0.030068885535001755 0.974934458732605
vt 0.6119520664215088 0.8103880286216736
vt 0.13948188722133636 0.9749341607093811
vt 0.13948188722133636 0.9749341607093811
vt 0.635643482208252 0.7967163920402527
vt 0.002715807408094406 0.9749342203140259
vt 0.16683481633663177 0.9749340415000916
vt 0.0027158670127391815 0.9880595207214355
vt 0.5868911743164062 0.002995133399963379
vt 0.16683481633663177 0.9880593419075012
vt 0.007770519703626633 0.990203857421875
vt 0.5889994502067566 0.008248507976531982
vt 0.5930905938148499 0.01608794927597046
vt 0.0163925401866436 0.99172443151474
vt 0.5930905938148499 0.01608794927597046
vt 0.5930905938148499 0.01608794927597046
vt 0.5812872648239136 0.0037956833839416504
vt 0.16178028285503387 0.9902036786079407
vt 0.5724526047706604 0.004171967506408691
vt 0.5724526047706604 0.004171967506408691
vt 0.5724526047706604 0.004171967506408691
vt 0.1531582921743393 0.9917240142822266
vt 0.5636179447174072 0.003795444965362549
vt 0.14453642070293427 0.9902036786079407
vt 0.5804561972618103 0.006019949913024902
vt 0.5804561972618103 0.006019949913024902
vt 0.5644489526748657 0.006019532680511475
vt 0.5644489526748657 0.006019532680511475
vt 0.5574166178703308 0.01007986068725586
vt 0.5574166178703308 0.01007986068725586
vt 0.551814615726471 0.01608717441558838
vt 0.551814615726471 0.01608717441558838
vt 0.551814615726471 0.01608717441558838
vt 0.12580506503582 0.9917241334915161
vt 0.5494124889373779 0.02394258975982666
vt 0.5494124889373779 0.02394258975982666
vt 0.5470708012580872 0.023550033569335938
vt 0.11718330532312393 0.9902037978172302
vt 0.11212871223688126 0.9880594611167908
vt 0.543575644493103 0.02800273895263672
vt 0.11212871223688126 0.9880594611167908
vt 0.5559056401252747 0.00824815034866333
vt 0.13442717492580414 0.9902037978172302
vt 0.5580143332481384 0.0029946565628051758
vt 0.13948188722133636 0.9880593419075012
vt 0.13948188722133636 0.9880593419075012
vt 0.5724549889564514 0.027999460697174072
vt 0.5874885320663452 0.010080218315124512
vt 0.5874885320663452 0.010080218315124512
vt 0.5954921245574951 0.02394324541091919
vt 0.5954921245574951 0.02394324541091919
vt 0.025014441460371017 0.9902039766311646
vt 0.5978338122367859 0.023550748825073242
vt 0.5954921245574951 0.03206336498260498
vt 0.5954921245574951 0.03206336498260498
vt 0.030068885535001755 0.9880595207214355
vt 0.6013292074203491 0.028003275394439697
vt 0.030068885535001755 0.9880595207214355
vt 0.5978335738182068 0.03245580196380615
vt 0.03512371703982353 0.9902040958404541
vt 0.5930903553962708 0.03991854190826416
vt 0.5930903553962708 0.03991854190826416
vt 0.5930903553962708 0.03991854190826416
vt 0.04374561831355095 0.9917243123054504
vt 0.5889989137649536 0.04775768518447876
vt 0.052367549389600754 0.9902037978172302
vt 0.5874881744384766 0.04592609405517578
vt 0.5874881744384766 0.04592609405517578
vt 0.5868903994560242 0.05301100015640259
vt 0.057422321289777756 0.9880594611167908
vt 0.057422321289777756 0.9880594611167908
vt 0.581286609172821 0.05221039056777954
vt 0.06247721239924431 0.9902037978172302
vt 0.0027182879857718945 0.6477022767066956
vt 0.25895991921424866 0.7676643133163452
vt 0.0027229406405240297 0.6710034012794495
vt 0.2359910011291504 0.7676609754562378
vt 0.008602823130786419 0.6925989985466003
vt 0.21397587656974792 0.7618058323860168
vt 0.033616095781326294 0.7284843921661377
vt 0.1783122718334198 0.7352678179740906
vt 0.022035855799913406 0.647936999797821
vt 0.02341296337544918 0.6679802536964417
vt 0.026815319433808327 0.6867097616195679
vt 0.032426442950963974 0.7052603363990784
vt 0.040274471044540405 0.723872184753418
vt 0.039680320769548416 0.6467282176017761
vt 0.041780851781368256 0.6660704612731934
vt 0.043736301362514496 0.6839588284492493
vt 0.045763757079839706 0.7022718191146851
vt 0.0478457510471344 0.7217597961425781
vt 0.05714418366551399 0.6441254019737244
vt 0.060106657445430756 0.663891613483429
vt 0.06075873225927353 0.6828988790512085
vt 0.05947616323828697 0.702327311038971
vt 0.05570676922798157 0.7222524881362915
vt 0.07520224153995514 0.6396905183792114
vt 0.0970119833946228 0.6406751275062561
vt 0.08073195070028305 0.6616374850273132
vt 0.09685230255126953 0.6637305617332458
vt 0.08056917041540146 0.6844503283500671
vt 0.10326051712036133 0.6854069232940674
vt 0.07395324110984802 0.7061892151832581
vt 0.11436218023300171 0.704459011554718
vt 0.0632031261920929 0.7254219651222229
vt 0.12888222932815552 0.7205435633659363
vt 0.11589139699935913 0.6407603025436401
vt 0.11789679527282715 0.6605961918830872
vt 0.12141597270965576 0.6791898012161255
vt 0.12728941440582275 0.6975178718566895
vt 0.13539445400238037 0.7158481478691101
vt 0.13345271348953247 0.6390583515167236
vt 0.13608920574188232 0.6580832004547119
vt 0.1382238268852234 0.6760215759277344
vt 0.14049261808395386 0.6943256855010986
vt 0.14286255836486816 0.7136268615722656
vt 0.1508619785308838 0.6362406015396118
vt 0.15441453456878662 0.6561418771743774
vt 0.1551777720451355 0.6749990582466125
vt 0.15408653020858765 0.6942088603973389
vt 0.15065300464630127 0.7139862179756165
vt 0.09927205741405487 0.8154006600379944
vt 0.1693096160888672 0.6314806938171387
vt 0.12218628823757172 0.815852165222168
vt 0.17469578981399536 0.6539251208305359
vt 0.14444725215435028 0.8104242086410522
vt 0.17469251155853271 0.676357626914978
vt 0.16408340632915497 0.7989748120307922
vt 0.16843128204345703 0.6978374719619751
vt 0.15811699628829956 0.7169987559318542
vt 0.18038074672222137 0.7841705679893494
vt 0.05002269521355629 0.7426882982254028
vt 0.14537572860717773 0.7343106269836426
vt 0.1645059883594513 0.7180324792861938
vt 0.19442814588546753 0.7673985958099365
vt 0.0996234342455864 0.7966588139533997
vt 0.1197354719042778 0.7951154112815857
vt 0.13841263949871063 0.7914412021636963
vt 0.1570136994123459 0.7857324481010437
vt 0.17559222877025604 0.7775439620018005
vt 0.0981438085436821 0.779013454914093
vt 0.11708676069974899 0.7767813801765442
vt 0.13510696589946747 0.7746116518974304
vt 0.15371352434158325 0.7723259925842285
vt 0.17337673902511597 0.7699477672576904
vt 0.09546386450529099 0.7615912556648254
vt 0.11533772200345993 0.7584017515182495
vt 0.13428205251693726 0.7575176358222961
vt 0.15365755558013916 0.7584925889968872
vt 0.1737065315246582 0.7620401382446289
vt 0.09089308977127075 0.7436048984527588
vt 0.2681771218776703 0.6953280568122864
vt 0.11286425590515137 0.737861156463623
vt 0.24583593010902405 0.69001305103302
vt 0.13556808233261108 0.7378610372543335
vt 0.22392350435256958 0.6905251145362854
vt 0.15715759992599487 0.7441672682762146
vt 0.20252889394760132 0.6955466866493225
vt 0.1767885684967041 0.7543721199035645
vt 0.1825661063194275 0.7053198218345642
vt 0.2635299861431122 0.713823139667511
vt 0.24383458495140076 0.710461437702179
vt 0.22490748763084412 0.7090716361999512
vt 0.20561495423316956 0.710038959980011
vt 0.18548667430877686 0.7130980491638184
vt 0.26066234707832336 0.7311491966247559
vt 0.24161526560783386 0.728800892829895
vt 0.22378230094909668 0.7263041734695435
vt 0.20532098412513733 0.723811686038971
vt 0.18564701080322266 0.7210341691970825
vt 0.25893381237983704 0.7488366961479187
vt 0.2387768030166626 0.7470178008079529
vt 0.2202427089214325 0.7430741190910339
vt 0.20180544257164001 0.737196683883667
vt 0.18328344821929932 0.7286165952682495
vt 0.019298700615763664 0.7119708061218262
vt 0.194736510515213 0.7501705288887024
vt 0.024732891470193863 0.5551131963729858
vt 0.13029475510120392 0.009596824645996094
vt 0.022139139473438263 0.5728565454483032
vt 0.031428758054971695 0.555462121963501
vt 0.12582533061504364 0.0051329731941223145
vt 0.0327194407582283 0.5729644894599915
vt 0.03798878565430641 0.554356038570404
vt 0.11998773366212845 0.0027193427085876465
vt 0.04307461529970169 0.5711156725883484
vt 0.044074658304452896 0.5515660643577576
vt 0.10856765508651733 0.5460691452026367
vt 0.11367116868495941 0.002723217010498047
vt 0.05410928279161453 0.5677246451377869
vt 0.10181719064712524 0.5644865036010742
vt 0.10783661156892776 0.0051444172859191895
vt 0.11528909206390381 0.5476210117340088
vt 0.11360204219818115 0.5655918121337891
vt 0.10337278991937637 0.00961369276046753
vt 0.12215626239776611 0.547378659248352
vt 0.12430977821350098 0.5653582215309143
vt 0.1009591668844223 0.015451192855834961
vt 0.12888646125793457 0.5459967851638794
vt 0.13476425409317017 0.563054621219635
vt 0.0053213718347251415 0.80140221118927
vt 0.10096292942762375 0.021768033504486084
vt 0.13504797220230103 0.5429073572158813
vt 0.022907661274075508 0.80885249376297
vt 0.14593511819839478 0.5592036247253418
vt 0.0069911968894302845 0.7948899269104004
vt 0.1033841148018837 0.027602314949035645
vt 0.02477644756436348 0.7973456382751465
vt 0.007294764742255211 0.788184404373169
vt 0.1078534722328186 0.032066285610198975
vt 0.024779191240668297 0.7867701053619385
vt 0.0061569130048155785 0.7816330790519714
vt 0.1136908158659935 0.03447991609573364
vt 0.02283065766096115 0.7764749526977539
vt 0.003442756598815322 0.7756145596504211
vt 0.12000775337219238 0.034475862979888916
vt 0.3560740053653717 0.7307818531990051
vt 0.019199425354599953 0.7654392719268799
vt 0.34044602513313293 0.7199111580848694
vt 0.12584218382835388 0.032055020332336426
vt 0.35311105847358704 0.7367920279502869
vt 0.33614102005958557 0.7306428551673889
vt 0.1303059458732605 0.02758556604385376
vt 0.3514481484889984 0.7432926893234253
vt 0.33408716320991516 0.7410372495651245
vt 0.13271960616111755 0.021747946739196777
vt 0.35119763016700745 0.7499740719795227
vt 0.3336888253688812 0.7515248656272888
vt 0.018249336630105972 0.553398609161377
vt 0.1327156126499176 0.015431225299835205
vt 0.35269585251808167 0.7565443515777588
vt 0.010684794746339321 0.5708855390548706
vt 0.3346768915653229 0.7630959749221802
vt 0.02205313742160797 0.6301974058151245
vt 0.021987566724419594 0.5924814343452454
vt 0.022176994010806084 0.6108150482177734
vt 0.03432280942797661 0.5919219255447388
vt 0.03781719505786896 0.6292186379432678
vt 0.03596813604235649 0.6101547479629517
vt 0.04653520509600639 0.5903673768043518
vt 0.05336250364780426 0.6269707083702087
vt 0.049545180052518845 0.6082442998886108
vt 0.05843687802553177 0.5879131555557251
vt 0.10181128978729248 0.5855752825737
vt 0.06852687895298004 0.6227938532829285
vt 0.09965342283248901 0.6222940683364868
vt 0.06243396922945976 0.6050981879234314
vt 0.10162198543548584 0.6035357117652893
vt 0.11418992280960083 0.5854522585868835
vt 0.11544978618621826 0.6228457689285278
vt 0.11510723829269409 0.6036947965621948
vt 0.12660610675811768 0.5844296813011169
vt 0.13124632835388184 0.6217755675315857
vt 0.1287955641746521 0.6026242971420288
vt 0.13890647888183594 0.582480788230896
vt 0.14680296182632446 0.6191483736038208
vt 0.14244216680526733 0.6004854440689087
vt 0.04425053671002388 0.809922456741333
vt 0.15090495347976685 0.5796563029289246
vt 0.08102677762508392 0.8125016093254089
vt 0.16201764345169067 0.6145187616348267
vt 0.062450993806123734 0.8102930188179016
vt 0.15537434816360474 0.5969306230545044
vt 0.044428933411836624 0.7972493767738342
vt 0.08179622143507004 0.7968149781227112
vt 0.06274586170911789 0.7967894077301025
vt 0.04369645565748215 0.7849363088607788
vt 0.08090000599622726 0.7810570597648621
vt 0.0617561861872673 0.78309565782547
vt 0.04201745241880417 0.7727510333061218
vt 0.0784757062792778 0.7655262351036072
vt 0.05989217013120651 0.7695537209510803
vt 0.03943025693297386 0.7608581781387329
vt 0.32032081484794617 0.7142332196235657
vt 0.07414399832487106 0.7504591345787048
vt 0.2855006158351898 0.7026434540748596
vt 0.056599970906972885 0.756709098815918
vt 0.3030299246311188 0.7095327377319336
vt 0.3172941505908966 0.7263259291648865
vt 0.2806120216846466 0.7179071307182312
vt 0.2992996871471405 0.7224653363227844
vt 0.31510797142982483 0.7384375333786011
vt 0.2779345214366913 0.7334576845169067
vt 0.2969982922077179 0.7360307574272156
vt 0.3139894902706146 0.7507457137107849
vt 0.2768201529979706 0.7492365837097168
vt 0.29596278071403503 0.749728262424469
vt 0.009406338445842266 0.5921121835708618
vt 0.31380847096443176 0.7629608511924744
vt 0.005910113919526339 0.6289306282997131
vt 0.27736368775367737 0.7650883793830872
vt 0.008664441294968128 0.6101101040840149
vt 0.296146422624588 0.763060986995697
vt 0.31016916036605835 0.8507393002510071
vt 0.5285924673080444 0.8169500231742859
vt 0.5295642614364624 0.6663702726364136
vt 0.3163259029388428 0.8506629467010498
vt 0.5302401781082153 0.6727116703987122
vt 0.3222535252571106 0.8489955067634583
vt 0.5308616757392883 0.6790429949760437
vt 0.32754743099212646 0.8458508253097534
vt 0.5314260125160217 0.6853629350662231
vt 0.3318469524383545 0.8414432406425476
vt 0.5319337248802185 0.6916759610176086
vt 0.3349549174308777 0.8352689743041992
vt 0.5300524830818176 0.6981659531593323
vt 0.3365550637245178 0.8286276459693909
vt 0.5278176665306091 0.7046225666999817
vt 0.3365586996078491 0.8217964768409729
vt 0.5307417511940002 0.7107993364334106
vt 0.33498716354370117 0.8150651454925537
vt 0.5333211421966553 0.7170524001121521
vt 0.3318423628807068 0.8097712993621826
vt 0.5334885120391846 0.7233814597129822
vt 0.32743459939956665 0.8054717183113098
vt 0.5335943102836609 0.7297032475471497
vt 0.3220641613006592 0.8024593591690063
vt 0.533639669418335 0.7360163927078247
vt 0.31609731912612915 0.8009395599365234
vt 0.5336242914199829 0.7423217296600342
vt 0.3099403977394104 0.8010161519050598
vt 0.5335482358932495 0.7486174702644348
vt 0.304012656211853 0.8026835918426514
vt 0.533409059047699 0.7549041509628296
vt 0.29871898889541626 0.8058281540870667
vt 0.5332118272781372 0.7611749768257141
vt 0.29441946744918823 0.8102356791496277
vt 0.5329556465148926 0.7674326300621033
vt 0.29131144285202026 0.8164100646972656
vt 0.5303301811218262 0.7735766768455505
vt 0.2897116541862488 0.823051393032074
vt 0.5273759961128235 0.7796350717544556
vt 0.28970760107040405 0.8298824429512024
vt 0.5294897556304932 0.7859997153282166
vt 0.2912794351577759 0.8366138935089111
vt 0.5312498211860657 0.7923912405967712
vt 0.2944241762161255 0.8419077396392822
vt 0.5306564569473267 0.7985699772834778
vt 0.2988317608833313 0.8462072014808655
vt 0.5300081372261047 0.8047312498092651
vt 0.304202139377594 0.849219560623169
vt 0.5293084979057312 0.8108813762664795
vt 0.33579033613204956 0.8316514492034912
vt 0.528137743473053 0.7014445662498474
vt 0.28974491357803345 0.8261699080467224
vt 0.5276511907577515 0.7827604413032532
vt 0.3365214467048645 0.8255087733268738
vt 0.5284810662269592 0.7077471017837524
vt 0.2904762029647827 0.8200274705886841
vt 0.5280638933181763 0.776567280292511
vt 0.33582061529159546 0.8180287480354309
vt 0.5332112908363342 0.7138850092887878
vt 0.29291337728500366 0.8129209280014038
vt 0.5328077673912048 0.7705597281455994
vt 0.33335310220718384 0.8387579321861267
vt 0.5321691632270813 0.694833517074585
vt 0.2904455065727234 0.8336501121520996
vt 0.5315225124359131 0.7892969250679016
vt 0.5802637934684753 0.3022281527519226
vt 0.5026764273643494 0.8138916492462158
vt 0.502821147441864 0.6693150997161865
vt 0.49854156374931335 0.8129786849021912
vt 0.49854186177253723 0.6702404618263245
vt 0.5776163935661316 0.3055846691131592
vt 0.577722430229187 0.30565011501312256
vt 0.5769256949424744 0.298891544342041
vt 0.5038016438484192 0.6755042672157288
vt 0.4995083510875702 0.6761324405670166
vt 0.5735445022583008 0.30146515369415283
vt 0.574583113193512 0.29481351375579834
vt 0.5045305490493774 0.6815927028656006
vt 0.5002856254577637 0.6820919513702393
vt 0.5706403851509094 0.29643380641937256
vt 0.5733790993690491 0.2902706265449524
vt 0.5051174163818359 0.6876193284988403
vt 0.5009307861328125 0.6880093216896057
vt 0.569156289100647 0.29080212116241455
vt 0.5733917951583862 0.28557538986206055
vt 0.5056490898132324 0.6936401128768921
vt 0.5013910531997681 0.693941593170166
vt 0.5691863894462585 0.2849953770637512
vt 0.5746229887008667 0.28104472160339355
vt 0.5060551762580872 0.6996995210647583
vt 0.5017490983009338 0.6999432444572449
vt 0.5707116723060608 0.2794109582901001
vt 0.5769841074943542 0.2769821882247925
vt 0.5064225196838379 0.7057872414588928
vt 0.502042293548584 0.7060271501541138
vt 0.5736117959022522 0.2743957042694092
vt 0.580321729183197 0.2736693024635315
vt 0.5067165493965149 0.7118738293647766
vt 0.5024205446243286 0.712102472782135
vt 0.5777255296707153 0.27028346061706543
vt 0.5844108462333679 0.2713303565979004
vt 0.5069619417190552 0.717923641204834
vt 0.5027292966842651 0.7180877327919006
vt 0.5827877521514893 0.2673691511154175
vt 0.588970959186554 0.27013087272644043
vt 0.5072084665298462 0.7239821553230286
vt 0.5028749108314514 0.7241041660308838
vt 0.588438093662262 0.2658909559249878
vt 0.5936813950538635 0.2701389789581299
vt 0.5073073506355286 0.730047881603241
vt 0.503063440322876 0.73012375831604
vt 0.5942612290382385 0.2659170627593994
vt 0.5982200503349304 0.2713660001754761
vt 0.5074263215065002 0.7361064553260803
vt 0.50309157371521 0.7361423373222351
vt 0.5998711585998535 0.26744556427001953
vt 0.6022801399230957 0.2737254500389099
vt 0.5074068903923035 0.7421654462814331
vt 0.5031632781028748 0.7421597242355347
vt 0.6048869490623474 0.27037203311920166
vt 0.6055874824523926 0.2770569324493408
vt 0.5074173212051392 0.7482186555862427
vt 0.5030748844146729 0.7481788396835327
vt 0.6089663505554199 0.2744916081428528
vt 0.607927680015564 0.28112363815307617
vt 0.5073062777519226 0.7542755007743835
vt 0.5030398964881897 0.7542111873626709
vt 0.6118423938751221 0.2795093059539795
vt 0.6091323494911194 0.2856590747833252
vt 0.5071374177932739 0.760283887386322
vt 0.5029337406158447 0.760154128074646
vt 0.6133440732955933 0.28509998321533203
vt 0.6091253161430359 0.29035401344299316
vt 0.5069735646247864 0.7663020491600037
vt 0.5026580095291138 0.7661237120628357
vt 0.6133496165275574 0.29091620445251465
vt 0.6079003810882568 0.2948892116546631
vt 0.506666362285614 0.772322416305542
vt 0.5024136900901794 0.7721189856529236
vt 0.6118239760398865 0.2965264320373535
vt 0.6055379509925842 0.2989494800567627
vt 0.5063232779502869 0.778289794921875
vt 0.5021104216575623 0.7780541181564331
vt 0.6089084148406982 0.30155766010284424
vt 0.6022047400474548 0.3022562265396118
vt 0.5059495568275452 0.7842232584953308
vt 0.5017593502998352 0.7839497327804565
vt 0.6047683358192444 0.3056449294090271
vt 0.5981307625770569 0.304584801197052
vt 0.5055071115493774 0.7901403903961182
vt 0.501345157623291 0.7898141145706177
vt 0.5997353196144104 0.30850791931152344
vt 0.5935889482498169 0.30577552318573
vt 0.5049664378166199 0.7960331439971924
vt 0.5008551478385925 0.7956306338310242
vt 0.5941380858421326 0.309994101524353
vt 0.5888901948928833 0.3057875633239746
vt 0.5043972134590149 0.8019430041313171
vt 0.500192403793335 0.801460325717926
vt 0.588342547416687 0.30999207496643066
vt 0.5843505263328552 0.30457979440689087
vt 0.5036361217498779 0.8078773021697998
vt 0.49950119853019714 0.807284414768219
vt 0.5827422142028809 0.30850934982299805
vt 0.966200590133667 0.9812335968017578
vt 0.5017879009246826 0.5119428038597107
vt 0.5027554631233215 0.6625068783760071
vt 0.9600435495376587 0.9811627268791199
vt 0.5011109709739685 0.5182963013648987
vt 0.9541147947311401 0.9795007109642029
vt 0.5004881620407104 0.524637758731842
vt 0.9488179087638855 0.9763606190681458
vt 0.4999248683452606 0.5309654474258423
vt 0.9445146322250366 0.9719566106796265
vt 0.49942007660865784 0.5372802019119263
vt 0.9414010643959045 0.9657852053642273
vt 0.5013042688369751 0.5437700152397156
vt 0.9397952556610107 0.959145188331604
vt 0.5035349726676941 0.5502194166183472
vt 0.9397854208946228 0.9523141384124756
vt 0.5006170272827148 0.5563862323760986
vt 0.9413512349128723 0.9455813765525818
vt 0.49804171919822693 0.5626307725906372
vt 0.9444912075996399 0.940284788608551
vt 0.4978742301464081 0.5689495205879211
vt 0.9488950967788696 0.9359813332557678
vt 0.4977685511112213 0.5752657055854797
vt 0.9542624950408936 0.9329640865325928
vt 0.4977247416973114 0.5815767645835876
vt 0.9602283239364624 0.9314391016960144
vt 0.49774184823036194 0.5878799557685852
vt 0.9663854837417603 0.931510329246521
vt 0.49782291054725647 0.5941736102104187
vt 0.9723143577575684 0.9331722259521484
vt 0.4979651868343353 0.600451648235321
vt 0.9776111245155334 0.9363125562667847
vt 0.498165100812912 0.6067123413085938
vt 0.9819146394729614 0.9407162666320801
vt 0.49842146039009094 0.6129602789878845
vt 0.9850279688835144 0.9468879103660583
vt 0.5010411143302917 0.6190956830978394
vt 0.9866337180137634 0.9535277485847473
vt 0.5039958357810974 0.625149667263031
vt 0.9866436719894409 0.9603587985038757
vt 0.501876711845398 0.6315224170684814
vt 0.9850777983665466 0.9670913815498352
vt 0.5001118779182434 0.6379212141036987
vt 0.9819378852844238 0.9723882079124451
vt 0.5007051825523376 0.6441089510917664
vt 0.9775339365005493 0.9766916632652283
vt 0.5013518929481506 0.6502755880355835
vt 0.9721662998199463 0.9797086119651794
vt 0.5020449757575989 0.6564291715621948
vt 0.9405626654624939 0.9621683955192566
vt 0.5032162070274353 0.547046422958374
vt 0.9866031408309937 0.9566465616226196
vt 0.5037189722061157 0.6282789707183838
vt 0.9398258924484253 0.956026554107666
vt 0.5028729438781738 0.5533384084701538
vt 0.9858667254447937 0.9505046010017395
vt 0.503305971622467 0.6220801472663879
vt 0.9405202269554138 0.9485457539558411
vt 0.498151034116745 0.5594677925109863
vt 0.9834229350090027 0.9434001445770264
vt 0.4985683262348175 0.6160824298858643
vt 0.9430060982704163 0.9692727327346802
vt 0.499185711145401 0.5404378771781921
vt 0.9859089851379395 0.9641273617744446
vt 0.49983999133110046 0.6348230242729187
vt 0.8810861110687256 0.15323245525360107
vt 0.528576672077179 0.5148888826370239
vt 0.5287106037139893 0.6594730019569397
vt 0.5329322814941406 0.6585407853126526
vt 0.5329357385635376 0.5158264636993408
vt 0.8776638507843018 0.1557905077934265
vt 0.8777408599853516 0.15588492155075073
vt 0.8844342231750488 0.1565672755241394
vt 0.5276109576225281 0.521119236946106
vt 0.531904935836792 0.5217760801315308
vt 0.8818566799163818 0.15995192527770996
vt 0.8884978294372559 0.15891510248184204
vt 0.5268471240997314 0.5272249579429626
vt 0.5311132073402405 0.5277432799339294
vt 0.8868880271911621 0.16283941268920898
vt 0.8930279016494751 0.1601271629333496
vt 0.5262148380279541 0.5332772731781006
vt 0.5304540991783142 0.5337027907371521
vt 0.8924791812896729 0.16432428359985352
vt 0.8977183103561401 0.16012006998062134
vt 0.5257079601287842 0.5393003225326538
vt 0.5299042463302612 0.5396239161491394
vt 0.898267388343811 0.164328932762146
vt 0.9022461175918579 0.15889722108840942
vt 0.5252705216407776 0.5453236103057861
vt 0.529544472694397 0.5455729961395264
vt 0.9038808345794678 0.1628246307373047
vt 0.9063012599945068 0.15654408931732178
vt 0.524894118309021 0.5513861179351807
vt 0.529252827167511 0.5516271591186523
vt 0.9088903665542603 0.15989995002746582
vt 0.9096076488494873 0.15321564674377441
vt 0.5245998501777649 0.5574515461921692
vt 0.5288761854171753 0.5576785206794739
vt 0.9129754304885864 0.1558007001876831
vt 0.9119507074356079 0.14914333820343018
vt 0.5243620276451111 0.5634786486625671
vt 0.5285680294036865 0.5636375546455383
vt 0.9158761501312256 0.15077579021453857
vt 0.9131587743759155 0.1446017026901245
vt 0.5241450667381287 0.5695098042488098
vt 0.5284256339073181 0.569601833820343
vt 0.9173785448074341 0.14516258239746094
vt 0.9131466150283813 0.13989847898483276
vt 0.5239956378936768 0.5755888819694519
vt 0.5283526182174683 0.5756564140319824
vt 0.9173742532730103 0.1393446922302246
vt 0.9119126796722412 0.1353551149368286
vt 0.5239676833152771 0.5816630721092224
vt 0.5282241702079773 0.5816960334777832
vt 0.9158607721328735 0.1337164044380188
vt 0.909563422203064 0.13127148151397705
vt 0.5239002108573914 0.5877283811569214
vt 0.5282558798789978 0.5877322554588318
vt 0.9129433631896973 0.12867999076843262
vt 0.9062380790710449 0.12794142961502075
vt 0.5239453911781311 0.5937984585762024
vt 0.5282288789749146 0.5937837362289429
vt 0.9088366031646729 0.12455648183822632
vt 0.9021703004837036 0.12558770179748535
vt 0.5240318179130554 0.5998180508613586
vt 0.5282608866691589 0.5997570753097534
vt 0.9037870168685913 0.12165415287017822
vt 0.8976324796676636 0.12437117099761963
vt 0.5242029428482056 0.6057918667793274
vt 0.5283674597740173 0.605657160282135
vt 0.8981825113296509 0.12016820907592773
vt 0.8929373025894165 0.12437504529953003
vt 0.5244024395942688 0.6117691993713379
vt 0.5286436080932617 0.6115564107894897
vt 0.8923914432525635 0.12016618251800537
vt 0.8884049654006958 0.1255948543548584
vt 0.5246902108192444 0.6177895665168762
vt 0.529013991355896 0.6175475716590881
vt 0.8867857456207275 0.12166523933410645
vt 0.8843417167663574 0.1279507875442505
vt 0.5250705480575562 0.6237913370132446
vt 0.5293192267417908 0.6235496997833252
vt 0.8817551136016846 0.12457150220870972
vt 0.8810267448425293 0.1312832236289978
vt 0.5254517197608948 0.6297512054443359
vt 0.5296654105186462 0.6294800639152527
vt 0.87764573097229 0.1286870241165161
vt 0.8786821365356445 0.13536351919174194
vt 0.5258876085281372 0.6356911063194275
vt 0.5300741195678711 0.6353726387023926
vt 0.8747372627258301 0.13373804092407227
vt 0.8774733543395996 0.13990390300750732
vt 0.5264039635658264 0.6416076421737671
vt 0.53055340051651 0.6412268877029419
vt 0.8732609748840332 0.13936078548431396
vt 0.8774862289428711 0.14460331201553345
vt 0.527032732963562 0.6474935412406921
vt 0.5311234593391418 0.6470141410827637
vt 0.8732725381851196 0.14515817165374756
vt 0.8787188529968262 0.14913982152938843
vt 0.5277501344680786 0.6534145474433899
vt 0.5319037437438965 0.652771532535553
vt 0.8747823238372803 0.15076744556427002
vn 0 -1 0
vn 0.9969140266322428 0 -0.07850110511252634
vn 0 -1 0
vn 0.3089888406871584 0 -0.9510656635221386
vn 0 -1 0
vn 0.5878029905505621 0 -0.8090041064789572
vn 0 -1 0
vn 0.8090041064789572 0 -0.5878029905505621
vn 0 -1 0
vn 0.9510656635221386 0 -0.3089888406871584
vn 0 1 0
vn -0.9969140266322428 0 0.07850110511252634
vn 0 1 0
vn -0.9510656635221386 0 0.3089888406871584
vn 0 1 0
vn -0.8090041064789572 0 0.5878029905505621
vn 0 1 0
vn -0.5878029905505621 0 0.8090041064789572
vn 0 1 0
vn -0.3089888406871584 0 0.9510656635221386
vn 0 0 -1
vn 0 -1 0
vn 0 0 1
vn 0 1 0
vn 0 0 1
vn -0.9987290383785371 -0.050401467235411564 0
vn 0 0 1
vn -0.9805229371060146 -0.19640460740266377 0
vn 0 0 1
vn -0.9238766775726099 -0.3826903247240456 0
vn 0 0 1
vn -0.831465248302455 -0.5555767641517567 0
vn 0 0 1
vn -0.7071067811865476 -0.7071067811865476 0
vn 0 0 1
vn -0.5555767641517567 -0.831465248302455 0
vn 0 0 1
vn -0.3826903247240456 -0.9238766775726099 0
vn 0 0 1
vn 0 0 1
vn -0.2903099384062709 -0.9569326724814797 0
vn -1 0 0
vn 0 0 -1
vn 0 0 -1
vn -0.9987290383785371 -0.050401467235411564 0
vn 0 0 -1
vn -0.9805229371060146 -0.19640460740266377 0
vn 0 0 -1
vn -0.9238766775726099 -0.3826903247240456 0
vn 0 0 -1
vn -0.831465248302455 -0.5555767641517567 0
vn 0 0 -1
vn -0.7071067811865476 -0.7071067811865476 0
vn 0 0 -1
vn -0.5555767641517567 -0.831465248302455 0
vn 0 0 -1
vn -0.3826903247240456 -0.9238766775726099 0
vn 0 0 -1
vn 0 0 -1
vn -0.2903099384062709 -0.9569326724814797 0
vn -1 0 0
vn 0 0 1
vn 0 -1 0
vn 0 0 -1
vn 0 -1 0
vn 0 0 1
vn -0.9951865450286771 -0.09799867649047608 0
vn 0 0 1
vn -0.3826903247240456 -0.9238766775726099 0
vn 0 0 1
vn -0.7071067811865476 -0.7071067811865476 0
vn 0 0 1
vn -0.9238766775726099 -0.3826903247240456 0
vn 0 0 -1
vn -0.9951865450286771 -0.09799867649047608 0
vn 0 0 -1
vn -0.3826903247240456 -0.9238766775726099 0
vn 0 0 -1
vn -0.7071067811865476 -0.7071067811865476 0
vn 0 0 -1
vn -0.9238766775726099 -0.3826903247240456 0
vn 0 0 1
vn 0 0 1
vn 0 -1 0
vn 0 -1 0
vn 0 0 -1
vn 0 0 -1
vn 0 -1 0
vn 0 -1 0
vn 0 0 -1
vn 0.3826903247240456 -0.9238766775726099 0
vn 0 0 1
vn 0.3826903247240456 -0.9238766775726099 0
vn 0 0 -1
vn 0.7071067811865476 -0.7071067811865476 0
vn 0 0 1
vn 0 0 1
vn 0.7071067811865476 -0.7071067811865476 0
vn 0 0 -1
vn 0.9238766775726099 -0.3826903247240456 0
vn 0 0 1
vn 0.9238766775726099 -0.3826903247240456 0
vn 0 0 -1
vn 1 0 0
vn 0 0 1
vn 1 0 0
vn 0 0 -1
vn 0.9238766775726099 0.3826903247240456 0
vn 0 0 1
vn 0.9238766775726099 0.3826903247240456 0
vn 0 0 1
vn 0.7071067811865476 0.7071067811865476 0
vn 0 0 -1
vn 0.7071067811865476 0.7071067811865476 0
vn 0 0 -1
vn 0.3826903247240456 0.9238766775726099 0
vn 0 0 1
vn 0.3826903247240456 0.9238766775726099 0
vn 0 0 1
vn 0 1 0
vn 0 0 -1
vn 0 1 0
vn 0 0 -1
vn -0.9238766775726099 -0.3826903247240456 0
vn 0 0 1
vn -0.9238766775726099 -0.3826903247240456 0
vn 0 0 -1
vn -0.9805229371060146 -0.19640460740266377 0
vn 0 0 1
vn -0.9805229371060146 -0.19640460740266377 0
vn 0 0 -1
vn -0.3826903247240456 -0.9238766775726099 0
vn 0 0 1
vn -0.3826903247240456 -0.9238766775726099 0
vn 0 0 -1
vn -0.9238766775726099 -0.3826903247240456 0
vn 0 0 1
vn -0.9238766775726099 -0.3826903247240456 0
vn 0 0 -1
vn -0.7071067811865476 -0.7071067811865476 0
vn 0 0 1
vn -0.7071067811865476 -0.7071067811865476 0
vn 0 0 -1
vn 0 0 -1
vn -0.9987290383785371 -0.050401467235411564 0
vn 0 0 1
vn 0 0 1
vn -0.9987290383785371 -0.050401467235411564 0
vn 0 0 -1
vn -0.5555767641517567 -0.831465248302455 0
vn 0 0 1
vn -0.5555767641517567 -0.831465248302455 0
vn 0 0 -1
vn -0.9951865450286771 -0.09799867649047608 0
vn 0 0 1
vn -0.9951865450286771 -0.09799867649047608 0
vn 0 0 1
vn 0 -1 0
vn 0 0 -1
vn 0 -1 0
vn 0 0 1
vn -0.831465248302455 -0.5555767641517567 0
vn 0 0 -1
vn -0.831465248302455 -0.5555767641517567 0
vn 0 0 1
vn -0.3826903247240456 -0.9238766775726099 0
vn 0 0 -1
vn -0.3826903247240456 -0.9238766775726099 0
vn 0 0 1
vn -0.7071067811865476 -0.7071067811865476 0
vn 0 0 -1
vn -0.7071067811865476 -0.7071067811865476 0
vn 0 0 1
vn 0 0 1
vn -0.2903099384062709 -0.9569326724814797 0
vn -1 0 0
vn 0 0 -1
vn 0 0 -1
vn -0.2903099384062709 -0.9569326724814797 0
vn -1 0 0
vn 0 0 -1
vn -0.9238766775726099 -0.3826903247240456 0
vn 0 0 1
vn -0.9238766775726099 -0.3826903247240456 0
vn 0 0 -1
vn -0.9806229618544041 -0.1959045856632662 0
vn 0 0 1
vn -0.9806229618544041 -0.1959045856632662 0
vn 0 0 -1
vn -0.3826903247240456 -0.9238766775726099 0
vn 0 0 1
vn -0.3826903247240456 -0.9238766775726099 0
vn 0 0 -1
vn -0.9260082244347182 -0.37750333545448383 0
vn 0 0 1
vn -0.9260082244347182 -0.37750333545448383 0
vn 0 0 -1
vn -0.7071067811865476 -0.7071067811865476 0
vn 0 0 1
vn -0.7071067811865476 -0.7071067811865476 0
vn 0 0 -1
vn 0 0 -1
vn -0.99875433308982 -0.04989771672440448 0
vn 0 0 1
vn 0 0 1
vn -0.99875433308982 -0.04989771672440448 0
vn 0 0 -1
vn -0.5555767641517567 -0.831465248302455 0
vn 0 0 1
vn -0.5555767641517567 -0.831465248302455 0
vn 0 0 -1
vn -0.9919404227778047 -0.1267051603502801 0
vn 0 0 1
vn -0.9919404227778047 -0.1267051603502801 0
vn 0 0 1
vn 0 -1 0
vn 0 0 -1
vn 0 -1 0
vn 0 0 1
vn -0.831465248302455 -0.5555767641517567 0
vn 0 0 -1
vn -0.831465248302455 -0.5555767641517567 0
vn 0 0 1
vn -0.40197780892013746 -0.9156494095098655 0
vn 0 0 -1
vn -0.40197780892013746 -0.9156494095098655 0
vn 0 0 1
vn -0.7071067811865476 -0.7071067811865476 0
vn 0 0 -1
vn -0.7071067811865476 -0.7071067811865476 0
vn 0 0 1
vn 0 0 1
vn -0.33011432159968296 -0.9439409593161964 0
vn -0.997623459789849 -0.0689016144726042 0
vn 0 0 -1
vn 0 0 -1
vn -0.33011432159968296 -0.9439409593161964 0
vn -0.997623459789849 -0.0689016144726042 0
vn 0 0 1
vn 0 0 1
vn -0.9987290383785371 0.050401467235411564 0
vn 0 0 1
vn -0.9805229371060146 0.19640460740266377 0
vn 0 0 1
vn -0.9238766775726099 0.3826903247240456 0
vn 0 0 1
vn -0.831465248302455 0.5555767641517567 0
vn 0 0 1
vn -0.7071067811865476 0.7071067811865476 0
vn 0 0 1
vn -0.5555767641517567 0.831465248302455 0
vn 0 0 1
vn -0.3826903247240456 0.9238766775726099 0
vn 0 0 1
vn 0 0 1
vn -0.2903099384062709 0.9569326724814797 0
vn -1 0 0
vn 0 0 -1
vn 0 0 -1
vn -0.9987290383785371 0.050401467235411564 0
vn 0 0 -1
vn -0.9805229371060146 0.19640460740266377 0
vn 0 0 -1
vn -0.9238766775726099 0.3826903247240456 0
vn 0 0 -1
vn -0.831465248302455 0.5555767641517567 0
vn 0 0 -1
vn -0.7071067811865476 0.7071067811865476 0
vn 0 0 -1
vn -0.5555767641517567 0.831465248302455 0
vn 0 0 -1
vn -0.3826903247240456 0.9238766775726099 0
vn 0 0 -1
vn 0 0 -1
vn -0.2903099384062709 0.9569326724814797 0
vn -1 0 0
vn 0 0 1
vn 0 1 0
vn 0 0 -1
vn 0 1 0
vn 0 0 1
vn -0.9951865450286771 0.09799867649047608 0
vn 0 0 1
vn -0.3826903247240456 0.9238766775726099 0
vn 0 0 1
vn -0.7071067811865476 0.7071067811865476 0
vn 0 0 1
vn -0.9238766775726099 0.3826903247240456 0
vn 0 0 -1
vn -0.9951865450286771 0.09799867649047608 0
vn 0 0 -1
vn -0.3826903247240456 0.9238766775726099 0
vn 0 0 -1
vn -0.7071067811865476 0.7071067811865476 0
vn 0 0 -1
vn -0.9238766775726099 0.3826903247240456 0
vn 0 0 1
vn 0 0 1
vn 0 1 0
vn 0 1 0
vn 0 0 -1
vn 0 0 -1
vn 0 1 0
vn 0 1 0
vn 0 0 -1
vn 0.3826903247240456 0.9238766775726099 0
vn 0 0 1
vn 0 0 1
vn 0.3826903247240456 0.9238766775726099 0
vn 0 0 -1
vn 0.7071067811865476 0.7071067811865476 0
vn 0 0 1
vn 0.7071067811865476 0.7071067811865476 0
vn 0 0 -1
vn 0.9238766775726099 0.3826903247240456 0
vn 0 0 1
vn 0.9238766775726099 0.3826903247240456 0
vn 0 0 -1
vn 1 0 0
vn 0 0 1
vn 1 0 0
vn 0 0 -1
vn 0.9238766775726099 -0.3826903247240456 0
vn 0 0 1
vn 0.9238766775726099 -0.3826903247240456 0
vn 0 0 1
vn 0.7071067811865476 -0.7071067811865476 0
vn 0 0 -1
vn 0.7071067811865476 -0.7071067811865476 0
vn 0 0 -1
vn 0.3826903247240456 -0.9238766775726099 0
vn 0 0 1
vn 0.3826903247240456 -0.9238766775726099 0
vn 0 0 1
vn 0 -1 0
vn 0 0 -1
vn 0 -1 0
vn 0 0 -1
vn -0.9238766775726099 0.3826903247240456 0
vn 0 0 1
vn -0.9238766775726099 0.3826903247240456 0
vn 0 0 -1
vn -0.9805229371060146 0.19640460740266377 0
vn 0 0 1
vn -0.9805229371060146 0.19640460740266377 0
vn 0 0 -1
vn -0.3826903247240456 0.9238766775726099 0
vn 0 0 1
vn -0.3826903247240456 0.9238766775726099 0
vn 0 0 -1
vn -0.9238766775726099 0.3826903247240456 0
vn 0 0 1
vn -0.9238766775726099 0.3826903247240456 0
vn 0 0 -1
vn -0.7071067811865476 0.7071067811865476 0
vn 0 0 1
vn -0.7071067811865476 0.7071067811865476 0
vn 0 0 -1
vn 0 0 -1
vn -0.9987290383785371 0.050401467235411564 0
vn 0 0 1
vn 0 0 1
vn -0.9987290383785371 0.050401467235411564 0
vn 0 0 -1
vn -0.5555767641517567 0.831465248302455 0
vn 0 0 1
vn -0.5555767641517567 0.831465248302455 0
vn 0 0 -1
vn -0.9951865450286771 0.09799867649047608 0
vn 0 0 1
vn -0.9951865450286771 0.09799867649047608 0
vn 0 0 1
vn 0 1 0
vn 0 0 -1
vn 0 1 0
vn 0 0 1
vn -0.831465248302455 0.5555767641517567 0
vn 0 0 -1
vn -0.831465248302455 0.5555767641517567 0
vn 0 0 1
vn -0.3826903247240456 0.9238766775726099 0
vn 0 0 -1
vn -0.3826903247240456 0.9238766775726099 0
vn 0 0 1
vn -0.7071067811865476 0.7071067811865476 0
vn 0 0 -1
vn -0.7071067811865476 0.7071067811865476 0
vn 0 0 1
vn 0 0 1
vn -0.2903099384062709 0.9569326724814797 0
vn -1 0 0
vn 0 0 -1
vn 0 0 -1
vn -0.2903099384062709 0.9569326724814797 0
vn -1 0 0
vn 0 0 -1
vn -0.9238766775726099 0.3826903247240456 0
vn 0 0 1
vn -0.9238766775726099 0.3826903247240456 0
vn 0 0 -1
vn -0.9806229618544041 0.1959045856632662 0
vn 0 0 1
vn -0.9806229618544041 0.1959045856632662 0
vn 0 0 -1
vn -0.3826903247240456 0.9238766775726099 0
vn 0 0 1
vn -0.3826903247240456 0.9238766775726099 0
vn 0 0 -1
vn -0.9260082244347182 0.37750333545448383 0
vn 0 0 1
vn -0.9260082244347182 0.37750333545448383 0
vn 0 0 -1
vn -0.7071067811865476 0.7071067811865476 0
vn 0 0 1
vn -0.7071067811865476 0.7071067811865476 0
vn 0 0 -1
vn 0 0 -1
vn -0.99875433308982 0.04989771672440448 0
vn 0 0 1
vn 0 0 1
vn -0.99875433308982 0.04989771672440448 0
vn 0 0 -1
vn -0.5555767641517567 0.831465248302455 0
vn 0 0 1
vn -0.5555767641517567 0.831465248302455 0
vn 0 0 -1
vn -0.9919404227778047 0.1267051603502801 0
vn 0 0 1
vn -0.9919404227778047 0.1267051603502801 0
vn 0 0 1
vn 0 1 0
vn 0 0 -1
vn 0 1 0
vn 0 0 1
vn -0.831465248302455 0.5555767641517567 0
vn 0 0 -1
vn -0.831465248302455 0.5555767641517567 0
vn 0 0 1
vn -0.40197780892013746 0.9156494095098655 0
vn 0 0 -1
vn -0.40197780892013746 0.9156494095098655 0
vn 0 0 1
vn -0.7071067811865476 0.7071067811865476 0
vn 0 0 -1
vn -0.7071067811865476 0.7071067811865476 0
vn 0 0 1
vn 0 0 1
vn -0.33011432159968296 0.9439409593161964 0
vn -0.997623459789849 0.0689016144726042 0
vn 0 0 -1
vn 0 0 -1
vn -0.33011432159968296 0.9439409593161964 0
vn -0.997623459789849 0.0689016144726042 0
vn 0 0 -1
vn 0 0 -1
vn 0 -1 0
vn -1 0 0
vn 0 0 -1
vn 0 0 -1
vn 0 1 0
vn -1 0 0
vn 0 0 1
vn 0 1 0
vn -1 0 0
vn 0 0 1
vn 0 -1 0
vn -1 0 0
vn 0 0 -1
vn 0 -1 0
vn -1 0 0
vn 0 0 -1
vn 0 1 0
vn -1 0 0
vn 0 0 1
vn 0 1 0
vn -1 0 0
vn 0 0 1
vn 0 -1 0
vn -1 0 0
vn 0 0 -1
vn 0 1 0
vn -1 0 0
vn 0 0 -1
vn 0 -1 0
vn -1 0 0
vn 0 0 1
vn 0 -1 0
vn -1 0 0
vn 0 0 1
vn 0 1 0
vn -1 0 0
vn 0 0 -1
vn 0 1 0
vn -0.8128203006204193 -0.5825145138958611 0
vn 0 0 -1
vn 0 -1 0
vn -0.8128203006204193 0.5825145138958611 0
vn 0 0 1
vn 0 -1 0
vn -0.8128203006204193 0.5825145138958611 0
vn 0 0 1
vn 0 1 0
vn -0.8128203006204193 -0.5825145138958611 0
vn 0 0 -1
vn -0.9177792363625072 -0.3970910138769866 0
vn 0 0 -1
vn -1 0 0
vn 0 0 -1
vn -0.9177792363625072 0.3970910138769866 0
vn 0 0 1
vn -0.9177792363625072 0.3970910138769866 0
vn 0 0 1
vn -1 0 0
vn 0 0 1
vn -0.9177792363625072 -0.3970910138769866 0
vn 0 0 1
vn 0 -1 0
vn 1 0 0
vn 0 0 1
vn 0 1 0
vn -1 0 0
vn 0 1 0
vn 0 -1 0
vn -0.9969140266322428 0 -0.07850110511252634
vn 0 -1 0
vn -0.3089888406871584 0 -0.9510656635221386
vn 0 -1 0
vn -0.5878029905505621 0 -0.8090041064789572
vn 0 -1 0
vn -0.8090041064789572 0 -0.5878029905505621
vn 0 -1 0
vn -0.9510656635221386 0 -0.3089888406871584
vn 0 1 0
vn 0.9969140266322428 0 0.07850110511252634
vn 0 1 0
vn 0.9510656635221386 0 0.3089888406871584
vn 0 1 0
vn 0.8090041064789572 0 0.5878029905505621
vn 0 1 0
vn 0.5878029905505621 0 0.8090041064789572
vn 0 1 0
vn 0.3089888406871584 0 0.9510656635221386
vn 0 0 1
vn 0.9987290383785371 -0.050401467235411564 0
vn 0 0 1
vn 0.9805229371060146 -0.19640460740266377 0
vn 0 0 1
vn 0.9238766775726099 -0.3826903247240456 0
vn 0 0 1
vn 0.831465248302455 -0.5555767641517567 0
vn 0 0 1
vn 0.7071067811865476 -0.7071067811865476 0
vn 0 0 1
vn 0.5555767641517567 -0.831465248302455 0
vn 0 0 1
vn 0.3826903247240456 -0.9238766775726099 0
vn 0 0 1
vn 0 0 1
vn 0.2903099384062709 -0.9569326724814797 0
vn 1 0 0
vn 0 0 -1
vn 0 0 -1
vn 0.9987290383785371 -0.050401467235411564 0
vn 0 0 -1
vn 0.9805229371060146 -0.19640460740266377 0
vn 0 0 -1
vn 0.9238766775726099 -0.3826903247240456 0
vn 0 0 -1
vn 0.831465248302455 -0.5555767641517567 0
vn 0 0 -1
vn 0.7071067811865476 -0.7071067811865476 0
vn 0 0 -1
vn 0.5555767641517567 -0.831465248302455 0
vn 0 0 -1
vn 0.3826903247240456 -0.9238766775726099 0
vn 0 0 -1
vn 0 0 -1
vn 0.2903099384062709 -0.9569326724814797 0
vn 1 0 0
vn 0 0 1
vn 0.9951865450286771 -0.09799867649047608 0
vn 0 0 1
vn 0.3826903247240456 -0.9238766775726099 0
vn 0 0 1
vn 0.7071067811865476 -0.7071067811865476 0
vn 0 0 1
vn 0.9238766775726099 -0.3826903247240456 0
vn 0 0 -1
vn 0.9951865450286771 -0.09799867649047608 0
vn 0 0 -1
vn 0.3826903247240456 -0.9238766775726099 0
vn 0 0 -1
vn 0.7071067811865476 -0.7071067811865476 0
vn 0 0 -1
vn 0.9238766775726099 -0.3826903247240456 0
vn 0 0 -1
vn -0.3826903247240456 -0.9238766775726099 0
vn 0 0 1
vn -0.3826903247240456 -0.9238766775726099 0
vn 0 0 -1
vn -0.7071067811865476 -0.7071067811865476 0
vn 0 0 1
vn 0 0 1
vn -0.7071067811865476 -0.7071067811865476 0
vn 0 0 -1
vn -0.9238766775726099 -0.3826903247240456 0
vn 0 0 1
vn -0.9238766775726099 -0.3826903247240456 0
vn 0 0 -1
vn -1 0 0
vn 0 0 1
vn -1 0 0
vn 0 0 -1
vn -0.9238766775726099 0.3826903247240456 0
vn 0 0 1
vn -0.9238766775726099 0.3826903247240456 0
vn 0 0 1
vn -0.7071067811865476 0.7071067811865476 0
vn 0 0 -1
vn -0.7071067811865476 0.7071067811865476 0
vn 0 0 -1
vn -0.3826903247240456 0.9238766775726099 0
vn 0 0 1
vn -0.3826903247240456 0.9238766775726099 0
vn 0 0 -1
vn 0.9238766775726099 -0.3826903247240456 0
vn 0 0 1
vn 0.9238766775726099 -0.3826903247240456 0
vn 0 0 -1
vn 0.9805229371060146 -0.19640460740266377 0
vn 0 0 1
vn 0.9805229371060146 -0.19640460740266377 0
vn 0 0 -1
vn 0.3826903247240456 -0.9238766775726099 0
vn 0 0 1
vn 0.3826903247240456 -0.9238766775726099 0
vn 0 0 -1
vn 0.9238766775726099 -0.3826903247240456 0
vn 0 0 1
vn 0.9238766775726099 -0.3826903247240456 0
vn 0 0 -1
vn 0.7071067811865476 -0.7071067811865476 0
vn 0 0 1
vn 0.7071067811865476 -0.7071067811865476 0
vn 0 0 -1
vn 0 0 -1
vn 0.9987290383785371 -0.050401467235411564 0
vn 0 0 1
vn 0 0 1
vn 0.9987290383785371 -0.050401467235411564 0
vn 0 0 -1
vn 0.5555767641517567 -0.831465248302455 0
vn 0 0 1
vn 0.5555767641517567 -0.831465248302455 0
vn 0 0 -1
vn 0.9951865450286771 -0.09799867649047608 0
vn 0 0 1
vn 0.9951865450286771 -0.09799867649047608 0
vn 0 0 1
vn 0.831465248302455 -0.5555767641517567 0
vn 0 0 -1
vn 0.831465248302455 -0.5555767641517567 0
vn 0 0 1
vn 0.3826903247240456 -0.9238766775726099 0
vn 0 0 -1
vn 0.3826903247240456 -0.9238766775726099 0
vn 0 0 1
vn 0.7071067811865476 -0.7071067811865476 0
vn 0 0 -1
vn 0.7071067811865476 -0.7071067811865476 0
vn 0 0 1
vn 0 0 1
vn 0.2903099384062709 -0.9569326724814797 0
vn 1 0 0
vn 0 0 -1
vn 0 0 -1
vn 0.2903099384062709 -0.9569326724814797 0
vn 1 0 0
vn 0 0 -1
vn 0.9238766775726099 -0.3826903247240456 0
vn 0 0 1
vn 0.9238766775726099 -0.3826903247240456 0
vn 0 0 -1
vn 0.9806229618544041 -0.1959045856632662 0
vn 0 0 1
vn 0.9806229618544041 -0.1959045856632662 0
vn 0 0 -1
vn 0.3826903247240456 -0.9238766775726099 0
vn 0 0 1
vn 0.3826903247240456 -0.9238766775726099 0
vn 0 0 -1
vn 0.9260082244347182 -0.37750333545448383 0
vn 0 0 1
vn 0.9260082244347182 -0.37750333545448383 0
vn 0 0 -1
vn 0.7071067811865476 -0.7071067811865476 0
vn 0 0 1
vn 0.7071067811865476 -0.7071067811865476 0
vn 0 0 -1
vn 0 0 -1
vn 0.99875433308982 -0.04989771672440448 0
vn 0 0 1
vn 0 0 1
vn 0.99875433308982 -0.04989771672440448 0
vn 0 0 -1
vn 0.5555767641517567 -0.831465248302455 0
vn 0 0 1
vn 0.5555767641517567 -0.831465248302455 0
vn 0 0 -1
vn 0.9919404227778047 -0.1267051603502801 0
vn 0 0 1
vn 0.9919404227778047 -0.1267051603502801 0
vn 0 0 1
vn 0.831465248302455 -0.5555767641517567 0
vn 0 0 -1
vn 0.831465248302455 -0.5555767641517567 0
vn 0 0 1
vn 0.40197780892013746 -0.9156494095098655 0
vn 0 0 -1
vn 0.40197780892013746 -0.9156494095098655 0
vn 0 0 1
vn 0.7071067811865476 -0.7071067811865476 0
vn 0 0 -1
vn 0.7071067811865476 -0.7071067811865476 0
vn 0 0 1
vn 0 0 1
vn 0.33011432159968296 -0.9439409593161964 0
vn 0.997623459789849 -0.0689016144726042 0
vn 0 0 -1
vn 0 0 -1
vn 0.33011432159968296 -0.9439409593161964 0
vn 0.997623459789849 -0.0689016144726042 0
vn 0 0 1
vn 0 0 1
vn 0.9987290383785371 0.050401467235411564 0
vn 0 0 1
vn 0.9805229371060146 0.19640460740266377 0
vn 0 0 1
vn 0.9238766775726099 0.3826903247240456 0
vn 0 0 1
vn 0.831465248302455 0.5555767641517567 0
vn 0 0 1
vn 0.7071067811865476 0.7071067811865476 0
vn 0 0 1
vn 0.5555767641517567 0.831465248302455 0
vn 0 0 1
vn 0.3826903247240456 0.9238766775726099 0
vn 0 0 1
vn 0 0 1
vn 0.2903099384062709 0.9569326724814797 0
vn 1 0 0
vn 0 0 -1
vn 0 0 -1
vn 0.9987290383785371 0.050401467235411564 0
vn 0 0 -1
vn 0.9805229371060146 0.19640460740266377 0
vn 0 0 -1
vn 0.9238766775726099 0.3826903247240456 0
vn 0 0 -1
vn 0.831465248302455 0.5555767641517567 0
vn 0 0 -1
vn 0.7071067811865476 0.7071067811865476 0
vn 0 0 -1
vn 0.5555767641517567 0.831465248302455 0
vn 0 0 -1
vn 0.3826903247240456 0.9238766775726099 0
vn 0 0 -1
vn 0 0 -1
vn 0.2903099384062709 0.9569326724814797 0
vn 1 0 0
vn 0 0 1
vn 0.9951865450286771 0.09799867649047608 0
vn 0 0 1
vn 0.3826903247240456 0.9238766775726099 0
vn 0 0 1
vn 0.7071067811865476 0.7071067811865476 0
vn 0 0 1
vn 0.9238766775726099 0.3826903247240456 0
vn 0 0 -1
vn 0.9951865450286771 0.09799867649047608 0
vn 0 0 -1
vn 0.3826903247240456 0.9238766775726099 0
vn 0 0 -1
vn 0.7071067811865476 0.7071067811865476 0
vn 0 0 -1
vn 0.9238766775726099 0.3826903247240456 0
vn 0 0 -1
vn -0.3826903247240456 0.9238766775726099 0
vn 0 0 1
vn 0 0 1
vn -0.3826903247240456 0.9238766775726099 0
vn 0 0 -1
vn -0.7071067811865476 0.7071067811865476 0
vn 0 0 1
vn -0.7071067811865476 0.7071067811865476 0
vn 0 0 -1
vn -0.9238766775726099 0.3826903247240456 0
vn 0 0 1
vn -0.9238766775726099 0.3826903247240456 0
vn 0 0 -1
vn -1 0 0
vn 0 0 1
vn -1 0 0
vn 0 0 -1
vn -0.9238766775726099 -0.3826903247240456 0
vn 0 0 1
vn -0.9238766775726099 -0.3826903247240456 0
vn 0 0 1
vn -0.7071067811865476 -0.7071067811865476 0
vn 0 0 -1
vn -0.7071067811865476 -0.7071067811865476 0
vn 0 0 -1
vn -0.3826903247240456 -0.9238766775726099 0
vn 0 0 1
vn -0.3826903247240456 -0.9238766775726099 0
vn 0 0 -1
vn 0.9238766775726099 0.3826903247240456 0
vn 0 0 1
vn 0.9238766775726099 0.3826903247240456 0
vn 0 0 -1
vn 0.9805229371060146 0.19640460740266377 0
vn 0 0 1
vn 0.9805229371060146 0.19640460740266377 0
vn 0 0 -1
vn 0.3826903247240456 0.9238766775726099 0
vn 0 0 1
vn 0.3826903247240456 0.9238766775726099 0
vn 0 0 -1
vn 0.9238766775726099 0.3826903247240456 0
vn 0 0 1
vn 0.9238766775726099 0.3826903247240456 0
vn 0 0 -1
vn 0.7071067811865476 0.7071067811865476 0
vn 0 0 1
vn 0.7071067811865476 0.7071067811865476 0
vn 0 0 -1
vn 0 0 -1
vn 0.9987290383785371 0.050401467235411564 0
vn 0 0 1
vn 0 0 1
vn 0.9987290383785371 0.050401467235411564 0
vn 0 0 -1
vn 0.5555767641517567 0.831465248302455 0
vn 0 0 1
vn 0.5555767641517567 0.831465248302455 0
vn 0 0 -1
vn 0.9951865450286771 0.09799867649047608 0
vn 0 0 1
vn 0.9951865450286771 0.09799867649047608 0
vn 0 0 1
vn 0.831465248302455 0.5555767641517567 0
vn 0 0 -1
vn 0.831465248302455 0.5555767641517567 0
vn 0 0 1
vn 0.3826903247240456 0.9238766775726099 0
vn 0 0 -1
vn 0.3826903247240456 0.9238766775726099 0
vn 0 0 1
vn 0.7071067811865476 0.7071067811865476 0
vn 0 0 -1
vn 0.7071067811865476 0.7071067811865476 0
vn 0 0 1
vn 0 0 1
vn 0.2903099384062709 0.9569326724814797 0
vn 1 0 0
vn 0 0 -1
vn 0 0 -1
vn 0.2903099384062709 0.9569326724814797 0
vn 1 0 0
vn 0 0 -1
vn 0.9238766775726099 0.3826903247240456 0
vn 0 0 1
vn 0.9238766775726099 0.3826903247240456 0
vn 0 0 -1
vn 0.9806229618544041 0.1959045856632662 0
vn 0 0 1
vn 0.9806229618544041 0.1959045856632662 0
vn 0 0 -1
vn 0.3826903247240456 0.9238766775726099 0
vn 0 0 1
vn 0.3826903247240456 0.9238766775726099 0
vn 0 0 -1
vn 0.9260082244347182 0.37750333545448383 0
vn 0 0 1
vn 0.9260082244347182 0.37750333545448383 0
vn 0 0 -1
vn 0.7071067811865476 0.7071067811865476 0
vn 0 0 1
vn 0.7071067811865476 0.7071067811865476 0
vn 0 0 -1
vn 0 0 -1
vn 0.99875433308982 0.04989771672440448 0
vn 0 0 1
vn 0 0 1
vn 0.99875433308982 0.04989771672440448 0
vn 0 0 -1
vn 0.5555767641517567 0.831465248302455 0
vn 0 0 1
vn 0.5555767641517567 0.831465248302455 0
vn 0 0 -1
vn 0.9919404227778047 0.1267051603502801 0
vn 0 0 1
vn 0.9919404227778047 0.1267051603502801 0
vn 0 -1 0
vn -0.5878029905505621 0 0.8090041064789572
vn 0 -1 0
vn -0.3089888406871584 0 0.9510656635221386
vn 0 -1 0
vn -0.8090041064789572 0 0.5878029905505621
vn 0 -1 0
vn -0.9510656635221386 0 0.3089888406871584
vn 0 -1 0
vn -0.9969140266322428 0 0.07850110511252634
vn 0 0 1
vn 0 -1 0
vn 0 0 1
vn 0 0 1
vn 0 -1 0
vn -1 0 0
vn 0 0 -1
vn 0 -1 0
vn 0 0 1
vn 0.831465248302455 0.5555767641517567 0
vn 0 0 -1
vn 0.831465248302455 0.5555767641517567 0
vn 0 0 1
vn 0.40197780892013746 0.9156494095098655 0
vn 0 0 -1
vn 0.40197780892013746 0.9156494095098655 0
vn 0 -1 0
vn 0 -1 0
vn 0.9969140266322428 0 -0.07850110511252634
vn 0 -1 0
vn 0.9510656635221386 0 -0.3089888406871584
vn 0 -1 0
vn 0.8090041064789572 0 -0.5878029905505621
vn 0 -1 0
vn 0.5878029905505621 0 -0.8090041064789572
vn 0 -1 0
vn 0.3089888406871584 0 -0.9510656635221386
vn 0 0 1
vn 0.7071067811865476 0.7071067811865476 0
vn 0 0 -1
vn 0.7071067811865476 0.7071067811865476 0
vn 0 0 1
vn 0 0 1
vn 0.33011432159968296 0.9439409593161964 0
vn 0.997623459789849 0.0689016144726042 0
vn 0 0 -1
vn 0 0 -1
vn 0.33011432159968296 0.9439409593161964 0
vn 0.997623459789849 0.0689016144726042 0
vn 0 0 -1
vn 0 0 -1
vn 0 -1 0
vn 1 0 0
vn 0 0 1
vn 0 -1 0
vn 1 0 0
vn 0 0 -1
vn 0 0 -1
vn 0 1 0
vn 1 0 0
vn 0 0 1
vn 0 1 0
vn 1 0 0
vn 0 0 1
vn 0 -1 0
vn 1 0 0
vn 0 0 -1
vn 0 -1 0
vn 1 0 0
vn 0 0 -1
vn 0 1 0
vn 1 0 0
vn 0 0 1
vn 0 1 0
vn 1 0 0
vn 0 0 1
vn 0 -1 0
vn 1 0 0
vn 0 0 -1
vn 0 1 0
vn 1 0 0
vn 0 0 -1
vn 0 -1 0
vn 1 0 0
vn 0 0 1
vn 0 -1 0
vn 1 0 0
vn 0 0 1
vn 0 1 0
vn 1 0 0
vn 0 0 -1
vn 0 1 0
vn 0.8128203006204193 -0.5825145138958611 0
vn 0 0 -1
vn 0 -1 0
vn 0.8128203006204193 0.5825145138958611 0
vn 0 0 1
vn 0 -1 0
vn 0.8128203006204193 0.5825145138958611 0
vn 0 0 1
vn 0 1 0
vn 0.8128203006204193 -0.5825145138958611 0
vn 0 0 1
vn 0 0 1
vn 0 0 1
vn 0 0 1
vn 0 1 0
vn 0 0 1
vn 0 0 1
vn 0 0 1
vn 0 0 1
vn 0 -1 0
vn 0 0 -1
vn 0.9177792363625072 -0.3970910138769866 0
vn 0 0 -1
vn 1 0 0
vn 0 0 -1
vn 0.9177792363625072 0.3970910138769866 0
vn 0 0 1
vn 0.9177792363625072 0.3970910138769866 0
vn 0 0 1
vn 1 0 0
vn 0 0 1
vn 0.9177792363625072 -0.3970910138769866 0
vn 0 0 1
vn 0 -1 0
vn -1 0 0
vn 0 0 1
vn 0 1 0
vn 1 0 0
vn 0 -1 0
vn 0.5878029905505621 0 0.8090041064789572
vn 0 -1 0
vn 0.3089888406871584 0 0.9510656635221386
vn 0 -1 0
vn 0.8090041064789572 0 0.5878029905505621
vn 0 -1 0
vn 0.9510656635221386 0 0.3089888406871584
vn 0 -1 0
vn 0.9969140266322428 0 0.07850110511252634
vn 0 0 1
vn 0 0 1
vn 0 -1 0
vn 1 0 0
vn 0 -1 0
vn -0.9969140266322428 0 -0.07850110511252634
vn 0 -1 0
vn -0.9510656635221386 0 -0.3089888406871584
vn 0 -1 0
vn -0.8090041064789572 0 -0.5878029905505621
vn 0 -1 0
vn -0.5878029905505621 0 -0.8090041064789572
vn 0 -1 0
vn -0.3089888406871584 0 -0.9510656635221386
vn 0 0 1
vn 0 -1 0
vn -1 0 0
vn -0.7069067495119212 0 -0.7073067562907129
vn 0 0 -1
vn 0 0 -1
vn 0.7069567999985592 0 -0.7072567305694567
vn 1 0 0
vn 0.7069567999985592 0 0.7072567305694567
vn 0 0 1
vn -0.7069567999985592 0 0.7072567305694567
vn -1 0 0
vn -0.712915585931191 0.034200749647790206 -0.7004153596687582
vn 0 0.04860089057577115 -0.9988182784847511
vn 0 0.04860089057577115 -0.9988182784847511
vn 0.712915585931191 0.034200749647790206 -0.7004153596687582
vn 0.9999289433585028 -0.0007000202257725523 0.011900344769455957
vn 0.7009935516731772 -0.03529967809520936 0.7122934600563164
vn 0 -0.04949872057475735 0.9987741870220024
vn -0.7009935516731772 -0.03529967809520936 0.7122934600563164
vn -0.9999289433585028 -0.0007000202257725523 0.011900344769455957
vn -0.7194928842360591 0.1352986491611326 -0.6811932655780221
vn -0.7194928842360591 0.1352986491611326 -0.6811932655780221
vn 0 0.19469289922196523 -0.9808642490133616
vn 0 0.19469289922196523 -0.9808642490133616
vn 0 0.19469289922196523 -0.9808642490133616
vn 0 0.19469289922196523 -0.9808642490133616
vn 0.7194928842360591 0.1352986491611326 -0.6811932655780221
vn 0.7194928842360591 0.1352986491611326 -0.6811932655780221
vn 0.9997151258475221 -0.004700070882199102 0.02340035224895625
vn 0.9997151258475221 -0.004700070882199102 0.02340035224895625
vn 0.6955886170551518 -0.14039771830857187 0.7045885015504071
vn 0.6955886170551518 -0.14039771830857187 0.7045885015504071
vn 0 -0.19550071010289027 0.980703559873862
vn 0 -0.19550071010289027 0.980703559873862
vn -0.6955886170551518 -0.14039771830857187 0.7045885015504071
vn -0.6955886170551518 -0.14039771830857187 0.7045885015504071
vn -0.9997151258475221 -0.004700070882199102 0.02340035224895625
vn -0.9997151258475221 -0.004700070882199102 0.02340035224895625
vn -0.719204682666308 0.2659016915771227 -0.641904132131333
vn 0 0.3826903247240456 -0.9238766775726099
vn 0 0.3826903247240456 -0.9238766775726099
vn 0.719204682666308 0.2659016915771227 -0.641904132131333
vn 0.9997143410370871 -0.00910013045419124 0.022100315619906885
vn 0.6953644906708438 -0.27498595159378103 0.6639660771004348
vn 0 -0.3826903247240456 0.9238766775726099
vn -0.6953644906708438 -0.27498595159378103 0.6639660771004348
vn -0.9997143410370871 -0.00910013045419124 0.022100315619906885
vn -0.7192065091908296 0.3860034927687674 -0.5777052022509865
vn 0 0.5555767641517567 -0.831465248302455
vn 0 0.5555767641517567 -0.831465248302455
vn 0.7192065091908296 0.3860034927687674 -0.5777052022509865
vn 0.9997135012401818 -0.013300178848827693 0.019900268357139483
vn 0.6953902829063107 -0.39929443531466297 0.5974916805832745
vn 0 -0.5555767641517567 0.831465248302455
vn -0.6953902829063107 -0.39929443531466297 0.5974916805832745
vn -0.9997135012401818 -0.013300178848827693 0.019900268357139483
vn -0.7192000093826088 0.49129998295545235 -0.49129998295545235
vn 0 0.7071067811865476 -0.7071067811865476
vn 0 0.7071067811865476 -0.7071067811865476
vn 0.7192000093826088 0.49129998295545235 -0.49129998295545235
vn 0.9997143410260362 -0.01690024181599649 0.01690024181599649
vn 0.6953598209731613 -0.5081706009679097 0.5081706009679097
vn 0 -0.7071067811865476 0.7071067811865476
vn -0.6953598209731613 -0.5081706009679097 0.5081706009679097
vn -0.9997143410260362 -0.01690024181599649 0.01690024181599649
vn -0.7192065091908296 0.5777052022509865 -0.3860034927687674
vn 0 0.831465248302455 -0.5555767641517567
vn 0 0.831465248302455 -0.5555767641517567
vn 0.7192065091908296 0.5777052022509865 -0.3860034927687674
vn 0.9997135012401818 -0.019900268357139483 0.013300178848827693
vn 0.6953902829063107 -0.5974916805832745 0.39929443531466297
vn 0 -0.831465248302455 0.5555767641517567
vn -0.6953902829063107 -0.5974916805832745 0.39929443531466297
vn -0.9997135012401818 -0.019900268357139483 0.013300178848827693
vn -0.719204682666308 0.641904132131333 -0.2659016915771227
vn 0 0.9238766775726099 -0.3826903247240456
vn 0 0.9238766775726099 -0.3826903247240456
vn 0.719204682666308 0.641904132131333 -0.2659016915771227
vn 0.9997143410370871 -0.022100315619906885 0.00910013045419124
vn 0.6953644906708438 -0.6639660771004348 0.27498595159378103
vn 0 -0.9238766775726099 0.3826903247240456
vn -0.6953644906708438 -0.6639660771004348 0.27498595159378103
vn -0.9997143410370871 -0.022100315619906885 0.00910013045419124
vn -0.7194928842360591 0.6811932655780221 -0.1352986491611326
vn 0 0.9808642490133616 -0.19469289922196523
vn 0 0.9808642490133616 -0.19469289922196523
vn 0.7194928842360591 0.6811932655780221 -0.1352986491611326
vn 0.9997151258475221 -0.02340035224895625 0.004700070882199102
vn 0.6955886170551518 -0.7045885015504071 0.14039771830857187
vn 0 -0.980703559873862 0.19550071010289027
vn -0.6955886170551518 -0.7045885015504071 0.14039771830857187
vn -0.9997151258475221 -0.02340035224895625 0.004700070882199102
vn -0.7129180290458237 0.700417743190596 -0.03410086340857376
vn 0 0.9988182784847511 -0.04860089057577115
vn 0 0.9988182784847511 -0.04860089057577115
vn 0.7129180290458237 0.700417743190596 -0.03410086340857376
vn 0.9999289433585028 -0.011900344769455957 0.0007000202257725523
vn 0.7009935516731772 -0.7122934600563164 0.03529967809520936
vn 0 -0.9987741870220024 0.04949872057475735
vn -0.7009935516731772 -0.7122934600563164 0.03529967809520936
vn -0.9999289433585028 -0.011900344769455957 0.0007000202257725523
vn 0 0 -1
vn -0.7069067459773202 0.7073067527541117 0.0001000009520502154
vn 0 0 -1
vn 0 0.9999999950000003 0.00009999999697378756
vn 0 0.9999999950000003 0.00009999999697378756
vn 0 0 -1
vn 0.7069067459773202 0.7073067527541117 0.0001000009520502154
vn 0 0 -1
vn 1 0 0
vn 0 0 -1
vn 0.7069067459773202 -0.7073067527541117 0.0001000009520502154
vn 0 0 -1
vn 0 -0.9999999950000003 0.00009999999697378756
vn 0 0 -1
vn -0.7069067459773202 -0.7073067527541117 0.0001000009520502154
vn 0 0 -1
vn -1 0 0
vn 0.7069567999985592 0 -0.7072567305694567
vn 0 0 -1
vn 0 0 -1
vn -0.7069567999985592 0 -0.7072567305694567
vn -1 0 0
vn -0.7069567999985592 0 0.7072567305694567
vn 0 0 1
vn 0.7069567999985592 0 0.7072567305694567
vn 1 0 0
vn 0.712915585931191 0.034200749647790206 -0.7004153596687582
vn 0 0.04860089057577115 -0.9988182784847511
vn 0 0.04860089057577115 -0.9988182784847511
vn -0.712915585931191 0.034200749647790206 -0.7004153596687582
vn -0.9999289433585028 -0.0007000202257725523 0.011900344769455957
vn -0.7009935516731772 -0.03529967809520936 0.7122934600563164
vn 0 -0.04949872057475735 0.9987741870220024
vn 0.7009935516731772 -0.03529967809520936 0.7122934600563164
vn 0.9999289433585028 -0.0007000202257725523 0.011900344769455957
vn 0.7194928842360591 0.1352986491611326 -0.6811932655780221
vn 0.7194928842360591 0.1352986491611326 -0.6811932655780221
vn 0 0.19469289922196523 -0.9808642490133616
vn 0 0.19469289922196523 -0.9808642490133616
vn 0 0.19469289922196523 -0.9808642490133616
vn 0 0.19469289922196523 -0.9808642490133616
vn -0.7194928842360591 0.1352986491611326 -0.6811932655780221
vn -0.7194928842360591 0.1352986491611326 -0.6811932655780221
vn -0.9997151258475221 -0.004700070882199102 0.02340035224895625
vn -0.9997151258475221 -0.004700070882199102 0.02340035224895625
vn -0.6955886170551518 -0.14039771830857187 0.7045885015504071
vn -0.6955886170551518 -0.14039771830857187 0.7045885015504071
vn 0 -0.19550071010289027 0.980703559873862
vn 0 -0.19550071010289027 0.980703559873862
vn 0.6955886170551518 -0.14039771830857187 0.7045885015504071
vn 0.6955886170551518 -0.14039771830857187 0.7045885015504071
vn 0.9997151258475221 -0.004700070882199102 0.02340035224895625
vn 0.9997151258475221 -0.004700070882199102 0.02340035224895625
vn 0.719204682666308 0.2659016915771227 -0.641904132131333
vn 0 0.3826903247240456 -0.9238766775726099
vn 0 0.3826903247240456 -0.9238766775726099
vn -0.719204682666308 0.2659016915771227 -0.641904132131333
vn -0.9997143410370871 -0.00910013045419124 0.022100315619906885
vn -0.6953644906708438 -0.27498595159378103 0.6639660771004348
vn 0 -0.3826903247240456 0.9238766775726099
vn 0.6953644906708438 -0.27498595159378103 0.6639660771004348
vn 0.9997143410370871 -0.00910013045419124 0.022100315619906885
vn 0.7192065091908296 0.3860034927687674 -0.5777052022509865
vn 0 0.5555767641517567 -0.831465248302455
vn 0 0.5555767641517567 -0.831465248302455
vn -0.7192065091908296 0.3860034927687674 -0.5777052022509865
vn -0.9997135012401818 -0.013300178848827693 0.019900268357139483
vn -0.6953902829063107 -0.39929443531466297 0.5974916805832745
vn 0 -0.5555767641517567 0.831465248302455
vn 0.6953902829063107 -0.39929443531466297 0.5974916805832745
vn 0.9997135012401818 -0.013300178848827693 0.019900268357139483
vn 0.7192000093826088 0.49129998295545235 -0.49129998295545235
vn 0 0.7071067811865476 -0.7071067811865476
vn 0 0.7071067811865476 -0.7071067811865476
vn -0.7192000093826088 0.49129998295545235 -0.49129998295545235
vn -0.9997143410260362 -0.01690024181599649 0.01690024181599649
vn -0.6953598209731613 -0.5081706009679097 0.5081706009679097
vn 0 -0.7071067811865476 0.7071067811865476
vn 0.6953598209731613 -0.5081706009679097 0.5081706009679097
vn 0.9997143410260362 -0.01690024181599649 0.01690024181599649
vn 0.7192065091908296 0.5777052022509865 -0.3860034927687674
vn 0 0.831465248302455 -0.5555767641517567
vn 0 0.831465248302455 -0.5555767641517567
vn -0.7192065091908296 0.5777052022509865 -0.3860034927687674
vn -0.9997135012401818 -0.019900268357139483 0.013300178848827693
vn -0.6953902829063107 -0.5974916805832745 0.39929443531466297
vn 0 -0.831465248302455 0.5555767641517567
vn 0.6953902829063107 -0.5974916805832745 0.39929443531466297
vn 0.9997135012401818 -0.019900268357139483 0.013300178848827693
vn 0.719204682666308 0.641904132131333 -0.2659016915771227
vn 0 0.9238766775726099 -0.3826903247240456
vn 0 0.9238766775726099 -0.3826903247240456
vn -0.719204682666308 0.641904132131333 -0.2659016915771227
vn -0.9997143410370871 -0.022100315619906885 0.00910013045419124
vn -0.6953644906708438 -0.6639660771004348 0.27498595159378103
vn 0 -0.9238766775726099 0.3826903247240456
vn 0.6953644906708438 -0.6639660771004348 0.27498595159378103
vn 0.9997143410370871 -0.022100315619906885 0.00910013045419124
vn 0.7194928842360591 0.6811932655780221 -0.1352986491611326
vn 0 0.9808642490133616 -0.19469289922196523
vn 0 0.9808642490133616 -0.19469289922196523
vn -0.7194928842360591 0.6811932655780221 -0.1352986491611326
vn -0.9997151258475221 -0.02340035224895625 0.004700070882199102
vn -0.6955886170551518 -0.7045885015504071 0.14039771830857187
vn 0 -0.980703559873862 0.19550071010289027
vn 0.6955886170551518 -0.7045885015504071 0.14039771830857187
vn 0.9997151258475221 -0.02340035224895625 0.004700070882199102
vn 0.7129180290458237 0.700417743190596 -0.03410086340857376
vn 0 0.9988182784847511 -0.04860089057577115
vn 0 0.9988182784847511 -0.04860089057577115
vn -0.7129180290458237 0.700417743190596 -0.03410086340857376
vn -0.9999289433585028 -0.011900344769455957 0.0007000202257725523
vn -0.7009935516731772 -0.7122934600563164 0.03529967809520936
vn 0 -0.9987741870220024 0.04949872057475735
vn 0.7009935516731772 -0.7122934600563164 0.03529967809520936
vn 0.9999289433585028 -0.011900344769455957 0.0007000202257725523
vn 0 0 -1
vn 0.7069067459773202 0.7073067527541117 0.0001000009520502154
vn 0 0 -1
vn 0 0.9999999950000003 0.00009999999697378756
vn 0 0.9999999950000003 0.00009999999697378756
vn 0 0 -1
vn -0.7069067459773202 0.7073067527541117 0.0001000009520502154
vn 0 0 -1
vn -1 0 0
vn 0 0 -1
vn -0.7069067459773202 -0.7073067527541117 0.0001000009520502154
vn 0 0 -1
vn 0 -0.9999999950000003 0.00009999999697378756
vn 0 0 -1
vn 0.7069067459773202 -0.7073067527541117 0.0001000009520502154
vn 0 0 -1
vn 1 0 0
vn -0.712915585931191 -0.034200749647790206 -0.7004153596687582
vn 0 -0.04860089057577115 -0.9988182784847511
vn 0 -0.04860089057577115 -0.9988182784847511
vn 0.712915585931191 -0.034200749647790206 -0.7004153596687582
vn 0.9999289433585028 0.0007000202257725523 0.011900344769455957
vn 0.7009935516731772 0.03529967809520936 0.7122934600563164
vn 0 0.04949872057475735 0.9987741870220024
vn -0.7009935516731772 0.03529967809520936 0.7122934600563164
vn -0.9999289433585028 0.0007000202257725523 0.011900344769455957
vn -0.7194928842360591 -0.1352986491611326 -0.6811932655780221
vn -0.7194928842360591 -0.1352986491611326 -0.6811932655780221
vn 0 -0.19469289922196523 -0.9808642490133616
vn 0 -0.19469289922196523 -0.9808642490133616
vn 0 -0.19469289922196523 -0.9808642490133616
vn 0 -0.19469289922196523 -0.9808642490133616
vn 0.7194928842360591 -0.1352986491611326 -0.6811932655780221
vn 0.7194928842360591 -0.1352986491611326 -0.6811932655780221
vn 0.9997151258475221 0.004700070882199102 0.02340035224895625
vn 0.9997151258475221 0.004700070882199102 0.02340035224895625
vn 0.6955886170551518 0.14039771830857187 0.7045885015504071
vn 0.6955886170551518 0.14039771830857187 0.7045885015504071
vn 0 0.19550071010289027 0.980703559873862
vn 0 0.19550071010289027 0.980703559873862
vn -0.6955886170551518 0.14039771830857187 0.7045885015504071
vn -0.6955886170551518 0.14039771830857187 0.7045885015504071
vn -0.9997151258475221 0.004700070882199102 0.02340035224895625
vn -0.9997151258475221 0.004700070882199102 0.02340035224895625
vn -0.719204682666308 -0.2659016915771227 -0.641904132131333
vn 0 -0.3826903247240456 -0.9238766775726099
vn 0 -0.3826903247240456 -0.9238766775726099
vn 0.719204682666308 -0.2659016915771227 -0.641904132131333
vn 0.9997143410370871 0.00910013045419124 0.022100315619906885
vn 0.6953644906708438 0.27498595159378103 0.6639660771004348
vn 0 0.3826903247240456 0.9238766775726099
vn -0.6953644906708438 0.27498595159378103 0.6639660771004348
vn -0.9997143410370871 0.00910013045419124 0.022100315619906885
vn -0.7192065091908296 -0.3860034927687674 -0.5777052022509865
vn 0 -0.5555767641517567 -0.831465248302455
vn 0 -0.5555767641517567 -0.831465248302455
vn 0.7192065091908296 -0.3860034927687674 -0.5777052022509865
vn 0.9997135012401818 0.013300178848827693 0.019900268357139483
vn 0.6953902829063107 0.39929443531466297 0.5974916805832745
vn 0 0.5555767641517567 0.831465248302455
vn -0.6953902829063107 0.39929443531466297 0.5974916805832745
vn -0.9997135012401818 0.013300178848827693 0.019900268357139483
vn -0.7192000093826088 -0.49129998295545235 -0.49129998295545235
vn 0 -0.7071067811865476 -0.7071067811865476
vn 0 -0.7071067811865476 -0.7071067811865476
vn 0.7192000093826088 -0.49129998295545235 -0.49129998295545235
vn 0.9997143410260362 0.01690024181599649 0.01690024181599649
vn 0.6953598209731613 0.5081706009679097 0.5081706009679097
vn 0 0.7071067811865476 0.7071067811865476
vn -0.6953598209731613 0.5081706009679097 0.5081706009679097
vn -0.9997143410260362 0.01690024181599649 0.01690024181599649
vn -0.7192065091908296 -0.5777052022509865 -0.3860034927687674
vn 0 -0.831465248302455 -0.5555767641517567
vn 0 -0.831465248302455 -0.5555767641517567
vn 0.7192065091908296 -0.5777052022509865 -0.3860034927687674
vn 0.9997135012401818 0.019900268357139483 0.013300178848827693
vn 0.6953902829063107 0.5974916805832745 0.39929443531466297
vn 0 0.831465248302455 0.5555767641517567
vn -0.6953902829063107 0.5974916805832745 0.39929443531466297
vn -0.9997135012401818 0.019900268357139483 0.013300178848827693
vn -0.719204682666308 -0.641904132131333 -0.2659016915771227
vn 0 -0.9238766775726099 -0.3826903247240456
vn 0 -0.9238766775726099 -0.3826903247240456
vn 0.719204682666308 -0.641904132131333 -0.2659016915771227
vn 0.9997143410370871 0.022100315619906885 0.00910013045419124
vn 0.6953644906708438 0.6639660771004348 0.27498595159378103
vn 0 0.9238766775726099 0.3826903247240456
vn -0.6953644906708438 0.6639660771004348 0.27498595159378103
vn -0.9997143410370871 0.022100315619906885 0.00910013045419124
vn -0.7194928842360591 -0.6811932655780221 -0.1352986491611326
vn 0 -0.9808642490133616 -0.19469289922196523
vn 0 -0.9808642490133616 -0.19469289922196523
vn 0.7194928842360591 -0.6811932655780221 -0.1352986491611326
vn 0.9997151258475221 0.02340035224895625 0.004700070882199102
vn 0.6955886170551518 0.7045885015504071 0.14039771830857187
vn 0 0.980703559873862 0.19550071010289027
vn -0.6955886170551518 0.7045885015504071 0.14039771830857187
vn -0.9997151258475221 0.02340035224895625 0.004700070882199102
vn -0.7129180290458237 -0.700417743190596 -0.03410086340857376
vn 0 -0.9988182784847511 -0.04860089057577115
vn 0 -0.9988182784847511 -0.04860089057577115
vn 0.7129180290458237 -0.700417743190596 -0.03410086340857376
vn 0.9999289433585028 0.011900344769455957 0.0007000202257725523
vn 0.7009935516731772 0.7122934600563164 0.03529967809520936
vn 0 0.9987741870220024 0.04949872057475735
vn -0.7009935516731772 0.7122934600563164 0.03529967809520936
vn -0.9999289433585028 0.011900344769455957 0.0007000202257725523
vn 0 0 -1
vn -0.7069067459773202 -0.7073067527541117 0.0001000009520502154
vn 0 0 -1
vn 0 -0.9999999950000003 0.00009999999697378756
vn 0 -0.9999999950000003 0.00009999999697378756
vn 0 0 -1
vn 0.7069067459773202 -0.7073067527541117 0.0001000009520502154
vn 0 0 -1
vn 1 0 0
vn 0 0 -1
vn 0.7069067459773202 0.7073067527541117 0.0001000009520502154
vn 0 0 -1
vn 0 0.9999999950000003 0.00009999999697378756
vn 0 0 -1
vn -0.7069067459773202 0.7073067527541117 0.0001000009520502154
vn 0 0 -1
vn -1 0 0
vn 0.712915585931191 -0.034200749647790206 -0.7004153596687582
vn 0 -0.04860089057577115 -0.9988182784847511
vn 0 -0.04860089057577115 -0.9988182784847511
vn -0.712915585931191 -0.034200749647790206 -0.7004153596687582
vn -0.9999289433585028 0.0007000202257725523 0.011900344769455957
vn -0.7009935516731772 0.03529967809520936 0.7122934600563164
vn 0 0.04949872057475735 0.9987741870220024
vn 0.7009935516731772 0.03529967809520936 0.7122934600563164
vn 0.9999289433585028 0.0007000202257725523 0.011900344769455957
vn 0.7194928842360591 -0.1352986491611326 -0.6811932655780221
vn 0.7194928842360591 -0.1352986491611326 -0.6811932655780221
vn 0 -0.19469289922196523 -0.9808642490133616
vn 0 -0.19469289922196523 -0.9808642490133616
vn 0 -0.19469289922196523 -0.9808642490133616
vn 0 -0.19469289922196523 -0.9808642490133616
vn -0.7194928842360591 -0.1352986491611326 -0.6811932655780221
vn -0.7194928842360591 -0.1352986491611326 -0.6811932655780221
vn -0.9997151258475221 0.004700070882199102 0.02340035224895625
vn -0.9997151258475221 0.004700070882199102 0.02340035224895625
vn -0.6955886170551518 0.14039771830857187 0.7045885015504071
vn -0.6955886170551518 0.14039771830857187 0.7045885015504071
vn 0 0.19550071010289027 0.980703559873862
vn 0 0.19550071010289027 0.980703559873862
vn 0.6955886170551518 0.14039771830857187 0.7045885015504071
vn 0.6955886170551518 0.14039771830857187 0.7045885015504071
vn 0.9997151258475221 0.004700070882199102 0.02340035224895625
vn 0.9997151258475221 0.004700070882199102 0.02340035224895625
vn 0.719204682666308 -0.2659016915771227 -0.641904132131333
vn 0 -0.3826903247240456 -0.9238766775726099
vn 0 -0.3826903247240456 -0.9238766775726099
vn -0.719204682666308 -0.2659016915771227 -0.641904132131333
vn -0.9997143410370871 0.00910013045419124 0.022100315619906885
vn -0.6953644906708438 0.27498595159378103 0.6639660771004348
vn 0 0.3826903247240456 0.9238766775726099
vn 0.6953644906708438 0.27498595159378103 0.6639660771004348
vn 0.9997143410370871 0.00910013045419124 0.022100315619906885
vn 0.7192065091908296 -0.3860034927687674 -0.5777052022509865
vn 0 -0.5555767641517567 -0.831465248302455
vn 0 -0.5555767641517567 -0.831465248302455
vn -0.7192065091908296 -0.3860034927687674 -0.5777052022509865
vn -0.9997135012401818 0.013300178848827693 0.019900268357139483
vn -0.6953902829063107 0.39929443531466297 0.5974916805832745
vn 0 0.5555767641517567 0.831465248302455
vn 0.6953902829063107 0.39929443531466297 0.5974916805832745
vn 0.9997135012401818 0.013300178848827693 0.019900268357139483
vn 0.7192000093826088 -0.49129998295545235 -0.49129998295545235
vn 0 -0.7071067811865476 -0.7071067811865476
vn 0 -0.7071067811865476 -0.7071067811865476
vn -0.7192000093826088 -0.49129998295545235 -0.49129998295545235
vn -0.9997143410260362 0.01690024181599649 0.01690024181599649
vn -0.6953598209731613 0.5081706009679097 0.5081706009679097
vn 0 0.7071067811865476 0.7071067811865476
vn 0.6953598209731613 0.5081706009679097 0.5081706009679097
vn 0.9997143410260362 0.01690024181599649 0.01690024181599649
vn 0.7192065091908296 -0.5777052022509865 -0.3860034927687674
vn 0 -0.831465248302455 -0.5555767641517567
vn 0 -0.831465248302455 -0.5555767641517567
vn -0.7192065091908296 -0.5777052022509865 -0.3860034927687674
vn -0.9997135012401818 0.019900268357139483 0.013300178848827693
vn -0.6953902829063107 0.5974916805832745 0.39929443531466297
vn 0 0.831465248302455 0.5555767641517567
vn 0.6953902829063107 0.5974916805832745 0.39929443531466297
vn 0.9997135012401818 0.019900268357139483 0.013300178848827693
vn 0.719204682666308 -0.641904132131333 -0.2659016915771227
vn 0 -0.9238766775726099 -0.3826903247240456
vn 0 -0.9238766775726099 -0.3826903247240456
vn -0.719204682666308 -0.641904132131333 -0.2659016915771227
vn -0.9997143410370871 0.022100315619906885 0.00910013045419124
vn -0.6953644906708438 0.6639660771004348 0.27498595159378103
vn 0 0.9238766775726099 0.3826903247240456
vn 0.6953644906708438 0.6639660771004348 0.27498595159378103
vn 0.9997143410370871 0.022100315619906885 0.00910013045419124
vn 0.7194928842360591 -0.6811932655780221 -0.1352986491611326
vn 0 -0.9808642490133616 -0.19469289922196523
vn 0 -0.9808642490133616 -0.19469289922196523
vn -0.7194928842360591 -0.6811932655780221 -0.1352986491611326
vn -0.9997151258475221 0.02340035224895625 0.004700070882199102
vn -0.6955886170551518 0.7045885015504071 0.14039771830857187
vn 0 0.980703559873862 0.19550071010289027
vn 0.6955886170551518 0.7045885015504071 0.14039771830857187
vn 0.9997151258475221 0.02340035224895625 0.004700070882199102
vn 0.7129180290458237 -0.700417743190596 -0.03410086340857376
vn 0 -0.9988182784847511 -0.04860089057577115
vn 0 -0.9988182784847511 -0.04860089057577115
vn -0.7129180290458237 -0.700417743190596 -0.03410086340857376
vn -0.9999289433585028 0.011900344769455957 0.0007000202257725523
vn -0.7009935516731772 0.7122934600563164 0.03529967809520936
vn 0 0.9987741870220024 0.04949872057475735
vn 0.7009935516731772 0.7122934600563164 0.03529967809520936
vn 0.9999289433585028 0.011900344769455957 0.0007000202257725523
vn 0 0 -1
vn 0.7069067459773202 -0.7073067527541117 0.0001000009520502154
vn 0 0 -1
vn 0 -0.9999999950000003 0.00009999999697378756
vn 0 -0.9999999950000003 0.00009999999697378756
vn 0 0 -1
vn -0.7069067459773202 -0.7073067527541117 0.0001000009520502154
vn 0 0 -1
vn -1 0 0
vn 0 0 -1
vn -0.7069067459773202 0.7073067527541117 0.0001000009520502154
vn 0 0 -1
vn 0 0.9999999950000003 0.00009999999697378756
vn 0 0 -1
vn 0.7069067459773202 0.7073067527541117 0.0001000009520502154
vn 0 0 -1
vn 1 0 0
vn 0 0 -1
vn -0.7073067527541117 -0.7069067459773202 0.0001000009520502154
vn 0 0 -1
vn 0 -1 0
vn 0 0 -1
vn 0.7073067527541117 -0.7069067459773202 0.0001000009520502154
vn 0 0 -1
vn 0.9999999950000003 0 0.00009999999697378756
vn 0 0 -1
vn 0.7073067527541117 0.7069067459773202 0.0001000009520502154
vn 0.7073067527541117 0.7069067459773202 0.0001000009520502154
vn 0 0 -1
vn 0 1 0
vn 0 0 -1
vn -0.7073067527541117 0.7069067459773202 0.0001000009520502154
vn 0 0 -1
vn -0.9999999950000003 0 0.00009999999697378756
vn -0.7122934600563164 -0.7009935516731772 0.03529967809520936
vn -0.011900344769455957 -0.9999289433585028 0.0007000202257725523
vn 0.7004153596687582 -0.712915585931191 -0.034200749647790206
vn 0.9988182784847511 0 -0.04860089057577115
vn 0.7004153596687582 0.712915585931191 -0.034200749647790206
vn 0.7004153596687582 0.712915585931191 -0.034200749647790206
vn -0.011900344769455957 0.9999289433585028 0.0007000202257725523
vn -0.7122934600563164 0.7009935516731772 0.03529967809520936
vn -0.9987741870220024 0 0.04949872057475735
vn -0.7045885015504071 -0.6955886170551518 0.14039771830857187
vn -0.023400352716157886 -0.9997151258357149 0.004700071067578989
vn 0.6811932655780221 -0.7194928842360591 -0.1352986491611326
vn 0.9808642490133616 0 -0.19469289922196523
vn 0.6811932655780221 0.7194928842360591 -0.1352986491611326
vn 0.6811932655780221 0.7194928842360591 -0.1352986491611326
vn -0.023400352716157886 0.9997151258357149 0.004700071067578989
vn -0.7045885015504071 0.6955886170551518 0.14039771830857187
vn -0.980703559873862 0 0.19550071010289027
vn -0.6639660771004348 -0.6953644906708438 0.27498595159378103
vn -0.022100315619906885 -0.9997143410370871 0.00910013045419124
vn 0.641904132131333 -0.719204682666308 -0.2659016915771227
vn 0.9238766775726099 0 -0.3826903247240456
vn 0.641904132131333 0.719204682666308 -0.2659016915771227
vn 0.641904132131333 0.719204682666308 -0.2659016915771227
vn -0.022100315619906885 0.9997143410370871 0.00910013045419124
vn -0.6639660771004348 0.6953644906708438 0.27498595159378103
vn -0.9238766775726099 0 0.3826903247240456
vn -0.5974916805832745 -0.6953902829063107 0.39929443531466297
vn -0.019900268357139483 -0.9997135012401818 0.013300178848827693
vn 0.5777052022509865 -0.7192065091908296 -0.3860034927687674
vn 0.831465248302455 0 -0.5555767641517567
vn 0.5777052022509865 0.7192065091908296 -0.3860034927687674
vn 0.5777052022509865 0.7192065091908296 -0.3860034927687674
vn -0.019900268357139483 0.9997135012401818 0.013300178848827693
vn -0.5974916805832745 0.6953902829063107 0.39929443531466297
vn -0.831465248302455 0 0.5555767641517567
vn -0.5081706009679097 -0.6953598209731613 0.5081706009679097
vn -0.016900240808951368 -0.9997143410600846 0.016900240808951368
vn 0.49129998295545235 -0.7192000093826088 -0.49129998295545235
vn 0.7071067811865476 0 -0.7071067811865476
vn 0.49129998295545235 0.7192000093826088 -0.49129998295545235
vn 0.49129998295545235 0.7192000093826088 -0.49129998295545235
vn -0.016900240808951368 0.9997143410600846 0.016900240808951368
vn -0.5081706009679097 0.6953598209731613 0.5081706009679097
vn -0.7071067811865476 0 0.7071067811865476
vn -0.39929443531466297 -0.6953902829063107 0.5974916805832745
vn -0.013300178848827693 -0.9997135012401818 0.019900268357139483
vn 0.3860034927687674 -0.7192065091908296 -0.5777052022509865
vn 0.5555767641517567 0 -0.831465248302455
vn 0.3860034927687674 0.7192065091908296 -0.5777052022509865
vn 0.3860034927687674 0.7192065091908296 -0.5777052022509865
vn -0.013300178848827693 0.9997135012401818 0.019900268357139483
vn -0.39929443531466297 0.6953902829063107 0.5974916805832745
vn -0.5555767641517567 0 0.831465248302455
vn -0.27498595159378103 -0.6953644906708438 0.6639660771004348
vn -0.27498595159378103 -0.6953644906708438 0.6639660771004348
vn -0.00910013045419124 -0.9997143410370871 0.022100315619906885
vn -0.00910013045419124 -0.9997143410370871 0.022100315619906885
vn 0.2659016915771227 -0.719204682666308 -0.641904132131333
vn 0.2659016915771227 -0.719204682666308 -0.641904132131333
vn 0.3826903247240456 0 -0.9238766775726099
vn 0.3826903247240456 0 -0.9238766775726099
vn 0.2659016915771227 0.719204682666308 -0.641904132131333
vn 0.2659016915771227 0.719204682666308 -0.641904132131333
vn 0.2659016915771227 0.719204682666308 -0.641904132131333
vn 0.2659016915771227 0.719204682666308 -0.641904132131333
vn -0.00910013045419124 0.9997143410370871 0.022100315619906885
vn -0.00910013045419124 0.9997143410370871 0.022100315619906885
vn -0.27498595159378103 0.6953644906708438 0.6639660771004348
vn -0.27498595159378103 0.6953644906708438 0.6639660771004348
vn -0.3826903247240456 0 0.9238766775726099
vn -0.3826903247240456 0 0.9238766775726099
vn -0.14040760309761344 -0.6956376242046366 0.7045381471455693
vn -0.004700071067578989 -0.9997151258357149 0.023400352716157886
vn 0.1352986491611326 -0.7194928842360591 -0.6811932655780221
vn 0.19469289922196523 0 -0.9808642490133616
vn 0.1352986491611326 0.7194928842360591 -0.6811932655780221
vn 0.1352986491611326 0.7194928842360591 -0.6811932655780221
vn -0.004700071067578989 0.9997151258357149 0.023400352716157886
vn -0.14040760309761344 0.6956376242046366 0.7045381471455693
vn -0.19550071010289027 0 0.980703559873862
vn -0.03519975993183801 -0.7008952207951149 0.7123951616675314
vn -0.0007000202257725523 -0.9999289433585028 0.011900344769455957
vn 0.034198355509761476 -0.7128656627455369 -0.7004662870965273
vn 0.04860089057577115 0 -0.9988182784847511
vn 0.034198355509761476 0.7128656627455369 -0.7004662870965273
vn 0.034198355509761476 0.7128656627455369 -0.7004662870965273
vn -0.0007000202257725523 0.9999289433585028 0.011900344769455957
vn -0.03519975993183801 0.7008952207951149 0.7123951616675314
vn -0.04949872057475735 0 0.9987741870220024
vn 0 -0.7068066975429098 0.7074067375339914
vn 0 0.7068066975429098 -0.7074067375339914
vn 0 0.7068066975429098 -0.7074067375339914
vn 0 -1 0
vn 0 1 0
vn 0 -0.7068066975429098 -0.7074067375339914
vn 0 0.7068066975429098 0.7074067375339914
vn 0 0 -1
vn 0 0 1
vn 0 0 -1
vn 0.7073067527541117 -0.7069067459773202 0.0001000009520502154
vn 0 0 -1
vn 0 -1 0
vn 0 0 -1
vn -0.7073067527541117 -0.7069067459773202 0.0001000009520502154
vn 0 0 -1
vn -0.9999999950000003 0 0.00009999999697378756
vn 0 0 -1
vn -0.7073067527541117 0.7069067459773202 0.0001000009520502154
vn -0.7073067527541117 0.7069067459773202 0.0001000009520502154
vn 0 0 -1
vn 0 1 0
vn 0 0 -1
vn 0.7073067527541117 0.7069067459773202 0.0001000009520502154
vn 0 0 -1
vn 0.9999999950000003 0 0.00009999999697378756
vn 0.7122934600563164 -0.7009935516731772 0.03529967809520936
vn 0.011900344769455957 -0.9999289433585028 0.0007000202257725523
vn -0.7004153596687582 -0.712915585931191 -0.034200749647790206
vn -0.9988182784847511 0 -0.04860089057577115
vn -0.7004153596687582 0.712915585931191 -0.034200749647790206
vn -0.7004153596687582 0.712915585931191 -0.034200749647790206
vn 0.011900344769455957 0.9999289433585028 0.0007000202257725523
vn 0.7122934600563164 0.7009935516731772 0.03529967809520936
vn 0.9987741870220024 0 0.04949872057475735
vn 0.7045885015504071 -0.6955886170551518 0.14039771830857187
vn 0.023400352716157886 -0.9997151258357149 0.004700071067578989
vn -0.6811932655780221 -0.7194928842360591 -0.1352986491611326
vn -0.9808642490133616 0 -0.19469289922196523
vn -0.6811932655780221 0.7194928842360591 -0.1352986491611326
vn -0.6811932655780221 0.7194928842360591 -0.1352986491611326
vn 0.023400352716157886 0.9997151258357149 0.004700071067578989
vn 0.7045885015504071 0.6955886170551518 0.14039771830857187
vn 0.980703559873862 0 0.19550071010289027
vn 0.6639660771004348 -0.6953644906708438 0.27498595159378103
vn 0.022100315619906885 -0.9997143410370871 0.00910013045419124
vn -0.641904132131333 -0.719204682666308 -0.2659016915771227
vn -0.9238766775726099 0 -0.3826903247240456
vn -0.641904132131333 0.719204682666308 -0.2659016915771227
vn -0.641904132131333 0.719204682666308 -0.2659016915771227
vn 0.022100315619906885 0.9997143410370871 0.00910013045419124
vn 0.6639660771004348 0.6953644906708438 0.27498595159378103
vn 0.9238766775726099 0 0.3826903247240456
vn 0.5974916805832745 -0.6953902829063107 0.39929443531466297
vn 0.019900268357139483 -0.9997135012401818 0.013300178848827693
vn -0.5777052022509865 -0.7192065091908296 -0.3860034927687674
vn -0.831465248302455 0 -0.5555767641517567
vn -0.5777052022509865 0.7192065091908296 -0.3860034927687674
vn -0.5777052022509865 0.7192065091908296 -0.3860034927687674
vn 0.019900268357139483 0.9997135012401818 0.013300178848827693
vn 0.5974916805832745 0.6953902829063107 0.39929443531466297
vn 0.831465248302455 0 0.5555767641517567
vn 0.5081706009679097 -0.6953598209731613 0.5081706009679097
vn 0.016900240808951368 -0.9997143410600846 0.016900240808951368
vn -0.49129998295545235 -0.7192000093826088 -0.49129998295545235
vn -0.7071067811865476 0 -0.7071067811865476
vn -0.49129998295545235 0.7192000093826088 -0.49129998295545235
vn -0.49129998295545235 0.7192000093826088 -0.49129998295545235
vn 0.016900240808951368 0.9997143410600846 0.016900240808951368
vn 0.5081706009679097 0.6953598209731613 0.5081706009679097
vn 0.7071067811865476 0 0.7071067811865476
vn 0.39929443531466297 -0.6953902829063107 0.5974916805832745
vn 0.013300178848827693 -0.9997135012401818 0.019900268357139483
vn -0.3860034927687674 -0.7192065091908296 -0.5777052022509865
vn -0.5555767641517567 0 -0.831465248302455
vn -0.3860034927687674 0.7192065091908296 -0.5777052022509865
vn -0.3860034927687674 0.7192065091908296 -0.5777052022509865
vn 0.013300178848827693 0.9997135012401818 0.019900268357139483
vn 0.39929443531466297 0.6953902829063107 0.5974916805832745
vn 0.5555767641517567 0 0.831465248302455
vn 0.27498595159378103 -0.6953644906708438 0.6639660771004348
vn 0.27498595159378103 -0.6953644906708438 0.6639660771004348
vn 0.00910013045419124 -0.9997143410370871 0.022100315619906885
vn 0.00910013045419124 -0.9997143410370871 0.022100315619906885
vn -0.2659016915771227 -0.719204682666308 -0.641904132131333
vn -0.2659016915771227 -0.719204682666308 -0.641904132131333
vn -0.3826903247240456 0 -0.9238766775726099
vn -0.3826903247240456 0 -0.9238766775726099
vn -0.2659016915771227 0.719204682666308 -0.641904132131333
vn -0.2659016915771227 0.719204682666308 -0.641904132131333
vn -0.2659016915771227 0.719204682666308 -0.641904132131333
vn -0.2659016915771227 0.719204682666308 -0.641904132131333
vn 0.00910013045419124 0.9997143410370871 0.022100315619906885
vn 0.00910013045419124 0.9997143410370871 0.022100315619906885
vn 0.27498595159378103 0.6953644906708438 0.6639660771004348
vn 0.27498595159378103 0.6953644906708438 0.6639660771004348
vn 0.3826903247240456 0 0.9238766775726099
vn 0.3826903247240456 0 0.9238766775726099
vn 0.14039771830857187 -0.6955886170551518 0.7045885015504071
vn 0.004700071067578989 -0.9997151258357149 0.023400352716157886
vn -0.1352986491611326 -0.7194928842360591 -0.6811932655780221
vn -0.19469289922196523 0 -0.9808642490133616
vn -0.1352986491611326 0.7194928842360591 -0.6811932655780221
vn -0.1352986491611326 0.7194928842360591 -0.6811932655780221
vn 0.004700071067578989 0.9997151258357149 0.023400352716157886
vn 0.14039771830857187 0.6955886170551518 0.7045885015504071
vn 0.19550071010289027 0 0.980703559873862
vn 0.03519975993183801 -0.7008952207951149 0.7123951616675314
vn 0.0007000202257725523 -0.9999289433585028 0.011900344769455957
vn -0.034198355509761476 -0.7128656627455369 -0.7004662870965273
vn -0.04860089057577115 0 -0.9988182784847511
vn -0.034198355509761476 0.7128656627455369 -0.7004662870965273
vn -0.034198355509761476 0.7128656627455369 -0.7004662870965273
vn 0.0007000202257725523 0.9999289433585028 0.011900344769455957
vn 0.03519975993183801 0.7008952207951149 0.7123951616675314
vn 0.04949872057475735 0 0.9987741870220024
vn 0 0 -1
vn -0.7073067527541117 0.7069067459773202 0.0001000009520502154
vn 0 0 -1
vn 0 1 0
vn 0 0 -1
vn 0.7073067527541117 0.7069067459773202 0.0001000009520502154
vn 0 0 -1
vn 0.9999999950000003 0 0.00009999999697378756
vn 0.9999999950000003 0 0.00009999999697378756
vn 0 0 -1
vn 0.7073067527541117 -0.7069067459773202 0.0001000009520502154
vn 0 0 -1
vn 0 -1 0
vn 0 0 -1
vn -0.7073067527541117 -0.7069067459773202 0.0001000009520502154
vn 0 0 -1
vn -0.9999999950000003 0 0.00009999999697378756
vn -0.7122934600563164 0.7009935516731772 0.03529967809520936
vn -0.011900344769455957 0.9999289433585028 0.0007000202257725523
vn 0.7004153596687582 0.712915585931191 -0.034200749647790206
vn 0.9988182784847511 0 -0.04860089057577115
vn 0.9988182784847511 0 -0.04860089057577115
vn 0.7004153596687582 -0.712915585931191 -0.034200749647790206
vn -0.011900344769455957 -0.9999289433585028 0.0007000202257725523
vn -0.7122934600563164 -0.7009935516731772 0.03529967809520936
vn -0.9987741870220024 0 0.04949872057475735
vn -0.7045885015504071 0.6955886170551518 0.14039771830857187
vn -0.023400352716157886 0.9997151258357149 0.004700071067578989
vn 0.6811932655780221 0.7194928842360591 -0.1352986491611326
vn 0.9808642490133616 0 -0.19469289922196523
vn 0.9808642490133616 0 -0.19469289922196523
vn 0.6811932655780221 -0.7194928842360591 -0.1352986491611326
vn -0.023400352716157886 -0.9997151258357149 0.004700071067578989
vn -0.7045885015504071 -0.6955886170551518 0.14039771830857187
vn -0.980703559873862 0 0.19550071010289027
vn -0.6639660771004348 0.6953644906708438 0.27498595159378103
vn -0.022100315619906885 0.9997143410370871 0.00910013045419124
vn 0.641904132131333 0.719204682666308 -0.2659016915771227
vn 0.9238766775726099 0 -0.3826903247240456
vn 0.9238766775726099 0 -0.3826903247240456
vn 0.641904132131333 -0.719204682666308 -0.2659016915771227
vn -0.022100315619906885 -0.9997143410370871 0.00910013045419124
vn -0.6639660771004348 -0.6953644906708438 0.27498595159378103
vn -0.9238766775726099 0 0.3826903247240456
vn -0.5974916805832745 0.6953902829063107 0.39929443531466297
vn -0.019900268357139483 0.9997135012401818 0.013300178848827693
vn 0.5777052022509865 0.7192065091908296 -0.3860034927687674
vn 0.831465248302455 0 -0.5555767641517567
vn 0.831465248302455 0 -0.5555767641517567
vn 0.5777052022509865 -0.7192065091908296 -0.3860034927687674
vn -0.019900268357139483 -0.9997135012401818 0.013300178848827693
vn -0.5974916805832745 -0.6953902829063107 0.39929443531466297
vn -0.831465248302455 0 0.5555767641517567
vn -0.5081706009679097 0.6953598209731613 0.5081706009679097
vn -0.016900240808951368 0.9997143410600846 0.016900240808951368
vn 0.49129998295545235 0.7192000093826088 -0.49129998295545235
vn 0.7071067811865476 0 -0.7071067811865476
vn 0.7071067811865476 0 -0.7071067811865476
vn 0.49129998295545235 -0.7192000093826088 -0.49129998295545235
vn -0.016900240808951368 -0.9997143410600846 0.016900240808951368
vn -0.5081706009679097 -0.6953598209731613 0.5081706009679097
vn -0.7071067811865476 0 0.7071067811865476
vn -0.39929443531466297 0.6953902829063107 0.5974916805832745
vn -0.013300178848827693 0.9997135012401818 0.019900268357139483
vn 0.3860034927687674 0.7192065091908296 -0.5777052022509865
vn 0.5555767641517567 0 -0.831465248302455
vn 0.5555767641517567 0 -0.831465248302455
vn 0.3860034927687674 -0.7192065091908296 -0.5777052022509865
vn -0.013300178848827693 -0.9997135012401818 0.019900268357139483
vn -0.39929443531466297 -0.6953902829063107 0.5974916805832745
vn -0.5555767641517567 0 0.831465248302455
vn -0.27498595159378103 0.6953644906708438 0.6639660771004348
vn -0.27498595159378103 0.6953644906708438 0.6639660771004348
vn -0.00910013045419124 0.9997143410370871 0.022100315619906885
vn -0.00910013045419124 0.9997143410370871 0.022100315619906885
vn 0.2659016915771227 0.719204682666308 -0.641904132131333
vn 0.2659016915771227 0.719204682666308 -0.641904132131333
vn 0.3826903247240456 0 -0.9238766775726099
vn 0.3826903247240456 0 -0.9238766775726099
vn 0.3826903247240456 0 -0.9238766775726099
vn 0.3826903247240456 0 -0.9238766775726099
vn 0.2659016915771227 -0.719204682666308 -0.641904132131333
vn 0.2659016915771227 -0.719204682666308 -0.641904132131333
vn -0.00910013045419124 -0.9997143410370871 0.022100315619906885
vn -0.00910013045419124 -0.9997143410370871 0.022100315619906885
vn -0.27498595159378103 -0.6953644906708438 0.6639660771004348
vn -0.27498595159378103 -0.6953644906708438 0.6639660771004348
vn -0.3826903247240456 0 0.9238766775726099
vn -0.3826903247240456 0 0.9238766775726099
vn -0.14039771830857187 0.6955886170551518 0.7045885015504071
vn -0.004700071067578989 0.9997151258357149 0.023400352716157886
vn 0.1352986491611326 0.7194928842360591 -0.6811932655780221
vn 0.19469289922196523 0 -0.9808642490133616
vn 0.19469289922196523 0 -0.9808642490133616
vn 0.1352986491611326 -0.7194928842360591 -0.6811932655780221
vn -0.004700071067578989 -0.9997151258357149 0.023400352716157886
vn -0.14040760309761344 -0.6956376242046366 0.7045381471455693
vn -0.19550071010289027 0 0.980703559873862
vn -0.03519975993183801 0.7008952207951149 0.7123951616675314
vn -0.0007000202257725523 0.9999289433585028 0.011900344769455957
vn 0.034198355509761476 0.7128656627455369 -0.7004662870965273
vn 0.04860089057577115 0 -0.9988182784847511
vn 0.04860089057577115 0 -0.9988182784847511
vn 0.034198355509761476 -0.7128656627455369 -0.7004662870965273
vn -0.0007000202257725523 -0.9999289433585028 0.011900344769455957
vn -0.03519975993183801 -0.7008952207951149 0.7123951616675314
vn -0.04949872057475735 0 0.9987741870220024
vn 0 0.7068066975429098 0.7074067375339914
vn 0 -0.7068066975429098 -0.7074067375339914
vn 0 1 0
vn 0 -1 0
vn 0 0.7068066975429098 -0.7074067375339914
vn 0 -0.7068066975429098 0.7074067375339914
vn 0 0 -1
vn 0 0 -1
vn 0 0 1
vn 0 0 -1
vn 0.7073067527541117 0.7069067459773202 0.0001000009520502154
vn 0 0 -1
vn 0 1 0
vn 0 0 -1
vn -0.7073067527541117 0.7069067459773202 0.0001000009520502154
vn 0 0 -1
vn -0.9999999950000003 0 0.00009999999697378756
vn -0.9999999950000003 0 0.00009999999697378756
vn 0 0 -1
vn -0.7073067527541117 -0.7069067459773202 0.0001000009520502154
vn 0 0 -1
vn 0 -1 0
vn 0 0 -1
vn 0.7073067527541117 -0.7069067459773202 0.0001000009520502154
vn 0 0 -1
vn 0.9999999950000003 0 0.00009999999697378756
vn 0.7122934600563164 0.7009935516731772 0.03529967809520936
vn 0.011900344769455957 0.9999289433585028 0.0007000202257725523
vn -0.7004153596687582 0.712915585931191 -0.034200749647790206
vn -0.9988182784847511 0 -0.04860089057577115
vn -0.9988182784847511 0 -0.04860089057577115
vn -0.7004153596687582 -0.712915585931191 -0.034200749647790206
vn 0.011900344769455957 -0.9999289433585028 0.0007000202257725523
vn 0.7122934600563164 -0.7009935516731772 0.03529967809520936
vn 0.9987741870220024 0 0.04949872057475735
vn 0.7045381471455693 0.6956376242046366 0.14040760309761344
vn 0.023400352716157886 0.9997151258357149 0.004700071067578989
vn -0.6811932655780221 0.7194928842360591 -0.1352986491611326
vn -0.9808642490133616 0 -0.19469289922196523
vn -0.9808642490133616 0 -0.19469289922196523
vn -0.6811932655780221 -0.7194928842360591 -0.1352986491611326
vn 0.023400352716157886 -0.9997151258357149 0.004700071067578989
vn 0.7045885015504071 -0.6955886170551518 0.14039771830857187
vn 0.980703559873862 0 0.19550071010289027
vn 0.6639660771004348 0.6953644906708438 0.27498595159378103
vn 0.022100315619906885 0.9997143410370871 0.00910013045419124
vn -0.641904132131333 0.719204682666308 -0.2659016915771227
vn -0.9238766775726099 0 -0.3826903247240456
vn -0.9238766775726099 0 -0.3826903247240456
vn -0.641904132131333 -0.719204682666308 -0.2659016915771227
vn 0.022100315619906885 -0.9997143410370871 0.00910013045419124
vn 0.6639660771004348 -0.6953644906708438 0.27498595159378103
vn 0.9238766775726099 0 0.3826903247240456
vn 0.5974916805832745 0.6953902829063107 0.39929443531466297
vn 0.019900268357139483 0.9997135012401818 0.013300178848827693
vn -0.5777052022509865 0.7192065091908296 -0.3860034927687674
vn -0.831465248302455 0 -0.5555767641517567
vn -0.831465248302455 0 -0.5555767641517567
vn -0.5777052022509865 -0.7192065091908296 -0.3860034927687674
vn 0.019900268357139483 -0.9997135012401818 0.013300178848827693
vn 0.5974916805832745 -0.6953902829063107 0.39929443531466297
vn 0.831465248302455 0 0.5555767641517567
vn 0.5081706009679097 0.6953598209731613 0.5081706009679097
vn 0.016900240808951368 0.9997143410600846 0.016900240808951368
vn -0.49129998295545235 0.7192000093826088 -0.49129998295545235
vn -0.7071067811865476 0 -0.7071067811865476
vn -0.7071067811865476 0 -0.7071067811865476
vn -0.49129998295545235 -0.7192000093826088 -0.49129998295545235
vn 0.016900240808951368 -0.9997143410600846 0.016900240808951368
vn 0.5081706009679097 -0.6953598209731613 0.5081706009679097
vn 0.7071067811865476 0 0.7071067811865476
vn 0.39929443531466297 0.6953902829063107 0.5974916805832745
vn 0.013300178848827693 0.9997135012401818 0.019900268357139483
vn -0.3860034927687674 0.7192065091908296 -0.5777052022509865
vn -0.5555767641517567 0 -0.831465248302455
vn -0.5555767641517567 0 -0.831465248302455
vn -0.3860034927687674 -0.7192065091908296 -0.5777052022509865
vn 0.013300178848827693 -0.9997135012401818 0.019900268357139483
vn 0.39929443531466297 -0.6953902829063107 0.5974916805832745
vn 0.5555767641517567 0 0.831465248302455
vn 0.27498595159378103 0.6953644906708438 0.6639660771004348
vn 0.27498595159378103 0.6953644906708438 0.6639660771004348
vn 0.00910013045419124 0.9997143410370871 0.022100315619906885
vn 0.00910013045419124 0.9997143410370871 0.022100315619906885
vn -0.2659016915771227 0.719204682666308 -0.641904132131333
vn -0.2659016915771227 0.719204682666308 -0.641904132131333
vn -0.3826903247240456 0 -0.9238766775726099
vn -0.3826903247240456 0 -0.9238766775726099
vn -0.3826903247240456 0 -0.9238766775726099
vn -0.3826903247240456 0 -0.9238766775726099
vn -0.2659016915771227 -0.719204682666308 -0.641904132131333
vn -0.2659016915771227 -0.719204682666308 -0.641904132131333
vn 0.00910013045419124 -0.9997143410370871 0.022100315619906885
vn 0.00910013045419124 -0.9997143410370871 0.022100315619906885
vn 0.27498595159378103 -0.6953644906708438 0.6639660771004348
vn 0.27498595159378103 -0.6953644906708438 0.6639660771004348
vn 0.3826903247240456 0 0.9238766775726099
vn 0.3826903247240456 0 0.9238766775726099
vn 0.14039771830857187 0.6955886170551518 0.7045885015504071
vn 0.004700071067578989 0.9997151258357149 0.023400352716157886
vn -0.1352986491611326 0.7194928842360591 -0.6811932655780221
vn -0.19469289922196523 0 -0.9808642490133616
vn -0.19469289922196523 0 -0.9808642490133616
vn -0.1352986491611326 -0.7194928842360591 -0.6811932655780221
vn 0.004700071067578989 -0.9997151258357149 0.023400352716157886
vn 0.14039771830857187 -0.6955886170551518 0.7045885015504071
vn 0.19550071010289027 0 0.980703559873862
vn 0.03519975993183801 0.7008952207951149 0.7123951616675314
vn 0.0007000202257725523 0.9999289433585028 0.011900344769455957
vn -0.034198355509761476 0.7128656627455369 -0.7004662870965273
vn -0.04860089057577115 0 -0.9988182784847511
vn -0.04860089057577115 0 -0.9988182784847511
vn -0.034198355509761476 -0.7128656627455369 -0.7004662870965273
vn 0.0007000202257725523 -0.9999289433585028 0.011900344769455957
vn 0.03519975993183801 -0.7008952207951149 0.7123951616675314
vn 0.04949872057475735 0 0.9987741870220024
vn -0.62332552616915 0.3071125743087238 -0.7191294425396729
vn -0.8970121124852031 0.44200596156028665 0
vn -0.62332552616915 0.3071125743087238 0.7191294425396729
vn 0.021300381673890076 -0.010500188293390158 0.9997179801255701
vn 0.6445680320178845 -0.3175842791319716 0.6954655115451931
vn 0.8970121124852031 -0.44200596156028665 0
vn 0.6445680320178845 -0.3175842791319716 -0.6954655115451931
vn 0.021300381673890076 -0.010500188293390158 -0.9997179801255701
vn 0.021300381673890076 -0.010500188293390158 -0.9997179801255701
vn -0.6709096468937746 0.17980259756616393 -0.7194103638489862
vn -0.9659288605314774 0.2588077208901649 0
vn -0.6709096468937746 0.17980259756616393 0.7194103638489862
vn 0.023200269300969596 -0.006200072225279131 0.9997116117204821
vn 0.6940908384813266 -0.18619753293750974 0.6953908157750389
vn 0.9658538279817757 -0.2590875971036645 0
vn 0.6940908384813266 -0.18619753293750974 -0.6953908157750389
vn 0.023200269300969596 -0.006200072225279131 -0.9997116117204821
vn 0.023200269300969596 -0.006200072225279131 -0.9997116117204821
vn -0.6946768219084646 0.056798104641980006 -0.7170760687766912
vn -0.6946768219084646 0.056798104641980006 -0.7170760687766912
vn -0.9966735184997234 0.08149783752579906 0
vn -0.9966735184997234 0.08149783752579906 0
vn -0.6946768219084646 0.056798104641980006 0.7170760687766912
vn -0.6946768219084646 0.056798104641980006 0.7170760687766912
vn 0.01980005333201238 -0.0016000042202882307 0.9998026794695765
vn 0.01980005333201238 -0.0016000042202882307 0.9998026794695765
vn 0.7144885737307923 -0.058599061741216436 0.6971888036760109
vn 0.7144885737307923 -0.058599061741216436 0.6971888036760109
vn 0.996657254539559 -0.0816964930316403 0
vn 0.996657254539559 -0.0816964930316403 0
vn 0.7144885737307923 -0.058599061741216436 -0.6971888036760109
vn 0.7144885737307923 -0.058599061741216436 -0.6971888036760109
vn 0.01980005333201238 -0.0016000042202882307 -0.9998026794695765
vn 0.01980005333201238 -0.0016000042202882307 -0.9998026794695765
vn 0.01980005333201238 -0.0016000042202882307 -0.9998026794695765
vn 0.01980005333201238 -0.0016000042202882307 -0.9998026794695765
vn -0.6946768219084646 -0.056798104641980006 -0.7170760687766912
vn -0.6946768219084646 -0.056798104641980006 -0.7170760687766912
vn -0.9966735184997234 -0.08149783752579906 0
vn -0.9966735184997234 -0.08149783752579906 0
vn -0.6946768219084646 -0.056798104641980006 0.7170760687766912
vn -0.6946768219084646 -0.056798104641980006 0.7170760687766912
vn 0.01980005333201238 0.0016000042202882307 0.9998026794695765
vn 0.01980005333201238 0.0016000042202882307 0.9998026794695765
vn 0.7144885737307923 0.058599061741216436 0.6971888036760109
vn 0.7144885737307923 0.058599061741216436 0.6971888036760109
vn 0.996657254539559 0.0816964930316403 0
vn 0.996657254539559 0.0816964930316403 0
vn 0.7144885737307923 0.058599061741216436 -0.6971888036760109
vn 0.7144885737307923 0.058599061741216436 -0.6971888036760109
vn 0.01980005333201238 0.0016000042202882307 -0.9998026794695765
vn 0.01980005333201238 0.0016000042202882307 -0.9998026794695765
vn 0.01980005333201238 0.0016000042202882307 -0.9998026794695765
vn 0.01980005333201238 0.0016000042202882307 -0.9998026794695765
vn -0.6709096468937746 -0.17980259756616393 -0.7194103638489862
vn -0.9659288605314774 -0.2588077208901649 0
vn -0.6709096468937746 -0.17980259756616393 0.7194103638489862
vn 0.023200269300969596 0.006200072225279131 0.9997116117204821
vn 0.6940908384813266 0.18619753293750974 0.6953908157750389
vn 0.9658538279817757 0.2590875971036645 0
vn 0.6940908384813266 0.18619753293750974 -0.6953908157750389
vn 0.023200269300969596 0.006200072225279131 -0.9997116117204821
vn 0.023200269300969596 0.006200072225279131 -0.9997116117204821
vn -0.62332552616915 -0.3071125743087238 -0.7191294425396729
vn -0.8970121124852031 -0.44200596156028665 0
vn -0.62332552616915 -0.3071125743087238 0.7191294425396729
vn 0.021300381673890076 0.010500188293390158 0.9997179801255701
vn 0.6445680320178845 0.3175842791319716 0.6954655115451931
vn 0.8970121124852031 0.44200596156028665 0
vn 0.6445680320178845 0.3175842791319716 -0.6954655115451931
vn 0.021300381673890076 0.010500188293390158 -0.9997179801255701
vn 0.021300381673890076 0.010500188293390158 -0.9997179801255701
vn -0.5529207202303552 -0.4212157887110119 -0.7189269340346802
vn -0.795477626838145 -0.6059829578461368 0
vn -0.5529207202303552 -0.4212157887110119 0.7189269340346802
vn 0.018500543445507608 0.014100415109823109 0.9997294174855271
vn 0.5715121060743947 0.43530920375915716 0.69561469919272
vn 0.7955258450697503 0.6059196562466509 0
vn 0.5715121060743947 0.43530920375915716 -0.69561469919272
vn 0.018500543445507608 0.014100415109823109 -0.9997294174855271
vn 0.018500543445507608 0.014100415109823109 -0.9997294174855271
vn -0.4637057945372031 -0.5181065052183317 -0.7187089712554506
vn -0.6669234200697465 -0.7451262656506429 0
vn -0.4637057945372031 -0.5181065052183317 0.7187089712554506
vn 0.01530058783475683 0.01700065294276924 0.9997384006886153
vn 0.4789880843214088 0.535086635243106 0.6958826825423364
vn 0.6669789677558831 0.7450765441022128 0
vn 0.4789880843214088 0.535086635243106 -0.6958826825423364
vn 0.01530058783475683 0.01700065294276924 -0.9997384006886153
vn 0.01530058783475683 0.01700065294276924 -0.9997384006886153
vn -0.3598940013918115 -0.5951901081304998 -0.7184880256105836
vn -0.5174925433864042 -0.8556877161321592 0
vn -0.3598940013918115 -0.5951901081304998 0.7184880256105836
vn 0.011600560448534719 0.019200928409703732 0.9997483440073733
vn 0.37157600288883463 0.6143603680539129 0.6960550353541145
vn 0.5174925433864042 0.8556877161321592 0
vn 0.37157600288883463 0.6143603680539129 -0.6960550353541145
vn 0.011600560448534719 0.019200928409703732 -0.9997483440073733
vn 0.011600560448534719 0.019200928409703732 -0.9997483440073733
vn -0.2455127722556595 -0.6509338713553208 -0.7183373676634923
vn -0.3528871286757559 -0.9356658989270584 0
vn -0.2455127722556595 -0.6509338713553208 0.7183373676634923
vn 0.007799651039399595 0.020699074574924606 0.9997553269452508
vn 0.25340602143561897 0.6716159076651499 0.6962165330350087
vn 0.35292017025966677 0.9356534366013346 0
vn 0.25340602143561897 0.6716159076651499 -0.6962165330350087
vn 0.007799651039399595 0.020699074574924606 -0.9997553269452508
vn 0.007799651039399595 0.020699074574924606 -0.9997553269452508
vn -0.12440225514384817 -0.6846123951621331 -0.7182130236256457
vn -0.17879743206409374 -0.9838859071494449 0
vn -0.12440225514384817 -0.6846123951621331 0.7182130236256457
vn 0.003899840280582171 0.021599116976231715 0.99975910568078
vn 0.1282991686161086 0.7061953920246121 0.696295477233351
vn 0.17879743206409374 0.9838859071494449 0
vn 0.1282991686161086 0.7061953920246121 -0.696295477233351
vn 0.003899840280582171 0.021599116976231715 -0.99975910568078
vn 0.003899840280582171 0.021599116976231715 -0.99975910568078
vn 0 -0.6958693488840463 -0.7181683989731749
vn 0 -0.6958693488840463 -0.7181683989731749
vn 0 -1 0
vn 0 -1 0
vn 0 -0.6958693488840463 0.7181683989731749
vn 0 -0.6958693488840463 0.7181683989731749
vn 0 0.021799179085773595 0.9997623696615042
vn 0 0.021799179085773595 0.9997623696615042
vn 0 0.7176762314943851 0.6963769286442636
vn 0 0.7176762314943851 0.6963769286442636
vn 0 1 0
vn 0 1 0
vn 0 0.7176762314943851 -0.6963769286442636
vn 0 0.7176762314943851 -0.6963769286442636
vn 0 0.021799179085773595 -0.9997623696615042
vn 0 0.021799179085773595 -0.9997623696615042
vn 0 0.021799179085773595 -0.9997623696615042
vn 0 0.021799179085773595 -0.9997623696615042
vn 0.12440225514384817 -0.6846123951621331 -0.7182130236256457
vn 0.17879743206409374 -0.9838859071494449 0
vn 0.12440225514384817 -0.6846123951621331 0.7182130236256457
vn -0.003899840280582171 0.021599116976231715 0.99975910568078
vn -0.1282991686161086 0.7061953920246121 0.696295477233351
vn -0.17879743206409374 0.9838859071494449 0
vn -0.1282991686161086 0.7061953920246121 -0.696295477233351
vn -0.003899840280582171 0.021599116976231715 -0.99975910568078
vn -0.003899840280582171 0.021599116976231715 -0.99975910568078
vn 0.2455127722556595 -0.6509338713553208 -0.7183373676634923
vn 0.3528871286757559 -0.9356658989270584 0
vn 0.2455127722556595 -0.6509338713553208 0.7183373676634923
vn -0.007799651039399595 0.020699074574924606 0.9997553269452508
vn -0.25340602143561897 0.6716159076651499 0.6962165330350087
vn -0.35292017025966677 0.9356534366013346 0
vn -0.25340602143561897 0.6716159076651499 -0.6962165330350087
vn -0.007799651039399595 0.020699074574924606 -0.9997553269452508
vn -0.007799651039399595 0.020699074574924606 -0.9997553269452508
vn 0.3598940013918115 -0.5951901081304998 -0.7184880256105836
vn 0.5174193206383058 -0.8557319946281045 0
vn 0.3598940013918115 -0.5951901081304998 0.7184880256105836
vn -0.011600560448534719 0.019200928409703732 0.9997483440073733
vn -0.3714897955828075 0.6143831652366172 0.6960809278034268
vn -0.5174925433864042 0.8556877161321592 0
vn -0.3714897955828075 0.6143831652366172 -0.6960809278034268
vn -0.011600560448534719 0.019200928409703732 -0.9997483440073733
vn -0.011600560448534719 0.019200928409703732 -0.9997483440073733
vn 0.4637057945372031 -0.5181065052183317 -0.7187089712554506
vn 0.6669234200697465 -0.7451262656506429 0
vn 0.4637057945372031 -0.5181065052183317 0.7187089712554506
vn -0.01530058783475683 0.01700065294276924 0.9997384006886153
vn -0.4789880843214088 0.535086635243106 0.6958826825423364
vn -0.6669789677558831 0.7450765441022128 0
vn -0.4789880843214088 0.535086635243106 -0.6958826825423364
vn -0.01530058783475683 0.01700065294276924 -0.9997384006886153
vn -0.01530058783475683 0.01700065294276924 -0.9997384006886153
vn 0.5529207202303552 -0.4212157887110119 -0.7189269340346802
vn 0.795477626838145 -0.6059829578461368 0
vn 0.5529207202303552 -0.4212157887110119 0.7189269340346802
vn -0.018500543445507608 0.014100415109823109 0.9997294174855271
vn -0.5715121060743947 0.43530920375915716 0.69561469919272
vn -0.7955258450697503 0.6059196562466509 0
vn -0.5715121060743947 0.43530920375915716 -0.69561469919272
vn -0.018500543445507608 0.014100415109823109 -0.9997294174855271
vn -0.018500543445507608 0.014100415109823109 -0.9997294174855271
vn 0.62332552616915 -0.3071125743087238 -0.7191294425396729
vn 0.8970121124852031 -0.44200596156028665 0
vn 0.62332552616915 -0.3071125743087238 0.7191294425396729
vn -0.021300381673890076 0.010500188293390158 0.9997179801255701
vn -0.6445680320178845 0.3175842791319716 0.6954655115451931
vn -0.8970121124852031 0.44200596156028665 0
vn -0.6445680320178845 0.3175842791319716 -0.6954655115451931
vn -0.021300381673890076 0.010500188293390158 -0.9997179801255701
vn -0.021300381673890076 0.010500188293390158 -0.9997179801255701
vn 0.6709096468937746 -0.17980259756616393 -0.7194103638489862
vn 0.9659288605314774 -0.2588077208901649 0
vn 0.6709096468937746 -0.17980259756616393 0.7194103638489862
vn -0.023100321391736667 0.0062000865976324935 0.9997139261197577
vn -0.6940908384813266 0.18619753293750974 0.6953908157750389
vn -0.9658538279817757 0.2590875971036645 0
vn -0.6940908384813266 0.18619753293750974 -0.6953908157750389
vn -0.023100321391736667 0.0062000865976324935 -0.9997139261197577
vn -0.023100321391736667 0.0062000865976324935 -0.9997139261197577
vn 0.6946768219084646 -0.056798104641980006 -0.7170760687766912
vn 0.6946768219084646 -0.056798104641980006 -0.7170760687766912
vn 0.9966735184997234 -0.08149783752579906 0
vn 0.9966735184997234 -0.08149783752579906 0
vn 0.6946768219084646 -0.056798104641980006 0.7170760687766912
vn 0.6946768219084646 -0.056798104641980006 0.7170760687766912
vn -0.01980005333201238 0.0016000042202882307 0.9998026794695765
vn -0.01980005333201238 0.0016000042202882307 0.9998026794695765
vn -0.7144885737307923 0.058599061741216436 0.6971888036760109
vn -0.7144885737307923 0.058599061741216436 0.6971888036760109
vn -0.996657254539559 0.0816964930316403 0
vn -0.996657254539559 0.0816964930316403 0
vn -0.7144885737307923 0.058599061741216436 -0.6971888036760109
vn -0.7144885737307923 0.058599061741216436 -0.6971888036760109
vn -0.01980005333201238 0.0016000042202882307 -0.9998026794695765
vn -0.01980005333201238 0.0016000042202882307 -0.9998026794695765
vn -0.01980005333201238 0.0016000042202882307 -0.9998026794695765
vn -0.01980005333201238 0.0016000042202882307 -0.9998026794695765
vn 0.6946768219084646 0.056798104641980006 -0.7170760687766912
vn 0.6946768219084646 0.056798104641980006 -0.7170760687766912
vn 0.9966735184997234 0.08149783752579906 0
vn 0.9966735184997234 0.08149783752579906 0
vn 0.6946768219084646 0.056798104641980006 0.7170760687766912
vn 0.6946768219084646 0.056798104641980006 0.7170760687766912
vn -0.01980005333201238 -0.0016000042202882307 0.9998026794695765
vn -0.01980005333201238 -0.0016000042202882307 0.9998026794695765
vn -0.7144885737307923 -0.058599061741216436 0.6971888036760109
vn -0.7144885737307923 -0.058599061741216436 0.6971888036760109
vn -0.996657254539559 -0.0816964930316403 0
vn -0.996657254539559 -0.0816964930316403 0
vn -0.7144885737307923 -0.058599061741216436 -0.6971888036760109
vn -0.7144885737307923 -0.058599061741216436 -0.6971888036760109
vn -0.01980005333201238 -0.0016000042202882307 -0.9998026794695765
vn -0.01980005333201238 -0.0016000042202882307 -0.9998026794695765
vn -0.01980005333201238 -0.0016000042202882307 -0.9998026794695765
vn -0.01980005333201238 -0.0016000042202882307 -0.9998026794695765
vn 0.6709096468937746 0.17980259756616393 -0.7194103638489862
vn 0.9659288605314774 0.2588077208901649 0
vn 0.6709096468937746 0.17980259756616393 0.7194103638489862
vn -0.023200269300969596 -0.006200072225279131 0.9997116117204821
vn -0.6940908384813266 -0.18619753293750974 0.6953908157750389
vn -0.9658538279817757 -0.2590875971036645 0
vn -0.6940908384813266 -0.18619753293750974 -0.6953908157750389
vn -0.023200269300969596 -0.006200072225279131 -0.9997116117204821
vn -0.023200269300969596 -0.006200072225279131 -0.9997116117204821
vn 0.62332552616915 0.3071125743087238 -0.7191294425396729
vn 0.8970121124852031 0.44200596156028665 0
vn 0.62332552616915 0.3071125743087238 0.7191294425396729
vn -0.021300381673890076 -0.010500188293390158 0.9997179801255701
vn -0.6445680320178845 -0.3175842791319716 0.6954655115451931
vn -0.8970121124852031 -0.44200596156028665 0
vn -0.6445680320178845 -0.3175842791319716 -0.6954655115451931
vn -0.021300381673890076 -0.010500188293390158 -0.9997179801255701
vn -0.021300381673890076 -0.010500188293390158 -0.9997179801255701
vn 0.5529207202303552 0.4212157887110119 -0.7189269340346802
vn 0.795477626838145 0.6059829578461368 0
vn 0.5529207202303552 0.4212157887110119 0.7189269340346802
vn -0.018500543445507608 -0.014100415109823109 0.9997294174855271
vn -0.5715121060743947 -0.43530920375915716 0.69561469919272
vn -0.7955258450697503 -0.6059196562466509 0
vn -0.5715121060743947 -0.43530920375915716 -0.69561469919272
vn -0.018500543445507608 -0.014100415109823109 -0.9997294174855271
vn -0.018500543445507608 -0.014100415109823109 -0.9997294174855271
vn 0.4637057945372031 0.5181065052183317 -0.7187089712554506
vn 0.6669234200697465 0.7451262656506429 0
vn 0.4637057945372031 0.5181065052183317 0.7187089712554506
vn -0.01530058783475683 -0.01700065294276924 0.9997384006886153
vn -0.4789880843214088 -0.535086635243106 0.6958826825423364
vn -0.6669789677558831 -0.7450765441022128 0
vn -0.4789880843214088 -0.535086635243106 -0.6958826825423364
vn -0.01530058783475683 -0.01700065294276924 -0.9997384006886153
vn -0.01530058783475683 -0.01700065294276924 -0.9997384006886153
vn 0.3598940013918115 0.5951901081304998 -0.7184880256105836
vn 0.5174925433864042 0.8556877161321592 0
vn 0.3598940013918115 0.5951901081304998 0.7184880256105836
vn -0.011600560448534719 -0.019200928409703732 0.9997483440073733
vn -0.37157600288883463 -0.6143603680539129 0.6960550353541145
vn -0.5174925433864042 -0.8556877161321592 0
vn -0.37157600288883463 -0.6143603680539129 -0.6960550353541145
vn -0.011600560448534719 -0.019200928409703732 -0.9997483440073733
vn -0.011600560448534719 -0.019200928409703732 -0.9997483440073733
vn 0.2455127722556595 0.6509338713553208 -0.7183373676634923
vn 0.3528871286757559 0.9356658989270584 0
vn 0.2455127722556595 0.6509338713553208 0.7183373676634923
vn -0.007799651039399595 -0.020699074574924606 0.9997553269452508
vn -0.25340602143561897 -0.6716159076651499 0.6962165330350087
vn -0.35292017025966677 -0.9356534366013346 0
vn -0.25340602143561897 -0.6716159076651499 -0.6962165330350087
vn -0.007799651039399595 -0.020699074574924606 -0.9997553269452508
vn -0.007799651039399595 -0.020699074574924606 -0.9997553269452508
vn 0.12440225514384817 0.6846123951621331 -0.7182130236256457
vn 0.17879743206409374 0.9838859071494449 0
vn 0.12440225514384817 0.6846123951621331 0.7182130236256457
vn -0.003899840280582171 -0.021599116976231715 0.99975910568078
vn -0.1282991686161086 -0.7061953920246121 0.696295477233351
vn -0.17879743206409374 -0.9838859071494449 0
vn -0.1282991686161086 -0.7061953920246121 -0.696295477233351
vn -0.003899840280582171 -0.021599116976231715 -0.99975910568078
vn -0.003899840280582171 -0.021599116976231715 -0.99975910568078
vn 0 0.6958693488840463 -0.7181683989731749
vn 0 0.6958693488840463 -0.7181683989731749
vn 0 1 0
vn 0 1 0
vn 0 0.6958693488840463 0.7181683989731749
vn 0 0.6958693488840463 0.7181683989731749
vn 0 -0.021799179085773595 0.9997623696615042
vn 0 -0.021799179085773595 0.9997623696615042
vn 0 -0.7176762314943851 0.6963769286442636
vn 0 -0.7176762314943851 0.6963769286442636
vn 0 -1 0
vn 0 -1 0
vn 0 -0.7176762314943851 -0.6963769286442636
vn 0 -0.7176762314943851 -0.6963769286442636
vn 0 -0.021799179085773595 -0.9997623696615042
vn 0 -0.021799179085773595 -0.9997623696615042
vn 0 -0.021799179085773595 -0.9997623696615042
vn 0 -0.021799179085773595 -0.9997623696615042
vn -0.12440225514384817 0.6846123951621331 -0.7182130236256457
vn -0.17879743206409374 0.9838859071494449 0
vn -0.12440225514384817 0.6846123951621331 0.7182130236256457
vn 0.003899840280582171 -0.021599116976231715 0.99975910568078
vn 0.1282991686161086 -0.7061953920246121 0.696295477233351
vn 0.17879743206409374 -0.9838859071494449 0
vn 0.1282991686161086 -0.7061953920246121 -0.696295477233351
vn 0.003899840280582171 -0.021599116976231715 -0.99975910568078
vn 0.003899840280582171 -0.021599116976231715 -0.99975910568078
vn -0.2455127722556595 0.6509338713553208 -0.7183373676634923
vn -0.3528871286757559 0.9356658989270584 0
vn -0.2455127722556595 0.6509338713553208 0.7183373676634923
vn 0.007799651039399595 -0.020699074574924606 0.9997553269452508
vn 0.25340602143561897 -0.6716159076651499 0.6962165330350087
vn 0.35292017025966677 -0.9356534366013346 0
vn 0.25340602143561897 -0.6716159076651499 -0.6962165330350087
vn 0.007799651039399595 -0.020699074574924606 -0.9997553269452508
vn 0.007799651039399595 -0.020699074574924606 -0.9997553269452508
vn -0.3598940013918115 0.5951901081304998 -0.7184880256105836
vn -0.5174925433864042 0.8556877161321592 0
vn -0.3598940013918115 0.5951901081304998 0.7184880256105836
vn 0.011600560448534719 -0.019200928409703732 0.9997483440073733
vn 0.37157600288883463 -0.6143603680539129 0.6960550353541145
vn 0.5174925433864042 -0.8556877161321592 0
vn 0.37157600288883463 -0.6143603680539129 -0.6960550353541145
vn 0.011600560448534719 -0.019200928409703732 -0.9997483440073733
vn 0.011600560448534719 -0.019200928409703732 -0.9997483440073733
vn -0.4637057945372031 0.5181065052183317 -0.7187089712554506
vn -0.6669234200697465 0.7451262656506429 0
vn -0.4637057945372031 0.5181065052183317 0.7187089712554506
vn 0.01530058783475683 -0.01700065294276924 0.9997384006886153
vn 0.4789880843214088 -0.535086635243106 0.6958826825423364
vn 0.6669789677558831 -0.7450765441022128 0
vn 0.4789880843214088 -0.535086635243106 -0.6958826825423364
vn 0.01530058783475683 -0.01700065294276924 -0.9997384006886153
vn 0.01530058783475683 -0.01700065294276924 -0.9997384006886153
vn -0.5529207202303552 0.4212157887110119 -0.7189269340346802
vn -0.795477626838145 0.6059829578461368 0
vn -0.5529207202303552 0.4212157887110119 0.7189269340346802
vn 0.018500543445507608 -0.014100415109823109 0.9997294174855271
vn 0.5715121060743947 -0.43530920375915716 0.69561469919272
vn 0.7955258450697503 -0.6059196562466509 0
vn 0.5715121060743947 -0.43530920375915716 -0.69561469919272
vn 0.018500543445507608 -0.014100415109823109 -0.9997294174855271
vn 0.018500543445507608 -0.014100415109823109 -0.9997294174855271
vn -0.0018999196276589068 -0.008999618712961182 0.9999576976894723
vn -0.6850259755317675 0.12720483272650213 0.717327221969007
vn -0.006199878646709223 -0.0008999823391357337 0.9999803755757186
vn -0.6765887244691907 -0.22329628331994267 0.7016882981614082
vn -0.712172126134402 0.021599156039664443 0.7016725298995107
vn -0.9896208566446429 -0.14370302743478736 0
vn -0.6935081172712441 0.13800161461628965 0.7071082276725333
vn -0.9896208566446429 -0.14370302743478736 0
vn -0.6192778379263342 0.785171929868411 0
vn -0.6365698176092341 0.2537879724031703 0.7282654271434515
vn -0.9896208566446429 -0.14370302743478736 0
vn -0.0043998130533147205 0.008099656197393505 0.9999575177049171
vn -0.6204859768487127 -0.31679282379211776 0.7173837601506706
vn -0.6255993893271158 -0.32959968116080335 0.7070993241774711
vn -0.9896208566446429 -0.14370302743478736 0
vn -0.37030419435298806 -0.9289105466322278 0
vn -0.5380763780609326 -0.4243813574125243 0.7282679965874731
vn -0.9896208566446429 -0.14370302743478736 0
vn 0.006899707343420624 -0.006099741369100225 0.999957592697713
vn -0.4527152067507615 -0.5296178327733922 0.7173241197569132
vn -0.0022999552709232996 -0.0057998870429678785 0.9999805355685881
vn -0.1448982200919975 -0.6975914201141185 0.701691325582224
vn -0.37030419435298806 -0.9289105466322278 0
vn -0.3747824010250069 -0.6059715436081029 0.7016670437031683
vn -0.37030419435298806 -0.9289105466322278 0
vn -0.46629428445791526 -0.5315934372008689 0.7070912655427491
vn -0.009199610515594661 0.0002999873120754038 0.9999576376897042
vn -0.03590097303434931 -0.6958189059226071 0.7173194339315316
vn 0 0 1
vn -0.027299736955974815 -0.7065932112836426 0.7070931749988851
vn -0.37030419435298806 -0.9289105466322278 0
vn 0.09849614068469298 -0.6781734423772854 0.7282714413763347
vn 0.6192778379263342 -0.785171929868411 0
vn -0.37030419435298806 -0.9289105466322278 0
vn 0.008699634404124058 0.0028998780570978024 0.9999579526502546
vn 0.23231523921502742 -0.6568430575199998 0.7173470759794333
vn 0.003899923528093726 -0.00489990384230242 0.9999803905771407
vn 0.3373825584927836 -0.6275675999343224 0.7016636777955219
vn 0.5316871689693012 -0.4742885550591258 0.701683062994495
vn 0.6192778379263342 -0.785171929868411 0
vn 0.227202905512462 -0.6696085879999374 0.7071090287950123
vn 0.6192778379263342 -0.785171929868411 0
vn 0.5846241105518111 -0.3790156536119829 0.7173296199646193
vn -0.004799799072449093 -0.007799672619614946 0.9999580626385743
vn 0.5982753729352404 -0.37698451282527473 0.7070708983044695
vn 0.6192778379263342 -0.785171929868411 0
vn 0.6192778379263342 -0.785171929868411 0
vn 0.6365698176092341 -0.2537879724031703 0.7282654271434515
vn 0.9896208566446429 0.14370302743478736 0
vn 0.0018999196276589068 0.008999618712961182 0.9999576976894723
vn 0.6850259755317675 -0.12720483272650213 0.717327221969007
vn 0.006199878646709223 0.0008999823391357337 0.9999803755757186
vn 0.6765887244691907 0.22329628331994267 0.7016882981614082
vn 0.712172126134402 -0.021599156039664443 0.7016725298995107
vn 0.9896208566446429 0.14370302743478736 0
vn 0.6935081172712441 -0.13800161461628965 0.7071082276725333
vn 0.9896208566446429 0.14370302743478736 0
vn 0.0043998130533147205 -0.008099656197393505 0.9999575177049171
vn 0.6205304848821771 0.316815554470397 0.7173352227358595
vn 0.6255993893271158 0.32959968116080335 0.7070993241774711
vn 0.9896208566446429 0.14370302743478736 0
vn 0.37030419435298806 0.9289105466322278 0
vn 0.5381155472238417 0.4244122694491842 0.7282210401910798
vn 0.9896208566446429 0.14370302743478736 0
vn 0.4527152067507615 0.5296178327733922 0.7173241197569132
vn -0.006899707343420624 0.006099741369100225 0.999957592697713
vn 0.0022999552709232996 0.0057998870429678785 0.9999805355685881
vn 0.1448982200919975 0.6975914201141185 0.701691325582224
vn 0.37030419435298806 0.9289105466322278 0
vn 0.3747824010250069 0.6059715436081029 0.7016670437031683
vn 0.37030419435298806 0.9289105466322278 0
vn 0.46629428445791526 0.5315934372008689 0.7070912655427491
vn 0.009199610515594661 -0.0002999873120754038 0.9999576376897042
vn 0.03590097303434931 0.6958189059226071 0.7173194339315316
vn 0.027299736955974815 0.7065932112836426 0.7070931749988851
vn 0.37030419435298806 0.9289105466322278 0
vn 0.37030419435298806 0.9289105466322278 0
vn -0.09849614068469298 0.6781734423772854 0.7282714413763347
vn -0.6192778379263342 0.785171929868411 0
vn -0.008699634404124058 -0.0028998780570978024 0.9999579526502546
vn -0.23231523921502742 0.6568430575199998 0.7173470759794333
vn -0.003899923528093726 0.00489990384230242 0.9999803905771407
vn -0.3373825584927836 0.6275675999343224 0.7016636777955219
vn -0.5316871689693012 0.4742885550591258 0.701683062994495
vn -0.6192778379263342 0.785171929868411 0
vn -0.227202905512462 0.6696085879999374 0.7071090287950123
vn -0.6192778379263342 0.785171929868411 0
vn 0.004799799072449093 0.007799672619614946 0.9999580626385743
vn -0.5846241105518111 0.3790156536119829 0.7173296199646193
vn -0.5982753729352404 0.37698451282527473 0.7070708983044695
vn -0.6192778379263342 0.785171929868411 0
vn 0 0 -1
vn 0.37030419435298806 0.9289105466322278 0
vn 0.9896208566446429 0.14370302743478736 0
vn 0 0 -1
vn -0.6192778379263342 0.785171929868411 0
vn -0.9896208566446429 -0.14370302743478736 0
vn 0 0 -1
vn 0.6192778379263342 -0.785171929868411 0
vn -0.37030419435298806 -0.9289105466322278 0
vn 0 0 -1
vn 0.6192778379263342 -0.785171929868411 0
vn 0.9896208566446429 0.14370302743478736 0
vn 0 0 -1
vn 0.37030419435298806 0.9289105466322278 0
vn -0.6192778379263342 0.785171929868411 0
vn 0 0 -1
vn -0.37030419435298806 -0.9289105466322278 0
vn -0.9896208566446429 -0.14370302743478736 0
vn 0.0075996817781730005 -0.005099786707617566 0.9999581176291372
vn 0.3997044309161616 0.5707063141549341 0.7173079331010338
vn 0.004999903333685024 0.0036999284017343397 0.9999806555611342
vn 0.4930913752897713 0.5142910176484989 0.7016877117214703
vn 0.6392215153118254 0.31461061321021433 0.7017236040051287
vn 0.8068943467921201 0.5906957872838758 0
vn 0.6646990356765022 0.20859970707063485 0.7173990201978069
vn -0.0025998905338826908 0.008799629141094277 0.9999579026620026
vn 0.15170514525225692 0.6800230715339926 0.7173243137420242
vn -0.008899625782044073 0.002199907653649521 0.9999579776506886
vn 0.008199655884578626 0.004099827942289313 0.9999579776441699
vn -0.29440253126653965 0.6315054115900991 0.7173061164637268
vn 0.04710046948667836 0.7109071018825343 0.7017069461442653
vn -0.0006999863311254855 0.006199879365225481 0.9999805355680643
vn -0.10810430404604462 0.9941395573292114 0
vn -0.19889267132888946 0.6841747879081667 0.7016741158703756
vn -0.10810430404604462 0.9941395573292114 0
vn -0.3069987178858198 0.6369973175841628 0.7070970263033525
vn 0.16280196128499347 0.6881083047752174 0.707108536436335
vn -0.10810430404604462 0.9941395573292114 0
vn 0 0 -1
vn -0.10810430404604462 0.9941395573292114 0
vn -0.9150198723411209 0.40340876691122957 0
vn 0 0 -1
vn 0.8068943467921201 0.5906957872838758 0
vn -0.10810430404604462 0.9941395573292114 0
vn 0.2764823507864221 0.6270600122596718 0.7282535621117922
vn 0.8068943467921201 0.5906957872838758 0
vn -0.10810430404604462 0.9941395573292114 0
vn 0 0 -1
vn 0.8068943467921201 0.5906957872838758 0
vn 0.9150198723411209 -0.40340876691122957 0
vn 0.39820795190445335 0.5843116485380225 0.7071140816182627
vn 0.8068943467921201 0.5906957872838758 0
vn 0 0 -1
vn 0.10810430404604462 -0.9941395573292114 0
vn 0.9150198723411209 -0.40340876691122957 0
vn 0 0 -1
vn -0.8068943467921201 -0.5906957872838758 0
vn -0.9150198723411209 0.40340876691122957 0
vn 0 0 -1
vn 0.10810430404604462 -0.9941395573292114 0
vn -0.8068943467921201 -0.5906957872838758 0
vn 0.10810430404604462 -0.9941395573292114 0
vn -0.2764823507864221 -0.6270600122596718 0.7282535621117922
vn -0.8068943467921201 -0.5906957872838758 0
vn 0.10810430404604462 -0.9941395573292114 0
vn -0.16280196128499347 -0.6881083047752174 0.707108536436335
vn 0.0006999863311254855 -0.006199879365225481 0.9999805355680643
vn 0.10810430404604462 -0.9941395573292114 0
vn 0.19889267132888946 -0.6841747879081667 0.7016741158703756
vn -0.04710046948667836 -0.7109071018825343 0.7017069461442653
vn -0.39820795190445335 -0.5843116485380225 0.7071140816182627
vn -0.8068943467921201 -0.5906957872838758 0
vn -0.004999903333685024 -0.0036999284017343397 0.9999806555611342
vn -0.4930913752897713 -0.5142910176484989 0.7016877117214703
vn -0.6392605525914921 -0.31468058721303893 0.7016566638546784
vn -0.8068943467921201 -0.5906957872838758 0
vn -0.6773221257597369 -0.2030066330281354 0.7071230762058971
vn -0.8068943467921201 -0.5906957872838758 0
vn -0.0075996817781730005 0.005099786707617566 0.9999581176291372
vn -0.3997044309161616 -0.5707063141549341 0.7173079331010338
vn 0.0025998905338826908 -0.008799629141094277 0.9999579026620026
vn -0.6648025401449831 -0.20860080071906417 0.7173027872217865
vn 0.0005999745564781 0.009199609439141379 0.9999575027053393
vn -0.6941032204798162 0.06080028235269633 0.7173033144949075
vn -0.005699889872105044 0.0024999516043424843 0.9999806305611234
vn -0.5920943924905911 0.39629624340054626 0.7016933217922289
vn -0.6919088431301863 0.16990216242503295 0.7017089197106909
vn -0.9150198723411209 0.40340876691122957 0
vn -0.006399729388491609 -0.006599721121056859 0.9999577426795986
vn -0.5130240606288387 0.4714220774571424 0.7173336309569555
vn -0.5144941726790673 0.4850945099263094 0.7070919761379251
vn -0.9150198723411209 0.40340876691122957 0
vn -0.10810430404604462 0.9941395573292114 0
vn -0.4047812040062411 0.5529743182492888 0.7282661465700518
vn -0.9150198723411209 0.40340876691122957 0
vn -0.7051736934930115 0.05269803200141304 0.7070735318399367
vn -0.9150198723411209 0.40340876691122957 0
vn -0.6813218516076521 -0.07410238598909932 0.7282234347455752
vn -0.8068943467921201 -0.5906957872838758 0
vn -0.9150198723411209 0.40340876691122957 0
vn 0 0 1
vn 0.008899625782044073 -0.002199907653649521 0.9999579776506886
vn -0.15170514525225692 -0.6800230715339926 0.7173243137420242
vn 0.29440253126653965 -0.6315054115900991 0.7173061164637268
vn -0.008199655884578626 -0.004099827942289313 0.9999579776441699
vn 0.10810430404604462 -0.9941395573292114 0
vn 0.3069987178858198 -0.6369973175841628 0.7070970263033525
vn 0.006399729388491609 0.006599721121056859 0.9999577426795986
vn 0.5130977487855068 -0.4713978934260308 0.7172968188028896
vn 0.10810430404604462 -0.9941395573292114 0
vn 0.40481067088102657 -0.5530145409719723 0.7282192240077241
vn 0.9150198723411209 -0.40340876691122957 0
vn 0.5144941726790673 -0.4850945099263094 0.7070919761379251
vn 0.9150198723411209 -0.40340876691122957 0
vn 0.005699889872105044 -0.0024999516043424843 0.9999806305611234
vn 0.5920943924905911 -0.39629624340054626 0.7016933217922289
vn 0.6919609330446762 -0.16989041919387207 0.7016603969200996
vn 0.9150198723411209 -0.40340876691122957 0
vn 0.7051233878810466 -0.05270174989366837 0.7071234216325324
vn 0.9150198723411209 -0.40340876691122957 0
vn 0.6941032204798162 -0.06080028235269633 0.7173033144949075
vn -0.0005999745564781 -0.009199609439141379 0.9999575027053393
vn 0.6812722773904154 0.07409699360109542 0.7282703616093108
vn 0.8068943467921201 0.5906957872838758 0
vn 0.9150198723411209 -0.40340876691122957 0
vn 0.6773221257597369 0.2030066330281354 0.7071230762058971
vn 0.8068943467921201 0.5906957872838758 0
vn 0 0.418709351657657 0.9081202997590266
vn 0 0.418709351657657 0.9081202997590266
vn 0 0.04680019907883246 0.9989042703713814
vn 0 0.04680019907883246 0.9989042703713814
vn 0 -0.37438865490279394 0.9272718776497414
vn 0 -0.37438865490279394 0.9272718776497414
vn 0 -0.9151630878717985 0.4030837662285034
vn 0 -0.9151630878717985 0.4030837662285034
vn -0.3475022622934 0.41870275247426875 0.8390054724323557
vn -0.3822831798782227 0.046797938513428644 0.9228594277207596
vn -0.3548885991539354 -0.37438795963390076 0.8566724799313457
vn -0.27509836013636213 -0.6951958701665729 0.6640960731352249
vn -0.15429373218487397 -0.9151628096305091 0.3723848494201328
vn -0.6421338616458429 0.41872211245119995 0.6421338616458429
vn -0.7063319198475051 0.046802115433764294 0.7063319198475051
vn -0.6556802238174255 -0.3743886859795063 0.6556802238174255
vn -0.5082896202420876 -0.6951858196973734 0.5082896202420876
vn -0.2849941549364994 -0.9151812188326753 0.2849941549364994
vn -0.8390054724323557 0.41870275247426875 0.3475022622934
vn -0.9228594277207596 0.046797938513428644 0.3822831798782227
vn -0.8566724799313457 -0.37438795963390076 0.3548885991539354
vn -0.6640960731352249 -0.6951958701665729 0.27509836013636213
vn -0.3723848494201328 -0.9151628096305091 0.15429373218487397
vn -0.9081202997590266 0.418709351657657 0
vn -0.9081202997590266 0.418709351657657 0
vn -0.9989042703713814 0.04680019907883246 0
vn -0.9989042703713814 0.04680019907883246 0
vn -0.9272718776497414 -0.37438865490279394 0
vn -0.9272718776497414 -0.37438865490279394 0
vn -0.7188567770895344 -0.6951582079156138 0
vn -0.7188567770895344 -0.6951582079156138 0
vn -0.4030837662285034 -0.9151630878717985 0
vn -0.4030837662285034 -0.9151630878717985 0
vn -0.8390054724323557 0.41870275247426875 -0.3475022622934
vn -0.9228594277207596 0.046797938513428644 -0.3822831798782227
vn -0.8566724799313457 -0.37438795963390076 -0.3548885991539354
vn -0.6640960731352249 -0.6951958701665729 -0.27509836013636213
vn -0.3723848494201328 -0.9151628096305091 -0.15429373218487397
vn -0.6421338616458429 0.41872211245119995 -0.6421338616458429
vn -0.7063319198475051 0.046802115433764294 -0.7063319198475051
vn -0.6556802238174255 -0.3743886859795063 -0.6556802238174255
vn -0.5082896202420876 -0.6951858196973734 -0.5082896202420876
vn -0.2849941549364994 -0.9151812188326753 -0.2849941549364994
vn -0.3475022622934 0.41870275247426875 -0.8390054724323557
vn -0.3822831798782227 0.046797938513428644 -0.9228594277207596
vn -0.3548885991539354 -0.37438795963390076 -0.8566724799313457
vn -0.27509836013636213 -0.6951958701665729 -0.6640960731352249
vn -0.15429373218487397 -0.9151628096305091 -0.3723848494201328
vn 0 0.418709351657657 -0.9081202997590266
vn 0 0.418709351657657 -0.9081202997590266
vn 0 0.04680019907883246 -0.9989042703713814
vn 0 0.04680019907883246 -0.9989042703713814
vn 0 -0.37438865490279394 -0.9272718776497414
vn 0 -0.37438865490279394 -0.9272718776497414
vn 0 -0.6951582079156138 -0.7188567770895344
vn 0 -0.6951582079156138 -0.7188567770895344
vn 0 -0.9151630878717985 -0.4030837662285034
vn 0 -0.9151630878717985 -0.4030837662285034
vn 0 -1 0
vn 0 -1 0
vn 0 -1 0
vn 0 -1 0
vn 0.3475022622934 0.41870275247426875 -0.8390054724323557
vn 0.3822831798782227 0.046797938513428644 -0.9228594277207596
vn 0.3548885991539354 -0.37438795963390076 -0.8566724799313457
vn 0.27509836013636213 -0.6951958701665729 -0.6640960731352249
vn 0.15429373218487397 -0.9151628096305091 -0.3723848494201328
vn 0.6421338616458429 0.41872211245119995 -0.6421338616458429
vn 0.7063319198475051 0.046802115433764294 -0.7063319198475051
vn 0.6556802238174255 -0.3743886859795063 -0.6556802238174255
vn 0.5082896202420876 -0.6951858196973734 -0.5082896202420876
vn 0.2849941549364994 -0.9151812188326753 -0.2849941549364994
vn 0.8390054724323557 0.41870275247426875 -0.3475022622934
vn 0.9228594277207596 0.046797938513428644 -0.3822831798782227
vn 0.8566724799313457 -0.37438795963390076 -0.3548885991539354
vn 0.6640960731352249 -0.6951958701665729 -0.27509836013636213
vn 0.3723848494201328 -0.9151628096305091 -0.15429373218487397
vn 0.9081202997590266 0.418709351657657 0
vn 0.9081202997590266 0.418709351657657 0
vn 0.9989042703713814 0.04680019907883246 0
vn 0.9989042703713814 0.04680019907883246 0
vn 0.9272718776497414 -0.37438865490279394 0
vn 0.9272718776497414 -0.37438865490279394 0
vn 0.7188567770895344 -0.6951582079156138 0
vn 0.7188567770895344 -0.6951582079156138 0
vn 0.4030837662285034 -0.9151630878717985 0
vn 0.4030837662285034 -0.9151630878717985 0
vn 0.8390054724323557 0.41870275247426875 0.3475022622934
vn 0.9228594277207596 0.046797938513428644 0.3822831798782227
vn 0.8566724799313457 -0.37438795963390076 0.3548885991539354
vn 0.6640960731352249 -0.6951958701665729 0.27509836013636213
vn 0.3723848494201328 -0.9151628096305091 0.15429373218487397
vn 0.6421338616458429 0.41872211245119995 0.6421338616458429
vn 0.7063319198475051 0.046802115433764294 0.7063319198475051
vn 0.6556802238174255 -0.3743886859795063 0.6556802238174255
vn 0.5082896202420876 -0.6951858196973734 0.5082896202420876
vn 0.2849941549364994 -0.9151812188326753 0.2849941549364994
vn 0.3475022622934 0.41870275247426875 0.8390054724323557
vn 0.3822831798782227 0.046797938513428644 0.9228594277207596
vn 0.3548885991539354 -0.37438795963390076 0.8566724799313457
vn 0.27509836013636213 -0.6951958701665729 0.6640960731352249
vn 0.15429373218487397 -0.9151628096305091 0.3723848494201328
vn 0 -0.6951582079156138 0.7188567770895344
vn 0 -0.6951582079156138 0.7188567770895344
vn -0.14530634895916733 0.9251404414732138 0.3507153097640645
vn -0.14530634895916733 0.9251404414732138 0.3507153097640645
vn -0.3501986346150467 0.4028984401395273 0.845596690655121
vn -0.2684151449786808 0.9251522144448163 0.2684151449786808
vn -0.2684151449786808 0.9251522144448163 0.2684151449786808
vn -0.6471792624861996 0.4028870864344465 0.6471792624861996
vn -0.3507153097640645 0.9251404414732138 0.14530634895916733
vn -0.3507153097640645 0.9251404414732138 0.14530634895916733
vn -0.845596690655121 0.4028984401395273 0.3501986346150467
vn -0.3796178044191452 0.9251434064878741 0
vn -0.3796178044191452 0.9251434064878741 0
vn -0.3796178044191452 0.9251434064878741 0
vn -0.915236857360584 0.40291623810504607 0
vn -0.915236857360584 0.40291623810504607 0
vn -0.3507153097640645 0.9251404414732138 -0.14530634895916733
vn -0.3507153097640645 0.9251404414732138 -0.14530634895916733
vn -0.845596690655121 0.4028984401395273 -0.3501986346150467
vn -0.2684151449786808 0.9251522144448163 -0.2684151449786808
vn -0.2684151449786808 0.9251522144448163 -0.2684151449786808
vn -0.6471792624861996 0.4028870864344465 -0.6471792624861996
vn -0.14530634895916733 0.9251404414732138 -0.3507153097640645
vn -0.14530634895916733 0.9251404414732138 -0.3507153097640645
vn -0.3501986346150467 0.4028984401395273 -0.845596690655121
vn 0 0.9251434064878741 -0.3796178044191452
vn 0 0.9251434064878741 -0.3796178044191452
vn 0 0.9251434064878741 -0.3796178044191452
vn 0 0.40291623810504607 -0.915236857360584
vn 0 0.40291623810504607 -0.915236857360584
vn 0.14530634895916733 0.9251404414732138 -0.3507153097640645
vn 0.14530634895916733 0.9251404414732138 -0.3507153097640645
vn 0.3501986346150467 0.4028984401395273 -0.845596690655121
vn 0.2684151449786808 0.9251522144448163 -0.2684151449786808
vn 0.2684151449786808 0.9251522144448163 -0.2684151449786808
vn 0.6471792624861996 0.4028870864344465 -0.6471792624861996
vn 0.3507153097640645 0.9251404414732138 -0.14530634895916733
vn 0.3507153097640645 0.9251404414732138 -0.14530634895916733
vn 0.845596690655121 0.4028984401395273 -0.3501986346150467
vn 0.3796178044191452 0.9251434064878741 0
vn 0.3796178044191452 0.9251434064878741 0
vn 0.3796178044191452 0.9251434064878741 0
vn 0.915236857360584 0.40291623810504607 0
vn 0.915236857360584 0.40291623810504607 0
vn 0.3507153097640645 0.9251404414732138 0.14530634895916733
vn 0.3507153097640645 0.9251404414732138 0.14530634895916733
vn 0.8455670763431674 0.4028843182205386 0.3502863764642295
vn 0.2684151449786808 0.9251522144448163 0.2684151449786808
vn 0.2684151449786808 0.9251522144448163 0.2684151449786808
vn 0.6471792624861996 0.4028870864344465 0.6471792624861996
vn 0.14530634895916733 0.9251404414732138 0.3507153097640645
vn 0.14530634895916733 0.9251404414732138 0.3507153097640645
vn 0.3501986346150467 0.4028984401395273 0.845596690655121
vn 0 0.9251434064878741 0.3796178044191452
vn 0 0.9251434064878741 0.3796178044191452
vn 0 0.9251434064878741 0.3796178044191452
vn 0 0.40291623810504607 0.915236857360584
vn 0 0.40291623810504607 0.915236857360584
vn -0.3383961652820011 0.4670947242235831 0.8168907845758397
vn -0.3823213130591427 0.042502371804359014 0.9230514405880839
vn -0.3723105473030469 0.23090655995170836 0.8989254790794251
vn -0.7064679447355373 0.042498071983229004 0.7064679447355373
vn -0.6252211045275302 0.46711576820607364 0.6252211045275302
vn -0.6879990319472343 0.2308996840174042 0.6879990319472343
vn -0.9230514405880839 0.042502371804359014 0.3823213130591427
vn -0.8168907845758397 0.4670947242235831 0.3383961652820011
vn -0.8989254790794251 0.23090655995170836 0.3723105473030469
vn -0.9990964732557426 0.04249984856370122 0
vn -0.9990964732557426 0.04249984856370122 0
vn -0.884203503815989 0.4671018773667351 0
vn -0.884203503815989 0.4671018773667351 0
vn -0.9729786861781301 0.23089494633508062 0
vn -0.9729786861781301 0.23089494633508062 0
vn -0.9230514405880839 0.042502371804359014 -0.3823213130591427
vn -0.8168907845758397 0.4670947242235831 -0.3383961652820011
vn -0.8989254790794251 0.23090655995170836 -0.3723105473030469
vn -0.7064679447355373 0.042498071983229004 -0.7064679447355373
vn -0.6252211045275302 0.46711576820607364 -0.6252211045275302
vn -0.6879990319472343 0.2308996840174042 -0.6879990319472343
vn -0.3823213130591427 0.042502371804359014 -0.9230514405880839
vn -0.3383961652820011 0.4670947242235831 -0.8168907845758397
vn -0.3723105473030469 0.23090655995170836 -0.8989254790794251
vn 0 0.04249984856370122 -0.9990964732557426
vn 0 0.04249984856370122 -0.9990964732557426
vn 0 0.4671018773667351 -0.884203503815989
vn 0 0.4671018773667351 -0.884203503815989
vn 0 0.23089494633508062 -0.9729786861781301
vn 0 0.23089494633508062 -0.9729786861781301
vn 0.3823213130591427 0.042502371804359014 -0.9230514405880839
vn 0.3383961652820011 0.4670947242235831 -0.8168907845758397
vn 0.3723105473030469 0.23090655995170836 -0.8989254790794251
vn 0.7064679447355373 0.042498071983229004 -0.7064679447355373
vn 0.6252211045275302 0.46711576820607364 -0.6252211045275302
vn 0.6879990319472343 0.2308996840174042 -0.6879990319472343
vn 0.9230514405880839 0.042502371804359014 -0.3823213130591427
vn 0.8168907845758397 0.4670947242235831 -0.3383961652820011
vn 0.8989254790794251 0.23090655995170836 -0.3723105473030469
vn 0.9990964732557426 0.04249984856370122 0
vn 0.9990964732557426 0.04249984856370122 0
vn 0.884203503815989 0.4671018773667351 0
vn 0.884203503815989 0.4671018773667351 0
vn 0.9729786861781301 0.23089494633508062 0
vn 0.9729786861781301 0.23089494633508062 0
vn 0.9230514405880839 0.042502371804359014 0.3823213130591427
vn 0.8168907845758397 0.4670947242235831 0.3383961652820011
vn 0.8989254790794251 0.23090655995170836 0.3723105473030469
vn 0.7064679447355373 0.042498071983229004 0.7064679447355373
vn 0.6252211045275302 0.46711576820607364 0.6252211045275302
vn 0.6879990319472343 0.2308996840174042 0.6879990319472343
vn 0.3823213130591427 0.042502371804359014 0.9230514405880839
vn 0.3383961652820011 0.4670947242235831 0.8168907845758397
vn 0.3723105473030469 0.23090655995170836 0.8989254790794251
vn 0 0.04249984856370122 0.9990964732557426
vn 0 0.04249984856370122 0.9990964732557426
vn 0 0.4671018773667351 0.884203503815989
vn 0 0.4671018773667351 0.884203503815989
vn 0 0.23089494633508062 0.9729786861781301
vn 0 0.23089494633508062 0.9729786861781301
vn 0 0 1
vn 0 1 0
vn 0 1 0
vn 0 0 1
vn 0.2588077208901649 0.9659288605314774 0
vn 0 0 1
vn 0.5000110126485476 0.8660190455354744 0
vn 0 0 1
vn 0.7071067811865476 0.7071067811865476 0
vn 0 0 1
vn 0.8660190455354744 0.5000110126485476 0
vn 0 -0.590760918792124 0.8068466625250955
vn 0.9515142719155957 0.307604600649818 0
vn 0 0 1
vn 1 0 0
vn 0 0.590760918792124 0.8068466625250955
vn 0.9515142719155957 -0.307604600649818 0
vn 0 0 1
vn 0.8660190455354744 -0.5000110126485476 0
vn 0 0 1
vn 0.7071067811865476 -0.7071067811865476 0
vn 0 0 1
vn 0.5000110126485476 -0.8660190455354744 0
vn 0 0 1
vn 0.2588077208901649 -0.9659288605314774 0
vn 0 0 1
vn 0 -1 0
vn 0 0 1
vn -0.2588077208901649 -0.9659288605314774 0
vn 0 0 1
vn -0.5000110126485476 -0.8660190455354744 0
vn 0 0 1
vn -0.7071067811865476 -0.7071067811865476 0
vn 0 0 1
vn -0.8660190455354744 -0.5000110126485476 0
vn 0 0.590760918792124 0.8068466625250955
vn -0.9515142719155957 -0.307604600649818 0
vn 0 0 1
vn -1 0 0
vn 0 -0.590760918792124 0.8068466625250955
vn -0.9515142719155957 0.307604600649818 0
vn 0 0 1
vn -0.8660190455354744 0.5000110126485476 0
vn 0 0 1
vn -0.7071067811865476 0.7071067811865476 0
vn 0 0 1
vn -0.5000110126485476 0.8660190455354744 0
vn 0 0 1
vn -0.2588077208901649 0.9659288605314774 0
vn 0 -0.35498881584117864 0.934870547523922
vn 0.9914474854064371 0.13050625916504086 0
vn 0 -0.35498881584117864 0.934870547523922
vn -0.9914474854064371 0.13050625916504086 0
vn 0 0.35498881584117864 0.934870547523922
vn 0.9914474854064371 -0.13050625916504086 0
vn 0 0.35498881584117864 0.934870547523922
vn -0.9914474854064371 -0.13050625916504086 0
vn 0 0.4081138949574999 0.9129310208020203
vn 0.9238766775726099 -0.3826903247240456 0
vn 0 0.4081138949574999 0.9129310208020203
vn -0.9238766775726099 -0.3826903247240456 0
vn 0 -0.4081138949574999 0.9129310208020203
vn 0.9238766775726099 0.3826903247240456 0
vn 0 -0.4081138949574999 0.9129310208020203
vn -0.9238766775726099 0.3826903247240456 0
vn 0 0.20900320094410507 -0.9779149564226522
vn 0 0.9811002667113276 -0.19350004304640833
vn 0 0.9811002667113276 -0.19350004304640833
vn 0 0.7202813402909986 -0.6936820531256397
vn 0 0.7202813402909986 -0.6936820531256397
vn 0 0.7202813402909986 -0.6936820531256397
vn 0 0.7202813402909986 -0.6936820531256397
vn 0.0541005699608886 0.20190213853270225 -0.9779103510986213
vn 0.2538945497425745 0.9476797514343998 -0.19349585611131215
vn 0.18640342805602567 0.6957128216205516 -0.6937127877167414
vn 0.18640342805602567 0.6957128216205516 -0.6937127877167414
vn 0.104501586435738 0.18100274458940155 -0.9779148351894034
vn 0.49057039995332963 0.8496487205922875 -0.1934883311352884
vn 0.36009674362814315 0.6237943016280653 -0.6936937396897579
vn 0.36009674362814315 0.6237943016280653 -0.6936937396897579
vn 0.1478016105984308 0.1478016105984308 -0.9779107156632552
vn 0.6937410607417361 0.6937410607417361 -0.1935114500019605
vn 0.509301870324355 0.509301870324355 -0.6937025369480982
vn 0.509301870324355 0.509301870324355 -0.6937025369480982
vn 0.18100274458940155 0.104501586435738 -0.9779148351894034
vn 0.849690386378715 0.4904944900674157 -0.1934978100886312
vn 0.6237943016280653 0.36009674362814315 -0.6936937396897579
vn 0.6237943016280653 0.36009674362814315 -0.6936937396897579
vn 0.20190213853270225 0.0541005699608886 -0.9779103510986213
vn 0.9476797514343998 0.2538945497425745 -0.19349585611131215
vn 0.6957128216205516 0.18640342805602567 -0.6937127877167414
vn 0.6957128216205516 0.18640342805602567 -0.6937127877167414
vn 0.20900320094410507 0 -0.9779149564226522
vn 0.9811002667113276 0 -0.19350004304640833
vn 0.7202813402909986 0 -0.6936820531256397
vn 0.7202813402909986 0 -0.6936820531256397
vn 0.20190213853270225 -0.0541005699608886 -0.9779103510986213
vn 0.9476797514343998 -0.2538945497425745 -0.19349585611131215
vn 0.6957128216205516 -0.18640342805602567 -0.6937127877167414
vn 0.6957128216205516 -0.18640342805602567 -0.6937127877167414
vn 0.18100274458940155 -0.104501586435738 -0.9779148351894034
vn 0.8496487205922875 -0.49057039995332963 -0.1934883311352884
vn 0.6237943016280653 -0.36009674362814315 -0.6936937396897579
vn 0.6237943016280653 -0.36009674362814315 -0.6936937396897579
vn 0.1478016105984308 -0.1478016105984308 -0.9779107156632552
vn 0.6937410607417361 -0.6937410607417361 -0.1935114500019605
vn 0.509301870324355 -0.509301870324355 -0.6937025369480982
vn 0.509301870324355 -0.509301870324355 -0.6937025369480982
vn 0.104501586435738 -0.18100274458940155 -0.9779148351894034
vn 0.4904944900674157 -0.849690386378715 -0.1934978100886312
vn 0.36009674362814315 -0.6237943016280653 -0.6936937396897579
vn 0.36009674362814315 -0.6237943016280653 -0.6936937396897579
vn 0.0541005699608886 -0.20190213853270225 -0.9779103510986213
vn 0.2538945497425745 -0.9476797514343998 -0.19349585611131215
vn 0.18640342805602567 -0.6957128216205516 -0.6937127877167414
vn 0.18640342805602567 -0.6957128216205516 -0.6937127877167414
vn 0 -0.20900320094410507 -0.9779149564226522
vn 0 -0.9811002667113276 -0.19350004304640833
vn 0 -0.7202813402909986 -0.6936820531256397
vn 0 -0.7202813402909986 -0.6936820531256397
vn -0.0541005699608886 -0.20190213853270225 -0.9779103510986213
vn -0.2538945497425745 -0.9476797514343998 -0.19349585611131215
vn -0.18640342805602567 -0.6957128216205516 -0.6937127877167414
vn -0.18640342805602567 -0.6957128216205516 -0.6937127877167414
vn -0.104501586435738 -0.18100274458940155 -0.9779148351894034
vn -0.4904944900674157 -0.849690386378715 -0.1934978100886312
vn -0.36009674362814315 -0.6237943016280653 -0.6936937396897579
vn -0.36009674362814315 -0.6237943016280653 -0.6936937396897579
vn -0.1478016105984308 -0.1478016105984308 -0.9779107156632552
vn -0.6937410607417361 -0.6937410607417361 -0.1935114500019605
vn -0.509301870324355 -0.509301870324355 -0.6937025369480982
vn -0.509301870324355 -0.509301870324355 -0.6937025369480982
vn -0.18100274458940155 -0.104501586435738 -0.9779148351894034
vn -0.849690386378715 -0.4904944900674157 -0.1934978100886312
vn -0.6237943016280653 -0.36009674362814315 -0.6936937396897579
vn -0.6237943016280653 -0.36009674362814315 -0.6936937396897579
vn -0.20190213853270225 -0.0541005699608886 -0.9779103510986213
vn -0.9476797514343998 -0.2538945497425745 -0.19349585611131215
vn -0.6957128216205516 -0.18640342805602567 -0.6937127877167414
vn -0.6957128216205516 -0.18640342805602567 -0.6937127877167414
vn -0.20900320094410507 0 -0.9779149564226522
vn -0.9811002667113276 0 -0.19350004304640833
vn -0.7202813402909986 0 -0.6936820531256397
vn -0.7202813402909986 0 -0.6936820531256397
vn -0.20190213853270225 0.0541005699608886 -0.9779103510986213
vn -0.9476797514343998 0.2538945497425745 -0.19349585611131215
vn -0.6957128216205516 0.18640342805602567 -0.6937127877167414
vn -0.6957128216205516 0.18640342805602567 -0.6937127877167414
vn -0.18100274458940155 0.104501586435738 -0.9779148351894034
vn -0.849690386378715 0.4904944900674157 -0.1934978100886312
vn -0.6237943016280653 0.36009674362814315 -0.6936937396897579
vn -0.6237943016280653 0.36009674362814315 -0.6936937396897579
vn -0.1478016105984308 0.1478016105984308 -0.9779107156632552
vn -0.6937410607417361 0.6937410607417361 -0.1935114500019605
vn -0.509301870324355 0.509301870324355 -0.6937025369480982
vn -0.509301870324355 0.509301870324355 -0.6937025369480982
vn -0.104501586435738 0.18100274458940155 -0.9779148351894034
vn -0.49057039995332963 0.8496487205922875 -0.1934883311352884
vn -0.36009674362814315 0.6237943016280653 -0.6936937396897579
vn -0.36009674362814315 0.6237943016280653 -0.6936937396897579
vn -0.0541005699608886 0.20190213853270225 -0.9779103510986213
vn -0.2538945497425745 0.9476797514343998 -0.19349585611131215
vn -0.18640342805602567 0.6957128216205516 -0.6937127877167414
vn -0.18640342805602567 0.6957128216205516 -0.6937127877167414
vn 0 0 1
vn 0 -1 0
vn 0 -1 0
vn 0 0 1
vn 0.2588077208901649 -0.9659288605314774 0
vn 0 0 1
vn 0.5000110126485476 -0.8660190455354744 0
vn 0 0 1
vn 0.7071067811865476 -0.7071067811865476 0
vn 0 0 1
vn 0.8660190455354744 -0.5000110126485476 0
vn 0 0.590760918792124 0.8068466625250955
vn 0.9515142719155957 -0.307604600649818 0
vn 0 0 1
vn 1 0 0
vn 0 -0.590760918792124 0.8068466625250955
vn 0.9515142719155957 0.307604600649818 0
vn 0 0 1
vn 0.8660190455354744 0.5000110126485476 0
vn 0 0 1
vn 0.7071067811865476 0.7071067811865476 0
vn 0 0 1
vn 0.5000110126485476 0.8660190455354744 0
vn 0 0 1
vn 0.2588077208901649 0.9659288605314774 0
vn 0 0 1
vn 0 1 0
vn 0 0 1
vn -0.2588077208901649 0.9659288605314774 0
vn 0 0 1
vn -0.5000110126485476 0.8660190455354744 0
vn 0 0 1
vn -0.7071067811865476 0.7071067811865476 0
vn 0 0 1
vn -0.8660190455354744 0.5000110126485476 0
vn 0 -0.590760918792124 0.8068466625250955
vn -0.9515142719155957 0.307604600649818 0
vn 0 0 1
vn -1 0 0
vn 0 0.590760918792124 0.8068466625250955
vn -0.9515142719155957 -0.307604600649818 0
vn 0 0 1
vn -0.8660190455354744 -0.5000110126485476 0
vn 0 0 1
vn -0.7071067811865476 -0.7071067811865476 0
vn 0 0 1
vn -0.5000110126485476 -0.8660190455354744 0
vn 0 0 1
vn -0.2588077208901649 -0.9659288605314774 0
vn 0 0.35498881584117864 0.934870547523922
vn 0.9914474854064371 -0.13050625916504086 0
vn 0 0.35498881584117864 0.934870547523922
vn -0.9914474854064371 -0.13050625916504086 0
vn 0 -0.35498881584117864 0.934870547523922
vn 0.9914474854064371 0.13050625916504086 0
vn 0 -0.35498881584117864 0.934870547523922
vn -0.9914474854064371 0.13050625916504086 0
vn 0 -0.4081138949574999 0.9129310208020203
vn 0.9238766775726099 0.3826903247240456 0
vn 0 -0.4081138949574999 0.9129310208020203
vn -0.9238766775726099 0.3826903247240456 0
vn 0 0.4081138949574999 0.9129310208020203
vn 0.9238766775726099 -0.3826903247240456 0
vn 0 0.4081138949574999 0.9129310208020203
vn -0.9238766775726099 -0.3826903247240456 0
vn 0 -0.20900320094410507 -0.9779149564226522
vn 0 -0.9811002667113276 -0.19350004304640833
vn 0 -0.9811002667113276 -0.19350004304640833
vn 0 -0.7202813402909986 -0.6936820531256397
vn 0 -0.7202813402909986 -0.6936820531256397
vn 0 -0.7202813402909986 -0.6936820531256397
vn 0 -0.7202813402909986 -0.6936820531256397
vn 0.0541005699608886 -0.20190213853270225 -0.9779103510986213
vn 0.2538945497425745 -0.9476797514343998 -0.19349585611131215
vn 0.18640342805602567 -0.6957128216205516 -0.6937127877167414
vn 0.18640342805602567 -0.6957128216205516 -0.6937127877167414
vn 0.104501586435738 -0.18100274458940155 -0.9779148351894034
vn 0.4904944900674157 -0.849690386378715 -0.1934978100886312
vn 0.36009674362814315 -0.6237943016280653 -0.6936937396897579
vn 0.36009674362814315 -0.6237943016280653 -0.6936937396897579
vn 0.1478016105984308 -0.1478016105984308 -0.9779107156632552
vn 0.6937410607417361 -0.6937410607417361 -0.1935114500019605
vn 0.509301870324355 -0.509301870324355 -0.6937025369480982
vn 0.509301870324355 -0.509301870324355 -0.6937025369480982
vn 0.18100274458940155 -0.104501586435738 -0.9779148351894034
vn 0.849690386378715 -0.4904944900674157 -0.1934978100886312
vn 0.6237943016280653 -0.36009674362814315 -0.6936937396897579
vn 0.6237943016280653 -0.36009674362814315 -0.6936937396897579
vn 0.20190213853270225 -0.0541005699608886 -0.9779103510986213
vn 0.9476797514343998 -0.2538945497425745 -0.19349585611131215
vn 0.6957128216205516 -0.18640342805602567 -0.6937127877167414
vn 0.6957128216205516 -0.18640342805602567 -0.6937127877167414
vn 0.20900320094410507 0 -0.9779149564226522
vn 0.9811002667113276 0 -0.19350004304640833
vn 0.7202813402909986 0 -0.6936820531256397
vn 0.7202813402909986 0 -0.6936820531256397
vn 0.20190213853270225 0.0541005699608886 -0.9779103510986213
vn 0.9476797514343998 0.2538945497425745 -0.19349585611131215
vn 0.6957128216205516 0.18640342805602567 -0.6937127877167414
vn 0.6957128216205516 0.18640342805602567 -0.6937127877167414
vn 0.18100274458940155 0.104501586435738 -0.9779148351894034
vn 0.849690386378715 0.4904944900674157 -0.1934978100886312
vn 0.6237943016280653 0.36009674362814315 -0.6936937396897579
vn 0.6237943016280653 0.36009674362814315 -0.6936937396897579
vn 0.1478016105984308 0.1478016105984308 -0.9779107156632552
vn 0.6937410607417361 0.6937410607417361 -0.1935114500019605
vn 0.509301870324355 0.509301870324355 -0.6937025369480982
vn 0.509301870324355 0.509301870324355 -0.6937025369480982
vn 0.104501586435738 0.18100274458940155 -0.9779148351894034
vn 0.4904944900674157 0.849690386378715 -0.1934978100886312
vn 0.36009674362814315 0.6237943016280653 -0.6936937396897579
vn 0.36009674362814315 0.6237943016280653 -0.6936937396897579
vn 0.0541005699608886 0.20190213853270225 -0.9779103510986213
vn 0.2538945497425745 0.9476797514343998 -0.19349585611131215
vn 0.18640342805602567 0.6957128216205516 -0.6937127877167414
vn 0.18640342805602567 0.6957128216205516 -0.6937127877167414
vn 0 0.20900320094410507 -0.9779149564226522
vn 0 0.9811002667113276 -0.19350004304640833
vn 0 0.7202813402909986 -0.6936820531256397
vn 0 0.7202813402909986 -0.6936820531256397
vn -0.0541005699608886 0.20190213853270225 -0.9779103510986213
vn -0.2538945497425745 0.9476797514343998 -0.19349585611131215
vn -0.18640342805602567 0.6957128216205516 -0.6937127877167414
vn -0.18640342805602567 0.6957128216205516 -0.6937127877167414
vn -0.104501586435738 0.18100274458940155 -0.9779148351894034
vn -0.4904944900674157 0.849690386378715 -0.1934978100886312
vn -0.36009674362814315 0.6237943016280653 -0.6936937396897579
vn -0.36009674362814315 0.6237943016280653 -0.6936937396897579
vn -0.1478016105984308 0.1478016105984308 -0.9779107156632552
vn -0.6937410607417361 0.6937410607417361 -0.1935114500019605
vn -0.509301870324355 0.509301870324355 -0.6937025369480982
vn -0.509301870324355 0.509301870324355 -0.6937025369480982
vn -0.18100274458940155 0.104501586435738 -0.9779148351894034
vn -0.849690386378715 0.4904944900674157 -0.1934978100886312
vn -0.6237943016280653 0.36009674362814315 -0.6936937396897579
vn -0.6237943016280653 0.36009674362814315 -0.6936937396897579
vn -0.20190213853270225 0.0541005699608886 -0.9779103510986213
vn -0.9476797514343998 0.2538945497425745 -0.19349585611131215
vn -0.6957128216205516 0.18640342805602567 -0.6937127877167414
vn -0.6957128216205516 0.18640342805602567 -0.6937127877167414
vn -0.20900320094410507 0 -0.9779149564226522
vn -0.9811002667113276 0 -0.19350004304640833
vn -0.7202813402909986 0 -0.6936820531256397
vn -0.7202813402909986 0 -0.6936820531256397
vn -0.20190213853270225 -0.0541005699608886 -0.9779103510986213
vn -0.9476797514343998 -0.2538945497425745 -0.19349585611131215
vn -0.6957128216205516 -0.18640342805602567 -0.6937127877167414
vn -0.6957128216205516 -0.18640342805602567 -0.6937127877167414
vn -0.18100274458940155 -0.104501586435738 -0.9779148351894034
vn -0.849690386378715 -0.4904944900674157 -0.1934978100886312
vn -0.6237943016280653 -0.36009674362814315 -0.6936937396897579
vn -0.6237943016280653 -0.36009674362814315 -0.6936937396897579
vn -0.1478016105984308 -0.1478016105984308 -0.9779107156632552
vn -0.6937410607417361 -0.6937410607417361 -0.1935114500019605
vn -0.509301870324355 -0.509301870324355 -0.6937025369480982
vn -0.509301870324355 -0.509301870324355 -0.6937025369480982
vn -0.104501586435738 -0.18100274458940155 -0.9779148351894034
vn -0.49057039995332963 -0.8496487205922875 -0.1934883311352884
vn -0.36009674362814315 -0.6237943016280653 -0.6936937396897579
vn -0.36009674362814315 -0.6237943016280653 -0.6936937396897579
vn -0.0541005699608886 -0.20190213853270225 -0.9779103510986213
vn -0.2538945497425745 -0.9476797514343998 -0.19349585611131215
vn -0.18640342805602567 -0.6957128216205516 -0.6937127877167414
vn -0.18640342805602567 -0.6957128216205516 -0.6937127877167414
f 914/914/914 23/23/23 20/20/20
f 914/914/914 20/20/20 907/907/907
f 907/907/907 20/20/20 18/18/18
f 907/907/907 18/18/18 905/905/905
f 905/905/905 18/18/18 16/16/16
f 905/905/905 16/16/16 909/909/909
f 909/909/909 16/16/16 14/14/14
f 909/909/909 14/14/14 911/911/911
f 911/911/911 14/14/14 12/12/12
f 911/911/911 12/12/12 913/913/913
f 159/159/159 131/131/131 189/189/189
f 159/159/159 189/189/189 217/217/217
f 609/609/609 605/605/605 576/576/576
f 609/609/609 576/576/576 588/588/588
f 152/152/152 55/55/55 57/57/57
f 152/152/152 57/57/57 166/166/166
f 145/145/145 26/26/26 241/241/241
f 145/145/145 241/241/241 360/360/360
f 110/110/110 112/112/112 114/114/114
f 110/110/110 114/114/114 108/108/108
f 106/106/106 110/110/110 108/108/108
f 106/106/106 108/108/108 104/104/104
f 162/162/162 51/51/51 53/53/53
f 162/162/162 53/53/53 170/170/170
f 112/112/112 118/118/118 116/116/116
f 112/112/112 116/116/116 114/114/114
f 118/118/118 120/120/120 122/122/122
f 118/118/118 122/122/122 116/116/116
f 654/654/654 664/664/664 575/575/575
f 654/654/654 575/575/575 573/573/573
f 85/85/85 93/93/93 91/91/91
f 85/85/85 91/91/91 89/89/89
f 93/93/93 98/98/98 95/95/95
f 93/93/93 95/95/95 91/91/91
f 138/138/138 156/156/156 75/75/75
f 138/138/138 75/75/75 81/81/81
f 98/98/98 102/102/102 100/100/100
f 98/98/98 100/100/100 95/95/95
f 547/547/547 545/545/545 1006/1006/1006
f 126/126/126 49/49/49 51/51/51
f 126/126/126 51/51/51 162/162/162
f 166/166/166 57/57/57 60/60/60
f 166/166/166 60/60/60 175/175/175
f 158/158/158 134/134/134 77/77/77
f 158/158/158 77/77/77 65/65/65
f 134/134/134 142/142/142 79/79/79
f 134/134/134 79/79/79 77/77/77
f 148/148/148 45/45/45 47/47/47
f 148/148/148 47/47/47 130/130/130
f 170/170/170 53/53/53 55/55/55
f 170/170/170 55/55/55 152/152/152
f 176/176/176 61/61/61 75/75/75
f 176/176/176 75/75/75 156/156/156
f 142/142/142 138/138/138 81/81/81
f 142/142/142 81/81/81 79/79/79
f 130/130/130 47/47/47 49/49/49
f 130/130/130 49/49/49 126/126/126
f 28/28/28 128/128/128 124/124/124
f 28/28/28 124/124/124 30/30/30
f 71/71/71 73/73/73 136/136/136
f 71/71/71 136/136/136 140/140/140
f 42/42/42 180/180/180 154/154/154
f 42/42/42 154/154/154 67/67/67
f 462/462/462 465/465/465 204/204/204
f 34/34/34 172/172/172 150/150/150
f 34/34/34 150/150/150 36/36/36
f 26/26/26 145/145/145 128/128/128
f 26/26/26 128/128/128 28/28/28
f 69/69/69 71/71/71 140/140/140
f 69/69/69 140/140/140 132/132/132
f 63/63/63 69/69/69 132/132/132
f 63/63/63 132/132/132 160/160/160
f 461/461/461 464/464/464 363/363/363
f 461/461/461 363/363/363 260/260/260
f 141/141/141 199/199/199 195/195/195
f 141/141/141 195/195/195 137/137/137
f 135/135/135 193/193/193 197/197/197
f 135/135/135 197/197/197 139/139/139
f 38/38/38 168/168/168 179/179/179
f 38/38/38 179/179/179 41/41/41
f 161/161/161 219/219/219 183/183/183
f 161/161/161 183/183/183 125/125/125
f 30/30/30 124/124/124 164/164/164
f 30/30/30 164/164/164 32/32/32
f 123/123/123 181/181/181 221/221/221
f 123/123/123 221/221/221 163/163/163
f 174/174/174 232/232/232 223/223/223
f 174/174/174 223/223/223 165/165/165
f 167/167/167 225/225/225 236/236/236
f 167/167/167 236/236/236 178/178/178
f 73/73/73 67/67/67 154/154/154
f 73/73/73 154/154/154 136/136/136
f 32/32/32 164/164/164 172/172/172
f 32/32/32 172/172/172 34/34/34
f 125/125/125 183/183/183 187/187/187
f 125/125/125 187/187/187 129/129/129
f 36/36/36 150/150/150 168/168/168
f 36/36/36 168/168/168 38/38/38
f 127/127/127 185/185/185 181/181/181
f 127/127/127 181/181/181 123/123/123
f 186/186/186 188/188/188 184/184/184
f 186/186/186 184/184/184 182/182/182
f 198/198/198 194/194/194 196/196/196
f 198/198/198 196/196/196 200/200/200
f 238/238/238 234/234/234 214/214/214
f 238/238/238 214/214/214 212/212/212
f 230/230/230 228/228/228 210/210/210
f 230/230/230 210/210/210 208/208/208
f 203/203/203 206/206/206 188/188/188
f 203/203/203 188/188/188 186/186/186
f 190/190/190 198/198/198 200/200/200
f 190/190/190 200/200/200 192/192/192
f 218/218/218 190/190/190 192/192/192
f 218/218/218 192/192/192 216/216/216
f 202/202/202 144/144/144 359/359/359
f 202/202/202 359/359/359 417/417/417
f 226/226/226 224/224/224 233/233/233
f 226/226/226 233/233/233 237/237/237
f 182/182/182 184/184/184 220/220/220
f 182/182/182 220/220/220 222/222/222
f 194/194/194 212/212/212 214/214/214
f 194/194/194 214/214/214 196/196/196
f 222/222/222 220/220/220 228/228/228
f 222/222/222 228/228/228 230/230/230
f 208/208/208 210/210/210 224/224/224
f 208/208/208 224/224/224 226/226/226
f 177/177/177 235/235/235 211/211/211
f 177/177/177 211/211/211 153/153/153
f 155/155/155 213/213/213 231/231/231
f 155/155/155 231/231/231 173/173/173
f 153/153/153 211/211/211 193/193/193
f 153/153/153 193/193/193 135/135/135
f 137/137/137 195/195/195 213/213/213
f 137/137/137 213/213/213 155/155/155
f 171/171/171 229/229/229 207/207/207
f 171/171/171 207/207/207 149/149/149
f 151/151/151 209/209/209 227/227/227
f 151/151/151 227/227/227 169/169/169
f 143/143/143 201/201/201 185/185/185
f 143/143/143 185/185/185 127/127/127
f 163/163/163 221/221/221 229/229/229
f 163/163/163 229/229/229 171/171/171
f 129/129/129 187/187/187 205/205/205
f 129/129/129 205/205/205 147/147/147
f 169/169/169 227/227/227 219/219/219
f 169/169/169 219/219/219 161/161/161
f 149/149/149 207/207/207 225/225/225
f 149/149/149 225/225/225 167/167/167
f 165/165/165 223/223/223 209/209/209
f 165/165/165 209/209/209 151/151/151
f 139/139/139 197/197/197 189/189/189
f 139/139/139 189/189/189 131/131/131
f 133/133/133 191/191/191 199/199/199
f 133/133/133 199/199/199 141/141/141
f 550/550/550 552/552/552 670/670/670
f 550/550/550 670/670/670 662/662/662
f 802/802/802 798/798/798 748/748/748
f 802/802/802 748/748/748 771/771/771
f 206/206/206 203/203/203 418/418/418
f 206/206/206 418/418/418 421/421/421
f 102/102/102 106/106/106 104/104/104
f 102/102/102 104/104/104 100/100/100
f 374/374/374 432/432/432 404/404/404
f 374/374/374 404/404/404 346/346/346
f 72/72/72 109/109/109 105/105/105
f 72/72/72 105/105/105 66/66/66
f 367/367/367 381/381/381 272/272/272
f 367/367/367 272/272/272 270/270/270
f 325/325/325 323/323/323 329/329/329
f 325/325/325 329/329/329 327/327/327
f 321/321/321 319/319/319 323/323/323
f 321/321/321 323/323/323 325/325/325
f 377/377/377 385/385/385 268/268/268
f 377/377/377 268/268/268 266/266/266
f 327/327/327 329/329/329 331/331/331
f 327/327/327 331/331/331 333/333/333
f 537/537/537 535/535/535 522/522/522
f 333/333/333 331/331/331 337/337/337
f 333/333/333 337/337/337 335/335/335
f 299/299/299 303/303/303 306/306/306
f 299/299/299 306/306/306 309/309/309
f 309/309/309 306/306/306 311/311/311
f 309/309/309 311/311/311 313/313/313
f 353/353/353 296/296/296 290/290/290
f 353/353/353 290/290/290 371/371/371
f 313/313/313 311/311/311 315/315/315
f 313/313/313 315/315/315 317/317/317
f 734/734/734 736/736/736 1031/1031/1031
f 734/734/734 1031/1031/1031 1045/1045/1045
f 341/341/341 377/377/377 266/266/266
f 341/341/341 266/266/266 264/264/264
f 381/381/381 390/390/390 275/275/275
f 381/381/381 275/275/275 272/272/272
f 373/373/373 280/280/280 292/292/292
f 373/373/373 292/292/292 349/349/349
f 349/349/349 292/292/292 294/294/294
f 349/349/349 294/294/294 357/357/357
f 363/363/363 345/345/345 262/262/262
f 363/363/363 262/262/262 260/260/260
f 385/385/385 367/367/367 270/270/270
f 385/385/385 270/270/270 268/268/268
f 391/391/391 371/371/371 290/290/290
f 391/391/391 290/290/290 276/276/276
f 357/357/357 294/294/294 296/296/296
f 357/357/357 296/296/296 353/353/353
f 345/345/345 341/341/341 264/264/264
f 345/345/345 264/264/264 262/262/262
f 243/243/243 245/245/245 339/339/339
f 243/243/243 339/339/339 343/343/343
f 286/286/286 355/355/355 351/351/351
f 286/286/286 351/351/351 288/288/288
f 257/257/257 282/282/282 369/369/369
f 257/257/257 369/369/369 395/395/395
f 249/249/249 251/251/251 365/365/365
f 249/249/249 365/365/365 387/387/387
f 241/241/241 243/243/243 343/343/343
f 241/241/241 343/343/343 360/360/360
f 284/284/284 347/347/347 355/355/355
f 284/284/284 355/355/355 286/286/286
f 278/278/278 375/375/375 347/347/347
f 278/278/278 347/347/347 284/284/284
f 356/356/356 352/352/352 410/410/410
f 356/356/356 410/410/410 414/414/414
f 350/350/350 354/354/354 412/412/412
f 350/350/350 412/412/412 408/408/408
f 253/253/253 256/256/256 394/394/394
f 253/253/253 394/394/394 383/383/383
f 376/376/376 340/340/340 398/398/398
f 376/376/376 398/398/398 434/434/434
f 245/245/245 247/247/247 379/379/379
f 245/245/245 379/379/379 339/339/339
f 338/338/338 378/378/378 436/436/436
f 338/338/338 436/436/436 396/396/396
f 388/388/388 380/380/380 438/438/438
f 388/388/388 438/438/438 446/446/446
f 382/382/382 392/392/392 450/450/450
f 382/382/382 450/450/450 440/440/440
f 288/288/288 351/351/351 369/369/369
f 288/288/288 369/369/369 282/282/282
f 247/247/247 249/249/249 387/387/387
f 247/247/247 387/387/387 379/379/379
f 340/340/340 344/344/344 402/402/402
f 340/340/340 402/402/402 398/398/398
f 251/251/251 253/253/253 383/383/383
f 251/251/251 383/383/383 365/365/365
f 342/342/342 338/338/338 396/396/396
f 342/342/342 396/396/396 400/400/400
f 401/401/401 397/397/397 399/399/399
f 401/401/401 399/399/399 403/403/403
f 413/413/413 415/415/415 411/411/411
f 413/413/413 411/411/411 409/409/409
f 453/453/453 427/427/427 429/429/429
f 453/453/453 429/429/429 449/449/449
f 445/445/445 423/423/423 425/425/425
f 445/445/445 425/425/425 443/443/443
f 418/418/418 401/401/401 403/403/403
f 418/418/418 403/403/403 421/421/421
f 405/405/405 407/407/407 415/415/415
f 405/405/405 415/415/415 413/413/413
f 433/433/433 431/431/431 407/407/407
f 433/433/433 407/407/407 405/405/405
f 441/441/441 452/452/452 448/448/448
f 441/441/441 448/448/448 439/439/439
f 397/397/397 437/437/437 435/435/435
f 397/397/397 435/435/435 399/399/399
f 409/409/409 411/411/411 429/429/429
f 409/409/409 429/429/429 427/427/427
f 437/437/437 445/445/445 443/443/443
f 437/437/437 443/443/443 435/435/435
f 423/423/423 441/441/441 439/439/439
f 423/423/423 439/439/439 425/425/425
f 393/393/393 368/368/368 426/426/426
f 393/393/393 426/426/426 451/451/451
f 370/370/370 389/389/389 447/447/447
f 370/370/370 447/447/447 428/428/428
f 368/368/368 350/350/350 408/408/408
f 368/368/368 408/408/408 426/426/426
f 352/352/352 370/370/370 428/428/428
f 352/352/352 428/428/428 410/410/410
f 386/386/386 364/364/364 422/422/422
f 386/386/386 422/422/422 444/444/444
f 366/366/366 384/384/384 442/442/442
f 366/366/366 442/442/442 424/424/424
f 358/358/358 342/342/342 400/400/400
f 358/358/358 400/400/400 416/416/416
f 378/378/378 386/386/386 444/444/444
f 378/378/378 444/444/444 436/436/436
f 344/344/344 362/362/362 420/420/420
f 344/344/344 420/420/420 402/402/402
f 384/384/384 376/376/376 434/434/434
f 384/384/384 434/434/434 442/442/442
f 364/364/364 382/382/382 440/440/440
f 364/364/364 440/440/440 422/422/422
f 380/380/380 366/366/366 424/424/424
f 380/380/380 424/424/424 438/438/438
f 354/354/354 346/346/346 404/404/404
f 354/354/354 404/404/404 412/412/412
f 348/348/348 356/356/356 414/414/414
f 348/348/348 414/414/414 406/406/406
f 741/741/741 853/853/853 861/861/861
f 741/741/741 861/861/861 743/743/743
f 608/608/608 606/606/606 610/610/610
f 608/608/608 610/610/610 612/612/612
f 317/317/317 315/315/315 319/319/319
f 317/317/317 319/319/319 321/321/321
f 45/45/45 148/148/148 467/467/467
f 45/45/45 467/467/467 457/457/457
f 460/460/460 472/472/472 475/475/475
f 460/460/460 475/475/475 463/463/463
f 485/485/485 488/488/488 476/476/476
f 485/485/485 476/476/476 473/473/473
f 465/465/465 501/501/501 489/489/489
f 465/465/465 489/489/489 477/477/477
f 466/466/466 478/478/478 469/469/469
f 466/466/466 469/469/469 456/456/456
f 462/462/462 474/474/474 486/486/486
f 462/462/462 486/486/486 498/498/498
f 470/470/470 479/479/479 491/491/491
f 470/470/470 491/491/491 482/482/482
f 484/484/484 496/496/496 499/499/499
f 484/484/484 499/499/499 487/487/487
f 509/509/509 511/511/511 500/500/500
f 509/509/509 500/500/500 497/497/497
f 490/490/490 502/502/502 493/493/493
f 490/490/490 493/493/493 481/481/481
f 1000/1000/1000 964/964/964 967/967/967
f 1000/1000/1000 967/967/967 1003/1003/1003
f 494/494/494 503/503/503 515/515/515
f 494/494/494 515/515/515 505/505/505
f 505/505/505 515/515/515 513/513/513
f 505/505/505 513/513/513 507/507/507
f 507/507/507 513/513/513 511/511/511
f 507/507/507 511/511/511 509/509/509
f 521/521/521 919/919/919 913/913/913
f 521/521/521 913/913/913 12/12/12
f 826/826/826 372/372/372 430/430/430
f 826/826/826 430/430/430 880/880/880
f 522/522/522 11/11/11 13/13/13
f 6/6/6 8/8/8 936/936/936
f 6/6/6 936/936/936 938/938/938
f 242/242/242 240/240/240 917/917/917
f 242/242/242 917/917/917 519/519/519
f 239/239/239 25/25/25 916/916/916
f 1039/1039/1039 1041/1041/1041 536/536/536
f 1039/1039/1039 536/536/536 538/538/538
f 1012/1012/1012 1014/1014/1014 957/957/957
f 1012/1012/1012 957/957/957 516/516/516
f 539/539/539 537/537/537 522/522/522
f 19/19/19 522/522/522 17/17/17
f 17/17/17 522/522/522 15/15/15
f 15/15/15 522/522/522 13/13/13
f 4/4/4 6/6/6 938/938/938
f 4/4/4 938/938/938 940/940/940
f 530/530/530 1053/1053/1053 1051/1051/1051
f 530/530/530 1051/1051/1051 532/532/532
f 2/2/2 518/518/518 959/959/959
f 2/2/2 959/959/959 932/932/932
f 1008/1008/1008 749/749/749 790/790/790
f 1056/1056/1056 921/921/921 930/930/930
f 1052/1052/1052 1054/1054/1054 930/930/930
f 1035/1035/1035 1039/1039/1039 538/538/538
f 1035/1035/1035 538/538/538 540/540/540
f 650/650/650 632/632/632 565/565/565
f 650/650/650 565/565/565 563/563/563
f 1048/1048/1048 1050/1050/1050 930/930/930
f 640/640/640 595/595/595 589/589/589
f 640/640/640 589/589/589 658/658/658
f 63/63/63 160/160/160 634/634/634
f 63/63/63 634/634/634 583/583/583
f 964/964/964 894/894/894 967/967/967
f 159/159/159 217/217/217 687/687/687
f 159/159/159 687/687/687 633/633/633
f 84/84/84 88/88/88 597/597/597
f 84/84/84 597/597/597 599/599/599
f 972/972/972 984/984/984 993/993/993
f 972/972/972 993/993/993 981/981/981
f 552/552/552 554/554/554 652/652/652
f 552/552/552 652/652/652 670/670/670
f 668/668/668 654/654/654 573/573/573
f 668/668/668 573/573/573 571/571/571
f 618/618/618 620/620/620 622/622/622
f 618/618/618 622/622/622 624/624/624
f 841/841/841 754/754/754 756/756/756
f 841/841/841 756/756/756 823/823/823
f 628/628/628 660/660/660 569/569/569
f 628/628/628 569/569/569 567/567/567
f 664/664/664 673/673/673 578/578/578
f 664/664/664 578/578/578 575/575/575
f 158/158/158 65/65/65 591/591/591
f 158/158/158 591/591/591 636/636/636
f 583/583/583 634/634/634 642/642/642
f 583/583/583 642/642/642 585/585/585
f 963/963/963 754/754/754 841/841/841
f 963/963/963 841/841/841 966/966/966
f 967/967/967 979/979/979 991/991/991
f 967/967/967 991/991/991 1003/1003/1003
f 674/674/674 658/658/658 589/589/589
f 674/674/674 589/589/589 579/579/579
f 585/585/585 642/642/642 638/638/638
f 585/585/585 638/638/638 587/587/587
f 647/647/647 838/838/838 735/735/735
f 647/647/647 735/735/735 544/544/544
f 560/560/560 581/581/581 656/656/656
f 560/560/560 656/656/656 678/678/678
f 732/732/732 710/710/710 712/712/712
f 732/732/732 712/712/712 728/728/728
f 992/992/992 983/983/983 995/995/995
f 992/992/992 995/995/995 1004/1004/1004
f 644/644/644 593/593/593 595/595/595
f 644/644/644 595/595/595 640/640/640
f 632/632/632 628/628/628 567/567/567
f 632/632/632 567/567/567 565/565/565
f 637/637/637 641/641/641 695/695/695
f 637/637/637 695/695/695 691/691/691
f 616/616/616 614/614/614 620/620/620
f 616/616/616 620/620/620 618/618/618
f 952/952/952 948/948/948 903/903/903
f 952/952/952 903/903/903 901/901/901
f 625/625/625 661/661/661 715/715/715
f 625/625/625 715/715/715 679/679/679
f 546/546/546 548/548/548 626/626/626
f 546/546/546 626/626/626 630/630/630
f 554/554/554 556/556/556 666/666/666
f 554/554/554 666/666/666 652/652/652
f 892/892/892 895/895/895 877/877/877
f 892/892/892 877/877/877 875/875/875
f 604/604/604 601/601/601 606/606/606
f 604/604/604 606/606/606 608/608/608
f 716/716/716 724/724/724 722/722/722
f 716/716/716 722/722/722 714/714/714
f 701/701/701 684/684/684 686/686/686
f 701/701/701 686/686/686 704/704/704
f 655/655/655 637/637/637 691/691/691
f 655/655/655 691/691/691 709/709/709
f 556/556/556 559/559/559 677/677/677
f 556/556/556 677/677/677 666/666/666
f 636/636/636 591/591/591 593/593/593
f 636/636/636 593/593/593 644/644/644
f 659/659/659 627/627/627 681/681/681
f 659/659/659 681/681/681 713/713/713
f 548/548/548 550/550/550 662/662/662
f 548/548/548 662/662/662 626/626/626
f 692/692/692 694/694/694 712/712/712
f 692/692/692 712/712/712 710/710/710
f 672/672/672 663/663/663 717/717/717
f 672/672/672 717/717/717 726/726/726
f 218/218/218 216/216/216 690/690/690
f 218/218/218 690/690/690 688/688/688
f 661/661/661 669/669/669 723/723/723
f 661/661/661 723/723/723 715/715/715
f 631/631/631 649/649/649 703/703/703
f 631/631/631 703/703/703 685/685/685
f 544/544/544 546/546/546 630/630/630
f 544/544/544 630/630/630 647/647/647
f 635/635/635 643/643/643 697/697/697
f 635/635/635 697/697/697 689/689/689
f 862/862/862 945/945/945 926/926/926
f 862/862/862 926/926/926 854/854/854
f 669/669/669 651/651/651 705/705/705
f 669/669/669 705/705/705 723/723/723
f 641/641/641 633/633/633 687/687/687
f 641/641/641 687/687/687 695/695/695
f 627/627/627 631/631/631 685/685/685
f 627/627/627 685/685/685 681/681/681
f 639/639/639 657/657/657 711/711/711
f 639/639/639 711/711/711 693/693/693
f 653/653/653 667/667/667 721/721/721
f 653/653/653 721/721/721 707/707/707
f 675/675/675 655/655/655 709/709/709
f 675/675/675 709/709/709 729/729/729
f 646/646/646 629/629/629 683/683/683
f 646/646/646 683/683/683 700/700/700
f 688/688/688 690/690/690 698/698/698
f 688/688/688 698/698/698 696/696/696
f 684/684/684 680/680/680 682/682/682
f 684/684/684 682/682/682 686/686/686
f 720/720/720 731/731/731 727/727/727
f 720/720/720 727/727/727 718/718/718
f 667/667/667 659/659/659 713/713/713
f 667/667/667 713/713/713 721/721/721
f 724/724/724 706/706/706 708/708/708
f 724/724/724 708/708/708 722/722/722
f 699/699/699 890/890/890 836/836/836
f 699/699/699 836/836/836 645/645/645
f 663/663/663 653/653/653 707/707/707
f 663/663/663 707/707/707 717/717/717
f 273/273/273 289/289/289 318/318/318
f 273/273/273 318/318/318 314/314/314
f 657/657/657 671/671/671 725/725/725
f 657/657/657 725/725/725 711/711/711
f 680/680/680 716/716/716 714/714/714
f 680/680/680 714/714/714 682/682/682
f 643/643/643 639/639/639 693/693/693
f 643/643/643 693/693/693 697/697/697
f 665/665/665 676/676/676 730/730/730
f 665/665/665 730/730/730 719/719/719
f 706/706/706 720/720/720 718/718/718
f 706/706/706 718/718/718 708/708/708
f 651/651/651 665/665/665 719/719/719
f 651/651/651 719/719/719 705/705/705
f 799/799/799 803/803/803 801/801/801
f 799/799/799 801/801/801 797/797/797
f 660/660/660 668/668/668 571/571/571
f 660/660/660 571/571/571 569/569/569
f 803/803/803 807/807/807 805/805/805
f 803/803/803 805/805/805 801/801/801
f 747/747/747 857/857/857 868/868/868
f 747/747/747 868/868/868 750/750/750
f 612/612/612 610/610/610 614/614/614
f 612/612/612 614/614/614 616/616/616
f 831/831/831 849/849/849 780/780/780
f 831/831/831 780/780/780 786/786/786
f 807/807/807 809/809/809 811/811/811
f 807/807/807 811/811/811 805/805/805
f 696/696/696 698/698/698 694/694/694
f 696/696/696 694/694/694 692/692/692
f 751/751/751 869/869/869 847/847/847
f 751/751/751 847/847/847 772/772/772
f 629/629/629 625/625/625 679/679/679
f 629/629/629 679/679/679 683/683/683
f 373/373/373 827/827/827 782/782/782
f 373/373/373 782/782/782 280/280/280
f 48/48/48 46/46/46 87/87/87
f 865/865/865 770/770/770 780/780/780
f 865/865/865 780/780/780 849/849/849
f 278/278/278 774/774/774 825/825/825
f 278/278/278 825/825/825 375/375/375
f 809/809/809 815/815/815 813/813/813
f 809/809/809 813/813/813 811/811/811
f 823/823/823 756/756/756 758/758/758
f 823/823/823 758/758/758 819/819/819
f 828/828/828 882/882/882 886/886/886
f 828/828/828 886/886/886 832/832/832
f 791/791/791 795/795/795 793/793/793
f 791/791/791 793/793/793 788/788/788
f 859/859/859 762/762/762 764/764/764
f 859/859/859 764/764/764 845/845/845
f 810/810/810 812/812/812 781/781/781
f 810/810/810 781/781/781 783/783/783
f 300/300/300 791/791/791 788/788/788
f 300/300/300 788/788/788 304/304/304
f 735/735/735 838/838/838 821/821/821
f 735/735/735 821/821/821 737/737/737
f 704/704/704 895/895/895 892/892/892
f 704/704/704 892/892/892 701/701/701
f 819/819/819 758/758/758 760/760/760
f 819/819/819 760/760/760 851/851/851
f 855/855/855 766/766/766 769/769/769
f 855/855/855 769/769/769 864/864/864
f 737/737/737 821/821/821 817/817/817
f 737/737/737 817/817/817 739/739/739
f 374/374/374 824/824/824 878/878/878
f 374/374/374 878/878/878 432/432/432
f 856/856/856 928/928/928 950/950/950
f 856/856/856 950/950/950 867/867/867
f 832/832/832 886/886/886 878/878/878
f 832/832/832 878/878/878 824/824/824
f 795/795/795 799/799/799 797/797/797
f 795/795/795 797/797/797 793/793/793
f 563/563/563 956/956/956 969/969/969
f 563/563/563 969/969/969 650/650/650
f 774/774/774 776/776/776 833/833/833
f 774/774/774 833/833/833 825/825/825
f 897/897/897 899/899/899 927/927/927
f 897/897/897 927/927/927 929/929/929
f 842/842/842 896/896/896 928/928/928
f 842/842/842 928/928/928 856/856/856
f 830/830/830 884/884/884 902/902/902
f 830/830/830 902/902/902 848/848/848
f 738/738/738 740/740/740 1031/1031/1031
f 850/850/850 922/922/922 872/872/872
f 850/850/850 872/872/872 818/818/818
f 739/739/739 817/817/817 853/853/853
f 739/739/739 853/853/853 741/741/741
f 827/827/827 835/835/835 784/784/784
f 827/827/827 784/784/784 782/782/782
f 944/944/944 942/942/942 899/899/899
f 944/944/944 899/899/899 897/897/897
f 745/745/745 843/843/843 857/857/857
f 745/745/745 857/857/857 747/747/747
f 835/835/835 831/831/831 786/786/786
f 835/835/835 786/786/786 784/784/784
f 837/837/837 891/891/891 874/874/874
f 837/837/837 874/874/874 820/820/820
f 852/852/852 924/924/924 943/943/943
f 852/852/852 943/943/943 860/860/860
f 822/822/822 876/876/876 893/893/893
f 822/822/822 893/893/893 839/839/839
f 834/834/834 888/888/888 884/884/884
f 834/834/834 884/884/884 830/830/830
f 848/848/848 902/902/902 946/946/946
f 848/848/848 946/946/946 863/863/863
f 860/860/860 943/943/943 896/896/896
f 860/860/860 896/896/896 842/842/842
f 846/846/846 900/900/900 882/882/882
f 846/846/846 882/882/882 828/828/828
f 818/818/818 872/872/872 876/876/876
f 818/818/818 876/876/876 822/822/822
f 879/879/879 887/887/887 889/889/889
f 879/879/879 889/889/889 881/881/881
f 844/844/844 898/898/898 941/941/941
f 844/844/844 941/941/941 858/858/858
f 820/820/820 874/874/874 870/870/870
f 820/820/820 870/870/870 816/816/816
f 433/433/433 879/879/879 881/881/881
f 433/433/433 881/881/881 431/431/431
f 929/929/929 927/927/927 947/947/947
f 929/929/929 947/947/947 951/951/951
f 887/887/887 883/883/883 885/885/885
f 887/887/887 885/885/885 889/889/889
f 858/858/858 941/941/941 922/922/922
f 858/858/858 922/922/922 850/850/850
f 883/883/883 901/901/901 903/903/903
f 883/883/883 903/903/903 885/885/885
f 816/816/816 870/870/870 924/924/924
f 816/816/816 924/924/924 852/852/852
f 925/925/925 923/923/923 942/942/942
f 925/925/925 942/942/942 944/944/944
f 875/875/875 877/877/877 873/873/873
f 875/875/875 873/873/873 871/871/871
f 826/826/826 880/880/880 888/888/888
f 826/826/826 888/888/888 834/834/834
f 962/962/962 965/965/965 977/977/977
f 962/962/962 977/977/977 974/974/974
f 854/854/854 926/926/926 898/898/898
f 854/854/854 898/898/898 844/844/844
f 987/987/987 975/975/975 978/978/978
f 987/987/987 978/978/978 990/990/990
f 743/743/743 861/861/861 843/843/843
f 743/743/743 843/843/843 745/745/745
f 866/866/866 949/949/949 900/900/900
f 866/866/866 900/900/900 846/846/846
f 776/776/776 778/778/778 829/829/829
f 776/776/776 829/829/829 833/833/833
f 871/871/871 873/873/873 923/923/923
f 871/871/871 923/923/923 925/925/925
f 986/986/986 989/989/989 1001/1001/1001
f 986/986/986 1001/1001/1001 998/998/998
f 845/845/845 764/764/764 766/766/766
f 845/845/845 766/766/766 855/855/855
f 964/964/964 1000/1000/1000 988/988/988
f 964/964/964 988/988/988 976/976/976
f 1021/1021/1021 999/999/999 1002/1002/1002
f 1021/1021/1021 1002/1002/1002 1023/1023/1023
f 968/968/968 955/955/955 971/971/971
f 968/968/968 971/971/971 980/980/980
f 1019/1019/1019 1021/1021/1021 1023/1023/1023
f 1019/1019/1019 1023/1023/1023 1025/1025/1025
f 733/733/733 1044/1044/1044 543/543/543
f 528/528/528 1055/1055/1055 1053/1053/1053
f 528/528/528 1053/1053/1053 530/530/530
f 1033/1033/1033 534/534/534 1043/1043/1043
f 1033/1033/1033 1043/1043/1043 1047/1047/1047
f 1011/1011/1011 1028/1028/1028 1058/1058/1058
f 1011/1011/1011 1058/1058/1058 1013/1013/1013
f 1017/1017/1017 1019/1019/1019 1025/1025/1025
f 1017/1017/1017 1025/1025/1025 1027/1027/1027
f 541/541/541 539/539/539 522/522/522
f 996/996/996 1017/1017/1017 1027/1027/1027
f 996/996/996 1027/1027/1027 1005/1005/1005
f 541/541/541 522/522/522 24/24/24
f 689/689/689 215/215/215 157/157/157
f 689/689/689 157/157/157 635/635/635
f 524/524/524 1049/1049/1049 1060/1060/1060
f 524/524/524 1060/1060/1060 1030/1030/1030
f 22/22/22 915/915/915 906/906/906
f 22/22/22 906/906/906 3/3/3
f 1050/1050/1050 1052/1052/1052 930/930/930
f 70/70/70 68/68/68 117/117/117
f 70/70/70 117/117/117 111/111/111
f 259/259/259 261/261/261 302/302/302
f 522/522/522 535/535/535 533/533/533
f 531/531/531 1040/1040/1040 1038/1038/1038
f 531/531/531 1038/1038/1038 529/529/529
f 465/465/465 462/462/462 498/498/498
f 465/465/465 498/498/498 501/501/501
f 527/527/527 1034/1034/1034 1036/1036/1036
f 527/527/527 1036/1036/1036 525/525/525
f 22/22/22 525/525/525 1036/1036/1036
f 22/22/22 1036/1036/1036 915/915/915
f 21/21/21 4/4/4 940/940/940
f 21/21/21 940/940/940 920/920/920
f 533/533/533 1032/1032/1032 1010/1010/1010
f 533/533/533 1010/1010/1010 522/522/522
f 10/10/10 2/2/2 932/932/932
f 10/10/10 932/932/932 934/934/934
f 532/532/532 1051/1051/1051 1049/1049/1049
f 532/532/532 1049/1049/1049 524/524/524
f 5/5/5 3/3/3 906/906/906
f 5/5/5 906/906/906 904/904/904
f 7/7/7 5/5/5 904/904/904
f 7/7/7 904/904/904 908/908/908
f 9/9/9 7/7/7 908/908/908
f 9/9/9 908/908/908 910/910/910
f 1/1/1 9/9/9 910/910/910
f 1/1/1 910/910/910 912/912/912
f 1006/1006/1006 543/543/543 1044/1044/1044
f 1006/1006/1006 1044/1044/1044 1028/1028/1028
f 517/517/517 1/1/1 912/912/912
f 517/517/517 912/912/912 918/918/918
f 914/914/914 1037/1037/1037 542/542/542
f 914/914/914 542/542/542 23/23/23
f 1041/1041/1041 1043/1043/1043 534/534/534
f 1041/1041/1041 534/534/534 536/536/536
f 1037/1037/1037 1035/1035/1035 540/540/540
f 1037/1037/1037 540/540/540 542/542/542
f 931/931/931 930/930/930 933/933/933
f 933/933/933 930/930/930 935/935/935
f 935/935/935 930/930/930 937/937/937
f 937/937/937 930/930/930 939/939/939
f 1029/1029/1029 1046/1046/1046 1042/1042/1042
f 1029/1029/1029 1042/1042/1042 523/523/523
f 1059/1059/1059 1048/1048/1048 930/930/930
f 1059/1059/1059 930/930/930 1015/1015/1015
f 21/21/21 920/920/920 1057/1057/1057
f 21/21/21 1057/1057/1057 526/526/526
f 523/523/523 1042/1042/1042 1040/1040/1040
f 523/523/523 1040/1040/1040 531/531/531
f 529/529/529 1038/1038/1038 1034/1034/1034
f 529/529/529 1034/1034/1034 527/527/527
f 8/8/8 10/10/10 934/934/934
f 8/8/8 934/934/934 936/936/936
f 777/777/777 806/806/806 802/802/802
f 777/777/777 802/802/802 771/771/771
f 576/576/576 600/600/600 596/596/596
f 564/564/564 566/566/566 87/87/87
f 1054/1054/1054 1056/1056/1056 930/930/930
f 11/11/11 522/522/522 1010/1010/1010
f 11/11/11 1010/1010/1010 520/520/520
f 958/958/958 1015/1015/1015 930/930/930
f 958/958/958 930/930/930 931/931/931
f 939/939/939 930/930/930 921/921/921
f 348/348/348 406/406/406 430/430/430
f 348/348/348 430/430/430 372/372/372
f 778/778/778 772/772/772 847/847/847
f 778/778/778 847/847/847 829/829/829
f 851/851/851 760/760/760 762/762/762
f 851/851/851 762/762/762 859/859/859
f 255/255/255 1009/1009/1009 308/308/308
f 815/815/815 335/335/335 337/337/337
f 815/815/815 337/337/337 813/813/813
f 191/191/191 133/133/133 157/157/157
f 191/191/191 157/157/157 215/215/215
f 587/587/587 638/638/638 656/656/656
f 587/587/587 656/656/656 581/581/581
f 624/624/624 622/622/622 122/122/122
f 624/624/624 122/122/122 120/120/120
f 83/83/83 1007/1007/1007 39/39/39
f 86/86/86 90/90/90 58/58/58
f 599/599/599 597/597/597 601/601/601
f 599/599/599 601/601/601 604/604/604
f 526/526/526 1057/1057/1057 1055/1055/1055
f 526/526/526 1055/1055/1055 528/528/528
f 19/19/19 24/24/24 522/522/522
f 62/62/62 582/582/582 623/623/623
f 62/62/62 623/623/623 119/119/119
f 113/113/113 115/115/115 76/76/76
f 113/113/113 76/76/76 78/78/78
f 594/594/594 613/613/613 609/609/609
f 594/594/594 609/609/609 588/588/588
f 324/324/324 326/326/326 285/285/285
f 324/324/324 285/285/285 287/287/287
f 97/97/97 40/40/40 101/101/101
f 545/545/545 543/543/543 1006/1006/1006
f 1006/1006/1006 82/82/82 557/557/557
f 82/82/82 598/598/598 557/557/557
f 598/598/598 602/602/602 557/557/557
f 557/557/557 555/555/555 1006/1006/1006
f 555/555/555 553/553/553 1006/1006/1006
f 553/553/553 551/551/551 1006/1006/1006
f 551/551/551 549/549/549 1006/1006/1006
f 549/549/549 547/547/547 1006/1006/1006
f 419/419/419 361/361/361 462/462/462
f 465/465/465 146/146/146 204/204/204
f 419/419/419 462/462/462 204/204/204
f 64/64/64 121/121/121 621/621/621
f 64/64/64 621/621/621 590/590/590
f 326/326/326 332/332/332 283/283/283
f 326/326/326 283/283/283 285/285/285
f 287/287/287 281/281/281 320/320/320
f 287/287/287 320/320/320 324/324/324
f 107/107/107 113/113/113 78/78/78
f 107/107/107 78/78/78 80/80/80
f 310/310/310 273/273/273 314/314/314
f 277/277/277 334/334/334 814/814/814
f 277/277/277 814/814/814 773/773/773
f 775/775/775 773/773/773 814/814/814
f 775/775/775 814/814/814 808/808/808
f 293/293/293 291/291/291 330/330/330
f 293/293/293 330/330/330 328/328/328
f 779/779/779 767/767/767 796/796/796
f 779/779/779 796/796/796 800/800/800
f 254/254/254 312/312/312 316/316/316
f 519/519/519 248/248/248 246/246/246
f 246/246/246 244/244/244 519/519/519
f 244/244/244 242/242/242 519/519/519
f 997/997/997 1020/1020/1020 1016/1016/1016
f 1020/1020/1020 1018/1018/1018 1016/1016/1016
f 1016/1016/1016 994/994/994 997/997/997
f 994/994/994 982/982/982 970/970/970
f 970/970/970 954/954/954 994/994/994
f 454/454/454 458/458/458 960/960/960
f 454/454/454 960/960/960 953/953/953
f 961/961/961 997/997/997 994/994/994
f 961/961/961 994/994/994 954/954/954
f 973/973/973 985/985/985 997/997/997
f 961/961/961 973/973/973 997/997/997
f 498/498/498 510/510/510 501/501/501
f 510/510/510 512/512/512 514/514/514
f 501/501/501 510/510/510 514/514/514
f 279/279/279 781/781/781 812/812/812
f 279/279/279 812/812/812 336/336/336
f 592/592/592 590/590/590 621/621/621
f 592/592/592 621/621/621 619/619/619
f 775/775/775 808/808/808 806/806/806
f 775/775/775 806/806/806 777/777/777
f 592/592/592 619/619/619 613/613/613
f 592/592/592 613/613/613 594/594/594
f 558/558/558 603/603/603 607/607/607
f 790/790/790 297/297/297 1008/1008/1008
f 519/519/519 1009/1009/1009 255/255/255
f 519/519/519 255/255/255 252/252/252
f 1031/1031/1031 742/742/742 744/744/744
f 746/746/746 1031/1031/1031 744/744/744
f 748/748/748 794/794/794 789/789/789
f 964/964/964 840/840/840 894/894/894
f 894/894/894 702/702/702 967/967/967
f 702/702/702 648/648/648 967/967/967
f 1003/1003/1003 1026/1026/1026 1022/1022/1022
f 1022/1022/1022 1026/1026/1026 1024/1024/1024
f 1022/1022/1022 1000/1000/1000 1003/1003/1003
f 64/64/64 76/76/76 115/115/115
f 64/64/64 115/115/115 121/121/121
f 617/617/617 623/623/623 582/582/582
f 617/617/617 582/582/582 584/584/584
f 615/615/615 617/617/617 584/584/584
f 615/615/615 584/584/584 586/586/586
f 295/295/295 322/322/322 318/318/318
f 295/295/295 318/318/318 289/289/289
f 767/767/767 792/792/792 796/796/796
f 46/46/46 44/44/44 87/87/87
f 301/301/301 787/787/787 767/767/767
f 787/787/787 792/792/792 767/767/767
f 50/50/50 48/48/48 87/87/87
f 52/52/52 50/50/50 87/87/87
f 54/54/54 52/52/52 87/87/87
f 54/54/54 87/87/87 56/56/56
f 87/87/87 59/59/59 56/56/56
f 70/70/70 111/111/111 109/109/109
f 70/70/70 109/109/109 72/72/72
f 40/40/40 66/66/66 105/105/105
f 40/40/40 105/105/105 101/101/101
f 804/804/804 785/785/785 779/779/779
f 804/804/804 779/779/779 800/800/800
f 798/798/798 794/794/794 748/748/748
f 740/740/740 742/742/742 1031/1031/1031
f 516/516/516 916/916/916 25/25/25
f 516/516/516 25/25/25 1007/1007/1007
f 736/736/736 738/738/738 1031/1031/1031
f 277/277/277 283/283/283 332/332/332
f 277/277/277 332/332/332 334/334/334
f 293/293/293 328/328/328 322/322/322
f 293/293/293 322/322/322 295/295/295
f 103/103/103 74/74/74 58/58/58
f 103/103/103 58/58/58 99/99/99
f 615/615/615 586/586/586 580/580/580
f 615/615/615 580/580/580 611/611/611
f 605/605/605 600/600/600 576/576/576
f 459/459/459 455/455/455 492/492/492
f 459/459/459 492/492/492 495/495/495
f 320/320/320 281/281/281 254/254/254
f 320/320/320 254/254/254 316/316/316
f 570/570/570 572/572/572 87/87/87
f 261/261/261 263/263/263 302/302/302
f 265/265/265 267/267/267 302/302/302
f 568/568/568 570/570/570 87/87/87
f 572/572/572 574/574/574 87/87/87
f 1028/1028/1028 1011/1011/1011 1006/1006/1006
f 1007/1007/1007 1012/1012/1012 516/516/516
f 330/330/330 291/291/291 279/279/279
f 330/330/330 279/279/279 336/336/336
f 117/117/117 68/68/68 62/62/62
f 117/117/117 62/62/62 119/119/119
f 804/804/804 810/810/810 783/783/783
f 804/804/804 783/783/783 785/785/785
f 580/580/580 558/558/558 607/607/607
f 580/580/580 607/607/607 611/611/611
f 58/58/58 94/94/94 99/99/99
f 596/596/596 86/86/86 576/576/576
f 561/561/561 43/43/43 454/454/454
f 561/561/561 454/454/454 953/953/953
f 269/269/269 271/271/271 302/302/302
f 267/267/267 269/269/269 302/302/302
f 271/271/271 274/274/274 302/302/302
f 302/302/302 768/768/768 765/765/765
f 763/763/763 761/761/761 302/302/302
f 263/263/263 265/265/265 302/302/302
f 765/765/765 763/763/763 302/302/302
f 566/566/566 568/568/568 87/87/87
f 761/761/761 759/759/759 302/302/302
f 307/307/307 312/312/312 254/254/254
f 80/80/80 74/74/74 103/103/103
f 80/80/80 103/103/103 107/107/107
f 252/252/252 250/250/250 519/519/519
f 250/250/250 248/248/248 519/519/519
f 1009/1009/1009 298/298/298 308/308/308
f 960/960/960 458/458/458 258/258/258
f 960/960/960 258/258/258 752/752/752
f 562/562/562 564/564/564 87/87/87
f 273/273/273 310/310/310 305/305/305
f 305/305/305 301/301/301 273/273/273
f 1007/1007/1007 25/25/25 27/27/27
f 27/27/27 29/29/29 1007/1007/1007
f 29/29/29 31/31/31 1007/1007/1007
f 31/31/31 33/33/33 1007/1007/1007
f 33/33/33 35/35/35 1007/1007/1007
f 35/35/35 37/37/37 1007/1007/1007
f 37/37/37 39/39/39 1007/1007/1007
f 39/39/39 96/96/96 92/92/92
f 92/92/92 83/83/83 39/39/39
f 90/90/90 94/94/94 58/58/58
f 753/753/753 259/259/259 302/302/302
f 755/755/755 753/753/753 302/302/302
f 757/757/757 755/755/755 302/302/302
f 759/759/759 757/757/757 302/302/302
f 455/455/455 468/468/468 492/492/492
f 468/468/468 480/480/480 492/492/492
f 492/492/492 504/504/504 508/508/508
f 504/504/504 506/506/506 508/508/508
f 508/508/508 495/495/495 492/492/492
f 495/495/495 483/483/483 471/471/471
f 471/471/471 459/459/459 495/495/495
f 574/574/574 577/577/577 87/87/87
f 746/746/746 749/749/749 1008/1008/1008
f 746/746/746 1008/1008/1008 1031/1031/1031
f 1061/1061/1061 1070/1070/1070 1078/1078/1078
f 1061/1061/1061 1078/1078/1078 1069/1069/1069
f 1062/1062/1062 1071/1071/1071 1070/1070/1070
f 1062/1062/1062 1070/1070/1070 1061/1061/1061
f 1064/1064/1064 1073/1073/1073 1072/1072/1072
f 1064/1064/1064 1072/1072/1072 1063/1063/1063
f 1065/1065/1065 1074/1074/1074 1073/1073/1073
f 1065/1065/1065 1073/1073/1073 1064/1064/1064
f 1066/1066/1066 1075/1075/1075 1074/1074/1074
f 1066/1066/1066 1074/1074/1074 1065/1065/1065
f 1067/1067/1067 1076/1076/1076 1075/1075/1075
f 1067/1067/1067 1075/1075/1075 1066/1066/1066
f 1068/1068/1068 1077/1077/1077 1076/1076/1076
f 1068/1068/1068 1076/1076/1076 1067/1067/1067
f 1069/1069/1069 1078/1078/1078 1077/1077/1077
f 1069/1069/1069 1077/1077/1077 1068/1068/1068
f 1070/1070/1070 1080/1080/1080 1096/1096/1096
f 1070/1070/1070 1096/1096/1096 1078/1078/1078
f 1071/1071/1071 1083/1083/1083 1080/1080/1080
f 1071/1071/1071 1080/1080/1080 1070/1070/1070
f 1073/1073/1073 1086/1086/1086 1084/1084/1084
f 1073/1073/1073 1084/1084/1084 1072/1072/1072
f 1074/1074/1074 1088/1088/1088 1086/1086/1086
f 1074/1074/1074 1086/1086/1086 1073/1073/1073
f 1075/1075/1075 1090/1090/1090 1088/1088/1088
f 1075/1075/1075 1088/1088/1088 1074/1074/1074
f 1076/1076/1076 1092/1092/1092 1090/1090/1090
f 1076/1076/1076 1090/1090/1090 1075/1075/1075
f 1077/1077/1077 1094/1094/1094 1092/1092/1092
f 1077/1077/1077 1092/1092/1092 1076/1076/1076
f 1078/1078/1078 1096/1096/1096 1094/1094/1094
f 1078/1078/1078 1094/1094/1094 1077/1077/1077
f 1079/1079/1079 1097/1097/1097 1105/1105/1105
f 1079/1079/1079 1105/1105/1105 1095/1095/1095
f 1082/1082/1082 1099/1099/1099 1097/1097/1097
f 1082/1082/1082 1097/1097/1097 1079/1079/1079
f 1085/1085/1085 1100/1100/1100 1098/1098/1098
f 1085/1085/1085 1098/1098/1098 1081/1081/1081
f 1087/1087/1087 1101/1101/1101 1100/1100/1100
f 1087/1087/1087 1100/1100/1100 1085/1085/1085
f 1089/1089/1089 1102/1102/1102 1101/1101/1101
f 1089/1089/1089 1101/1101/1101 1087/1087/1087
f 1091/1091/1091 1103/1103/1103 1102/1102/1102
f 1091/1091/1091 1102/1102/1102 1089/1089/1089
f 1093/1093/1093 1104/1104/1104 1103/1103/1103
f 1093/1093/1093 1103/1103/1103 1091/1091/1091
f 1095/1095/1095 1105/1105/1105 1104/1104/1104
f 1095/1095/1095 1104/1104/1104 1093/1093/1093
f 1097/1097/1097 1106/1106/1106 1114/1114/1114
f 1097/1097/1097 1114/1114/1114 1105/1105/1105
f 1099/1099/1099 1108/1108/1108 1106/1106/1106
f 1099/1099/1099 1106/1106/1106 1097/1097/1097
f 1100/1100/1100 1109/1109/1109 1107/1107/1107
f 1100/1100/1100 1107/1107/1107 1098/1098/1098
f 1101/1101/1101 1110/1110/1110 1109/1109/1109
f 1101/1101/1101 1109/1109/1109 1100/1100/1100
f 1102/1102/1102 1111/1111/1111 1110/1110/1110
f 1102/1102/1102 1110/1110/1110 1101/1101/1101
f 1103/1103/1103 1112/1112/1112 1111/1111/1111
f 1103/1103/1103 1111/1111/1111 1102/1102/1102
f 1104/1104/1104 1113/1113/1113 1112/1112/1112
f 1104/1104/1104 1112/1112/1112 1103/1103/1103
f 1105/1105/1105 1114/1114/1114 1113/1113/1113
f 1105/1105/1105 1113/1113/1113 1104/1104/1104
f 1106/1106/1106 1115/1115/1115 1123/1123/1123
f 1106/1106/1106 1123/1123/1123 1114/1114/1114
f 1108/1108/1108 1117/1117/1117 1115/1115/1115
f 1108/1108/1108 1115/1115/1115 1106/1106/1106
f 1109/1109/1109 1118/1118/1118 1116/1116/1116
f 1109/1109/1109 1116/1116/1116 1107/1107/1107
f 1110/1110/1110 1119/1119/1119 1118/1118/1118
f 1110/1110/1110 1118/1118/1118 1109/1109/1109
f 1111/1111/1111 1120/1120/1120 1119/1119/1119
f 1111/1111/1111 1119/1119/1119 1110/1110/1110
f 1112/1112/1112 1121/1121/1121 1120/1120/1120
f 1112/1112/1112 1120/1120/1120 1111/1111/1111
f 1113/1113/1113 1122/1122/1122 1121/1121/1121
f 1113/1113/1113 1121/1121/1121 1112/1112/1112
f 1114/1114/1114 1123/1123/1123 1122/1122/1122
f 1114/1114/1114 1122/1122/1122 1113/1113/1113
f 1115/1115/1115 1124/1124/1124 1132/1132/1132
f 1115/1115/1115 1132/1132/1132 1123/1123/1123
f 1117/1117/1117 1126/1126/1126 1124/1124/1124
f 1117/1117/1117 1124/1124/1124 1115/1115/1115
f 1118/1118/1118 1127/1127/1127 1125/1125/1125
f 1118/1118/1118 1125/1125/1125 1116/1116/1116
f 1119/1119/1119 1128/1128/1128 1127/1127/1127
f 1119/1119/1119 1127/1127/1127 1118/1118/1118
f 1120/1120/1120 1129/1129/1129 1128/1128/1128
f 1120/1120/1120 1128/1128/1128 1119/1119/1119
f 1121/1121/1121 1130/1130/1130 1129/1129/1129
f 1121/1121/1121 1129/1129/1129 1120/1120/1120
f 1122/1122/1122 1131/1131/1131 1130/1130/1130
f 1122/1122/1122 1130/1130/1130 1121/1121/1121
f 1123/1123/1123 1132/1132/1132 1131/1131/1131
f 1123/1123/1123 1131/1131/1131 1122/1122/1122
f 1124/1124/1124 1133/1133/1133 1141/1141/1141
f 1124/1124/1124 1141/1141/1141 1132/1132/1132
f 1126/1126/1126 1135/1135/1135 1133/1133/1133
f 1126/1126/1126 1133/1133/1133 1124/1124/1124
f 1127/1127/1127 1136/1136/1136 1134/1134/1134
f 1127/1127/1127 1134/1134/1134 1125/1125/1125
f 1128/1128/1128 1137/1137/1137 1136/1136/1136
f 1128/1128/1128 1136/1136/1136 1127/1127/1127
f 1129/1129/1129 1138/1138/1138 1137/1137/1137
f 1129/1129/1129 1137/1137/1137 1128/1128/1128
f 1130/1130/1130 1139/1139/1139 1138/1138/1138
f 1130/1130/1130 1138/1138/1138 1129/1129/1129
f 1131/1131/1131 1140/1140/1140 1139/1139/1139
f 1131/1131/1131 1139/1139/1139 1130/1130/1130
f 1132/1132/1132 1141/1141/1141 1140/1140/1140
f 1132/1132/1132 1140/1140/1140 1131/1131/1131
f 1133/1133/1133 1142/1142/1142 1150/1150/1150
f 1133/1133/1133 1150/1150/1150 1141/1141/1141
f 1135/1135/1135 1144/1144/1144 1142/1142/1142
f 1135/1135/1135 1142/1142/1142 1133/1133/1133
f 1136/1136/1136 1145/1145/1145 1143/1143/1143
f 1136/1136/1136 1143/1143/1143 1134/1134/1134
f 1137/1137/1137 1146/1146/1146 1145/1145/1145
f 1137/1137/1137 1145/1145/1145 1136/1136/1136
f 1138/1138/1138 1147/1147/1147 1146/1146/1146
f 1138/1138/1138 1146/1146/1146 1137/1137/1137
f 1139/1139/1139 1148/1148/1148 1147/1147/1147
f 1139/1139/1139 1147/1147/1147 1138/1138/1138
f 1140/1140/1140 1149/1149/1149 1148/1148/1148
f 1140/1140/1140 1148/1148/1148 1139/1139/1139
f 1141/1141/1141 1150/1150/1150 1149/1149/1149
f 1141/1141/1141 1149/1149/1149 1140/1140/1140
f 1142/1142/1142 1151/1151/1151 1159/1159/1159
f 1142/1142/1142 1159/1159/1159 1150/1150/1150
f 1144/1144/1144 1153/1153/1153 1151/1151/1151
f 1144/1144/1144 1151/1151/1151 1142/1142/1142
f 1145/1145/1145 1154/1154/1154 1152/1152/1152
f 1145/1145/1145 1152/1152/1152 1143/1143/1143
f 1146/1146/1146 1155/1155/1155 1154/1154/1154
f 1146/1146/1146 1154/1154/1154 1145/1145/1145
f 1147/1147/1147 1156/1156/1156 1155/1155/1155
f 1147/1147/1147 1155/1155/1155 1146/1146/1146
f 1148/1148/1148 1157/1157/1157 1156/1156/1156
f 1148/1148/1148 1156/1156/1156 1147/1147/1147
f 1149/1149/1149 1158/1158/1158 1157/1157/1157
f 1149/1149/1149 1157/1157/1157 1148/1148/1148
f 1150/1150/1150 1159/1159/1159 1158/1158/1158
f 1150/1150/1150 1158/1158/1158 1149/1149/1149
f 1151/1151/1151 1161/1161/1161 1176/1176/1176
f 1151/1151/1151 1176/1176/1176 1159/1159/1159
f 1153/1153/1153 1164/1164/1164 1161/1161/1161
f 1153/1153/1153 1161/1161/1161 1151/1151/1151
f 1154/1154/1154 1166/1166/1166 1163/1163/1163
f 1154/1154/1154 1163/1163/1163 1152/1152/1152
f 1155/1155/1155 1168/1168/1168 1166/1166/1166
f 1155/1155/1155 1166/1166/1166 1154/1154/1154
f 1156/1156/1156 1170/1170/1170 1168/1168/1168
f 1156/1156/1156 1168/1168/1168 1155/1155/1155
f 1157/1157/1157 1172/1172/1172 1170/1170/1170
f 1157/1157/1157 1170/1170/1170 1156/1156/1156
f 1158/1158/1158 1174/1174/1174 1172/1172/1172
f 1158/1158/1158 1172/1172/1172 1157/1157/1157
f 1159/1159/1159 1176/1176/1176 1174/1174/1174
f 1159/1159/1159 1174/1174/1174 1158/1158/1158
f 1177/1177/1177 1185/1185/1185 1194/1194/1194
f 1177/1177/1177 1194/1194/1194 1186/1186/1186
f 1179/1179/1179 1177/1177/1177 1186/1186/1186
f 1179/1179/1179 1186/1186/1186 1188/1188/1188
f 1180/1180/1180 1178/1178/1178 1187/1187/1187
f 1180/1180/1180 1187/1187/1187 1189/1189/1189
f 1181/1181/1181 1180/1180/1180 1189/1189/1189
f 1181/1181/1181 1189/1189/1189 1190/1190/1190
f 1182/1182/1182 1181/1181/1181 1190/1190/1190
f 1182/1182/1182 1190/1190/1190 1191/1191/1191
f 1183/1183/1183 1182/1182/1182 1191/1191/1191
f 1183/1183/1183 1191/1191/1191 1192/1192/1192
f 1184/1184/1184 1183/1183/1183 1192/1192/1192
f 1184/1184/1184 1192/1192/1192 1193/1193/1193
f 1185/1185/1185 1184/1184/1184 1193/1193/1193
f 1185/1185/1185 1193/1193/1193 1194/1194/1194
f 1186/1186/1186 1194/1194/1194 1211/1211/1211
f 1186/1186/1186 1211/1211/1211 1195/1195/1195
f 1188/1188/1188 1186/1186/1186 1195/1195/1195
f 1188/1188/1188 1195/1195/1195 1198/1198/1198
f 1189/1189/1189 1187/1187/1187 1197/1197/1197
f 1189/1189/1189 1197/1197/1197 1201/1201/1201
f 1190/1190/1190 1189/1189/1189 1201/1201/1201
f 1190/1190/1190 1201/1201/1201 1203/1203/1203
f 1191/1191/1191 1190/1190/1190 1203/1203/1203
f 1191/1191/1191 1203/1203/1203 1205/1205/1205
f 1192/1192/1192 1191/1191/1191 1205/1205/1205
f 1192/1192/1192 1205/1205/1205 1207/1207/1207
f 1193/1193/1193 1192/1192/1192 1207/1207/1207
f 1193/1193/1193 1207/1207/1207 1209/1209/1209
f 1194/1194/1194 1193/1193/1193 1209/1209/1209
f 1194/1194/1194 1209/1209/1209 1211/1211/1211
f 1196/1196/1196 1212/1212/1212 1221/1221/1221
f 1196/1196/1196 1221/1221/1221 1213/1213/1213
f 1199/1199/1199 1196/1196/1196 1213/1213/1213
f 1199/1199/1199 1213/1213/1213 1214/1214/1214
f 1202/1202/1202 1200/1200/1200 1215/1215/1215
f 1202/1202/1202 1215/1215/1215 1216/1216/1216
f 1204/1204/1204 1202/1202/1202 1216/1216/1216
f 1204/1204/1204 1216/1216/1216 1217/1217/1217
f 1206/1206/1206 1204/1204/1204 1217/1217/1217
f 1206/1206/1206 1217/1217/1217 1218/1218/1218
f 1208/1208/1208 1206/1206/1206 1218/1218/1218
f 1208/1208/1208 1218/1218/1218 1219/1219/1219
f 1210/1210/1210 1208/1208/1208 1219/1219/1219
f 1210/1210/1210 1219/1219/1219 1220/1220/1220
f 1212/1212/1212 1210/1210/1210 1220/1220/1220
f 1212/1212/1212 1220/1220/1220 1221/1221/1221
f 1213/1213/1213 1221/1221/1221 1230/1230/1230
f 1213/1213/1213 1230/1230/1230 1222/1222/1222
f 1214/1214/1214 1213/1213/1213 1222/1222/1222
f 1214/1214/1214 1222/1222/1222 1223/1223/1223
f 1216/1216/1216 1215/1215/1215 1224/1224/1224
f 1216/1216/1216 1224/1224/1224 1225/1225/1225
f 1217/1217/1217 1216/1216/1216 1225/1225/1225
f 1217/1217/1217 1225/1225/1225 1226/1226/1226
f 1218/1218/1218 1217/1217/1217 1226/1226/1226
f 1218/1218/1218 1226/1226/1226 1227/1227/1227
f 1219/1219/1219 1218/1218/1218 1227/1227/1227
f 1219/1219/1219 1227/1227/1227 1228/1228/1228
f 1220/1220/1220 1219/1219/1219 1228/1228/1228
f 1220/1220/1220 1228/1228/1228 1229/1229/1229
f 1221/1221/1221 1220/1220/1220 1229/1229/1229
f 1221/1221/1221 1229/1229/1229 1230/1230/1230
f 1222/1222/1222 1230/1230/1230 1239/1239/1239
f 1222/1222/1222 1239/1239/1239 1231/1231/1231
f 1223/1223/1223 1222/1222/1222 1231/1231/1231
f 1223/1223/1223 1231/1231/1231 1232/1232/1232
f 1225/1225/1225 1224/1224/1224 1233/1233/1233
f 1225/1225/1225 1233/1233/1233 1234/1234/1234
f 1226/1226/1226 1225/1225/1225 1234/1234/1234
f 1226/1226/1226 1234/1234/1234 1235/1235/1235
f 1227/1227/1227 1226/1226/1226 1235/1235/1235
f 1227/1227/1227 1235/1235/1235 1236/1236/1236
f 1228/1228/1228 1227/1227/1227 1236/1236/1236
f 1228/1228/1228 1236/1236/1236 1237/1237/1237
f 1229/1229/1229 1228/1228/1228 1237/1237/1237
f 1229/1229/1229 1237/1237/1237 1238/1238/1238
f 1230/1230/1230 1229/1229/1229 1238/1238/1238
f 1230/1230/1230 1238/1238/1238 1239/1239/1239
f 1231/1231/1231 1239/1239/1239 1248/1248/1248
f 1231/1231/1231 1248/1248/1248 1240/1240/1240
f 1232/1232/1232 1231/1231/1231 1240/1240/1240
f 1232/1232/1232 1240/1240/1240 1241/1241/1241
f 1234/1234/1234 1233/1233/1233 1242/1242/1242
f 1234/1234/1234 1242/1242/1242 1243/1243/1243
f 1235/1235/1235 1234/1234/1234 1243/1243/1243
f 1235/1235/1235 1243/1243/1243 1244/1244/1244
f 1236/1236/1236 1235/1235/1235 1244/1244/1244
f 1236/1236/1236 1244/1244/1244 1245/1245/1245
f 1237/1237/1237 1236/1236/1236 1245/1245/1245
f 1237/1237/1237 1245/1245/1245 1246/1246/1246
f 1238/1238/1238 1237/1237/1237 1246/1246/1246
f 1238/1238/1238 1246/1246/1246 1247/1247/1247
f 1239/1239/1239 1238/1238/1238 1247/1247/1247
f 1239/1239/1239 1247/1247/1247 1248/1248/1248
f 1240/1240/1240 1248/1248/1248 1257/1257/1257
f 1240/1240/1240 1257/1257/1257 1249/1249/1249
f 1241/1241/1241 1240/1240/1240 1249/1249/1249
f 1241/1241/1241 1249/1249/1249 1250/1250/1250
f 1243/1243/1243 1242/1242/1242 1251/1251/1251
f 1243/1243/1243 1251/1251/1251 1252/1252/1252
f 1244/1244/1244 1243/1243/1243 1252/1252/1252
f 1244/1244/1244 1252/1252/1252 1253/1253/1253
f 1245/1245/1245 1244/1244/1244 1253/1253/1253
f 1245/1245/1245 1253/1253/1253 1254/1254/1254
f 1246/1246/1246 1245/1245/1245 1254/1254/1254
f 1246/1246/1246 1254/1254/1254 1255/1255/1255
f 1247/1247/1247 1246/1246/1246 1255/1255/1255
f 1247/1247/1247 1255/1255/1255 1256/1256/1256
f 1248/1248/1248 1247/1247/1247 1256/1256/1256
f 1248/1248/1248 1256/1256/1256 1257/1257/1257
f 1249/1249/1249 1257/1257/1257 1266/1266/1266
f 1249/1249/1249 1266/1266/1266 1258/1258/1258
f 1250/1250/1250 1249/1249/1249 1258/1258/1258
f 1250/1250/1250 1258/1258/1258 1259/1259/1259
f 1252/1252/1252 1251/1251/1251 1260/1260/1260
f 1252/1252/1252 1260/1260/1260 1261/1261/1261
f 1253/1253/1253 1252/1252/1252 1261/1261/1261
f 1253/1253/1253 1261/1261/1261 1262/1262/1262
f 1254/1254/1254 1253/1253/1253 1262/1262/1262
f 1254/1254/1254 1262/1262/1262 1263/1263/1263
f 1255/1255/1255 1254/1254/1254 1263/1263/1263
f 1255/1255/1255 1263/1263/1263 1264/1264/1264
f 1256/1256/1256 1255/1255/1255 1264/1264/1264
f 1256/1256/1256 1264/1264/1264 1265/1265/1265
f 1257/1257/1257 1256/1256/1256 1265/1265/1265
f 1257/1257/1257 1265/1265/1265 1266/1266/1266
f 1258/1258/1258 1266/1266/1266 1275/1275/1275
f 1258/1258/1258 1275/1275/1275 1267/1267/1267
f 1259/1259/1259 1258/1258/1258 1267/1267/1267
f 1259/1259/1259 1267/1267/1267 1268/1268/1268
f 1261/1261/1261 1260/1260/1260 1269/1269/1269
f 1261/1261/1261 1269/1269/1269 1270/1270/1270
f 1262/1262/1262 1261/1261/1261 1270/1270/1270
f 1262/1262/1262 1270/1270/1270 1271/1271/1271
f 1263/1263/1263 1262/1262/1262 1271/1271/1271
f 1263/1263/1263 1271/1271/1271 1272/1272/1272
f 1264/1264/1264 1263/1263/1263 1272/1272/1272
f 1264/1264/1264 1272/1272/1272 1273/1273/1273
f 1265/1265/1265 1264/1264/1264 1273/1273/1273
f 1265/1265/1265 1273/1273/1273 1274/1274/1274
f 1266/1266/1266 1265/1265/1265 1274/1274/1274
f 1266/1266/1266 1274/1274/1274 1275/1275/1275
f 1267/1267/1267 1275/1275/1275 1292/1292/1292
f 1267/1267/1267 1292/1292/1292 1277/1277/1277
f 1268/1268/1268 1267/1267/1267 1277/1277/1277
f 1268/1268/1268 1277/1277/1277 1279/1279/1279
f 1270/1270/1270 1269/1269/1269 1280/1280/1280
f 1270/1270/1270 1280/1280/1280 1282/1282/1282
f 1271/1271/1271 1270/1270/1270 1282/1282/1282
f 1271/1271/1271 1282/1282/1282 1284/1284/1284
f 1272/1272/1272 1271/1271/1271 1284/1284/1284
f 1272/1272/1272 1284/1284/1284 1286/1286/1286
f 1273/1273/1273 1272/1272/1272 1286/1286/1286
f 1273/1273/1273 1286/1286/1286 1288/1288/1288
f 1274/1274/1274 1273/1273/1273 1288/1288/1288
f 1274/1274/1274 1288/1288/1288 1290/1290/1290
f 1275/1275/1275 1274/1274/1274 1290/1290/1290
f 1275/1275/1275 1290/1290/1290 1292/1292/1292
f 1061/1061/1061 1069/1069/1069 1301/1301/1301
f 1061/1061/1061 1301/1301/1301 1293/1293/1293
f 1062/1062/1062 1061/1061/1061 1293/1293/1293
f 1062/1062/1062 1293/1293/1293 1294/1294/1294
f 1064/1064/1064 1063/1063/1063 1295/1295/1295
f 1064/1064/1064 1295/1295/1295 1296/1296/1296
f 1065/1065/1065 1064/1064/1064 1296/1296/1296
f 1065/1065/1065 1296/1296/1296 1297/1297/1297
f 1066/1066/1066 1065/1065/1065 1297/1297/1297
f 1066/1066/1066 1297/1297/1297 1298/1298/1298
f 1067/1067/1067 1066/1066/1066 1298/1298/1298
f 1067/1067/1067 1298/1298/1298 1299/1299/1299
f 1068/1068/1068 1067/1067/1067 1299/1299/1299
f 1068/1068/1068 1299/1299/1299 1300/1300/1300
f 1069/1069/1069 1068/1068/1068 1300/1300/1300
f 1069/1069/1069 1300/1300/1300 1301/1301/1301
f 1293/1293/1293 1301/1301/1301 1318/1318/1318
f 1293/1293/1293 1318/1318/1318 1302/1302/1302
f 1294/1294/1294 1293/1293/1293 1302/1302/1302
f 1294/1294/1294 1302/1302/1302 1304/1304/1304
f 1296/1296/1296 1295/1295/1295 1305/1305/1305
f 1296/1296/1296 1305/1305/1305 1308/1308/1308
f 1297/1297/1297 1296/1296/1296 1308/1308/1308
f 1297/1297/1297 1308/1308/1308 1310/1310/1310
f 1298/1298/1298 1297/1297/1297 1310/1310/1310
f 1298/1298/1298 1310/1310/1310 1312/1312/1312
f 1299/1299/1299 1298/1298/1298 1312/1312/1312
f 1299/1299/1299 1312/1312/1312 1314/1314/1314
f 1300/1300/1300 1299/1299/1299 1314/1314/1314
f 1300/1300/1300 1314/1314/1314 1316/1316/1316
f 1301/1301/1301 1300/1300/1300 1316/1316/1316
f 1301/1301/1301 1316/1316/1316 1318/1318/1318
f 1303/1303/1303 1319/1319/1319 1328/1328/1328
f 1303/1303/1303 1328/1328/1328 1320/1320/1320
f 1306/1306/1306 1303/1303/1303 1320/1320/1320
f 1306/1306/1306 1320/1320/1320 1321/1321/1321
f 1309/1309/1309 1307/1307/1307 1322/1322/1322
f 1309/1309/1309 1322/1322/1322 1323/1323/1323
f 1311/1311/1311 1309/1309/1309 1323/1323/1323
f 1311/1311/1311 1323/1323/1323 1324/1324/1324
f 1313/1313/1313 1311/1311/1311 1324/1324/1324
f 1313/1313/1313 1324/1324/1324 1325/1325/1325
f 1315/1315/1315 1313/1313/1313 1325/1325/1325
f 1315/1315/1315 1325/1325/1325 1326/1326/1326
f 1317/1317/1317 1315/1315/1315 1326/1326/1326
f 1317/1317/1317 1326/1326/1326 1327/1327/1327
f 1319/1319/1319 1317/1317/1317 1327/1327/1327
f 1319/1319/1319 1327/1327/1327 1328/1328/1328
f 1320/1320/1320 1328/1328/1328 1337/1337/1337
f 1320/1320/1320 1337/1337/1337 1329/1329/1329
f 1321/1321/1321 1320/1320/1320 1329/1329/1329
f 1321/1321/1321 1329/1329/1329 1330/1330/1330
f 1323/1323/1323 1322/1322/1322 1331/1331/1331
f 1323/1323/1323 1331/1331/1331 1332/1332/1332
f 1324/1324/1324 1323/1323/1323 1332/1332/1332
f 1324/1324/1324 1332/1332/1332 1333/1333/1333
f 1325/1325/1325 1324/1324/1324 1333/1333/1333
f 1325/1325/1325 1333/1333/1333 1334/1334/1334
f 1326/1326/1326 1325/1325/1325 1334/1334/1334
f 1326/1326/1326 1334/1334/1334 1335/1335/1335
f 1327/1327/1327 1326/1326/1326 1335/1335/1335
f 1327/1327/1327 1335/1335/1335 1336/1336/1336
f 1328/1328/1328 1327/1327/1327 1336/1336/1336
f 1328/1328/1328 1336/1336/1336 1337/1337/1337
f 1329/1329/1329 1337/1337/1337 1346/1346/1346
f 1329/1329/1329 1346/1346/1346 1338/1338/1338
f 1330/1330/1330 1329/1329/1329 1338/1338/1338
f 1330/1330/1330 1338/1338/1338 1339/1339/1339
f 1332/1332/1332 1331/1331/1331 1340/1340/1340
f 1332/1332/1332 1340/1340/1340 1341/1341/1341
f 1333/1333/1333 1332/1332/1332 1341/1341/1341
f 1333/1333/1333 1341/1341/1341 1342/1342/1342
f 1334/1334/1334 1333/1333/1333 1342/1342/1342
f 1334/1334/1334 1342/1342/1342 1343/1343/1343
f 1335/1335/1335 1334/1334/1334 1343/1343/1343
f 1335/1335/1335 1343/1343/1343 1344/1344/1344
f 1336/1336/1336 1335/1335/1335 1344/1344/1344
f 1336/1336/1336 1344/1344/1344 1345/1345/1345
f 1337/1337/1337 1336/1336/1336 1345/1345/1345
f 1337/1337/1337 1345/1345/1345 1346/1346/1346
f 1338/1338/1338 1346/1346/1346 1355/1355/1355
f 1338/1338/1338 1355/1355/1355 1347/1347/1347
f 1339/1339/1339 1338/1338/1338 1347/1347/1347
f 1339/1339/1339 1347/1347/1347 1348/1348/1348
f 1341/1341/1341 1340/1340/1340 1349/1349/1349
f 1341/1341/1341 1349/1349/1349 1350/1350/1350
f 1342/1342/1342 1341/1341/1341 1350/1350/1350
f 1342/1342/1342 1350/1350/1350 1351/1351/1351
f 1343/1343/1343 1342/1342/1342 1351/1351/1351
f 1343/1343/1343 1351/1351/1351 1352/1352/1352
f 1344/1344/1344 1343/1343/1343 1352/1352/1352
f 1344/1344/1344 1352/1352/1352 1353/1353/1353
f 1345/1345/1345 1344/1344/1344 1353/1353/1353
f 1345/1345/1345 1353/1353/1353 1354/1354/1354
f 1346/1346/1346 1345/1345/1345 1354/1354/1354
f 1346/1346/1346 1354/1354/1354 1355/1355/1355
f 1347/1347/1347 1355/1355/1355 1364/1364/1364
f 1347/1347/1347 1364/1364/1364 1356/1356/1356
f 1348/1348/1348 1347/1347/1347 1356/1356/1356
f 1348/1348/1348 1356/1356/1356 1357/1357/1357
f 1350/1350/1350 1349/1349/1349 1358/1358/1358
f 1350/1350/1350 1358/1358/1358 1359/1359/1359
f 1351/1351/1351 1350/1350/1350 1359/1359/1359
f 1351/1351/1351 1359/1359/1359 1360/1360/1360
f 1352/1352/1352 1351/1351/1351 1360/1360/1360
f 1352/1352/1352 1360/1360/1360 1361/1361/1361
f 1353/1353/1353 1352/1352/1352 1361/1361/1361
f 1353/1353/1353 1361/1361/1361 1362/1362/1362
f 1354/1354/1354 1353/1353/1353 1362/1362/1362
f 1354/1354/1354 1362/1362/1362 1363/1363/1363
f 1355/1355/1355 1354/1354/1354 1363/1363/1363
f 1355/1355/1355 1363/1363/1363 1364/1364/1364
f 1356/1356/1356 1364/1364/1364 1373/1373/1373
f 1356/1356/1356 1373/1373/1373 1365/1365/1365
f 1357/1357/1357 1356/1356/1356 1365/1365/1365
f 1357/1357/1357 1365/1365/1365 1366/1366/1366
f 1359/1359/1359 1358/1358/1358 1367/1367/1367
f 1359/1359/1359 1367/1367/1367 1368/1368/1368
f 1360/1360/1360 1359/1359/1359 1368/1368/1368
f 1360/1360/1360 1368/1368/1368 1369/1369/1369
f 1361/1361/1361 1360/1360/1360 1369/1369/1369
f 1361/1361/1361 1369/1369/1369 1370/1370/1370
f 1362/1362/1362 1361/1361/1361 1370/1370/1370
f 1362/1362/1362 1370/1370/1370 1371/1371/1371
f 1363/1363/1363 1362/1362/1362 1371/1371/1371
f 1363/1363/1363 1371/1371/1371 1372/1372/1372
f 1364/1364/1364 1363/1363/1363 1372/1372/1372
f 1364/1364/1364 1372/1372/1372 1373/1373/1373
f 1365/1365/1365 1373/1373/1373 1382/1382/1382
f 1365/1365/1365 1382/1382/1382 1374/1374/1374
f 1366/1366/1366 1365/1365/1365 1374/1374/1374
f 1366/1366/1366 1374/1374/1374 1375/1375/1375
f 1368/1368/1368 1367/1367/1367 1376/1376/1376
f 1368/1368/1368 1376/1376/1376 1377/1377/1377
f 1369/1369/1369 1368/1368/1368 1377/1377/1377
f 1369/1369/1369 1377/1377/1377 1378/1378/1378
f 1370/1370/1370 1369/1369/1369 1378/1378/1378
f 1370/1370/1370 1378/1378/1378 1379/1379/1379
f 1371/1371/1371 1370/1370/1370 1379/1379/1379
f 1371/1371/1371 1379/1379/1379 1380/1380/1380
f 1372/1372/1372 1371/1371/1371 1380/1380/1380
f 1372/1372/1372 1380/1380/1380 1381/1381/1381
f 1373/1373/1373 1372/1372/1372 1381/1381/1381
f 1373/1373/1373 1381/1381/1381 1382/1382/1382
f 1374/1374/1374 1382/1382/1382 1399/1399/1399
f 1374/1374/1374 1399/1399/1399 1384/1384/1384
f 1375/1375/1375 1374/1374/1374 1384/1384/1384
f 1375/1375/1375 1384/1384/1384 1386/1386/1386
f 1377/1377/1377 1376/1376/1376 1387/1387/1387
f 1377/1377/1377 1387/1387/1387 1389/1389/1389
f 1378/1378/1378 1377/1377/1377 1389/1389/1389
f 1378/1378/1378 1389/1389/1389 1391/1391/1391
f 1379/1379/1379 1378/1378/1378 1391/1391/1391
f 1379/1379/1379 1391/1391/1391 1393/1393/1393
f 1380/1380/1380 1379/1379/1379 1393/1393/1393
f 1380/1380/1380 1393/1393/1393 1395/1395/1395
f 1381/1381/1381 1380/1380/1380 1395/1395/1395
f 1381/1381/1381 1395/1395/1395 1397/1397/1397
f 1382/1382/1382 1381/1381/1381 1397/1397/1397
f 1382/1382/1382 1397/1397/1397 1399/1399/1399
f 1177/1177/1177 1400/1400/1400 1408/1408/1408
f 1177/1177/1177 1408/1408/1408 1185/1185/1185
f 1179/1179/1179 1402/1402/1402 1400/1400/1400
f 1179/1179/1179 1400/1400/1400 1177/1177/1177
f 1180/1180/1180 1403/1403/1403 1401/1401/1401
f 1180/1180/1180 1401/1401/1401 1178/1178/1178
f 1181/1181/1181 1404/1404/1404 1403/1403/1403
f 1181/1181/1181 1403/1403/1403 1180/1180/1180
f 1182/1182/1182 1405/1405/1405 1404/1404/1404
f 1182/1182/1182 1404/1404/1404 1181/1181/1181
f 1183/1183/1183 1406/1406/1406 1405/1405/1405
f 1183/1183/1183 1405/1405/1405 1182/1182/1182
f 1184/1184/1184 1407/1407/1407 1406/1406/1406
f 1184/1184/1184 1406/1406/1406 1183/1183/1183
f 1185/1185/1185 1408/1408/1408 1407/1407/1407
f 1185/1185/1185 1407/1407/1407 1184/1184/1184
f 1400/1400/1400 1409/1409/1409 1425/1425/1425
f 1400/1400/1400 1425/1425/1425 1408/1408/1408
f 1402/1402/1402 1412/1412/1412 1409/1409/1409
f 1402/1402/1402 1409/1409/1409 1400/1400/1400
f 1403/1403/1403 1415/1415/1415 1411/1411/1411
f 1403/1403/1403 1411/1411/1411 1401/1401/1401
f 1404/1404/1404 1417/1417/1417 1415/1415/1415
f 1404/1404/1404 1415/1415/1415 1403/1403/1403
f 1405/1405/1405 1419/1419/1419 1417/1417/1417
f 1405/1405/1405 1417/1417/1417 1404/1404/1404
f 1406/1406/1406 1421/1421/1421 1419/1419/1419
f 1406/1406/1406 1419/1419/1419 1405/1405/1405
f 1407/1407/1407 1423/1423/1423 1421/1421/1421
f 1407/1407/1407 1421/1421/1421 1406/1406/1406
f 1408/1408/1408 1425/1425/1425 1423/1423/1423
f 1408/1408/1408 1423/1423/1423 1407/1407/1407
f 1410/1410/1410 1427/1427/1427 1435/1435/1435
f 1410/1410/1410 1435/1435/1435 1426/1426/1426
f 1414/1414/1414 1429/1429/1429 1427/1427/1427
f 1414/1414/1414 1427/1427/1427 1410/1410/1410
f 1416/1416/1416 1430/1430/1430 1428/1428/1428
f 1416/1416/1416 1428/1428/1428 1413/1413/1413
f 1418/1418/1418 1431/1431/1431 1430/1430/1430
f 1418/1418/1418 1430/1430/1430 1416/1416/1416
f 1420/1420/1420 1432/1432/1432 1431/1431/1431
f 1420/1420/1420 1431/1431/1431 1418/1418/1418
f 1422/1422/1422 1433/1433/1433 1432/1432/1432
f 1422/1422/1422 1432/1432/1432 1420/1420/1420
f 1424/1424/1424 1434/1434/1434 1433/1433/1433
f 1424/1424/1424 1433/1433/1433 1422/1422/1422
f 1426/1426/1426 1435/1435/1435 1434/1434/1434
f 1426/1426/1426 1434/1434/1434 1424/1424/1424
f 1427/1427/1427 1436/1436/1436 1444/1444/1444
f 1427/1427/1427 1444/1444/1444 1435/1435/1435
f 1429/1429/1429 1438/1438/1438 1436/1436/1436
f 1429/1429/1429 1436/1436/1436 1427/1427/1427
f 1430/1430/1430 1439/1439/1439 1437/1437/1437
f 1430/1430/1430 1437/1437/1437 1428/1428/1428
f 1431/1431/1431 1440/1440/1440 1439/1439/1439
f 1431/1431/1431 1439/1439/1439 1430/1430/1430
f 1432/1432/1432 1441/1441/1441 1440/1440/1440
f 1432/1432/1432 1440/1440/1440 1431/1431/1431
f 1433/1433/1433 1442/1442/1442 1441/1441/1441
f 1433/1433/1433 1441/1441/1441 1432/1432/1432
f 1434/1434/1434 1443/1443/1443 1442/1442/1442
f 1434/1434/1434 1442/1442/1442 1433/1433/1433
f 1435/1435/1435 1444/1444/1444 1443/1443/1443
f 1435/1435/1435 1443/1443/1443 1434/1434/1434
f 1436/1436/1436 1445/1445/1445 1453/1453/1453
f 1436/1436/1436 1453/1453/1453 1444/1444/1444
f 1438/1438/1438 1447/1447/1447 1445/1445/1445
f 1438/1438/1438 1445/1445/1445 1436/1436/1436
f 1439/1439/1439 1448/1448/1448 1446/1446/1446
f 1439/1439/1439 1446/1446/1446 1437/1437/1437
f 1440/1440/1440 1449/1449/1449 1448/1448/1448
f 1440/1440/1440 1448/1448/1448 1439/1439/1439
f 1441/1441/1441 1450/1450/1450 1449/1449/1449
f 1441/1441/1441 1449/1449/1449 1440/1440/1440
f 1442/1442/1442 1451/1451/1451 1450/1450/1450
f 1442/1442/1442 1450/1450/1450 1441/1441/1441
f 1443/1443/1443 1452/1452/1452 1451/1451/1451
f 1443/1443/1443 1451/1451/1451 1442/1442/1442
f 1444/1444/1444 1453/1453/1453 1452/1452/1452
f 1444/1444/1444 1452/1452/1452 1443/1443/1443
f 1445/1445/1445 1454/1454/1454 1462/1462/1462
f 1445/1445/1445 1462/1462/1462 1453/1453/1453
f 1447/1447/1447 1456/1456/1456 1454/1454/1454
f 1447/1447/1447 1454/1454/1454 1445/1445/1445
f 1448/1448/1448 1457/1457/1457 1455/1455/1455
f 1448/1448/1448 1455/1455/1455 1446/1446/1446
f 1449/1449/1449 1458/1458/1458 1457/1457/1457
f 1449/1449/1449 1457/1457/1457 1448/1448/1448
f 1450/1450/1450 1459/1459/1459 1458/1458/1458
f 1450/1450/1450 1458/1458/1458 1449/1449/1449
f 1451/1451/1451 1460/1460/1460 1459/1459/1459
f 1451/1451/1451 1459/1459/1459 1450/1450/1450
f 1452/1452/1452 1461/1461/1461 1460/1460/1460
f 1452/1452/1452 1460/1460/1460 1451/1451/1451
f 1453/1453/1453 1462/1462/1462 1461/1461/1461
f 1453/1453/1453 1461/1461/1461 1452/1452/1452
f 1454/1454/1454 1463/1463/1463 1471/1471/1471
f 1454/1454/1454 1471/1471/1471 1462/1462/1462
f 1456/1456/1456 1465/1465/1465 1463/1463/1463
f 1456/1456/1456 1463/1463/1463 1454/1454/1454
f 1457/1457/1457 1466/1466/1466 1464/1464/1464
f 1457/1457/1457 1464/1464/1464 1455/1455/1455
f 1458/1458/1458 1467/1467/1467 1466/1466/1466
f 1458/1458/1458 1466/1466/1466 1457/1457/1457
f 1459/1459/1459 1468/1468/1468 1467/1467/1467
f 1459/1459/1459 1467/1467/1467 1458/1458/1458
f 1460/1460/1460 1469/1469/1469 1468/1468/1468
f 1460/1460/1460 1468/1468/1468 1459/1459/1459
f 1461/1461/1461 1470/1470/1470 1469/1469/1469
f 1461/1461/1461 1469/1469/1469 1460/1460/1460
f 1462/1462/1462 1471/1471/1471 1470/1470/1470
f 1462/1462/1462 1470/1470/1470 1461/1461/1461
f 1463/1463/1463 1472/1472/1472 1480/1480/1480
f 1463/1463/1463 1480/1480/1480 1471/1471/1471
f 1465/1465/1465 1474/1474/1474 1472/1472/1472
f 1465/1465/1465 1472/1472/1472 1463/1463/1463
f 1466/1466/1466 1475/1475/1475 1473/1473/1473
f 1466/1466/1466 1473/1473/1473 1464/1464/1464
f 1467/1467/1467 1476/1476/1476 1475/1475/1475
f 1467/1467/1467 1475/1475/1475 1466/1466/1466
f 1468/1468/1468 1477/1477/1477 1476/1476/1476
f 1468/1468/1468 1476/1476/1476 1467/1467/1467
f 1469/1469/1469 1478/1478/1478 1477/1477/1477
f 1469/1469/1469 1477/1477/1477 1468/1468/1468
f 1470/1470/1470 1479/1479/1479 1478/1478/1478
f 1470/1470/1470 1478/1478/1478 1469/1469/1469
f 1471/1471/1471 1480/1480/1480 1479/1479/1479
f 1471/1471/1471 1479/1479/1479 1470/1470/1470
f 1472/1472/1472 1481/1481/1481 1489/1489/1489
f 1472/1472/1472 1489/1489/1489 1480/1480/1480
f 1474/1474/1474 1483/1483/1483 1481/1481/1481
f 1474/1474/1474 1481/1481/1481 1472/1472/1472
f 1475/1475/1475 1484/1484/1484 1482/1482/1482
f 1475/1475/1475 1482/1482/1482 1473/1473/1473
f 1476/1476/1476 1485/1485/1485 1484/1484/1484
f 1476/1476/1476 1484/1484/1484 1475/1475/1475
f 1477/1477/1477 1486/1486/1486 1485/1485/1485
f 1477/1477/1477 1485/1485/1485 1476/1476/1476
f 1478/1478/1478 1487/1487/1487 1486/1486/1486
f 1478/1478/1478 1486/1486/1486 1477/1477/1477
f 1479/1479/1479 1488/1488/1488 1487/1487/1487
f 1479/1479/1479 1487/1487/1487 1478/1478/1478
f 1480/1480/1480 1489/1489/1489 1488/1488/1488
f 1480/1480/1480 1488/1488/1488 1479/1479/1479
f 1481/1481/1481 1491/1491/1491 1506/1506/1506
f 1481/1481/1481 1506/1506/1506 1489/1489/1489
f 1483/1483/1483 1494/1494/1494 1491/1491/1491
f 1483/1483/1483 1491/1491/1491 1481/1481/1481
f 1484/1484/1484 1496/1496/1496 1493/1493/1493
f 1484/1484/1484 1493/1493/1493 1482/1482/1482
f 1485/1485/1485 1498/1498/1498 1496/1496/1496
f 1485/1485/1485 1496/1496/1496 1484/1484/1484
f 1486/1486/1486 1500/1500/1500 1498/1498/1498
f 1486/1486/1486 1498/1498/1498 1485/1485/1485
f 1487/1487/1487 1502/1502/1502 1500/1500/1500
f 1487/1487/1487 1500/1500/1500 1486/1486/1486
f 1488/1488/1488 1504/1504/1504 1502/1502/1502
f 1488/1488/1488 1502/1502/1502 1487/1487/1487
f 1489/1489/1489 1506/1506/1506 1504/1504/1504
f 1489/1489/1489 1504/1504/1504 1488/1488/1488
f 1162/1162/1162 1167/1167/1167 1171/1171/1171
f 1287/1287/1287 1283/1283/1283 1278/1278/1278
f 1394/1394/1394 1390/1390/1390 1385/1385/1385
f 1492/1492/1492 1497/1497/1497 1501/1501/1501
f 1175/1175/1175 1160/1160/1160 1162/1162/1162
f 1162/1162/1162 1165/1165/1165 1167/1167/1167
f 1167/1167/1167 1169/1169/1169 1171/1171/1171
f 1171/1171/1171 1173/1173/1173 1175/1175/1175
f 1175/1175/1175 1162/1162/1162 1171/1171/1171
f 1278/1278/1278 1276/1276/1276 1291/1291/1291
f 1291/1291/1291 1289/1289/1289 1287/1287/1287
f 1287/1287/1287 1285/1285/1285 1283/1283/1283
f 1283/1283/1283 1281/1281/1281 1278/1278/1278
f 1278/1278/1278 1291/1291/1291 1287/1287/1287
f 1385/1385/1385 1383/1383/1383 1398/1398/1398
f 1398/1398/1398 1396/1396/1396 1394/1394/1394
f 1394/1394/1394 1392/1392/1392 1390/1390/1390
f 1390/1390/1390 1388/1388/1388 1385/1385/1385
f 1385/1385/1385 1398/1398/1398 1394/1394/1394
f 1505/1505/1505 1490/1490/1490 1492/1492/1492
f 1492/1492/1492 1495/1495/1495 1497/1497/1497
f 1497/1497/1497 1499/1499/1499 1501/1501/1501
f 1501/1501/1501 1503/1503/1503 1505/1505/1505
f 1505/1505/1505 1492/1492/1492 1501/1501/1501
f 1508/1508/1508 1524/1524/1524 1532/1532/1532
f 1508/1508/1508 1532/1532/1532 1523/1523/1523
f 1510/1510/1510 1525/1525/1525 1524/1524/1524
f 1510/1510/1510 1524/1524/1524 1508/1508/1508
f 1512/1512/1512 1526/1526/1526 1525/1525/1525
f 1512/1512/1512 1525/1525/1525 1510/1510/1510
f 1514/1514/1514 1527/1527/1527 1526/1526/1526
f 1514/1514/1514 1526/1526/1526 1512/1512/1512
f 1516/1516/1516 1528/1528/1528 1527/1527/1527
f 1516/1516/1516 1527/1527/1527 1514/1514/1514
f 1519/1519/1519 1530/1530/1530 1529/1529/1529
f 1519/1519/1519 1529/1529/1529 1517/1517/1517
f 1521/1521/1521 1531/1531/1531 1530/1530/1530
f 1521/1521/1521 1530/1530/1530 1519/1519/1519
f 1523/1523/1523 1532/1532/1532 1531/1531/1531
f 1523/1523/1523 1531/1531/1531 1521/1521/1521
f 1524/1524/1524 1533/1533/1533 1541/1541/1541
f 1524/1524/1524 1541/1541/1541 1532/1532/1532
f 1525/1525/1525 1534/1534/1534 1533/1533/1533
f 1525/1525/1525 1533/1533/1533 1524/1524/1524
f 1526/1526/1526 1535/1535/1535 1534/1534/1534
f 1526/1526/1526 1534/1534/1534 1525/1525/1525
f 1527/1527/1527 1536/1536/1536 1535/1535/1535
f 1527/1527/1527 1535/1535/1535 1526/1526/1526
f 1528/1528/1528 1537/1537/1537 1536/1536/1536
f 1528/1528/1528 1536/1536/1536 1527/1527/1527
f 1530/1530/1530 1539/1539/1539 1538/1538/1538
f 1530/1530/1530 1538/1538/1538 1529/1529/1529
f 1531/1531/1531 1540/1540/1540 1539/1539/1539
f 1531/1531/1531 1539/1539/1539 1530/1530/1530
f 1532/1532/1532 1541/1541/1541 1540/1540/1540
f 1532/1532/1532 1540/1540/1540 1531/1531/1531
f 1533/1533/1533 1542/1542/1542 1550/1550/1550
f 1533/1533/1533 1550/1550/1550 1541/1541/1541
f 1534/1534/1534 1543/1543/1543 1542/1542/1542
f 1534/1534/1534 1542/1542/1542 1533/1533/1533
f 1535/1535/1535 1544/1544/1544 1543/1543/1543
f 1535/1535/1535 1543/1543/1543 1534/1534/1534
f 1536/1536/1536 1545/1545/1545 1544/1544/1544
f 1536/1536/1536 1544/1544/1544 1535/1535/1535
f 1537/1537/1537 1546/1546/1546 1545/1545/1545
f 1537/1537/1537 1545/1545/1545 1536/1536/1536
f 1539/1539/1539 1548/1548/1548 1547/1547/1547
f 1539/1539/1539 1547/1547/1547 1538/1538/1538
f 1540/1540/1540 1549/1549/1549 1548/1548/1548
f 1540/1540/1540 1548/1548/1548 1539/1539/1539
f 1541/1541/1541 1550/1550/1550 1549/1549/1549
f 1541/1541/1541 1549/1549/1549 1540/1540/1540
f 1542/1542/1542 1551/1551/1551 1559/1559/1559
f 1542/1542/1542 1559/1559/1559 1550/1550/1550
f 1543/1543/1543 1552/1552/1552 1551/1551/1551
f 1543/1543/1543 1551/1551/1551 1542/1542/1542
f 1544/1544/1544 1553/1553/1553 1552/1552/1552
f 1544/1544/1544 1552/1552/1552 1543/1543/1543
f 1545/1545/1545 1554/1554/1554 1553/1553/1553
f 1545/1545/1545 1553/1553/1553 1544/1544/1544
f 1546/1546/1546 1555/1555/1555 1554/1554/1554
f 1546/1546/1546 1554/1554/1554 1545/1545/1545
f 1548/1548/1548 1557/1557/1557 1556/1556/1556
f 1548/1548/1548 1556/1556/1556 1547/1547/1547
f 1549/1549/1549 1558/1558/1558 1557/1557/1557
f 1549/1549/1549 1557/1557/1557 1548/1548/1548
f 1550/1550/1550 1559/1559/1559 1558/1558/1558
f 1550/1550/1550 1558/1558/1558 1549/1549/1549
f 1551/1551/1551 1560/1560/1560 1568/1568/1568
f 1551/1551/1551 1568/1568/1568 1559/1559/1559
f 1552/1552/1552 1561/1561/1561 1560/1560/1560
f 1552/1552/1552 1560/1560/1560 1551/1551/1551
f 1553/1553/1553 1562/1562/1562 1561/1561/1561
f 1553/1553/1553 1561/1561/1561 1552/1552/1552
f 1554/1554/1554 1563/1563/1563 1562/1562/1562
f 1554/1554/1554 1562/1562/1562 1553/1553/1553
f 1555/1555/1555 1564/1564/1564 1563/1563/1563
f 1555/1555/1555 1563/1563/1563 1554/1554/1554
f 1557/1557/1557 1566/1566/1566 1565/1565/1565
f 1557/1557/1557 1565/1565/1565 1556/1556/1556
f 1558/1558/1558 1567/1567/1567 1566/1566/1566
f 1558/1558/1558 1566/1566/1566 1557/1557/1557
f 1559/1559/1559 1568/1568/1568 1567/1567/1567
f 1559/1559/1559 1567/1567/1567 1558/1558/1558
f 1560/1560/1560 1569/1569/1569 1577/1577/1577
f 1560/1560/1560 1577/1577/1577 1568/1568/1568
f 1561/1561/1561 1570/1570/1570 1569/1569/1569
f 1561/1561/1561 1569/1569/1569 1560/1560/1560
f 1562/1562/1562 1571/1571/1571 1570/1570/1570
f 1562/1562/1562 1570/1570/1570 1561/1561/1561
f 1563/1563/1563 1572/1572/1572 1571/1571/1571
f 1563/1563/1563 1571/1571/1571 1562/1562/1562
f 1564/1564/1564 1573/1573/1573 1572/1572/1572
f 1564/1564/1564 1572/1572/1572 1563/1563/1563
f 1566/1566/1566 1575/1575/1575 1574/1574/1574
f 1566/1566/1566 1574/1574/1574 1565/1565/1565
f 1567/1567/1567 1576/1576/1576 1575/1575/1575
f 1567/1567/1567 1575/1575/1575 1566/1566/1566
f 1568/1568/1568 1577/1577/1577 1576/1576/1576
f 1568/1568/1568 1576/1576/1576 1567/1567/1567
f 1569/1569/1569 1578/1578/1578 1594/1594/1594
f 1569/1569/1569 1594/1594/1594 1577/1577/1577
f 1570/1570/1570 1580/1580/1580 1578/1578/1578
f 1570/1570/1570 1578/1578/1578 1569/1569/1569
f 1571/1571/1571 1582/1582/1582 1580/1580/1580
f 1571/1571/1571 1580/1580/1580 1570/1570/1570
f 1572/1572/1572 1584/1584/1584 1582/1582/1582
f 1572/1572/1572 1582/1582/1582 1571/1571/1571
f 1573/1573/1573 1587/1587/1587 1584/1584/1584
f 1573/1573/1573 1584/1584/1584 1572/1572/1572
f 1575/1575/1575 1590/1590/1590 1586/1586/1586
f 1575/1575/1575 1586/1586/1586 1574/1574/1574
f 1576/1576/1576 1592/1592/1592 1590/1590/1590
f 1576/1576/1576 1590/1590/1590 1575/1575/1575
f 1577/1577/1577 1594/1594/1594 1592/1592/1592
f 1577/1577/1577 1592/1592/1592 1576/1576/1576
f 1579/1579/1579 1596/1596/1596 1604/1604/1604
f 1579/1579/1579 1604/1604/1604 1595/1595/1595
f 1581/1581/1581 1597/1597/1597 1596/1596/1596
f 1581/1581/1581 1596/1596/1596 1579/1579/1579
f 1583/1583/1583 1598/1598/1598 1597/1597/1597
f 1583/1583/1583 1597/1597/1597 1581/1581/1581
f 1585/1585/1585 1599/1599/1599 1598/1598/1598
f 1585/1585/1585 1598/1598/1598 1583/1583/1583
f 1589/1589/1589 1601/1601/1601 1599/1599/1599
f 1589/1589/1589 1599/1599/1599 1585/1585/1585
f 1591/1591/1591 1602/1602/1602 1600/1600/1600
f 1591/1591/1591 1600/1600/1600 1588/1588/1588
f 1593/1593/1593 1603/1603/1603 1602/1602/1602
f 1593/1593/1593 1602/1602/1602 1591/1591/1591
f 1595/1595/1595 1604/1604/1604 1603/1603/1603
f 1595/1595/1595 1603/1603/1603 1593/1593/1593
f 1596/1596/1596 1605/1605/1605 1613/1613/1613
f 1596/1596/1596 1613/1613/1613 1604/1604/1604
f 1597/1597/1597 1606/1606/1606 1605/1605/1605
f 1597/1597/1597 1605/1605/1605 1596/1596/1596
f 1598/1598/1598 1607/1607/1607 1606/1606/1606
f 1598/1598/1598 1606/1606/1606 1597/1597/1597
f 1599/1599/1599 1608/1608/1608 1607/1607/1607
f 1599/1599/1599 1607/1607/1607 1598/1598/1598
f 1601/1601/1601 1609/1609/1609 1608/1608/1608
f 1601/1601/1601 1608/1608/1608 1599/1599/1599
f 1602/1602/1602 1611/1611/1611 1610/1610/1610
f 1602/1602/1602 1610/1610/1610 1600/1600/1600
f 1603/1603/1603 1612/1612/1612 1611/1611/1611
f 1603/1603/1603 1611/1611/1611 1602/1602/1602
f 1604/1604/1604 1613/1613/1613 1612/1612/1612
f 1604/1604/1604 1612/1612/1612 1603/1603/1603
f 1613/1613/1613 1622/1622/1622 1620/1620/1620
f 1613/1613/1613 1620/1620/1620 1612/1612/1612
f 1608/1608/1608 1621/1621/1621 1619/1619/1619
f 1608/1608/1608 1619/1619/1619 1607/1607/1607
f 1612/1612/1612 1620/1620/1620 1618/1618/1618
f 1612/1612/1612 1618/1618/1618 1611/1611/1611
f 1607/1607/1607 1619/1619/1619 1617/1617/1617
f 1607/1607/1607 1617/1617/1617 1606/1606/1606
f 1609/1609/1609 1615/1615/1615 1621/1621/1621
f 1609/1609/1609 1621/1621/1621 1608/1608/1608
f 1611/1611/1611 1618/1618/1618 1616/1616/1616
f 1611/1611/1611 1616/1616/1616 1610/1610/1610
f 1605/1605/1605 1614/1614/1614 1622/1622/1622
f 1605/1605/1605 1622/1622/1622 1613/1613/1613
f 1606/1606/1606 1617/1617/1617 1614/1614/1614
f 1606/1606/1606 1614/1614/1614 1605/1605/1605
f 1624/1624/1624 1639/1639/1639 1648/1648/1648
f 1624/1624/1624 1648/1648/1648 1640/1640/1640
f 1626/1626/1626 1624/1624/1624 1640/1640/1640
f 1626/1626/1626 1640/1640/1640 1641/1641/1641
f 1628/1628/1628 1626/1626/1626 1641/1641/1641
f 1628/1628/1628 1641/1641/1641 1642/1642/1642
f 1630/1630/1630 1628/1628/1628 1642/1642/1642
f 1630/1630/1630 1642/1642/1642 1643/1643/1643
f 1632/1632/1632 1630/1630/1630 1643/1643/1643
f 1632/1632/1632 1643/1643/1643 1644/1644/1644
f 1635/1635/1635 1633/1633/1633 1645/1645/1645
f 1635/1635/1635 1645/1645/1645 1646/1646/1646
f 1637/1637/1637 1635/1635/1635 1646/1646/1646
f 1637/1637/1637 1646/1646/1646 1647/1647/1647
f 1639/1639/1639 1637/1637/1637 1647/1647/1647
f 1639/1639/1639 1647/1647/1647 1648/1648/1648
f 1640/1640/1640 1648/1648/1648 1657/1657/1657
f 1640/1640/1640 1657/1657/1657 1649/1649/1649
f 1641/1641/1641 1640/1640/1640 1649/1649/1649
f 1641/1641/1641 1649/1649/1649 1650/1650/1650
f 1642/1642/1642 1641/1641/1641 1650/1650/1650
f 1642/1642/1642 1650/1650/1650 1651/1651/1651
f 1643/1643/1643 1642/1642/1642 1651/1651/1651
f 1643/1643/1643 1651/1651/1651 1652/1652/1652
f 1644/1644/1644 1643/1643/1643 1652/1652/1652
f 1644/1644/1644 1652/1652/1652 1653/1653/1653
f 1646/1646/1646 1645/1645/1645 1654/1654/1654
f 1646/1646/1646 1654/1654/1654 1655/1655/1655
f 1647/1647/1647 1646/1646/1646 1655/1655/1655
f 1647/1647/1647 1655/1655/1655 1656/1656/1656
f 1648/1648/1648 1647/1647/1647 1656/1656/1656
f 1648/1648/1648 1656/1656/1656 1657/1657/1657
f 1649/1649/1649 1657/1657/1657 1666/1666/1666
f 1649/1649/1649 1666/1666/1666 1658/1658/1658
f 1650/1650/1650 1649/1649/1649 1658/1658/1658
f 1650/1650/1650 1658/1658/1658 1659/1659/1659
f 1651/1651/1651 1650/1650/1650 1659/1659/1659
f 1651/1651/1651 1659/1659/1659 1660/1660/1660
f 1652/1652/1652 1651/1651/1651 1660/1660/1660
f 1652/1652/1652 1660/1660/1660 1661/1661/1661
f 1653/1653/1653 1652/1652/1652 1661/1661/1661
f 1653/1653/1653 1661/1661/1661 1663/1663/1663
f 1655/1655/1655 1654/1654/1654 1662/1662/1662
f 1655/1655/1655 1662/1662/1662 1664/1664/1664
f 1656/1656/1656 1655/1655/1655 1664/1664/1664
f 1656/1656/1656 1664/1664/1664 1665/1665/1665
f 1657/1657/1657 1656/1656/1656 1665/1665/1665
f 1657/1657/1657 1665/1665/1665 1666/1666/1666
f 1658/1658/1658 1666/1666/1666 1675/1675/1675
f 1658/1658/1658 1675/1675/1675 1667/1667/1667
f 1659/1659/1659 1658/1658/1658 1667/1667/1667
f 1659/1659/1659 1667/1667/1667 1668/1668/1668
f 1660/1660/1660 1659/1659/1659 1668/1668/1668
f 1660/1660/1660 1668/1668/1668 1669/1669/1669
f 1661/1661/1661 1660/1660/1660 1669/1669/1669
f 1661/1661/1661 1669/1669/1669 1670/1670/1670
f 1663/1663/1663 1661/1661/1661 1670/1670/1670
f 1663/1663/1663 1670/1670/1670 1672/1672/1672
f 1664/1664/1664 1662/1662/1662 1671/1671/1671
f 1664/1664/1664 1671/1671/1671 1673/1673/1673
f 1665/1665/1665 1664/1664/1664 1673/1673/1673
f 1665/1665/1665 1673/1673/1673 1674/1674/1674
f 1666/1666/1666 1665/1665/1665 1674/1674/1674
f 1666/1666/1666 1674/1674/1674 1675/1675/1675
f 1667/1667/1667 1675/1675/1675 1684/1684/1684
f 1667/1667/1667 1684/1684/1684 1676/1676/1676
f 1668/1668/1668 1667/1667/1667 1676/1676/1676
f 1668/1668/1668 1676/1676/1676 1677/1677/1677
f 1669/1669/1669 1668/1668/1668 1677/1677/1677
f 1669/1669/1669 1677/1677/1677 1678/1678/1678
f 1670/1670/1670 1669/1669/1669 1678/1678/1678
f 1670/1670/1670 1678/1678/1678 1679/1679/1679
f 1672/1672/1672 1670/1670/1670 1679/1679/1679
f 1672/1672/1672 1679/1679/1679 1681/1681/1681
f 1673/1673/1673 1671/1671/1671 1680/1680/1680
f 1673/1673/1673 1680/1680/1680 1682/1682/1682
f 1674/1674/1674 1673/1673/1673 1682/1682/1682
f 1674/1674/1674 1682/1682/1682 1683/1683/1683
f 1675/1675/1675 1674/1674/1674 1683/1683/1683
f 1675/1675/1675 1683/1683/1683 1684/1684/1684
f 1676/1676/1676 1684/1684/1684 1693/1693/1693
f 1676/1676/1676 1693/1693/1693 1685/1685/1685
f 1677/1677/1677 1676/1676/1676 1685/1685/1685
f 1677/1677/1677 1685/1685/1685 1686/1686/1686
f 1678/1678/1678 1677/1677/1677 1686/1686/1686
f 1678/1678/1678 1686/1686/1686 1687/1687/1687
f 1679/1679/1679 1678/1678/1678 1687/1687/1687
f 1679/1679/1679 1687/1687/1687 1688/1688/1688
f 1681/1681/1681 1679/1679/1679 1688/1688/1688
f 1681/1681/1681 1688/1688/1688 1690/1690/1690
f 1682/1682/1682 1680/1680/1680 1689/1689/1689
f 1682/1682/1682 1689/1689/1689 1691/1691/1691
f 1683/1683/1683 1682/1682/1682 1691/1691/1691
f 1683/1683/1683 1691/1691/1691 1692/1692/1692
f 1684/1684/1684 1683/1683/1683 1692/1692/1692
f 1684/1684/1684 1692/1692/1692 1693/1693/1693
f 1685/1685/1685 1693/1693/1693 1710/1710/1710
f 1685/1685/1685 1710/1710/1710 1694/1694/1694
f 1686/1686/1686 1685/1685/1685 1694/1694/1694
f 1686/1686/1686 1694/1694/1694 1696/1696/1696
f 1687/1687/1687 1686/1686/1686 1696/1696/1696
f 1687/1687/1687 1696/1696/1696 1698/1698/1698
f 1688/1688/1688 1687/1687/1687 1698/1698/1698
f 1688/1688/1688 1698/1698/1698 1700/1700/1700
f 1690/1690/1690 1688/1688/1688 1700/1700/1700
f 1690/1690/1690 1700/1700/1700 1703/1703/1703
f 1691/1691/1691 1689/1689/1689 1702/1702/1702
f 1691/1691/1691 1702/1702/1702 1706/1706/1706
f 1692/1692/1692 1691/1691/1691 1706/1706/1706
f 1692/1692/1692 1706/1706/1706 1708/1708/1708
f 1693/1693/1693 1692/1692/1692 1708/1708/1708
f 1693/1693/1693 1708/1708/1708 1710/1710/1710
f 1695/1695/1695 1711/1711/1711 1720/1720/1720
f 1695/1695/1695 1720/1720/1720 1712/1712/1712
f 1697/1697/1697 1695/1695/1695 1712/1712/1712
f 1697/1697/1697 1712/1712/1712 1713/1713/1713
f 1699/1699/1699 1697/1697/1697 1713/1713/1713
f 1699/1699/1699 1713/1713/1713 1714/1714/1714
f 1701/1701/1701 1699/1699/1699 1714/1714/1714
f 1701/1701/1701 1714/1714/1714 1715/1715/1715
f 1705/1705/1705 1701/1701/1701 1715/1715/1715
f 1705/1705/1705 1715/1715/1715 1716/1716/1716
f 1707/1707/1707 1704/1704/1704 1717/1717/1717
f 1707/1707/1707 1717/1717/1717 1718/1718/1718
f 1709/1709/1709 1707/1707/1707 1718/1718/1718
f 1709/1709/1709 1718/1718/1718 1719/1719/1719
f 1711/1711/1711 1709/1709/1709 1719/1719/1719
f 1711/1711/1711 1719/1719/1719 1720/1720/1720
f 1712/1712/1712 1720/1720/1720 1729/1729/1729
f 1712/1712/1712 1729/1729/1729 1721/1721/1721
f 1713/1713/1713 1712/1712/1712 1721/1721/1721
f 1713/1713/1713 1721/1721/1721 1722/1722/1722
f 1714/1714/1714 1713/1713/1713 1722/1722/1722
f 1714/1714/1714 1722/1722/1722 1723/1723/1723
f 1715/1715/1715 1714/1714/1714 1723/1723/1723
f 1715/1715/1715 1723/1723/1723 1724/1724/1724
f 1716/1716/1716 1715/1715/1715 1724/1724/1724
f 1716/1716/1716 1724/1724/1724 1725/1725/1725
f 1718/1718/1718 1717/1717/1717 1726/1726/1726
f 1718/1718/1718 1726/1726/1726 1727/1727/1727
f 1719/1719/1719 1718/1718/1718 1727/1727/1727
f 1719/1719/1719 1727/1727/1727 1728/1728/1728
f 1720/1720/1720 1719/1719/1719 1728/1728/1728
f 1720/1720/1720 1728/1728/1728 1729/1729/1729
f 1729/1729/1729 1728/1728/1728 1620/1620/1620
f 1729/1729/1729 1620/1620/1620 1622/1622/1622
f 1724/1724/1724 1723/1723/1723 1619/1619/1619
f 1724/1724/1724 1619/1619/1619 1621/1621/1621
f 1728/1728/1728 1727/1727/1727 1618/1618/1618
f 1728/1728/1728 1618/1618/1618 1620/1620/1620
f 1723/1723/1723 1722/1722/1722 1617/1617/1617
f 1723/1723/1723 1617/1617/1617 1619/1619/1619
f 1725/1725/1725 1724/1724/1724 1621/1621/1621
f 1725/1725/1725 1621/1621/1621 1615/1615/1615
f 1727/1727/1727 1726/1726/1726 1616/1616/1616
f 1727/1727/1727 1616/1616/1616 1618/1618/1618
f 1721/1721/1721 1729/1729/1729 1622/1622/1622
f 1721/1721/1721 1622/1622/1622 1614/1614/1614
f 1722/1722/1722 1721/1721/1721 1614/1614/1614
f 1722/1722/1722 1614/1614/1614 1617/1617/1617
f 1731/1731/1731 1746/1746/1746 1755/1755/1755
f 1731/1731/1731 1755/1755/1755 1747/1747/1747
f 1733/1733/1733 1731/1731/1731 1747/1747/1747
f 1733/1733/1733 1747/1747/1747 1748/1748/1748
f 1735/1735/1735 1733/1733/1733 1748/1748/1748
f 1735/1735/1735 1748/1748/1748 1749/1749/1749
f 1738/1738/1738 1735/1735/1735 1749/1749/1749
f 1738/1738/1738 1749/1749/1749 1751/1751/1751
f 1740/1740/1740 1737/1737/1737 1750/1750/1750
f 1740/1740/1740 1750/1750/1750 1752/1752/1752
f 1742/1742/1742 1740/1740/1740 1752/1752/1752
f 1742/1742/1742 1752/1752/1752 1753/1753/1753
f 1744/1744/1744 1742/1742/1742 1753/1753/1753
f 1744/1744/1744 1753/1753/1753 1754/1754/1754
f 1746/1746/1746 1744/1744/1744 1754/1754/1754
f 1746/1746/1746 1754/1754/1754 1755/1755/1755
f 1747/1747/1747 1755/1755/1755 1764/1764/1764
f 1747/1747/1747 1764/1764/1764 1756/1756/1756
f 1748/1748/1748 1747/1747/1747 1756/1756/1756
f 1748/1748/1748 1756/1756/1756 1757/1757/1757
f 1749/1749/1749 1748/1748/1748 1757/1757/1757
f 1749/1749/1749 1757/1757/1757 1758/1758/1758
f 1751/1751/1751 1749/1749/1749 1758/1758/1758
f 1751/1751/1751 1758/1758/1758 1760/1760/1760
f 1752/1752/1752 1750/1750/1750 1759/1759/1759
f 1752/1752/1752 1759/1759/1759 1761/1761/1761
f 1753/1753/1753 1752/1752/1752 1761/1761/1761
f 1753/1753/1753 1761/1761/1761 1762/1762/1762
f 1754/1754/1754 1753/1753/1753 1762/1762/1762
f 1754/1754/1754 1762/1762/1762 1763/1763/1763
f 1755/1755/1755 1754/1754/1754 1763/1763/1763
f 1755/1755/1755 1763/1763/1763 1764/1764/1764
f 1756/1756/1756 1764/1764/1764 1773/1773/1773
f 1756/1756/1756 1773/1773/1773 1765/1765/1765
f 1757/1757/1757 1756/1756/1756 1765/1765/1765
f 1757/1757/1757 1765/1765/1765 1766/1766/1766
f 1758/1758/1758 1757/1757/1757 1766/1766/1766
f 1758/1758/1758 1766/1766/1766 1767/1767/1767
f 1760/1760/1760 1758/1758/1758 1767/1767/1767
f 1760/1760/1760 1767/1767/1767 1769/1769/1769
f 1761/1761/1761 1759/1759/1759 1768/1768/1768
f 1761/1761/1761 1768/1768/1768 1770/1770/1770
f 1762/1762/1762 1761/1761/1761 1770/1770/1770
f 1762/1762/1762 1770/1770/1770 1771/1771/1771
f 1763/1763/1763 1762/1762/1762 1771/1771/1771
f 1763/1763/1763 1771/1771/1771 1772/1772/1772
f 1764/1764/1764 1763/1763/1763 1772/1772/1772
f 1764/1764/1764 1772/1772/1772 1773/1773/1773
f 1765/1765/1765 1773/1773/1773 1782/1782/1782
f 1765/1765/1765 1782/1782/1782 1774/1774/1774
f 1766/1766/1766 1765/1765/1765 1774/1774/1774
f 1766/1766/1766 1774/1774/1774 1775/1775/1775
f 1767/1767/1767 1766/1766/1766 1775/1775/1775
f 1767/1767/1767 1775/1775/1775 1776/1776/1776
f 1769/1769/1769 1767/1767/1767 1776/1776/1776
f 1769/1769/1769 1776/1776/1776 1778/1778/1778
f 1770/1770/1770 1768/1768/1768 1777/1777/1777
f 1770/1770/1770 1777/1777/1777 1779/1779/1779
f 1771/1771/1771 1770/1770/1770 1779/1779/1779
f 1771/1771/1771 1779/1779/1779 1780/1780/1780
f 1772/1772/1772 1771/1771/1771 1780/1780/1780
f 1772/1772/1772 1780/1780/1780 1781/1781/1781
f 1773/1773/1773 1772/1772/1772 1781/1781/1781
f 1773/1773/1773 1781/1781/1781 1782/1782/1782
f 1774/1774/1774 1782/1782/1782 1791/1791/1791
f 1774/1774/1774 1791/1791/1791 1783/1783/1783
f 1775/1775/1775 1774/1774/1774 1783/1783/1783
f 1775/1775/1775 1783/1783/1783 1784/1784/1784
f 1776/1776/1776 1775/1775/1775 1784/1784/1784
f 1776/1776/1776 1784/1784/1784 1785/1785/1785
f 1778/1778/1778 1776/1776/1776 1785/1785/1785
f 1778/1778/1778 1785/1785/1785 1787/1787/1787
f 1779/1779/1779 1777/1777/1777 1786/1786/1786
f 1779/1779/1779 1786/1786/1786 1788/1788/1788
f 1780/1780/1780 1779/1779/1779 1788/1788/1788
f 1780/1780/1780 1788/1788/1788 1789/1789/1789
f 1781/1781/1781 1780/1780/1780 1789/1789/1789
f 1781/1781/1781 1789/1789/1789 1790/1790/1790
f 1782/1782/1782 1781/1781/1781 1790/1790/1790
f 1782/1782/1782 1790/1790/1790 1791/1791/1791
f 1783/1783/1783 1791/1791/1791 1800/1800/1800
f 1783/1783/1783 1800/1800/1800 1792/1792/1792
f 1784/1784/1784 1783/1783/1783 1792/1792/1792
f 1784/1784/1784 1792/1792/1792 1793/1793/1793
f 1785/1785/1785 1784/1784/1784 1793/1793/1793
f 1785/1785/1785 1793/1793/1793 1794/1794/1794
f 1787/1787/1787 1785/1785/1785 1794/1794/1794
f 1787/1787/1787 1794/1794/1794 1796/1796/1796
f 1788/1788/1788 1786/1786/1786 1795/1795/1795
f 1788/1788/1788 1795/1795/1795 1797/1797/1797
f 1789/1789/1789 1788/1788/1788 1797/1797/1797
f 1789/1789/1789 1797/1797/1797 1798/1798/1798
f 1790/1790/1790 1789/1789/1789 1798/1798/1798
f 1790/1790/1790 1798/1798/1798 1799/1799/1799
f 1791/1791/1791 1790/1790/1790 1799/1799/1799
f 1791/1791/1791 1799/1799/1799 1800/1800/1800
f 1792/1792/1792 1800/1800/1800 1818/1818/1818
f 1792/1792/1792 1818/1818/1818 1802/1802/1802
f 1793/1793/1793 1792/1792/1792 1802/1802/1802
f 1793/1793/1793 1802/1802/1802 1804/1804/1804
f 1794/1794/1794 1793/1793/1793 1804/1804/1804
f 1794/1794/1794 1804/1804/1804 1806/1806/1806
f 1796/1796/1796 1794/1794/1794 1806/1806/1806
f 1796/1796/1796 1806/1806/1806 1810/1810/1810
f 1797/1797/1797 1795/1795/1795 1809/1809/1809
f 1797/1797/1797 1809/1809/1809 1812/1812/1812
f 1798/1798/1798 1797/1797/1797 1812/1812/1812
f 1798/1798/1798 1812/1812/1812 1814/1814/1814
f 1799/1799/1799 1798/1798/1798 1814/1814/1814
f 1799/1799/1799 1814/1814/1814 1816/1816/1816
f 1800/1800/1800 1799/1799/1799 1816/1816/1816
f 1800/1800/1800 1816/1816/1816 1818/1818/1818
f 1801/1801/1801 1817/1817/1817 1827/1827/1827
f 1801/1801/1801 1827/1827/1827 1819/1819/1819
f 1803/1803/1803 1801/1801/1801 1819/1819/1819
f 1803/1803/1803 1819/1819/1819 1820/1820/1820
f 1805/1805/1805 1803/1803/1803 1820/1820/1820
f 1805/1805/1805 1820/1820/1820 1821/1821/1821
f 1807/1807/1807 1805/1805/1805 1821/1821/1821
f 1807/1807/1807 1821/1821/1821 1822/1822/1822
f 1811/1811/1811 1808/1808/1808 1823/1823/1823
f 1811/1811/1811 1823/1823/1823 1824/1824/1824
f 1813/1813/1813 1811/1811/1811 1824/1824/1824
f 1813/1813/1813 1824/1824/1824 1825/1825/1825
f 1815/1815/1815 1813/1813/1813 1825/1825/1825
f 1815/1815/1815 1825/1825/1825 1826/1826/1826
f 1817/1817/1817 1815/1815/1815 1826/1826/1826
f 1817/1817/1817 1826/1826/1826 1827/1827/1827
f 1819/1819/1819 1827/1827/1827 1836/1836/1836
f 1819/1819/1819 1836/1836/1836 1828/1828/1828
f 1820/1820/1820 1819/1819/1819 1828/1828/1828
f 1820/1820/1820 1828/1828/1828 1829/1829/1829
f 1821/1821/1821 1820/1820/1820 1829/1829/1829
f 1821/1821/1821 1829/1829/1829 1830/1830/1830
f 1822/1822/1822 1821/1821/1821 1830/1830/1830
f 1822/1822/1822 1830/1830/1830 1831/1831/1831
f 1824/1824/1824 1823/1823/1823 1832/1832/1832
f 1824/1824/1824 1832/1832/1832 1833/1833/1833
f 1825/1825/1825 1824/1824/1824 1833/1833/1833
f 1825/1825/1825 1833/1833/1833 1834/1834/1834
f 1826/1826/1826 1825/1825/1825 1834/1834/1834
f 1826/1826/1826 1834/1834/1834 1835/1835/1835
f 1827/1827/1827 1826/1826/1826 1835/1835/1835
f 1827/1827/1827 1835/1835/1835 1836/1836/1836
f 1836/1836/1836 1835/1835/1835 1842/1842/1842
f 1836/1836/1836 1842/1842/1842 1845/1845/1845
f 1831/1831/1831 1830/1830/1830 1841/1841/1841
f 1831/1831/1831 1841/1841/1841 1843/1843/1843
f 1835/1835/1835 1834/1834/1834 1840/1840/1840
f 1835/1835/1835 1840/1840/1840 1842/1842/1842
f 1830/1830/1830 1829/1829/1829 1839/1839/1839
f 1830/1830/1830 1839/1839/1839 1841/1841/1841
f 1833/1833/1833 1832/1832/1832 1844/1844/1844
f 1833/1833/1833 1844/1844/1844 1838/1838/1838
f 1834/1834/1834 1833/1833/1833 1838/1838/1838
f 1834/1834/1834 1838/1838/1838 1840/1840/1840
f 1828/1828/1828 1836/1836/1836 1845/1845/1845
f 1828/1828/1828 1845/1845/1845 1837/1837/1837
f 1829/1829/1829 1828/1828/1828 1837/1837/1837
f 1829/1829/1829 1837/1837/1837 1839/1839/1839
f 1847/1847/1847 1863/1863/1863 1871/1871/1871
f 1847/1847/1847 1871/1871/1871 1862/1862/1862
f 1849/1849/1849 1864/1864/1864 1863/1863/1863
f 1849/1849/1849 1863/1863/1863 1847/1847/1847
f 1851/1851/1851 1865/1865/1865 1864/1864/1864
f 1851/1851/1851 1864/1864/1864 1849/1849/1849
f 1853/1853/1853 1866/1866/1866 1865/1865/1865
f 1853/1853/1853 1865/1865/1865 1851/1851/1851
f 1856/1856/1856 1868/1868/1868 1867/1867/1867
f 1856/1856/1856 1867/1867/1867 1854/1854/1854
f 1858/1858/1858 1869/1869/1869 1868/1868/1868
f 1858/1858/1858 1868/1868/1868 1856/1856/1856
f 1860/1860/1860 1870/1870/1870 1869/1869/1869
f 1860/1860/1860 1869/1869/1869 1858/1858/1858
f 1862/1862/1862 1871/1871/1871 1870/1870/1870
f 1862/1862/1862 1870/1870/1870 1860/1860/1860
f 1863/1863/1863 1872/1872/1872 1880/1880/1880
f 1863/1863/1863 1880/1880/1880 1871/1871/1871
f 1864/1864/1864 1873/1873/1873 1872/1872/1872
f 1864/1864/1864 1872/1872/1872 1863/1863/1863
f 1865/1865/1865 1874/1874/1874 1873/1873/1873
f 1865/1865/1865 1873/1873/1873 1864/1864/1864
f 1866/1866/1866 1875/1875/1875 1874/1874/1874
f 1866/1866/1866 1874/1874/1874 1865/1865/1865
f 1868/1868/1868 1877/1877/1877 1876/1876/1876
f 1868/1868/1868 1876/1876/1876 1867/1867/1867
f 1869/1869/1869 1878/1878/1878 1877/1877/1877
f 1869/1869/1869 1877/1877/1877 1868/1868/1868
f 1870/1870/1870 1879/1879/1879 1878/1878/1878
f 1870/1870/1870 1878/1878/1878 1869/1869/1869
f 1871/1871/1871 1880/1880/1880 1879/1879/1879
f 1871/1871/1871 1879/1879/1879 1870/1870/1870
f 1872/1872/1872 1881/1881/1881 1889/1889/1889
f 1872/1872/1872 1889/1889/1889 1880/1880/1880
f 1873/1873/1873 1882/1882/1882 1881/1881/1881
f 1873/1873/1873 1881/1881/1881 1872/1872/1872
f 1874/1874/1874 1883/1883/1883 1882/1882/1882
f 1874/1874/1874 1882/1882/1882 1873/1873/1873
f 1875/1875/1875 1884/1884/1884 1883/1883/1883
f 1875/1875/1875 1883/1883/1883 1874/1874/1874
f 1877/1877/1877 1886/1886/1886 1885/1885/1885
f 1877/1877/1877 1885/1885/1885 1876/1876/1876
f 1878/1878/1878 1887/1887/1887 1886/1886/1886
f 1878/1878/1878 1886/1886/1886 1877/1877/1877
f 1879/1879/1879 1888/1888/1888 1887/1887/1887
f 1879/1879/1879 1887/1887/1887 1878/1878/1878
f 1880/1880/1880 1889/1889/1889 1888/1888/1888
f 1880/1880/1880 1888/1888/1888 1879/1879/1879
f 1881/1881/1881 1890/1890/1890 1898/1898/1898
f 1881/1881/1881 1898/1898/1898 1889/1889/1889
f 1882/1882/1882 1891/1891/1891 1890/1890/1890
f 1882/1882/1882 1890/1890/1890 1881/1881/1881
f 1883/1883/1883 1892/1892/1892 1891/1891/1891
f 1883/1883/1883 1891/1891/1891 1882/1882/1882
f 1884/1884/1884 1893/1893/1893 1892/1892/1892
f 1884/1884/1884 1892/1892/1892 1883/1883/1883
f 1886/1886/1886 1895/1895/1895 1894/1894/1894
f 1886/1886/1886 1894/1894/1894 1885/1885/1885
f 1887/1887/1887 1896/1896/1896 1895/1895/1895
f 1887/1887/1887 1895/1895/1895 1886/1886/1886
f 1888/1888/1888 1897/1897/1897 1896/1896/1896
f 1888/1888/1888 1896/1896/1896 1887/1887/1887
f 1889/1889/1889 1898/1898/1898 1897/1897/1897
f 1889/1889/1889 1897/1897/1897 1888/1888/1888
f 1890/1890/1890 1899/1899/1899 1907/1907/1907
f 1890/1890/1890 1907/1907/1907 1898/1898/1898
f 1891/1891/1891 1900/1900/1900 1899/1899/1899
f 1891/1891/1891 1899/1899/1899 1890/1890/1890
f 1892/1892/1892 1901/1901/1901 1900/1900/1900
f 1892/1892/1892 1900/1900/1900 1891/1891/1891
f 1893/1893/1893 1902/1902/1902 1901/1901/1901
f 1893/1893/1893 1901/1901/1901 1892/1892/1892
f 1895/1895/1895 1904/1904/1904 1903/1903/1903
f 1895/1895/1895 1903/1903/1903 1894/1894/1894
f 1896/1896/1896 1905/1905/1905 1904/1904/1904
f 1896/1896/1896 1904/1904/1904 1895/1895/1895
f 1897/1897/1897 1906/1906/1906 1905/1905/1905
f 1897/1897/1897 1905/1905/1905 1896/1896/1896
f 1898/1898/1898 1907/1907/1907 1906/1906/1906
f 1898/1898/1898 1906/1906/1906 1897/1897/1897
f 1899/1899/1899 1908/1908/1908 1916/1916/1916
f 1899/1899/1899 1916/1916/1916 1907/1907/1907
f 1900/1900/1900 1909/1909/1909 1908/1908/1908
f 1900/1900/1900 1908/1908/1908 1899/1899/1899
f 1901/1901/1901 1910/1910/1910 1909/1909/1909
f 1901/1901/1901 1909/1909/1909 1900/1900/1900
f 1902/1902/1902 1911/1911/1911 1910/1910/1910
f 1902/1902/1902 1910/1910/1910 1901/1901/1901
f 1904/1904/1904 1913/1913/1913 1912/1912/1912
f 1904/1904/1904 1912/1912/1912 1903/1903/1903
f 1905/1905/1905 1914/1914/1914 1913/1913/1913
f 1905/1905/1905 1913/1913/1913 1904/1904/1904
f 1906/1906/1906 1915/1915/1915 1914/1914/1914
f 1906/1906/1906 1914/1914/1914 1905/1905/1905
f 1907/1907/1907 1916/1916/1916 1915/1915/1915
f 1907/1907/1907 1915/1915/1915 1906/1906/1906
f 1908/1908/1908 1918/1918/1918 1934/1934/1934
f 1908/1908/1908 1934/1934/1934 1916/1916/1916
f 1909/1909/1909 1920/1920/1920 1918/1918/1918
f 1909/1909/1909 1918/1918/1918 1908/1908/1908
f 1910/1910/1910 1922/1922/1922 1920/1920/1920
f 1910/1910/1910 1920/1920/1920 1909/1909/1909
f 1911/1911/1911 1925/1925/1925 1922/1922/1922
f 1911/1911/1911 1922/1922/1922 1910/1910/1910
f 1913/1913/1913 1928/1928/1928 1926/1926/1926
f 1913/1913/1913 1926/1926/1926 1912/1912/1912
f 1914/1914/1914 1930/1930/1930 1928/1928/1928
f 1914/1914/1914 1928/1928/1928 1913/1913/1913
f 1915/1915/1915 1932/1932/1932 1930/1930/1930
f 1915/1915/1915 1930/1930/1930 1914/1914/1914
f 1916/1916/1916 1934/1934/1934 1932/1932/1932
f 1916/1916/1916 1932/1932/1932 1915/1915/1915
f 1917/1917/1917 1935/1935/1935 1943/1943/1943
f 1917/1917/1917 1943/1943/1943 1933/1933/1933
f 1919/1919/1919 1936/1936/1936 1935/1935/1935
f 1919/1919/1919 1935/1935/1935 1917/1917/1917
f 1921/1921/1921 1937/1937/1937 1936/1936/1936
f 1921/1921/1921 1936/1936/1936 1919/1919/1919
f 1923/1923/1923 1939/1939/1939 1937/1937/1937
f 1923/1923/1923 1937/1937/1937 1921/1921/1921
f 1927/1927/1927 1940/1940/1940 1938/1938/1938
f 1927/1927/1927 1938/1938/1938 1924/1924/1924
f 1929/1929/1929 1941/1941/1941 1940/1940/1940
f 1929/1929/1929 1940/1940/1940 1927/1927/1927
f 1931/1931/1931 1942/1942/1942 1941/1941/1941
f 1931/1931/1931 1941/1941/1941 1929/1929/1929
f 1933/1933/1933 1943/1943/1943 1942/1942/1942
f 1933/1933/1933 1942/1942/1942 1931/1931/1931
f 1935/1935/1935 1944/1944/1944 1952/1952/1952
f 1935/1935/1935 1952/1952/1952 1943/1943/1943
f 1936/1936/1936 1945/1945/1945 1944/1944/1944
f 1936/1936/1936 1944/1944/1944 1935/1935/1935
f 1937/1937/1937 1946/1946/1946 1945/1945/1945
f 1937/1937/1937 1945/1945/1945 1936/1936/1936
f 1939/1939/1939 1947/1947/1947 1946/1946/1946
f 1939/1939/1939 1946/1946/1946 1937/1937/1937
f 1940/1940/1940 1949/1949/1949 1948/1948/1948
f 1940/1940/1940 1948/1948/1948 1938/1938/1938
f 1941/1941/1941 1950/1950/1950 1949/1949/1949
f 1941/1941/1941 1949/1949/1949 1940/1940/1940
f 1942/1942/1942 1951/1951/1951 1950/1950/1950
f 1942/1942/1942 1950/1950/1950 1941/1941/1941
f 1943/1943/1943 1952/1952/1952 1951/1951/1951
f 1943/1943/1943 1951/1951/1951 1942/1942/1942
f 1952/1952/1952 1845/1845/1845 1842/1842/1842
f 1952/1952/1952 1842/1842/1842 1951/1951/1951
f 1947/1947/1947 1843/1843/1843 1841/1841/1841
f 1947/1947/1947 1841/1841/1841 1946/1946/1946
f 1951/1951/1951 1842/1842/1842 1840/1840/1840
f 1951/1951/1951 1840/1840/1840 1950/1950/1950
f 1946/1946/1946 1841/1841/1841 1839/1839/1839
f 1946/1946/1946 1839/1839/1839 1945/1945/1945
f 1949/1949/1949 1838/1838/1838 1844/1844/1844
f 1949/1949/1949 1844/1844/1844 1948/1948/1948
f 1950/1950/1950 1840/1840/1840 1838/1838/1838
f 1950/1950/1950 1838/1838/1838 1949/1949/1949
f 1944/1944/1944 1837/1837/1837 1845/1845/1845
f 1944/1944/1944 1845/1845/1845 1952/1952/1952
f 1945/1945/1945 1839/1839/1839 1837/1837/1837
f 1945/1945/1945 1837/1837/1837 1944/1944/1944
f 1522/1522/1522 1518/1518/1518 1513/1513/1513
f 1629/1629/1629 1634/1634/1634 1638/1638/1638
f 1736/1736/1736 1741/1741/1741 1745/1745/1745
f 1861/1861/1861 1857/1857/1857 1852/1852/1852
f 1509/1509/1509 1507/1507/1507 1522/1522/1522
f 1522/1522/1522 1520/1520/1520 1518/1518/1518
f 1518/1518/1518 1515/1515/1515 1513/1513/1513
f 1513/1513/1513 1511/1511/1511 1509/1509/1509
f 1509/1509/1509 1522/1522/1522 1513/1513/1513
f 1638/1638/1638 1623/1623/1623 1625/1625/1625
f 1625/1625/1625 1627/1627/1627 1629/1629/1629
f 1629/1629/1629 1631/1631/1631 1634/1634/1634
f 1634/1634/1634 1636/1636/1636 1638/1638/1638
f 1638/1638/1638 1625/1625/1625 1629/1629/1629
f 1745/1745/1745 1730/1730/1730 1732/1732/1732
f 1732/1732/1732 1734/1734/1734 1736/1736/1736
f 1736/1736/1736 1739/1739/1739 1741/1741/1741
f 1741/1741/1741 1743/1743/1743 1745/1745/1745
f 1745/1745/1745 1732/1732/1732 1736/1736/1736
f 1848/1848/1848 1846/1846/1846 1861/1861/1861
f 1861/1861/1861 1859/1859/1859 1857/1857/1857
f 1857/1857/1857 1855/1855/1855 1852/1852/1852
f 1852/1852/1852 1850/1850/1850 1848/1848/1848
f 1848/1848/1848 1861/1861/1861 1852/1852/1852
f 1953/1953/1953 1962/1962/1962 1969/1969/1969
f 1953/1953/1953 1969/1969/1969 1960/1960/1960
f 1954/1954/1954 1963/1963/1963 1962/1962/1962
f 1954/1954/1954 1962/1962/1962 1953/1953/1953
f 1955/1955/1955 1964/1964/1964 1963/1963/1963
f 1955/1955/1955 1963/1963/1963 1954/1954/1954
f 1956/1956/1956 1965/1965/1965 1964/1964/1964
f 1956/1956/1956 1964/1964/1964 1955/1955/1955
f 1957/1957/1957 1966/1966/1966 1965/1965/1965
f 1957/1957/1957 1965/1965/1965 1956/1956/1956
f 1958/1958/1958 1967/1967/1967 1966/1966/1966
f 1958/1958/1958 1966/1966/1966 1957/1957/1957
f 1959/1959/1959 1968/1968/1968 1967/1967/1967
f 1959/1959/1959 1967/1967/1967 1958/1958/1958
f 1961/1961/1961 1970/1970/1970 1968/1968/1968
f 1961/1961/1961 1968/1968/1968 1959/1959/1959
f 1962/1962/1962 1972/1972/1972 1987/1987/1987
f 1962/1962/1962 1987/1987/1987 1969/1969/1969
f 1963/1963/1963 1974/1974/1974 1972/1972/1972
f 1963/1963/1963 1972/1972/1972 1962/1962/1962
f 1964/1964/1964 1976/1976/1976 1974/1974/1974
f 1964/1964/1964 1974/1974/1974 1963/1963/1963
f 1965/1965/1965 1978/1978/1978 1976/1976/1976
f 1965/1965/1965 1976/1976/1976 1964/1964/1964
f 1966/1966/1966 1980/1980/1980 1978/1978/1978
f 1966/1966/1966 1978/1978/1978 1965/1965/1965
f 1967/1967/1967 1982/1982/1982 1980/1980/1980
f 1967/1967/1967 1980/1980/1980 1966/1966/1966
f 1968/1968/1968 1984/1984/1984 1982/1982/1982
f 1968/1968/1968 1982/1982/1982 1967/1967/1967
f 1970/1970/1970 1988/1988/1988 1984/1984/1984
f 1970/1970/1970 1984/1984/1984 1968/1968/1968
f 1971/1971/1971 1989/1989/1989 2004/2004/2004
f 1971/1971/1971 2004/2004/2004 1986/1986/1986
f 1973/1973/1973 1991/1991/1991 1989/1989/1989
f 1973/1973/1973 1989/1989/1989 1971/1971/1971
f 1975/1975/1975 1993/1993/1993 1991/1991/1991
f 1975/1975/1975 1991/1991/1991 1973/1973/1973
f 1977/1977/1977 1995/1995/1995 1993/1993/1993
f 1977/1977/1977 1993/1993/1993 1975/1975/1975
f 1979/1979/1979 1997/1997/1997 1995/1995/1995
f 1979/1979/1979 1995/1995/1995 1977/1977/1977
f 1981/1981/1981 1999/1999/1999 1997/1997/1997
f 1981/1981/1981 1997/1997/1997 1979/1979/1979
f 1983/1983/1983 2001/2001/2001 1999/1999/1999
f 1983/1983/1983 1999/1999/1999 1981/1981/1981
f 1985/1985/1985 2003/2003/2003 2001/2001/2001
f 1985/1985/1985 2001/2001/2001 1983/1983/1983
f 1990/1990/1990 2007/2007/2007 2014/2014/2014
f 1990/1990/1990 2014/2014/2014 2005/2005/2005
f 1992/1992/1992 2008/2008/2008 2007/2007/2007
f 1992/1992/1992 2007/2007/2007 1990/1990/1990
f 1994/1994/1994 2009/2009/2009 2008/2008/2008
f 1994/1994/1994 2008/2008/2008 1992/1992/1992
f 1996/1996/1996 2010/2010/2010 2009/2009/2009
f 1996/1996/1996 2009/2009/2009 1994/1994/1994
f 1998/1998/1998 2011/2011/2011 2010/2010/2010
f 1998/1998/1998 2010/2010/2010 1996/1996/1996
f 2000/2000/2000 2012/2012/2012 2011/2011/2011
f 2000/2000/2000 2011/2011/2011 1998/1998/1998
f 2002/2002/2002 2013/2013/2013 2012/2012/2012
f 2002/2002/2002 2012/2012/2012 2000/2000/2000
f 2006/2006/2006 2015/2015/2015 2013/2013/2013
f 2006/2006/2006 2013/2013/2013 2002/2002/2002
f 2007/2007/2007 2016/2016/2016 2023/2023/2023
f 2007/2007/2007 2023/2023/2023 2014/2014/2014
f 2008/2008/2008 2017/2017/2017 2016/2016/2016
f 2008/2008/2008 2016/2016/2016 2007/2007/2007
f 2009/2009/2009 2018/2018/2018 2017/2017/2017
f 2009/2009/2009 2017/2017/2017 2008/2008/2008
f 2010/2010/2010 2019/2019/2019 2018/2018/2018
f 2010/2010/2010 2018/2018/2018 2009/2009/2009
f 2011/2011/2011 2020/2020/2020 2019/2019/2019
f 2011/2011/2011 2019/2019/2019 2010/2010/2010
f 2012/2012/2012 2021/2021/2021 2020/2020/2020
f 2012/2012/2012 2020/2020/2020 2011/2011/2011
f 2013/2013/2013 2022/2022/2022 2021/2021/2021
f 2013/2013/2013 2021/2021/2021 2012/2012/2012
f 2015/2015/2015 2024/2024/2024 2022/2022/2022
f 2015/2015/2015 2022/2022/2022 2013/2013/2013
f 2016/2016/2016 2025/2025/2025 2032/2032/2032
f 2016/2016/2016 2032/2032/2032 2023/2023/2023
f 2017/2017/2017 2026/2026/2026 2025/2025/2025
f 2017/2017/2017 2025/2025/2025 2016/2016/2016
f 2018/2018/2018 2027/2027/2027 2026/2026/2026
f 2018/2018/2018 2026/2026/2026 2017/2017/2017
f 2019/2019/2019 2028/2028/2028 2027/2027/2027
f 2019/2019/2019 2027/2027/2027 2018/2018/2018
f 2020/2020/2020 2029/2029/2029 2028/2028/2028
f 2020/2020/2020 2028/2028/2028 2019/2019/2019
f 2021/2021/2021 2030/2030/2030 2029/2029/2029
f 2021/2021/2021 2029/2029/2029 2020/2020/2020
f 2022/2022/2022 2031/2031/2031 2030/2030/2030
f 2022/2022/2022 2030/2030/2030 2021/2021/2021
f 2024/2024/2024 2033/2033/2033 2031/2031/2031
f 2024/2024/2024 2031/2031/2031 2022/2022/2022
f 2025/2025/2025 2034/2034/2034 2041/2041/2041
f 2025/2025/2025 2041/2041/2041 2032/2032/2032
f 2026/2026/2026 2035/2035/2035 2034/2034/2034
f 2026/2026/2026 2034/2034/2034 2025/2025/2025
f 2027/2027/2027 2036/2036/2036 2035/2035/2035
f 2027/2027/2027 2035/2035/2035 2026/2026/2026
f 2028/2028/2028 2037/2037/2037 2036/2036/2036
f 2028/2028/2028 2036/2036/2036 2027/2027/2027
f 2029/2029/2029 2038/2038/2038 2037/2037/2037
f 2029/2029/2029 2037/2037/2037 2028/2028/2028
f 2030/2030/2030 2039/2039/2039 2038/2038/2038
f 2030/2030/2030 2038/2038/2038 2029/2029/2029
f 2031/2031/2031 2040/2040/2040 2039/2039/2039
f 2031/2031/2031 2039/2039/2039 2030/2030/2030
f 2033/2033/2033 2042/2042/2042 2040/2040/2040
f 2033/2033/2033 2040/2040/2040 2031/2031/2031
f 2034/2034/2034 2043/2043/2043 2050/2050/2050
f 2034/2034/2034 2050/2050/2050 2041/2041/2041
f 2035/2035/2035 2044/2044/2044 2043/2043/2043
f 2035/2035/2035 2043/2043/2043 2034/2034/2034
f 2036/2036/2036 2045/2045/2045 2044/2044/2044
f 2036/2036/2036 2044/2044/2044 2035/2035/2035
f 2037/2037/2037 2046/2046/2046 2045/2045/2045
f 2037/2037/2037 2045/2045/2045 2036/2036/2036
f 2038/2038/2038 2047/2047/2047 2046/2046/2046
f 2038/2038/2038 2046/2046/2046 2037/2037/2037
f 2039/2039/2039 2048/2048/2048 2047/2047/2047
f 2039/2039/2039 2047/2047/2047 2038/2038/2038
f 2040/2040/2040 2049/2049/2049 2048/2048/2048
f 2040/2040/2040 2048/2048/2048 2039/2039/2039
f 2042/2042/2042 2051/2051/2051 2049/2049/2049
f 2042/2042/2042 2049/2049/2049 2040/2040/2040
f 2043/2043/2043 2052/2052/2052 2059/2059/2059
f 2043/2043/2043 2059/2059/2059 2050/2050/2050
f 2044/2044/2044 2053/2053/2053 2052/2052/2052
f 2044/2044/2044 2052/2052/2052 2043/2043/2043
f 2045/2045/2045 2054/2054/2054 2053/2053/2053
f 2045/2045/2045 2053/2053/2053 2044/2044/2044
f 2046/2046/2046 2055/2055/2055 2054/2054/2054
f 2046/2046/2046 2054/2054/2054 2045/2045/2045
f 2047/2047/2047 2056/2056/2056 2055/2055/2055
f 2047/2047/2047 2055/2055/2055 2046/2046/2046
f 2048/2048/2048 2057/2057/2057 2056/2056/2056
f 2048/2048/2048 2056/2056/2056 2047/2047/2047
f 2049/2049/2049 2058/2058/2058 2057/2057/2057
f 2049/2049/2049 2057/2057/2057 2048/2048/2048
f 2051/2051/2051 2060/2060/2060 2058/2058/2058
f 2051/2051/2051 2058/2058/2058 2049/2049/2049
f 2052/2052/2052 2061/2061/2061 2068/2068/2068
f 2052/2052/2052 2068/2068/2068 2059/2059/2059
f 2053/2053/2053 2062/2062/2062 2061/2061/2061
f 2053/2053/2053 2061/2061/2061 2052/2052/2052
f 2054/2054/2054 2063/2063/2063 2062/2062/2062
f 2054/2054/2054 2062/2062/2062 2053/2053/2053
f 2055/2055/2055 2064/2064/2064 2063/2063/2063
f 2055/2055/2055 2063/2063/2063 2054/2054/2054
f 2056/2056/2056 2065/2065/2065 2064/2064/2064
f 2056/2056/2056 2064/2064/2064 2055/2055/2055
f 2057/2057/2057 2066/2066/2066 2065/2065/2065
f 2057/2057/2057 2065/2065/2065 2056/2056/2056
f 2058/2058/2058 2067/2067/2067 2066/2066/2066
f 2058/2058/2058 2066/2066/2066 2057/2057/2057
f 2060/2060/2060 2069/2069/2069 2067/2067/2067
f 2060/2060/2060 2067/2067/2067 2058/2058/2058
f 2061/2061/2061 2071/2071/2071 2086/2086/2086
f 2061/2061/2061 2086/2086/2086 2068/2068/2068
f 2062/2062/2062 2073/2073/2073 2071/2071/2071
f 2062/2062/2062 2071/2071/2071 2061/2061/2061
f 2063/2063/2063 2075/2075/2075 2073/2073/2073
f 2063/2063/2063 2073/2073/2073 2062/2062/2062
f 2064/2064/2064 2077/2077/2077 2075/2075/2075
f 2064/2064/2064 2075/2075/2075 2063/2063/2063
f 2065/2065/2065 2079/2079/2079 2077/2077/2077
f 2065/2065/2065 2077/2077/2077 2064/2064/2064
f 2066/2066/2066 2081/2081/2081 2079/2079/2079
f 2066/2066/2066 2079/2079/2079 2065/2065/2065
f 2067/2067/2067 2083/2083/2083 2081/2081/2081
f 2067/2067/2067 2081/2081/2081 2066/2066/2066
f 2069/2069/2069 2087/2087/2087 2083/2083/2083
f 2069/2069/2069 2083/2083/2083 2067/2067/2067
f 2070/2070/2070 2088/2088/2088 2095/2095/2095
f 2070/2070/2070 2095/2095/2095 2084/2084/2084
f 2072/2072/2072 2089/2089/2089 2088/2088/2088
f 2072/2072/2072 2088/2088/2088 2070/2070/2070
f 2074/2074/2074 2090/2090/2090 2089/2089/2089
f 2074/2074/2074 2089/2089/2089 2072/2072/2072
f 2076/2076/2076 2091/2091/2091 2090/2090/2090
f 2076/2076/2076 2090/2090/2090 2074/2074/2074
f 2078/2078/2078 2092/2092/2092 2091/2091/2091
f 2078/2078/2078 2091/2091/2091 2076/2076/2076
f 2080/2080/2080 2093/2093/2093 2092/2092/2092
f 2080/2080/2080 2092/2092/2092 2078/2078/2078
f 2082/2082/2082 2094/2094/2094 2093/2093/2093
f 2082/2082/2082 2093/2093/2093 2080/2080/2080
f 2085/2085/2085 2096/2096/2096 2094/2094/2094
f 2085/2085/2085 2094/2094/2094 2082/2082/2082
f 2088/2088/2088 2097/2097/2097 2104/2104/2104
f 2088/2088/2088 2104/2104/2104 2095/2095/2095
f 2089/2089/2089 2098/2098/2098 2097/2097/2097
f 2089/2089/2089 2097/2097/2097 2088/2088/2088
f 2090/2090/2090 2099/2099/2099 2098/2098/2098
f 2090/2090/2090 2098/2098/2098 2089/2089/2089
f 2091/2091/2091 2100/2100/2100 2099/2099/2099
f 2091/2091/2091 2099/2099/2099 2090/2090/2090
f 2092/2092/2092 2101/2101/2101 2100/2100/2100
f 2092/2092/2092 2100/2100/2100 2091/2091/2091
f 2093/2093/2093 2102/2102/2102 2101/2101/2101
f 2093/2093/2093 2101/2101/2101 2092/2092/2092
f 2094/2094/2094 2103/2103/2103 2102/2102/2102
f 2094/2094/2094 2102/2102/2102 2093/2093/2093
f 2096/2096/2096 2105/2105/2105 2103/2103/2103
f 2096/2096/2096 2103/2103/2103 2094/2094/2094
f 2097/2097/2097 2106/2106/2106 2113/2113/2113
f 2097/2097/2097 2113/2113/2113 2104/2104/2104
f 2098/2098/2098 2107/2107/2107 2106/2106/2106
f 2098/2098/2098 2106/2106/2106 2097/2097/2097
f 2099/2099/2099 2108/2108/2108 2107/2107/2107
f 2099/2099/2099 2107/2107/2107 2098/2098/2098
f 2100/2100/2100 2109/2109/2109 2108/2108/2108
f 2100/2100/2100 2108/2108/2108 2099/2099/2099
f 2101/2101/2101 2110/2110/2110 2109/2109/2109
f 2101/2101/2101 2109/2109/2109 2100/2100/2100
f 2102/2102/2102 2111/2111/2111 2110/2110/2110
f 2102/2102/2102 2110/2110/2110 2101/2101/2101
f 2103/2103/2103 2112/2112/2112 2111/2111/2111
f 2103/2103/2103 2111/2111/2111 2102/2102/2102
f 2105/2105/2105 2114/2114/2114 2112/2112/2112
f 2105/2105/2105 2112/2112/2112 2103/2103/2103
f 2106/2106/2106 2115/2115/2115 2122/2122/2122
f 2106/2106/2106 2122/2122/2122 2113/2113/2113
f 2107/2107/2107 2116/2116/2116 2115/2115/2115
f 2107/2107/2107 2115/2115/2115 2106/2106/2106
f 2108/2108/2108 2117/2117/2117 2116/2116/2116
f 2108/2108/2108 2116/2116/2116 2107/2107/2107
f 2109/2109/2109 2118/2118/2118 2117/2117/2117
f 2109/2109/2109 2117/2117/2117 2108/2108/2108
f 2110/2110/2110 2119/2119/2119 2118/2118/2118
f 2110/2110/2110 2118/2118/2118 2109/2109/2109
f 2111/2111/2111 2120/2120/2120 2119/2119/2119
f 2111/2111/2111 2119/2119/2119 2110/2110/2110
f 2112/2112/2112 2121/2121/2121 2120/2120/2120
f 2112/2112/2112 2120/2120/2120 2111/2111/2111
f 2114/2114/2114 2123/2123/2123 2121/2121/2121
f 2114/2114/2114 2121/2121/2121 2112/2112/2112
f 2115/2115/2115 2124/2124/2124 2131/2131/2131
f 2115/2115/2115 2131/2131/2131 2122/2122/2122
f 2116/2116/2116 2125/2125/2125 2124/2124/2124
f 2116/2116/2116 2124/2124/2124 2115/2115/2115
f 2117/2117/2117 2126/2126/2126 2125/2125/2125
f 2117/2117/2117 2125/2125/2125 2116/2116/2116
f 2118/2118/2118 2127/2127/2127 2126/2126/2126
f 2118/2118/2118 2126/2126/2126 2117/2117/2117
f 2119/2119/2119 2128/2128/2128 2127/2127/2127
f 2119/2119/2119 2127/2127/2127 2118/2118/2118
f 2120/2120/2120 2129/2129/2129 2128/2128/2128
f 2120/2120/2120 2128/2128/2128 2119/2119/2119
f 2121/2121/2121 2130/2130/2130 2129/2129/2129
f 2121/2121/2121 2129/2129/2129 2120/2120/2120
f 2123/2123/2123 2132/2132/2132 2130/2130/2130
f 2123/2123/2123 2130/2130/2130 2121/2121/2121
f 2124/2124/2124 2133/2133/2133 2140/2140/2140
f 2124/2124/2124 2140/2140/2140 2131/2131/2131
f 2125/2125/2125 2134/2134/2134 2133/2133/2133
f 2125/2125/2125 2133/2133/2133 2124/2124/2124
f 2126/2126/2126 2135/2135/2135 2134/2134/2134
f 2126/2126/2126 2134/2134/2134 2125/2125/2125
f 2127/2127/2127 2136/2136/2136 2135/2135/2135
f 2127/2127/2127 2135/2135/2135 2126/2126/2126
f 2128/2128/2128 2137/2137/2137 2136/2136/2136
f 2128/2128/2128 2136/2136/2136 2127/2127/2127
f 2129/2129/2129 2138/2138/2138 2137/2137/2137
f 2129/2129/2129 2137/2137/2137 2128/2128/2128
f 2130/2130/2130 2139/2139/2139 2138/2138/2138
f 2130/2130/2130 2138/2138/2138 2129/2129/2129
f 2132/2132/2132 2141/2141/2141 2139/2139/2139
f 2132/2132/2132 2139/2139/2139 2130/2130/2130
f 2133/2133/2133 2142/2142/2142 2149/2149/2149
f 2133/2133/2133 2149/2149/2149 2140/2140/2140
f 2134/2134/2134 2143/2143/2143 2142/2142/2142
f 2134/2134/2134 2142/2142/2142 2133/2133/2133
f 2135/2135/2135 2144/2144/2144 2143/2143/2143
f 2135/2135/2135 2143/2143/2143 2134/2134/2134
f 2136/2136/2136 2145/2145/2145 2144/2144/2144
f 2136/2136/2136 2144/2144/2144 2135/2135/2135
f 2137/2137/2137 2146/2146/2146 2145/2145/2145
f 2137/2137/2137 2145/2145/2145 2136/2136/2136
f 2138/2138/2138 2147/2147/2147 2146/2146/2146
f 2138/2138/2138 2146/2146/2146 2137/2137/2137
f 2139/2139/2139 2148/2148/2148 2147/2147/2147
f 2139/2139/2139 2147/2147/2147 2138/2138/2138
f 2141/2141/2141 2150/2150/2150 2148/2148/2148
f 2141/2141/2141 2148/2148/2148 2139/2139/2139
f 2142/2142/2142 2152/2152/2152 2167/2167/2167
f 2142/2142/2142 2167/2167/2167 2149/2149/2149
f 2143/2143/2143 2154/2154/2154 2152/2152/2152
f 2143/2143/2143 2152/2152/2152 2142/2142/2142
f 2144/2144/2144 2156/2156/2156 2154/2154/2154
f 2144/2144/2144 2154/2154/2154 2143/2143/2143
f 2145/2145/2145 2158/2158/2158 2156/2156/2156
f 2145/2145/2145 2156/2156/2156 2144/2144/2144
f 2146/2146/2146 2160/2160/2160 2158/2158/2158
f 2146/2146/2146 2158/2158/2158 2145/2145/2145
f 2147/2147/2147 2162/2162/2162 2160/2160/2160
f 2147/2147/2147 2160/2160/2160 2146/2146/2146
f 2148/2148/2148 2164/2164/2164 2162/2162/2162
f 2148/2148/2148 2162/2162/2162 2147/2147/2147
f 2150/2150/2150 2168/2168/2168 2164/2164/2164
f 2150/2150/2150 2164/2164/2164 2148/2148/2148
f 2151/2151/2151 2169/2169/2169 2184/2184/2184
f 2151/2151/2151 2184/2184/2184 2166/2166/2166
f 2153/2153/2153 2171/2171/2171 2169/2169/2169
f 2153/2153/2153 2169/2169/2169 2151/2151/2151
f 2155/2155/2155 2173/2173/2173 2171/2171/2171
f 2155/2155/2155 2171/2171/2171 2153/2153/2153
f 2157/2157/2157 2175/2175/2175 2173/2173/2173
f 2157/2157/2157 2173/2173/2173 2155/2155/2155
f 2159/2159/2159 2177/2177/2177 2175/2175/2175
f 2159/2159/2159 2175/2175/2175 2157/2157/2157
f 2161/2161/2161 2179/2179/2179 2177/2177/2177
f 2161/2161/2161 2177/2177/2177 2159/2159/2159
f 2163/2163/2163 2181/2181/2181 2179/2179/2179
f 2163/2163/2163 2179/2179/2179 2161/2161/2161
f 2165/2165/2165 2183/2183/2183 2181/2181/2181
f 2165/2165/2165 2181/2181/2181 2163/2163/2163
f 2170/2170/2170 2187/2187/2187 2195/2195/2195
f 2170/2170/2170 2195/2195/2195 2186/2186/2186
f 2172/2172/2172 2188/2188/2188 2187/2187/2187
f 2172/2172/2172 2187/2187/2187 2170/2170/2170
f 2174/2174/2174 2189/2189/2189 2188/2188/2188
f 2174/2174/2174 2188/2188/2188 2172/2172/2172
f 2176/2176/2176 2190/2190/2190 2189/2189/2189
f 2176/2176/2176 2189/2189/2189 2174/2174/2174
f 2178/2178/2178 2191/2191/2191 2190/2190/2190
f 2178/2178/2178 2190/2190/2190 2176/2176/2176
f 2180/2180/2180 2192/2192/2192 2191/2191/2191
f 2180/2180/2180 2191/2191/2191 2178/2178/2178
f 2182/2182/2182 2193/2193/2193 2192/2192/2192
f 2182/2182/2182 2192/2192/2192 2180/2180/2180
f 2185/2185/2185 2194/2194/2194 2193/2193/2193
f 2185/2185/2185 2193/2193/2193 2182/2182/2182
f 2187/2187/2187 2196/2196/2196 2204/2204/2204
f 2187/2187/2187 2204/2204/2204 2195/2195/2195
f 2188/2188/2188 2197/2197/2197 2196/2196/2196
f 2188/2188/2188 2196/2196/2196 2187/2187/2187
f 2189/2189/2189 2198/2198/2198 2197/2197/2197
f 2189/2189/2189 2197/2197/2197 2188/2188/2188
f 2190/2190/2190 2199/2199/2199 2198/2198/2198
f 2190/2190/2190 2198/2198/2198 2189/2189/2189
f 2191/2191/2191 2200/2200/2200 2199/2199/2199
f 2191/2191/2191 2199/2199/2199 2190/2190/2190
f 2192/2192/2192 2201/2201/2201 2200/2200/2200
f 2192/2192/2192 2200/2200/2200 2191/2191/2191
f 2193/2193/2193 2202/2202/2202 2201/2201/2201
f 2193/2193/2193 2201/2201/2201 2192/2192/2192
f 2194/2194/2194 2203/2203/2203 2202/2202/2202
f 2194/2194/2194 2202/2202/2202 2193/2193/2193
f 2196/2196/2196 2205/2205/2205 2213/2213/2213
f 2196/2196/2196 2213/2213/2213 2204/2204/2204
f 2197/2197/2197 2206/2206/2206 2205/2205/2205
f 2197/2197/2197 2205/2205/2205 2196/2196/2196
f 2198/2198/2198 2207/2207/2207 2206/2206/2206
f 2198/2198/2198 2206/2206/2206 2197/2197/2197
f 2199/2199/2199 2208/2208/2208 2207/2207/2207
f 2199/2199/2199 2207/2207/2207 2198/2198/2198
f 2200/2200/2200 2209/2209/2209 2208/2208/2208
f 2200/2200/2200 2208/2208/2208 2199/2199/2199
f 2201/2201/2201 2210/2210/2210 2209/2209/2209
f 2201/2201/2201 2209/2209/2209 2200/2200/2200
f 2202/2202/2202 2211/2211/2211 2210/2210/2210
f 2202/2202/2202 2210/2210/2210 2201/2201/2201
f 2203/2203/2203 2212/2212/2212 2211/2211/2211
f 2203/2203/2203 2211/2211/2211 2202/2202/2202
f 2205/2205/2205 2214/2214/2214 2222/2222/2222
f 2205/2205/2205 2222/2222/2222 2213/2213/2213
f 2206/2206/2206 2215/2215/2215 2214/2214/2214
f 2206/2206/2206 2214/2214/2214 2205/2205/2205
f 2207/2207/2207 2216/2216/2216 2215/2215/2215
f 2207/2207/2207 2215/2215/2215 2206/2206/2206
f 2208/2208/2208 2217/2217/2217 2216/2216/2216
f 2208/2208/2208 2216/2216/2216 2207/2207/2207
f 2209/2209/2209 2218/2218/2218 2217/2217/2217
f 2209/2209/2209 2217/2217/2217 2208/2208/2208
f 2210/2210/2210 2219/2219/2219 2218/2218/2218
f 2210/2210/2210 2218/2218/2218 2209/2209/2209
f 2211/2211/2211 2220/2220/2220 2219/2219/2219
f 2211/2211/2211 2219/2219/2219 2210/2210/2210
f 2212/2212/2212 2221/2221/2221 2220/2220/2220
f 2212/2212/2212 2220/2220/2220 2211/2211/2211
f 2214/2214/2214 2223/2223/2223 2231/2231/2231
f 2214/2214/2214 2231/2231/2231 2222/2222/2222
f 2215/2215/2215 2224/2224/2224 2223/2223/2223
f 2215/2215/2215 2223/2223/2223 2214/2214/2214
f 2216/2216/2216 2225/2225/2225 2224/2224/2224
f 2216/2216/2216 2224/2224/2224 2215/2215/2215
f 2217/2217/2217 2226/2226/2226 2225/2225/2225
f 2217/2217/2217 2225/2225/2225 2216/2216/2216
f 2218/2218/2218 2227/2227/2227 2226/2226/2226
f 2218/2218/2218 2226/2226/2226 2217/2217/2217
f 2219/2219/2219 2228/2228/2228 2227/2227/2227
f 2219/2219/2219 2227/2227/2227 2218/2218/2218
f 2220/2220/2220 2229/2229/2229 2228/2228/2228
f 2220/2220/2220 2228/2228/2228 2219/2219/2219
f 2221/2221/2221 2230/2230/2230 2229/2229/2229
f 2221/2221/2221 2229/2229/2229 2220/2220/2220
f 2223/2223/2223 2232/2232/2232 2240/2240/2240
f 2223/2223/2223 2240/2240/2240 2231/2231/2231
f 2224/2224/2224 2233/2233/2233 2232/2232/2232
f 2224/2224/2224 2232/2232/2232 2223/2223/2223
f 2225/2225/2225 2234/2234/2234 2233/2233/2233
f 2225/2225/2225 2233/2233/2233 2224/2224/2224
f 2226/2226/2226 2235/2235/2235 2234/2234/2234
f 2226/2226/2226 2234/2234/2234 2225/2225/2225
f 2227/2227/2227 2236/2236/2236 2235/2235/2235
f 2227/2227/2227 2235/2235/2235 2226/2226/2226
f 2228/2228/2228 2237/2237/2237 2236/2236/2236
f 2228/2228/2228 2236/2236/2236 2227/2227/2227
f 2229/2229/2229 2238/2238/2238 2237/2237/2237
f 2229/2229/2229 2237/2237/2237 2228/2228/2228
f 2230/2230/2230 2239/2239/2239 2238/2238/2238
f 2230/2230/2230 2238/2238/2238 2229/2229/2229
f 2232/2232/2232 2241/2241/2241 2249/2249/2249
f 2232/2232/2232 2249/2249/2249 2240/2240/2240
f 2233/2233/2233 2242/2242/2242 2241/2241/2241
f 2233/2233/2233 2241/2241/2241 2232/2232/2232
f 2234/2234/2234 2243/2243/2243 2242/2242/2242
f 2234/2234/2234 2242/2242/2242 2233/2233/2233
f 2235/2235/2235 2244/2244/2244 2243/2243/2243
f 2235/2235/2235 2243/2243/2243 2234/2234/2234
f 2236/2236/2236 2245/2245/2245 2244/2244/2244
f 2236/2236/2236 2244/2244/2244 2235/2235/2235
f 2237/2237/2237 2246/2246/2246 2245/2245/2245
f 2237/2237/2237 2245/2245/2245 2236/2236/2236
f 2238/2238/2238 2247/2247/2247 2246/2246/2246
f 2238/2238/2238 2246/2246/2246 2237/2237/2237
f 2239/2239/2239 2248/2248/2248 2247/2247/2247
f 2239/2239/2239 2247/2247/2247 2238/2238/2238
f 2241/2241/2241 2251/2251/2251 2267/2267/2267
f 2241/2241/2241 2267/2267/2267 2249/2249/2249
f 2242/2242/2242 2253/2253/2253 2251/2251/2251
f 2242/2242/2242 2251/2251/2251 2241/2241/2241
f 2243/2243/2243 2255/2255/2255 2253/2253/2253
f 2243/2243/2243 2253/2253/2253 2242/2242/2242
f 2244/2244/2244 2257/2257/2257 2255/2255/2255
f 2244/2244/2244 2255/2255/2255 2243/2243/2243
f 2245/2245/2245 2259/2259/2259 2257/2257/2257
f 2245/2245/2245 2257/2257/2257 2244/2244/2244
f 2246/2246/2246 2261/2261/2261 2259/2259/2259
f 2246/2246/2246 2259/2259/2259 2245/2245/2245
f 2247/2247/2247 2263/2263/2263 2261/2261/2261
f 2247/2247/2247 2261/2261/2261 2246/2246/2246
f 2248/2248/2248 2266/2266/2266 2263/2263/2263
f 2248/2248/2248 2263/2263/2263 2247/2247/2247
f 2250/2250/2250 2268/2268/2268 2275/2275/2275
f 2250/2250/2250 2275/2275/2275 2264/2264/2264
f 2252/2252/2252 2269/2269/2269 2268/2268/2268
f 2252/2252/2252 2268/2268/2268 2250/2250/2250
f 2254/2254/2254 2270/2270/2270 2269/2269/2269
f 2254/2254/2254 2269/2269/2269 2252/2252/2252
f 2256/2256/2256 2271/2271/2271 2270/2270/2270
f 2256/2256/2256 2270/2270/2270 2254/2254/2254
f 2258/2258/2258 2272/2272/2272 2271/2271/2271
f 2258/2258/2258 2271/2271/2271 2256/2256/2256
f 2260/2260/2260 2273/2273/2273 2272/2272/2272
f 2260/2260/2260 2272/2272/2272 2258/2258/2258
f 2262/2262/2262 2274/2274/2274 2273/2273/2273
f 2262/2262/2262 2273/2273/2273 2260/2260/2260
f 2265/2265/2265 2276/2276/2276 2274/2274/2274
f 2265/2265/2265 2274/2274/2274 2262/2262/2262
f 2268/2268/2268 2277/2277/2277 2284/2284/2284
f 2268/2268/2268 2284/2284/2284 2275/2275/2275
f 2269/2269/2269 2278/2278/2278 2277/2277/2277
f 2269/2269/2269 2277/2277/2277 2268/2268/2268
f 2270/2270/2270 2279/2279/2279 2278/2278/2278
f 2270/2270/2270 2278/2278/2278 2269/2269/2269
f 2271/2271/2271 2280/2280/2280 2279/2279/2279
f 2271/2271/2271 2279/2279/2279 2270/2270/2270
f 2272/2272/2272 2281/2281/2281 2280/2280/2280
f 2272/2272/2272 2280/2280/2280 2271/2271/2271
f 2273/2273/2273 2282/2282/2282 2281/2281/2281
f 2273/2273/2273 2281/2281/2281 2272/2272/2272
f 2274/2274/2274 2283/2283/2283 2282/2282/2282
f 2274/2274/2274 2282/2282/2282 2273/2273/2273
f 2276/2276/2276 2285/2285/2285 2283/2283/2283
f 2276/2276/2276 2283/2283/2283 2274/2274/2274
f 2277/2277/2277 2286/2286/2286 2293/2293/2293
f 2277/2277/2277 2293/2293/2293 2284/2284/2284
f 2278/2278/2278 2287/2287/2287 2286/2286/2286
f 2278/2278/2278 2286/2286/2286 2277/2277/2277
f 2279/2279/2279 2288/2288/2288 2287/2287/2287
f 2279/2279/2279 2287/2287/2287 2278/2278/2278
f 2280/2280/2280 2289/2289/2289 2288/2288/2288
f 2280/2280/2280 2288/2288/2288 2279/2279/2279
f 2281/2281/2281 2290/2290/2290 2289/2289/2289
f 2281/2281/2281 2289/2289/2289 2280/2280/2280
f 2282/2282/2282 2291/2291/2291 2290/2290/2290
f 2282/2282/2282 2290/2290/2290 2281/2281/2281
f 2283/2283/2283 2292/2292/2292 2291/2291/2291
f 2283/2283/2283 2291/2291/2291 2282/2282/2282
f 2285/2285/2285 2294/2294/2294 2292/2292/2292
f 2285/2285/2285 2292/2292/2292 2283/2283/2283
f 2286/2286/2286 2295/2295/2295 2302/2302/2302
f 2286/2286/2286 2302/2302/2302 2293/2293/2293
f 2287/2287/2287 2296/2296/2296 2295/2295/2295
f 2287/2287/2287 2295/2295/2295 2286/2286/2286
f 2288/2288/2288 2297/2297/2297 2296/2296/2296
f 2288/2288/2288 2296/2296/2296 2287/2287/2287
f 2289/2289/2289 2298/2298/2298 2297/2297/2297
f 2289/2289/2289 2297/2297/2297 2288/2288/2288
f 2290/2290/2290 2299/2299/2299 2298/2298/2298
f 2290/2290/2290 2298/2298/2298 2289/2289/2289
f 2291/2291/2291 2300/2300/2300 2299/2299/2299
f 2291/2291/2291 2299/2299/2299 2290/2290/2290
f 2292/2292/2292 2301/2301/2301 2300/2300/2300
f 2292/2292/2292 2300/2300/2300 2291/2291/2291
f 2294/2294/2294 2303/2303/2303 2301/2301/2301
f 2294/2294/2294 2301/2301/2301 2292/2292/2292
f 2295/2295/2295 2304/2304/2304 2311/2311/2311
f 2295/2295/2295 2311/2311/2311 2302/2302/2302
f 2296/2296/2296 2305/2305/2305 2304/2304/2304
f 2296/2296/2296 2304/2304/2304 2295/2295/2295
f 2297/2297/2297 2306/2306/2306 2305/2305/2305
f 2297/2297/2297 2305/2305/2305 2296/2296/2296
f 2298/2298/2298 2307/2307/2307 2306/2306/2306
f 2298/2298/2298 2306/2306/2306 2297/2297/2297
f 2299/2299/2299 2308/2308/2308 2307/2307/2307
f 2299/2299/2299 2307/2307/2307 2298/2298/2298
f 2300/2300/2300 2309/2309/2309 2308/2308/2308
f 2300/2300/2300 2308/2308/2308 2299/2299/2299
f 2301/2301/2301 2310/2310/2310 2309/2309/2309
f 2301/2301/2301 2309/2309/2309 2300/2300/2300
f 2303/2303/2303 2312/2312/2312 2310/2310/2310
f 2303/2303/2303 2310/2310/2310 2301/2301/2301
f 2304/2304/2304 1953/1953/1953 1960/1960/1960
f 2304/2304/2304 1960/1960/1960 2311/2311/2311
f 2305/2305/2305 1954/1954/1954 1953/1953/1953
f 2305/2305/2305 1953/1953/1953 2304/2304/2304
f 2306/2306/2306 1955/1955/1955 1954/1954/1954
f 2306/2306/2306 1954/1954/1954 2305/2305/2305
f 2307/2307/2307 1956/1956/1956 1955/1955/1955
f 2307/2307/2307 1955/1955/1955 2306/2306/2306
f 2308/2308/2308 1957/1957/1957 1956/1956/1956
f 2308/2308/2308 1956/1956/1956 2307/2307/2307
f 2309/2309/2309 1958/1958/1958 1957/1957/1957
f 2309/2309/2309 1957/1957/1957 2308/2308/2308
f 2310/2310/2310 1959/1959/1959 1958/1958/1958
f 2310/2310/2310 1958/1958/1958 2309/2309/2309
f 2312/2312/2312 1961/1961/1961 1959/1959/1959
f 2312/2312/2312 1959/1959/1959 2310/2310/2310
f 2315/2315/2315 2324/2324/2324 2341/2341/2341
f 2324/2324/2324 2331/2331/2331 2341/2341/2341
f 2326/2326/2326 2325/2325/2325 2316/2316/2316
f 2325/2325/2325 2329/2329/2329 2332/2332/2332
f 2322/2322/2322 2319/2319/2319 2314/2314/2314
f 2314/2314/2314 2319/2319/2319 2317/2317/2317
f 2327/2327/2327 2318/2318/2318 2421/2421/2421
f 2333/2333/2333 2339/2339/2339 2341/2341/2341
f 2332/2332/2332 2338/2338/2338 2336/2336/2336
f 2334/2334/2334 2342/2342/2342 2340/2340/2340
f 2340/2340/2340 2344/2344/2344 2348/2348/2348
f 2356/2356/2356 2362/2362/2362 2341/2341/2341
f 2349/2349/2349 2356/2356/2356 2341/2341/2341
f 2335/2335/2335 2337/2337/2337 2420/2420/2420
f 2411/2411/2411 2414/2414/2414 2352/2352/2352
f 2351/2351/2351 2357/2357/2357 2355/2355/2355
f 2385/2385/2385 2392/2392/2392 2341/2341/2341
f 2341/2341/2341 2400/2400/2400 2313/2313/2313
f 2365/2365/2365 2372/2372/2372 2371/2371/2371
f 2375/2375/2375 2384/2384/2384 2377/2377/2377
f 2363/2363/2363 2368/2368/2368 2366/2366/2366
f 2377/2377/2377 2384/2384/2384 2382/2382/2382
f 2341/2341/2341 2370/2370/2370 2378/2378/2378
f 2367/2367/2367 2369/2369/2369 2415/2415/2415
f 2380/2380/2380 2387/2387/2387 2386/2386/2386
f 2386/2386/2386 2390/2390/2390 2393/2393/2393
f 2355/2355/2355 2360/2360/2360 2363/2363/2363
f 2399/2399/2399 2391/2391/2391 2418/2418/2418
f 2388/2388/2388 2381/2381/2381 2417/2417/2417
f 2393/2393/2393 2398/2398/2398 2395/2395/2395
f 2394/2394/2394 2400/2400/2400 2341/2341/2341
f 2396/2396/2396 2402/2402/2402 2401/2401/2401
f 2348/2348/2348 2353/2353/2353 2350/2350/2350
f 2347/2347/2347 2341/2341/2341 2339/2339/2339
f 2326/2326/2326 2329/2329/2329 2325/2325/2325
f 2329/2329/2329 2338/2338/2338 2332/2332/2332
f 2314/2314/2314 2401/2401/2401 2322/2322/2322
f 2401/2401/2401 2402/2402/2402 2322/2322/2322
f 2342/2342/2342 2344/2344/2344 2340/2340/2340
f 2344/2344/2344 2353/2353/2353 2348/2348/2348
f 2387/2387/2387 2390/2390/2390 2386/2386/2386
f 2390/2390/2390 2398/2398/2398 2393/2393/2393
f 2357/2357/2357 2360/2360/2360 2355/2355/2355
f 2360/2360/2360 2368/2368/2368 2363/2363/2363
f 2372/2372/2372 2375/2375/2375 2371/2371/2371
f 2371/2371/2371 2375/2375/2375 2377/2377/2377
f 2413/2413/2413 2410/2410/2410 2407/2407/2407
f 2341/2341/2341 2313/2313/2313 2315/2315/2315
f 2323/2323/2323 2409/2409/2409 2320/2320/2320
f 2409/2409/2409 2421/2421/2421 2318/2318/2318
f 2320/2320/2320 2409/2409/2409 2318/2318/2318
f 2421/2421/2421 2330/2330/2330 2327/2327/2327
f 2341/2341/2341 2331/2331/2331 2333/2333/2333
f 2341/2341/2341 2347/2347/2347 2349/2349/2349
f 2337/2337/2337 2328/2328/2328 2420/2420/2420
f 2420/2420/2420 2412/2412/2412 2335/2335/2335
f 2412/2412/2412 2346/2346/2346 2343/2343/2343
f 2335/2335/2335 2412/2412/2412 2343/2343/2343
f 2414/2414/2414 2359/2359/2359 2358/2358/2358
f 2358/2358/2358 2352/2352/2352 2414/2414/2414
f 2352/2352/2352 2354/2354/2354 2411/2411/2411
f 2354/2354/2354 2345/2345/2345 2411/2411/2411
f 2362/2362/2362 2364/2364/2364 2341/2341/2341
f 2364/2364/2364 2370/2370/2370 2341/2341/2341
f 2378/2378/2378 2379/2379/2379 2341/2341/2341
f 2379/2379/2379 2385/2385/2385 2341/2341/2341
f 2369/2369/2369 2361/2361/2361 2415/2415/2415
f 2415/2415/2415 2406/2406/2406 2367/2367/2367
f 2406/2406/2406 2376/2376/2376 2373/2373/2373
f 2367/2367/2367 2406/2406/2406 2373/2373/2373
f 2418/2418/2418 2408/2408/2408 2397/2397/2397
f 2408/2408/2408 2321/2321/2321 2403/2403/2403
f 2397/2397/2397 2408/2408/2408 2403/2403/2403
f 2397/2397/2397 2399/2399/2399 2418/2418/2418
f 2374/2374/2374 2405/2405/2405 2383/2383/2383
f 2405/2405/2405 2417/2417/2417 2381/2381/2381
f 2383/2383/2383 2405/2405/2405 2381/2381/2381
f 2417/2417/2417 2389/2389/2389 2388/2388/2388
f 2341/2341/2341 2392/2392/2392 2394/2394/2394
f 2410/2410/2410 2419/2419/2419 2407/2407/2407
f 2407/2407/2407 2416/2416/2416 2404/2404/2404
f 2404/2404/2404 2413/2413/2413 2407/2407/2407
f 2504/2504/2504 2424/2424/2424 2422/2422/2422
f 2423/2423/2423 2425/2425/2425 2454/2454/2454
f 2529/2529/2529 2426/2426/2426 2428/2428/2428
f 2424/2424/2424 2504/2504/2504 2429/2429/2429
f 2504/2504/2504 2422/2422/2422 2431/2431/2431
f 2435/2435/2435 2504/2504/2504 2431/2431/2431
f 2504/2504/2504 2435/2435/2435 2432/2432/2432
f 2433/2433/2433 2437/2437/2437 2439/2439/2439
f 2434/2434/2434 2430/2430/2430 2440/2440/2440
f 2436/2436/2436 2443/2443/2443 2438/2438/2438
f 2436/2436/2436 2441/2441/2441 2447/2447/2447
f 2443/2443/2443 2436/2436/2436 2447/2447/2447
f 2447/2447/2447 2441/2441/2441 2450/2450/2450
f 2449/2449/2449 2455/2455/2455 2446/2446/2446
f 2445/2445/2445 2459/2459/2459 2442/2442/2442
f 2456/2456/2456 2445/2445/2445 2451/2451/2451
f 2446/2446/2446 2427/2427/2427 2452/2452/2452
f 2455/2455/2455 2427/2427/2427 2446/2446/2446
f 2462/2462/2462 2445/2445/2445 2456/2456/2456
f 2459/2459/2459 2445/2445/2445 2462/2462/2462
f 2475/2475/2475 2464/2464/2464 2467/2467/2467
f 2463/2463/2463 2468/2468/2468 2465/2465/2465
f 2457/2457/2457 2471/2471/2471 2463/2463/2463
f 2464/2464/2464 2479/2479/2479 2460/2460/2460
f 2468/2468/2468 2463/2463/2463 2471/2471/2471
f 2479/2479/2479 2464/2464/2464 2475/2475/2475
f 2483/2483/2483 2477/2477/2477 2474/2474/2474
f 2479/2479/2479 2481/2481/2481 2460/2460/2460
f 2478/2478/2478 2485/2485/2485 2480/2480/2480
f 2482/2482/2482 2504/2504/2504 2476/2476/2476
f 2476/2476/2476 2504/2504/2504 2484/2484/2484
f 2504/2504/2504 2486/2486/2486 2484/2484/2484
f 2486/2486/2486 2504/2504/2504 2488/2488/2488
f 2489/2489/2489 2493/2493/2493 2494/2494/2494
f 2487/2487/2487 2490/2490/2490 2499/2499/2499
f 2488/2488/2488 2504/2504/2504 2492/2492/2492
f 2492/2492/2492 2504/2504/2504 2432/2432/2432
f 2494/2494/2494 2493/2493/2493 2497/2497/2497
f 2493/2493/2493 2433/2433/2433 2497/2497/2497
f 2444/2444/2444 2495/2495/2495 2498/2498/2498
f 2438/2438/2438 2443/2443/2443 2496/2496/2496
f 2497/2497/2497 2433/2433/2433 2439/2439/2439
f 2495/2495/2495 2444/2444/2444 2491/2491/2491
f 2500/2500/2500 2491/2491/2491 2461/2461/2461
f 2461/2461/2461 2491/2491/2491 2444/2444/2444
f 2501/2501/2501 2487/2487/2487 2499/2499/2499
f 2503/2503/2503 2500/2500/2500 2461/2461/2461
f 2460/2460/2460 2481/2481/2481 2502/2502/2502
f 2480/2480/2480 2485/2485/2485 2501/2501/2501
f 2485/2485/2485 2487/2487/2487 2501/2501/2501
f 2505/2505/2505 2504/2504/2504 2482/2482/2482
f 2470/2470/2470 2504/2504/2504 2505/2505/2505
f 2504/2504/2504 2470/2470/2470 2508/2508/2508
f 2507/2507/2507 2472/2472/2472 2510/2510/2510
f 2473/2473/2473 2506/2506/2506 2469/2469/2469
f 2508/2508/2508 2511/2511/2511 2504/2504/2504
f 2514/2514/2514 2507/2507/2507 2510/2510/2510
f 2512/2512/2512 2507/2507/2507 2514/2514/2514
f 2458/2458/2458 2517/2517/2517 2515/2515/2515
f 2516/2516/2516 2512/2512/2512 2514/2514/2514
f 2509/2509/2509 2457/2457/2457 2513/2513/2513
f 2521/2521/2521 2517/2517/2517 2458/2458/2458
f 2519/2519/2519 2512/2512/2512 2516/2516/2516
f 2521/2521/2521 2453/2453/2453 2523/2523/2523
f 2524/2524/2524 2520/2520/2520 2522/2522/2522
f 2453/2453/2453 2521/2521/2521 2458/2458/2458
f 2504/2504/2504 2518/2518/2518 2525/2525/2525
f 2518/2518/2518 2504/2504/2504 2511/2511/2511
f 2526/2526/2526 2524/2524/2524 2522/2522/2522
f 2428/2428/2428 2524/2524/2524 2526/2526/2526
f 2429/2429/2429 2504/2504/2504 2525/2525/2525
f 2452/2452/2452 2530/2530/2530 2527/2527/2527
f 2529/2529/2529 2428/2428/2428 2526/2526/2526
f 2523/2523/2523 2453/2453/2453 2528/2528/2528
f 2530/2530/2530 2452/2452/2452 2427/2427/2427
f 2471/2471/2471 2457/2457/2457 2509/2509/2509
f 2469/2469/2469 2506/2506/2506 2466/2466/2466
f 2506/2506/2506 2483/2483/2483 2466/2466/2466
f 2466/2466/2466 2483/2483/2483 2474/2474/2474
f 2448/2448/2448 2423/2423/2423 2454/2454/2454
f 2430/2430/2430 2448/2448/2448 2440/2440/2440
f 2423/2423/2423 2448/2448/2448 2430/2430/2430
f 2537/2537/2537 2633/2633/2633 2542/2542/2542
f 2537/2537/2537 2542/2542/2542 2543/2543/2543
f 2535/2535/2535 2533/2533/2533 2540/2540/2540
f 2535/2535/2535 2540/2540/2540 2541/2541/2541
f 2544/2544/2544 2695/2695/2695 2698/2698/2698
f 2544/2544/2544 2698/2698/2698 2549/2549/2549
f 2589/2589/2589 2537/2537/2537 2543/2543/2543
f 2633/2633/2633 2535/2535/2535 2541/2541/2541
f 2633/2633/2633 2541/2541/2541 2542/2542/2542
f 2533/2533/2533 2531/2531/2531 2539/2539/2539
f 2533/2533/2533 2539/2539/2539 2540/2540/2540
f 2541/2541/2541 2540/2540/2540 2545/2545/2545
f 2541/2541/2541 2545/2545/2545 2546/2546/2546
f 2692/2692/2692 2745/2745/2745 2689/2689/2689
f 2692/2692/2692 2689/2689/2689 2637/2637/2637
f 2589/2589/2589 2543/2543/2543 2548/2548/2548
f 2542/2542/2542 2541/2541/2541 2546/2546/2546
f 2542/2542/2542 2546/2546/2546 2547/2547/2547
f 2540/2540/2540 2539/2539/2539 2544/2544/2544
f 2540/2540/2540 2544/2544/2544 2545/2545/2545
f 2543/2543/2543 2542/2542/2542 2547/2547/2547
f 2543/2543/2543 2547/2547/2547 2548/2548/2548
f 2589/2589/2589 2548/2548/2548 2553/2553/2553
f 2547/2547/2547 2546/2546/2546 2551/2551/2551
f 2547/2547/2547 2551/2551/2551 2552/2552/2552
f 2545/2545/2545 2544/2544/2544 2549/2549/2549
f 2545/2545/2545 2549/2549/2549 2550/2550/2550
f 2548/2548/2548 2547/2547/2547 2552/2552/2552
f 2548/2548/2548 2552/2552/2552 2553/2553/2553
f 2546/2546/2546 2545/2545/2545 2550/2550/2550
f 2546/2546/2546 2550/2550/2550 2551/2551/2551
f 2697/2697/2697 2694/2694/2694 2640/2640/2640
f 2697/2697/2697 2640/2640/2640 2643/2643/2643
f 2550/2550/2550 2549/2549/2549 2554/2554/2554
f 2550/2550/2550 2554/2554/2554 2556/2556/2556
f 2553/2553/2553 2552/2552/2552 2560/2560/2560
f 2553/2553/2553 2560/2560/2560 2562/2562/2562
f 2551/2551/2551 2550/2550/2550 2556/2556/2556
f 2551/2551/2551 2556/2556/2556 2558/2558/2558
f 2700/2700/2700 2697/2697/2697 2643/2643/2643
f 2700/2700/2700 2643/2643/2643 2647/2647/2647
f 2589/2589/2589 2553/2553/2553 2562/2562/2562
f 2552/2552/2552 2551/2551/2551 2558/2558/2558
f 2552/2552/2552 2558/2558/2558 2560/2560/2560
f 2563/2563/2563 2561/2561/2561 2567/2567/2567
f 2563/2563/2563 2567/2567/2567 2568/2568/2568
f 2559/2559/2559 2557/2557/2557 2565/2565/2565
f 2559/2559/2559 2565/2565/2565 2566/2566/2566
f 2706/2706/2706 2701/2701/2701 2648/2648/2648
f 2706/2706/2706 2648/2648/2648 2651/2651/2651
f 2590/2590/2590 2563/2563/2563 2568/2568/2568
f 2561/2561/2561 2559/2559/2559 2566/2566/2566
f 2561/2561/2561 2566/2566/2566 2567/2567/2567
f 2557/2557/2557 2555/2555/2555 2564/2564/2564
f 2557/2557/2557 2564/2564/2564 2565/2565/2565
f 2709/2709/2709 2706/2706/2706 2651/2651/2651
f 2709/2709/2709 2651/2651/2651 2654/2654/2654
f 2590/2590/2590 2568/2568/2568 2573/2573/2573
f 2567/2567/2567 2566/2566/2566 2571/2571/2571
f 2567/2567/2567 2571/2571/2571 2572/2572/2572
f 2565/2565/2565 2564/2564/2564 2569/2569/2569
f 2565/2565/2565 2569/2569/2569 2570/2570/2570
f 2568/2568/2568 2567/2567/2567 2572/2572/2572
f 2568/2568/2568 2572/2572/2572 2573/2573/2573
f 2566/2566/2566 2565/2565/2565 2570/2570/2570
f 2566/2566/2566 2570/2570/2570 2571/2571/2571
f 2590/2590/2590 2573/2573/2573 2578/2578/2578
f 2572/2572/2572 2571/2571/2571 2576/2576/2576
f 2572/2572/2572 2576/2576/2576 2577/2577/2577
f 2570/2570/2570 2569/2569/2569 2574/2574/2574
f 2570/2570/2570 2574/2574/2574 2575/2575/2575
f 2573/2573/2573 2572/2572/2572 2577/2577/2577
f 2573/2573/2573 2577/2577/2577 2578/2578/2578
f 2571/2571/2571 2570/2570/2570 2575/2575/2575
f 2571/2571/2571 2575/2575/2575 2576/2576/2576
f 2712/2712/2712 2709/2709/2709 2654/2654/2654
f 2712/2712/2712 2654/2654/2654 2657/2657/2657
f 2578/2578/2578 2577/2577/2577 2586/2586/2586
f 2578/2578/2578 2586/2586/2586 2587/2587/2587
f 2576/2576/2576 2575/2575/2575 2582/2582/2582
f 2576/2576/2576 2582/2582/2582 2584/2584/2584
f 2716/2716/2716 2712/2712/2712 2657/2657/2657
f 2716/2716/2716 2657/2657/2657 2662/2662/2662
f 2590/2590/2590 2578/2578/2578 2587/2587/2587
f 2577/2577/2577 2576/2576/2576 2584/2584/2584
f 2577/2577/2577 2584/2584/2584 2586/2586/2586
f 2575/2575/2575 2574/2574/2574 2580/2580/2580
f 2575/2575/2575 2580/2580/2580 2582/2582/2582
f 2588/2588/2588 2585/2585/2585 2596/2596/2596
f 2588/2588/2588 2596/2596/2596 2597/2597/2597
f 2583/2583/2583 2581/2581/2581 2594/2594/2594
f 2583/2583/2583 2594/2594/2594 2595/2595/2595
f 2721/2721/2721 2715/2715/2715 2661/2661/2661
f 2721/2721/2721 2661/2661/2661 2665/2665/2665
f 2555/2555/2555 2703/2703/2703 2707/2707/2707
f 2555/2555/2555 2707/2707/2707 2564/2564/2564
f 2592/2592/2592 2588/2588/2588 2597/2597/2597
f 2585/2585/2585 2583/2583/2583 2595/2595/2595
f 2585/2585/2585 2595/2595/2595 2596/2596/2596
f 2581/2581/2581 2579/2579/2579 2593/2593/2593
f 2581/2581/2581 2593/2593/2593 2594/2594/2594
f 2579/2579/2579 2717/2717/2717 2722/2722/2722
f 2579/2579/2579 2722/2722/2722 2593/2593/2593
f 2603/2603/2603 2728/2728/2728 2732/2732/2732
f 2603/2603/2603 2732/2732/2732 2608/2608/2608
f 2592/2592/2592 2597/2597/2597 2602/2602/2602
f 2596/2596/2596 2595/2595/2595 2600/2600/2600
f 2596/2596/2596 2600/2600/2600 2601/2601/2601
f 2594/2594/2594 2593/2593/2593 2598/2598/2598
f 2594/2594/2594 2598/2598/2598 2599/2599/2599
f 2694/2694/2694 2692/2692/2692 2637/2637/2637
f 2694/2694/2694 2637/2637/2637 2640/2640/2640
f 2597/2597/2597 2596/2596/2596 2601/2601/2601
f 2597/2597/2597 2601/2601/2601 2602/2602/2602
f 2595/2595/2595 2594/2594/2594 2599/2599/2599
f 2595/2595/2595 2599/2599/2599 2600/2600/2600
f 2724/2724/2724 2721/2721/2721 2665/2665/2665
f 2724/2724/2724 2665/2665/2665 2668/2668/2668
f 2601/2601/2601 2600/2600/2600 2605/2605/2605
f 2601/2601/2601 2605/2605/2605 2606/2606/2606
f 2599/2599/2599 2598/2598/2598 2603/2603/2603
f 2599/2599/2599 2603/2603/2603 2604/2604/2604
f 2609/2609/2609 2733/2733/2733 2737/2737/2737
f 2609/2609/2609 2737/2737/2737 2618/2618/2618
f 2602/2602/2602 2601/2601/2601 2606/2606/2606
f 2602/2602/2602 2606/2606/2606 2607/2607/2607
f 2600/2600/2600 2599/2599/2599 2604/2604/2604
f 2600/2600/2600 2604/2604/2604 2605/2605/2605
f 2727/2727/2727 2724/2724/2724 2668/2668/2668
f 2727/2727/2727 2668/2668/2668 2671/2671/2671
f 2574/2574/2574 2713/2713/2713 2718/2718/2718
f 2574/2574/2574 2718/2718/2718 2580/2580/2580
f 2592/2592/2592 2602/2602/2602 2607/2607/2607
f 2607/2607/2607 2606/2606/2606 2614/2614/2614
f 2607/2607/2607 2614/2614/2614 2616/2616/2616
f 2605/2605/2605 2604/2604/2604 2610/2610/2610
f 2605/2605/2605 2610/2610/2610 2612/2612/2612
f 2730/2730/2730 2727/2727/2727 2671/2671/2671
f 2730/2730/2730 2671/2671/2671 2675/2675/2675
f 2549/2549/2549 2698/2698/2698 2702/2702/2702
f 2549/2549/2549 2702/2702/2702 2554/2554/2554
f 2592/2592/2592 2607/2607/2607 2616/2616/2616
f 2606/2606/2606 2605/2605/2605 2612/2612/2612
f 2606/2606/2606 2612/2612/2612 2614/2614/2614
f 2604/2604/2604 2603/2603/2603 2608/2608/2608
f 2604/2604/2604 2608/2608/2608 2610/2610/2610
f 2531/2531/2531 2747/2747/2747 2691/2691/2691
f 2531/2531/2531 2691/2691/2691 2539/2539/2539
f 2613/2613/2613 2611/2611/2611 2619/2619/2619
f 2613/2613/2613 2619/2619/2619 2620/2620/2620
f 2736/2736/2736 2731/2731/2731 2676/2676/2676
f 2736/2736/2736 2676/2676/2676 2679/2679/2679
f 2628/2628/2628 2743/2743/2743 2748/2748/2748
f 2628/2628/2628 2748/2748/2748 2532/2532/2532
f 2591/2591/2591 2617/2617/2617 2622/2622/2622
f 2615/2615/2615 2613/2613/2613 2620/2620/2620
f 2615/2615/2615 2620/2620/2620 2621/2621/2621
f 2611/2611/2611 2609/2609/2609 2618/2618/2618
f 2611/2611/2611 2618/2618/2618 2619/2619/2619
f 2617/2617/2617 2615/2615/2615 2621/2621/2621
f 2617/2617/2617 2621/2621/2621 2622/2622/2622
f 2591/2591/2591 2622/2622/2622 2627/2627/2627
f 2621/2621/2621 2620/2620/2620 2625/2625/2625
f 2621/2621/2621 2625/2625/2625 2626/2626/2626
f 2619/2619/2619 2618/2618/2618 2623/2623/2623
f 2619/2619/2619 2623/2623/2623 2624/2624/2624
f 2593/2593/2593 2722/2722/2722 2725/2725/2725
f 2593/2593/2593 2725/2725/2725 2598/2598/2598
f 2622/2622/2622 2621/2621/2621 2626/2626/2626
f 2622/2622/2622 2626/2626/2626 2627/2627/2627
f 2620/2620/2620 2619/2619/2619 2624/2624/2624
f 2620/2620/2620 2624/2624/2624 2625/2625/2625
f 2739/2739/2739 2736/2736/2736 2679/2679/2679
f 2739/2739/2739 2679/2679/2679 2682/2682/2682
f 2569/2569/2569 2710/2710/2710 2713/2713/2713
f 2569/2569/2569 2713/2713/2713 2574/2574/2574
f 2624/2624/2624 2623/2623/2623 2628/2628/2628
f 2624/2624/2624 2628/2628/2628 2629/2629/2629
f 2598/2598/2598 2725/2725/2725 2728/2728/2728
f 2598/2598/2598 2728/2728/2728 2603/2603/2603
f 2627/2627/2627 2626/2626/2626 2631/2631/2631
f 2627/2627/2627 2631/2631/2631 2632/2632/2632
f 2625/2625/2625 2624/2624/2624 2629/2629/2629
f 2625/2625/2625 2629/2629/2629 2630/2630/2630
f 2742/2742/2742 2739/2739/2739 2682/2682/2682
f 2742/2742/2742 2682/2682/2682 2685/2685/2685
f 2623/2623/2623 2740/2740/2740 2743/2743/2743
f 2623/2623/2623 2743/2743/2743 2628/2628/2628
f 2591/2591/2591 2627/2627/2627 2632/2632/2632
f 2626/2626/2626 2625/2625/2625 2630/2630/2630
f 2626/2626/2626 2630/2630/2630 2631/2631/2631
f 2632/2632/2632 2631/2631/2631 2634/2634/2634
f 2632/2632/2632 2634/2634/2634 2538/2538/2538
f 2630/2630/2630 2629/2629/2629 2534/2534/2534
f 2630/2630/2630 2534/2534/2534 2536/2536/2536
f 2746/2746/2746 2742/2742/2742 2685/2685/2685
f 2746/2746/2746 2685/2685/2685 2690/2690/2690
f 2618/2618/2618 2737/2737/2737 2740/2740/2740
f 2618/2618/2618 2740/2740/2740 2623/2623/2623
f 2591/2591/2591 2632/2632/2632 2538/2538/2538
f 2631/2631/2631 2630/2630/2630 2536/2536/2536
f 2631/2631/2631 2536/2536/2536 2634/2634/2634
f 2629/2629/2629 2628/2628/2628 2532/2532/2532
f 2629/2629/2629 2532/2532/2532 2534/2534/2534
f 2564/2564/2564 2707/2707/2707 2710/2710/2710
f 2564/2564/2564 2710/2710/2710 2569/2569/2569
f 2689/2689/2689 2686/2686/2686 2635/2635/2635
f 2689/2689/2689 2635/2635/2635 2637/2637/2637
f 2637/2637/2637 2635/2635/2635 2638/2638/2638
f 2637/2637/2637 2638/2638/2638 2640/2640/2640
f 2640/2640/2640 2638/2638/2638 2641/2641/2641
f 2640/2640/2640 2641/2641/2641 2643/2643/2643
f 2643/2643/2643 2641/2641/2641 2644/2644/2644
f 2643/2643/2643 2644/2644/2644 2647/2647/2647
f 2648/2648/2648 2645/2645/2645 2650/2650/2650
f 2648/2648/2648 2650/2650/2650 2651/2651/2651
f 2651/2651/2651 2650/2650/2650 2653/2653/2653
f 2651/2651/2651 2653/2653/2653 2654/2654/2654
f 2654/2654/2654 2653/2653/2653 2656/2656/2656
f 2654/2654/2654 2656/2656/2656 2657/2657/2657
f 2657/2657/2657 2656/2656/2656 2660/2660/2660
f 2657/2657/2657 2660/2660/2660 2662/2662/2662
f 2661/2661/2661 2658/2658/2658 2663/2663/2663
f 2661/2661/2661 2663/2663/2663 2665/2665/2665
f 2665/2665/2665 2663/2663/2663 2666/2666/2666
f 2665/2665/2665 2666/2666/2666 2668/2668/2668
f 2668/2668/2668 2666/2666/2666 2669/2669/2669
f 2668/2668/2668 2669/2669/2669 2671/2671/2671
f 2671/2671/2671 2669/2669/2669 2672/2672/2672
f 2671/2671/2671 2672/2672/2672 2675/2675/2675
f 2676/2676/2676 2674/2674/2674 2678/2678/2678
f 2676/2676/2676 2678/2678/2678 2679/2679/2679
f 2679/2679/2679 2678/2678/2678 2681/2681/2681
f 2679/2679/2679 2681/2681/2681 2682/2682/2682
f 2682/2682/2682 2681/2681/2681 2684/2684/2684
f 2682/2682/2682 2684/2684/2684 2685/2685/2685
f 2685/2685/2685 2684/2684/2684 2688/2688/2688
f 2685/2685/2685 2688/2688/2688 2690/2690/2690
f 2692/2692/2692 2694/2694/2694 2696/2696/2696
f 2692/2692/2692 2696/2696/2696 2693/2693/2693
f 2693/2693/2693 2696/2696/2696 2695/2695/2695
f 2693/2693/2693 2695/2695/2695 2691/2691/2691
f 2698/2698/2698 2695/2695/2695 2696/2696/2696
f 2698/2698/2698 2696/2696/2696 2699/2699/2699
f 2699/2699/2699 2696/2696/2696 2694/2694/2694
f 2699/2699/2699 2694/2694/2694 2697/2697/2697
f 2702/2702/2702 2698/2698/2698 2699/2699/2699
f 2702/2702/2702 2699/2699/2699 2704/2704/2704
f 2704/2704/2704 2699/2699/2699 2697/2697/2697
f 2704/2704/2704 2697/2697/2697 2700/2700/2700
f 2701/2701/2701 2706/2706/2706 2708/2708/2708
f 2701/2701/2701 2708/2708/2708 2705/2705/2705
f 2705/2705/2705 2708/2708/2708 2707/2707/2707
f 2705/2705/2705 2707/2707/2707 2703/2703/2703
f 2706/2706/2706 2709/2709/2709 2711/2711/2711
f 2706/2706/2706 2711/2711/2711 2708/2708/2708
f 2708/2708/2708 2711/2711/2711 2710/2710/2710
f 2708/2708/2708 2710/2710/2710 2707/2707/2707
f 2713/2713/2713 2710/2710/2710 2711/2711/2711
f 2713/2713/2713 2711/2711/2711 2714/2714/2714
f 2714/2714/2714 2711/2711/2711 2709/2709/2709
f 2714/2714/2714 2709/2709/2709 2712/2712/2712
f 2718/2718/2718 2713/2713/2713 2714/2714/2714
f 2718/2718/2718 2714/2714/2714 2720/2720/2720
f 2720/2720/2720 2714/2714/2714 2712/2712/2712
f 2720/2720/2720 2712/2712/2712 2716/2716/2716
f 2715/2715/2715 2721/2721/2721 2723/2723/2723
f 2715/2715/2715 2723/2723/2723 2719/2719/2719
f 2719/2719/2719 2723/2723/2723 2722/2722/2722
f 2719/2719/2719 2722/2722/2722 2717/2717/2717
f 2725/2725/2725 2722/2722/2722 2723/2723/2723
f 2725/2725/2725 2723/2723/2723 2726/2726/2726
f 2726/2726/2726 2723/2723/2723 2721/2721/2721
f 2726/2726/2726 2721/2721/2721 2724/2724/2724
f 2728/2728/2728 2725/2725/2725 2726/2726/2726
f 2728/2728/2728 2726/2726/2726 2729/2729/2729
f 2729/2729/2729 2726/2726/2726 2724/2724/2724
f 2729/2729/2729 2724/2724/2724 2727/2727/2727
f 2727/2727/2727 2730/2730/2730 2734/2734/2734
f 2727/2727/2727 2734/2734/2734 2729/2729/2729
f 2729/2729/2729 2734/2734/2734 2732/2732/2732
f 2729/2729/2729 2732/2732/2732 2728/2728/2728
f 2731/2731/2731 2736/2736/2736 2738/2738/2738
f 2731/2731/2731 2738/2738/2738 2735/2735/2735
f 2735/2735/2735 2738/2738/2738 2737/2737/2737
f 2735/2735/2735 2737/2737/2737 2733/2733/2733
f 2740/2740/2740 2737/2737/2737 2738/2738/2738
f 2740/2740/2740 2738/2738/2738 2741/2741/2741
f 2741/2741/2741 2738/2738/2738 2736/2736/2736
f 2741/2741/2741 2736/2736/2736 2739/2739/2739
f 2743/2743/2743 2740/2740/2740 2741/2741/2741
f 2743/2743/2743 2741/2741/2741 2744/2744/2744
f 2744/2744/2744 2741/2741/2741 2739/2739/2739
f 2744/2744/2744 2739/2739/2739 2742/2742/2742
f 2742/2742/2742 2746/2746/2746 2750/2750/2750
f 2742/2742/2742 2750/2750/2750 2744/2744/2744
f 2744/2744/2744 2750/2750/2750 2748/2748/2748
f 2744/2744/2744 2748/2748/2748 2743/2743/2743
f 2691/2691/2691 2747/2747/2747 2749/2749/2749
f 2691/2691/2691 2749/2749/2749 2693/2693/2693
f 2693/2693/2693 2749/2749/2749 2745/2745/2745
f 2693/2693/2693 2745/2745/2745 2692/2692/2692
f 2539/2539/2539 2691/2691/2691 2695/2695/2695
f 2539/2539/2539 2695/2695/2695 2544/2544/2544
f 2683/2683/2683 2680/2680/2680 2677/2677/2677
f 2677/2677/2677 2673/2673/2673 2683/2683/2683
f 2673/2673/2673 2670/2670/2670 2683/2683/2683
f 2670/2670/2670 2667/2667/2667 2664/2664/2664
f 2664/2664/2664 2659/2659/2659 2655/2655/2655
f 2655/2655/2655 2652/2652/2652 2642/2642/2642
f 2652/2652/2652 2649/2649/2649 2642/2642/2642
f 2649/2649/2649 2646/2646/2646 2642/2642/2642
f 2642/2642/2642 2639/2639/2639 2636/2636/2636
f 2636/2636/2636 2687/2687/2687 2642/2642/2642
f 2687/2687/2687 2683/2683/2683 2642/2642/2642
f 2670/2670/2670 2664/2664/2664 2683/2683/2683
f 2655/2655/2655 2642/2642/2642 2683/2683/2683
f 2655/2655/2655 2683/2683/2683 2664/2664/2664
f 562/562/562 87/87/87 44/44/44
f 2912/2912/2912 2799/2799/2799 2752/2752/2752
f 2912/2912/2912 2752/2752/2752 2817/2817/2817
f 2828/2828/2828 2757/2757/2757 2759/2759/2759
f 2828/2828/2828 2759/2759/2759 2832/2832/2832
f 2832/2832/2832 2759/2759/2759 2761/2761/2761
f 2832/2832/2832 2761/2761/2761 2836/2836/2836
f 2761/2761/2761 2813/2813/2813 2763/2763/2763
f 2856/2856/2856 2771/2771/2771 2773/2773/2773
f 2856/2856/2856 2773/2773/2773 2860/2860/2860
f 2860/2860/2860 2773/2773/2773 2775/2775/2775
f 2860/2860/2860 2775/2775/2775 2864/2864/2864
f 2864/2864/2864 2775/2775/2775 2777/2777/2777
f 2864/2864/2864 2777/2777/2777 2868/2868/2868
f 2868/2868/2868 2777/2777/2777 2779/2779/2779
f 2868/2868/2868 2779/2779/2779 2872/2872/2872
f 2872/2872/2872 2779/2779/2779 2781/2781/2781
f 2872/2872/2872 2781/2781/2781 2876/2876/2876
f 2876/2876/2876 2781/2781/2781 2783/2783/2783
f 2876/2876/2876 2783/2783/2783 2880/2880/2880
f 2880/2880/2880 2783/2783/2783 2785/2785/2785
f 2880/2880/2880 2785/2785/2785 2884/2884/2884
f 2785/2785/2785 2811/2811/2811 2787/2787/2787
f 2904/2904/2904 2795/2795/2795 2797/2797/2797
f 2904/2904/2904 2797/2797/2797 2908/2908/2908
f 2908/2908/2908 2797/2797/2797 2799/2799/2799
f 2908/2908/2908 2799/2799/2799 2912/2912/2912
f 2772/2772/2772 2770/2770/2770 2784/2784/2784
f 2824/2824/2824 2755/2755/2755 2757/2757/2757
f 2824/2824/2824 2757/2757/2757 2828/2828/2828
f 2852/2852/2852 2769/2769/2769 2771/2771/2771
f 2852/2852/2852 2771/2771/2771 2856/2856/2856
f 2804/2804/2804 2806/2806/2806 2786/2786/2786
f 2804/2804/2804 2786/2786/2786 2766/2766/2766
f 2812/2812/2812 2814/2814/2814 2790/2790/2790
f 2812/2812/2812 2790/2790/2790 2762/2762/2762
f 2800/2800/2800 2802/2802/2802 2788/2788/2788
f 2800/2800/2800 2788/2788/2788 2764/2764/2764
f 2762/2762/2762 2790/2790/2790 2802/2802/2802
f 2762/2762/2762 2802/2802/2802 2800/2800/2800
f 2764/2764/2764 2788/2788/2788 2806/2806/2806
f 2764/2764/2764 2806/2806/2806 2804/2804/2804
f 2808/2808/2808 2810/2810/2810 2784/2784/2784
f 2808/2808/2808 2784/2784/2784 2768/2768/2768
f 2766/2766/2766 2786/2786/2786 2810/2810/2810
f 2766/2766/2766 2810/2810/2810 2808/2808/2808
f 2818/2818/2818 2753/2753/2753 2755/2755/2755
f 2818/2818/2818 2755/2755/2755 2824/2824/2824
f 2796/2796/2796 2794/2794/2794 2814/2814/2814
f 2900/2900/2900 2793/2793/2793 2795/2795/2795
f 2900/2900/2900 2795/2795/2795 2904/2904/2904
f 2818/2818/2818 2824/2824/2824 2825/2825/2825
f 2818/2818/2818 2825/2825/2825 2820/2820/2820
f 2821/2821/2821 2826/2826/2826 2823/2823/2823
f 2821/2821/2821 2823/2823/2823 2816/2816/2816
f 2824/2824/2824 2828/2828/2828 2829/2829/2829
f 2824/2824/2824 2829/2829/2829 2825/2825/2825
f 2826/2826/2826 2830/2830/2830 2827/2827/2827
f 2826/2826/2826 2827/2827/2827 2823/2823/2823
f 2828/2828/2828 2832/2832/2832 2833/2833/2833
f 2828/2828/2828 2833/2833/2833 2829/2829/2829
f 2830/2830/2830 2834/2834/2834 2831/2831/2831
f 2830/2830/2830 2831/2831/2831 2827/2827/2827
f 2832/2832/2832 2836/2836/2836 2837/2837/2837
f 2832/2832/2832 2837/2837/2837 2833/2833/2833
f 2834/2834/2834 2838/2838/2838 2835/2835/2835
f 2834/2834/2834 2835/2835/2835 2831/2831/2831
f 2852/2852/2852 2856/2856/2856 2857/2857/2857
f 2852/2852/2852 2857/2857/2857 2853/2853/2853
f 2854/2854/2854 2858/2858/2858 2855/2855/2855
f 2854/2854/2854 2855/2855/2855 2851/2851/2851
f 2856/2856/2856 2860/2860/2860 2861/2861/2861
f 2856/2856/2856 2861/2861/2861 2857/2857/2857
f 2858/2858/2858 2862/2862/2862 2859/2859/2859
f 2858/2858/2858 2859/2859/2859 2855/2855/2855
f 2860/2860/2860 2864/2864/2864 2865/2865/2865
f 2860/2860/2860 2865/2865/2865 2861/2861/2861
f 2862/2862/2862 2866/2866/2866 2863/2863/2863
f 2862/2862/2862 2863/2863/2863 2859/2859/2859
f 2864/2864/2864 2868/2868/2868 2869/2869/2869
f 2864/2864/2864 2869/2869/2869 2865/2865/2865
f 2866/2866/2866 2870/2870/2870 2867/2867/2867
f 2866/2866/2866 2867/2867/2867 2863/2863/2863
f 2868/2868/2868 2872/2872/2872 2873/2873/2873
f 2868/2868/2868 2873/2873/2873 2869/2869/2869
f 2870/2870/2870 2874/2874/2874 2871/2871/2871
f 2870/2870/2870 2871/2871/2871 2867/2867/2867
f 2872/2872/2872 2876/2876/2876 2877/2877/2877
f 2872/2872/2872 2877/2877/2877 2873/2873/2873
f 2874/2874/2874 2878/2878/2878 2875/2875/2875
f 2874/2874/2874 2875/2875/2875 2871/2871/2871
f 2876/2876/2876 2880/2880/2880 2881/2881/2881
f 2876/2876/2876 2881/2881/2881 2877/2877/2877
f 2878/2878/2878 2882/2882/2882 2879/2879/2879
f 2878/2878/2878 2879/2879/2879 2875/2875/2875
f 2880/2880/2880 2884/2884/2884 2885/2885/2885
f 2880/2880/2880 2885/2885/2885 2881/2881/2881
f 2882/2882/2882 2886/2886/2886 2883/2883/2883
f 2882/2882/2882 2883/2883/2883 2879/2879/2879
f 2900/2900/2900 2904/2904/2904 2905/2905/2905
f 2900/2900/2900 2905/2905/2905 2901/2901/2901
f 2902/2902/2902 2906/2906/2906 2903/2903/2903
f 2902/2902/2902 2903/2903/2903 2899/2899/2899
f 2904/2904/2904 2908/2908/2908 2909/2909/2909
f 2904/2904/2904 2909/2909/2909 2905/2905/2905
f 2906/2906/2906 2910/2910/2910 2907/2907/2907
f 2906/2906/2906 2907/2907/2907 2903/2903/2903
f 2908/2908/2908 2912/2912/2912 2913/2913/2913
f 2908/2908/2908 2913/2913/2913 2909/2909/2909
f 2910/2910/2910 2914/2914/2914 2911/2911/2911
f 2910/2910/2910 2911/2911/2911 2907/2907/2907
f 2912/2912/2912 2817/2817/2817 2819/2819/2819
f 2912/2912/2912 2819/2819/2819 2913/2913/2913
f 2914/2914/2914 2822/2822/2822 2816/2816/2816
f 2914/2914/2914 2816/2816/2816 2911/2911/2911
f 2840/2840/2840 2844/2844/2844 2845/2845/2845
f 2840/2840/2840 2845/2845/2845 2841/2841/2841
f 2842/2842/2842 2846/2846/2846 2843/2843/2843
f 2842/2842/2842 2843/2843/2843 2839/2839/2839
f 2892/2892/2892 2896/2896/2896 2897/2897/2897
f 2892/2892/2892 2897/2897/2897 2893/2893/2893
f 2894/2894/2894 2898/2898/2898 2895/2895/2895
f 2894/2894/2894 2895/2895/2895 2891/2891/2891
f 2844/2844/2844 2848/2848/2848 2849/2849/2849
f 2844/2844/2844 2849/2849/2849 2845/2845/2845
f 2846/2846/2846 2850/2850/2850 2847/2847/2847
f 2846/2846/2846 2847/2847/2847 2843/2843/2843
f 2888/2888/2888 2892/2892/2892 2893/2893/2893
f 2888/2888/2888 2893/2893/2893 2889/2889/2889
f 2890/2890/2890 2894/2894/2894 2891/2891/2891
f 2890/2890/2890 2891/2891/2891 2887/2887/2887
f 2848/2848/2848 2852/2852/2852 2853/2853/2853
f 2848/2848/2848 2853/2853/2853 2849/2849/2849
f 2850/2850/2850 2854/2854/2854 2851/2851/2851
f 2850/2850/2850 2851/2851/2851 2847/2847/2847
f 2884/2884/2884 2888/2888/2888 2889/2889/2889
f 2884/2884/2884 2889/2889/2889 2885/2885/2885
f 2886/2886/2886 2890/2890/2890 2887/2887/2887
f 2886/2886/2886 2887/2887/2887 2883/2883/2883
f 2836/2836/2836 2840/2840/2840 2841/2841/2841
f 2836/2836/2836 2841/2841/2841 2837/2837/2837
f 2838/2838/2838 2842/2842/2842 2839/2839/2839
f 2838/2838/2838 2839/2839/2839 2835/2835/2835
f 2896/2896/2896 2900/2900/2900 2901/2901/2901
f 2896/2896/2896 2901/2901/2901 2897/2897/2897
f 2898/2898/2898 2902/2902/2902 2899/2899/2899
f 2898/2898/2898 2899/2899/2899 2895/2895/2895
f 3076/3076/3076 2982/2982/2982 2917/2917/2917
f 3076/3076/3076 2917/2917/2917 2963/2963/2963
f 2992/2992/2992 2996/2996/2996 2923/2923/2923
f 2992/2992/2992 2923/2923/2923 2921/2921/2921
f 2996/2996/2996 3000/3000/3000 2925/2925/2925
f 2996/2996/2996 2925/2925/2925 2923/2923/2923
f 2927/2927/2927 2977/2977/2977 2925/2925/2925
f 2933/2933/2933 2973/2973/2973 2931/2931/2931
f 3020/3020/3020 3024/3024/3024 2937/2937/2937
f 3020/3020/3020 2937/2937/2937 2935/2935/2935
f 3024/3024/3024 3028/3028/3028 2939/2939/2939
f 3024/3024/3024 2939/2939/2939 2937/2937/2937
f 3028/3028/3028 3032/3032/3032 2941/2941/2941
f 3028/3028/3028 2941/2941/2941 2939/2939/2939
f 3032/3032/3032 3036/3036/3036 2943/2943/2943
f 3032/3032/3032 2943/2943/2943 2941/2941/2941
f 3036/3036/3036 3040/3040/3040 2945/2945/2945
f 3036/3036/3036 2945/2945/2945 2943/2943/2943
f 3040/3040/3040 3044/3044/3044 2947/2947/2947
f 3040/3040/3040 2947/2947/2947 2945/2945/2945
f 3044/3044/3044 3048/3048/3048 2949/2949/2949
f 3044/3044/3044 2949/2949/2949 2947/2947/2947
f 2951/2951/2951 2975/2975/2975 2949/2949/2949
f 2957/2957/2957 2979/2979/2979 2955/2955/2955
f 3068/3068/3068 3072/3072/3072 2961/2961/2961
f 3068/3068/3068 2961/2961/2961 2959/2959/2959
f 3072/3072/3072 3076/3076/3076 2963/2963/2963
f 3072/3072/3072 2963/2963/2963 2961/2961/2961
f 2934/2934/2934 2938/2938/2938 2942/2942/2942
f 2988/2988/2988 2992/2992/2992 2921/2921/2921
f 2988/2988/2988 2921/2921/2921 2919/2919/2919
f 3016/3016/3016 3020/3020/3020 2935/2935/2935
f 3016/3016/3016 2935/2935/2935 2933/2933/2933
f 2968/2968/2968 2930/2930/2930 2950/2950/2950
f 2968/2968/2968 2950/2950/2950 2970/2970/2970
f 2976/2976/2976 2926/2926/2926 2954/2954/2954
f 2976/2976/2976 2954/2954/2954 2978/2978/2978
f 2964/2964/2964 2928/2928/2928 2952/2952/2952
f 2964/2964/2964 2952/2952/2952 2966/2966/2966
f 2926/2926/2926 2964/2964/2964 2966/2966/2966
f 2926/2926/2926 2966/2966/2966 2954/2954/2954
f 2928/2928/2928 2968/2968/2968 2970/2970/2970
f 2928/2928/2928 2970/2970/2970 2952/2952/2952
f 2972/2972/2972 2932/2932/2932 2948/2948/2948
f 2972/2972/2972 2948/2948/2948 2974/2974/2974
f 2930/2930/2930 2972/2972/2972 2974/2974/2974
f 2930/2930/2930 2974/2974/2974 2950/2950/2950
f 2981/2981/2981 2988/2988/2988 2919/2919/2919
f 2981/2981/2981 2919/2919/2919 2916/2916/2916
f 2922/2922/2922 2924/2924/2924 2976/2976/2976
f 3064/3064/3064 3068/3068/3068 2959/2959/2959
f 3064/3064/3064 2959/2959/2959 2957/2957/2957
f 2981/2981/2981 2984/2984/2984 2989/2989/2989
f 2981/2981/2981 2989/2989/2989 2988/2988/2988
f 2986/2986/2986 2980/2980/2980 2987/2987/2987
f 2986/2986/2986 2987/2987/2987 2990/2990/2990
f 2988/2988/2988 2989/2989/2989 2993/2993/2993
f 2988/2988/2988 2993/2993/2993 2992/2992/2992
f 2990/2990/2990 2987/2987/2987 2991/2991/2991
f 2990/2990/2990 2991/2991/2991 2994/2994/2994
f 2992/2992/2992 2993/2993/2993 2997/2997/2997
f 2992/2992/2992 2997/2997/2997 2996/2996/2996
f 2994/2994/2994 2991/2991/2991 2995/2995/2995
f 2994/2994/2994 2995/2995/2995 2998/2998/2998
f 2996/2996/2996 2997/2997/2997 3001/3001/3001
f 2996/2996/2996 3001/3001/3001 3000/3000/3000
f 2998/2998/2998 2995/2995/2995 2999/2999/2999
f 2998/2998/2998 2999/2999/2999 3002/3002/3002
f 3016/3016/3016 3017/3017/3017 3021/3021/3021
f 3016/3016/3016 3021/3021/3021 3020/3020/3020
f 3018/3018/3018 3015/3015/3015 3019/3019/3019
f 3018/3018/3018 3019/3019/3019 3022/3022/3022
f 3020/3020/3020 3021/3021/3021 3025/3025/3025
f 3020/3020/3020 3025/3025/3025 3024/3024/3024
f 3022/3022/3022 3019/3019/3019 3023/3023/3023
f 3022/3022/3022 3023/3023/3023 3026/3026/3026
f 3024/3024/3024 3025/3025/3025 3029/3029/3029
f 3024/3024/3024 3029/3029/3029 3028/3028/3028
f 3026/3026/3026 3023/3023/3023 3027/3027/3027
f 3026/3026/3026 3027/3027/3027 3030/3030/3030
f 3028/3028/3028 3029/3029/3029 3033/3033/3033
f 3028/3028/3028 3033/3033/3033 3032/3032/3032
f 3030/3030/3030 3027/3027/3027 3031/3031/3031
f 3030/3030/3030 3031/3031/3031 3034/3034/3034
f 3032/3032/3032 3033/3033/3033 3037/3037/3037
f 3032/3032/3032 3037/3037/3037 3036/3036/3036
f 3034/3034/3034 3031/3031/3031 3035/3035/3035
f 3034/3034/3034 3035/3035/3035 3038/3038/3038
f 3036/3036/3036 3037/3037/3037 3041/3041/3041
f 3036/3036/3036 3041/3041/3041 3040/3040/3040
f 3038/3038/3038 3035/3035/3035 3039/3039/3039
f 3038/3038/3038 3039/3039/3039 3042/3042/3042
f 3040/3040/3040 3041/3041/3041 3045/3045/3045
f 3040/3040/3040 3045/3045/3045 3044/3044/3044
f 3042/3042/3042 3039/3039/3039 3043/3043/3043
f 3042/3042/3042 3043/3043/3043 3046/3046/3046
f 3044/3044/3044 3045/3045/3045 3049/3049/3049
f 3044/3044/3044 3049/3049/3049 3048/3048/3048
f 3046/3046/3046 3043/3043/3043 3047/3047/3047
f 3046/3046/3046 3047/3047/3047 3050/3050/3050
f 3064/3064/3064 3065/3065/3065 3069/3069/3069
f 3064/3064/3064 3069/3069/3069 3068/3068/3068
f 3066/3066/3066 3063/3063/3063 3067/3067/3067
f 3066/3066/3066 3067/3067/3067 3070/3070/3070
f 3068/3068/3068 3069/3069/3069 3073/3073/3073
f 3068/3068/3068 3073/3073/3073 3072/3072/3072
f 3070/3070/3070 3067/3067/3067 3071/3071/3071
f 3070/3070/3070 3071/3071/3071 3074/3074/3074
f 3072/3072/3072 3073/3073/3073 3077/3077/3077
f 3072/3072/3072 3077/3077/3077 3076/3076/3076
f 3074/3074/3074 3071/3071/3071 3075/3075/3075
f 3074/3074/3074 3075/3075/3075 3078/3078/3078
f 3076/3076/3076 3077/3077/3077 2983/2983/2983
f 3076/3076/3076 2983/2983/2983 2982/2982/2982
f 3078/3078/3078 3075/3075/3075 2980/2980/2980
f 3078/3078/3078 2980/2980/2980 2985/2985/2985
f 3004/3004/3004 3005/3005/3005 3009/3009/3009
f 3004/3004/3004 3009/3009/3009 3008/3008/3008
f 3006/3006/3006 3003/3003/3003 3007/3007/3007
f 3006/3006/3006 3007/3007/3007 3010/3010/3010
f 3056/3056/3056 3057/3057/3057 3061/3061/3061
f 3056/3056/3056 3061/3061/3061 3060/3060/3060
f 3058/3058/3058 3055/3055/3055 3059/3059/3059
f 3058/3058/3058 3059/3059/3059 3062/3062/3062
f 3008/3008/3008 3009/3009/3009 3013/3013/3013
f 3008/3008/3008 3013/3013/3013 3012/3012/3012
f 3010/3010/3010 3007/3007/3007 3011/3011/3011
f 3010/3010/3010 3011/3011/3011 3014/3014/3014
f 3052/3052/3052 3053/3053/3053 3057/3057/3057
f 3052/3052/3052 3057/3057/3057 3056/3056/3056
f 3054/3054/3054 3051/3051/3051 3055/3055/3055
f 3054/3054/3054 3055/3055/3055 3058/3058/3058
f 3012/3012/3012 3013/3013/3013 3017/3017/3017
f 3012/3012/3012 3017/3017/3017 3016/3016/3016
f 3014/3014/3014 3011/3011/3011 3015/3015/3015
f 3014/3014/3014 3015/3015/3015 3018/3018/3018
f 3048/3048/3048 3049/3049/3049 3053/3053/3053
f 3048/3048/3048 3053/3053/3053 3052/3052/3052
f 3050/3050/3050 3047/3047/3047 3051/3051/3051
f 3050/3050/3050 3051/3051/3051 3054/3054/3054
f 3000/3000/3000 3001/3001/3001 3005/3005/3005
f 3000/3000/3000 3005/3005/3005 3004/3004/3004
f 3002/3002/3002 2999/2999/2999 3003/3003/3003
f 3002/3002/3002 3003/3003/3003 3006/3006/3006
f 3060/3060/3060 3061/3061/3061 3065/3065/3065
f 3060/3060/3060 3065/3065/3065 3064/3064/3064
f 3062/3062/3062 3059/3059/3059 3063/3063/3063
f 3062/3062/3062 3063/3063/3063 3066/3066/3066
f 3016/3016/3016 2933/2933/2933 2931/2931/2931
f 3016/3016/3016 2931/2931/2931 3012/3012/3012
f 2765/2765/2765 2805/2805/2805 2848/2848/2848
f 2765/2765/2765 2848/2848/2848 2844/2844/2844
f 2840/2840/2840 2763/2763/2763 2801/2801/2801
f 2807/2807/2807 2789/2789/2789 2892/2892/2892
f 2807/2807/2807 2892/2892/2892 2888/2888/2888
f 2805/2805/2805 2767/2767/2767 2848/2848/2848
f 2884/2884/2884 2785/2785/2785 2787/2787/2787
f 2884/2884/2884 2787/2787/2787 2888/2888/2888
f 2767/2767/2767 2809/2809/2809 2769/2769/2769
f 3064/3064/3064 2957/2957/2957 2955/2955/2955
f 3064/3064/3064 2955/2955/2955 3060/3060/3060
f 2789/2789/2789 2803/2803/2803 2896/2896/2896
f 2789/2789/2789 2896/2896/2896 2892/2892/2892
f 2888/2888/2888 2787/2787/2787 2807/2807/2807
f 2791/2791/2791 2793/2793/2793 2900/2900/2900
f 2791/2791/2791 2900/2900/2900 2896/2896/2896
f 2803/2803/2803 2791/2791/2791 2896/2896/2896
f 3048/3048/3048 3052/3052/3052 2951/2951/2951
f 3048/3048/3048 2951/2951/2951 2949/2949/2949
f 2791/2791/2791 2815/2815/2815 2793/2793/2793
f 2770/2770/2770 2768/2768/2768 2784/2784/2784
f 2784/2784/2784 2782/2782/2782 2776/2776/2776
f 2782/2782/2782 2780/2780/2780 2776/2776/2776
f 2780/2780/2780 2778/2778/2778 2776/2776/2776
f 2776/2776/2776 2774/2774/2774 2784/2784/2784
f 2774/2774/2774 2772/2772/2772 2784/2784/2784
f 2794/2794/2794 2792/2792/2792 2814/2814/2814
f 2814/2814/2814 2812/2812/2812 2751/2751/2751
f 2812/2812/2812 2760/2760/2760 2758/2758/2758
f 2756/2756/2756 2812/2812/2812 2758/2758/2758
f 2756/2756/2756 2754/2754/2754 2812/2812/2812
f 2754/2754/2754 2751/2751/2751 2812/2812/2812
f 2751/2751/2751 2798/2798/2798 2814/2814/2814
f 2798/2798/2798 2796/2796/2796 2814/2814/2814
f 2839/2839/2839 2843/2843/2843 2847/2847/2847
f 2847/2847/2847 2851/2851/2851 2855/2855/2855
f 2855/2855/2855 2859/2859/2859 2871/2871/2871
f 2859/2859/2859 2863/2863/2863 2871/2871/2871
f 2863/2863/2863 2867/2867/2867 2871/2871/2871
f 2871/2871/2871 2875/2875/2875 2879/2879/2879
f 2879/2879/2879 2883/2883/2883 2887/2887/2887
f 2887/2887/2887 2891/2891/2891 2895/2895/2895
f 2895/2895/2895 2899/2899/2899 2903/2903/2903
f 2903/2903/2903 2907/2907/2907 2823/2823/2823
f 2907/2907/2907 2911/2911/2911 2823/2823/2823
f 2911/2911/2911 2816/2816/2816 2823/2823/2823
f 2823/2823/2823 2827/2827/2827 2831/2831/2831
f 2831/2831/2831 2835/2835/2835 2839/2839/2839
f 2839/2839/2839 2847/2847/2847 2855/2855/2855
f 2871/2871/2871 2879/2879/2879 2903/2903/2903
f 2879/2879/2879 2887/2887/2887 2903/2903/2903
f 2887/2887/2887 2895/2895/2895 2903/2903/2903
f 2823/2823/2823 2831/2831/2831 2839/2839/2839
f 3027/3027/3027 3011/3011/3011 3075/3075/3075
f 3027/3027/3027 3075/3075/3075 3043/3043/3043
f 2903/2903/2903 2823/2823/2823 2839/2839/2839
f 2871/2871/2871 2903/2903/2903 2839/2839/2839
f 2871/2871/2871 2839/2839/2839 2855/2855/2855
f 2927/2927/2927 3004/3004/3004 2965/2965/2965
f 2801/2801/2801 2765/2765/2765 2844/2844/2844
f 2801/2801/2801 2844/2844/2844 2840/2840/2840
f 3060/3060/3060 2967/2967/2967 2953/2953/2953
f 3060/3060/3060 2953/2953/2953 3056/3056/3056
f 3012/3012/3012 2931/2931/2931 2969/2969/2969
f 3000/3000/3000 3004/3004/3004 2927/2927/2927
f 3000/3000/3000 2927/2927/2927 2925/2925/2925
f 2767/2767/2767 2769/2769/2769 2852/2852/2852
f 2767/2767/2767 2852/2852/2852 2848/2848/2848
f 2951/2951/2951 3052/3052/3052 2971/2971/2971
f 2965/2965/2965 3004/3004/3004 3008/3008/3008
f 2965/2965/2965 3008/3008/3008 2929/2929/2929
f 2971/2971/2971 3052/3052/3052 3056/3056/3056
f 2971/2971/2971 3056/3056/3056 2953/2953/2953
f 3060/3060/3060 2955/2955/2955 2967/2967/2967
f 2836/2836/2836 2761/2761/2761 2763/2763/2763
f 2836/2836/2836 2763/2763/2763 2840/2840/2840
f 2948/2948/2948 2932/2932/2932 2934/2934/2934
f 2934/2934/2934 2936/2936/2936 2938/2938/2938
f 2938/2938/2938 2940/2940/2940 2942/2942/2942
f 2942/2942/2942 2944/2944/2944 2946/2946/2946
f 2946/2946/2946 2948/2948/2948 2942/2942/2942
f 2948/2948/2948 2934/2934/2934 2942/2942/2942
f 2978/2978/2978 2956/2956/2956 2958/2958/2958
f 2958/2958/2958 2960/2960/2960 2978/2978/2978
f 2960/2960/2960 2962/2962/2962 2978/2978/2978
f 2962/2962/2962 2915/2915/2915 2978/2978/2978
f 2915/2915/2915 2918/2918/2918 2976/2976/2976
f 2978/2978/2978 2915/2915/2915 2976/2976/2976
f 2918/2918/2918 2920/2920/2920 2976/2976/2976
f 2920/2920/2920 2922/2922/2922 2976/2976/2976
f 3011/3011/3011 3007/3007/3007 3003/3003/3003
f 3003/3003/3003 2999/2999/2999 3011/3011/3011
f 2999/2999/2999 2995/2995/2995 3011/3011/3011
f 2995/2995/2995 2991/2991/2991 2987/2987/2987
f 2987/2987/2987 2980/2980/2980 3075/3075/3075
f 3075/3075/3075 3071/3071/3071 3067/3067/3067
f 3067/3067/3067 3063/3063/3063 3075/3075/3075
f 3063/3063/3063 3059/3059/3059 3075/3075/3075
f 3059/3059/3059 3055/3055/3055 3051/3051/3051
f 3051/3051/3051 3047/3047/3047 3059/3059/3059
f 3047/3047/3047 3043/3043/3043 3059/3059/3059
f 3043/3043/3043 3039/3039/3039 3035/3035/3035
f 3035/3035/3035 3031/3031/3031 3027/3027/3027
f 3027/3027/3027 3023/3023/3023 3019/3019/3019
f 3019/3019/3019 3015/3015/3015 3027/3027/3027
f 3015/3015/3015 3011/3011/3011 3027/3027/3027
f 2995/2995/2995 2987/2987/2987 3011/3011/3011
f 2987/2987/2987 3075/3075/3075 3011/3011/3011
f 3043/3043/3043 3035/3035/3035 3027/3027/3027
f 3075/3075/3075 3059/3059/3059 3043/3043/3043
f 3012/3012/3012 2969/2969/2969 2929/2929/2929
f 3012/3012/3012 2929/2929/2929 3008/3008/3008
o industrial_lamp_glass
usemtl industrial_wall_lamp_glass
v 0.04173598811030388 -0.07814173400402069 0.11475040763616562
v 0.04173598811030388 -0.07814173400402069 0.11475040763616562
v 0.05403592810034752 -0.07814173400402069 0.10721299052238464
v 0.05403592810034752 -0.07814173400402069 0.10721299052238464
v 0.09079957753419876 -0.07814173400402069 0.0472201369702816
v 0.09079957753419876 -0.07814173400402069 0.0472201369702816
v 0.09193140268325806 -0.07814174145460129 0.03283889591693878
v 0.09193140268325806 -0.07814174145460129 0.03283889591693878
v 0.014104901812970638 -0.0809473767876625 0.12363851070404053
v 0.027862505987286568 -0.08368393033742905 0.12027089297771454
v 0.04093403369188309 -0.08628402650356293 0.11475040763616562
v 0.0529976524412632 -0.0886836126446724 0.10721299052238464
v 0.06375627219676971 -0.09082363545894623 0.09784425050020218
v 0.0729449912905693 -0.09265139698982239 0.0868748351931572
v 0.08033756911754608 -0.09412187337875366 0.07457489520311356
v 0.08575200289487839 -0.095198854804039 0.06124727427959442
v 0.0890548825263977 -0.09585584700107574 0.0472201369702816
v 0.09016496688127518 -0.09607666730880737 0.03283889219164848
v 0.013286526314914227 -0.08364519476890564 0.12363851070404053
v 0.026245906949043274 -0.08901314437389374 0.12027089297771454
v 0.03855901584029198 -0.09411340206861496 0.11475040018558502
v 0.049922697246074677 -0.09882037341594696 0.10721300542354584
v 0.06005709245800972 -0.10301819443702698 0.09784423559904099
v 0.06871267408132553 -0.1066034585237503 0.0868748351931572
v 0.0756763219833374 -0.10948789864778519 0.07457489520311356
v 0.08077661693096161 -0.11160048097372055 0.06124727427959442
v 0.08388787508010864 -0.11288922280073166 0.0472201369702816
v 0.08493353426456451 -0.11332235485315323 0.03283889591693878
v 0.011957556940615177 -0.08613152801990509 0.12363851070404053
v 0.023620687425136566 -0.09392458200454712 0.12027088552713394
v 0.03470218926668167 -0.10132899880409241 0.11475040763616562
v 0.04492923617362976 -0.10816247761249542 0.10721300542354584
v 0.05404995381832123 -0.11425675451755524 0.09784423559904099
v 0.06183978170156479 -0.11946173757314682 0.0868748351931572
v 0.06810688972473145 -0.12364932149648666 0.07457489520311356
v 0.07269703596830368 -0.12671633064746857 0.061247263103723526
v 0.0754970833659172 -0.1285872608423233 0.0472201369702816
v 0.07643814384937286 -0.12921610474586487 0.03283889591693878
v 0.01016907300800085 -0.08831080794334412 0.12363849580287933
v 0.020087748765945435 -0.09822948276996613 0.12027089297771454
v 0.029511790722608566 -0.10765353590250015 0.11475040763616562
v 0.03820917755365372 -0.11635089665651321 0.10721299052238464
v 0.04596570506691933 -0.12410743534564972 0.09784423559904099
v 0.052590399980545044 -0.13073211908340454 0.0868748351931572
v 0.05792013928294182 -0.136061891913414 0.07457489520311356
v 0.06182375177741051 -0.1399654746055603 0.06124728173017502
v 0.06420499831438065 -0.14234673976898193 0.0472201369702816
v 0.06500529497861862 -0.1431470513343811 0.03283889591693878
v 0.007989782840013504 -0.09009929746389389 0.12363851070404053
v 0.007989782840013504 -0.09009929746389389 0.12363851070404053
v 0.015782834962010384 -0.10176242142915726 0.12027089297771454
v 0.015782834962010384 -0.10176242142915726 0.12027089297771454
v 0.02318727597594261 -0.11284393817186356 0.11475040763616562
v 0.02318727597594261 -0.11284393817186356 0.11475040763616562
v 0.030020752921700478 -0.12307097762823105 0.10721299052238464
v 0.030020752921700478 -0.12307097762823105 0.10721299052238464
v 0.036115024238824844 -0.13219168782234192 0.09784423559904099
v 0.036115024238824844 -0.13219168782234192 0.09784423559904099
v 0.041320011019706726 -0.13998150825500488 0.0868748351931572
v 0.041320011019706726 -0.13998150825500488 0.0868748351931572
v 0.045507557690143585 -0.14624863862991333 0.07457489520311356
v 0.045507557690143585 -0.14624863862991333 0.07457489520311356
v 0.04857461154460907 -0.15083876252174377 0.06124727427959442
v 0.04857461154460907 -0.15083876252174377 0.06124727427959442
v 0.0504455491900444 -0.1536388397216797 0.0472201369702816
v 0.0504455491900444 -0.1536388397216797 0.0472201369702816
v 0.05107431858778 -0.15457990765571594 0.03283889591693878
v 0.05107431858778 -0.15457990765571594 0.03283889591693878
v 0.005503458436578512 -0.09142827242612839 0.12363849580287933
v 0.010871401987969875 -0.10438764840364456 0.12027088552713394
v 0.01597166620194912 -0.11670075356960297 0.11475040018558502
v 0.020678644999861717 -0.12806442379951477 0.10721300542354584
v 0.024876462295651436 -0.1381988227367401 0.09784423559904099
v 0.028461717069149017 -0.14685441553592682 0.0868748351931572
v 0.0313461571931839 -0.1538180708885193 0.07457489520311356
v 0.03345877677202225 -0.1589183360338211 0.061247263103723526
v 0.034747492522001266 -0.16202959418296814 0.047220148146152496
v 0.035180602222681046 -0.1630752682685852 0.03283889591693878
v 0.0028056339360773563 -0.0922466441988945 0.12363851070404053
v 0.0055421930737793446 -0.10600423812866211 0.12027088552713394
v 0.008142284117639065 -0.11907577514648438 0.11475040763616562
v 0.010541878640651703 -0.1311393678188324 0.10721300542354584
v 0.012681910768151283 -0.1418980062007904 0.09784423559904099
v 0.014509652741253376 -0.1510867178440094 0.0868748351931572
v 0.01598011702299118 -0.15847930312156677 0.07457489520311356
v 0.0170571431517601 -0.1638937145471573 0.061247263103723526
v 0.017714116722345352 -0.1671966165304184 0.0472201369702816
v 0.017934907227754593 -0.16830667853355408 0.03283889591693878
v -5.4795399329066186e-9 -0.09252297133207321 0.12363851070404053
v -5.4795399329066186e-9 -0.10655009746551514 0.12027089297771454
v 5.4795399329066186e-9 -0.11987771093845367 0.11475040018558502
v -1.0959079865813237e-8 -0.1321776658296585 0.10721300542354584
v 2.7397699664533093e-9 -0.1431470513343811 0.09784423559904099
v -8.219309677315323e-9 -0.15251578390598297 0.0868748351931572
v -1.3698850942489571e-8 -0.16005319356918335 0.07457489520311356
v 1.6438619354630646e-8 -0.16557368636131287 0.061247263103723526
v 0 -0.16894131898880005 0.0472201369702816
v -1.917838865495014e-8 -0.17007310688495636 0.03283889591693878
v -0.0028056451119482517 -0.0922466441988945 0.12363851070404053
v -0.005542198661714792 -0.10600423812866211 0.12027088552713394
v -0.008142292499542236 -0.11907576769590378 0.11475040018558502
v -0.010541883297264576 -0.1311393678188324 0.10721299052238464
v -0.012681910768151283 -0.1418980062007904 0.09784425050020218
v -0.01450966577976942 -0.1510867029428482 0.0868748351931572
v -0.015980148687958717 -0.15847927331924438 0.07457489520311356
v -0.017057115212082863 -0.1638937145471573 0.06124727427959442
v -0.017714116722345352 -0.1671966165304184 0.0472201369702816
v -0.01793493889272213 -0.16830666363239288 0.03283889591693878
v -0.005503469612449408 -0.09142827242612839 0.12363851070404053
v -0.01087141316384077 -0.10438763350248337 0.12027089297771454
v -0.015971671789884567 -0.11670074611902237 0.11475040018558502
v -0.020678652450442314 -0.12806442379951477 0.10721299052238464
v -0.024876460433006287 -0.1381988227367401 0.09784423559904099
v -0.028461726382374763 -0.14685438573360443 0.0868748351931572
v -0.03134617581963539 -0.1538180410861969 0.07457491010427475
v -0.03345874696969986 -0.1589183360338211 0.061247263103723526
v -0.03474748507142067 -0.16202957928180695 0.047220148146152496
v -0.035180628299713135 -0.16307523846626282 0.03283889219164848
v -0.0079897940158844 -0.09009929746389389 0.12363851070404053
v -0.0079897940158844 -0.09009929746389389 0.12363851070404053
v -0.01578284241259098 -0.10176242142915726 0.12027089297771454
v -0.01578284241259098 -0.10176242142915726 0.12027089297771454
v -0.023187266662716866 -0.11284392327070236 0.11475040018558502
v -0.023187266662716866 -0.11284392327070236 0.11475040018558502
v -0.030020756646990776 -0.12307094782590866 0.10721299052238464
v -0.030020756646990776 -0.12307094782590866 0.10721299052238464
v -0.036115024238824844 -0.13219168782234192 0.09784423559904099
v -0.036115024238824844 -0.13219168782234192 0.09784423559904099
v -0.041320011019706726 -0.1399814933538437 0.0868748351931572
v -0.041320011019706726 -0.1399814933538437 0.0868748351931572
v -0.045507580041885376 -0.14624860882759094 0.07457489520311356
v -0.045507580041885376 -0.14624860882759094 0.07457489520311356
v -0.04857458174228668 -0.15083874762058258 0.06124728173017502
v -0.04857458174228668 -0.15083874762058258 0.06124728173017502
v -0.05044553056359291 -0.1536388099193573 0.0472201369702816
v -0.05044553056359291 -0.1536388099193573 0.0472201369702816
v -0.05107434466481209 -0.15457984805107117 0.03283889219164848
v -0.05107434466481209 -0.15457984805107117 0.03283889219164848
v -0.010169078595936298 -0.08831080794334412 0.12363851070404053
v -0.020087748765945435 -0.09822948276996613 0.12027089297771454
v -0.029511794447898865 -0.10765352100133896 0.11475040018558502
v -0.03820916637778282 -0.11635088175535202 0.10721300542354584
v -0.04596570134162903 -0.12410744279623032 0.09784425050020218
v -0.052590399980545044 -0.13073211908340454 0.0868748351931572
v -0.05792016163468361 -0.1360618621110916 0.07457489520311356
v -0.06182371824979782 -0.13996544480323792 0.06124728173017502
v -0.06420498341321945 -0.14234672486782074 0.0472201369702816
v -0.06500529497861862 -0.14314699172973633 0.03283889591693878
v -0.011957572773098946 -0.08613152801990509 0.12363849580287933
v -0.023620687425136566 -0.09392455965280533 0.12027088552713394
v -0.03470219671726227 -0.10132899135351181 0.11475040763616562
v -0.044929228723049164 -0.10816247761249542 0.10721299052238464
v -0.05404995009303093 -0.11425676196813583 0.09784423559904099
v -0.061839759349823 -0.11946173757314682 0.0868748351931572
v -0.06810690462589264 -0.12364927679300308 0.07457489520311356
v -0.0726969987154007 -0.12671631574630737 0.06124727427959442
v -0.07549706846475601 -0.1285872608423233 0.0472201369702816
v -0.07643813639879227 -0.1292160153388977 0.03283890336751938
v -0.013286536559462547 -0.08364519476890564 0.12363851070404053
v -0.026245906949043274 -0.08901314437389374 0.12027088552713394
v -0.03855901211500168 -0.09411337971687317 0.11475040018558502
v -0.04992268234491348 -0.09882037341594696 0.10721299052238464
v -0.060057081282138824 -0.10301819443702698 0.09784425050020218
v -0.06871265918016434 -0.10660342872142792 0.08687484264373779
v -0.0756763219833374 -0.1094878613948822 0.07457489520311356
v -0.08077657967805862 -0.11160048097372055 0.061247263103723526
v -0.08388784527778625 -0.11288920044898987 0.0472201369702816
v -0.08493349701166153 -0.11332230269908905 0.03283889591693878
v -0.01410492043942213 -0.0809473767876625 0.12363851070404053
v -0.027862494811415672 -0.08368392288684845 0.12027088552713394
v -0.04093402624130249 -0.08628401160240173 0.11475040018558502
v -0.05299761891365051 -0.0886836126446724 0.10721299052238464
v -0.06375626474618912 -0.09082364290952682 0.09784423559904099
v -0.07294496893882751 -0.0926513597369194 0.0868748351931572
v -0.08033755421638489 -0.09412184357643127 0.07457489520311356
v -0.0857519656419754 -0.095198854804039 0.06124727427959442
v -0.08905486762523651 -0.09585583955049515 0.0472201369702816
v -0.0901649072766304 -0.0960766151547432 0.03283889219164848
v -0.014381244778633118 -0.07814173400402069 0.12363849580287933
v -0.014381244778633118 -0.07814173400402069 0.12363849580287933
v -0.02840835601091385 -0.07814173400402069 0.12027088552713394
v -0.02840835601091385 -0.07814173400402069 0.12027088552713394
v -0.041735973209142685 -0.07814173400402069 0.11475040763616562
v -0.041735973209142685 -0.07814173400402069 0.11475040763616562
v -0.054035913199186325 -0.07814173400402069 0.10721300542354584
v -0.054035913199186325 -0.07814173400402069 0.10721300542354584
v -0.07437404990196228 -0.0781417191028595 0.08687484264373779
v -0.07437404990196228 -0.0781417191028595 0.08687484264373779
v -0.08191145211458206 -0.0781417042016983 0.07457489520311356
v -0.08191145211458206 -0.0781417042016983 0.07457489520311356
v -0.08743193745613098 -0.07814174145460129 0.061247263103723526
v -0.08743193745613098 -0.07814174145460129 0.061247263103723526
v -0.09079955518245697 -0.07814173400402069 0.0472201369702816
v -0.09079955518245697 -0.07814173400402069 0.0472201369702816
v -0.09193133562803268 -0.0781416967511177 0.03283890336751938
v -0.09193133562803268 -0.0781416967511177 0.03283890336751938
v -1.6438619354630646e-8 0.09252294152975082 0.12363851070404053
v -1.6438619354630646e-8 0.13217763602733612 0.10721299052238464
v -1.6438619354630646e-8 0.15251576900482178 0.0868748351931572
v -1.3698850942489571e-8 0.16005319356918335 0.07457489520311356
v -1.5068735592649318e-8 0.16894128918647766 0.0472201369702816
v 0.0028056229930371046 0.09224661439657211 0.12363851070404053
v 0.0055421823635697365 0.10600420832633972 0.12027088552713394
v 0.008142278529703617 0.11907574534416199 0.11475040018558502
v 0.010541875846683979 0.13113933801651 0.10721299052238464
v 0.012681894935667515 0.14189797639846802 0.09784423559904099
v 0.014509644359350204 0.1510867178440094 0.0868748351931572
v 0.015980130061507225 0.15847930312156677 0.07457489520311356
v 0.017057115212082863 0.1638936847448349 0.061247263103723526
v 0.017714105546474457 0.1671966165304184 0.0472201369702816
v 0.01793491467833519 0.16830666363239288 0.03283889591693878
v 0.005503447260707617 0.0914282351732254 0.12363849580287933
v 0.010871401987969875 0.10438760370016098 0.12027088552713394
v 0.015971653163433075 0.11670070886611938 0.11475040018558502
v 0.02067863754928112 0.12806440889835358 0.10721299052238464
v 0.02487645484507084 0.13819879293441772 0.09784423559904099
v 0.028461718931794167 0.14685437083244324 0.08687484264373779
v 0.0313461571931839 0.1538180410861969 0.07457489520311356
v 0.033458758145570755 0.15891830623149872 0.061247263103723526
v 0.03474748879671097 0.16202957928180695 0.047220148146152496
v 0.03518062084913254 0.16307523846626282 0.03283889219164848
v 0.007989772595465183 0.0900992602109909 0.12363851070404053
v 0.007989772595465183 0.0900992602109909 0.12363851070404053
v 0.015782838687300682 0.10176238417625427 0.12027088552713394
v 0.015782838687300682 0.10176238417625427 0.12027088552713394
v 0.02318725734949112 0.11284390091896057 0.11475040018558502
v 0.02318725734949112 0.11284390091896057 0.11475040018558502
v 0.03002074360847473 0.12307091057300568 0.10721299052238464
v 0.03002074360847473 0.12307091057300568 0.10721299052238464
v 0.03611500561237335 0.13219165802001953 0.09784423559904099
v 0.03611500561237335 0.13219165802001953 0.09784423559904099
v 0.041320011019706726 0.1399814784526825 0.0868748351931572
v 0.041320011019706726 0.1399814784526825 0.0868748351931572
v 0.04550757631659508 0.14624860882759094 0.07457489520311356
v 0.04550757631659508 0.14624860882759094 0.07457489520311356
v 0.04857458919286728 0.1508387327194214 0.06124727427959442
v 0.04857458919286728 0.1508387327194214 0.06124727427959442
v 0.050445541739463806 0.1536388099193573 0.0472201369702816
v 0.050445541739463806 0.1536388099193573 0.0472201369702816
v 0.05107435584068298 0.15457987785339355 0.03283889219164848
v 0.05107435584068298 0.15457987785339355 0.03283889219164848
v 0.010169061832129955 0.08831077069044113 0.12363849580287933
v 0.020087741315364838 0.09822943806648254 0.12027088552713394
v 0.029511796310544014 0.10765348374843597 0.11475040763616562
v 0.038209158927202225 0.11635086685419083 0.10721299052238464
v 0.04596569761633873 0.12410741299390793 0.09784423559904099
v 0.05259040370583534 0.13073211908340454 0.08687484264373779
v 0.05792016163468361 0.1360618621110916 0.07457489520311356
v 0.061823733150959015 0.13996544480323792 0.06124727427959442
v 0.06420499831438065 0.14234669506549835 0.047220148146152496
v 0.0650053322315216 0.14314700663089752 0.03283889219164848
v 0.011957545764744282 0.0861314982175827 0.12363851070404053
v 0.023620691150426865 0.09392454475164413 0.12027088552713394
v 0.034702204167842865 0.10132896900177002 0.11475040763616562
v 0.044929224997758865 0.10816245526075363 0.10721300542354584
v 0.05404994264245033 0.11425673216581345 0.09784423559904099
v 0.06183978170156479 0.11946170032024384 0.0868748351931572
v 0.06810689717531204 0.12364928424358368 0.07457489520311356
v 0.07269700616598129 0.12671631574630737 0.061247263103723526
v 0.0754970833659172 0.1285872459411621 0.047220148146152496
v 0.07643816620111465 0.1292160153388977 0.03283889591693878
v 0.013286514207720757 0.08364515751600266 0.12363851070404053
v 0.026245899498462677 0.08901310712099075 0.12027088552713394
v 0.038559023290872574 0.09411337971687317 0.11475040018558502
v 0.04992268607020378 0.09882036596536636 0.10721300542354584
v 0.060057081282138824 0.10301816463470459 0.09784423559904099
v 0.06871267408132553 0.10660342872142792 0.0868748351931572
v 0.0756763443350792 0.10948784649372101 0.07457489520311356
v 0.08077660202980042 0.11160048097372055 0.061247263103723526
v 0.08388786762952805 0.11288919299840927 0.047220148146152496
v 0.08493354171514511 0.11332232505083084 0.03283889219164848
v 0.014104889705777168 0.08094734698534012 0.12363851070404053
v 0.02786250226199627 0.08368388563394547 0.12027088552713394
v 0.040934041142463684 0.08628398925065994 0.11475040018558502
v 0.0529976412653923 0.0886835902929306 0.10721299052238464
v 0.06375627219676971 0.09082361310720444 0.09784423559904099
v 0.0729449912905693 0.0926513597369194 0.0868748351931572
v 0.08033756166696548 0.09412182122468948 0.07457489520311356
v 0.0857519879937172 0.0951988473534584 0.06124727427959442
v 0.0890548825263977 0.09585581719875336 0.047220148146152496
v 0.09016496688127518 0.0960766151547432 0.03283889219164848
v 0.01438122894614935 0.0781416967511177 0.12363851070404053
v 0.01438122894614935 0.0781416967511177 0.12363851070404053
v 0.028408357873558998 0.0781416967511177 0.12027088552713394
v 0.028408357873558998 0.0781416967511177 0.12027088552713394
v 0.04173598065972328 0.0781416967511177 0.11475040763616562
v 0.04173598065972328 0.0781416967511177 0.11475040763616562
v 0.054035913199186325 0.0781417042016983 0.10721299052238464
v 0.054035913199186325 0.0781417042016983 0.10721299052238464
v 0.06500531733036041 0.0781417042016983 0.09784423559904099
v 0.06500531733036041 0.0781417042016983 0.09784423559904099
v 0.07437405735254288 0.0781416967511177 0.0868748351931572
v 0.07437405735254288 0.0781416967511177 0.0868748351931572
v 0.08191145956516266 0.0781416967511177 0.07457489520311356
v 0.08191145956516266 0.0781416967511177 0.07457489520311356
v 0.08743196725845337 0.0781417042016983 0.061247263103723526
v 0.08743196725845337 0.0781417042016983 0.061247263103723526
v 0.09079957753419876 0.0781417042016983 0.0472201369702816
v 0.09079957753419876 0.0781417042016983 0.0472201369702816
v 0.09193139523267746 0.0781416967511177 0.03283889591693878
v 0.09193139523267746 0.0781416967511177 0.03283889591693878
v -0.014381255023181438 0.0781416967511177 0.12363849580287933
v -0.014381255023181438 0.0781416967511177 0.12363849580287933
v -0.028408365324139595 0.0781416967511177 0.12027088552713394
v -0.028408365324139595 0.0781416967511177 0.12027088552713394
v -0.04173598811030388 0.0781417042016983 0.11475040763616562
v -0.04173598811030388 0.0781417042016983 0.11475040763616562
v -0.05403592810034752 0.0781417042016983 0.10721300542354584
v -0.05403592810034752 0.0781417042016983 0.10721300542354584
v -0.0650053322315216 0.0781416967511177 0.09784423559904099
v -0.0650053322315216 0.0781416967511177 0.09784423559904099
v -0.07437405735254288 0.0781417191028595 0.08687484264373779
v -0.07437405735254288 0.0781417191028595 0.08687484264373779
v -0.08191145956516266 0.07814173400402069 0.07457489520311356
v -0.08191145956516266 0.07814173400402069 0.07457489520311356
v -0.08743195235729218 0.0781416967511177 0.061247263103723526
v -0.08743195235729218 0.0781416967511177 0.061247263103723526
v -0.09079957753419876 0.0781416967511177 0.0472201369702816
v -0.09079957753419876 0.0781416967511177 0.0472201369702816
v -0.09193135797977448 0.07814173400402069 0.03283890336751938
v -0.09193135797977448 0.07814173400402069 0.03283890336751938
v -0.014104930683970451 0.08094734698534012 0.12363851070404053
v -0.027862505987286568 0.08368390053510666 0.12027088552713394
v -0.040934037417173386 0.08628398925065994 0.11475040018558502
v -0.05299763381481171 0.0886835902929306 0.10721299052238464
v -0.06375627219676971 0.09082360565662384 0.09784423559904099
v -0.07294496893882751 0.0926513597369194 0.0868748351931572
v -0.08033755421638489 0.09412185102701187 0.07457489520311356
v -0.0857519656419754 0.09519882500171661 0.061247263103723526
v -0.08905487507581711 0.09585581719875336 0.0472201369702816
v -0.0901649072766304 0.09607664495706558 0.03283889219164848
v -0.013286547735333443 0.08364515751600266 0.12363851070404053
v -0.026245906949043274 0.08901309967041016 0.12027088552713394
v -0.03855901584029198 0.09411337226629257 0.11475040763616562
v -0.04992268607020378 0.09882034361362457 0.10721299052238464
v -0.06005709245800972 0.1030181422829628 0.09784425050020218
v -0.06871265918016434 0.10660341382026672 0.0868748351931572
v -0.0756763145327568 0.10948788374662399 0.07457489520311356
v -0.08077659457921982 0.11160045117139816 0.061247263103723526
v -0.08388786017894745 0.11288919299840927 0.047220151871442795
v -0.08493347465991974 0.11332233250141144 0.03283889591693878
v -5.4795399329066186e-9 -0.07814173400402069 0.12477032840251923
v -5.4795399329066186e-9 -0.07814173400402069 0.12477032840251923
v -5.4795399329066186e-9 -0.07814173400402069 0.12477032840251923
v -5.4795399329066186e-9 -0.07814173400402069 0.12477032840251923
v -5.4795399329066186e-9 -0.07814173400402069 0.12477032840251923
v 0.09193140268325806 -0.07814174145460129 0.02741093561053276
v 0.09193140268325806 -0.07814174145460129 0.02741093561053276
v 0.09193140268325806 -0.07814174145460129 0.02741093561053276
v 0.09193140268325806 -0.07814174145460129 0.02741093561053276
v -0.09193133562803268 -0.0781416967511177 0.02741093933582306
v -0.09193133562803268 -0.0781416967511177 0.02741093933582306
v -0.09193133562803268 -0.0781416967511177 0.02741093933582306
v -0.09193133562803268 -0.0781416967511177 0.02741093933582306
v -0.0650053322315216 -0.07814174145460129 0.09784423559904099
v -0.0650053322315216 -0.07814174145460129 0.09784423559904099
v -0.011957583017647266 0.08613148331642151 0.12363849580287933
v -0.023620693013072014 0.09392452239990234 0.12027088552713394
v -0.03470219299197197 0.10132896155118942 0.11475040018558502
v -0.044929228723049164 0.10816244781017303 0.10721300542354584
v -0.05404996499419212 0.11425669491291046 0.09784423559904099
v -0.0618397556245327 0.11946169286966324 0.0868748351931572
v -0.06810687482357025 0.12364929914474487 0.07457489520311356
v -0.0726969987154007 0.1267162561416626 0.06124727427959442
v -0.0754970833659172 0.12858723104000092 0.0472201369702816
v -0.07643810659646988 0.1292160451412201 0.03283889219164848
v 0.08743197470903397 -0.07814173400402069 0.061247263103723526
v 0.08743197470903397 -0.07814173400402069 0.061247263103723526
v 0.08191147446632385 -0.07814174145460129 0.07457489520311356
v 0.08191147446632385 -0.07814174145460129 0.07457489520311356
v 0.07437407225370407 -0.07814174145460129 0.0868748351931572
v 0.07437407225370407 -0.07814174145460129 0.0868748351931572
v -0.010169089771807194 0.08831077069044113 0.12363851070404053
v -0.020087748765945435 0.09822943806648254 0.12027088552713394
v -0.029511790722608566 0.10765348374843597 0.11475040018558502
v -0.03820916637778282 0.11635085195302963 0.10721300542354584
v -0.04596571624279022 0.12410737574100494 0.09784425050020218
v -0.05259038880467415 0.13073208928108215 0.08687484264373779
v -0.057920124381780624 0.1360618621110916 0.07457489520311356
v -0.06182371824979782 0.13996540009975433 0.06124728173017502
v -0.06420498341321945 0.14234666526317596 0.047220151871442795
v -0.06500525772571564 0.14314699172973633 0.03283889591693878
v 0.0650053322315216 -0.07814173400402069 0.09784423559904099
v 0.0650053322315216 -0.07814173400402069 0.09784423559904099
v 0.028408369049429893 -0.07814173400402069 0.12027088552713394
v 0.028408369049429893 -0.07814173400402069 0.12027088552713394
v 0.01438123919069767 -0.07814173400402069 0.12363851070404053
v 0.01438123919069767 -0.07814173400402069 0.12363851070404053
v 3.0137471185298637e-8 0.170073002576828 0.02741093374788761
v 3.0137471185298637e-8 0.170073002576828 0.02741093374788761
v -0.017934881150722504 0.16830657422542572 0.02741093561053276
v -0.017934881150722504 0.16830657422542572 0.02741093561053276
v -0.03518056869506836 0.16307517886161804 0.02741093374788761
v -0.03518056869506836 0.16307517886161804 0.02741093374788761
v -0.05107429251074791 0.15457981824874878 0.027410930022597313
v -0.05107429251074791 0.15457981824874878 0.027410930022597313
v -0.05107429251074791 0.15457981824874878 0.027410930022597313
v -0.007989805191755295 0.0900992602109909 0.12363851070404053
v -0.007989805191755295 0.0900992602109909 0.12363851070404053
v -0.01578284241259098 0.10176236927509308 0.12027088552713394
v -0.01578284241259098 0.10176236927509308 0.12027088552713394
v -0.023187262937426567 0.11284387856721878 0.11475040763616562
v -0.023187262937426567 0.11284387856721878 0.11475040763616562
v -0.030020752921700478 0.12307091057300568 0.10721299052238464
v -0.030020752921700478 0.12307091057300568 0.10721299052238464
v -0.03611502796411514 0.13219162821769714 0.09784423559904099
v -0.03611502796411514 0.13219162821769714 0.09784423559904099
v -0.04131999984383583 0.1399814337491989 0.08687484264373779
v -0.04131999984383583 0.1399814337491989 0.08687484264373779
v -0.04550754278898239 0.14624859392642975 0.07457489520311356
v -0.04550754278898239 0.14624859392642975 0.07457489520311356
v -0.04857458919286728 0.1508386880159378 0.06124727427959442
v -0.04857458919286728 0.1508386880159378 0.06124727427959442
v -0.05044553056359291 0.15363876521587372 0.0472201369702816
v -0.05044553056359291 0.15363876521587372 0.0472201369702816
v -0.05107429623603821 0.15457981824874878 0.03283889591693878
v -0.05107429623603821 0.15457981824874878 0.03283889591693878
v -0.06500525772571564 0.14314699172973633 0.02741093561053276
v -0.06500525772571564 0.14314699172973633 0.02741093561053276
v -0.07643809169530869 0.1292160451412201 0.02741093933582306
v -0.07643809169530869 0.1292160451412201 0.02741093933582306
v -0.08493347465991974 0.11332233250141144 0.02741093933582306
v -0.08493347465991974 0.11332233250141144 0.02741093933582306
v -0.0901648998260498 0.09607664495706558 0.02741093374788761
v -0.0901648998260498 0.09607664495706558 0.02741093374788761
v -0.09193135052919388 0.07814173400402069 0.02741093933582306
v -0.09193135052919388 0.07814173400402069 0.02741093933582306
v -0.09193135052919388 0.07814173400402069 0.02741093933582306
v -0.09193135052919388 0.07814173400402069 0.02741093933582306
v 0.09193139523267746 0.0781416967511177 0.02741093561053276
v 0.09193139523267746 0.0781416967511177 0.02741093561053276
v 0.09193139523267746 0.0781416967511177 0.02741093561053276
v 0.09193139523267746 0.0781416967511177 0.02741093561053276
v 0.09016496688127518 0.0960766151547432 0.027410930022597313
v 0.09016496688127518 0.0960766151547432 0.027410930022597313
v 0.08493354171514511 0.11332232505083084 0.027410930022597313
v 0.08493354171514511 0.11332232505083084 0.027410930022597313
v 0.07643816620111465 0.1292160153388977 0.02741093561053276
v 0.07643816620111465 0.1292160153388977 0.02741093561053276
v -0.005503479856997728 0.0914282351732254 0.12363851070404053
v -0.01087141316384077 0.10438758134841919 0.12027088552713394
v -0.01597166247665882 0.11670069396495819 0.11475040018558502
v -0.020678656175732613 0.1280643492937088 0.10721299052238464
v -0.02487647533416748 0.13819879293441772 0.09784423559904099
v -0.028461705893278122 0.14685434103012085 0.0868748351931572
v -0.031346119940280914 0.15381799638271332 0.07457489520311356
v -0.033458758145570755 0.15891824662685394 0.06124727427959442
v -0.03474748507142067 0.16202953457832336 0.047220148146152496
v -0.03518057242035866 0.16307517886161804 0.03283889219164848
v 0.0650053322315216 0.14314700663089752 0.02741093374788761
v 0.0650053322315216 0.14314700663089752 0.02741093374788761
v 0.05107435956597328 0.15457987785339355 0.02741093374788761
v 0.05107435956597328 0.15457987785339355 0.02741093374788761
v 0.05107435956597328 0.15457987785339355 0.02741093374788761
v 0.03518062084913254 0.16307523846626282 0.02741093374788761
v 0.03518062084913254 0.16307523846626282 0.02741093374788761
v 0.01793491840362549 0.16830666363239288 0.02741093561053276
v 0.01793491840362549 0.16830666363239288 0.02741093561053276
v -0.0901649072766304 -0.0960766151547432 0.02741093374788761
v -0.0901649072766304 -0.0960766151547432 0.02741093374788761
v -0.08493349701166153 -0.11332230269908905 0.02741093561053276
v -0.08493349701166153 -0.11332230269908905 0.02741093561053276
v -0.07643813639879227 -0.1292160153388977 0.02741093933582306
v -0.07643813639879227 -0.1292160153388977 0.02741093933582306
v -0.06500529497861862 -0.14314699172973633 0.02741093561053276
v -0.06500529497861862 -0.14314699172973633 0.02741093561053276
v -0.0028056560549885035 0.09224659204483032 0.12363851070404053
v -0.00554220424965024 0.10600419342517853 0.12027088552713394
v -0.008142284117639065 0.1190757006406784 0.11475040018558502
v -0.010541897267103195 0.13113929331302643 0.10721300542354584
v -0.012681921012699604 0.14189797639846802 0.09784423559904099
v -0.014509649947285652 0.15108665823936462 0.0868748351931572
v -0.015980103984475136 0.158479243516922 0.07457489520311356
v -0.017057131975889206 0.16389362514019012 0.06124727427959442
v -0.017714116722345352 0.16719654202461243 0.0472201369702816
v -0.017934881150722504 0.16830657422542572 0.03283889219164848
v -0.05107434466481209 -0.15457984805107117 0.02741093561053276
v -0.05107434466481209 -0.15457984805107117 0.02741093561053276
v -0.05107434466481209 -0.15457984805107117 0.02741093561053276
v -0.03518063202500343 -0.16307523846626282 0.027410930022597313
v -0.03518063202500343 -0.16307523846626282 0.027410930022597313
v -0.01793493889272213 -0.16830666363239288 0.02741093374788761
v -0.01793493889272213 -0.16830666363239288 0.02741093374788761
v -1.917838865495014e-8 -0.17007310688495636 0.02741093374788761
v -1.917838865495014e-8 -0.17007310688495636 0.02741093374788761
v 0.017934907227754593 -0.16830667853355408 0.02741093374788761
v 0.017934907227754593 -0.16830667853355408 0.02741093374788761
v 0.035180602222681046 -0.1630752682685852 0.02741093374788761
v 0.035180602222681046 -0.1630752682685852 0.02741093374788761
v 0.051074329763650894 -0.15457990765571594 0.02741093561053276
v 0.051074329763650894 -0.15457990765571594 0.02741093561053276
v 0.051074329763650894 -0.15457990765571594 0.02741093561053276
v 0.06500529497861862 -0.1431470513343811 0.02741093933582306
v 0.06500529497861862 -0.1431470513343811 0.02741093933582306
v 0.07643815129995346 -0.12921610474586487 0.02741093561053276
v 0.07643815129995346 -0.12921610474586487 0.02741093561053276
v -1.6438619354630646e-8 0.0781416967511177 0.12477032840251923
v -1.6438619354630646e-8 0.0781416967511177 0.12477032840251923
v -1.6438619354630646e-8 0.0781416967511177 0.12477032840251923
v -1.6438619354630646e-8 0.0781416967511177 0.12477032840251923
v -1.6438619354630646e-8 0.0781416967511177 0.12477032840251923
v -5.4795399329066186e-9 0.10655003786087036 0.12027089297771454
v -1.0959079865813237e-8 0.1198776364326477 0.11475040018558502
v -1.3698850942489571e-8 0.14314700663089752 0.09784423559904099
v -1.0959079865813237e-8 0.1655736118555069 0.061247263103723526
v 3.0137471185298637e-8 0.170073002576828 0.03283889591693878
v 0.08493354171514511 -0.11332235485315323 0.027410930022597313
v 0.08493354171514511 -0.11332235485315323 0.027410930022597313
v 0.09016496688127518 -0.09607666730880737 0.02741093561053276
v 0.09016496688127518 -0.09607666730880737 0.02741093561053276
vt 0.3981188237667084 0.9023678302764893
vt 0.6314125061035156 0.3368743658065796
vt 0.4271506369113922 0.9150324463844299
vt 0.6007804870605469 0.33687448501586914
vt 0.4476204812526703 0.33687448501586914
vt 0.5798879861831665 0.9550377726554871
vt 0.41698843240737915 0.33687448501586914
vt 0.6115453839302063 0.9583807587623596
vt 0.34410542249679565 0.8682020902633667
vt 0.37412160634994507 0.8772328495979309
vt 0.4041250944137573 0.8856278657913208
vt 0.43410545587539673 0.8932009339332581
vt 0.46399667859077454 0.8998799324035645
vt 0.4938967525959015 0.9054555296897888
vt 0.5238215327262878 0.9101958870887756
vt 0.5538331270217896 0.9140011072158813
vt 0.5841145515441895 0.9168601632118225
vt 0.6149661540985107 0.9191679954528809
vt 0.34533220529556274 0.8621931076049805
vt 0.37640589475631714 0.8654106259346008
vt 0.407168984413147 0.8683743476867676
vt 0.4375919699668884 0.8710660338401794
vt 0.4676755666732788 0.8733958601951599
vt 0.4974573254585266 0.8753576278686523
vt 0.527029812335968 0.8770065307617188
vt 0.556583821773529 0.8785033822059631
vt 0.586438000202179 0.8795116543769836
vt 0.6169549226760864 0.8803467154502869
vt 0.34539079666137695 0.8560671210289001
vt 0.3765016198158264 0.8534077405929565
vt 0.40731364488601685 0.8509343862533569
vt 0.4377557635307312 0.8487703800201416
vt 0.4678526520729065 0.8469396233558655
vt 0.49762409925460815 0.8453554511070251
vt 0.5272271633148193 0.8441014885902405
vt 0.556834876537323 0.8432774543762207
vt 0.5866488218307495 0.8424367308616638
vt 0.6170588731765747 0.8417152762413025
vt 0.34427571296691895 0.8500388264656067
vt 0.3744215965270996 0.8415571451187134
vt 0.40453290939331055 0.8336595892906189
vt 0.43457239866256714 0.8265385031700134
vt 0.46461713314056396 0.8203800916671753
vt 0.49464917182922363 0.8151693344116211
vt 0.5246143341064453 0.8109617233276367
vt 0.5546452403068542 0.8078169822692871
vt 0.5848326683044434 0.8052473664283752
vt 0.6153656840324402 0.8032299876213074
vt 0.34202462434768677 0.8443232178688049
vt 0.5208169221878052 0.4648856520652771
vt 0.3701826333999634 0.83021080493927
vt 0.5014703273773193 0.48982077836990356
vt 0.39876312017440796 0.8168684244155884
vt 0.4829351603984833 0.5155266523361206
vt 0.4278686046600342 0.8045716881752014
vt 0.46549198031425476 0.5422088503837585
vt 0.44981828331947327 0.570069432258606
vt 0.4576944410800934 0.7935613989830017
vt 0.43559685349464417 0.5986345410346985
vt 0.4882260262966156 0.7844750881195068
vt 0.4230491816997528 0.6283028721809387
vt 0.5189774036407471 0.7771862149238586
vt 0.4127398729324341 0.6588229537010193
vt 0.5500068664550781 0.7713149189949036
vt 0.40387511253356934 0.689836859703064
vt 0.581306517124176 0.7673227787017822
vt 0.3965434432029724 0.7215107083320618
vt 0.6124968528747559 0.7646169662475586
vt 0.525982677936554 0.4682155251502991
vt 0.5118234157562256 0.4961507320404053
vt 0.4984680712223053 0.5242889523506165
vt 0.4861532151699066 0.5526257753372192
vt 0.4749533236026764 0.5812309384346008
vt 0.4650583565235138 0.6100660562515259
vt 0.4563448429107666 0.6392605900764465
vt 0.44858139753341675 0.6687837839126587
vt 0.44193214178085327 0.6988767981529236
vt 0.4359086751937866 0.7297532558441162
vt 0.5316716432571411 0.47048890590667725
vt 0.523047924041748 0.5004351735115051
vt 0.5149178504943848 0.5301359295845032
vt 0.5074514150619507 0.5595566034317017
vt 0.5005356669425964 0.5887247920036316
vt 0.49440649151802063 0.6177566647529602
vt 0.48889005184173584 0.6467840075492859
vt 0.483704149723053 0.6759645342826843
vt 0.4791632294654846 0.7056720852851868
vt 0.4748666286468506 0.7362638115882874
vt 0.537676990032196 0.47163689136505127
vt 0.5347945094108582 0.5026140809059143
vt 0.5319597125053406 0.533136248588562
vt 0.5292026996612549 0.563201367855072
vt 0.5264360904693604 0.5927767157554626
vt 0.5238212943077087 0.6220772862434387
vt 0.5212550759315491 0.6511916518211365
vt 0.5185720920562744 0.6803833246231079
vt 0.5161381363868713 0.7100234031677246
vt 0.5137020945549011 0.7405293583869934
vt 0.5437912940979004 0.4716223478317261
vt 0.5467403531074524 0.5026469826698303
vt 0.5492689609527588 0.5333133935928345
vt 0.5512402653694153 0.5635771751403809
vt 0.5526024103164673 0.5934481620788574
vt 0.5534996390342712 0.6230441331863403
vt 0.5538784265518188 0.6525411009788513
vt 0.5535994172096252 0.6821022033691406
vt 0.5531695485115051 0.7119572758674622
vt 0.552490234375 0.7425098419189453
vt 0.5498026609420776 0.47043704986572266
vt 0.5585556626319885 0.5005066394805908
vt 0.5664868950843811 0.5306103229522705
vt 0.5734162926673889 0.5606444478034973
vt 0.5791521668434143 0.5906968712806702
vt 0.583623468875885 0.6208492517471313
vt 0.5870605707168579 0.6509925127029419
vt 0.5891894698143005 0.6812620162963867
vt 0.5905742645263672 0.7117061614990234
vt 0.5912948846817017 0.7425189018249512
vt 0.5554951429367065 0.4681153893470764
vt 0.8839088082313538 0.2373061180114746
vt 0.5699318051338196 0.49619245529174805
vt 0.8693380355834961 0.2651878595352173
vt 0.5833303332328796 0.5249243378639221
vt 0.8555036783218384 0.2934901714324951
vt 0.5953267216682434 0.554249107837677
vt 0.8426945805549622 0.32242053747177124
vt 0.6059341430664062 0.5841925740242004
vt 0.8315171003341675 0.35205715894699097
vt 0.614785373210907 0.6149998307228088
vt 0.8216969966888428 0.3820546269416809
vt 0.6212750673294067 0.6463534235954285
vt 0.8134611248970032 0.41273385286331177
vt 0.626158595085144 0.6779252290725708
vt 0.8072704672813416 0.44386833906173706
vt 0.6289330124855042 0.7097012400627136
vt 0.8024501800537109 0.4752104878425598
vt 0.6303320527076721 0.741278350353241
vt 0.7990928292274475 0.5069219470024109
vt 0.8895788192749023 0.23965513706207275
vt 0.8805805444717407 0.26960909366607666
vt 0.8721892237663269 0.2995426654815674
vt 0.8645930290222168 0.3294527530670166
vt 0.8578618168830872 0.3593437671661377
vt 0.8522027730941772 0.3891943097114563
vt 0.8475294709205627 0.4191223978996277
vt 0.8436192274093628 0.44915473461151123
vt 0.8407047986984253 0.47947126626968384
vt 0.8383708596229553 0.5103639960289001
vt 0.8955772519111633 0.24087369441986084
vt 0.89238041639328 0.2718876600265503
vt 0.8894018530845642 0.3026012182235718
vt 0.8867337703704834 0.3330026865005493
vt 0.8843041658401489 0.36301350593566895
vt 0.8823086619377136 0.39277780055999756
vt 0.8806918859481812 0.4223513603210449
vt 0.879169225692749 0.4519747495651245
vt 0.8780777454376221 0.4818267822265625
vt 0.8772338628768921 0.5123674869537354
vt 0.9016929268836975 0.240922212600708
vt 0.9043682813644409 0.27198541164398193
vt 0.9068211317062378 0.3027704954147339
vt 0.9089627861976624 0.333182692527771
vt 0.910787045955658 0.36322546005249023
vt 0.9123144149780273 0.3930013179779053
vt 0.9135949015617371 0.42260265350341797
vt 0.9144036769866943 0.45216667652130127
vt 0.9151724576950073 0.48203742504119873
vt 0.9158957600593567 0.512475311756134
vt 0.9077114462852478 0.23980414867401123
vt 0.9162065982818604 0.26990342140197754
vt 0.9241089224815369 0.29999303817749023
vt 0.9312254786491394 0.3300233483314514
vt 0.9372853636741638 0.3600689768791199
vt 0.942479133605957 0.3900449872016907
vt 0.9466971158981323 0.4199886918067932
vt 0.9498449563980103 0.4500122666358948
vt 0.9524058699607849 0.4802268147468567
vt 0.9544144868850708 0.51080322265625
vt 0.640830397605896 0.7077672481536865
vt 0.9134160280227661 0.23754656314849854
vt 0.6408306360244751 0.7383992075920105
vt 0.9275705814361572 0.2656489610671997
vt 0.6408306956291199 0.7690310478210449
vt 0.9409090876579285 0.29426324367523193
vt 0.6408305764198303 0.7996630668640137
vt 0.9530812501907349 0.32341551780700684
vt 0.6408305168151855 0.8609271049499512
vt 0.9731255769729614 0.3836202621459961
vt 0.6408306360244751 0.8915591239929199
vt 0.9804484248161316 0.41433048248291016
vt 0.6408306360244751 0.9221911430358887
vt 0.9863541722297668 0.445361852645874
vt 0.6408305764198303 0.9528231620788574
vt 0.990369439125061 0.47668397426605225
vt 0.6408306956291199 0.9834550619125366
vt 0.9931026101112366 0.5079097747802734
vt 0.6686078310012817 0.6297059059143066
vt 0.6713211536407471 0.537781298160553
vt 0.6729916334152222 0.478745698928833
vt 0.6738729476928711 0.4495500326156616
vt 0.6756672263145447 0.39050161838531494
vt 0.6625022292137146 0.6301103234291077
vt 0.6576043367385864 0.5993137359619141
vt 0.653156578540802 0.5688501000404358
vt 0.6493099331855774 0.5387477874755859
vt 0.645980954170227 0.5090023279190063
vt 0.6433213949203491 0.4794777035713196
vt 0.6412615776062012 0.45006024837493896
vt 0.6396856307983398 0.42054426670074463
vt 0.6385682821273804 0.39062654972076416
vt 0.637558102607727 0.35994720458984375
vt 0.656572699546814 0.6316683888435364
vt 0.6459379196166992 0.6021931171417236
vt 0.6360914707183838 0.5726622343063354
vt 0.6273247003555298 0.5430734157562256
vt 0.6197935342788696 0.5133403539657593
vt 0.6133180856704712 0.4836151599884033
vt 0.6081751585006714 0.4537266492843628
vt 0.6040947437286377 0.42359983921051025
vt 0.6009945273399353 0.3930698037147522
vt 0.5984397530555725 0.36208128929138184
vt 0.6510339975357056 0.634344220161438
vt 0.8439862132072449 0.29224300384521484
vt 0.6348581910133362 0.6072171926498413
vt 0.85865318775177 0.2642025351524353
vt 0.6196918487548828 0.5793958306312561
vt 0.8726317286491394 0.235676109790802
vt 0.6057127714157104 0.5509000420570374
vt 0.8853632807731628 0.20638906955718994
vt 0.5932572484016418 0.5214617252349854
vt 0.8965586423873901 0.17649465799331665
vt 0.5829536318778992 0.4912371039390564
vt 0.9060536623001099 0.14613008499145508
vt 0.5742365121841431 0.4606189727783203
vt 0.9137825965881348 0.11536991596221924
vt 0.5673391819000244 0.42933809757232666
vt 0.9197723865509033 0.08437353372573853
vt 0.5622648000717163 0.3975248336791992
vt 0.9241833090782166 0.05323052406311035
vt 0.5589803457260132 0.3656090497970581
vt 0.9274142384529114 0.02181720733642578
vt 0.83828204870224 0.2898792624473572
vt 0.8473300933837891 0.2597445845603943
vt 0.8557398319244385 0.22960257530212402
vt 0.8633340001106262 0.19945895671844482
vt 0.8698790669441223 0.1693350076675415
vt 0.8753972053527832 0.13935577869415283
vt 0.8798998594284058 0.10938262939453125
vt 0.8835016489028931 0.07942944765090942
vt 0.8863292932510376 0.04925894737243652
vt 0.8884632587432861 0.018580079078674316
vt 0.8322470188140869 0.28865599632263184
vt 0.8354499340057373 0.2574598789215088
vt 0.8384024500846863 0.22653841972351074
vt 0.8410205245018005 0.19596725702285767
vt 0.8433451056480408 0.16579926013946533
vt 0.845156192779541 0.1359800100326538
vt 0.8467796444892883 0.10639160871505737
vt 0.8481282591819763 0.076815664768219
vt 0.8491091132164001 0.04707127809524536
vt 0.8498502373695374 0.01669752597808838
vt 0.8260951638221741 0.288604736328125
vt 0.8233875036239624 0.25736260414123535
vt 0.8208966851234436 0.22641676664352417
vt 0.8186688423156738 0.19584763050079346
vt 0.8168140649795532 0.1656712293624878
vt 0.8151472806930542 0.13584405183792114
vt 0.8138568997383118 0.10627275705337524
vt 0.8129802346229553 0.07673454284667969
vt 0.8121700882911682 0.046948909759521484
vt 0.8114502429962158 0.016624093055725098
vt 0.8200424909591675 0.2897319793701172
vt 0.8114871978759766 0.25945496559143066
vt 0.8035447597503662 0.22923076152801514
vt 0.796349287033081 0.1990576982498169
vt 0.790200412273407 0.16894394159317017
vt 0.7849622964859009 0.13887441158294678
vt 0.780738890171051 0.10891872644424438
vt 0.7775868773460388 0.07892310619354248
vt 0.7750326991081238 0.04877066612243652
vt 0.7730473875999451 0.01829308271408081
vt 0.6926763653755188 0.005017340183258057
vt 0.814301073551178 0.2920014262199402
vt 0.6620444059371948 0.005017280578613281
vt 0.8001062273979187 0.26372337341308594
vt 0.6314123272895813 0.005017399787902832
vt 0.7866257429122925 0.23503851890563965
vt 0.6007804274559021 0.005017399787902832
vt 0.7743913531303406 0.2057182788848877
vt 0.5701484084129333 0.005017399787902832
vt 0.7633732557296753 0.1758742332458496
vt 0.5395163297653198 0.005017399787902832
vt 0.7542635798454285 0.14531809091567993
vt 0.5088843703269958 0.005017399787902832
vt 0.746975302696228 0.11456185579299927
vt 0.4782523512840271 0.005017399787902832
vt 0.7411112189292908 0.0835527777671814
vt 0.44762036204338074 0.005017340183258057
vt 0.7371339797973633 0.052275240421295166
vt 0.4169883728027344 0.005017518997192383
vt 0.7344462871551514 0.021111249923706055
vt 0.22968803346157074 0.5503126978874207
vt 0.9726877212524414 0.7077671885490417
vt 0.21511752903461456 0.5782181024551392
vt 0.9726877212524414 0.7383989095687866
vt 0.20137432217597961 0.606688380241394
vt 0.9726877212524414 0.7690309882164001
vt 0.18883071839809418 0.6357395052909851
vt 0.9726876616477966 0.7996630072593689
vt 0.1777692437171936 0.6652926802635193
vt 0.9726877808570862 0.8302950859069824
vt 0.16803577542304993 0.6952712535858154
vt 0.9726877808570862 0.8609269857406616
vt 0.15988247096538544 0.7259519100189209
vt 0.9726879596710205 0.8915589451789856
vt 0.15377694368362427 0.7570949196815491
vt 0.9726877808570862 0.9221909642219543
vt 0.1490429937839508 0.7884664535522461
vt 0.9726879596710205 0.9528229236602783
vt 0.14576832950115204 0.820220947265625
vt 0.972687840461731 0.9834548830986023
vt 0.23535972833633423 0.5526538491249084
vt 0.22642959654331207 0.5826332569122314
vt 0.21811911463737488 0.6126364469528198
vt 0.21064703166484833 0.6425994038581848
vt 0.20407123863697052 0.6724780201911926
vt 0.19852426648139954 0.7023139595985413
vt 0.1939503401517868 0.7322353720664978
vt 0.19014163315296173 0.7622698545455933
vt 0.18734708428382874 0.7926092147827148
vt 0.18515722453594208 0.8235180377960205
vt 0.2413610816001892 0.5538617372512817
vt 0.23823876678943634 0.5848808288574219
vt 0.23536524176597595 0.6156255006790161
vt 0.23278546333312988 0.6460129022598267
vt 0.23049284517765045 0.6760409474372864
vt 0.22861501574516296 0.7057937979698181
vt 0.22710232436656952 0.7353555560112
vt 0.22566433250904083 0.7649461030960083
vt 0.22472605109214783 0.7948306798934937
vt 0.22397850453853607 0.8253785371780396
vt 0.31409621238708496 0.8588356375694275
vt 0.5405874848365784 0.44038981199264526
vt 0.6408305168151855 0.677135169506073
vt 0.7233085036277771 0.3368743658065796
vt 0.8988893628120422 0.20968687534332275
vt 0.0050126644782722 0.005011916160583496
vt 0.005020804703235626 0.3486180305480957
vt 0.40546268224716187 0.3368746042251587
vt 0.6234134435653687 0.9593889713287354
vt 0.00502118282020092 0.7390376925468445
vt 0.39543259143829346 0.005011796951293945
vt 0.6408307552337646 0.9949809312820435
vt 0.9939674139022827 0.5196340084075928
vt 0.6408305764198303 0.8302950859069824
vt 0.9640388488769531 0.353174090385437
vt 0.24747580289840698 0.5538991093635559
vt 0.25022345781326294 0.5849541425704956
vt 0.2527795732021332 0.6157028675079346
vt 0.25503867864608765 0.64610356092453
vt 0.2569456100463867 0.6761569976806641
vt 0.25861218571662903 0.7059130072593689
vt 0.2599971294403076 0.7355194687843323
vt 0.2608894109725952 0.7651177048683167
vt 0.2617965042591095 0.794946014881134
vt 0.26255738735198975 0.8253756165504456
vt 0.4782524108886719 0.33687448501586914
vt 0.5486094951629639 0.9502344131469727
vt 0.5088844895362854 0.33687448501586914
vt 0.5176176428794861 0.9440780878067017
vt 0.48682698607444763 0.9361628293991089
vt 0.5395165681838989 0.33687448501586914
vt 0.2534902095794678 0.5527685880661011
vt 0.26204752922058105 0.5828408598899841
vt 0.27002212405204773 0.6128751635551453
vt 0.2772296667098999 0.6428515315055847
vt 0.28347957134246826 0.6728415489196777
vt 0.2887933552265167 0.7028353810310364
vt 0.2931181788444519 0.7327887415885925
vt 0.2963677644729614 0.7628235816955566
vt 0.2990318834781647 0.7930356860160828
vt 0.3011295795440674 0.8236138224601746
vt 0.45670512318611145 0.9262526631355286
vt 0.5701485872268677 0.33687448501586914
vt 0.3696819543838501 0.8885303735733032
vt 0.6620445251464844 0.33687448501586914
vt 0.3417450785636902 0.8738817572593689
vt 0.6926765441894531 0.3368743658065796
vt 0.3523402810096741 0.543308436870575
vt 0.6767792701721191 0.34810376167297363
vt 0.39042383432388306 0.539557158946991
vt 0.7163245677947998 0.35024499893188477
vt 0.42704349756240845 0.5284478664398193
vt 0.7559716701507568 0.35451459884643555
vt 0.46079233288764954 0.5104080438613892
vt 0.3407544493675232 0.8323525190353394
vt 0.7957949042320251 0.36041712760925293
vt 0.259188711643219 0.5505048036575317
vt 0.685875415802002 0.6353875398635864
vt 0.2733614444732666 0.5785742998123169
vt 0.7036603689193726 0.609260082244873
vt 0.2867685854434967 0.6070612072944641
vt 0.7205115556716919 0.5823278427124023
vt 0.2991442084312439 0.6360814571380615
vt 0.7359862327575684 0.5545313954353333
vt 0.31024855375289917 0.6658281087875366
vt 0.7498157024383545 0.5259914398193359
vt 0.31945398449897766 0.6962931752204895
vt 0.7622367143630981 0.496773362159729
vt 0.32688260078430176 0.727011501789093
vt 0.7729665637016296 0.46654391288757324
vt 0.3328956365585327 0.7580457329750061
vt 0.7814530730247498 0.4355984926223755
vt 0.33702173829078674 0.7893760800361633
vt 0.7884888648986816 0.4042931795120239
vt 0.33985668420791626 0.8206331729888916
vt 0.7939971089363098 0.37242358922958374
vt 0.49037352204322815 0.48613089323043823
vt 0.30184412002563477 0.835332989692688
vt 0.5146498680114746 0.45654934644699097
vt 0.26281410455703735 0.8370789885520935
vt 0.5326888561248779 0.42279982566833496
vt 0.22371530532836914 0.8370818495750427
vt 0.5437967777252197 0.38617968559265137
vt 0.18440502882003784 0.8353518843650818
vt 0.39543282985687256 0.33686888217926025
vt 0.5475472211837769 0.3480958938598633
vt 0.14479124546051025 0.8321660757064819
vt 0.9726879596710205 0.9949808120727539
vt 0.0050130304880440235 0.3368690013885498
vt 0.15712741017341614 0.3481016159057617
vt 0.40546244382858276 0.005017399787902832
vt 0.7336006164550781 0.009432435035705566
vt 0.1608785092830658 0.3861851692199707
vt 0.7723761796951294 0.006624758243560791
vt 0.17198780179023743 0.4228048324584961
vt 0.8112107515335083 0.005013108253479004
vt 0.19002752006053925 0.4565538167953491
vt 0.8501254320144653 0.005012929439544678
vt 0.6805049777030945 0.6323834657669067
vt 0.6928804516792297 0.6035781502723694
vt 0.704437255859375 0.5746424794197083
vt 0.7148788571357727 0.5455766320228577
vt 0.7241878509521484 0.5164479613304138
vt 0.7322762608528137 0.48716866970062256
vt 0.7392227649688721 0.4575943946838379
vt 0.7452443838119507 0.4277329444885254
vt 0.7501531839370728 0.39745593070983887
vt 0.7544317841529846 0.3664252758026123
vt 0.21430496871471405 0.4861348867416382
vt 0.8892318606376648 0.006819605827331543
vt 0.24388669431209564 0.5104113817214966
vt 0.5579255223274231 0.3536628484725952
vt 0.9283799529075623 0.01002645492553711
vt 0.2776363492012024 0.5284503102302551
vt 0.5975884199142456 0.3501608371734619
vt 0.31425660848617554 0.5395585298538208
vt 0.6372464895248413 0.34809625148773193
vt 0.043104734271764755 0.7352867722511292
vt 0.9550958275794983 0.5224546194076538
vt 0.07972468435764313 0.7241782546043396
vt 0.916151225566864 0.5241863131523132
vt 0.11347389221191406 0.7061390280723572
vt 0.8769180774688721 0.5241809487342834
vt 0.14305536448955536 0.6818621754646301
vt 0.8375479578971863 0.5221757292747498
vt 0.6746792197227478 0.6304695010185242
vt 0.6814079284667969 0.6000202298164368
vt 0.6876081228256226 0.5698333978652954
vt 0.6932409405708313 0.5400532484054565
vt 0.6982665657997131 0.5105842351913452
vt 0.7025973200798035 0.48128193616867065
vt 0.7063614130020142 0.45203524827957153
vt 0.7098055481910706 0.42267870903015137
vt 0.7127835154533386 0.3927997350692749
vt 0.7153576016426086 0.3620939254760742
vt 0.16733230650424957 0.6522806882858276
vt 0.6306934952735901 0.7530882954597473
vt 0.798078715801239 0.5188096165657043
vt 0.1853715032339096 0.6185315847396851
vt 0.591482400894165 0.754287838935852
vt 0.1964801698923111 0.5819114446640015
vt 0.5521982312202454 0.7542933225631714
vt 0.20023100078105927 0.5438277125358582
vt 0.512769341468811 0.7523363828659058
vt 0.19648005068302155 0.5057440996170044
vt 0.47325313091278076 0.7480915784835815
vt 0.18537144362926483 0.46912431716918945
vt 0.4337005019187927 0.7416189312934875
vt 0.1673322468996048 0.43537503480911255
vt 0.394064724445343 0.7334597706794739
vt 0.6241758465766907 0.763761043548584
vt 0.14305543899536133 0.40579354763031006
vt 0.6270180940628052 0.8025372624397278
vt 0.1134735718369484 0.3815167546272278
vt 0.6287614703178406 0.8414576053619385
vt 0.24462106823921204 0.5226758122444153
vt 0.6676682233810425 0.6610997915267944
vt 0.7233084440231323 0.005017340183258057
vt 0.8289160132408142 0.32002902030944824
vt 0.9726877212524414 0.6771351099014282
vt 0.6695351600646973 0.5985825061798096
vt 0.670434832572937 0.5679278373718262
vt 0.6721715927124023 0.5081077814102173
vt 0.6747763156890869 0.4202011823654175
vt 0.6764575242996216 0.3598855137825012
vt 0.07972433418035507 0.3634772300720215
vt 0.6287572979927063 0.8806602954864502
vt 0.043104540556669235 0.35236895084381104
vt 0.6267616152763367 0.9199860095977783
vn 0.45579908953374176 -0.022499955928033406 0.8897982591371196
vn 0.45579908953374176 -0.022499955928033406 0.8897982591371196
vn 0.5891188386359055 -0.029000924916205803 0.8075258140259581
vn 0.5891188386359055 -0.029000924916205803 0.8075258140259581
vn 0.9865867150962818 -0.04839934904559508 0.15589790443585397
vn 0.9865867150962818 -0.04839934904559508 0.15589790443585397
vn 0.9980291230803253 -0.04900142600865129 0.03920114453221137
vn 0.9980291230803253 -0.04900142600865129 0.03920114453221137
vn 0.15810320333959635 -0.03150063938876641 0.9869200002086578
vn 0.307404908188052 -0.061100975201825475 0.9496151290134763
vn 0.4491030658558639 -0.08930061180953072 0.8890060950124624
vn 0.5796014083238189 -0.11530028308914546 0.8067019599508909
vn 0.6958883589892202 -0.13839768546236741 0.704688209410339
vn 0.7950914347225109 -0.15819829394137525 0.5854937320116564
vn 0.8748868685569748 -0.17399738997359634 0.45199322506974227
vn 0.9332338987612724 -0.18560674428609114 0.3076111614983318
vn 0.9688246025890238 -0.19270488173733447 0.15570394334383536
vn 0.9800379037594685 -0.1949075382494323 0.03920151436223933
vn 0.14890375542650167 -0.06170155774001793 0.9869248144576869
vn 0.28960228071623 -0.11990094973535752 0.9496074353418454
vn 0.4230116285329545 -0.17520481510986421 0.8890244287353503
vn 0.5459870825638553 -0.22619464551050808 0.8066809084240096
vn 0.6555017809843154 -0.2715007356839674 0.704701898429013
vn 0.7489867744276744 -0.3101945195681277 0.5854896854448646
vn 0.8241005104868245 -0.34140021275962157 0.45200026918469915
vn 0.8790985085222525 -0.36409940236240257 0.3075994758013942
vn 0.9126158493170354 -0.37800658314576363 0.1557027124805833
vn 0.9231701714687368 -0.3823876225747567 0.03919873227553075
vn 0.1340029657644517 -0.08960198416810633 0.9869218254752855
vn 0.2606048040184927 -0.17410318902496133 0.9496174049025331
vn 0.38070516448291936 -0.2544034630583884 0.8890120672521451
vn 0.4913951615280691 -0.32829676138879227 0.8066920302621275
vn 0.5899717488284496 -0.3941811407729622 0.7046662783497072
vn 0.6740726307894455 -0.4503816912372505 0.5854762340342003
vn 0.7416843266664507 -0.49558953057315647 0.4519904609210377
vn 0.7911868870329948 -0.5285912275618313 0.30759490231750464
vn 0.8213174196549604 -0.5488116047201593 0.15570330341968125
vn 0.8308409866987365 -0.5551274297563135 0.03920193303421385
vn 0.11400207691907452 -0.11400207691907452 0.9869179565274283
vn 0.22160517481024375 -0.22160517481024375 0.9496221843420901
vn 0.323797752077771 -0.323797752077771 0.8889938309677771
vn 0.41789045174716866 -0.41789045174716866 0.8066815608882445
vn 0.5016980339833479 -0.5016980339833479 0.7046972154014001
vn 0.5732210068799796 -0.5732210068799796 0.5855214381583349
vn 0.6307413158837446 -0.6307413158837446 0.45202962831487603
vn 0.6728210469782551 -0.6728210469782551 0.30760961865027775
vn 0.6984835886608106 -0.6984835886608106 0.15569634787955416
vn 0.706563344458645 -0.706563344458645 0.039197965952690046
vn 0.08960198416810633 -0.1340029657644517 0.9869218254752855
vn 0.08960198416810633 -0.1340029657644517 0.9869218254752855
vn 0.17410318902496133 -0.2606048040184927 0.9496174049025331
vn 0.17410318902496133 -0.2606048040184927 0.9496174049025331
vn 0.2544034630583884 -0.38070516448291936 0.8890120672521451
vn 0.2544034630583884 -0.38070516448291936 0.8890120672521451
vn 0.3282967467927139 -0.49139515467710915 0.8066920403754959
vn 0.3282967467927139 -0.49139515467710915 0.8066920403754959
vn 0.3941811407729622 -0.5899717488284496 0.7046662783497072
vn 0.3941811407729622 -0.5899717488284496 0.7046662783497072
vn 0.4503816912372505 -0.6740726307894455 0.5854762340342003
vn 0.4503816912372505 -0.6740726307894455 0.5854762340342003
vn 0.49558953057315647 -0.7416843266664507 0.4519904609210377
vn 0.49558953057315647 -0.7416843266664507 0.4519904609210377
vn 0.5285912275618313 -0.7911868870329948 0.30759490231750464
vn 0.5285912275618313 -0.7911868870329948 0.30759490231750464
vn 0.5488116059934899 -0.8213174215605481 0.15570328887977683
vn 0.5488116059934899 -0.8213174215605481 0.15570328887977683
vn 0.5551274297563135 -0.8308409866987365 0.03920193303421385
vn 0.5551274297563135 -0.8308409866987365 0.03920193303421385
vn 0.06170155774001793 -0.14890375542650167 0.9869248144576869
vn 0.11990094973535752 -0.28960228071623 0.9496074353418454
vn 0.17520481215898012 -0.42301162758318483 0.889024429768812
vn 0.22619464551050808 -0.5459870825638553 0.8066809084240096
vn 0.2715007356839674 -0.6555017809843154 0.704701898429013
vn 0.3101945195681277 -0.7489867744276744 0.5854896854448646
vn 0.34140021275962157 -0.8241005104868245 0.45200026918469915
vn 0.36409940236240257 -0.8790985085222525 0.3075994758013942
vn 0.37800658314576363 -0.9126158493170354 0.1557027124805833
vn 0.3823876225747567 -0.9231701714687368 0.03919873227553075
vn 0.03150063938876641 -0.15810320333959635 0.9869200002086578
vn 0.061100975201825475 -0.307404908188052 0.9496151290134763
vn 0.08930061180953072 -0.4491030658558639 0.8890060950124624
vn 0.11530028308914546 -0.5796014083238189 0.8067019599508909
vn 0.13839768546236741 -0.6958883589892202 0.704688209410339
vn 0.15819829394137525 -0.7950914347225109 0.5854937320116564
vn 0.1739973892847124 -0.8748868804139468 0.45199320238434665
vn 0.18560674428609114 -0.9332338987612724 0.3076111614983318
vn 0.19270488173733447 -0.9688246025890238 0.15570394334383536
vn 0.19490754117056322 -0.9800379031258906 0.0392015156780008
vn 0 -0.16120347399680315 0.9869211923813177
vn 0 -0.31340632111182376 0.9496191225365842
vn 0 -0.45790148769838435 0.8890029401321495
vn 0 -0.5909864617811775 0.8066814749275979
vn 0 -0.7095027191017619 0.704702697303768
vn 0 -0.8106818688892617 0.5854868977647698
vn 0 -0.8920142822572519 0.45200721260736504
vn 0 -0.9515142719155957 0.307604600649818
vn 0 -0.9878042833839707 0.1557006670771838
vn 0 -0.9992313363720514 0.03920122972719404
vn -0.03150063938876641 -0.15810320333959635 0.9869200002086578
vn -0.061100975201825475 -0.307404908188052 0.9496151290134763
vn -0.08930061180953072 -0.4491030658558639 0.8890060950124624
vn -0.11530028308914546 -0.5796014083238189 0.8067019599508909
vn -0.13839768546236741 -0.6958883589892202 0.704688209410339
vn -0.15819829394137525 -0.7950914347225109 0.5854937320116564
vn -0.1739973892847124 -0.8748868804139468 0.45199320238434665
vn -0.18560674428609114 -0.9332338987612724 0.3076111614983318
vn -0.19270488173733447 -0.9688246025890238 0.15570394334383536
vn -0.19490754117056322 -0.9800379031258906 0.0392015156780008
vn -0.06170155774001793 -0.14890375542650167 0.9869248144576869
vn -0.11990094973535752 -0.28960228071623 0.9496074353418454
vn -0.17520481215898012 -0.42301162758318483 0.889024429768812
vn -0.22619464551050808 -0.5459870825638553 0.8066809084240096
vn -0.2715007356839674 -0.6555017809843154 0.704701898429013
vn -0.3101945195681277 -0.7489867744276744 0.5854896854448646
vn -0.34140021275962157 -0.8241005104868245 0.45200026918469915
vn -0.36409940236240257 -0.8790985085222525 0.3075994758013942
vn -0.37800658314576363 -0.9126158493170354 0.1557027124805833
vn -0.3823876225747567 -0.9231701714687368 0.03919873227553075
vn -0.08960198416810633 -0.1340029657644517 0.9869218254752855
vn -0.08960198416810633 -0.1340029657644517 0.9869218254752855
vn -0.17410318902496133 -0.2606048040184927 0.9496174049025331
vn -0.17410318902496133 -0.2606048040184927 0.9496174049025331
vn -0.2544034630583884 -0.38070516448291936 0.8890120672521451
vn -0.2544034630583884 -0.38070516448291936 0.8890120672521451
vn -0.3282967467927139 -0.49139515467710915 0.8066920403754959
vn -0.3282967467927139 -0.49139515467710915 0.8066920403754959
vn -0.3941811407729622 -0.5899717488284496 0.7046662783497072
vn -0.3941811407729622 -0.5899717488284496 0.7046662783497072
vn -0.4503816912372505 -0.6740726307894455 0.5854762340342003
vn -0.4503816912372505 -0.6740726307894455 0.5854762340342003
vn -0.49558953057315647 -0.7416843266664507 0.4519904609210377
vn -0.49558953057315647 -0.7416843266664507 0.4519904609210377
vn -0.5285912275618313 -0.7911868870329948 0.30759490231750464
vn -0.5285912275618313 -0.7911868870329948 0.30759490231750464
vn -0.5488116059934899 -0.8213174215605481 0.15570328887977683
vn -0.5488116059934899 -0.8213174215605481 0.15570328887977683
vn -0.5551274297563135 -0.8308409866987365 0.03920193303421385
vn -0.5551274297563135 -0.8308409866987365 0.03920193303421385
vn -0.11400207691907452 -0.11400207691907452 0.9869179565274283
vn -0.22160517481024375 -0.22160517481024375 0.9496221843420901
vn -0.323797752077771 -0.323797752077771 0.8889938309677771
vn -0.41789045174716866 -0.41789045174716866 0.8066815608882445
vn -0.5016980339833479 -0.5016980339833479 0.7046972154014001
vn -0.5732210068799796 -0.5732210068799796 0.5855214381583349
vn -0.6307413158837446 -0.6307413158837446 0.45202962831487603
vn -0.6728210469782551 -0.6728210469782551 0.30760961865027775
vn -0.6984835886608106 -0.6984835886608106 0.15569634787955416
vn -0.706563344458645 -0.706563344458645 0.039197965952690046
vn -0.1340029657644517 -0.08960198416810633 0.9869218254752855
vn -0.2606048040184927 -0.17410318902496133 0.9496174049025331
vn -0.38070516448291936 -0.2544034630583884 0.8890120672521451
vn -0.4913951615280691 -0.32829676138879227 0.8066920302621275
vn -0.5899717488284496 -0.3941811407729622 0.7046662783497072
vn -0.6740726307894455 -0.4503816912372505 0.5854762340342003
vn -0.7416843266664507 -0.49558953057315647 0.4519904609210377
vn -0.7911868870329948 -0.5285912275618313 0.30759490231750464
vn -0.8213174196549604 -0.5488116047201593 0.15570330341968125
vn -0.8308409866987365 -0.5551274297563135 0.03920193303421385
vn -0.14890375542650167 -0.06170155774001793 0.9869248144576869
vn -0.28960228071623 -0.11990094973535752 0.9496074353418454
vn -0.4230116285329545 -0.17520481510986421 0.8890244287353503
vn -0.5459870825638553 -0.22619464551050808 0.8066809084240096
vn -0.6555017809843154 -0.2715007356839674 0.704701898429013
vn -0.7489867744276744 -0.3101945195681277 0.5854896854448646
vn -0.8241005104868245 -0.34140021275962157 0.45200026918469915
vn -0.8790985085222525 -0.36409940236240257 0.3075994758013942
vn -0.9126158493170354 -0.37800658314576363 0.1557027124805833
vn -0.9231701714687368 -0.3823876225747567 0.03919873227553075
vn -0.15810370525450232 -0.0314007328553379 0.9869231035703567
vn -0.307404908188052 -0.061100975201825475 0.9496151290134763
vn -0.4491030658558639 -0.08930061180953072 0.8890060950124624
vn -0.5796014083238189 -0.11530028308914546 0.8067019599508909
vn -0.6958883589892202 -0.13839768546236741 0.704688209410339
vn -0.7950914347225109 -0.15819829394137525 0.5854937320116564
vn -0.8748868685569748 -0.17399738997359634 0.45199322506974227
vn -0.9332338987612724 -0.18560674428609114 0.3076111614983318
vn -0.9688246025890238 -0.19270488173733447 0.15570394334383536
vn -0.9800379037594685 -0.1949075382494323 0.03920151436223933
vn -0.15879673899461066 -0.007899837391106567 0.9872796909963619
vn -0.15879673899461066 -0.007899837391106567 0.9872796909963619
vn -0.311205813029982 -0.01540028719354222 0.9502177503555196
vn -0.311205813029982 -0.01540028719354222 0.9502177503555196
vn -0.45579908953374176 -0.022499955928033406 0.8897982591371196
vn -0.45579908953374176 -0.022499955928033406 0.8897982591371196
vn -0.5891188386359055 -0.029000924916205803 0.8075258140259581
vn -0.5891188386359055 -0.029000924916205803 0.8075258140259581
vn -0.8091954757611091 -0.03969977878853611 0.5861967328226023
vn -0.8091954757611091 -0.03969977878853611 0.5861967328226023
vn -0.8906541487416632 -0.04369774923572862 0.4525767272419061
vn -0.8906541487416632 -0.04369774923572862 0.4525767272419061
vn -0.9502498046214073 -0.04659753731410887 0.3079837306307548
vn -0.9502498046214073 -0.04659753731410887 0.3079837306307548
vn -0.9865867150962818 -0.04839934904559508 0.15589790443585397
vn -0.9865867150962818 -0.04839934904559508 0.15589790443585397
vn -0.9980291230803253 -0.04900142600865129 0.03920114453221137
vn -0.9980291230803253 -0.04900142600865129 0.03920114453221137
vn 0 0.16120347399680315 0.9869211923813177
vn 0 0.5909864617811775 0.8066814749275979
vn 0 0.8106818688892617 0.5854868977647698
vn 0 0.8920142822572519 0.45200721260736504
vn 0 0.9878042833839707 0.1557006670771838
vn 0.03150063938876641 0.15810320333959635 0.9869200002086578
vn 0.061100975201825475 0.307404908188052 0.9496151290134763
vn 0.08930061180953072 0.4491030658558639 0.8890060950124624
vn 0.11530028308914546 0.5796014083238189 0.8067019599508909
vn 0.13839768546236741 0.6958883589892202 0.704688209410339
vn 0.15819829394137525 0.7950914347225109 0.5854937320116564
vn 0.1739973892847124 0.8748868804139468 0.45199320238434665
vn 0.18560674428609114 0.9332338987612724 0.3076111614983318
vn 0.19270488173733447 0.9688246025890238 0.15570394334383536
vn 0.19490754117056322 0.9800379031258906 0.0392015156780008
vn 0.06170155774001793 0.14890375542650167 0.9869248144576869
vn 0.11990094973535752 0.28960228071623 0.9496074353418454
vn 0.17520481215898012 0.42301162758318483 0.889024429768812
vn 0.22619464551050808 0.5459870825638553 0.8066809084240096
vn 0.2715007356839674 0.6555017809843154 0.704701898429013
vn 0.3101945195681277 0.7489867744276744 0.5854896854448646
vn 0.34140021275962157 0.8241005104868245 0.45200026918469915
vn 0.36409940236240257 0.8790985085222525 0.3075994758013942
vn 0.37800658314576363 0.9126158493170354 0.1557027124805833
vn 0.3823876225747567 0.9231701714687368 0.03919873227553075
vn 0.08960198416810633 0.1340029657644517 0.9869218254752855
vn 0.08960198416810633 0.1340029657644517 0.9869218254752855
vn 0.17410318902496133 0.2606048040184927 0.9496174049025331
vn 0.17410318902496133 0.2606048040184927 0.9496174049025331
vn 0.2544034630583884 0.38070516448291936 0.8890120672521451
vn 0.2544034630583884 0.38070516448291936 0.8890120672521451
vn 0.3282967467927139 0.49139515467710915 0.8066920403754959
vn 0.3282967467927139 0.49139515467710915 0.8066920403754959
vn 0.3941811407729622 0.5899717488284496 0.7046662783497072
vn 0.3941811407729622 0.5899717488284496 0.7046662783497072
vn 0.4503816912372505 0.6740726307894455 0.5854762340342003
vn 0.4503816912372505 0.6740726307894455 0.5854762340342003
vn 0.49558953057315647 0.7416843266664507 0.4519904609210377
vn 0.49558953057315647 0.7416843266664507 0.4519904609210377
vn 0.5285912275618313 0.7911868870329948 0.30759490231750464
vn 0.5285912275618313 0.7911868870329948 0.30759490231750464
vn 0.5488116059934899 0.8213174215605481 0.15570328887977683
vn 0.5488116059934899 0.8213174215605481 0.15570328887977683
vn 0.5551274297563135 0.8308409866987365 0.03920193303421385
vn 0.5551274297563135 0.8308409866987365 0.03920193303421385
vn 0.11400207691907452 0.11400207691907452 0.9869179565274283
vn 0.22160517481024375 0.22160517481024375 0.9496221843420901
vn 0.323797752077771 0.323797752077771 0.8889938309677771
vn 0.41789045174716866 0.41789045174716866 0.8066815608882445
vn 0.5016980339833479 0.5016980339833479 0.7046972154014001
vn 0.5732210068799796 0.5732210068799796 0.5855214381583349
vn 0.6307413158837446 0.6307413158837446 0.45202962831487603
vn 0.6728210469782551 0.6728210469782551 0.30760961865027775
vn 0.6984835886608106 0.6984835886608106 0.15569634787955416
vn 0.706563344458645 0.706563344458645 0.039197965952690046
vn 0.1340029657644517 0.08960198416810633 0.9869218254752855
vn 0.2606048040184927 0.17410318902496133 0.9496174049025331
vn 0.38070516448291936 0.2544034630583884 0.8890120672521451
vn 0.4913951615280691 0.32829676138879227 0.8066920302621275
vn 0.5899717488284496 0.3941811407729622 0.7046662783497072
vn 0.6740726307894455 0.4503816912372505 0.5854762340342003
vn 0.7416843266664507 0.49558953057315647 0.4519904609210377
vn 0.7911868870329948 0.5285912275618313 0.30759490231750464
vn 0.8213174196549604 0.5488116047201593 0.15570330341968125
vn 0.8308409866987365 0.5551274297563135 0.03920193303421385
vn 0.14890375542650167 0.06170155774001793 0.9869248144576869
vn 0.28960228071623 0.11990094973535752 0.9496074353418454
vn 0.4230116285329545 0.17520481510986421 0.8890244287353503
vn 0.5459870825638553 0.22619464551050808 0.8066809084240096
vn 0.6555017809843154 0.2715007356839674 0.704701898429013
vn 0.7489867744276744 0.3101945195681277 0.5854896854448646
vn 0.8241005104868245 0.34140021275962157 0.45200026918469915
vn 0.8790985085222525 0.36409940236240257 0.3075994758013942
vn 0.9126158493170354 0.37800658314576363 0.1557027124805833
vn 0.9231701714687368 0.3823876225747567 0.03919873227553075
vn 0.15810320333959635 0.03150063938876641 0.9869200002086578
vn 0.307404908188052 0.061100975201825475 0.9496151290134763
vn 0.4491030658558639 0.08930061180953072 0.8890060950124624
vn 0.5796014083238189 0.11530028308914546 0.8067019599508909
vn 0.6958883589892202 0.13839768546236741 0.704688209410339
vn 0.7950914347225109 0.15819829394137525 0.5854937320116564
vn 0.8748868685569748 0.17399738997359634 0.45199322506974227
vn 0.9332338987612724 0.18560674428609114 0.3076111614983318
vn 0.9688246025890238 0.19270488173733447 0.15570394334383536
vn 0.9800379037594685 0.1949075382494323 0.03920151436223933
vn 0.15879673899461066 0.007899837391106567 0.9872796909963619
vn 0.15879673899461066 0.007899837391106567 0.9872796909963619
vn 0.311205813029982 0.01540028719354222 0.9502177503555196
vn 0.311205813029982 0.01540028719354222 0.9502177503555196
vn 0.45579908953374176 0.022499955928033406 0.8897982591371196
vn 0.45579908953374176 0.022499955928033406 0.8897982591371196
vn 0.5891188386359055 0.029000924916205803 0.8075258140259581
vn 0.5891188386359055 0.029000924916205803 0.8075258140259581
vn 0.7078774533296804 0.034798893890133846 0.7054775319253686
vn 0.7078774533296804 0.034798893890133846 0.7054775319253686
vn 0.8091954757611091 0.03969977878853611 0.5861967328226023
vn 0.8091954757611091 0.03969977878853611 0.5861967328226023
vn 0.8906541487416632 0.04369774923572862 0.4525767272419061
vn 0.8906541487416632 0.04369774923572862 0.4525767272419061
vn 0.9502498046214073 0.04659753731410887 0.3079837306307548
vn 0.9502498046214073 0.04659753731410887 0.3079837306307548
vn 0.9865867150962818 0.04839934904559508 0.15589790443585397
vn 0.9865867150962818 0.04839934904559508 0.15589790443585397
vn 0.9980291230803253 0.04900142600865129 0.03920114453221137
vn 0.9980291230803253 0.04900142600865129 0.03920114453221137
vn -0.15879673899461066 0.007899837391106567 0.9872796909963619
vn -0.15879673899461066 0.007899837391106567 0.9872796909963619
vn -0.311205813029982 0.01540028719354222 0.9502177503555196
vn -0.311205813029982 0.01540028719354222 0.9502177503555196
vn -0.45579908953374176 0.022499955928033406 0.8897982591371196
vn -0.45579908953374176 0.022499955928033406 0.8897982591371196
vn -0.5891188386359055 0.029000924916205803 0.8075258140259581
vn -0.5891188386359055 0.029000924916205803 0.8075258140259581
vn -0.7078774533296804 0.034798893890133846 0.7054775319253686
vn -0.7078774533296804 0.034798893890133846 0.7054775319253686
vn -0.8091954757611091 0.03969977878853611 0.5861967328226023
vn -0.8091954757611091 0.03969977878853611 0.5861967328226023
vn -0.8906541487416632 0.04369774923572862 0.4525767272419061
vn -0.8906541487416632 0.04369774923572862 0.4525767272419061
vn -0.9502498046214073 0.04659753731410887 0.3079837306307548
vn -0.9502498046214073 0.04659753731410887 0.3079837306307548
vn -0.9865867150962818 0.04839934904559508 0.15589790443585397
vn -0.9865867150962818 0.04839934904559508 0.15589790443585397
vn -0.9980291230803253 0.04900142600865129 0.03920114453221137
vn -0.9980291230803253 0.04900142600865129 0.03920114453221137
vn -0.15810370525450232 0.0314007328553379 0.9869231035703567
vn -0.307404908188052 0.061100975201825475 0.9496151290134763
vn -0.4491030658558639 0.08930061180953072 0.8890060950124624
vn -0.5796014083238189 0.11530028308914546 0.8067019599508909
vn -0.6958883589892202 0.13839768546236741 0.704688209410339
vn -0.7950914347225109 0.15819829394137525 0.5854937320116564
vn -0.8748868685569748 0.17399738997359634 0.45199322506974227
vn -0.9332338987612724 0.18560674428609114 0.3076111614983318
vn -0.9688246025890238 0.19270488173733447 0.15570394334383536
vn -0.9800379037594685 0.1949075382494323 0.03920151436223933
vn -0.14890375542650167 0.06170155774001793 0.9869248144576869
vn -0.28960228071623 0.11990094973535752 0.9496074353418454
vn -0.4230116285329545 0.17520481510986421 0.8890244287353503
vn -0.5459870825638553 0.22619464551050808 0.8066809084240096
vn -0.6555017809843154 0.2715007356839674 0.704701898429013
vn -0.7489867744276744 0.3101945195681277 0.5854896854448646
vn -0.8241005104868245 0.34140021275962157 0.45200026918469915
vn -0.8790985085222525 0.36409940236240257 0.3075994758013942
vn -0.9126158493170354 0.37800658314576363 0.1557027124805833
vn -0.9231701714687368 0.3823876225747567 0.03919873227553075
vn 0 -0.025199557443301643 0.999682440730386
vn 0 -0.025199557443301643 0.999682440730386
vn 0 -0.025199557443301643 0.999682440730386
vn 0 -0.025199557443301643 0.999682440730386
vn 0 -0.025199557443301643 0.999682440730386
vn 0 0 -1
vn 0 0 -1
vn 0.9987938822955086 -0.04909970151707561 0
vn 0.9987938822955086 -0.04909970151707561 0
vn 0 0 -1
vn 0 0 -1
vn -0.9987938822955086 -0.04909970151707561 0
vn -0.9987938822955086 -0.04909970151707561 0
vn -0.7078774533296804 -0.034798893890133846 0.7054775319253686
vn -0.7078774533296804 -0.034798893890133846 0.7054775319253686
vn -0.1340029657644517 0.08960198416810633 0.9869218254752855
vn -0.2606048040184927 0.17410318902496133 0.9496174049025331
vn -0.38070516448291936 0.2544034630583884 0.8890120672521451
vn -0.4913951615280691 0.32829676138879227 0.8066920302621275
vn -0.5899717488284496 0.3941811407729622 0.7046662783497072
vn -0.6740726307894455 0.4503816912372505 0.5854762340342003
vn -0.7416843266664507 0.49558953057315647 0.4519904609210377
vn -0.7911868870329948 0.5285912275618313 0.30759490231750464
vn -0.8213174196549604 0.5488116047201593 0.15570330341968125
vn -0.8308409866987365 0.5551274297563135 0.03920193303421385
vn 0.9502498046214073 -0.04659753731410887 0.3079837306307548
vn 0.9502498046214073 -0.04659753731410887 0.3079837306307548
vn 0.8906541487416632 -0.04369774923572862 0.4525767272419061
vn 0.8906541487416632 -0.04369774923572862 0.4525767272419061
vn 0.8091954757611091 -0.03969977878853611 0.5861967328226023
vn 0.8091954757611091 -0.03969977878853611 0.5861967328226023
vn -0.11400207691907452 0.11400207691907452 0.9869179565274283
vn -0.22160517481024375 0.22160517481024375 0.9496221843420901
vn -0.323797752077771 0.323797752077771 0.8889938309677771
vn -0.41789045174716866 0.41789045174716866 0.8066815608882445
vn -0.5016980339833479 0.5016980339833479 0.7046972154014001
vn -0.5732210068799796 0.5732210068799796 0.5855214381583349
vn -0.6307413158837446 0.6307413158837446 0.45202962831487603
vn -0.6728210469782551 0.6728210469782551 0.30760961865027775
vn -0.6984835886608106 0.6984835886608106 0.15569634787955416
vn -0.706563344458645 0.706563344458645 0.039197965952690046
vn 0.7078774533296804 -0.034798893890133846 0.7054775319253686
vn 0.7078774533296804 -0.034798893890133846 0.7054775319253686
vn 0.311205813029982 -0.01540028719354222 0.9502177503555196
vn 0.311205813029982 -0.01540028719354222 0.9502177503555196
vn 0.15879673899461066 -0.007899837391106567 0.9872796909963619
vn 0.15879673899461066 -0.007899837391106567 0.9872796909963619
vn 0 0 -1
vn 0 1 0
vn 0 0 -1
vn -0.19509681551477404 0.9807839887436958 0
vn 0 0 -1
vn -0.3826903247240456 0.9238766775726099 0
vn 0 0 -1
vn -0.5555767641517567 0.831465248302455 0
vn -0.5555767641517567 0.831465248302455 0
vn -0.08960198416810633 0.1340029657644517 0.9869218254752855
vn -0.08960198416810633 0.1340029657644517 0.9869218254752855
vn -0.17410318902496133 0.2606048040184927 0.9496174049025331
vn -0.17410318902496133 0.2606048040184927 0.9496174049025331
vn -0.2544034630583884 0.38070516448291936 0.8890120672521451
vn -0.2544034630583884 0.38070516448291936 0.8890120672521451
vn -0.3282967467927139 0.49139515467710915 0.8066920403754959
vn -0.3282967467927139 0.49139515467710915 0.8066920403754959
vn -0.3941811407729622 0.5899717488284496 0.7046662783497072
vn -0.3941811407729622 0.5899717488284496 0.7046662783497072
vn -0.4503816912372505 0.6740726307894455 0.5854762340342003
vn -0.4503816912372505 0.6740726307894455 0.5854762340342003
vn -0.49558953057315647 0.7416843266664507 0.4519904609210377
vn -0.49558953057315647 0.7416843266664507 0.4519904609210377
vn -0.5285912275618313 0.7911868870329948 0.30759490231750464
vn -0.5285912275618313 0.7911868870329948 0.30759490231750464
vn -0.5488116059934899 0.8213174215605481 0.15570328887977683
vn -0.5488116059934899 0.8213174215605481 0.15570328887977683
vn -0.5551274297563135 0.8308409866987365 0.03920193303421385
vn -0.5551274297563135 0.8308409866987365 0.03920193303421385
vn 0 0 -1
vn -0.7071067811865476 0.7071067811865476 0
vn 0 0 -1
vn -0.831465248302455 0.5555767641517567 0
vn 0 0 -1
vn -0.9238766775726099 0.3826903247240456 0
vn 0 0 -1
vn -0.9807839887436958 0.19509681551477404 0
vn 0 0 -1
vn 0 0 -1
vn -0.9987938822955086 0.04909970151707561 0
vn -0.9987938822955086 0.04909970151707561 0
vn 0 0 -1
vn 0 0 -1
vn 0.9987938822955086 0.04909970151707561 0
vn 0.9987938822955086 0.04909970151707561 0
vn 0 0 -1
vn 0.9807839887436958 0.19509681551477404 0
vn 0 0 -1
vn 0.9238766775726099 0.3826903247240456 0
vn 0 0 -1
vn 0.831465248302455 0.5555767641517567 0
vn -0.06170155774001793 0.14890375542650167 0.9869248144576869
vn -0.11990094973535752 0.28960228071623 0.9496074353418454
vn -0.17520481215898012 0.42301162758318483 0.889024429768812
vn -0.22619464551050808 0.5459870825638553 0.8066809084240096
vn -0.2715007356839674 0.6555017809843154 0.704701898429013
vn -0.3101945195681277 0.7489867744276744 0.5854896854448646
vn -0.34140021275962157 0.8241005104868245 0.45200026918469915
vn -0.36409940236240257 0.8790985085222525 0.3075994758013942
vn -0.37800658314576363 0.9126158493170354 0.1557027124805833
vn -0.3823876225747567 0.9231701714687368 0.03919873227553075
vn 0 0 -1
vn 0.7071067811865476 0.7071067811865476 0
vn 0 0 -1
vn 0.5555767641517567 0.831465248302455 0
vn 0.5555767641517567 0.831465248302455 0
vn 0 0 -1
vn 0.3826903247240456 0.9238766775726099 0
vn 0 0 -1
vn 0.19509681551477404 0.9807839887436958 0
vn 0 0 -1
vn -0.9807839887436958 -0.19509681551477404 0
vn 0 0 -1
vn -0.9238766775726099 -0.3826903247240456 0
vn 0 0 -1
vn -0.831465248302455 -0.5555767641517567 0
vn 0 0 -1
vn -0.7071067811865476 -0.7071067811865476 0
vn -0.03150063938876641 0.15810320333959635 0.9869200002086578
vn -0.061100975201825475 0.307404908188052 0.9496151290134763
vn -0.08930061180953072 0.4491030658558639 0.8890060950124624
vn -0.11530028308914546 0.5796014083238189 0.8067019599508909
vn -0.13839768546236741 0.6958883589892202 0.704688209410339
vn -0.15819829394137525 0.7950914347225109 0.5854937320116564
vn -0.1739973892847124 0.8748868804139468 0.45199320238434665
vn -0.18560674428609114 0.9332338987612724 0.3076111614983318
vn -0.19270488173733447 0.9688246025890238 0.15570394334383536
vn -0.19490754117056322 0.9800379031258906 0.0392015156780008
vn 0 0 -1
vn -0.5555767641517567 -0.831465248302455 0
vn -0.5555767641517567 -0.831465248302455 0
vn 0 0 -1
vn -0.3826903247240456 -0.9238766775726099 0
vn 0 0 -1
vn -0.19509681551477404 -0.9807839887436958 0
vn 0 0 -1
vn 0 -1 0
vn 0 0 -1
vn 0.19509681551477404 -0.9807839887436958 0
vn 0 0 -1
vn 0.3826903247240456 -0.9238766775726099 0
vn 0 0 -1
vn 0.5555767641517567 -0.831465248302455 0
vn 0.5555767641517567 -0.831465248302455 0
vn 0 0 -1
vn 0.7071067811865476 -0.7071067811865476 0
vn 0 0 -1
vn 0.831465248302455 -0.5555767641517567 0
vn 0 0.025199557443301643 0.999682440730386
vn 0 0.025199557443301643 0.999682440730386
vn 0 0.025199557443301643 0.999682440730386
vn 0 0.025199557443301643 0.999682440730386
vn 0 0.025199557443301643 0.999682440730386
vn 0 0.31340632111182376 0.9496191225365842
vn 0 0.45790148769838435 0.8890029401321495
vn 0 0.7095027191017619 0.704702697303768
vn 0 0.9515142719155957 0.307604600649818
vn 0 0.9992313363720514 0.03920122972719404
vn 0 0 -1
vn 0.9238766775726099 -0.3826903247240456 0
vn 0 0 -1
vn 0.9807839887436958 -0.19509681551477404 0
f 3448/3448/3448 3449/3449/3449 3092/3092/3092
f 3448/3448/3448 3092/3092/3092 3093/3093/3093
f 3446/3446/3446 3448/3448/3448 3093/3093/3093
f 3446/3446/3446 3093/3093/3093 3094/3094/3094
f 3465/3465/3465 3420/3420/3420 3087/3087/3087
f 3084/3084/3084 3446/3446/3446 3094/3094/3094
f 3084/3084/3084 3094/3094/3094 3095/3095/3095
f 3463/3463/3463 3465/3465/3465 3087/3087/3087
f 3463/3463/3463 3087/3087/3087 3088/3088/3088
f 3086/3086/3086 3084/3084/3084 3095/3095/3095
f 3086/3086/3086 3095/3095/3095 3096/3096/3096
f 3079/3079/3079 3463/3463/3463 3088/3088/3088
f 3079/3079/3079 3088/3088/3088 3089/3089/3089
f 3081/3081/3081 3079/3079/3079 3089/3089/3089
f 3081/3081/3081 3089/3089/3089 3090/3090/3090
f 3461/3461/3461 3081/3081/3081 3090/3090/3090
f 3461/3461/3461 3090/3090/3090 3091/3091/3091
f 3449/3449/3449 3461/3461/3461 3091/3091/3091
f 3449/3449/3449 3091/3091/3091 3092/3092/3092
f 3096/3096/3096 3095/3095/3095 3105/3105/3105
f 3096/3096/3096 3105/3105/3105 3106/3106/3106
f 3089/3089/3089 3088/3088/3088 3098/3098/3098
f 3089/3089/3089 3098/3098/3098 3099/3099/3099
f 3090/3090/3090 3089/3089/3089 3099/3099/3099
f 3090/3090/3090 3099/3099/3099 3100/3100/3100
f 3091/3091/3091 3090/3090/3090 3100/3100/3100
f 3091/3091/3091 3100/3100/3100 3101/3101/3101
f 3092/3092/3092 3091/3091/3091 3101/3101/3101
f 3092/3092/3092 3101/3101/3101 3102/3102/3102
f 3093/3093/3093 3092/3092/3092 3102/3102/3102
f 3093/3093/3093 3102/3102/3102 3103/3103/3103
f 3094/3094/3094 3093/3093/3093 3103/3103/3103
f 3094/3094/3094 3103/3103/3103 3104/3104/3104
f 3087/3087/3087 3420/3420/3420 3097/3097/3097
f 3095/3095/3095 3094/3094/3094 3104/3104/3104
f 3095/3095/3095 3104/3104/3104 3105/3105/3105
f 3088/3088/3088 3087/3087/3087 3097/3097/3097
f 3088/3088/3088 3097/3097/3097 3098/3098/3098
f 3102/3102/3102 3101/3101/3101 3111/3111/3111
f 3102/3102/3102 3111/3111/3111 3112/3112/3112
f 3103/3103/3103 3102/3102/3102 3112/3112/3112
f 3103/3103/3103 3112/3112/3112 3113/3113/3113
f 3104/3104/3104 3103/3103/3103 3113/3113/3113
f 3104/3104/3104 3113/3113/3113 3114/3114/3114
f 3097/3097/3097 3420/3420/3420 3107/3107/3107
f 3105/3105/3105 3104/3104/3104 3114/3114/3114
f 3105/3105/3105 3114/3114/3114 3115/3115/3115
f 3098/3098/3098 3097/3097/3097 3107/3107/3107
f 3098/3098/3098 3107/3107/3107 3108/3108/3108
f 3106/3106/3106 3105/3105/3105 3115/3115/3115
f 3106/3106/3106 3115/3115/3115 3116/3116/3116
f 3099/3099/3099 3098/3098/3098 3108/3108/3108
f 3099/3099/3099 3108/3108/3108 3109/3109/3109
f 3100/3100/3100 3099/3099/3099 3109/3109/3109
f 3100/3100/3100 3109/3109/3109 3110/3110/3110
f 3101/3101/3101 3100/3100/3100 3110/3110/3110
f 3101/3101/3101 3110/3110/3110 3111/3111/3111
f 3115/3115/3115 3114/3114/3114 3124/3124/3124
f 3115/3115/3115 3124/3124/3124 3125/3125/3125
f 3108/3108/3108 3107/3107/3107 3117/3117/3117
f 3108/3108/3108 3117/3117/3117 3118/3118/3118
f 3116/3116/3116 3115/3115/3115 3125/3125/3125
f 3116/3116/3116 3125/3125/3125 3126/3126/3126
f 3109/3109/3109 3108/3108/3108 3118/3118/3118
f 3109/3109/3109 3118/3118/3118 3119/3119/3119
f 3110/3110/3110 3109/3109/3109 3119/3119/3119
f 3110/3110/3110 3119/3119/3119 3120/3120/3120
f 3111/3111/3111 3110/3110/3110 3120/3120/3120
f 3111/3111/3111 3120/3120/3120 3121/3121/3121
f 3112/3112/3112 3111/3111/3111 3121/3121/3121
f 3112/3112/3112 3121/3121/3121 3122/3122/3122
f 3113/3113/3113 3112/3112/3112 3122/3122/3122
f 3113/3113/3113 3122/3122/3122 3123/3123/3123
f 3114/3114/3114 3113/3113/3113 3123/3123/3123
f 3114/3114/3114 3123/3123/3123 3124/3124/3124
f 3107/3107/3107 3420/3420/3420 3117/3117/3117
f 3121/3121/3121 3120/3120/3120 3133/3133/3133
f 3121/3121/3121 3133/3133/3133 3136/3136/3136
f 3122/3122/3122 3121/3121/3121 3136/3136/3136
f 3122/3122/3122 3136/3136/3136 3138/3138/3138
f 3123/3123/3123 3122/3122/3122 3138/3138/3138
f 3123/3123/3123 3138/3138/3138 3140/3140/3140
f 3124/3124/3124 3123/3123/3123 3140/3140/3140
f 3124/3124/3124 3140/3140/3140 3142/3142/3142
f 3117/3117/3117 3420/3420/3420 3127/3127/3127
f 3125/3125/3125 3124/3124/3124 3142/3142/3142
f 3125/3125/3125 3142/3142/3142 3144/3144/3144
f 3118/3118/3118 3117/3117/3117 3127/3127/3127
f 3118/3118/3118 3127/3127/3127 3129/3129/3129
f 3126/3126/3126 3125/3125/3125 3144/3144/3144
f 3126/3126/3126 3144/3144/3144 3146/3146/3146
f 3119/3119/3119 3118/3118/3118 3129/3129/3129
f 3119/3119/3119 3129/3129/3129 3131/3131/3131
f 3120/3120/3120 3119/3119/3119 3131/3131/3131
f 3120/3120/3120 3131/3131/3131 3133/3133/3133
f 3128/3128/3128 3421/3421/3421 3147/3147/3147
f 3143/3143/3143 3141/3141/3141 3154/3154/3154
f 3143/3143/3143 3154/3154/3154 3155/3155/3155
f 3130/3130/3130 3128/3128/3128 3147/3147/3147
f 3130/3130/3130 3147/3147/3147 3148/3148/3148
f 3145/3145/3145 3143/3143/3143 3155/3155/3155
f 3145/3145/3145 3155/3155/3155 3156/3156/3156
f 3132/3132/3132 3130/3130/3130 3148/3148/3148
f 3132/3132/3132 3148/3148/3148 3149/3149/3149
f 3134/3134/3134 3132/3132/3132 3149/3149/3149
f 3134/3134/3134 3149/3149/3149 3150/3150/3150
f 3135/3135/3135 3134/3134/3134 3150/3150/3150
f 3135/3135/3135 3150/3150/3150 3151/3151/3151
f 3137/3137/3137 3135/3135/3135 3151/3151/3151
f 3137/3137/3137 3151/3151/3151 3152/3152/3152
f 3139/3139/3139 3137/3137/3137 3152/3152/3152
f 3139/3139/3139 3152/3152/3152 3153/3153/3153
f 3141/3141/3141 3139/3139/3139 3153/3153/3153
f 3141/3141/3141 3153/3153/3153 3154/3154/3154
f 3151/3151/3151 3150/3150/3150 3160/3160/3160
f 3151/3151/3151 3160/3160/3160 3161/3161/3161
f 3152/3152/3152 3151/3151/3151 3161/3161/3161
f 3152/3152/3152 3161/3161/3161 3162/3162/3162
f 3153/3153/3153 3152/3152/3152 3162/3162/3162
f 3153/3153/3153 3162/3162/3162 3163/3163/3163
f 3154/3154/3154 3153/3153/3153 3163/3163/3163
f 3154/3154/3154 3163/3163/3163 3164/3164/3164
f 3147/3147/3147 3421/3421/3421 3157/3157/3157
f 3155/3155/3155 3154/3154/3154 3164/3164/3164
f 3155/3155/3155 3164/3164/3164 3165/3165/3165
f 3148/3148/3148 3147/3147/3147 3157/3157/3157
f 3148/3148/3148 3157/3157/3157 3158/3158/3158
f 3156/3156/3156 3155/3155/3155 3165/3165/3165
f 3156/3156/3156 3165/3165/3165 3166/3166/3166
f 3149/3149/3149 3148/3148/3148 3158/3158/3158
f 3149/3149/3149 3158/3158/3158 3159/3159/3159
f 3150/3150/3150 3149/3149/3149 3159/3159/3159
f 3150/3150/3150 3159/3159/3159 3160/3160/3160
f 3164/3164/3164 3163/3163/3163 3173/3173/3173
f 3164/3164/3164 3173/3173/3173 3174/3174/3174
f 3157/3157/3157 3421/3421/3421 3167/3167/3167
f 3165/3165/3165 3164/3164/3164 3174/3174/3174
f 3165/3165/3165 3174/3174/3174 3175/3175/3175
f 3158/3158/3158 3157/3157/3157 3167/3167/3167
f 3158/3158/3158 3167/3167/3167 3168/3168/3168
f 3166/3166/3166 3165/3165/3165 3175/3175/3175
f 3166/3166/3166 3175/3175/3175 3176/3176/3176
f 3159/3159/3159 3158/3158/3158 3168/3168/3168
f 3159/3159/3159 3168/3168/3168 3169/3169/3169
f 3160/3160/3160 3159/3159/3159 3169/3169/3169
f 3160/3160/3160 3169/3169/3169 3170/3170/3170
f 3161/3161/3161 3160/3160/3160 3170/3170/3170
f 3161/3161/3161 3170/3170/3170 3171/3171/3171
f 3162/3162/3162 3161/3161/3161 3171/3171/3171
f 3162/3162/3162 3171/3171/3171 3172/3172/3172
f 3163/3163/3163 3162/3162/3162 3172/3172/3172
f 3163/3163/3163 3172/3172/3172 3173/3173/3173
f 3170/3170/3170 3169/3169/3169 3179/3179/3179
f 3170/3170/3170 3179/3179/3179 3180/3180/3180
f 3171/3171/3171 3170/3170/3170 3180/3180/3180
f 3171/3171/3171 3180/3180/3180 3181/3181/3181
f 3172/3172/3172 3171/3171/3171 3181/3181/3181
f 3172/3172/3172 3181/3181/3181 3182/3182/3182
f 3173/3173/3173 3172/3172/3172 3182/3182/3182
f 3173/3173/3173 3182/3182/3182 3183/3183/3183
f 3174/3174/3174 3173/3173/3173 3183/3183/3183
f 3174/3174/3174 3183/3183/3183 3184/3184/3184
f 3167/3167/3167 3421/3421/3421 3177/3177/3177
f 3175/3175/3175 3174/3174/3174 3184/3184/3184
f 3175/3175/3175 3184/3184/3184 3185/3185/3185
f 3168/3168/3168 3167/3167/3167 3177/3177/3177
f 3168/3168/3168 3177/3177/3177 3178/3178/3178
f 3176/3176/3176 3175/3175/3175 3185/3185/3185
f 3176/3176/3176 3185/3185/3185 3186/3186/3186
f 3169/3169/3169 3168/3168/3168 3178/3178/3178
f 3169/3169/3169 3178/3178/3178 3179/3179/3179
f 3184/3184/3184 3183/3183/3183 3193/3193/3193
f 3184/3184/3184 3193/3193/3193 3194/3194/3194
f 3177/3177/3177 3421/3421/3421 3187/3187/3187
f 3185/3185/3185 3184/3184/3184 3194/3194/3194
f 3185/3185/3185 3194/3194/3194 3195/3195/3195
f 3178/3178/3178 3177/3177/3177 3187/3187/3187
f 3178/3178/3178 3187/3187/3187 3188/3188/3188
f 3186/3186/3186 3185/3185/3185 3195/3195/3195
f 3186/3186/3186 3195/3195/3195 3196/3196/3196
f 3179/3179/3179 3178/3178/3178 3188/3188/3188
f 3179/3179/3179 3188/3188/3188 3189/3189/3189
f 3180/3180/3180 3179/3179/3179 3189/3189/3189
f 3180/3180/3180 3189/3189/3189 3190/3190/3190
f 3181/3181/3181 3180/3180/3180 3190/3190/3190
f 3181/3181/3181 3190/3190/3190 3191/3191/3191
f 3182/3182/3182 3181/3181/3181 3191/3191/3191
f 3182/3182/3182 3191/3191/3191 3192/3192/3192
f 3183/3183/3183 3182/3182/3182 3192/3192/3192
f 3183/3183/3183 3192/3192/3192 3193/3193/3193
f 3190/3190/3190 3189/3189/3189 3201/3201/3201
f 3190/3190/3190 3201/3201/3201 3203/3203/3203
f 3191/3191/3191 3190/3190/3190 3203/3203/3203
f 3191/3191/3191 3203/3203/3203 3205/3205/3205
f 3192/3192/3192 3191/3191/3191 3205/3205/3205
f 3192/3192/3192 3205/3205/3205 3207/3207/3207
f 3193/3193/3193 3192/3192/3192 3207/3207/3207
f 3193/3193/3193 3207/3207/3207 3209/3209/3209
f 3194/3194/3194 3193/3193/3193 3209/3209/3209
f 3194/3194/3194 3209/3209/3209 3211/3211/3211
f 3187/3187/3187 3421/3421/3421 3197/3197/3197
f 3195/3195/3195 3194/3194/3194 3211/3211/3211
f 3195/3195/3195 3211/3211/3211 3213/3213/3213
f 3188/3188/3188 3187/3187/3187 3197/3197/3197
f 3188/3188/3188 3197/3197/3197 3199/3199/3199
f 3196/3196/3196 3195/3195/3195 3213/3213/3213
f 3196/3196/3196 3213/3213/3213 3215/3215/3215
f 3189/3189/3189 3188/3188/3188 3199/3199/3199
f 3189/3189/3189 3199/3199/3199 3201/3201/3201
f 3210/3210/3210 3208/3208/3208 3222/3222/3222
f 3210/3210/3210 3222/3222/3222 3223/3223/3223
f 3212/3212/3212 3210/3210/3210 3223/3223/3223
f 3212/3212/3212 3223/3223/3223 3224/3224/3224
f 3198/3198/3198 3424/3424/3424 3217/3217/3217
f 3214/3214/3214 3212/3212/3212 3224/3224/3224
f 3214/3214/3214 3224/3224/3224 3225/3225/3225
f 3200/3200/3200 3198/3198/3198 3217/3217/3217
f 3200/3200/3200 3217/3217/3217 3218/3218/3218
f 3216/3216/3216 3214/3214/3214 3225/3225/3225
f 3216/3216/3216 3225/3225/3225 3226/3226/3226
f 3202/3202/3202 3200/3200/3200 3218/3218/3218
f 3202/3202/3202 3218/3218/3218 3219/3219/3219
f 3204/3204/3204 3202/3202/3202 3219/3219/3219
f 3204/3204/3204 3219/3219/3219 3220/3220/3220
f 3206/3206/3206 3204/3204/3204 3220/3220/3220
f 3206/3206/3206 3220/3220/3220 3221/3221/3221
f 3208/3208/3208 3206/3206/3206 3221/3221/3221
f 3208/3208/3208 3221/3221/3221 3222/3222/3222
f 3226/3226/3226 3225/3225/3225 3235/3235/3235
f 3226/3226/3226 3235/3235/3235 3236/3236/3236
f 3219/3219/3219 3218/3218/3218 3228/3228/3228
f 3219/3219/3219 3228/3228/3228 3229/3229/3229
f 3220/3220/3220 3219/3219/3219 3229/3229/3229
f 3220/3220/3220 3229/3229/3229 3230/3230/3230
f 3221/3221/3221 3220/3220/3220 3230/3230/3230
f 3221/3221/3221 3230/3230/3230 3231/3231/3231
f 3222/3222/3222 3221/3221/3221 3231/3231/3231
f 3222/3222/3222 3231/3231/3231 3232/3232/3232
f 3223/3223/3223 3222/3222/3222 3232/3232/3232
f 3223/3223/3223 3232/3232/3232 3233/3233/3233
f 3224/3224/3224 3223/3223/3223 3233/3233/3233
f 3224/3224/3224 3233/3233/3233 3234/3234/3234
f 3217/3217/3217 3424/3424/3424 3227/3227/3227
f 3225/3225/3225 3224/3224/3224 3234/3234/3234
f 3225/3225/3225 3234/3234/3234 3235/3235/3235
f 3218/3218/3218 3217/3217/3217 3227/3227/3227
f 3218/3218/3218 3227/3227/3227 3228/3228/3228
f 3232/3232/3232 3231/3231/3231 3241/3241/3241
f 3232/3232/3232 3241/3241/3241 3242/3242/3242
f 3233/3233/3233 3232/3232/3232 3242/3242/3242
f 3233/3233/3233 3242/3242/3242 3243/3243/3243
f 3234/3234/3234 3233/3233/3233 3243/3243/3243
f 3234/3234/3234 3243/3243/3243 3244/3244/3244
f 3227/3227/3227 3424/3424/3424 3237/3237/3237
f 3235/3235/3235 3234/3234/3234 3244/3244/3244
f 3235/3235/3235 3244/3244/3244 3245/3245/3245
f 3228/3228/3228 3227/3227/3227 3237/3237/3237
f 3228/3228/3228 3237/3237/3237 3238/3238/3238
f 3236/3236/3236 3235/3235/3235 3245/3245/3245
f 3236/3236/3236 3245/3245/3245 3246/3246/3246
f 3229/3229/3229 3228/3228/3228 3238/3238/3238
f 3229/3229/3229 3238/3238/3238 3239/3239/3239
f 3230/3230/3230 3229/3229/3229 3239/3239/3239
f 3230/3230/3230 3239/3239/3239 3240/3240/3240
f 3231/3231/3231 3230/3230/3230 3240/3240/3240
f 3231/3231/3231 3240/3240/3240 3241/3241/3241
f 3238/3238/3238 3237/3237/3237 3247/3247/3247
f 3238/3238/3238 3247/3247/3247 3248/3248/3248
f 3246/3246/3246 3245/3245/3245 3255/3255/3255
f 3246/3246/3246 3255/3255/3255 3256/3256/3256
f 3239/3239/3239 3238/3238/3238 3248/3248/3248
f 3239/3239/3239 3248/3248/3248 3249/3249/3249
f 3240/3240/3240 3239/3239/3239 3249/3249/3249
f 3240/3240/3240 3249/3249/3249 3250/3250/3250
f 3241/3241/3241 3240/3240/3240 3250/3250/3250
f 3241/3241/3241 3250/3250/3250 3251/3251/3251
f 3242/3242/3242 3241/3241/3241 3251/3251/3251
f 3242/3242/3242 3251/3251/3251 3252/3252/3252
f 3243/3243/3243 3242/3242/3242 3252/3252/3252
f 3243/3243/3243 3252/3252/3252 3253/3253/3253
f 3244/3244/3244 3243/3243/3243 3253/3253/3253
f 3244/3244/3244 3253/3253/3253 3254/3254/3254
f 3237/3237/3237 3424/3424/3424 3247/3247/3247
f 3245/3245/3245 3244/3244/3244 3254/3254/3254
f 3245/3245/3245 3254/3254/3254 3255/3255/3255
f 3252/3252/3252 3251/3251/3251 3434/3434/3434
f 3252/3252/3252 3434/3434/3434 3266/3266/3266
f 3253/3253/3253 3252/3252/3252 3266/3266/3266
f 3253/3253/3253 3266/3266/3266 3268/3268/3268
f 3254/3254/3254 3253/3253/3253 3268/3268/3268
f 3254/3254/3254 3268/3268/3268 3270/3270/3270
f 3247/3247/3247 3424/3424/3424 3258/3258/3258
f 3255/3255/3255 3254/3254/3254 3270/3270/3270
f 3255/3255/3255 3270/3270/3270 3272/3272/3272
f 3248/3248/3248 3247/3247/3247 3258/3258/3258
f 3248/3248/3248 3258/3258/3258 3260/3260/3260
f 3256/3256/3256 3255/3255/3255 3272/3272/3272
f 3256/3256/3256 3272/3272/3272 3274/3274/3274
f 3249/3249/3249 3248/3248/3248 3260/3260/3260
f 3249/3249/3249 3260/3260/3260 3262/3262/3262
f 3250/3250/3250 3249/3249/3249 3262/3262/3262
f 3250/3250/3250 3262/3262/3262 3264/3264/3264
f 3251/3251/3251 3250/3250/3250 3264/3264/3264
f 3251/3251/3251 3264/3264/3264 3434/3434/3434
f 3584/3584/3584 3279/3279/3279 3288/3288/3288
f 3584/3584/3584 3288/3288/3288 3289/3289/3289
f 3581/3581/3581 3580/3580/3580 3281/3281/3281
f 3581/3581/3581 3281/3281/3281 3282/3282/3282
f 3276/3276/3276 3581/3581/3581 3282/3282/3282
f 3276/3276/3276 3282/3282/3282 3283/3283/3283
f 3582/3582/3582 3276/3276/3276 3283/3283/3283
f 3582/3582/3582 3283/3283/3283 3284/3284/3284
f 3277/3277/3277 3582/3582/3582 3284/3284/3284
f 3277/3277/3277 3284/3284/3284 3285/3285/3285
f 3278/3278/3278 3277/3277/3277 3285/3285/3285
f 3278/3278/3278 3285/3285/3285 3286/3286/3286
f 3583/3583/3583 3278/3278/3278 3286/3286/3286
f 3583/3583/3583 3286/3286/3286 3287/3287/3287
f 3275/3275/3275 3576/3576/3576 3280/3280/3280
f 3279/3279/3279 3583/3583/3583 3287/3287/3287
f 3279/3279/3279 3287/3287/3287 3288/3288/3288
f 3580/3580/3580 3275/3275/3275 3280/3280/3280
f 3580/3580/3580 3280/3280/3280 3281/3281/3281
f 3284/3284/3284 3283/3283/3283 3293/3293/3293
f 3284/3284/3284 3293/3293/3293 3294/3294/3294
f 3285/3285/3285 3284/3284/3284 3294/3294/3294
f 3285/3285/3285 3294/3294/3294 3295/3295/3295
f 3286/3286/3286 3285/3285/3285 3295/3295/3295
f 3286/3286/3286 3295/3295/3295 3296/3296/3296
f 3287/3287/3287 3286/3286/3286 3296/3296/3296
f 3287/3287/3287 3296/3296/3296 3297/3297/3297
f 3280/3280/3280 3576/3576/3576 3290/3290/3290
f 3288/3288/3288 3287/3287/3287 3297/3297/3297
f 3288/3288/3288 3297/3297/3297 3298/3298/3298
f 3281/3281/3281 3280/3280/3280 3290/3290/3290
f 3281/3281/3281 3290/3290/3290 3291/3291/3291
f 3289/3289/3289 3288/3288/3288 3298/3298/3298
f 3289/3289/3289 3298/3298/3298 3299/3299/3299
f 3282/3282/3282 3281/3281/3281 3291/3291/3291
f 3282/3282/3282 3291/3291/3291 3292/3292/3292
f 3283/3283/3283 3282/3282/3282 3292/3292/3292
f 3283/3283/3283 3292/3292/3292 3293/3293/3293
f 3297/3297/3297 3296/3296/3296 3312/3312/3312
f 3297/3297/3297 3312/3312/3312 3314/3314/3314
f 3290/3290/3290 3576/3576/3576 3300/3300/3300
f 3298/3298/3298 3297/3297/3297 3314/3314/3314
f 3298/3298/3298 3314/3314/3314 3316/3316/3316
f 3291/3291/3291 3290/3290/3290 3300/3300/3300
f 3291/3291/3291 3300/3300/3300 3302/3302/3302
f 3299/3299/3299 3298/3298/3298 3316/3316/3316
f 3299/3299/3299 3316/3316/3316 3318/3318/3318
f 3292/3292/3292 3291/3291/3291 3302/3302/3302
f 3292/3292/3292 3302/3302/3302 3304/3304/3304
f 3293/3293/3293 3292/3292/3292 3304/3304/3304
f 3293/3293/3293 3304/3304/3304 3306/3306/3306
f 3294/3294/3294 3293/3293/3293 3306/3306/3306
f 3294/3294/3294 3306/3306/3306 3308/3308/3308
f 3295/3295/3295 3294/3294/3294 3308/3308/3308
f 3295/3295/3295 3308/3308/3308 3310/3310/3310
f 3296/3296/3296 3295/3295/3295 3310/3310/3310
f 3296/3296/3296 3310/3310/3310 3312/3312/3312
f 3307/3307/3307 3305/3305/3305 3322/3322/3322
f 3307/3307/3307 3322/3322/3322 3323/3323/3323
f 3309/3309/3309 3307/3307/3307 3323/3323/3323
f 3309/3309/3309 3323/3323/3323 3324/3324/3324
f 3311/3311/3311 3309/3309/3309 3324/3324/3324
f 3311/3311/3311 3324/3324/3324 3325/3325/3325
f 3313/3313/3313 3311/3311/3311 3325/3325/3325
f 3313/3313/3313 3325/3325/3325 3326/3326/3326
f 3315/3315/3315 3313/3313/3313 3326/3326/3326
f 3315/3315/3315 3326/3326/3326 3327/3327/3327
f 3301/3301/3301 3578/3578/3578 3320/3320/3320
f 3317/3317/3317 3315/3315/3315 3327/3327/3327
f 3317/3317/3317 3327/3327/3327 3328/3328/3328
f 3303/3303/3303 3301/3301/3301 3320/3320/3320
f 3303/3303/3303 3320/3320/3320 3321/3321/3321
f 3319/3319/3319 3317/3317/3317 3328/3328/3328
f 3319/3319/3319 3328/3328/3328 3329/3329/3329
f 3305/3305/3305 3303/3303/3303 3321/3321/3321
f 3305/3305/3305 3321/3321/3321 3322/3322/3322
f 3327/3327/3327 3326/3326/3326 3336/3336/3336
f 3327/3327/3327 3336/3336/3336 3337/3337/3337
f 3320/3320/3320 3578/3578/3578 3330/3330/3330
f 3328/3328/3328 3327/3327/3327 3337/3337/3337
f 3328/3328/3328 3337/3337/3337 3338/3338/3338
f 3321/3321/3321 3320/3320/3320 3330/3330/3330
f 3321/3321/3321 3330/3330/3330 3331/3331/3331
f 3329/3329/3329 3328/3328/3328 3338/3338/3338
f 3329/3329/3329 3338/3338/3338 3339/3339/3339
f 3322/3322/3322 3321/3321/3321 3331/3331/3331
f 3322/3322/3322 3331/3331/3331 3332/3332/3332
f 3323/3323/3323 3322/3322/3322 3332/3332/3332
f 3323/3323/3323 3332/3332/3332 3333/3333/3333
f 3324/3324/3324 3323/3323/3323 3333/3333/3333
f 3324/3324/3324 3333/3333/3333 3334/3334/3334
f 3325/3325/3325 3324/3324/3324 3334/3334/3334
f 3325/3325/3325 3334/3334/3334 3335/3335/3335
f 3326/3326/3326 3325/3325/3325 3335/3335/3335
f 3326/3326/3326 3335/3335/3335 3336/3336/3336
f 3333/3333/3333 3332/3332/3332 3342/3342/3342
f 3333/3333/3333 3342/3342/3342 3343/3343/3343
f 3334/3334/3334 3333/3333/3333 3343/3343/3343
f 3334/3334/3334 3343/3343/3343 3344/3344/3344
f 3335/3335/3335 3334/3334/3334 3344/3344/3344
f 3335/3335/3335 3344/3344/3344 3345/3345/3345
f 3336/3336/3336 3335/3335/3335 3345/3345/3345
f 3336/3336/3336 3345/3345/3345 3346/3346/3346
f 3337/3337/3337 3336/3336/3336 3346/3346/3346
f 3337/3337/3337 3346/3346/3346 3347/3347/3347
f 3330/3330/3330 3578/3578/3578 3340/3340/3340
f 3338/3338/3338 3337/3337/3337 3347/3347/3347
f 3338/3338/3338 3347/3347/3347 3348/3348/3348
f 3331/3331/3331 3330/3330/3330 3340/3340/3340
f 3331/3331/3331 3340/3340/3340 3341/3341/3341
f 3339/3339/3339 3338/3338/3338 3348/3348/3348
f 3339/3339/3339 3348/3348/3348 3349/3349/3349
f 3332/3332/3332 3331/3331/3331 3341/3341/3341
f 3332/3332/3332 3341/3341/3341 3342/3342/3342
f 3346/3346/3346 3345/3345/3345 3355/3355/3355
f 3346/3346/3346 3355/3355/3355 3356/3356/3356
f 3347/3347/3347 3346/3346/3346 3356/3356/3356
f 3347/3347/3347 3356/3356/3356 3357/3357/3357
f 3340/3340/3340 3578/3578/3578 3350/3350/3350
f 3348/3348/3348 3347/3347/3347 3357/3357/3357
f 3348/3348/3348 3357/3357/3357 3358/3358/3358
f 3341/3341/3341 3340/3340/3340 3350/3350/3350
f 3341/3341/3341 3350/3350/3350 3351/3351/3351
f 3349/3349/3349 3348/3348/3348 3358/3358/3358
f 3349/3349/3349 3358/3358/3358 3359/3359/3359
f 3342/3342/3342 3341/3341/3341 3351/3351/3351
f 3342/3342/3342 3351/3351/3351 3352/3352/3352
f 3343/3343/3343 3342/3342/3342 3352/3352/3352
f 3343/3343/3343 3352/3352/3352 3353/3353/3353
f 3344/3344/3344 3343/3343/3343 3353/3353/3353
f 3344/3344/3344 3353/3353/3353 3354/3354/3354
f 3345/3345/3345 3344/3344/3344 3354/3354/3354
f 3345/3345/3345 3354/3354/3354 3355/3355/3355
f 3352/3352/3352 3351/3351/3351 3363/3363/3363
f 3352/3352/3352 3363/3363/3363 3365/3365/3365
f 3353/3353/3353 3352/3352/3352 3365/3365/3365
f 3353/3353/3353 3365/3365/3365 3367/3367/3367
f 3354/3354/3354 3353/3353/3353 3367/3367/3367
f 3354/3354/3354 3367/3367/3367 3369/3369/3369
f 3355/3355/3355 3354/3354/3354 3369/3369/3369
f 3355/3355/3355 3369/3369/3369 3371/3371/3371
f 3356/3356/3356 3355/3355/3355 3371/3371/3371
f 3356/3356/3356 3371/3371/3371 3373/3373/3373
f 3357/3357/3357 3356/3356/3356 3373/3373/3373
f 3357/3357/3357 3373/3373/3373 3375/3375/3375
f 3350/3350/3350 3578/3578/3578 3361/3361/3361
f 3358/3358/3358 3357/3357/3357 3375/3375/3375
f 3358/3358/3358 3375/3375/3375 3377/3377/3377
f 3351/3351/3351 3350/3350/3350 3361/3361/3361
f 3351/3351/3351 3361/3361/3361 3363/3363/3363
f 3359/3359/3359 3358/3358/3358 3377/3377/3377
f 3359/3359/3359 3377/3377/3377 3379/3379/3379
f 3396/3396/3396 3394/3394/3394 3407/3407/3407
f 3396/3396/3396 3407/3407/3407 3408/3408/3408
f 3382/3382/3382 3380/3380/3380 3400/3400/3400
f 3382/3382/3382 3400/3400/3400 3401/3401/3401
f 3398/3398/3398 3396/3396/3396 3408/3408/3408
f 3398/3398/3398 3408/3408/3408 3409/3409/3409
f 3384/3384/3384 3382/3382/3382 3401/3401/3401
f 3384/3384/3384 3401/3401/3401 3402/3402/3402
f 3386/3386/3386 3384/3384/3384 3402/3402/3402
f 3386/3386/3386 3402/3402/3402 3403/3403/3403
f 3388/3388/3388 3386/3386/3386 3403/3403/3403
f 3388/3388/3388 3403/3403/3403 3404/3404/3404
f 3390/3390/3390 3388/3388/3388 3404/3404/3404
f 3390/3390/3390 3404/3404/3404 3405/3405/3405
f 3392/3392/3392 3390/3390/3390 3405/3405/3405
f 3392/3392/3392 3405/3405/3405 3406/3406/3406
f 3394/3394/3394 3392/3392/3392 3406/3406/3406
f 3394/3394/3394 3406/3406/3406 3407/3407/3407
f 3380/3380/3380 3575/3575/3575 3400/3400/3400
f 3404/3404/3404 3403/3403/3403 3413/3413/3413
f 3404/3404/3404 3413/3413/3413 3414/3414/3414
f 3405/3405/3405 3404/3404/3404 3414/3414/3414
f 3405/3405/3405 3414/3414/3414 3415/3415/3415
f 3381/3381/3381 3383/3383/3383 3259/3259/3259
f 3381/3381/3381 3259/3259/3259 3257/3257/3257
f 3406/3406/3406 3405/3405/3405 3415/3415/3415
f 3406/3406/3406 3415/3415/3415 3416/3416/3416
f 3362/3362/3362 3360/3360/3360 3466/3466/3466
f 3362/3362/3362 3466/3466/3466 3464/3464/3464
f 3407/3407/3407 3406/3406/3406 3416/3416/3416
f 3407/3407/3407 3416/3416/3416 3417/3417/3417
f 3400/3400/3400 3575/3575/3575 3410/3410/3410
f 3510/3510/3510 3378/3378/3378 3085/3085/3085
f 3510/3510/3510 3085/3085/3085 3427/3427/3427
f 3408/3408/3408 3407/3407/3407 3417/3417/3417
f 3408/3408/3408 3417/3417/3417 3418/3418/3418
f 3401/3401/3401 3400/3400/3400 3410/3410/3410
f 3401/3401/3401 3410/3410/3410 3411/3411/3411
f 3376/3376/3376 3374/3374/3374 3445/3445/3445
f 3376/3376/3376 3445/3445/3445 3083/3083/3083
f 3409/3409/3409 3408/3408/3408 3418/3418/3418
f 3409/3409/3409 3418/3418/3418 3419/3419/3419
f 3402/3402/3402 3401/3401/3401 3411/3411/3411
f 3402/3402/3402 3411/3411/3411 3412/3412/3412
f 3395/3395/3395 3397/3397/3397 3271/3271/3271
f 3395/3395/3395 3271/3271/3271 3269/3269/3269
f 3403/3403/3403 3402/3402/3402 3412/3412/3412
f 3403/3403/3403 3412/3412/3412 3413/3413/3413
f 3399/3399/3399 3507/3507/3507 3431/3431/3431
f 3399/3399/3399 3431/3431/3431 3273/3273/3273
f 3410/3410/3410 3575/3575/3575 3435/3435/3435
f 3374/3374/3374 3372/3372/3372 3447/3447/3447
f 3374/3374/3374 3447/3447/3447 3445/3445/3445
f 3418/3418/3418 3417/3417/3417 3442/3442/3442
f 3418/3418/3418 3442/3442/3442 3443/3443/3443
f 3411/3411/3411 3410/3410/3410 3435/3435/3435
f 3411/3411/3411 3435/3435/3435 3436/3436/3436
f 3389/3389/3389 3391/3391/3391 3265/3265/3265
f 3389/3389/3389 3265/3265/3265 3433/3433/3433
f 3419/3419/3419 3418/3418/3418 3443/3443/3443
f 3419/3419/3419 3443/3443/3443 3444/3444/3444
f 3412/3412/3412 3411/3411/3411 3436/3436/3436
f 3412/3412/3412 3436/3436/3436 3437/3437/3437
f 3387/3387/3387 3389/3389/3389 3433/3433/3433
f 3387/3387/3387 3433/3433/3433 3263/3263/3263
f 3368/3368/3368 3366/3366/3366 3082/3082/3082
f 3368/3368/3368 3082/3082/3082 3462/3462/3462
f 3413/3413/3413 3412/3412/3412 3437/3437/3437
f 3413/3413/3413 3437/3437/3437 3438/3438/3438
f 3393/3393/3393 3395/3395/3395 3269/3269/3269
f 3393/3393/3393 3269/3269/3269 3267/3267/3267
f 3360/3360/3360 3577/3577/3577 3423/3423/3423
f 3360/3360/3360 3423/3423/3423 3466/3466/3466
f 3414/3414/3414 3413/3413/3413 3438/3438/3438
f 3414/3414/3414 3438/3438/3438 3439/3439/3439
f 3372/3372/3372 3370/3370/3370 3450/3450/3450
f 3372/3372/3372 3450/3450/3450 3447/3447/3447
f 3415/3415/3415 3414/3414/3414 3439/3439/3439
f 3415/3415/3415 3439/3439/3439 3440/3440/3440
f 3391/3391/3391 3393/3393/3393 3267/3267/3267
f 3391/3391/3391 3267/3267/3267 3265/3265/3265
f 3416/3416/3416 3415/3415/3415 3440/3440/3440
f 3416/3416/3416 3440/3440/3440 3441/3441/3441
f 3579/3579/3579 3381/3381/3381 3257/3257/3257
f 3579/3579/3579 3257/3257/3257 3422/3422/3422
f 3417/3417/3417 3416/3416/3416 3441/3441/3441
f 3417/3417/3417 3441/3441/3441 3442/3442/3442
f 3186/3186/3186 3196/3196/3196 3559/3559/3559
f 3186/3186/3186 3559/3559/3559 3561/3561/3561
f 3370/3370/3370 3368/3368/3368 3462/3462/3462
f 3370/3370/3370 3462/3462/3462 3450/3450/3450
f 3439/3439/3439 3438/3438/3438 3454/3454/3454
f 3439/3439/3439 3454/3454/3454 3455/3455/3455
f 3366/3366/3366 3364/3364/3364 3080/3080/3080
f 3366/3366/3366 3080/3080/3080 3082/3082/3082
f 3440/3440/3440 3439/3439/3439 3455/3455/3455
f 3440/3440/3440 3455/3455/3455 3456/3456/3456
f 3383/3383/3383 3385/3385/3385 3261/3261/3261
f 3383/3383/3383 3261/3261/3261 3259/3259/3259
f 3441/3441/3441 3440/3440/3440 3456/3456/3456
f 3441/3441/3441 3456/3456/3456 3457/3457/3457
f 3364/3364/3364 3362/3362/3362 3464/3464/3464
f 3364/3364/3364 3464/3464/3464 3080/3080/3080
f 3442/3442/3442 3441/3441/3441 3457/3457/3457
f 3442/3442/3442 3457/3457/3457 3458/3458/3458
f 3435/3435/3435 3575/3575/3575 3451/3451/3451
f 3378/3378/3378 3376/3376/3376 3083/3083/3083
f 3378/3378/3378 3083/3083/3083 3085/3085/3085
f 3443/3443/3443 3442/3442/3442 3458/3458/3458
f 3443/3443/3443 3458/3458/3458 3459/3459/3459
f 3436/3436/3436 3435/3435/3435 3451/3451/3451
f 3436/3436/3436 3451/3451/3451 3452/3452/3452
f 3299/3299/3299 3318/3318/3318 3531/3531/3531
f 3299/3299/3299 3531/3531/3531 3534/3534/3534
f 3444/3444/3444 3443/3443/3443 3459/3459/3459
f 3444/3444/3444 3459/3459/3459 3460/3460/3460
f 3437/3437/3437 3436/3436/3436 3452/3452/3452
f 3437/3437/3437 3452/3452/3452 3453/3453/3453
f 3444/3444/3444 3460/3460/3460 3497/3497/3497
f 3444/3444/3444 3497/3497/3497 3499/3499/3499
f 3397/3397/3397 3399/3399/3399 3273/3273/3273
f 3397/3397/3397 3273/3273/3273 3271/3271/3271
f 3438/3438/3438 3437/3437/3437 3453/3453/3453
f 3438/3438/3438 3453/3453/3453 3454/3454/3454
f 3398/3398/3398 3409/3409/3409 3503/3503/3503
f 3398/3398/3398 3503/3503/3503 3506/3506/3506
f 3458/3458/3458 3457/3457/3457 3488/3488/3488
f 3458/3458/3458 3488/3488/3488 3490/3490/3490
f 3451/3451/3451 3575/3575/3575 3476/3476/3476
f 3176/3176/3176 3186/3186/3186 3561/3561/3561
f 3176/3176/3176 3561/3561/3561 3563/3563/3563
f 3459/3459/3459 3458/3458/3458 3490/3490/3490
f 3459/3459/3459 3490/3490/3490 3492/3492/3492
f 3452/3452/3452 3451/3451/3451 3476/3476/3476
f 3452/3452/3452 3476/3476/3476 3478/3478/3478
f 3256/3256/3256 3274/3274/3274 3432/3432/3432
f 3256/3256/3256 3432/3432/3432 3538/3538/3538
f 3460/3460/3460 3459/3459/3459 3492/3492/3492
f 3460/3460/3460 3492/3492/3492 3494/3494/3494
f 3453/3453/3453 3452/3452/3452 3478/3478/3478
f 3453/3453/3453 3478/3478/3478 3480/3480/3480
f 3145/3145/3145 3156/3156/3156 3567/3567/3567
f 3145/3145/3145 3567/3567/3567 3569/3569/3569
f 3289/3289/3289 3299/3299/3299 3534/3534/3534
f 3289/3289/3289 3534/3534/3534 3536/3536/3536
f 3454/3454/3454 3453/3453/3453 3480/3480/3480
f 3454/3454/3454 3480/3480/3480 3482/3482/3482
f 3527/3527/3527 3554/3554/3554 3470/3470/3470
f 3527/3527/3527 3470/3470/3470 3472/3472/3472
f 3554/3554/3554 3584/3584/3584 3468/3468/3468
f 3554/3554/3554 3468/3468/3468 3470/3470/3470
f 3455/3455/3455 3454/3454/3454 3482/3482/3482
f 3455/3455/3455 3482/3482/3482 3484/3484/3484
f 3106/3106/3106 3116/3116/3116 3574/3574/3574
f 3106/3106/3106 3574/3574/3574 3586/3586/3586
f 3456/3456/3456 3455/3455/3455 3484/3484/3484
f 3456/3456/3456 3484/3484/3484 3486/3486/3486
f 3339/3339/3339 3349/3349/3349 3515/3515/3515
f 3339/3339/3339 3515/3515/3515 3517/3517/3517
f 3457/3457/3457 3456/3456/3456 3486/3486/3486
f 3457/3457/3457 3486/3486/3486 3488/3488/3488
f 3329/3329/3329 3339/3339/3339 3517/3517/3517
f 3329/3329/3329 3517/3517/3517 3529/3529/3529
f 3483/3483/3483 3481/3481/3481 3520/3520/3520
f 3483/3483/3483 3520/3520/3520 3521/3521/3521
f 3166/3166/3166 3176/3176/3176 3563/3563/3563
f 3166/3166/3166 3563/3563/3563 3565/3565/3565
f 3359/3359/3359 3379/3379/3379 3511/3511/3511
f 3359/3359/3359 3511/3511/3511 3513/3513/3513
f 3485/3485/3485 3483/3483/3483 3521/3521/3521
f 3485/3485/3485 3521/3521/3521 3522/3522/3522
f 3216/3216/3216 3226/3226/3226 3544/3544/3544
f 3216/3216/3216 3544/3544/3544 3557/3557/3557
f 3487/3487/3487 3485/3485/3485 3522/3522/3522
f 3487/3487/3487 3522/3522/3522 3523/3523/3523
f 3319/3319/3319 3329/3329/3329 3529/3529/3529
f 3319/3319/3319 3529/3529/3529 3532/3532/3532
f 3489/3489/3489 3487/3487/3487 3523/3523/3523
f 3489/3489/3489 3523/3523/3523 3524/3524/3524
f 3126/3126/3126 3146/3146/3146 3570/3570/3570
f 3126/3126/3126 3570/3570/3570 3572/3572/3572
f 3491/3491/3491 3489/3489/3489 3524/3524/3524
f 3491/3491/3491 3524/3524/3524 3525/3525/3525
f 3477/3477/3477 3576/3576/3576 3518/3518/3518
f 3226/3226/3226 3236/3236/3236 3542/3542/3542
f 3226/3226/3226 3542/3542/3542 3544/3544/3544
f 3493/3493/3493 3491/3491/3491 3525/3525/3525
f 3493/3493/3493 3525/3525/3525 3526/3526/3526
f 3479/3479/3479 3477/3477/3477 3518/3518/3518
f 3479/3479/3479 3518/3518/3518 3519/3519/3519
f 3419/3419/3419 3444/3444/3444 3499/3499/3499
f 3419/3419/3419 3499/3499/3499 3501/3501/3501
f 3495/3495/3495 3493/3493/3493 3526/3526/3526
f 3495/3495/3495 3526/3526/3526 3527/3527/3527
f 3481/3481/3481 3479/3479/3479 3519/3519/3519
f 3481/3481/3481 3519/3519/3519 3520/3520/3520
f 3246/3246/3246 3256/3256/3256 3538/3538/3538
f 3246/3246/3246 3538/3538/3538 3540/3540/3540
f 3524/3524/3524 3523/3523/3523 3550/3550/3550
f 3524/3524/3524 3550/3550/3550 3551/3551/3551
f 3196/3196/3196 3215/3215/3215 3556/3556/3556
f 3196/3196/3196 3556/3556/3556 3559/3559/3559
f 3525/3525/3525 3524/3524/3524 3551/3551/3551
f 3525/3525/3525 3551/3551/3551 3552/3552/3552
f 3518/3518/3518 3576/3576/3576 3545/3545/3545
f 3086/3086/3086 3096/3096/3096 3588/3588/3588
f 3086/3086/3086 3588/3588/3588 3428/3428/3428
f 3526/3526/3526 3525/3525/3525 3552/3552/3552
f 3526/3526/3526 3552/3552/3552 3553/3553/3553
f 3519/3519/3519 3518/3518/3518 3545/3545/3545
f 3519/3519/3519 3545/3545/3545 3546/3546/3546
f 3236/3236/3236 3246/3246/3246 3540/3540/3540
f 3236/3236/3236 3540/3540/3540 3542/3542/3542
f 3527/3527/3527 3526/3526/3526 3553/3553/3553
f 3527/3527/3527 3553/3553/3553 3554/3554/3554
f 3520/3520/3520 3519/3519/3519 3546/3546/3546
f 3520/3520/3520 3546/3546/3546 3547/3547/3547
f 3584/3584/3584 3289/3289/3289 3536/3536/3536
f 3584/3584/3584 3536/3536/3536 3468/3468/3468
f 3096/3096/3096 3106/3106/3106 3586/3586/3586
f 3096/3096/3096 3586/3586/3586 3588/3588/3588
f 3521/3521/3521 3520/3520/3520 3547/3547/3547
f 3521/3521/3521 3547/3547/3547 3548/3548/3548
f 3156/3156/3156 3166/3166/3166 3565/3565/3565
f 3156/3156/3156 3565/3565/3565 3567/3567/3567
f 3349/3349/3349 3359/3359/3359 3513/3513/3513
f 3349/3349/3349 3513/3513/3513 3515/3515/3515
f 3522/3522/3522 3521/3521/3521 3548/3548/3548
f 3522/3522/3522 3548/3548/3548 3549/3549/3549
f 3409/3409/3409 3419/3419/3419 3501/3501/3501
f 3409/3409/3409 3501/3501/3501 3503/3503/3503
f 3523/3523/3523 3522/3522/3522 3549/3549/3549
f 3523/3523/3523 3549/3549/3549 3550/3550/3550
f 3495/3495/3495 3527/3527/3527 3472/3472/3472
f 3495/3495/3495 3472/3472/3472 3475/3475/3475
f 3547/3547/3547 3546/3546/3546 3580/3580/3580
f 3547/3547/3547 3580/3580/3580 3581/3581/3581
f 3116/3116/3116 3126/3126/3126 3572/3572/3572
f 3116/3116/3116 3572/3572/3572 3574/3574/3574
f 3548/3548/3548 3547/3547/3547 3581/3581/3581
f 3548/3548/3548 3581/3581/3581 3276/3276/3276
f 3549/3549/3549 3548/3548/3548 3276/3276/3276
f 3549/3549/3549 3276/3276/3276 3582/3582/3582
f 3550/3550/3550 3549/3549/3549 3582/3582/3582
f 3550/3550/3550 3582/3582/3582 3277/3277/3277
f 3551/3551/3551 3550/3550/3550 3277/3277/3277
f 3551/3551/3551 3277/3277/3277 3278/3278/3278
f 3552/3552/3552 3551/3551/3551 3278/3278/3278
f 3552/3552/3552 3278/3278/3278 3583/3583/3583
f 3545/3545/3545 3576/3576/3576 3275/3275/3275
f 3553/3553/3553 3552/3552/3552 3583/3583/3583
f 3553/3553/3553 3583/3583/3583 3279/3279/3279
f 3546/3546/3546 3545/3545/3545 3275/3275/3275
f 3546/3546/3546 3275/3275/3275 3580/3580/3580
f 3460/3460/3460 3494/3494/3494 3474/3474/3474
f 3460/3460/3460 3474/3474/3474 3497/3497/3497
f 3554/3554/3554 3553/3553/3553 3279/3279/3279
f 3554/3554/3554 3279/3279/3279 3584/3584/3584
f 3469/3469/3469 3467/3467/3467 3535/3535/3535
f 3469/3469/3469 3535/3535/3535 3533/3533/3533
f 3471/3471/3471 3469/3469/3469 3533/3533/3533
f 3471/3471/3471 3533/3533/3533 3530/3530/3530
f 3473/3473/3473 3471/3471/3471 3530/3530/3530
f 3473/3473/3473 3530/3530/3530 3528/3528/3528
f 3496/3496/3496 3473/3473/3473 3528/3528/3528
f 3496/3496/3496 3528/3528/3528 3516/3516/3516
f 3498/3498/3498 3496/3496/3496 3516/3516/3516
f 3500/3500/3500 3498/3498/3498 3516/3516/3516
f 3500/3500/3500 3516/3516/3516 3514/3514/3514
f 3502/3502/3502 3500/3500/3500 3514/3514/3514
f 3502/3502/3502 3514/3514/3514 3512/3512/3512
f 3505/3505/3505 3502/3502/3502 3512/3512/3512
f 3505/3505/3505 3512/3512/3512 3509/3509/3509
f 3430/3430/3430 3504/3504/3504 3508/3508/3508
f 3430/3430/3430 3508/3508/3508 3425/3425/3425
f 3537/3537/3537 3429/3429/3429 3426/3426/3426
f 3537/3537/3537 3426/3426/3426 3587/3587/3587
f 3539/3539/3539 3537/3537/3537 3587/3587/3587
f 3539/3539/3539 3587/3587/3587 3585/3585/3585
f 3541/3541/3541 3539/3539/3539 3585/3585/3585
f 3541/3541/3541 3585/3585/3585 3573/3573/3573
f 3543/3543/3543 3541/3541/3541 3573/3573/3573
f 3543/3543/3543 3573/3573/3573 3571/3571/3571
f 3555/3555/3555 3543/3543/3543 3571/3571/3571
f 3555/3555/3555 3571/3571/3571 3568/3568/3568
f 3558/3558/3558 3555/3555/3555 3568/3568/3568
f 3558/3558/3558 3568/3568/3568 3566/3566/3566
f 3560/3560/3560 3558/3558/3558 3566/3566/3566
f 3560/3560/3560 3566/3566/3566 3564/3564/3564
f 3562/3562/3562 3560/3560/3560 3564/3564/3564
f 3385/3385/3385 3387/3387/3387 3263/3263/3263
f 3385/3385/3385 3263/3263/3263 3261/3261/3261
