mtllib SchoolChair_01_2k.mtl
o SchoolChair_01
usemtl SchoolChair_01
v 0.24240101873874664 0.5061992406845093 -0.09357896447181702
v 0.23887987434864044 0.5164904594421387 -0.0873076468706131
v 0.2263263612985611 0.520805835723877 -0.08489350974559784
v -0.2424011379480362 0.5061991214752197 -0.09357902407646179
v -0.23887993395328522 0.5164903402328491 -0.08730769902467728
v -0.22632646560668945 0.5208057165145874 -0.08489356935024261
v 0.22231906652450562 0.5009711384773254 -0.09715503454208374
v -0.22231917083263397 0.5009719729423523 -0.09715480357408524
v -0.23546549677848816 0.4771076440811157 -0.11257235705852509
v -0.22992375493049622 0.48022326827049255 -0.11070365458726883
v -0.22583748400211334 0.4883425533771515 -0.10552907735109329
v 0.2354654222726822 0.4771077036857605 -0.1125723272562027
v 0.22992365062236786 0.4802234470844269 -0.11070358008146286
v 0.22583737969398499 0.4883424639701843 -0.10552907735109329
v -0.24267980456352234 0.4857575595378876 -0.1069009006023407
v -0.24064061045646667 0.4776720404624939 -0.11210599541664124
v -0.24064061045646667 0.4776720404624939 -0.11210599541664124
v 0.24267974495887756 0.4857577085494995 -0.10690086334943771
v 0.24064050614833832 0.47767212986946106 -0.11210599541664124
v 0.24064050614833832 0.47767212986946106 -0.11210599541664124
v -0.12641270458698273 0.5138813853263855 -0.09105291217565536
v -0.12641270458698273 0.5138813853263855 -0.09105291217565536
v -0.07673052698373795 0.5114736557006836 -0.09186123311519623
v -0.07673052698373795 0.5114736557006836 -0.09186123311519623
v -0.02546117827296257 0.5098059177398682 -0.09197331219911575
v -0.02546117827296257 0.5098059177398682 -0.09197331219911575
v 0.025461051613092422 0.509806215763092 -0.09197338670492172
v 0.025461051613092422 0.509806215763092 -0.09197338670492172
v 0.0767303854227066 0.5114740133285522 -0.09186152368783951
v 0.0767303854227066 0.5114740133285522 -0.09186152368783951
v 0.1264125555753708 0.5138816237449646 -0.09105289727449417
v 0.1264125555753708 0.5138816237449646 -0.09105289727449417
v 0.11413297057151794 0.7379381656646729 -0.19884780049324036
v 0.11413297057151794 0.7379381656646729 -0.19884780049324036
v 0.0681300014257431 0.7377941608428955 -0.2022685557603836
v 0.0681300014257431 0.7377941608428955 -0.2022685557603836
v 0.021535027772188187 0.7377341389656067 -0.20492930710315704
v 0.021535027772188187 0.7377341389656067 -0.20492930710315704
v -0.02153024636209011 0.7377250790596008 -0.2049298882484436
v -0.02153024636209011 0.7377250790596008 -0.2049298882484436
v -0.06812345236539841 0.7378032803535461 -0.20227214694023132
v -0.06812345236539841 0.7378032803535461 -0.20227214694023132
v -0.11412497609853745 0.7379331588745117 -0.19884753227233887
v -0.11412497609853745 0.7379331588745117 -0.19884753227233887
v -0.21456757187843323 0.738023042678833 -0.18539181351661682
v -0.22405390441417694 0.7380251288414001 -0.18804135918617249
v -0.22631210088729858 0.737854540348053 -0.19606107473373413
v -0.22640545666217804 0.7373355627059937 -0.2113560140132904
v -0.22434194386005402 0.7371061444282532 -0.21799896657466888
v -0.22434194386005402 0.7371061444282532 -0.21799896657466888
v -0.2191658318042755 0.7369804978370667 -0.2195322960615158
v -0.21363548934459686 0.7369202375411987 -0.21861889958381653
v -0.20954948663711548 0.7369799613952637 -0.21399612724781036
v -0.20599450170993805 0.7371674180030823 -0.20599286258220673
v 0.20599336922168732 0.7371699810028076 -0.2059972584247589
v 0.20954963564872742 0.7369847297668457 -0.2139948457479477
v 0.21363602578639984 0.7369213700294495 -0.218614399433136
v 0.21916644275188446 0.7369810342788696 -0.2195332944393158
v 0.2243424654006958 0.737108051776886 -0.21800054609775543
v 0.2243424654006958 0.737108051776886 -0.21800054609775543
v 0.22640569508075714 0.7373363375663757 -0.2113669067621231
v 0.22631166875362396 0.7378535866737366 -0.19606980681419373
v 0.224053755402565 0.7380241751670837 -0.18804749846458435
v 0.2145666778087616 0.7380228638648987 -0.18540315330028534
v -0.06019512191414833 0.7498074173927307 -0.2191564440727234
v -0.06019512191414833 0.7498074173927307 -0.2191564440727234
v -0.026152756065130234 0.7502608299255371 -0.22076095640659332
v -0.026152756065130234 0.7502608299255371 -0.22076095640659332
v -0.07600890100002289 0.5001274943351746 -0.09269247949123383
v -0.07600890100002289 0.5001274943351746 -0.09269247949123383
v -0.025237275287508965 0.5000804662704468 -0.09044437855482101
v -0.025237275287508965 0.5000804662704468 -0.09044437855482101
v 0.026153162121772766 0.7502608299255371 -0.2207569032907486
v 0.026153162121772766 0.7502608299255371 -0.2207569032907486
v 0.06019512936472893 0.7498073577880859 -0.21914954483509064
v 0.06019512936472893 0.7498073577880859 -0.21914954483509064
v 0.025237146764993668 0.5000804662704468 -0.09044437855482101
v 0.025237146764993668 0.5000804662704468 -0.09044437855482101
v 0.07600878924131393 0.5001274943351746 -0.09269249439239502
v 0.07600878924131393 0.5001274943351746 -0.09269249439239502
v 0.11979502439498901 0.7501089572906494 -0.21468326449394226
v 0.11979502439498901 0.7501089572906494 -0.21468326449394226
v 0.1285856068134308 0.5024274587631226 -0.0923236683011055
v 0.1285856068134308 0.5024274587631226 -0.0923236683011055
v -0.11979468166828156 0.7501088380813599 -0.21468432247638702
v -0.11979468166828156 0.7501088380813599 -0.21468432247638702
v -0.12858574092388153 0.502427339553833 -0.0923236608505249
v -0.12858574092388153 0.502427339553833 -0.0923236608505249
v -7.892174380685901e-8 0.4858205318450928 0.31943026185035706
v -7.819100034112125e-8 0.4809505045413971 0.32086437940597534
v -6.457034373852366e-8 0.4746100902557373 0.3244480788707733
v -1.379973468829121e-9 0.4720487892627716 0.3302164375782013
v -6.487601922344766e-8 0.47385722398757935 0.3355216383934021
v -6.487601922344766e-8 0.47385722398757935 0.3355216383934021
v -7.922628952883315e-8 0.48272207379341125 0.33762744069099426
v -8.066979262366658e-8 0.4915919899940491 0.3375910818576813
v -7.966744419718452e-8 0.4988691508769989 0.3356511890888214
v -5.702861471945653e-8 0.5037725567817688 0.32967737317085266
v -6.476496139384835e-8 0.507380485534668 -0.08893973380327225
v -6.476496139384835e-8 0.507380485534668 -0.08893973380327225
v -6.476496139384835e-8 0.507380485534668 -0.08893973380327225
v 0.042468488216400146 0.7526753544807434 -0.22019058465957642
v 0.04107311740517616 0.682795524597168 -0.21147185564041138
v 0.04107311740517616 0.682795524597168 -0.21147185564041138
v 0.05296863242983818 0.6802833676338196 -0.2104756087064743
v 0.05296863242983818 0.6802833676338196 -0.2104756087064743
v 0.04224345460534096 0.6469666957855225 -0.20478606224060059
v 0.04224345460534096 0.6469666957855225 -0.20478606224060059
v 0.05479375272989273 0.6448257565498352 -0.20356498658657074
v 0.05479375272989273 0.6448257565498352 -0.20356498658657074
v 0.04260602965950966 0.6148728728294373 -0.19450603425502777
v 0.04260602965950966 0.6148728728294373 -0.19450603425502777
v 0.05579369142651558 0.613307535648346 -0.19334876537322998
v 0.05579369142651558 0.613307535648346 -0.19334876537322998
v 0.04278280586004257 0.5836278796195984 -0.18035010993480682
v 0.04278280586004257 0.5836278796195984 -0.18035010993480682
v 0.05656960979104042 0.5826308727264404 -0.17951655387878418
v 0.05656960979104042 0.5826308727264404 -0.17951655387878418
v 0.042995207011699677 0.5540404915809631 -0.16129867732524872
v 0.042995207011699677 0.5540404915809631 -0.16129867732524872
v 0.05728964880108833 0.5537418723106384 -0.16084299981594086
v 0.05728964880108833 0.5537418723106384 -0.16084299981594086
v 0.04236392304301262 0.5288018584251404 -0.13671252131462097
v 0.04236392304301262 0.5288018584251404 -0.13671252131462097
v 0.05851612985134125 0.529035747051239 -0.1367189735174179
v 0.05851612985134125 0.529035747051239 -0.1367189735174179
v 0.05024801939725876 0.500176191329956 -0.08827633410692215
v 0.051109831780195236 0.5120972990989685 -0.09044615179300308
v 0.06879284977912903 0.5365982055664062 -0.13068623840808868
v 0.06879284977912903 0.5365982055664062 -0.13068623840808868
v 0.0333285816013813 0.5361449122428894 -0.13070903718471527
v 0.0333285816013813 0.5361449122428894 -0.13070903718471527
v 0.06834352016448975 0.5602391362190247 -0.152064710855484
v 0.06834352016448975 0.5602391362190247 -0.152064710855484
v 0.03304566070437431 0.5599184036254883 -0.15263228118419647
v 0.03304566070437431 0.5599184036254883 -0.15263228118419647
v 0.0676361471414566 0.5880565643310547 -0.16877810657024384
v 0.0676361471414566 0.5880565643310547 -0.16877810657024384
v 0.03273920714855194 0.5877647399902344 -0.16995665431022644
v 0.03273920714855194 0.5877647399902344 -0.16995665431022644
v 0.06689853966236115 0.61737060546875 -0.18112219870090485
v 0.06689853966236115 0.61737060546875 -0.18112219870090485
v 0.032539431005716324 0.6171144247055054 -0.18271033465862274
v 0.032539431005716324 0.6171144247055054 -0.18271033465862274
v 0.06602594256401062 0.6469243764877319 -0.19014160335063934
v 0.06602594256401062 0.6469243764877319 -0.19014160335063934
v 0.032210685312747955 0.6467188596725464 -0.19206172227859497
v 0.032210685312747955 0.6467188596725464 -0.19206172227859497
v 0.064528688788414 0.6797489523887634 -0.19626350700855255
v 0.064528688788414 0.6797489523887634 -0.19626350700855255
v 0.031197184696793556 0.679664671421051 -0.19837406277656555
v 0.031197184696793556 0.679664671421051 -0.19837406277656555
v 0.04477628320455551 0.7376115322113037 -0.2006574273109436
v 0.05218570679426193 0.9982535243034363 -0.2182016670703888
v 0.05184856429696083 1.0023335218429565 -0.22077235579490662
v 0.05212938040494919 1.0041967630386353 -0.2250208556652069
v 0.05335507169365883 1.0043268203735352 -0.23210403323173523
v 0.05531086400151253 1.0023247003555298 -0.23732826113700867
v 0.05531086400151253 1.0023247003555298 -0.23732826113700867
v 0.056932199746370316 0.9972556233406067 -0.23823539912700653
v 0.05735621601343155 0.9930271506309509 -0.23617488145828247
v 0.05669537931680679 0.9916877746582031 -0.23039913177490234
v 0.05540260300040245 0.9898591637611389 -0.22658461332321167
v 0.05647552013397217 0.48631399869918823 0.3194147050380707
v 0.0568418949842453 0.481290727853775 0.3209008276462555
v 0.05752197653055191 0.47496485710144043 0.3245284855365753
v 0.058193959295749664 0.4724646210670471 0.330131858587265
v 0.05870005860924721 0.4739963412284851 0.33536359667778015
v 0.05870005860924721 0.4739963412284851 0.33536359667778015
v 0.058944448828697205 0.48269137740135193 0.3375985622406006
v 0.05904952064156532 0.49133118987083435 0.3375783860683441
v 0.059365756809711456 0.49874770641326904 0.3356272876262665
v 0.060267847031354904 0.503498375415802 0.32980966567993164
v 0.10183228552341461 0.5103078484535217 -0.08849307894706726
v 0.10183228552341461 0.5103078484535217 -0.08849307894706726
v 0.10183228552341461 0.5103078484535217 -0.08849307894706726
v 0.14176513254642487 0.746758759021759 -0.21178333461284637
v 0.1389489322900772 0.6838268637657166 -0.20523154735565186
v 0.1389489322900772 0.6838268637657166 -0.20523154735565186
v 0.1419726014137268 0.6483819484710693 -0.1997072547674179
v 0.1419726014137268 0.6483819484710693 -0.1997072547674179
v 0.14436258375644684 0.6164813041687012 -0.19075767695903778
v 0.14436258375644684 0.6164813041687012 -0.19075767695903778
v 0.14619094133377075 0.5853370428085327 -0.17737261950969696
v 0.14619094133377075 0.5853370428085327 -0.17737261950969696
v 0.14751769602298737 0.5564806461334229 -0.15863639116287231
v 0.14751769602298737 0.5564806461334229 -0.15863639116287231
v 0.14747141301631927 0.5326752066612244 -0.13480818271636963
v 0.14747141301631927 0.5326752066612244 -0.13480818271636963
v 0.15321554243564606 0.5070242285728455 -0.09093330055475235
v 0.15025970339775085 0.5176874995231628 -0.08796195685863495
v 0.13454274833202362 0.5390562415122986 -0.13001489639282227
v 0.13454274833202362 0.5390562415122986 -0.13001489639282227
v 0.13361111283302307 0.561480700969696 -0.15183359384536743
v 0.13361111283302307 0.561480700969696 -0.15183359384536743
v 0.1322529911994934 0.5886567234992981 -0.16838885843753815
v 0.1322529911994934 0.5886567234992981 -0.16838885843753815
v 0.1305239349603653 0.6180703043937683 -0.17944632470607758
v 0.1305239349603653 0.6180703043937683 -0.17944632470607758
v 0.1284937560558319 0.6478443145751953 -0.18709911406040192
v 0.1284937560558319 0.6478443145751953 -0.18709911406040192
v 0.12604938447475433 0.6805815100669861 -0.19228537380695343
v 0.12604938447475433 0.6805815100669861 -0.19228537380695343
v 0.13631412386894226 0.7379754185676575 -0.19372187554836273
v 0.23437416553497314 0.4785493016242981 0.24575699865818024
v 0.2339392602443695 0.492108017206192 0.24470651149749756
v 0.23109041154384613 0.4702231287956238 0.24536359310150146
v 0.23109041154384613 0.4702231287956238 0.24536359310150146
v 0.2253076732158661 0.46933287382125854 0.243622824549675
v 0.21962858736515045 0.472352534532547 0.24136650562286377
v 0.21516664326190948 0.479661762714386 0.2396172434091568
v 0.2118251472711563 0.4865802228450775 0.23915302753448486
v -0.21182528138160706 0.4865800440311432 0.23915302753448486
v -0.21516679227352142 0.4796616733074188 0.2396172136068344
v -0.2196287214756012 0.4723523259162903 0.24136652052402496
v -0.22530782222747803 0.46933233737945557 0.24362310767173767
v -0.23109056055545807 0.4702228903770447 0.24536459147930145
v -0.23109056055545807 0.4702228903770447 0.24536459147930145
v -0.2343742996454239 0.4785493314266205 0.24575716257095337
v -0.23393942415714264 0.4921080470085144 0.24470648169517517
v -0.22726412117481232 0.5025409460067749 0.24277089536190033
v -0.207378551363945 0.5063342452049255 0.23920990526676178
v 0.20737846195697784 0.5063343048095703 0.23920993506908417
v 0.22726398706436157 0.5025408864021301 0.24277092516422272
v 0.24263404309749603 0.48382484912872314 0.07115279883146286
v 0.24210210144519806 0.4969731271266937 0.07200644910335541
v 0.24047772586345673 0.4739236533641815 0.07077932357788086
v 0.24047772586345673 0.4739236533641815 0.07077932357788086
v 0.23546892404556274 0.47221285104751587 0.07100017368793488
v 0.229868084192276 0.4747588634490967 0.0714685395359993
v 0.22550702095031738 0.48210546374320984 0.07196440547704697
v 0.2231159210205078 0.48887699842453003 0.07235420495271683
v -0.22311608493328094 0.4888768494129181 0.07235419005155563
v -0.22550715506076813 0.4821053147315979 0.07196439057588577
v -0.22986821830272675 0.4747588336467743 0.0714685246348381
v -0.2354690283536911 0.47221291065216064 0.07100015878677368
v -0.24047784507274628 0.47392353415489197 0.07077930122613907
v -0.24047784507274628 0.47392353415489197 0.07077930122613907
v -0.24263416230678558 0.48382487893104553 0.07115278393030167
v -0.24210225045681 0.49697306752204895 0.07200643420219421
v -0.2361193299293518 0.5077916979789734 0.0729733556509018
v -0.21656537055969238 0.5107536911964417 0.07409970462322235
v 0.21656522154808044 0.5107538104057312 0.07409971952438354
v 0.23611919581890106 0.5077918171882629 0.07297337055206299
v 0.09114079177379608 0.7430682182312012 -0.2026449590921402
v 0.09114079177379608 0.7430682182312012 -0.2026449590921402
v 0.09114079177379608 0.7430682182312012 -0.2026449590921402
v 5.004135346098337e-7 0.7429309487342834 -0.20721721649169922
v 5.004135346098337e-7 0.7429309487342834 -0.20721721649169922
v 5.004135346098337e-7 0.7429309487342834 -0.20721721649169922
v -0.0911393091082573 0.7430689930915833 -0.20264632999897003
v -0.0911393091082573 0.7430689930915833 -0.20264632999897003
v -0.0911393091082573 0.7430689930915833 -0.20264632999897003
v -0.08925112336874008 0.7573539614677429 -0.21805331110954285
v -0.08925112336874008 0.7573539614677429 -0.21805331110954285
v -0.08925112336874008 0.7573539614677429 -0.21805331110954285
v -2.07904520266311e-8 0.7574459910392761 -0.22190147638320923
v -2.07904520266311e-8 0.7574459910392761 -0.22190147638320923
v -2.07904520266311e-8 0.7574459910392761 -0.22190147638320923
v 0.08925154060125351 0.7573539614677429 -0.21804969012737274
v 0.08925154060125351 0.7573539614677429 -0.21804969012737274
v 0.08925154060125351 0.7573539614677429 -0.21804969012737274
v -0.14176508784294128 0.7467592358589172 -0.21178260445594788
v -0.1389501392841339 0.6838269829750061 -0.20523051917552948
v -0.1389501392841339 0.6838269829750061 -0.20523051917552948
v -0.14197304844856262 0.6483820676803589 -0.1997051239013672
v -0.14197304844856262 0.6483820676803589 -0.1997051239013672
v -0.14436286687850952 0.6164814829826355 -0.19075565040111542
v -0.14436286687850952 0.6164814829826355 -0.19075565040111542
v -0.14619113504886627 0.585337221622467 -0.17737048864364624
v -0.14619113504886627 0.585337221622467 -0.17737048864364624
v -0.14751774072647095 0.5564808249473572 -0.1586260348558426
v -0.14751774072647095 0.5564808249473572 -0.1586260348558426
v -0.14747147262096405 0.5326752066612244 -0.13479763269424438
v -0.14747147262096405 0.5326752066612244 -0.13479763269424438
v -0.1532156616449356 0.5070235729217529 -0.09093306958675385
v -0.10217635333538055 0.4985314607620239 -0.08806445449590683
v -0.10217635333538055 0.4985314607620239 -0.08806445449590683
v -0.10217635333538055 0.4985314607620239 -0.08806445449590683
v -6.310072819815105e-8 0.49763694405555725 -0.08559845387935638
v -6.310072819815105e-8 0.49763694405555725 -0.08559845387935638
v -6.310072819815105e-8 0.49763694405555725 -0.08559845387935638
v 0.1021762266755104 0.4985314607620239 -0.08806443959474564
v 0.1021762266755104 0.4985314607620239 -0.08806443959474564
v 0.1021762266755104 0.4985314607620239 -0.08806443959474564
v 0.23267479240894318 0.6481733322143555 -0.1760137379169464
v 0.2350403219461441 0.6461589336395264 -0.18446412682533264
v 0.22297099232673645 0.6492027044296265 -0.17341917753219604
v -0.15762150287628174 0.5024289488792419 0.3266867697238922
v -0.1623392403125763 0.49863529205322266 0.33154451847076416
v -0.16379064321517944 0.4899500906467438 0.333844929933548
v 0.16233909130096436 0.49863535165786743 0.3315444886684418
v 0.1637904942035675 0.48995012044906616 0.3338449001312256
v 0.1576213389635086 0.5024288296699524 0.3266867399215698
v 0.2320048063993454 0.6799366474151611 -0.1900510936975479
v 0.22972236573696136 0.6810035109519958 -0.18150682747364044
v 0.22008951008319855 0.6817412376403809 -0.17873209714889526
v 0.2252465784549713 0.6186864376068115 -0.1651722490787506
v 0.23501993715763092 0.6170870661735535 -0.16764700412750244
v 0.23750808835029602 0.6133741736412048 -0.17627179622650146
v -0.22009460628032684 0.6817411780357361 -0.17873071134090424
v -0.22973282635211945 0.6810035705566406 -0.18150517344474792
v -0.23201534152030945 0.6799367070198059 -0.19004963338375092
v -0.22297601401805878 0.6492027044296265 -0.17341835796833038
v -0.2326851487159729 0.6481735110282898 -0.1760120540857315
v -0.2350507527589798 0.6461592316627502 -0.18446266651153564
v 0.22689664363861084 0.5884175300598145 -0.15375590324401855
v 0.23684315383434296 0.585739016532898 -0.15613679587841034
v 0.23946434259414673 0.5800337791442871 -0.16485773026943207
v -0.22524742782115936 0.618686318397522 -0.16517212986946106
v -0.23502150177955627 0.6170870065689087 -0.16764672100543976
v -0.23750969767570496 0.6133741140365601 -0.17627164721488953
v 0.22814156115055084 0.5618754029273987 -0.13862521946430206
v 0.238194540143013 0.5582653284072876 -0.14110003411769867
v 0.2408921867609024 0.550757884979248 -0.14970585703849792
v -0.22689679265022278 0.5884173512458801 -0.15375591814517975
v -0.2368432730436325 0.585739016532898 -0.15613682568073273
v -0.23946447670459747 0.5800336599349976 -0.16485776007175446
v 0.22860917448997498 0.5416661500930786 -0.11950702965259552
v 0.23900602757930756 0.5376527309417725 -0.12204309552907944
v 0.24181120097637177 0.5288248658180237 -0.13019590079784393
v -0.2281416952610016 0.5618754029273987 -0.13862524926662445
v -0.23819468915462494 0.558265209197998 -0.14110006392002106
v -0.24089232087135315 0.550757884979248 -0.14970587193965912
v -0.22860932350158691 0.5416660904884338 -0.11950704455375671
v -0.2390061616897583 0.5376526117324829 -0.12204312533140182
v -0.24181130528450012 0.5288248062133789 -0.13019594550132751
v -0.2043929249048233 0.5047077536582947 0.2759929299354553
v -0.22070133686065674 0.5008563995361328 0.279928058385849
v -0.22617457807064056 0.49084144830703735 0.2819218337535858
v -0.19579827785491943 0.5032380819320679 0.30005374550819397
v -0.2078271061182022 0.49952074885368347 0.30388280749320984
v -0.21201300621032715 0.4900319576263428 0.3057842552661896
v -0.17872834205627441 0.5024630427360535 0.3169524073600769
v -0.18700814247131348 0.49885979294776917 0.32138392329216003
v -0.1897849589586258 0.4897908866405487 0.3236958384513855
v 0.18978480994701385 0.4897908866405487 0.3236957788467407
v 0.18700800836086273 0.4988594949245453 0.32138392329216003
v 0.17872820794582367 0.5024620890617371 0.3169524073600769
v 0.21201284229755402 0.490031898021698 0.3057842552661896
v 0.20782695710659027 0.4995200037956238 0.30388280749320984
v 0.1957981288433075 0.5032365918159485 0.30005374550819397
v 0.22617442905902863 0.49084147810935974 0.2819218337535858
v 0.220701202750206 0.5008559226989746 0.2799279987812042
v 0.20439283549785614 0.5047069787979126 0.2759929299354553
v -0.21161893010139465 0.6791408658027649 -0.20047321915626526
v 0.21161861717700958 0.6791409254074097 -0.20046445727348328
v 0.21469952166080475 0.6446574926376343 -0.19500364363193512
v 0.21727295219898224 0.610592782497406 -0.18646353483200073
v 0.21928295493125916 0.5770816802978516 -0.17365187406539917
v 0.22072097659111023 0.5476107001304626 -0.1565755009651184
v 0.22163234651088715 0.5247219800949097 -0.1356554478406906
v 0.20459073781967163 0.48598068952560425 0.27422666549682617
v 0.19385793805122375 0.4853473901748657 0.29519981145858765
v 0.1770525723695755 0.4850232005119324 0.3086959421634674
v 0.1548643261194229 0.48499223589897156 0.316110223531723
v -0.15486450493335724 0.4849921762943268 0.3161105513572693
v -0.17705272138118744 0.48502305150032043 0.30869609117507935
v -0.1938580721616745 0.48534712195396423 0.29519981145858765
v -0.20459088683128357 0.4859806299209595 0.27422666549682617
v -0.2216324508190155 0.5247270464897156 -0.13565468788146973
v -0.22072112560272217 0.5476135611534119 -0.15657517313957214
v -0.2192830741405487 0.5770821571350098 -0.17365185916423798
v -0.21727308630943298 0.610592782497406 -0.1864665001630783
v -0.2146996557712555 0.6446576714515686 -0.19501416385173798
v -0.21839548647403717 0.6424130201339722 -0.2031400352716446
v -0.22108542919158936 0.6064906120300293 -0.1951102912425995
v -0.2231542319059372 0.5703614354133606 -0.183122918009758
v -0.22456711530685425 0.5382665395736694 -0.16697198152542114
v -0.22539086639881134 0.5134727358818054 -0.1463819295167923
v -0.2152239829301834 0.6779124736785889 -0.20876923203468323
v 0.20794734358787537 0.47810423374176025 0.27497902512550354
v 0.19662576913833618 0.4768980145454407 0.2964321970939636
v 0.17914023995399475 0.47680506110191345 0.3104931116104126
v 0.15665630996227264 0.47778573632240295 0.318089097738266
v 0.2152232974767685 0.6779127717018127 -0.20876570045948029
v 0.21839489042758942 0.6424130201339722 -0.20313718914985657
v 0.22108525037765503 0.6064907312393188 -0.1951097697019577
v 0.22315408289432526 0.5703614354133606 -0.18312284350395203
v 0.2245669960975647 0.5382659435272217 -0.16697202622890472
v 0.22539077699184418 0.5134714841842651 -0.14638209342956543
v -0.15665647387504578 0.47778570652008057 0.31808969378471375
v -0.1791403889656067 0.4768049120903015 0.3104933798313141
v -0.19662593305110931 0.4768979251384735 0.2964322566986084
v -0.2079474776983261 0.4781041741371155 0.27497902512550354
v -0.22255779802799225 0.6411356329917908 -0.2078743427991867
v -0.22811400890350342 0.6407772898674011 -0.20896939933300018
v -0.22531254589557648 0.6040041446685791 -0.2001599669456482
v -0.23088814318180084 0.6031510829925537 -0.2014344185590744
v 0.21933092176914215 0.6772337555885315 -0.2135828584432602
v 0.22486890852451324 0.6770793795585632 -0.21467618644237518
v 0.2225545197725296 0.6411356329917908 -0.20787401497364044
v 0.22810913622379303 0.6407771110534668 -0.2089695930480957
v -0.22741560637950897 0.5660607814788818 -0.18882344663143158
v -0.23300045728683472 0.5643595457077026 -0.1905810683965683
v 0.22531194984912872 0.6040041446685791 -0.20015989243984222
v 0.23088735342025757 0.6031512022018433 -0.20143438875675201
v -0.22881394624710083 0.5322631001472473 -0.17332379519939423
v -0.23439432680606842 0.5298408269882202 -0.17552144825458527
v 0.22741547226905823 0.5660608410835266 -0.1888234168291092
v 0.23300033807754517 0.5643596649169922 -0.1905810683965683
v -0.22957779467105865 0.5063623785972595 -0.15289273858070374
v -0.23514503240585327 0.5036149024963379 -0.15518485009670258
v 0.22881384193897247 0.5322631597518921 -0.17332381010055542
v 0.23439423739910126 0.5298409461975098 -0.17552144825458527
v 0.2295777052640915 0.5063623785972595 -0.15289270877838135
v 0.23514491319656372 0.5036150217056274 -0.1551848202943802
v -0.21933436393737793 0.6772336363792419 -0.21358658373355865
v -0.224873885512352 0.6770794987678528 -0.21467621624469757
v -0.15889877080917358 0.4715628921985626 0.32097911834716797
v -0.16078314185142517 0.46902701258659363 0.32527872920036316
v -0.1812235713005066 0.47030243277549744 0.312753289937973
v -0.1839689314365387 0.46745508909225464 0.3162498474121094
v -0.19945479929447174 0.4701659083366394 0.2980586588382721
v -0.20343340933322906 0.467171847820282 0.3006625175476074
v -0.21164624392986298 0.471118301153183 0.27676746249198914
v -0.21662306785583496 0.46807947754859924 0.27931103110313416
v 0.21164612472057343 0.47111836075782776 0.27676746249198914
v 0.21662291884422302 0.4680795967578888 0.279310941696167
v 0.1994546353816986 0.4701659083366394 0.29805850982666016
v 0.20343326032161713 0.46717163920402527 0.30066248774528503
v 0.18122343719005585 0.470302551984787 0.3127526044845581
v 0.18396881222724915 0.4674548804759979 0.31624963879585266
v 0.15889860689640045 0.47156304121017456 0.3209778666496277
v 0.16078300774097443 0.469027042388916 0.32527849078178406
v 0.23211225867271423 0.6780266761779785 -0.2062905728816986
v -0.23211891949176788 0.6780264377593994 -0.20629067718982697
v 0.23529405891895294 0.6424908638000488 -0.20064252614974976
v -0.23530057072639465 0.6424909830093384 -0.200643390417099
v 0.23798561096191406 0.6062952280044556 -0.1930452585220337
v -0.23798665404319763 0.606295108795166 -0.1930454671382904
v 0.24005070328712463 0.5690158605575562 -0.18235452473163605
v -0.24005083739757538 0.5690157413482666 -0.18235455453395844
v 0.2414558231830597 0.535934567451477 -0.1675773411989212
v -0.24145591259002686 0.5359345078468323 -0.16757741570472717
v 0.2422608584165573 0.5110512971878052 -0.14764662086963654
v -0.24226096272468567 0.5110511779785156 -0.1476466804742813
v -0.16399529576301575 0.4771899878978729 0.33377331495285034
v -0.1899181306362152 0.47583675384521484 0.32374298572540283
v -0.22627943754196167 0.47643473744392395 0.28278371691703796
v -0.21209700405597687 0.4756007492542267 0.306044340133667
v 0.1639951467514038 0.47718971967697144 0.33377331495285034
v 0.18991798162460327 0.4758363962173462 0.32374298572540283
v 0.22627930343151093 0.47643473744392395 0.2827836871147156
v 0.21209686994552612 0.47560057044029236 0.306044340133667
v -0.2333020716905594 0.6410268545150757 -0.2075234353542328
v -0.2333020716905594 0.6410268545150757 -0.2075234353542328
v -0.23605932295322418 0.6034809350967407 -0.2000715732574463
v -0.23605932295322418 0.6034809350967407 -0.2000715732574463
v 0.23005861043930054 0.6772579550743103 -0.2132035195827484
v 0.23005861043930054 0.6772579550743103 -0.2132035195827484
v 0.23329328000545502 0.6410266757011414 -0.2075231373310089
v 0.23329328000545502 0.6410266757011414 -0.2075231373310089
v -0.23816296458244324 0.5646491050720215 -0.18950684368610382
v -0.23816296458244324 0.5646491050720215 -0.18950684368610382
v 0.23605795204639435 0.6034810543060303 -0.20007146894931793
v 0.23605795204639435 0.6034810543060303 -0.20007146894931793
v -0.2395583689212799 0.5301167964935303 -0.1747284084558487
v -0.2395583689212799 0.5301167964935303 -0.1747284084558487
v 0.2381628006696701 0.564649224281311 -0.18950685858726501
v 0.2381628006696701 0.564649224281311 -0.18950685858726501
v -0.24031572043895721 0.5040472745895386 -0.15453141927719116
v -0.24031572043895721 0.5040472745895386 -0.15453141927719116
v 0.23955823481082916 0.5301170349121094 -0.1747283786535263
v 0.23955823481082916 0.5301170349121094 -0.1747283786535263
v 0.24031560122966766 0.5040473937988281 -0.15453138947486877
v 0.24031560122966766 0.5040473937988281 -0.15453138947486877
v -0.23006756603717804 0.677257776260376 -0.21320347487926483
v -0.23006756603717804 0.677257776260376 -0.21320347487926483
v -0.16277804970741272 0.46959424018859863 0.3303825557231903
v -0.16277804970741272 0.46959424018859863 0.3303825557231903
v -0.18747496604919434 0.46783092617988586 0.3207398056983948
v -0.18747496604919434 0.46783092617988586 0.3207398056983948
v -0.2084975689649582 0.46747684478759766 0.30400916934013367
v -0.2084975689649582 0.46747684478759766 0.30400916934013367
v -0.22243158519268036 0.4685225784778595 0.28179335594177246
v -0.22243158519268036 0.4685225784778595 0.28179335594177246
v 0.22243145108222961 0.4685225784778595 0.28179317712783813
v 0.22243145108222961 0.4685225784778595 0.28179317712783813
v 0.20849743485450745 0.46747639775276184 0.3040091395378113
v 0.20849743485450745 0.46747639775276184 0.3040091395378113
v 0.18747484683990479 0.467830091714859 0.3207397758960724
v 0.18747484683990479 0.467830091714859 0.3207397758960724
v 0.16277791559696198 0.46959388256073 0.3303825557231903
v 0.16277791559696198 0.46959388256073 0.3303825557231903
v -0.1502598077058792 0.5176868438720703 -0.08796195685863495
v -0.13454291224479675 0.5390558242797852 -0.13001494109630585
v -0.13454291224479675 0.5390558242797852 -0.13001494109630585
v -0.13361132144927979 0.5614803433418274 -0.15183378756046295
v -0.13361132144927979 0.5614803433418274 -0.15183378756046295
v -0.1322532445192337 0.5886547565460205 -0.16838768124580383
v -0.1322532445192337 0.5886547565460205 -0.16838768124580383
v -0.13052420318126678 0.618068516254425 -0.17944251000881195
v -0.13052420318126678 0.618068516254425 -0.17944251000881195
v -0.12848904728889465 0.6478410959243774 -0.18709532916545868
v -0.12848904728889465 0.6478410959243774 -0.18709532916545868
v -0.12601535022258759 0.6805594563484192 -0.19228202104568481
v -0.12601535022258759 0.6805594563484192 -0.19228202104568481
v -0.13631340861320496 0.7379754185676575 -0.19372177124023438
v -0.05218600109219551 0.9982534050941467 -0.21820171177387238
v -0.051848895847797394 1.0023337602615356 -0.22077235579490662
v -0.05212971568107605 1.0041966438293457 -0.22502094507217407
v -0.05335536226630211 1.0043269395828247 -0.2321038395166397
v -0.055311139672994614 1.0023247003555298 -0.23732775449752808
v -0.055311139672994614 1.0023247003555298 -0.23732775449752808
v -0.0569324754178524 0.9972556829452515 -0.2382350116968155
v -0.057356495410203934 0.9930267930030823 -0.2361752986907959
v -0.05669565498828888 0.991686224937439 -0.230401411652565
v -0.05540287494659424 0.9898589253425598 -0.22658389806747437
v -0.056475680321455 0.4863146245479584 0.3194159269332886
v -0.056842051446437836 0.48129183053970337 0.32089969515800476
v -0.057521745562553406 0.47496503591537476 0.32452553510665894
v -0.05819177255034447 0.47246432304382324 0.330131471157074
v -0.05869981274008751 0.4739961624145508 0.33536356687545776
v -0.05869981274008751 0.4739961624145508 0.33536356687545776
v -0.05894460901618004 0.48269298672676086 0.3375985622406006
v -0.05904968082904816 0.49133166670799255 0.33757835626602173
v -0.059365857392549515 0.4987477660179138 0.3356271982192993
v -0.06026722490787506 0.5034983158111572 0.3298097550868988
v -0.10183243453502655 0.5103075504302979 -0.08849307894706726
v -0.10183243453502655 0.5103075504302979 -0.08849307894706726
v -0.10183243453502655 0.5103075504302979 -0.08849307894706726
v -0.04246837645769119 0.752675473690033 -0.22019748389720917
v -0.052968766540288925 0.6802834868431091 -0.21048159897327423
v -0.052968766540288925 0.6802834868431091 -0.21048159897327423
v -0.041071753948926926 0.6827943325042725 -0.21147193014621735
v -0.041071753948926926 0.6827943325042725 -0.21147193014621735
v -0.05479374900460243 0.64482581615448 -0.203566774725914
v -0.05479374900460243 0.64482581615448 -0.203566774725914
v -0.042243629693984985 0.6469579339027405 -0.20478583872318268
v -0.042243629693984985 0.6469579339027405 -0.20478583872318268
v -0.05579116940498352 0.613305389881134 -0.19335003197193146
v -0.05579116940498352 0.613305389881134 -0.19335003197193146
v -0.04260626807808876 0.6148639917373657 -0.19450625777244568
v -0.04260626807808876 0.6148639917373657 -0.19450625777244568
v -0.05656372755765915 0.5826282501220703 -0.17951706051826477
v -0.05656372755765915 0.5826282501220703 -0.17951706051826477
v -0.042782802134752274 0.5836265087127686 -0.18035030364990234
v -0.042782802134752274 0.5836265087127686 -0.18035030364990234
v -0.05728568881750107 0.5537415146827698 -0.1608429253101349
v -0.05728568881750107 0.5537415146827698 -0.1608429253101349
v -0.042995210736989975 0.5540403723716736 -0.16129878163337708
v -0.042995210736989975 0.5540403723716736 -0.16129878163337708
v -0.05851573124527931 0.5290361046791077 -0.13671894371509552
v -0.05851573124527931 0.5290361046791077 -0.13671894371509552
v -0.042364031076431274 0.5288018584251404 -0.1367124766111374
v -0.042364031076431274 0.5288018584251404 -0.1367124766111374
v -0.050248146057128906 0.5001762509346008 -0.08827631920576096
v -0.051109958440065384 0.512096643447876 -0.09044589102268219
v -0.03332870826125145 0.5361473560333252 -0.13070756196975708
v -0.03332870826125145 0.5361473560333252 -0.13070756196975708
v -0.06879289448261261 0.5365989804267883 -0.13067810237407684
v -0.06879289448261261 0.5365989804267883 -0.13067810237407684
v -0.03304576873779297 0.5599205493927002 -0.1526329070329666
v -0.03304576873779297 0.5599205493927002 -0.1526329070329666
v -0.06834299117326736 0.5602391958236694 -0.15205931663513184
v -0.06834299117326736 0.5602391958236694 -0.15205931663513184
v -0.032739512622356415 0.5877636671066284 -0.16995738446712494
v -0.032739512622356415 0.5877636671066284 -0.16995738446712494
v -0.06763540208339691 0.5880551934242249 -0.16877810657024384
v -0.06763540208339691 0.5880551934242249 -0.16877810657024384
v -0.03254127874970436 0.6171129941940308 -0.1827095001935959
v -0.03254127874970436 0.6171129941940308 -0.1827095001935959
v -0.06689928472042084 0.617369532585144 -0.1811206042766571
v -0.06689928472042084 0.617369532585144 -0.1811206042766571
v -0.03221121057868004 0.6467126607894897 -0.19206245243549347
v -0.03221121057868004 0.6467126607894897 -0.19206245243549347
v -0.0660259947180748 0.6469295620918274 -0.19013813138008118
v -0.0660259947180748 0.6469295620918274 -0.19013813138008118
v -0.031178927049040794 0.6796268820762634 -0.1983713060617447
v -0.031178927049040794 0.6796268820762634 -0.1983713060617447
v -0.06450425833463669 0.679786741733551 -0.19626636803150177
v -0.06450425833463669 0.679786741733551 -0.19626636803150177
v -0.04477512463927269 0.7376118898391724 -0.2006622701883316
v -1.2790707160093007e-7 0.9982820153236389 -0.21982482075691223
v -1.2977393737401144e-7 1.0023369789123535 -0.22250041365623474
v -1.324916496514561e-7 1.004196047782898 -0.22684141993522644
v -1.3760602257661958e-7 1.004307508468628 -0.2342052012681961
v -1.3865209780306031e-7 1.002245306968689 -0.2392309159040451
v -1.3865209780306031e-7 1.002245306968689 -0.2392309159040451
v -1.3781671270862716e-7 0.9972402453422546 -0.24000628292560577
v -1.373159790318823e-7 0.9930753707885742 -0.23784984648227692
v -1.3724010727855784e-7 0.9916295409202576 -0.23196643590927124
v -1.3710047142012627e-7 0.9896374344825745 -0.2283732146024704
v -0.151336669921875 0.5420288443565369 -0.1260465532541275
v -0.1501946598291397 0.5636526942253113 -0.14733067154884338
v -0.14859145879745483 0.5900653600692749 -0.16357028484344482
v -0.1466682255268097 0.6192352175712585 -0.17446613311767578
v -0.14446134865283966 0.6491077542304993 -0.18193545937538147
v -0.14184504747390747 0.6817362308502197 -0.18686869740486145
v -0.0665765032172203 0.4910869896411896 0.2531265914440155
v -0.06395909935235977 0.49189525842666626 0.27418598532676697
v -0.061589762568473816 0.49262121319770813 0.2970423102378845
v -0.059377122670412064 0.4932368993759155 0.3133261501789093
v -0.06379161775112152 0.5032897591590881 0.3145664632320404
v -0.0670270025730133 0.5012518167495728 0.30081790685653687
v -0.07039038836956024 0.49933725595474243 0.2816562354564667
v -0.07368935644626617 0.49835458397865295 0.25799986720085144
v -0.04701472073793411 0.6815815567970276 -0.2107364982366562
v -0.0485166497528553 0.6459479331970215 -0.20394188165664673
v -0.049197785556316376 0.6141718029975891 -0.1937064379453659
v -0.049671318382024765 0.5832411050796509 -0.1797306388616562
v -0.05013740062713623 0.5540330410003662 -0.16088706254959106
v -0.05043713003396988 0.5290811657905579 -0.1365426629781723
v -0.05112166330218315 0.5386386513710022 -0.12834130227565765
v -0.05075078830122948 0.5622078776359558 -0.1494625210762024
v -0.05024849995970726 0.5896050930023193 -0.16603220999240875
v -0.049793802201747894 0.6184611916542053 -0.17819984257221222
v -0.04920172691345215 0.6474379301071167 -0.18710918724536896
v -0.04793952405452728 0.6798521876335144 -0.19320018589496613
v -7.669913060226463e-8 0.4904038608074188 0.25181862711906433
v -7.766394105601648e-8 0.4910449981689453 0.2730942368507385
v -7.90689682617085e-8 0.49190375208854675 0.2963014245033264
v -7.994231054908596e-8 0.4927198588848114 0.31292060017585754
v -1.8215743580185517e-8 0.50371915102005 0.31374213099479675
v -7.233174414977839e-8 0.5017817616462708 0.29940658807754517
v -7.971158311192994e-8 0.4998532235622406 0.27978014945983887
v -7.830072945580469e-8 0.4987545907497406 0.25605934858322144
v 0.04701538383960724 0.6815822720527649 -0.21073324978351593
v 0.04851676523685455 0.6459522843360901 -0.20394107699394226
v 0.049199070781469345 0.6141772866249084 -0.19370563328266144
v 0.049674276262521744 0.5832432508468628 -0.17973025143146515
v 0.050139378756284714 0.5540332198143005 -0.16088713705539703
v 0.050437282770872116 0.5290809273719788 -0.1365426629781723
v 0.051121536642313004 0.5386369228363037 -0.12834689021110535
v 0.050750717520713806 0.5622066855430603 -0.1494653970003128
v 0.050248414278030396 0.5896061062812805 -0.1660315990447998
v 0.04979313910007477 0.618462085723877 -0.17820094525814056
v 0.04919961094856262 0.6474382877349854 -0.18711073696613312
v 0.04794173687696457 0.6798519492149353 -0.19320113956928253
v 0.06657823175191879 0.4910869896411896 0.2531265914440155
v 0.06395924836397171 0.49189531803131104 0.2741859257221222
v 0.06158961355686188 0.49262142181396484 0.29704228043556213
v 0.05937700346112251 0.4932370185852051 0.3133261501789093
v 0.06379342824220657 0.5032899975776672 0.3145643472671509
v 0.06702710688114166 0.5012518167495728 0.3008158504962921
v 0.0703902393579483 0.49933677911758423 0.2816559076309204
v 0.07368925958871841 0.4983539581298828 0.25799986720085144
v 0.15022537112236023 0.682450532913208 -0.20378047227859497
v 0.15316419303417206 0.6477113962173462 -0.19831278920173645
v 0.15556694567203522 0.6158050298690796 -0.18935748934745789
v 0.157426118850708 0.5846350789070129 -0.17608310282230377
v 0.15880222618579865 0.5560823082923889 -0.1575697511434555
v 0.15937650203704834 0.5330867767333984 -0.1341722011566162
v 0.15133650600910187 0.5420291423797607 -0.12604649364948273
v 0.1501944661140442 0.5636531114578247 -0.14733052253723145
v 0.1485912948846817 0.5900667309761047 -0.1635710895061493
v 0.14666803181171417 0.619236409664154 -0.17446880042552948
v 0.14446161687374115 0.6491079330444336 -0.18193790316581726
v 0.14184825122356415 0.6817374229431152 -0.18686972558498383
v 0.07077808678150177 0.4903700053691864 0.22079120576381683
v -7.521363443174778e-8 0.4899457097053528 0.21954190731048584
v -0.07077639549970627 0.4903700053691864 0.22079120576381683
v -0.0778118297457695 0.4986927807331085 0.22477838397026062
v -7.692635506373335e-8 0.49884212017059326 0.2230168730020523
v 0.07781173288822174 0.4986926019191742 0.22477838397026062
v 0.08414717018604279 0.49101367592811584 0.07506487518548965
v -6.871397317809169e-8 0.490604043006897 0.07540341466665268
v -0.08414731174707413 0.49101367592811584 0.07506487518548965
v -0.08733094483613968 0.5011138319969177 0.07739651948213577
v -7.092004494779758e-8 0.5012116432189941 0.07741379737854004
v 0.08733080327510834 0.5011139512062073 0.07739653438329697
v -0.1502264440059662 0.6824516654014587 -0.203779399394989
v -0.15316665172576904 0.6477117538452148 -0.1983097791671753
v -0.1555691957473755 0.6158052682876587 -0.18935458362102509
v -0.15742549300193787 0.5846351981163025 -0.1760808527469635
v -0.158799946308136 0.5560824275016785 -0.15755973756313324
v -0.1593749225139618 0.5330868363380432 -0.134161576628685
v 0.09625986218452454 0.5033964514732361 -0.038222573697566986
v 0.07169708609580994 0.5143660306930542 -0.09950709342956543
v 0.07169708609580994 0.5143660306930542 -0.09950709342956543
v 0.05120105296373367 0.5153681635856628 -0.09754890948534012
v 0.06889773905277252 0.5267248153686523 -0.11869333684444427
v 0.06889773905277252 0.5267248153686523 -0.11869333684444427
v 0.0512077696621418 0.5285124778747559 -0.11656006425619125
v 0.033398304134607315 0.5260319113731384 -0.118625208735466
v 0.033398304134607315 0.5260319113731384 -0.118625208735466
v 0.03064313530921936 0.513052761554718 -0.09950123727321625
v 0.03064313530921936 0.513052761554718 -0.09950123727321625
v 0.06401965767145157 0.7273674011230469 -0.20228137075901031
v 0.06401965767145157 0.7273674011230469 -0.20228137075901031
v 0.045205987989902496 0.7275882363319397 -0.19963274896144867
v 0.026336686685681343 0.7273276448249817 -0.20455196499824524
v 0.026336686685681343 0.7273276448249817 -0.20455196499824524
v 0.050845805555582047 0.9595857858657837 -0.2257404625415802
v 0.05339260771870613 0.9507476687431335 -0.225661963224411
v 0.0572313591837883 0.9394069314002991 -0.22535525262355804
v 0.061572588980197906 0.9244027733802795 -0.2247498631477356
v 0.06585165858268738 0.9052326083183289 -0.22428664565086365
v 0.09463044255971909 0.49447736144065857 -0.038302063941955566
v 0.11384673416614532 0.5113722681999207 -0.08894138038158417
v 0.11384673416614532 0.5113722681999207 -0.08894138038158417
v 0.08970727771520615 0.5102366805076599 -0.08931344747543335
v 0.08970727771520615 0.5102366805076599 -0.08931344747543335
v 0.07739752531051636 0.9217177629470825 -0.2110646814107895
v 0.07418516278266907 0.946010410785675 -0.2132362276315689
v 0.06957902759313583 0.9659146070480347 -0.21474353969097137
v 0.06340677291154861 0.9806352853775024 -0.2156524956226349
v 0.05674465373158455 0.9897280931472778 -0.2163858711719513
v 0.12856772541999817 0.7400947213172913 -0.21281059086322784
v 0.12856772541999817 0.7400947213172913 -0.21281059086322784
v 0.15855686366558075 0.5232502818107605 -0.12059183418750763
v 0.14556805789470673 0.5216866135597229 -0.12052059173583984
v 0.14556805789470673 0.5216866135597229 -0.12052059173583984
v 0.13677629828453064 0.5064365267753601 -0.09863342344760895
v 0.13677629828453064 0.5064365267753601 -0.09863342344760895
v 0.22348402440547943 0.5128792524337769 -0.040450673550367355
v 0.15159761905670166 0.5329317450523376 -0.114145427942276
v 0.1347087025642395 0.5296589732170105 -0.11785116046667099
v 0.1347087025642395 0.5296589732170105 -0.11785116046667099
v 0.13178418576717377 0.5173744559288025 -0.09856527298688889
v 0.13178418576717377 0.5173744559288025 -0.09856527298688889
v 0.11960411071777344 0.7276391386985779 -0.1981545239686966
v 0.11960411071777344 0.7276391386985779 -0.1981545239686966
v 0.08345770090818405 0.8455838561058044 -0.20558372139930725
v -1.1455465909193663e-7 0.8446707725524902 -0.20830374956130981
v -0.08345793932676315 0.8455841541290283 -0.20557986199855804
v -0.2034299373626709 0.8558356165885925 -0.19140389561653137
v -0.2140294760465622 0.857552170753479 -0.19356389343738556
v -0.21658141911029816 0.8578981161117554 -0.20047341287136078
v -0.21667687594890594 0.8578853011131287 -0.2133985310792923
v -0.2145957350730896 0.8577592968940735 -0.219188392162323
v -0.2145957350730896 0.8577592968940735 -0.219188392162323
v -0.20943981409072876 0.8574760556221008 -0.2206650972366333
v -0.20395056903362274 0.8571891188621521 -0.21996071934700012
v -0.1999313086271286 0.8569248914718628 -0.21616573631763458
v -0.19650112092494965 0.8565351366996765 -0.2098103016614914
v -0.07559803873300552 0.8416929244995117 -0.2227160930633545
v -1.127261626265863e-7 0.839931845664978 -0.22482486069202423
v 0.07559780776500702 0.8416929244995117 -0.22271762788295746
v 0.19650107622146606 0.8565353155136108 -0.2098078727722168
v 0.19993175566196442 0.8569253087043762 -0.2161642611026764
v 0.2039511650800705 0.8571903109550476 -0.21996156871318817
v 0.2094404101371765 0.8574773073196411 -0.22066369652748108
v 0.21459640562534332 0.8577606081962585 -0.21917569637298584
v 0.21459640562534332 0.8577606081962585 -0.21917569637298584
v 0.2166774719953537 0.8578862547874451 -0.21339532732963562
v 0.21658165752887726 0.8578982949256897 -0.2004714012145996
v 0.21402978897094727 0.8575520515441895 -0.19356423616409302
v 0.20342986285686493 0.8558355569839478 -0.19140435755252838
v 0.2094559222459793 0.7878749370574951 -0.18848669528961182
v 0.07995183765888214 0.7419312000274658 -0.20304621756076813
v 0.07995183765888214 0.7419312000274658 -0.20304621756076813
v 0.10232747346162796 0.7419914603233337 -0.20136794447898865
v 0.10232747346162796 0.7419914603233337 -0.20136794447898865
v 0.08806223422288895 0.7847526669502258 -0.20116156339645386
v -0.0103041622787714 0.7418242692947388 -0.2067384272813797
v -0.0103041622787714 0.7418242692947388 -0.2067384272813797
v 0.01030630711466074 0.741828441619873 -0.2067379653453827
v 0.01030630711466074 0.741828441619873 -0.2067379653453827
v -9.942504419768738e-8 0.7844796776771545 -0.20517826080322266
v -0.08806248009204865 0.7847538590431213 -0.2011624425649643
v -0.10232389718294144 0.7419894337654114 -0.20136848092079163
v -0.10232389718294144 0.7419894337654114 -0.20136848092079163
v -0.07994893193244934 0.7419356107711792 -0.2030487060546875
v -0.07994893193244934 0.7419356107711792 -0.2030487060546875
v -0.20945584774017334 0.787875235080719 -0.1884799301624298
v -0.2191246598958969 0.7884246706962585 -0.19093693792819977
v -0.22140231728553772 0.7885255217552185 -0.19851334393024445
v -0.22150355577468872 0.7884177565574646 -0.21288663148880005
v -0.2194303721189499 0.7883054614067078 -0.2192210853099823
v -0.2194303721189499 0.7883054614067078 -0.2192210853099823
v -0.21426072716712952 0.7881319522857666 -0.22076909244060516
v -0.2087479829788208 0.7879673838615417 -0.2199947088956833
v -0.20467215776443481 0.787854015827179 -0.21572212874889374
v -0.2011297047138214 0.7877764105796814 -0.20832185447216034
v -0.07364761084318161 0.7554548382759094 -0.21898140013217926
v -0.07364761084318161 0.7554548382759094 -0.21898140013217926
v -0.10519829392433167 0.7556087970733643 -0.21660983562469482
v -0.10519829392433167 0.7556087970733643 -0.21660983562469482
v -0.0830686092376709 0.792344331741333 -0.21984802186489105
v 0.013782955706119537 0.7556621432304382 -0.22163890302181244
v 0.013782955706119537 0.7556621432304382 -0.22163890302181244
v -0.013782883994281292 0.755662202835083 -0.2216411530971527
v -0.013782883994281292 0.755662202835083 -0.2216411530971527
v -9.981621929000539e-8 0.7919910550117493 -0.2233758568763733
v 0.08306856453418732 0.792344331741333 -0.2198493480682373
v 0.10519878566265106 0.7556087970733643 -0.21660766005516052
v 0.10519878566265106 0.7556087970733643 -0.21660766005516052
v 0.07364782691001892 0.7554548382759094 -0.21897616982460022
v 0.07364782691001892 0.7554548382759094 -0.21897616982460022
v 0.201129749417305 0.7877776622772217 -0.2083323448896408
v 0.20467428863048553 0.7878561019897461 -0.21572500467300415
v 0.20875082910060883 0.7879686951637268 -0.21999749541282654
v 0.21426360309123993 0.7881332635879517 -0.2207704782485962
v 0.21943320333957672 0.788307249546051 -0.2192154824733734
v 0.21943320333957672 0.788307249546051 -0.2192154824733734
v 0.2215057909488678 0.7884188294410706 -0.21288689970970154
v 0.221403107047081 0.7885251045227051 -0.19851964712142944
v 0.2191261649131775 0.7884238958358765 -0.19094125926494598
v -1.3217106697993586e-7 0.9593481421470642 -0.22761352360248566
v -1.3052718372819072e-7 0.9501953125 -0.22728301584720612
v -0.016763534396886826 0.733772337436676 -0.21104343235492706
v 0.0000012942847433805582 0.7392173409461975 -0.21226897835731506
v 0.0000012942847433805582 0.7392173409461975 -0.21226897835731506
v -0.014032735489308834 0.731913685798645 -0.2240653932094574
v 0.0000022847439140605275 0.737158477306366 -0.22487425804138184
v 0.0000022847439140605275 0.737158477306366 -0.22487425804138184
v 0.01406084280461073 0.7319667935371399 -0.22407737374305725
v 0.016777392476797104 0.7337980270385742 -0.21104830503463745
v 0.026453590020537376 0.6794867515563965 -0.20380088686943054
v 0.02311856485903263 0.6791113018989563 -0.2163156419992447
v 0.027377434074878693 0.645926833152771 -0.19730445742607117
v 0.02393304742872715 0.6440900564193726 -0.20942294597625732
v 0.027624493464827538 0.615559995174408 -0.18755847215652466
v 0.024102749302983284 0.6119025349617004 -0.1988074779510498
v 0.027760455384850502 0.5856104493141174 -0.1742754727602005
v 0.024208201095461845 0.5805190205574036 -0.18435236811637878
v 0.028024639934301376 0.5572091341018677 -0.15632595121860504
v 0.02446046657860279 0.5507747530937195 -0.16506977379322052
v 0.02831449918448925 0.533229410648346 -0.13368745148181915
v 0.024748805910348892 0.5262610912322998 -0.14089523255825043
v 0.01706191524863243 0.5031164884567261 -0.10463558882474899
v 0.02015864849090576 0.5081348419189453 -0.09762220829725266
v -0.10235728323459625 0.5092906951904297 -0.0938224345445633
v -0.10235728323459625 0.5092906951904297 -0.0938224345445633
v -0.12250401079654694 0.5122899413108826 -0.09699788689613342
v -0.08213342726230621 0.510301947593689 -0.09755135327577591
v -0.0852043628692627 0.5057658553123474 -0.10464131087064743
v -0.10303199291229248 0.5051714777946472 -0.10098212957382202
v -0.10303199291229248 0.5051714777946472 -0.10098212957382202
v -0.12090465426445007 0.5077093243598938 -0.10418082773685455
v -0.13090552389621735 0.5362762212753296 -0.13305482268333435
v -0.1290494203567505 0.5297852754592896 -0.13980694115161896
v -0.13001985847949982 0.5590407848358154 -0.15543010830879211
v -0.12822942435741425 0.5531494617462158 -0.16350135207176208
v -0.12873239815235138 0.5867865681648254 -0.17252212762832642
v -0.12701962888240814 0.5821486115455627 -0.18199515342712402
v -0.12707018852233887 0.6166536808013916 -0.18412387371063232
v -0.12543632090091705 0.61320960521698 -0.19510193169116974
v -0.12508274614810944 0.6469483971595764 -0.19217105209827423
v -0.12347938120365143 0.6450887322425842 -0.2041863203048706
v -0.12263664603233337 0.6801357269287109 -0.19755728542804718
v -0.12102790176868439 0.6796154379844666 -0.20999781787395477
v -0.11048813164234161 0.7340012788772583 -0.2050708383321762
v -0.10900048911571503 0.732236385345459 -0.21826057136058807
v -0.09150339663028717 0.7393870949745178 -0.20769599080085754
v -0.09150339663028717 0.7393870949745178 -0.20769599080085754
v -0.07312620431184769 0.7339203357696533 -0.207924947142601
v -0.09193230420351028 0.7374334335327148 -0.2204349786043167
v -0.09193230420351028 0.7374334335327148 -0.2204349786043167
v -0.07572660595178604 0.7321881055831909 -0.2208743691444397
v -0.06902262568473816 0.6796392202377319 -0.20114028453826904
v -0.07182377576828003 0.6792431473731995 -0.21335932612419128
v -0.07065226882696152 0.6461852788925171 -0.1948736160993576
v -0.0736057311296463 0.6443268656730652 -0.2067117691040039
v -0.0716288760304451 0.6158744096755981 -0.18556059896945953
v -0.07470894604921341 0.6122076511383057 -0.19661106169223785
v -0.07246137410402298 0.5859702229499817 -0.1727984994649887
v -0.07564786821603775 0.580883800983429 -0.1827431470155716
v -0.07322301715612411 0.557628333568573 -0.15557383000850677
v -0.07644832879304886 0.5512763857841492 -0.16414996981620789
v -0.07365484535694122 0.5338507294654846 -0.13357733190059662
v -0.07684905081987381 0.5270938277244568 -0.14056625962257385
v 0.07314519584178925 0.7338952422142029 -0.20792274177074432
v 0.09150728583335876 0.7393863797187805 -0.207697331905365
v 0.09150728583335876 0.7393863797187805 -0.207697331905365
v 0.07576638460159302 0.7321354746818542 -0.22087249159812927
v 0.09194017201662064 0.737431526184082 -0.22044013440608978
v 0.09194017201662064 0.737431526184082 -0.22044013440608978
v 0.10904795676469803 0.7322689890861511 -0.218265563249588
v 0.11051123589277267 0.7340170741081238 -0.20507289469242096
v 0.12270499765872955 0.6801818013191223 -0.1975625902414322
v 0.12116486579179764 0.679709792137146 -0.21000613272190094
v 0.12509238719940186 0.6469550132751465 -0.1921747922897339
v 0.1234988197684288 0.645102322101593 -0.20418940484523773
v 0.12706983089447021 0.6166552901268005 -0.18412722647190094
v 0.12543560564517975 0.613210141658783 -0.19510401785373688
v 0.12873207032680511 0.5867881774902344 -0.1725231558084488
v 0.12701906263828278 0.582149088382721 -0.18199588358402252
v 0.1300196349620819 0.5590411424636841 -0.15542994439601898
v 0.12822915613651276 0.5531494617462158 -0.16350135207176208
v 0.1309053748846054 0.536276638507843 -0.13305479288101196
v 0.12904931604862213 0.5297853946685791 -0.13980698585510254
v 0.12090452760457993 0.5077094435691833 -0.10418081283569336
v 0.12250388413667679 0.5122900605201721 -0.09699784964323044
v -0.026415718719363213 0.6794112324714661 -0.20379401743412018
v -0.02304263971745968 0.6789605617523193 -0.21629881858825684
v -0.02737715281546116 0.6459143757820129 -0.1973048746585846
v -0.023932768031954765 0.6440649032592773 -0.20942115783691406
v -0.02762787602841854 0.6155582070350647 -0.18755744397640228
v -0.024109965190291405 0.6118997931480408 -0.19880583882331848
v -0.027760926634073257 0.585609495639801 -0.17427588999271393
v -0.02420911006629467 0.5805177092552185 -0.18435221910476685
v -0.028024718165397644 0.5572112798690796 -0.15632735192775726
v -0.024460453540086746 0.5507763028144836 -0.1650714874267578
v -0.028314614668488503 0.5332319736480713 -0.1336870789527893
v -0.024748852476477623 0.5262634754180908 -0.14089561998844147
v -0.02015877701342106 0.5081347823143005 -0.09762217104434967
v -0.01706204190850258 0.5031165480613708 -0.1046355664730072
v -6.403671193311311e-8 0.5060210824012756 -0.09416019916534424
v -6.403671193311311e-8 0.5060210824012756 -0.09416019916534424
v -6.275393360510861e-8 0.5013949871063232 -0.10116636753082275
v -6.275393360510861e-8 0.5013949871063232 -0.10116636753082275
v 0.06907530128955841 0.6795638203620911 -0.20113086700439453
v 0.0719340443611145 0.6790924668312073 -0.2133355289697647
v 0.070655956864357 0.6461750864982605 -0.19487616419792175
v 0.0736176148056984 0.6443063020706177 -0.20671074092388153
v 0.07162810117006302 0.6158760786056519 -0.1855623573064804
v 0.0747082456946373 0.6122108101844788 -0.19661296904087067
v 0.07246304303407669 0.5859720706939697 -0.1727987676858902
v 0.07565183192491531 0.5808864831924438 -0.18274375796318054
v 0.07322423905134201 0.5576287508010864 -0.15557880699634552
v 0.07645130157470703 0.5512771606445312 -0.1641521006822586
v 0.0736548900604248 0.5338504314422607 -0.13358472287654877
v 0.07684939354658127 0.527093768119812 -0.140569806098938
v 0.08213328570127487 0.5103021264076233 -0.09755168110132217
v 0.08520422875881195 0.5057659149169922 -0.10464148223400116
v 0.10235714912414551 0.5092908143997192 -0.09382244199514389
v 0.10235714912414551 0.5092908143997192 -0.09382244199514389
v 0.10303186625242233 0.5051714777946472 -0.10098212957382202
v 0.10303186625242233 0.5051714777946472 -0.10098212957382202
v -0.029894694685935974 0.6797705888748169 -0.2247588336467743
v -0.03076278790831566 0.6433195471763611 -0.21758610010147095
v -0.02573808841407299 0.6790450215339661 -0.22641165554523468
v -0.02658204548060894 0.642725944519043 -0.2192172259092331
v -0.1286116987466812 0.6806802749633789 -0.21844859421253204
v -0.1311805546283722 0.6446206569671631 -0.21245597302913666
v -0.12464272230863571 0.6798571348190308 -0.22011920809745789
v -0.12712210416793823 0.6439157724380493 -0.214033842086792
v 0.06471262127161026 0.6788532137870789 -0.22248977422714233
v 0.06649044901132584 0.6425872445106506 -0.21543864905834198
v 0.06886420398950577 0.678719162940979 -0.22379332780838013
v 0.07063755393028259 0.6425381898880005 -0.21677719056606293
v -0.02361225336790085 0.678790807723999 -0.22449271380901337
v -0.02447325363755226 0.6428901553153992 -0.21736419200897217
v -0.024630535393953323 0.6095080375671387 -0.20619674026966095
v -0.024739239364862442 0.5771620273590088 -0.19099052250385284
v -0.024975676089525223 0.5464892983436584 -0.17088623344898224
v -0.025010444223880768 0.5214281678199768 -0.14584268629550934
v -0.016705306246876717 0.49925312399864197 -0.10799254477024078
v -6.235130456389015e-8 0.49772319197654724 -0.10433941334486008
v -6.235130456389015e-8 0.49772319197654724 -0.10433941334486008
v 0.016705181449651718 0.49925312399864197 -0.10799258202314377
v 0.025010593235492706 0.5214263200759888 -0.14584220945835114
v 0.024975860491394997 0.5464895367622375 -0.17088374495506287
v 0.02473796345293522 0.5771649479866028 -0.19099010527133942
v 0.02462068386375904 0.6095113754272461 -0.20619864761829376
v 0.024469472467899323 0.6429163217544556 -0.21736717224121094
v 0.023685893043875694 0.6789418458938599 -0.22451132535934448
v 0.014426791109144688 0.73288893699646 -0.23250338435173035
v -8.898612691154995e-8 0.7382177710533142 -0.23332896828651428
v -8.898612691154995e-8 0.7382177710533142 -0.23332896828651428
v -0.014402796514332294 0.7328386306762695 -0.2324914187192917
v -0.12236367911100388 0.6795297265052795 -0.21821577847003937
v -0.1248336210846901 0.6439905166625977 -0.21215175092220306
v -0.12679578363895416 0.6109559535980225 -0.20236343145370483
v -0.12834899127483368 0.5790507793426514 -0.18819087743759155
v -0.12950564920902252 0.5492011904716492 -0.16873577237129211
v -0.13008108735084534 0.5253134965896606 -0.14427712559700012
v -0.12126334011554718 0.5041959881782532 -0.10756292194128036
v -0.10332238674163818 0.5017793774604797 -0.10425340384244919
v -0.10332238674163818 0.5017793774604797 -0.10425340384244919
v -0.08541183918714523 0.5021002292633057 -0.10806285589933395
v -0.07631842792034149 0.5223361849784851 -0.14537890255451202
v -0.07570543885231018 0.5469757318496704 -0.16994456946849823
v -0.0748773142695427 0.5774398446083069 -0.18947750329971313
v -0.07390742748975754 0.6096989512443542 -0.20411163568496704
v -0.07276394963264465 0.6430100202560425 -0.21476313471794128
v -0.07092521339654922 0.6789310574531555 -0.22168780863285065
v -0.07506837695837021 0.733163595199585 -0.22952094674110413
v -0.09201915562152863 0.7385771870613098 -0.22904430329799652
v -0.09201915562152863 0.7385771870613098 -0.22904430329799652
v -0.10986528545618057 0.7332462668418884 -0.22675983607769012
v 0.0710374265909195 0.6787803769111633 -0.22166460752487183
v 0.07277623564004898 0.6429895758628845 -0.2147607058286667
v 0.07390691339969635 0.6097025275230408 -0.20411354303359985
v 0.07488301396369934 0.57744300365448 -0.18947845697402954
v 0.07570992410182953 0.5469765663146973 -0.16994449496269226
v 0.07631926983594894 0.5223361849784851 -0.145379438996315
v 0.08541171252727509 0.5021002292633057 -0.10806287825107574
v 0.10332226008176804 0.5017792582511902 -0.104253388941288
v 0.10332226008176804 0.5017792582511902 -0.104253388941288
v 0.12126321345567703 0.5041958093643188 -0.10756290704011917
v 0.13008122146129608 0.5253134369850159 -0.1442771553993225
v 0.12950550019741058 0.5492008328437805 -0.16873587667942047
v 0.12834800779819489 0.5790494680404663 -0.18819217383861542
v 0.12679433822631836 0.610954761505127 -0.2023671716451645
v 0.12485267221927643 0.6440039873123169 -0.2121557891368866
v 0.12250076234340668 0.6796240210533142 -0.21822093427181244
v 0.10990851372480392 0.7332738041877747 -0.22676585614681244
v 0.09202394634485245 0.7385715842247009 -0.2290509045124054
v 0.09202394634485245 0.7385715842247009 -0.2290509045124054
v 0.07510755956172943 0.7331097722053528 -0.22952021658420563
v -0.02673463709652424 0.6090177893638611 -0.20793516933918
v -0.03093699924647808 0.6097452640533447 -0.2064431756734848
v -0.02684847079217434 0.5764186382293701 -0.1925540566444397
v -0.03106352873146534 0.5772594213485718 -0.19122493267059326
v -0.027030736207962036 0.5454392433166504 -0.17230547964572906
v -0.03130488097667694 0.5463262796401978 -0.1711498200893402
v -0.02647431567311287 0.5197696089744568 -0.14731985330581665
v -0.030754126608371735 0.5200392603874207 -0.14636589586734772
v -0.016762014478445053 0.49696192145347595 -0.10892588645219803
v -0.01827615313231945 0.4961911737918854 -0.10518063604831696
v -6.184804135500599e-8 0.495522677898407 -0.10510176420211792
v -6.184804135500599e-8 0.495522677898407 -0.10510176420211792
v 0.016761889681220055 0.49696192145347595 -0.10892588645219803
v -6.161492649425782e-8 0.4944131672382355 -0.10120131075382233
v -6.161492649425782e-8 0.4944131672382355 -0.10120131075382233
v 0.0182760301977396 0.4961911737918854 -0.10518063604831696
v 0.026474682614207268 0.5197687149047852 -0.14731928706169128
v 0.03075401298701763 0.5200392603874207 -0.14636604487895966
v 0.02703108824789524 0.5454416275024414 -0.1723022758960724
v 0.03130486235022545 0.5463263988494873 -0.17114993929862976
v 0.02684704028069973 0.576422929763794 -0.1925523281097412
v 0.03106238879263401 0.5772599577903748 -0.19122488796710968
v 0.02672419883310795 0.6090213060379028 -0.2079363614320755
v 0.03092758171260357 0.6097460985183716 -0.2064429372549057
v 0.02657056786119938 0.6427387595176697 -0.2192184031009674
v 0.030748335644602776 0.6433200836181641 -0.21758383512496948
v 0.0257621631026268 0.6791056394577026 -0.22641761600971222
v 0.029888341203331947 0.6797698140144348 -0.22474460303783417
v 0.01579415611922741 0.7348794937133789 -0.23463736474514008
v 0.018480351194739342 0.7386527061462402 -0.23332908749580383
v -0.000004877565061178757 0.7405043840408325 -0.23550090193748474
v -0.000004877565061178757 0.7405043840408325 -0.23550090193748474
v -0.01579291932284832 0.7348652482032776 -0.23463362455368042
v -0.000001828816493798513 0.7447928190231323 -0.23425716161727905
v -0.000001828816493798513 0.7447928190231323 -0.23425716161727905
v -0.018483208492398262 0.7386550903320312 -0.23333339393138885
v -0.12910039722919464 0.6105678081512451 -0.2040991187095642
v -0.13322682678699493 0.6114068031311035 -0.2026330828666687
v -0.1306522637605667 0.5784061551094055 -0.18964461982250214
v -0.13481536507606506 0.579286515712738 -0.18828418850898743
v -0.13175326585769653 0.5482354760169983 -0.16996948421001434
v -0.1359822303056717 0.5490965247154236 -0.16871047019958496
v -0.13181427121162415 0.5237506628036499 -0.14558178186416626
v -0.13606418669223785 0.5239858031272888 -0.1445288211107254
v -0.12099871784448624 0.5023947954177856 -0.10809478163719177
v -0.1214783787727356 0.5005015730857849 -0.10613583773374557
v -0.10341576486825943 0.5000419616699219 -0.10463111102581024
v -0.10341576486825943 0.5000419616699219 -0.10463111102581024
v -0.08586589246988297 0.5002945065498352 -0.1085919737815857
v -0.10344146937131882 0.49771174788475037 -0.10249888896942139
v -0.10344146937131882 0.49771174788475037 -0.10249888896942139
v -0.08541864901781082 0.498386025428772 -0.10655002295970917
v -0.07474913448095322 0.5206389427185059 -0.14686346054077148
v -0.07042557001113892 0.5207179188728333 -0.14603480696678162
v -0.07359085232019424 0.5458373427391052 -0.17141291499137878
v -0.06929051876068115 0.5465328097343445 -0.17035961151123047
v -0.07271373271942139 0.5765390992164612 -0.19114238023757935
v -0.06848610937595367 0.5770755410194397 -0.18995395302772522
v -0.07175683975219727 0.6089882850646973 -0.20597781240940094
v -0.06756875663995743 0.6092943549156189 -0.20469871163368225
v -0.0706348717212677 0.642546534538269 -0.21677763760089874
v -0.0664953887462616 0.6425875425338745 -0.2154371589422226
v -0.06881751865148544 0.6787799000740051 -0.22379902005195618
v -0.06471017003059387 0.6788533926010132 -0.22248554229736328
v -0.07343430817127228 0.7351330518722534 -0.23188620805740356
v -0.07028563320636749 0.738746166229248 -0.23092643916606903
v -0.09185319393873215 0.7408919334411621 -0.23131084442138672
v -0.09185319393873215 0.7408919334411621 -0.23131084442138672
v -0.11124677211046219 0.7353035807609558 -0.22885756194591522
v -0.09138442575931549 0.745111346244812 -0.23019737005233765
v -0.09138442575931549 0.745111346244812 -0.23019737005233765
v -0.11357145756483078 0.7390617728233337 -0.22747839987277985
v 0.07175634056329727 0.6089910268783569 -0.20597964525222778
v 0.06756701320409775 0.6092967987060547 -0.20469844341278076
v 0.07272009551525116 0.5765421390533447 -0.1911439448595047
v 0.06849169731140137 0.5770784616470337 -0.18995387852191925
v 0.07359607517719269 0.5458378791809082 -0.17141413688659668
v 0.06929463893175125 0.5465342998504639 -0.1703607589006424
v 0.0747503861784935 0.5206385850906372 -0.14686472713947296
v 0.07042592018842697 0.5207183957099915 -0.14603598415851593
v 0.08586576581001282 0.5002944469451904 -0.1085919588804245
v 0.08541852235794067 0.49838605523109436 -0.10654998570680618
v 0.10341562330722809 0.5000418424606323 -0.10463109612464905
v 0.10341562330722809 0.5000418424606323 -0.10463109612464905
v 0.12099858373403549 0.5023946166038513 -0.10809475183486938
v 0.10344134271144867 0.49771177768707275 -0.10249887406826019
v 0.10344134271144867 0.49771177768707275 -0.10249887406826019
v 0.12147825211286545 0.5005014538764954 -0.10613582283258438
v 0.13181470334529877 0.5237506628036499 -0.1455819457769394
v 0.13606394827365875 0.5239855051040649 -0.144529327750206
v 0.13175329566001892 0.5482349991798401 -0.16997051239013672
v 0.13598187267780304 0.5490965247154236 -0.1687115877866745
v 0.1306508630514145 0.578403890132904 -0.18964755535125732
v 0.13481484353542328 0.5792868733406067 -0.1882849782705307
v 0.12909819185733795 0.6105655431747437 -0.20410560071468353
v 0.1332262009382248 0.6114080548286438 -0.20263366401195526
v 0.12712888419628143 0.643920361995697 -0.2140386551618576
v 0.13118086755275726 0.6446213126182556 -0.21245558559894562
v 0.12469802796840668 0.679892897605896 -0.22011412680149078
v 0.12861418724060059 0.6806793212890625 -0.21844245493412018
v 0.11125565320253372 0.7353037595748901 -0.22886069118976593
v 0.11356896162033081 0.7390579581260681 -0.22747668623924255
v 0.09184891730546951 0.7408822178840637 -0.2313157171010971
v 0.09184891730546951 0.7408822178840637 -0.2313157171010971
v 0.07344885915517807 0.7351091504096985 -0.23188774287700653
v 0.09138228744268417 0.7451087236404419 -0.23019766807556152
v 0.09138228744268417 0.7451087236404419 -0.23019766807556152
v 0.07028650492429733 0.7387455701828003 -0.2309277355670929
v -0.1285678744316101 0.7400946617126465 -0.21281112730503082
v -0.1285678744316101 0.7400946617126465 -0.21281112730503082
v -0.14556816220283508 0.5216866731643677 -0.12051451951265335
v -0.14556816220283508 0.5216866731643677 -0.12051451951265335
v -0.1367764174938202 0.5064365863800049 -0.09863343834877014
v -0.1367764174938202 0.5064365863800049 -0.09863343834877014
v -0.11585284769535065 0.4997662305831909 -0.0890534520149231
v -0.11585284769535065 0.4997662305831909 -0.0890534520149231
v -0.08855639398097992 0.4986305236816406 -0.08926521241664886
v -0.08855639398097992 0.4986305236816406 -0.08926521241664886
v -0.013091727159917355 0.4982355833053589 -0.08679598569869995
v -0.013091727159917355 0.4982355833053589 -0.08679598569869995
v 0.013091601431369781 0.4982355833053589 -0.08679596334695816
v 0.013091601431369781 0.4982355833053589 -0.08679596334695816
v 0.08855625987052917 0.4986305236816406 -0.08926519751548767
v 0.08855625987052917 0.4986305236816406 -0.08926519751548767
v 0.1158527210354805 0.4997662603855133 -0.0890534371137619
v 0.1158527210354805 0.4997662603855133 -0.0890534371137619
v -0.19777533411979675 0.9413564801216125 -0.19630303978919983
v -0.20789852738380432 0.9446741938591003 -0.19782640039920807
v -0.21012800931930542 0.9454002380371094 -0.20342586934566498
v 0.20790241658687592 0.9446743130683899 -0.19782446324825287
v 0.21013286709785461 0.9454003572463989 -0.20342351496219635
v 0.19777613878250122 0.9413565993309021 -0.19630154967308044
v 0.22816215455532074 0.5335437059402466 -0.10873807966709137
v 0.2391093671321869 0.5293585658073425 -0.11126229912042618
v 0.2420928031206131 0.5199697613716125 -0.11895003914833069
v 0.23817266523838043 0.5102465748786926 -0.042819440364837646
v 0.2424018234014511 0.5000086426734924 -0.04654847830533981
v -0.22816230356693268 0.5335435271263123 -0.10873809456825256
v -0.23910947144031525 0.529358446598053 -0.11126237362623215
v -0.24209290742874146 0.519969642162323 -0.11895007640123367
v -0.2234841287136078 0.5128791332244873 -0.04045070707798004
v -0.2381727695465088 0.5102463364601135 -0.04281946271657944
v -0.24240194261074066 0.5000084638595581 -0.046548500657081604
v -0.1502927988767624 0.99619460105896 -0.2056293785572052
v -0.15170888602733612 1.0001140832901 -0.20795516669750214
v -0.15211226046085358 1.001922369003296 -0.21287605166435242
v -0.1679363250732422 0.989957869052887 -0.2028859257698059
v -0.17169548571109772 0.9936532974243164 -0.20482712984085083
v -0.17263223230838776 0.995297372341156 -0.209744393825531
v -0.18142209947109222 0.9784306883811951 -0.2004733383655548
v -0.18807189166545868 0.981759786605835 -0.2019408941268921
v -0.18957671523094177 0.9830957055091858 -0.20689420402050018
v -0.19181860983371735 0.9622889757156372 -0.19829991459846497
v -0.20057335495948792 0.9653432965278625 -0.19965608417987823
v -0.2024686485528946 0.9662981629371643 -0.20486676692962646
v 0.15211717784404755 1.0019222497940063 -0.2128760814666748
v 0.1517135500907898 1.0001140832901 -0.20795580744743347
v 0.15029652416706085 0.99619460105896 -0.20562896132469177
v 0.17169879376888275 0.9936532974243164 -0.2048255354166031
v 0.1726362556219101 0.9952973127365112 -0.20974253118038177
v 0.16793736815452576 0.989957869052887 -0.2028854340314865
v 0.18807260692119598 0.9817599058151245 -0.20194067060947418
v 0.1895776391029358 0.9830958247184753 -0.2068939059972763
v 0.18142208456993103 0.9784306883811951 -0.200473353266716
v 0.2005765736103058 0.9653434157371521 -0.19965623319149017
v 0.20247268676757812 0.9662981033325195 -0.20486684143543243
v 0.19181925058364868 0.9622890949249268 -0.1983005404472351
v -0.1515977382659912 0.5329311490058899 -0.11414540559053421
v -0.15855611860752106 0.5232501029968262 -0.12058534473180771
v -0.19100748002529144 0.9397834539413452 -0.21136197447776794
v -0.18498143553733826 0.956925094127655 -0.21278302371501923
v -0.17471347749233246 0.9708508849143982 -0.21404053270816803
v -0.1596568375825882 0.9818100333213806 -0.2155085653066635
v -0.13909272849559784 0.9876835942268372 -0.2173730432987213
v 0.13909246027469635 0.9876835942268372 -0.21737223863601685
v 0.1596565544605255 0.9818100333213806 -0.2155078798532486
v 0.17471322417259216 0.9708508849143982 -0.21404023468494415
v 0.18498121201992035 0.9569251537322998 -0.2127823829650879
v 0.19100740551948547 0.9397834539413452 -0.21135839819908142
v 0.22192727029323578 0.5154563784599304 -0.12376434355974197
v 0.2224646508693695 0.49275216460227966 -0.04792272299528122
v -0.22246477007865906 0.49275219440460205 -0.0479227639734745
v -0.22192737460136414 0.5154606699943542 -0.12376346439123154
v -0.22562161087989807 0.5034801363945007 -0.13410228490829468
v -0.2255471795797348 0.48261284828186035 -0.051816023886203766
v -0.14447540044784546 0.9898674488067627 -0.22183802723884583
v -0.16371040046215057 0.9844763875007629 -0.21983477473258972
v -0.17794854938983917 0.9734200835227966 -0.21854646503925323
v -0.18812043964862823 0.9589288234710693 -0.2177281677722931
v -0.19413767755031586 0.9415892958641052 -0.21674282848834991
v 0.14447513222694397 0.9898673892021179 -0.22183768451213837
v 0.16371016204357147 0.9844765067100525 -0.21983450651168823
v 0.17794828116893768 0.9734200239181519 -0.2185460478067398
v 0.1881202906370163 0.9589289426803589 -0.21772775053977966
v 0.19413809478282928 0.9415894746780396 -0.2167421579360962
v 0.22562150657176971 0.5034790635108948 -0.1341024935245514
v 0.22554706037044525 0.4826129078865051 -0.05181599408388138
v -0.2297687530517578 0.49592456221580505 -0.1403788924217224
v -0.2353261560201645 0.4930230677127838 -0.14260618388652802
v -0.22974173724651337 0.4748908579349518 -0.054539650678634644
v -0.23548319935798645 0.4723939597606659 -0.055781688541173935
v 0.22976863384246826 0.49592462182044983 -0.14037886261940002
v 0.23532603681087494 0.493023157119751 -0.14260615408420563
v 0.229741632938385 0.47489094734191895 -0.05453960970044136
v 0.2354830950498581 0.47239404916763306 -0.05578164756298065
v -0.1484352946281433 0.9916839599609375 -0.22561785578727722
v -0.15033671259880066 0.9954685568809509 -0.2266683131456375
v -0.16673170030117035 0.9865079522132874 -0.22324351966381073
v -0.169406920671463 0.9897308945655823 -0.2239914983510971
v -0.18089808523654938 0.9756224751472473 -0.22161118686199188
v -0.18464520573616028 0.9785799384117126 -0.2219383716583252
v -0.19146907329559326 0.9607834815979004 -0.22073331475257874
v -0.19610607624053955 0.9631656408309937 -0.22086350619792938
v -0.1977836787700653 0.9427240490913391 -0.21997159719467163
v -0.20293830335140228 0.9439045190811157 -0.22027058899402618
v 0.14843550324440002 0.9916839599609375 -0.22561758756637573
v 0.15033996105194092 0.9954684376716614 -0.22666671872138977
v 0.16673190891742706 0.986507773399353 -0.22324329614639282
v 0.16940997540950775 0.9897306561470032 -0.22399012744426727
v 0.18089798092842102 0.975622296333313 -0.22161081433296204
v 0.184645876288414 0.9785800576210022 -0.2219378799200058
v 0.19146931171417236 0.9607836008071899 -0.22073301672935486
v 0.19610917568206787 0.9631658792495728 -0.22086301445960999
v 0.1977841556072235 0.9427241683006287 -0.2199721336364746
v 0.20294205844402313 0.9439046382904053 -0.22026941180229187
v 0.24247628450393677 0.5010019540786743 -0.13552790880203247
v -0.24247640371322632 0.5010018348693848 -0.13552795350551605
v 0.24271580576896667 0.48213711380958557 -0.0530628077685833
v -0.24271592497825623 0.4821370542049408 -0.053062841296195984
v -0.1521407961845398 1.0020140409469604 -0.22171221673488617
v -0.17266321182250977 0.9953792095184326 -0.21874085068702698
v -0.18954870104789734 0.9831607937812805 -0.21614807844161987
v -0.20229195058345795 0.9663423299789429 -0.21465535461902618
v -0.20986272394657135 0.9454342126846313 -0.21389980614185333
v 0.15214574337005615 1.002013921737671 -0.22170917689800262
v 0.17266730964183807 0.9953792095184326 -0.2187386155128479
v 0.18954963982105255 0.9831609129905701 -0.2161477506160736
v 0.20229604840278625 0.9663424491882324 -0.21465559303760529
v 0.2098676711320877 0.9454344511032104 -0.21389822661876678
v -0.24049994349479675 0.4935142397880554 -0.14203062653541565
v -0.24049994349479675 0.4935142397880554 -0.14203062653541565
v 0.2404998391866684 0.4935142993927002 -0.14203059673309326
v 0.2404998391866684 0.4935142993927002 -0.14203059673309326
v -0.24066036939620972 0.4736859202384949 -0.05569752678275108
v -0.24066036939620972 0.4736859202384949 -0.05569752678275108
v 0.24066026508808136 0.47368597984313965 -0.0556974858045578
v 0.24066026508808136 0.47368597984313965 -0.0556974858045578
v -0.1717299073934555 0.9936341643333435 -0.22287964820861816
v -0.1717299073934555 0.9936341643333435 -0.22287964820861816
v -0.15168140828609467 1.0000473260879517 -0.22576014697551727
v -0.15168140828609467 1.0000473260879517 -0.22576014697551727
v -0.1881067156791687 0.9817687273025513 -0.22049851715564728
v -0.1881067156791687 0.9817687273025513 -0.22049851715564728
v -0.20042869448661804 0.9654189944267273 -0.21926076710224152
v -0.20042869448661804 0.9654189944267273 -0.21926076710224152
v -0.2077612429857254 0.9449958801269531 -0.21875852346420288
v -0.2077612429857254 0.9449958801269531 -0.21875852346420288
v 0.1516861915588379 1.0000473260879517 -0.2257547676563263
v 0.1516861915588379 1.0000473260879517 -0.2257547676563263
v 0.17173391580581665 0.9936339855194092 -0.22287438809871674
v 0.17173391580581665 0.9936339855194092 -0.22287438809871674
v 0.18810762465000153 0.9817688465118408 -0.22049760818481445
v 0.18810762465000153 0.9817688465118408 -0.22049760818481445
v 0.2004326432943344 0.9654191732406616 -0.2192610800266266
v 0.2004326432943344 0.9654191732406616 -0.2192610800266266
v 0.20776601135730743 0.9449959993362427 -0.2187568098306656
v 0.20776601135730743 0.9449959993362427 -0.2187568098306656
v -0.13178430497646332 0.5173740386962891 -0.09856526553630829
v -0.13178430497646332 0.5173740386962891 -0.09856526553630829
v -0.13470883667469025 0.5296584367752075 -0.11785116046667099
v -0.13470883667469025 0.5296584367752075 -0.11785116046667099
v -0.11958100646734238 0.7276241183280945 -0.19815291464328766
v -0.11958100646734238 0.7276241183280945 -0.19815291464328766
v -0.05084606632590294 0.9595857262611389 -0.22573985159397125
v -0.05339286848902702 0.9507476091384888 -0.22566211223602295
v -0.057231612503528595 0.9394069314002991 -0.2253553718328476
v -0.0615728460252285 0.9244027733802795 -0.22474998235702515
v -0.06585188955068588 0.9052326083183289 -0.22428664565086365
v -0.09463059157133102 0.49447697401046753 -0.03830207139253616
v -0.09626001119613647 0.5033958554267883 -0.03822258114814758
v -0.08970742672681808 0.5102362632751465 -0.08931337296962738
v -0.08970742672681808 0.5102362632751465 -0.08931337296962738
v -0.11384686827659607 0.5113719701766968 -0.08894139528274536
v -0.11384686827659607 0.5113719701766968 -0.08894139528274536
v -0.07739778608083725 0.9217177629470825 -0.21106700599193573
v -0.07418542355298996 0.946010410785675 -0.2132386416196823
v -0.06957930326461792 0.9659146666526794 -0.2147427648305893
v -0.0634070560336113 0.9806352853775024 -0.21565181016921997
v -0.05674493685364723 0.9897280931472778 -0.21638628840446472
v -0.05347670614719391 0.73918616771698 -0.2183656245470047
v -0.05347670614719391 0.73918616771698 -0.2183656245470047
v -0.04314538091421127 0.7409257888793945 -0.21881923079490662
v -0.03337836265563965 0.7401120066642761 -0.21941500902175903
v -0.03337836265563965 0.7401120066642761 -0.21941500902175903
v -0.06833040714263916 0.5032830834388733 -0.099272221326828
v -0.06833040714263916 0.5032830834388733 -0.099272221326828
v -0.05040757730603218 0.5033727288246155 -0.09683132916688919
v -0.05048307031393051 0.5179407596588135 -0.12150711566209793
v -0.06032941862940788 0.517879068851471 -0.1219993457198143
v -0.06032941862940788 0.517879068851471 -0.1219993457198143
v -0.040638238191604614 0.517687976360321 -0.12139876186847687
v -0.040638238191604614 0.517687976360321 -0.12139876186847687
v -0.032760754227638245 0.5032996535301208 -0.09744913876056671
v -0.032760754227638245 0.5032996535301208 -0.09744913876056671
v -0.030643267557024956 0.5130527019500732 -0.09950108081102371
v -0.030643267557024956 0.5130527019500732 -0.09950108081102371
v -0.05120118334889412 0.5153679251670837 -0.09754835814237595
v -0.03339843824505806 0.526033341884613 -0.1186240091919899
v -0.03339843824505806 0.526033341884613 -0.1186240091919899
v -0.051207903772592545 0.528513491153717 -0.11655621230602264
v -0.06889786571264267 0.5267252326011658 -0.11868786811828613
v -0.06889786571264267 0.5267252326011658 -0.11868786811828613
v -0.07169722765684128 0.5143658518791199 -0.09950634837150574
v -0.07169722765684128 0.5143658518791199 -0.09950634837150574
v -0.026322854682803154 0.727302074432373 -0.20454879105091095
v -0.026322854682803154 0.727302074432373 -0.20454879105091095
v -0.045202963054180145 0.7275883555412292 -0.19963477551937103
v -0.06400066614151001 0.7273929715156555 -0.20228594541549683
v -0.06400066614151001 0.7273929715156555 -0.20228594541549683
v -1.285221031821493e-7 0.938078761100769 -0.2267187386751175
v -1.2592384734944062e-7 0.9218947887420654 -0.225839301943779
v -1.2282838213195646e-7 0.9020189642906189 -0.22512367367744446
v -6.375805128300271e-8 0.4929518401622772 -0.03652908280491829
v -6.60753656234192e-8 0.5029199719429016 -0.03851192444562912
v 0.012315092608332634 0.5078883171081543 -0.08958750218153
v 0.012315092608332634 0.5078883171081543 -0.08958750218153
v -0.01231522299349308 0.5078881978988647 -0.08958750218153
v -0.01231522299349308 0.5078881978988647 -0.08958750218153
v -1.2636193957860087e-7 0.9196107387542725 -0.21240215003490448
v -1.303783534467584e-7 0.9441842436790466 -0.2146562933921814
v -1.3343525040454551e-7 0.9654892683029175 -0.21648326516151428
v -1.3615517957532575e-7 0.9814555644989014 -0.21759182214736938
v -1.3657698616498237e-7 0.9903488755226135 -0.21814686059951782
v 0.03337937965989113 0.7401118874549866 -0.21941092610359192
v 0.03337937965989113 0.7401118874549866 -0.21941092610359192
v 0.04314577579498291 0.7409257888793945 -0.21881228685379028
v 0.05347664654254913 0.73918616771698 -0.21835726499557495
v 0.05347664654254913 0.73918616771698 -0.21835726499557495
v 0.0327606238424778 0.5032996535301208 -0.09744913876056671
v 0.0327606238424778 0.5032996535301208 -0.09744913876056671
v 0.05040745437145233 0.5033727288246155 -0.09683132916688919
v 0.05048294737935066 0.5179406404495239 -0.12150711566209793
v 0.040638118982315063 0.517687976360321 -0.12139879912137985
v 0.040638118982315063 0.517687976360321 -0.12139879912137985
v 0.060329291969537735 0.5178788900375366 -0.1219993457198143
v 0.060329291969537735 0.5178788900375366 -0.1219993457198143
v 0.06833028793334961 0.5032830834388733 -0.099272221326828
v 0.06833028793334961 0.5032830834388733 -0.099272221326828
v -0.009136469103395939 0.737936794757843 -0.21187373995780945
v -0.007593320682644844 0.7358432412147522 -0.22467058897018433
v 0.0076037743128836155 0.735864520072937 -0.22467650473117828
v 0.009141768328845501 0.7379466891288757 -0.21187594532966614
v 0.02140059880912304 0.7264446020126343 -0.21013972163200378
v 0.01822318695485592 0.7254704833030701 -0.22307699918746948
v 0.028401460498571396 0.5232431888580322 -0.12126997858285904
v 0.024821599945425987 0.5166053175926208 -0.12769266963005066
v 0.02173479087650776 0.5052683353424072 -0.10897208005189896
v 0.025299234315752983 0.5107735991477966 -0.10252460837364197
v -0.11340241879224777 0.5103331804275513 -0.09444409608840942
v -0.0912647694349289 0.5092564225196838 -0.09475221484899521
v -0.09331159293651581 0.5050399303436279 -0.10196429491043091
v -0.1127636656165123 0.5060861110687256 -0.10171443223953247
v -0.12776590883731842 0.515066921710968 -0.10186458379030228
v -0.1258530169725418 0.5099667310714722 -0.10840091109275818
v -0.13106028735637665 0.5269263982772827 -0.12064553797245026
v -0.12917931377887726 0.52071613073349 -0.12681227922439575
v -0.11583725363016129 0.7266790866851807 -0.20376995205879211
v -0.11412278562784195 0.7257176637649536 -0.21682055294513702
v -0.0813107043504715 0.7380911707878113 -0.20809870958328247
v -0.10180304199457169 0.7381306290626526 -0.20653311908245087
v -0.10110563784837723 0.7361410856246948 -0.21950507164001465
v -0.08297459781169891 0.7361153364181519 -0.22093120217323303
v -0.06885122507810593 0.7265523076057434 -0.20735839009284973
v -0.071682408452034 0.7256534695625305 -0.22014544904232025
v -0.0769718736410141 0.5124989748001099 -0.10253787040710449
v -0.07374534010887146 0.5241785049438477 -0.1212916448712349
v -0.07695185393095016 0.5178272128105164 -0.1275521218776703
v -0.08031223714351654 0.5074239373207092 -0.10899357497692108
v 0.08131790161132812 0.7380816340446472 -0.20809905230998993
v 0.08298995345830917 0.7360944747924805 -0.22093448042869568
v 0.10112389922142029 0.7361540198326111 -0.21951015293598175
v 0.10181184113025665 0.7381367087364197 -0.20653480291366577
v 0.11588511615991592 0.7267113327980042 -0.20377323031425476
v 0.11421924829483032 0.7257840037345886 -0.2168271243572235
v 0.1310601532459259 0.5269267559051514 -0.12064553797245026
v 0.1291792094707489 0.5207163095474243 -0.12681229412555695
v 0.12585288286209106 0.5099668502807617 -0.10840089619159698
v 0.12776577472686768 0.5150672793388367 -0.10186456888914108
v -0.018165653571486473 0.7253643870353699 -0.2230585813522339
v -0.02137191966176033 0.7263919115066528 -0.21013130247592926
v -0.028401585295796394 0.5232446789741516 -0.12126951664686203
v -0.024821685627102852 0.5166067481040955 -0.12769272923469543
v -0.02529936283826828 0.5107735991477966 -0.102524533867836
v -0.021734919399023056 0.5052684545516968 -0.10897208005189896
v 0.011067045852541924 0.5065500736236572 -0.094943568110466
v 0.009302549995481968 0.5018253922462463 -0.10203368216753006
v -0.009302675724029541 0.5018253922462463 -0.10203365981578827
v -0.011067175306379795 0.5065500736236572 -0.094943568110466
v 0.07176262885332108 0.7255471348762512 -0.2201332449913025
v 0.06889057904481888 0.7264999151229858 -0.20735129714012146
v 0.07374520599842072 0.5241782069206238 -0.12129658460617065
v 0.0769517570734024 0.5178271532058716 -0.1275545358657837
v 0.07697173953056335 0.5124990344047546 -0.1025385707616806
v 0.08031211048364639 0.507423996925354 -0.10899395495653152
v 0.11340229213237762 0.5103332996368408 -0.09444406628608704
v 0.11276354640722275 0.5060861110687256 -0.10171441733837128
v 0.09331145882606506 0.5050399303436279 -0.1019643172621727
v 0.09126462042331696 0.5092566013336182 -0.09475231170654297
v -0.024821750819683075 0.5119143724441528 -0.1321157068014145
v -0.021368365734815598 0.5011653900146484 -0.1125589981675148
v -0.009090596809983253 0.4981056749820709 -0.10525267571210861
v 0.00909047294408083 0.49810561537742615 -0.10525267571210861
v 0.0213682409375906 0.5011653900146484 -0.11255902051925659
v 0.024821778759360313 0.5119131207466125 -0.1321156620979309
v 0.018699541687965393 0.7262227535247803 -0.23146727681159973
v 0.007800279650837183 0.7368890047073364 -0.2331240028142929
v -0.007794415578246117 0.7368695139884949 -0.23311816155910492
v -0.018645331263542175 0.726119875907898 -0.23144866526126862
v -0.1299864500761032 0.5163937211036682 -0.13090063631534576
v -0.12629568576812744 0.5062301754951477 -0.11192773282527924
v -0.11307895928621292 0.5026856660842896 -0.10501021891832352
v -0.09357341378927231 0.5015575289726257 -0.10527631640434265
v -0.08041747659444809 0.5034878253936768 -0.11259676516056061
v -0.07665326446294785 0.5132464170455933 -0.13186945021152496
v -0.07083120197057724 0.7264196872711182 -0.22875788807868958
v -0.08265136182308197 0.7372151017189026 -0.22957327961921692
v -0.10161077976226807 0.7372532486915588 -0.22806334495544434
v -0.11522166430950165 0.7265593409538269 -0.22526298463344574
v 0.0766533836722374 0.5132463574409485 -0.13186989724636078
v 0.08041734993457794 0.5034878253936768 -0.11259686201810837
v 0.09357328712940216 0.501557469367981 -0.10527631640434265
v 0.11307884007692337 0.502685546875 -0.10501020401716232
v 0.1262955516576767 0.5062300562858582 -0.11192771792411804
v 0.1299864947795868 0.5163936018943787 -0.13090068101882935
v 0.11531451344490051 0.726621150970459 -0.22526924312114716
v 0.10162507742643356 0.7372614145278931 -0.2280699908733368
v 0.082664854824543 0.7371919751167297 -0.22957785427570343
v 0.07091181725263596 0.7263127565383911 -0.22874736785888672
v -0.025508491322398186 0.5100741386413574 -0.1334618479013443
v -0.028810154646635056 0.5095474720001221 -0.13239429891109467
v -0.022261375561356544 0.49934059381484985 -0.11344439536333084
v -0.025334369391202927 0.4990805387496948 -0.11194063723087311
v -0.00862712413072586 0.49588248133659363 -0.1060578003525734
v 0.008627000264823437 0.49588248133659363 -0.1060578003525734
v -0.008539206348359585 0.49485769867897034 -0.10219612717628479
v 0.00853908434510231 0.49485769867897034 -0.10219614952802658
v 0.022261252626776695 0.49934059381484985 -0.11344441026449203
v 0.025508645921945572 0.5100732445716858 -0.13346178829669952
v 0.025334244593977928 0.4990805387496948 -0.11194063723087311
v 0.028810033574700356 0.5095474720001221 -0.13239437341690063
v 0.02045060321688652 0.7278496623039246 -0.2335565835237503
v 0.023899005725979805 0.730978786945343 -0.23216907680034637
v 0.008542703464627266 0.7390985488891602 -0.23528549075126648
v -0.008549710735678673 0.7390941977500916 -0.23528365790843964
v 0.010003708302974701 0.7432574033737183 -0.23402492702007294
v -0.010007166303694248 0.7432587146759033 -0.2340264767408371
v -0.020435627549886703 0.7278148531913757 -0.23355083167552948
v -0.023900864645838737 0.7309815287590027 -0.2321784496307373
v -0.13105235993862152 0.5146145224571228 -0.13213030993938446
v -0.13446113467216492 0.5139167904853821 -0.1310649961233139
v -0.1272760033607483 0.5043593645095825 -0.11281556636095047
v -0.12953899800777435 0.502701461315155 -0.11152265220880508
v -0.11292091757059097 0.5009304881095886 -0.10542945563793182
v -0.09391885995864868 0.4998047649860382 -0.10568886995315552
v -0.11306767165660858 0.49870818853378296 -0.10335872322320938
v -0.0938187837600708 0.4975813627243042 -0.10356105118989944
v -0.07954464852809906 0.5015866756439209 -0.11350725591182709
v -0.07576809823513031 0.5113639235496521 -0.13322310149669647
v -0.07715489715337753 0.49987372756004333 -0.11216768622398376
v -0.07230783253908157 0.5105285048484802 -0.13229916989803314
v -0.0688357874751091 0.7279631495475769 -0.2311040461063385
v -0.06500740349292755 0.7308381199836731 -0.23011885583400726
v -0.08167282491922379 0.7394380569458008 -0.23190638422966003
v -0.1022772341966629 0.739509105682373 -0.23024581372737885
v -0.07972638309001923 0.7434945702552795 -0.23089583218097687
v -0.10331452637910843 0.7436243295669556 -0.22900141775608063
v -0.11706364899873734 0.7282896041870117 -0.22729232907295227
v -0.12020998448133469 0.7314514517784119 -0.22579868137836456
v 0.07576842606067657 0.5113636255264282 -0.13322386145591736
v 0.07230766862630844 0.5105286836624146 -0.13229982554912567
v 0.07954452186822891 0.5015866756439209 -0.11350727826356888
v 0.07715477794408798 0.49987372756004333 -0.11216768622398376
v 0.09391873329877853 0.49980470538139343 -0.10568885505199432
v 0.11292077600955963 0.5009303092956543 -0.10542944073677063
v 0.09381865710020065 0.4975813627243042 -0.10356103628873825
v 0.11306755244731903 0.49870821833610535 -0.10335872322320938
v 0.12727585434913635 0.5043590664863586 -0.11281555145978928
v 0.13105258345603943 0.5146143436431885 -0.13213032484054565
v 0.1295388638973236 0.5027012228965759 -0.11152263730764389
v 0.1344609409570694 0.5139163732528687 -0.1310652643442154
v 0.11709371209144592 0.7283042669296265 -0.22729220986366272
v 0.12020868062973022 0.7314476370811462 -0.22579462826251984
v 0.10227500647306442 0.7395027279853821 -0.23025058209896088
v 0.0816744938492775 0.7394238710403442 -0.2319101244211197
v 0.10331179946660995 0.7436208724975586 -0.22900104522705078
v 0.0797254890203476 0.7434930205345154 -0.23089656233787537
v 0.06886911392211914 0.7279192805290222 -0.23110251128673553
v 0.06501039117574692 0.7308382391929626 -0.2301211804151535
v -0.13358499109745026 0.7859244346618652 -0.1964065134525299
v 0.1335848569869995 0.785923421382904 -0.1964084655046463
v -0.044031284749507904 0.7846167683601379 -0.20317035913467407
v 0.04403107240796089 0.7846161723136902 -0.20316992700099945
v 0.1466446965932846 0.5071519613265991 -0.03910497948527336
v -0.14664483070373535 0.5071516036987305 -0.039104994386434555
v 0.04812990128993988 0.5031581521034241 -0.03836725652217865
v -0.048130035400390625 0.503157913684845 -0.03836726397275925
v 0.04153423756361008 0.7921676635742188 -0.2216125875711441
v -0.04153435677289963 0.7921676635742188 -0.2216119021177292
v 0.13558407127857208 0.7903129458427429 -0.21472640335559845
v -0.13558408617973328 0.7903124690055847 -0.21472099423408508
v -0.0473153218626976 0.4937143921852112 -0.037415582686662674
v 0.047315195202827454 0.4937146008014679 -0.03741557523608208
v -0.14616042375564575 0.4937816858291626 -0.04218016192317009
v 0.146160289645195 0.4937819540500641 -0.042180128395557404
v -0.10661149024963379 0.880217969417572 -0.23842410743236542
v -0.10661149024963379 0.880217969417572 -0.23842410743236542
v -0.10441762953996658 0.8771983981132507 -0.23842410743236542
v -0.10441762953996658 0.8771983981132507 -0.23842410743236542
v -0.10441762953996658 0.8734660148620605 -0.23842410743236542
v -0.10441762953996658 0.8734660148620605 -0.23842410743236542
v -0.10661149024963379 0.8704463839530945 -0.23842410743236542
v -0.10661149024963379 0.8704463839530945 -0.23842410743236542
v -0.11016123741865158 0.8692929744720459 -0.23842410743236542
v -0.11016123741865158 0.8692929744720459 -0.23842410743236542
v -0.11016123741865158 0.8692929744720459 -0.23842410743236542
v -0.11371098458766937 0.8704463839530945 -0.23842410743236542
v -0.11371098458766937 0.8704463839530945 -0.23842410743236542
v -0.11590483784675598 0.8734660148620605 -0.23842410743236542
v -0.11590483784675598 0.8734660148620605 -0.23842410743236542
v -0.11590483784675598 0.8771983981132507 -0.23842410743236542
v -0.11590483784675598 0.8771983981132507 -0.23842410743236542
v -0.11371098458766937 0.880217969417572 -0.23842410743236542
v -0.11371098458766937 0.880217969417572 -0.23842410743236542
v -0.11016123741865158 0.8813713788986206 -0.23842410743236542
v -0.11016123741865158 0.8813713788986206 -0.23842410743236542
v -0.10661149024963379 0.880217969417572 -0.24085883796215057
v -0.10661149024963379 0.880217969417572 -0.24085883796215057
v -0.10661149024963379 0.880217969417572 -0.24085883796215057
v -0.10441762953996658 0.8771983981132507 -0.24085883796215057
v -0.10441762953996658 0.8771983981132507 -0.24085883796215057
v -0.10441762953996658 0.8771983981132507 -0.24085883796215057
v -0.10441762953996658 0.8734660148620605 -0.24085883796215057
v -0.10441762953996658 0.8734660148620605 -0.24085883796215057
v -0.10441762953996658 0.8734660148620605 -0.24085883796215057
v -0.10661149024963379 0.8704463839530945 -0.24085883796215057
v -0.10661149024963379 0.8704463839530945 -0.24085883796215057
v -0.10661149024963379 0.8704463839530945 -0.24085883796215057
v -0.11016123741865158 0.8692929744720459 -0.24085883796215057
v -0.11016123741865158 0.8692929744720459 -0.24085883796215057
v -0.11016123741865158 0.8692929744720459 -0.24085883796215057
v -0.11371098458766937 0.8704463839530945 -0.24085883796215057
v -0.11371098458766937 0.8704463839530945 -0.24085883796215057
v -0.11371098458766937 0.8704463839530945 -0.24085883796215057
v -0.11590483784675598 0.8734660148620605 -0.24085883796215057
v -0.11590483784675598 0.8734660148620605 -0.24085883796215057
v -0.11590483784675598 0.8734660148620605 -0.24085883796215057
v -0.11590483784675598 0.8771983981132507 -0.24085883796215057
v -0.11590483784675598 0.8771983981132507 -0.24085883796215057
v -0.11590483784675598 0.8771983981132507 -0.24085883796215057
v -0.11371098458766937 0.880217969417572 -0.24085883796215057
v -0.11371098458766937 0.880217969417572 -0.24085883796215057
v -0.11371098458766937 0.880217969417572 -0.24085883796215057
v -0.11016123741865158 0.8813713788986206 -0.24085883796215057
v -0.11016123741865158 0.8813713788986206 -0.24085883796215057
v -0.11016123741865158 0.8753321766853333 -0.23842410743236542
v -0.11016123741865158 0.8753321766853333 -0.24085883796215057
v -0.11016123741865158 0.8753321766853333 -0.24085883796215057
v -0.11016123741865158 0.8753321766853333 -0.24085883796215057
v -0.11016123741865158 0.8753321766853333 -0.24085883796215057
v -0.11016123741865158 0.8753321766853333 -0.24085883796215057
v 0.17192089557647705 0.4765671491622925 0.1753602772951126
v 0.17192089557647705 0.4765671491622925 0.1753602772951126
v 0.17411474883556366 0.4765671491622925 0.1783798485994339
v 0.17411474883556366 0.4765671491622925 0.1783798485994339
v 0.17411474883556366 0.4765671491622925 0.18211229145526886
v 0.17411474883556366 0.4765671491622925 0.18211229145526886
v 0.17192088067531586 0.4765671491622925 0.18513186275959015
v 0.17192088067531586 0.4765671491622925 0.18513186275959015
v 0.16837114095687866 0.4765671491622925 0.18628524243831635
v 0.16837114095687866 0.4765671491622925 0.18628524243831635
v 0.16482140123844147 0.4765671491622925 0.18513184785842896
v 0.16482140123844147 0.4765671491622925 0.18513184785842896
v 0.16262753307819366 0.4765671491622925 0.18211227655410767
v 0.16262753307819366 0.4765671491622925 0.18211227655410767
v 0.16262753307819366 0.4765671491622925 0.1783798336982727
v 0.16262753307819366 0.4765671491622925 0.1783798336982727
v 0.16482140123844147 0.4765671491622925 0.17536026239395142
v 0.16482140123844147 0.4765671491622925 0.17536026239395142
v 0.16837114095687866 0.4765671491622925 0.17420683801174164
v 0.16837114095687866 0.4765671491622925 0.17420683801174164
v 0.16837114095687866 0.4765671491622925 0.17420683801174164
v 0.17192089557647705 0.4741324186325073 0.1753602772951126
v 0.17192089557647705 0.4741324186325073 0.1753602772951126
v 0.17192089557647705 0.4741324186325073 0.1753602772951126
v 0.17411474883556366 0.4741324186325073 0.1783798485994339
v 0.17411474883556366 0.4741324186325073 0.1783798485994339
v 0.17411474883556366 0.4741324186325073 0.1783798485994339
v 0.17411474883556366 0.4741324186325073 0.18211229145526886
v 0.17411474883556366 0.4741324186325073 0.18211229145526886
v 0.17411474883556366 0.4741324186325073 0.18211229145526886
v 0.17192088067531586 0.4741324186325073 0.18513186275959015
v 0.17192088067531586 0.4741324186325073 0.18513186275959015
v 0.17192088067531586 0.4741324186325073 0.18513186275959015
v 0.16837114095687866 0.4741324186325073 0.18628524243831635
v 0.16837114095687866 0.4741324186325073 0.18628524243831635
v 0.16837114095687866 0.4741324186325073 0.18628524243831635
v 0.16482140123844147 0.4741324186325073 0.18513184785842896
v 0.16482140123844147 0.4741324186325073 0.18513184785842896
v 0.16482140123844147 0.4741324186325073 0.18513184785842896
v 0.16262753307819366 0.4741324186325073 0.18211227655410767
v 0.16262753307819366 0.4741324186325073 0.18211227655410767
v 0.16262753307819366 0.4741324186325073 0.18211227655410767
v 0.16262753307819366 0.4741324186325073 0.1783798336982727
v 0.16262753307819366 0.4741324186325073 0.1783798336982727
v 0.16262753307819366 0.4741324186325073 0.1783798336982727
v 0.16482140123844147 0.4741324186325073 0.17536026239395142
v 0.16482140123844147 0.4741324186325073 0.17536026239395142
v 0.16482140123844147 0.4741324186325073 0.17536026239395142
v 0.16837114095687866 0.4741324186325073 0.17420683801174164
v 0.16837114095687866 0.4741324186325073 0.17420683801174164
v 0.16837114095687866 0.4741324186325073 0.17420683801174164
v 0.16837114095687866 0.4741324186325073 0.17420683801174164
v 0.16837114095687866 0.4765671491622925 0.18024608492851257
v 0.16837114095687866 0.4741324186325073 0.18024608492851257
v 0.16837114095687866 0.4741324186325073 0.18024608492851257
v 0.16837114095687866 0.4741324186325073 0.18024608492851257
v 0.16837114095687866 0.4741324186325073 0.18024608492851257
v 0.16837114095687866 0.4741324186325073 0.18024608492851257
v 0.16837114095687866 0.4741324186325073 0.18024608492851257
v 0.16837114095687866 0.4741324186325073 0.18024608492851257
v -0.1648215651512146 0.4765670895576477 0.17536026239395142
v -0.1648215651512146 0.4765670895576477 0.17536026239395142
v -0.1648215651512146 0.4765670895576477 0.17536026239395142
v -0.1626276820898056 0.4765670895576477 0.1783798336982727
v -0.1626276820898056 0.4765670895576477 0.1783798336982727
v -0.1626276820898056 0.4765670895576477 0.18211227655410767
v -0.1626276820898056 0.4765670895576477 0.18211227655410767
v -0.1648215651512146 0.4765670895576477 0.18513184785842896
v -0.1648215651512146 0.4765670895576477 0.18513184785842896
v -0.1683712899684906 0.4765670895576477 0.18628524243831635
v -0.1683712899684906 0.4765670895576477 0.18628524243831635
v -0.1719210296869278 0.4765670895576477 0.18513183295726776
v -0.1719210296869278 0.4765670895576477 0.18513183295726776
v -0.1741148978471756 0.4765670895576477 0.18211226165294647
v -0.1741148978471756 0.4765670895576477 0.18211226165294647
v -0.1741148978471756 0.4765670895576477 0.1783798187971115
v -0.1741148978471756 0.4765670895576477 0.1783798187971115
v -0.1719210296869278 0.4765670895576477 0.17536024749279022
v -0.1719210296869278 0.4765670895576477 0.17536024749279022
v -0.1683712899684906 0.4765670895576477 0.17420683801174164
v -0.1683712899684906 0.4765670895576477 0.17420683801174164
v -0.1683712899684906 0.4765670895576477 0.17420683801174164
v -0.1648215651512146 0.47413235902786255 0.17536026239395142
v -0.1648215651512146 0.47413235902786255 0.17536026239395142
v -0.1648215651512146 0.47413235902786255 0.17536026239395142
v -0.1626276820898056 0.47413235902786255 0.1783798336982727
v -0.1626276820898056 0.47413235902786255 0.1783798336982727
v -0.1626276820898056 0.47413235902786255 0.1783798336982727
v -0.1626276820898056 0.47413235902786255 0.18211227655410767
v -0.1626276820898056 0.47413235902786255 0.18211227655410767
v -0.1626276820898056 0.47413235902786255 0.18211227655410767
v -0.1648215651512146 0.47413235902786255 0.18513184785842896
v -0.1648215651512146 0.47413235902786255 0.18513184785842896
v -0.1648215651512146 0.47413235902786255 0.18513184785842896
v -0.1683712899684906 0.47413235902786255 0.18628524243831635
v -0.1683712899684906 0.47413235902786255 0.18628524243831635
v -0.1683712899684906 0.47413235902786255 0.18628524243831635
v -0.1719210296869278 0.47413235902786255 0.18513183295726776
v -0.1719210296869278 0.47413235902786255 0.18513183295726776
v -0.1719210296869278 0.47413235902786255 0.18513183295726776
v -0.1741148978471756 0.47413235902786255 0.18211226165294647
v -0.1741148978471756 0.47413235902786255 0.18211226165294647
v -0.1741148978471756 0.47413235902786255 0.18211226165294647
v -0.1741148978471756 0.47413235902786255 0.1783798187971115
v -0.1741148978471756 0.47413235902786255 0.1783798187971115
v -0.1719210296869278 0.47413235902786255 0.17536024749279022
v -0.1719210296869278 0.47413235902786255 0.17536024749279022
v -0.1719210296869278 0.47413235902786255 0.17536024749279022
v -0.1683712899684906 0.47413235902786255 0.17420683801174164
v -0.1683712899684906 0.47413235902786255 0.17420683801174164
v -0.1683712899684906 0.47413235902786255 0.17420683801174164
v -0.1683712899684906 0.47413235902786255 0.17420683801174164
v -0.1683712899684906 0.4765670895576477 0.18024608492851257
v -0.1683712899684906 0.47413235902786255 0.18024608492851257
v -0.1683712899684906 0.47413235902786255 0.18024608492851257
v -0.1683712899684906 0.47413235902786255 0.18024608492851257
v -0.1683712899684906 0.47413235902786255 0.18024608492851257
v -0.1683712899684906 0.47413235902786255 0.18024608492851257
v -0.1683712899684906 0.47413235902786255 0.18024608492851257
v -0.1683712899684906 0.47413235902786255 0.18024608492851257
v -0.1683712899684906 0.47413235902786255 0.18024608492851257
v 0.11455530673265457 0.880217969417572 -0.23842410743236542
v 0.11455530673265457 0.880217969417572 -0.23842410743236542
v 0.11674916744232178 0.8771983981132507 -0.23842410743236542
v 0.11674916744232178 0.8771983981132507 -0.23842410743236542
v 0.11674916744232178 0.8734660148620605 -0.23842410743236542
v 0.11674916744232178 0.8734660148620605 -0.23842410743236542
v 0.11455530673265457 0.8704463839530945 -0.23842410743236542
v 0.11455530673265457 0.8704463839530945 -0.23842410743236542
v 0.11100555956363678 0.8692929744720459 -0.23842410743236542
v 0.11100555956363678 0.8692929744720459 -0.23842410743236542
v 0.11100555956363678 0.8692929744720459 -0.23842410743236542
v 0.10745581239461899 0.8704463839530945 -0.23842410743236542
v 0.10745581239461899 0.8704463839530945 -0.23842410743236542
v 0.10526195913553238 0.8734660148620605 -0.23842410743236542
v 0.10526195913553238 0.8734660148620605 -0.23842410743236542
v 0.10526195913553238 0.8771983981132507 -0.23842410743236542
v 0.10526195913553238 0.8771983981132507 -0.23842410743236542
v 0.10745581239461899 0.880217969417572 -0.23842410743236542
v 0.10745581239461899 0.880217969417572 -0.23842410743236542
v 0.11100555956363678 0.8813713788986206 -0.23842410743236542
v 0.11100555956363678 0.8813713788986206 -0.23842410743236542
v 0.11455530673265457 0.880217969417572 -0.24085883796215057
v 0.11455530673265457 0.880217969417572 -0.24085883796215057
v 0.11455530673265457 0.880217969417572 -0.24085883796215057
v 0.11674916744232178 0.8771983981132507 -0.24085883796215057
v 0.11674916744232178 0.8771983981132507 -0.24085883796215057
v 0.11674916744232178 0.8771983981132507 -0.24085883796215057
v 0.11674916744232178 0.8734660148620605 -0.24085883796215057
v 0.11674916744232178 0.8734660148620605 -0.24085883796215057
v 0.11674916744232178 0.8734660148620605 -0.24085883796215057
v 0.11455530673265457 0.8704463839530945 -0.24085883796215057
v 0.11455530673265457 0.8704463839530945 -0.24085883796215057
v 0.11455530673265457 0.8704463839530945 -0.24085883796215057
v 0.11100555956363678 0.8692929744720459 -0.24085883796215057
v 0.11100555956363678 0.8692929744720459 -0.24085883796215057
v 0.11100555956363678 0.8692929744720459 -0.24085883796215057
v 0.10745581239461899 0.8704463839530945 -0.24085883796215057
v 0.10745581239461899 0.8704463839530945 -0.24085883796215057
v 0.10745581239461899 0.8704463839530945 -0.24085883796215057
v 0.10526195913553238 0.8734660148620605 -0.24085883796215057
v 0.10526195913553238 0.8734660148620605 -0.24085883796215057
v 0.10526195913553238 0.8734660148620605 -0.24085883796215057
v 0.10526195913553238 0.8771983981132507 -0.24085883796215057
v 0.10526195913553238 0.8771983981132507 -0.24085883796215057
v 0.10526195913553238 0.8771983981132507 -0.24085883796215057
v 0.10745581239461899 0.880217969417572 -0.24085883796215057
v 0.10745581239461899 0.880217969417572 -0.24085883796215057
v 0.10745581239461899 0.880217969417572 -0.24085883796215057
v 0.11100555956363678 0.8813713788986206 -0.24085883796215057
v 0.11100555956363678 0.8813713788986206 -0.24085883796215057
v 0.11100555956363678 0.8753321766853333 -0.23842410743236542
v 0.11100555956363678 0.8753321766853333 -0.24085883796215057
v 0.11100555956363678 0.8753321766853333 -0.24085883796215057
v 0.11100555956363678 0.8753321766853333 -0.24085883796215057
v 0.11100555956363678 0.8753321766853333 -0.24085883796215057
v 0.11100555956363678 0.8753321766853333 -0.24085883796215057
v 0.24664542078971863 0.36230334639549255 0.13400964438915253
v 0.24664542078971863 0.36230334639549255 0.13400964438915253
v 0.25653699040412903 0.35812297463417053 0.1250447928905487
v 0.2705257833003998 0.35812297463417053 0.1250447928905487
v 0.2804173231124878 0.36230337619781494 0.13400964438915253
v 0.2804173231124878 0.36821526288986206 0.14668779075145721
v 0.2705257833003998 0.3723956048488617 0.15565259754657745
v 0.25653699040412903 0.3723956048488617 0.15565261244773865
v 0.24664542078971863 0.3682152330875397 0.14668779075145721
v 0.16837109625339508 0.4305368959903717 0.10219177603721619
v 0.16837109625339508 0.4305368959903717 0.10219177603721619
v 0.16837109625339508 0.4353213608264923 0.08904659748077393
v 0.16837109625339508 0.4479995667934418 0.08313466608524323
v 0.16840675473213196 0.46098387241363525 0.08731427788734436
v 0.1683863252401352 0.4621202349662781 0.11440223455429077
v 0.16837109625339508 0.44959402084350586 0.11965439468622208
v 0.16837109625339508 0.4364488124847412 0.11486994475126266
v 0.24664542078971863 0.37917888164520264 -0.07136764377355576
v 0.25653699040412903 0.38485246896743774 -0.07947032153606415
v 0.2705257833003998 0.38485246896743774 -0.07947032153606415
v 0.2804173231124878 0.379178911447525 -0.07136763632297516
v 0.2804173231124878 0.3711552619934082 -0.0599086731672287
v 0.2705257833003998 0.3654816150665283 -0.0518060177564621
v 0.25653699040412903 0.3654816150665283 -0.05180598050355911
v 0.24664542078971863 0.3711552321910858 -0.0599086731672287
v 0.24664542078971863 0.3711552321910858 -0.0599086731672287
v 0.16837112605571747 0.44085070490837097 -0.028184520080685616
v 0.16837112605571747 0.45462697744369507 -0.030613699927926064
v 0.16839028894901276 0.46591871976852417 -0.02332722768187523
v 0.16841907799243927 0.4603344798088074 0.003130481578409672
v 0.16837112605571747 0.4467151463031769 0.005074360407888889
v 0.16837112605571747 0.4352561831474304 -0.002949306508526206
v 0.16837112605571747 0.43282708525657654 -0.016725599765777588
v 0.16837112605571747 0.43282708525657654 -0.016725599765777588
v 0.14176444709300995 0.79759681224823 -0.2343994528055191
v 0.14176444709300995 0.79759681224823 -0.2343994528055191
v 0.15092666447162628 0.7973659634590149 -0.2379641979932785
v 0.15092666447162628 0.7973659634590149 -0.2379641979932785
v 0.16012553870677948 0.7973725199699402 -0.23434969782829285
v 0.16012553870677948 0.7973725199699402 -0.23434969782829285
v 0.16396784782409668 0.7976246476173401 -0.2256334275007248
v 0.16396784782409668 0.7976246476173401 -0.2256334275007248
v 0.16018447279930115 0.7979801297187805 -0.21691752970218658
v 0.16018447279930115 0.7979801297187805 -0.21691752970218658
v 0.15100978314876556 0.798223614692688 -0.21335090696811676
v 0.15100978314876556 0.798223614692688 -0.21335090696811676
v 0.15100978314876556 0.798223614692688 -0.21335090696811676
v 0.15100978314876556 0.798223614692688 -0.21335090696811676
v 0.14182618260383606 0.7982040047645569 -0.21700209379196167
v 0.14182618260383606 0.7982040047645569 -0.21700209379196167
v 0.1379932165145874 0.7979382872581482 -0.22573256492614746
v 0.1379932165145874 0.7979382872581482 -0.22573256492614746
v 0.13777108490467072 0.8259891271591187 -0.2363579124212265
v 0.14638541638851166 0.8278863430023193 -0.240034818649292
v 0.15508678555488586 0.8299975991249084 -0.2365954965353012
v 0.15876270830631256 0.831127405166626 -0.22791750729084015
v 0.15513870120048523 0.830608069896698 -0.21908579766750336
v 0.14645352959632874 0.8287455439567566 -0.21540679037570953
v 0.14645352959632874 0.8287455439567566 -0.21540679037570953
v 0.13782450556755066 0.8265966773033142 -0.21895259618759155
v 0.13421842455863953 0.8254303336143494 -0.22763797640800476
v 0.12578296661376953 0.8508704900741577 -0.2388634830713272
v 0.13286817073822021 0.855550229549408 -0.24258242547512054
v 0.14002825319766998 0.8605158925056458 -0.23914264142513275
v 0.1430695354938507 0.862865686416626 -0.23041293025016785
v 0.14005878567695618 0.861128568649292 -0.22159557044506073
v 0.1329122930765152 0.856410026550293 -0.21794871985912323
v 0.1329122930765152 0.856410026550293 -0.21794871985912323
v 0.1258171945810318 0.851478636264801 -0.2214386761188507
v 0.12285342812538147 0.8491660356521606 -0.2300999015569687
v 0.10514703392982483 0.8692288994789124 -0.23794624209403992
v 0.10964691638946533 0.8762069344520569 -0.23708365857601166
v 0.1142081692814827 0.883492648601532 -0.23846255242824554
v 0.11613784730434418 0.8868218064308167 -0.23259082436561584
v 0.11420504003763199 0.8841054439544678 -0.22377368807792664
v 0.10966523736715317 0.8770668506622314 -0.22004389762878418
v 0.10966523736715317 0.8770668506622314 -0.22004389762878418
v 0.1051650121808052 0.8698369264602661 -0.2234501987695694
v 0.10328321903944016 0.8665654063224792 -0.23205256462097168
v 0.07862360030412674 0.878659725189209 -0.24283427000045776
v 0.08020845800638199 0.8868891000747681 -0.24687395989894867
v 0.08174818009138107 0.8954280614852905 -0.243753120303154
v 0.08237188309431076 0.8992595672607422 -0.23521076142787933
v 0.08174791187047958 0.8960391879081726 -0.2262515276670456
v 0.08020908385515213 0.8877489566802979 -0.22223922610282898
v 0.08020908385515213 0.8877489566802979 -0.22223922610282898
v 0.07862468808889389 0.8792673349380493 -0.22542670369148254
v 0.07795708626508713 0.8754949569702148 -0.23395340144634247
v 0.04880465194582939 0.8806644082069397 -0.24464495480060577
v 0.04875708371400833 0.8892359733581543 -0.2487688809633255
v 0.048699650913476944 0.8980672359466553 -0.24568186700344086
v 0.048673395067453384 0.9019822478294373 -0.2371814250946045
v 0.048699624836444855 0.8986755013465881 -0.22824786603450775
v 0.04875708371400833 0.8900956511497498 -0.22412307560443878
v 0.04875708371400833 0.8900956511497498 -0.22412307560443878
v 0.04880465194582939 0.88127201795578 -0.22721900045871735
v 0.04882097989320755 0.8773651123046875 -0.23571498692035675
v 0.14035457372665405 0.8119636178016663 -0.23532508313655853
v 0.1493203490972519 0.8127827048301697 -0.23894603550434113
v 0.1583453267812729 0.8138114809989929 -0.2354383021593094
v 0.1621343344449997 0.814483642578125 -0.22676070034503937
v 0.1584029495716095 0.8144207000732422 -0.21796740591526031
v 0.14939817786216736 0.8136411309242249 -0.21432548761367798
v 0.14939817786216736 0.8136411309242249 -0.21432548761367798
v 0.14041396975517273 0.8125714063644409 -0.21791739761829376
v 0.13665805757045746 0.8118578791618347 -0.22663065791130066
v 0.13295377790927887 0.8390926122665405 -0.2375662624835968
v 0.14094237983226776 0.8423236012458801 -0.24128764867782593
v 0.14900681376457214 0.8458077311515808 -0.23788809776306152
v 0.15244053304195404 0.8475264310836792 -0.2292078733444214
v 0.14905765652656555 0.8464192152023315 -0.22035513818264008
v 0.14099863171577454 0.8431835770606995 -0.2166566401720047
v 0.14099863171577454 0.8431835770606995 -0.2166566401720047
v 0.132998988032341 0.8397005796432495 -0.2201467901468277
v 0.12964926660060883 0.8379859924316406 -0.22881732881069183
v 0.11638262122869492 0.8610450029373169 -0.23944106698036194
v 0.12229154258966446 0.8669976592063904 -0.2423839569091797
v 0.1282736212015152 0.873248815536499 -0.23973903059959412
v 0.1308094561100006 0.8761419653892517 -0.23147723078727722
v 0.12828770279884338 0.8738616704940796 -0.2226700484752655
v 0.12232520431280136 0.8678576350212097 -0.2190169095993042
v 0.12232520431280136 0.8678576350212097 -0.2190169095993042
v 0.1164080798625946 0.8616529703140259 -0.2225060611963272
v 0.1139356940984726 0.8588083982467651 -0.23116016387939453
v 0.09249252080917358 0.875090479850769 -0.24135516583919525
v 0.09542746096849442 0.8828224539756775 -0.2445002645254135
v 0.0983726754784584 0.8908678293228149 -0.2420635223388672
v 0.09960217028856277 0.8945106267929077 -0.23390941321849823
v 0.09837031364440918 0.8914800882339478 -0.22500647604465485
v 0.09543343633413315 0.8836824893951416 -0.22113700211048126
v 0.09543343633413315 0.8836824893951416 -0.22113700211048126
v 0.09250136464834213 0.875698447227478 -0.22442585229873657
v 0.09126915037631989 0.8721203207969666 -0.23299533128738403
v 0.06385966390371323 0.8801963329315186 -0.24379019439220428
v 0.06454668194055557 0.8886734843254089 -0.24789142608642578
v 0.06520666182041168 0.8974322080612183 -0.24480240046977997
v 0.06546495854854584 0.9013330936431885 -0.2362884134054184
v 0.06520664691925049 0.8980416655540466 -0.22733893990516663
v 0.06454668939113617 0.8895332217216492 -0.2232482135295868
v 0.06454668939113617 0.8895332217216492 -0.2232482135295868
v 0.06385966390371323 0.8808038830757141 -0.22637340426445007
v 0.06356268376111984 0.8769327998161316 -0.23487846553325653
v 0.15966255962848663 0.47308528423309326 0.19486258924007416
v 0.15605536103248596 0.48089849948883057 0.19541049003601074
v 0.15966255962848663 0.48881009221076965 0.19609874486923218
v 0.16837111115455627 0.49132221937179565 0.19641944766044617
v 0.16837111115455627 0.49132221937179565 0.19641944766044617
v 0.1770796924829483 0.48881009221076965 0.19609875977039337
v 0.18068692088127136 0.4808978736400604 0.19541050493717194
v 0.17707966268062592 0.4730852246284485 0.19486260414123535
v 0.16837111115455627 0.471871018409729 0.19468136131763458
v 0.15966257452964783 0.47483500838279724 0.1806231290102005
v 0.15605536103248596 0.4807162582874298 0.18069621920585632
v 0.15966257452964783 0.48915529251098633 0.18079273402690887
v 0.16837111115455627 0.4924626052379608 0.18083861470222473
v 0.16837111115455627 0.4924626052379608 0.18083861470222473
v 0.1770796924829483 0.48915529251098633 0.18079274892807007
v 0.18068692088127136 0.4807150363922119 0.18069623410701752
v 0.17707966268062592 0.47483476996421814 0.1806231439113617
v 0.16837111115455627 0.478183388710022 0.18060046434402466
v 0.15966257452964783 0.47228115797042847 0.15704971551895142
v 0.15605536103248596 0.4805281162261963 0.15704971551895142
v 0.15966254472732544 0.4892041087150574 0.15704971551895142
v 0.16837111115455627 0.4927859604358673 0.15704971551895142
v 0.16837111115455627 0.4927859604358673 0.15704971551895142
v 0.1770796924829483 0.4892040193080902 0.1570497304201126
v 0.18068692088127136 0.4805258512496948 0.1570497304201126
v 0.17707966268062592 0.4722804129123688 0.1570497304201126
v 0.16837111115455627 0.4698004722595215 0.15704971551895142
v 0.15964488685131073 0.4741804599761963 -0.043975554406642914
v 0.1560553014278412 0.48282620310783386 -0.0429585762321949
v 0.15967857837677002 0.4914306104183197 -0.04192805290222168
v 0.16836856305599213 0.49498113989830017 -0.041493434458971024
v 0.16836856305599213 0.49498113989830017 -0.041493434458971024
v 0.17706117033958435 0.4914306104183197 -0.04192805290222168
v 0.18068696558475494 0.48282620310783386 -0.04295859485864639
v 0.1770973950624466 0.4741804301738739 -0.043975524604320526
v 0.16837112605571747 0.470586895942688 -0.04439238831400871
v 0.15963974595069885 0.47798091173171997 -0.0674642026424408
v 0.15604542195796967 0.48642072081565857 -0.06532040983438492
v 0.15965041518211365 0.4948233366012573 -0.0631924644112587
v 0.16833877563476562 0.4982914626598358 -0.062304068356752396
v 0.16833877563476562 0.4982914626598358 -0.062304068356752396
v 0.17704901099205017 0.4948233366012573 -0.06319193542003632
v 0.18068411946296692 0.4864206612110138 -0.0653199851512909
v 0.17709963023662567 0.47798091173171997 -0.06746421009302139
v 0.16837114095687866 0.47447669506073 -0.06836431473493576
v 0.15960337221622467 0.4846900999546051 -0.09020090103149414
v 0.15596117079257965 0.4928121268749237 -0.08699233829975128
v 0.15953080356121063 0.5009027123451233 -0.0838228389620781
v 0.1682191789150238 0.5042428970336914 -0.08251115679740906
v 0.1682191789150238 0.5042428970336914 -0.08251115679740906
v 0.17696118354797363 0.5009027719497681 -0.08381874114274979
v 0.1806478649377823 0.4928121268749237 -0.08698848634958267
v 0.17708532512187958 0.4846900999546051 -0.0902005210518837
v 0.1683567464351654 0.4813231825828552 -0.09154991060495377
v 0.15944857895374298 0.49422404170036316 -0.11168115586042404
v 0.15575386583805084 0.5019254088401794 -0.10752960294485092
v 0.1592889428138733 0.5095986127853394 -0.1034330204129219
v 0.16797733306884766 0.512765645980835 -0.10174360126256943
v 0.16797733306884766 0.512765645980835 -0.10174360126256943
v 0.17675919830799103 0.5095985531806946 -0.10342500358819962
v 0.18049494922161102 0.5019254088401794 -0.10751907527446747
v 0.1769661158323288 0.49422404170036316 -0.11167764663696289
v 0.16823710501194 0.49103376269340515 -0.11345787346363068
v 0.15913209319114685 0.5064254403114319 -0.13191764056682587
v 0.15538646280765533 0.513620913028717 -0.12694436311721802
v 0.1588936150074005 0.5207837820053101 -0.12200397253036499
v 0.16758479177951813 0.5237413644790649 -0.11995622515678406
v 0.16758479177951813 0.5237413644790649 -0.11995622515678406
v 0.17640750110149384 0.5207837224006653 -0.12198934704065323
v 0.18019388616085052 0.513620913028717 -0.1269257664680481
v 0.17669686675071716 0.5064256191253662 -0.13190743327140808
v 0.16796353459358215 0.5034365057945251 -0.13399262726306915
v 0.1586102545261383 0.5213487148284912 -0.15081751346588135
v 0.1548219621181488 0.527928352355957 -0.14507654309272766
v 0.15831206738948822 0.5344743728637695 -0.1393362134695053
v 0.1670234501361847 0.5371760725975037 -0.13695305585861206
v 0.1670234501361847 0.5371760725975037 -0.13695305585861206
v 0.1758798211812973 0.5344743728637695 -0.13931477069854736
v 0.17970412969589233 0.527928352355957 -0.1450486034154892
v 0.17622961103916168 0.521348774433136 -0.15079960227012634
v 0.16748198866844177 0.5186068415641785 -0.15317371487617493
v 0.15783987939357758 0.5389617681503296 -0.16840381920337677
v 0.15402238070964813 0.5447937846183777 -0.16187816858291626
v 0.1575138419866562 0.5505968928337097 -0.15536347031593323
v 0.1662522852420807 0.5529927611351013 -0.15265950560569763
v 0.1662522852420807 0.5529927611351013 -0.15265950560569763
v 0.17514242231845856 0.5505967736244202 -0.1553347259759903
v 0.17899131774902344 0.5447937846183777 -0.16183966398239136
v 0.17552310228347778 0.5389617681503296 -0.16837801039218903
v 0.16675123572349548 0.5365352034568787 -0.17109665274620056
v 0.15679819881916046 0.5591456294059753 -0.18399544060230255
v 0.1529666781425476 0.5641030669212341 -0.17673952877521515
v 0.15647941827774048 0.569037139415741 -0.16951514780521393
v 0.16525152325630188 0.5710763931274414 -0.16651679575443268
v 0.16525152325630188 0.5710763931274414 -0.16651679575443268
v 0.17416994273662567 0.5690370798110962 -0.1694784015417099
v 0.17803214490413666 0.5641030669212341 -0.17668920755386353
v 0.17455066740512848 0.5591456294059753 -0.18396112322807312
v 0.16574735939502716 0.5570842027664185 -0.18700739741325378
v 0.15547849237918854 0.5816988348960876 -0.19670447707176208
v 0.15165317058563232 0.5856689214706421 -0.1888798475265503
v 0.15521085262298584 0.589626133441925 -0.18108779191970825
v 0.16402259469032288 0.591261088848114 -0.17785514891147614
v 0.16402259469032288 0.591261088848114 -0.17785514891147614
v 0.17296768724918365 0.589626133441925 -0.18104258179664612
v 0.1768236607313156 0.5856689214706421 -0.18881674110889435
v 0.1733015477657318 0.5816988348960876 -0.19666117429733276
v 0.16445863246917725 0.5800498723983765 -0.19995597004890442
v 0.15390454232692719 0.6060777902603149 -0.20697970688343048
v 0.15010368824005127 0.6090174913406372 -0.19871105253696442
v 0.15371480584144592 0.6119440793991089 -0.19047191739082336
v 0.16258837282657623 0.6131514310836792 -0.18704955279827118
v 0.16258837282657623 0.6131514310836792 -0.18704955279827118
v 0.17155319452285767 0.6119440793991089 -0.1904173046350479
v 0.1753849983215332 0.6090174913406372 -0.19863466918468475
v 0.17181523144245148 0.6060777902603149 -0.2069268673658371
v 0.16290992498397827 0.6048567295074463 -0.2104095071554184
v 0.15213772654533386 0.6316581964492798 -0.21517165005207062
v 0.1483776718378067 0.6335272789001465 -0.20653221011161804
v 0.15206697583198547 0.6353878378868103 -0.19793914258480072
v 0.16100165247917175 0.6361541748046875 -0.19436603784561157
v 0.16100165247917175 0.6361541748046875 -0.19436603784561157
v 0.16997988522052765 0.6353878378868103 -0.19787482917308807
v 0.1737717241048813 0.6335272789001465 -0.20644181966781616
v 0.17013180255889893 0.631658136844635 -0.2151079922914505
v 0.16116143763065338 0.6308837532997131 -0.21876029670238495
v 0.15027087926864624 0.657854437828064 -0.22096259891986847
v 0.14655549824237823 0.6586822867393494 -0.21208961308002472
v 0.1503201723098755 0.6595108509063721 -0.2032569795846939
v 0.15932777523994446 0.6598504781723022 -0.19958144426345825
v 0.15932777523994446 0.6598504781723022 -0.19958144426345825
v 0.16832074522972107 0.6595107913017273 -0.20317508280277252
v 0.17206184566020966 0.6586822867393494 -0.21197305619716644
v 0.16833876073360443 0.657854437828064 -0.2208796590566635
v 0.15930457413196564 0.657516360282898 -0.22466476261615753
v 0.1466788798570633 0.7091444134712219 -0.22737376391887665
v 0.1429518461227417 0.7094047665596008 -0.21855582296848297
v 0.14676184952259064 0.7096688151359558 -0.20969122648239136
v 0.15587063133716583 0.7097775340080261 -0.2059561163187027
v 0.15587063133716583 0.7097775340080261 -0.2059561163187027
v 0.1649378389120102 0.7096686959266663 -0.20955154299736023
v 0.16864855587482452 0.7094047665596008 -0.21836169064044952
v 0.1648585945367813 0.7091442942619324 -0.2272363156080246
v 0.15575560927391052 0.7090399265289307 -0.2309691160917282
v 0.1435399353504181 0.760772168636322 -0.23192203044891357
v 0.1397799253463745 0.7610790133476257 -0.2232322245836258
v 0.1436041295528412 0.7613754272460938 -0.21451544761657715
v 0.15276598930358887 0.7614853382110596 -0.21086467802524567
v 0.15276598930358887 0.7614853382110596 -0.21086467802524567
v 0.16189679503440857 0.7613474130630493 -0.2144416719675064
v 0.16565270721912384 0.7610397934913635 -0.2231394201517105
v 0.16183510422706604 0.7607441544532776 -0.23185935616493225
v 0.15267707407474518 0.7606340050697327 -0.23549583554267883
v 0.15933355689048767 0.4713931977748871 0.10064613819122314
v 0.15605536103248596 0.480019211769104 0.1006472185254097
v 0.15966252982616425 0.4887242615222931 0.1006472185254097
v 0.16837111115455627 0.4923313856124878 0.1006472185254097
v 0.16837111115455627 0.4923313856124878 0.1006472185254097
v 0.1770797222852707 0.4887242317199707 0.1006472185254097
v 0.18068692088127136 0.4800155460834503 0.1006472185254097
v 0.17744582891464233 0.47137895226478577 0.100651815533638
v 0.15908001363277435 0.4305368959903717 0.10219177603721619
v 0.15908001363277435 0.4305368959903717 0.10219177603721619
v 0.15908001363277435 0.4305368959903717 0.10219177603721619
v 0.15908001363277435 0.4305368959903717 0.10219177603721619
v 0.15908001363277435 0.4364488124847412 0.11486994475126266
v 0.15908001363277435 0.4364488124847412 0.11486994475126266
v 0.15908001363277435 0.44959399104118347 0.11965438723564148
v 0.15908001363277435 0.44959399104118347 0.11965438723564148
v 0.1594156175851822 0.46268248558044434 0.11363117396831512
v 0.1594156175851822 0.46268248558044434 0.11363117396831512
v 0.1587509959936142 0.4673117697238922 0.10060246288776398
v 0.1587509959936142 0.4673117697238922 0.10060246288776398
v 0.1594156175851822 0.461582213640213 0.08802533894777298
v 0.1594156175851822 0.461582213640213 0.08802533894777298
v 0.15908001363277435 0.44799959659576416 0.08313466608524323
v 0.15908001363277435 0.44799959659576416 0.08313466608524323
v 0.15908001363277435 0.4353214204311371 0.08904659748077393
v 0.15908001363277435 0.4353214204311371 0.08904659748077393
v 0.17669299244880676 0.4303930401802063 0.10225886106491089
v 0.17669299244880676 0.4303930401802063 0.10225886106491089
v 0.17669297754764557 0.4363049864768982 0.11493702232837677
v 0.17705824971199036 0.4494265615940094 0.11973249912261963
v 0.17735427618026733 0.4624928832054138 0.11371884495019913
v 0.17827081680297852 0.4670867323875427 0.10070694237947464
v 0.1776970475912094 0.4613702893257141 0.08812340348958969
v 0.17757482826709747 0.4477985203266144 0.08322839438915253
v 0.17705824971199036 0.43515390157699585 0.08912471681833267
v 0.15978845953941345 0.47105586528778076 0.11474866420030594
v 0.15605536103248596 0.48014965653419495 0.11549156904220581
v 0.15966254472732544 0.4888547956943512 0.11549156904220581
v 0.1683710813522339 0.4924618601799011 0.11549156904220581
v 0.1683710813522339 0.4924618601799011 0.11549156904220581
v 0.1770797222852707 0.48885464668273926 0.11549156904220581
v 0.18068692088127136 0.4801460802555084 0.11549156904220581
v 0.176968052983284 0.47104763984680176 0.11475132405757904
v 0.16837510466575623 0.46750569343566895 0.11612249910831451
v 0.15978845953941345 0.4707949161529541 0.08789999783039093
v 0.16837623715400696 0.46720457077026367 0.08709075301885605
v 0.17697687447071075 0.47078657150268555 0.08790294080972672
v 0.18068692088127136 0.47991514205932617 0.08772650361061096
v 0.1770797222852707 0.48862358927726746 0.08772650361061096
v 0.1683710813522339 0.4922308623790741 0.08772650361061096
v 0.1683710813522339 0.4922308623790741 0.08772650361061096
v 0.15966254472732544 0.488623708486557 0.08772650361061096
v 0.15605536103248596 0.4799182713031769 0.08772650361061096
v 0.16840627789497375 0.46448540687561035 0.0883951410651207
v 0.16840627789497375 0.46448540687561035 0.0883951410651207
v 0.17527562379837036 0.46621325612068176 0.09031082689762115
v 0.17527562379837036 0.46621325612068176 0.09031082689762115
v 0.17646366357803345 0.46899211406707764 0.10068081319332123
v 0.17646366357803345 0.46899211406707764 0.10068081319332123
v 0.1751548796892166 0.4668664038181305 0.11139172315597534
v 0.1751548796892166 0.4668664038181305 0.11139172315597534
v 0.1683969497680664 0.4651680588722229 0.11325237900018692
v 0.1683969497680664 0.4651680588722229 0.11325237900018692
v 0.16175305843353271 0.46695592999458313 0.11135643720626831
v 0.16175305843353271 0.46695592999458313 0.11135643720626831
v 0.16057421267032623 0.46909770369529724 0.10063449293375015
v 0.16057421267032623 0.46909770369529724 0.10063449293375015
v 0.16175305843353271 0.46631234884262085 0.09027163684368134
v 0.16175305843353271 0.46631234884262085 0.09027163684368134
v 0.15924395620822906 0.4724885821342468 -0.00882883369922638
v 0.15605531632900238 0.48116716742515564 -0.008835728280246258
v 0.15966498851776123 0.48990240693092346 -0.008836730383336544
v 0.16837112605571747 0.4935174286365509 -0.008829948492348194
v 0.16837112605571747 0.4935174286365509 -0.008829948492348194
v 0.17707732319831848 0.48990240693092346 -0.00883672945201397
v 0.18068695068359375 0.4811651110649109 -0.008835727348923683
v 0.17754557728767395 0.47247377038002014 -0.008838626556098461
v 0.15967121720314026 0.47262337803840637 -0.023939553648233414
v 0.15605528652668 0.4816819131374359 -0.02443426288664341
v 0.15967068076133728 0.49038174748420715 -0.0241777915507555
v 0.16837109625339508 0.4939775764942169 -0.024061987176537514
v 0.16837109625339508 0.4939775764942169 -0.024061987176537514
v 0.17707160115242004 0.49038174748420715 -0.024177782237529755
v 0.18068696558475494 0.48168179392814636 -0.02443426288664341
v 0.17708651721477509 0.47261568903923035 -0.023944713175296783
v 0.1683744639158249 0.469175785779953 -0.025478431954979897
v 0.15907688438892365 0.4546268582344055 -0.030613699927926064
v 0.15907688438892365 0.4546268582344055 -0.030613699927926064
v 0.15930351614952087 0.4664049744606018 -0.022555572912096977
v 0.15930351614952087 0.4664049744606018 -0.022555572912096977
v 0.1586616337299347 0.46871864795684814 -0.008826087228953838
v 0.1586616337299347 0.46871864795684814 -0.008826087228953838
v 0.15930378437042236 0.46097663044929504 0.0026411316357553005
v 0.15930378437042236 0.46097663044929504 0.0026411316357553005
v 0.15907688438892365 0.44671517610549927 0.005074350629001856
v 0.15907688438892365 0.44671517610549927 0.005074350629001856
v 0.15907688438892365 0.4352562129497528 -0.0029493069741874933
v 0.15907688438892365 0.4352562129497528 -0.0029493069741874933
v 0.15907688438892365 0.43282705545425415 -0.016725609079003334
v 0.15907688438892365 0.43282705545425415 -0.016725609079003334
v 0.15907688438892365 0.43282705545425415 -0.016725609079003334
v 0.15907688438892365 0.43282705545425415 -0.016725609079003334
v 0.15907688438892365 0.4408506453037262 -0.028184520080685616
v 0.15907688438892365 0.4408506453037262 -0.028184520080685616
v 0.17655882239341736 0.44069182872772217 -0.028295747935771942
v 0.17655879259109497 0.43266817927360535 -0.016836807131767273
v 0.17655879259109497 0.43266817927360535 -0.016836807131767273
v 0.17700521647930145 0.43507120013237 -0.0030788343865424395
v 0.17763644456863403 0.4464932084083557 0.004918936174362898
v 0.17795269191265106 0.4607396125793457 0.0024753932375460863
v 0.1784956008195877 0.4684726893901825 -0.00899830088019371
v 0.17752477526664734 0.46619299054145813 -0.022703763097524643
v 0.17700518667697906 0.45444196462631226 -0.030743228271603584
v 0.1596793532371521 0.4716109335422516 0.0027316256891936064
v 0.15605537593364716 0.4808451533317566 0.0027651949785649776
v 0.1596628576517105 0.4895903468132019 0.0027568123769015074
v 0.16837109625339508 0.4932124614715576 0.002756221452727914
v 0.16837109625339508 0.4932124614715576 0.002756221452727914
v 0.17707940936088562 0.4895901381969452 0.0027568130753934383
v 0.18068690598011017 0.4808403551578522 0.002765186596661806
v 0.17709234356880188 0.4716009795665741 0.002725885482504964
v 0.1683761328458786 0.4679563641548157 0.0032957771327346563
v 0.16839374601840973 0.4677870273590088 -0.022099677473306656
v 0.16839374601840973 0.4677870273590088 -0.022099677473306656
v 0.17619933187961578 0.46929797530174255 -0.021055642515420914
v 0.17619933187961578 0.46929797530174255 -0.021055642515420914
v 0.1770659238100052 0.4700870215892792 -0.008968126028776169
v 0.1770659238100052 0.4700870215892792 -0.008968126028776169
v 0.1763765513896942 0.46641454100608826 0.0011949806939810514
v 0.1763765513896942 0.46641454100608826 0.0011949806939810514
v 0.16840766370296478 0.46472814679145813 0.002146175131201744
v 0.16840766370296478 0.46472814679145813 0.002146175131201744
v 0.16073273122310638 0.4665233790874481 0.0012689469149336219
v 0.16073273122310638 0.4665233790874481 0.0012689469149336219
v 0.1600540578365326 0.4702017903327942 -0.008887979201972485
v 0.1600540578365326 0.4702017903327942 -0.008887979201972485
v 0.1607293337583542 0.4693954288959503 -0.02098906598985195
v 0.1607293337583542 0.4693954288959503 -0.02098906598985195
v -0.24664553999900818 0.3623032867908478 0.13400961458683014
v -0.24664553999900818 0.3623032867908478 0.13400961458683014
v -0.2565370798110962 0.35812291502952576 0.12504476308822632
v -0.27052587270736694 0.35812291502952576 0.12504476308822632
v -0.28041747212409973 0.3623032569885254 0.13400961458683014
v -0.28041747212409973 0.3682151436805725 0.14668776094913483
v -0.27052587270736694 0.3723955452442169 0.15565256774425507
v -0.2565370798110962 0.3723955452442169 0.15565258264541626
v -0.24664553999900818 0.3682151734828949 0.14668776094913483
v -0.16837124526500702 0.43053683638572693 0.10219176113605499
v -0.16837124526500702 0.43053683638572693 0.10219176113605499
v -0.16837124526500702 0.43532130122184753 0.08904658257961273
v -0.16837124526500702 0.447999507188797 0.08313465118408203
v -0.1684068888425827 0.4609838128089905 0.08731426298618317
v -0.16838647425174713 0.4621201753616333 0.11440220475196838
v -0.16837124526500702 0.4495939612388611 0.11965437978506088
v -0.16837124526500702 0.43644875288009644 0.11486992985010147
v -0.24664553999900818 0.37917882204055786 -0.07136765867471695
v -0.2565370798110962 0.38485240936279297 -0.07947035133838654
v -0.27052587270736694 0.38485240936279297 -0.07947035133838654
v -0.28041747212409973 0.3791787922382355 -0.07136766612529755
v -0.28041747212409973 0.37115514278411865 -0.05990869551897049
v -0.27052587270736694 0.36548155546188354 -0.05180604010820389
v -0.2565370798110962 0.36548155546188354 -0.0518060028553009
v -0.24664553999900818 0.37115517258644104 -0.05990869551897049
v -0.24664553999900818 0.37115517258644104 -0.05990869551897049
v -0.1683712750673294 0.4408506453037262 -0.02818453498184681
v -0.1683712750673294 0.4546269178390503 -0.030613714829087257
v -0.1683904230594635 0.4659186601638794 -0.023327242583036423
v -0.1684192270040512 0.4603344202041626 0.003130475990474224
v -0.1683712750673294 0.4467150866985321 0.0050743455067276955
v -0.1683712750673294 0.43525612354278564 -0.0029493214096874
v -0.1683712750673294 0.43282702565193176 -0.016725614666938782
v -0.1683712750673294 0.43282702565193176 -0.016725614666938782
v -0.14176468551158905 0.79759681224823 -0.2343994528055191
v -0.14176468551158905 0.79759681224823 -0.2343994528055191
v -0.15092691779136658 0.7973659634590149 -0.2379641979932785
v -0.15092691779136658 0.7973659634590149 -0.2379641979932785
v -0.16012577712535858 0.7973725199699402 -0.23434969782829285
v -0.16012577712535858 0.7973725199699402 -0.23434969782829285
v -0.16396808624267578 0.7976246476173401 -0.2256334275007248
v -0.16396808624267578 0.7976246476173401 -0.2256334275007248
v -0.16018471121788025 0.7979801297187805 -0.21691752970218658
v -0.16018471121788025 0.7979801297187805 -0.21691752970218658
v -0.15101002156734467 0.798223614692688 -0.21335090696811676
v -0.15101002156734467 0.798223614692688 -0.21335090696811676
v -0.15101002156734467 0.798223614692688 -0.21335090696811676
v -0.15101002156734467 0.798223614692688 -0.21335090696811676
v -0.14182643592357635 0.7982040047645569 -0.21700209379196167
v -0.14182643592357635 0.7982040047645569 -0.21700209379196167
v -0.1379934698343277 0.7979382872581482 -0.22573256492614746
v -0.1379934698343277 0.7979382872581482 -0.22573256492614746
v -0.137771338224411 0.8259891271591187 -0.23635786771774292
v -0.14638566970825195 0.8278863430023193 -0.240034818649292
v -0.15508702397346497 0.8299975991249084 -0.2365955263376236
v -0.15876294672489166 0.831127405166626 -0.22791750729084015
v -0.15513895452022552 0.8306081295013428 -0.21908579766750336
v -0.14645376801490784 0.8287454843521118 -0.21540676057338715
v -0.14645376801490784 0.8287454843521118 -0.21540676057338715
v -0.13782475888729095 0.8265966773033142 -0.21895259618759155
v -0.13421866297721863 0.8254303336143494 -0.22763797640800476
v -0.12578323483467102 0.8508704900741577 -0.2388634830713272
v -0.1328684687614441 0.855550229549408 -0.24258242547512054
v -0.14002853631973267 0.860515832901001 -0.23914268612861633
v -0.1430698037147522 0.862865686416626 -0.23041290044784546
v -0.14005908370018005 0.861128568649292 -0.22159557044506073
v -0.1329125612974167 0.8564101457595825 -0.21794871985912323
v -0.1329125612974167 0.8564101457595825 -0.21794871985912323
v -0.12581749260425568 0.851478636264801 -0.2214387059211731
v -0.12285368889570236 0.8491660952568054 -0.2300999015569687
v -0.10514729470014572 0.8692288994789124 -0.23794624209403992
v -0.10964719951152802 0.8762069344520569 -0.23708370327949524
v -0.11420845985412598 0.883492648601532 -0.23846255242824554
v -0.11613810062408447 0.8868218064308167 -0.23259082436561584
v -0.11420532315969467 0.8841055035591125 -0.22377368807792664
v -0.10966549813747406 0.8770668506622314 -0.22004389762878418
v -0.10966549813747406 0.8770668506622314 -0.22004389762878418
v -0.10516528785228729 0.8698369264602661 -0.22345015406608582
v -0.10328350216150284 0.8665654063224792 -0.23205256462097168
v -0.07862385362386703 0.8786597847938538 -0.24283427000045776
v -0.08020872622728348 0.8868891000747681 -0.24687395989894867
v -0.08174844831228256 0.8954280614852905 -0.243753120303154
v -0.08237215131521225 0.8992595672607422 -0.23521076142787933
v -0.08174818009138107 0.8960391879081726 -0.2262515276670456
v -0.08020935207605362 0.8877489566802979 -0.22223922610282898
v -0.08020935207605362 0.8877489566802979 -0.22223922610282898
v -0.07862495630979538 0.8792673349380493 -0.22542670369148254
v -0.07795733958482742 0.8754950761795044 -0.23395340144634247
v -0.048804912716150284 0.8806644082069397 -0.24464495480060577
v -0.048757344484329224 0.8892359733581543 -0.2487688809633255
v -0.04869990795850754 0.8980672359466553 -0.24568186700344086
v -0.048673663288354874 0.9019822478294373 -0.2371814250946045
v -0.04869989678263664 0.8986755013465881 -0.22824786603450775
v -0.048757344484329224 0.8900956511497498 -0.22412307560443878
v -0.048757344484329224 0.8900956511497498 -0.22412307560443878
v -0.04880491644144058 0.88127201795578 -0.22721900045871735
v -0.048821233212947845 0.8773651123046875 -0.23571498692035675
v -0.14035484194755554 0.8119637370109558 -0.23532508313655853
v -0.1493205726146698 0.8127827048301697 -0.23894603550434113
v -0.15834558010101318 0.8138114213943481 -0.2354383021593094
v -0.1621345579624176 0.814483642578125 -0.22676070034503937
v -0.1584031730890274 0.8144207000732422 -0.21796737611293793
v -0.14939840137958527 0.8136411309242249 -0.21432551741600037
v -0.14939840137958527 0.8136411309242249 -0.21432551741600037
v -0.14041420817375183 0.8125714659690857 -0.21791739761829376
v -0.13665832579135895 0.8118578791618347 -0.22663065791130066
v -0.13295400142669678 0.8390925526618958 -0.2375662624835968
v -0.14094266295433044 0.8423235416412354 -0.24128767848014832
v -0.14900709688663483 0.8458077907562256 -0.23788809776306152
v -0.15244081616401672 0.8475264310836792 -0.2292078733444214
v -0.14905792474746704 0.8464192748069763 -0.22035513818264008
v -0.14099889993667603 0.8431835770606995 -0.2166566401720047
v -0.14099889993667603 0.8431835770606995 -0.2166566401720047
v -0.1329992711544037 0.8397006988525391 -0.22014674544334412
v -0.12964950501918793 0.8379859924316406 -0.22881732881069183
v -0.11638287454843521 0.8610450029373169 -0.2394411414861679
v -0.12229181081056595 0.8669977188110352 -0.2423839569091797
v -0.12827390432357788 0.8732488751411438 -0.23973903059959412
v -0.1308097392320633 0.8761420249938965 -0.23147720098495483
v -0.12828798592090607 0.8738616704940796 -0.2226700484752655
v -0.12232546508312225 0.8678576350212097 -0.21901686489582062
v -0.12232546508312225 0.8678576350212097 -0.21901686489582062
v -0.11640837788581848 0.8616530895233154 -0.2225060611963272
v -0.11393595486879349 0.8588083982467651 -0.23116016387939453
v -0.09249279648065567 0.8750903606414795 -0.24135516583919525
v -0.09542772173881531 0.8828224539756775 -0.24450023472309113
v -0.0983729362487793 0.8908678889274597 -0.24206355214118958
v -0.09960243850946426 0.8945106863975525 -0.23390941321849823
v -0.09837056696414948 0.8914800882339478 -0.22500647604465485
v -0.09543368965387344 0.8836824893951416 -0.22113700211048126
v -0.09543368965387344 0.8836824893951416 -0.22113700211048126
v -0.09250164031982422 0.875698447227478 -0.22442585229873657
v -0.09126940369606018 0.8721204400062561 -0.23299533128738403
v -0.06385991722345352 0.8801963329315186 -0.24379019439220428
v -0.06454694271087646 0.8886734843254089 -0.24789142608642578
v -0.06520691514015198 0.8974322080612183 -0.24480240046977997
v -0.06546522676944733 0.9013329744338989 -0.2362884134054184
v -0.06520691514015198 0.8980416655540466 -0.22733893990516663
v -0.06454695761203766 0.8895331621170044 -0.2232482135295868
v -0.06454695761203766 0.8895331621170044 -0.2232482135295868
v -0.06385992467403412 0.8808038830757141 -0.22637340426445007
v -0.06356293708086014 0.8769327998161316 -0.23487849533557892
v -0.15966276824474335 0.47308528423309326 0.19486258924007416
v -0.1560555398464203 0.4808984398841858 0.19541049003601074
v -0.15966273844242096 0.48881009221076965 0.19609874486923218
v -0.1683712899684906 0.4913221597671509 0.19641944766044617
v -0.1683712899684906 0.4913221597671509 0.19641944766044617
v -0.17707987129688263 0.4888100326061249 0.19609872996807098
v -0.1806870549917221 0.48089781403541565 0.19541047513484955
v -0.17707984149456024 0.4730851650238037 0.19486257433891296
v -0.1683712899684906 0.47187095880508423 0.19468136131763458
v -0.15966276824474335 0.47483494877815247 0.1806231290102005
v -0.15605555474758148 0.4807162880897522 0.18069621920585632
v -0.15966273844242096 0.48915523290634155 0.18079273402690887
v -0.1683712899684906 0.4924624562263489 0.18083861470222473
v -0.1683712899684906 0.4924624562263489 0.18083861470222473
v -0.17707987129688263 0.48915523290634155 0.18079271912574768
v -0.1806870996952057 0.48071497678756714 0.18069620430469513
v -0.17707984149456024 0.47483471035957336 0.1806231141090393
v -0.1683712899684906 0.4781833291053772 0.18060046434402466
v -0.15966276824474335 0.4722810983657837 0.15704971551895142
v -0.15605555474758148 0.4805280268192291 0.15704971551895142
v -0.15966273844242096 0.4892040491104126 0.15704971551895142
v -0.1683712899684906 0.49278584122657776 0.15704971551895142
v -0.1683712899684906 0.49278584122657776 0.15704971551895142
v -0.17707987129688263 0.48920390009880066 0.15704970061779022
v -0.1806870996952057 0.48052579164505005 0.15704970061779022
v -0.17707984149456024 0.4722803235054016 0.15704970061779022
v -0.1683712899684906 0.4698003828525543 0.15704971551895142
v -0.15964505076408386 0.4741803705692291 -0.04397553950548172
v -0.15605545043945312 0.4828261435031891 -0.042958617210388184
v -0.15967874228954315 0.4914305508136749 -0.041928067803382874
v -0.16836871206760406 0.4949810802936554 -0.04149344936013222
v -0.16836871206760406 0.4949810802936554 -0.04149344936013222
v -0.1770613193511963 0.4914305508136749 -0.041928067803382874
v -0.1806870996952057 0.4828261435031891 -0.04295860975980759
v -0.17709752917289734 0.4741803705692291 -0.04397556930780411
v -0.1683712750673294 0.4705868363380432 -0.0443924218416214
v -0.15963993966579437 0.4779808521270752 -0.06746422499418259
v -0.1560455709695816 0.4864206612110138 -0.06532042473554611
v -0.15965057909488678 0.49482327699661255 -0.06319247931241989
v -0.16833892464637756 0.49829140305519104 -0.06230408325791359
v -0.16833892464637756 0.49829140305519104 -0.06230408325791359
v -0.17704913020133972 0.49482327699661255 -0.06319195032119751
v -0.18068425357341766 0.4864206612110138 -0.06532000005245209
v -0.17709974944591522 0.4779808521270752 -0.06746421754360199
v -0.1683712750673294 0.4744766354560852 -0.06836432963609695
v -0.1596035361289978 0.4846900403499603 -0.09020089358091354
v -0.15596133470535278 0.49281206727027893 -0.08699233829975128
v -0.15953096747398376 0.5009027719497681 -0.0838228389620781
v -0.16821932792663574 0.5042428970336914 -0.08251117169857025
v -0.16821932792663574 0.5042428970336914 -0.08251117169857025
v -0.17696133255958557 0.5009027123451233 -0.08381875604391098
v -0.18064799904823303 0.4928121566772461 -0.08698850125074387
v -0.17708547413349152 0.4846900403499603 -0.0902005136013031
v -0.16835686564445496 0.48132312297821045 -0.09154992550611496
v -0.1594487577676773 0.4942238926887512 -0.11168117076158524
v -0.15575402975082397 0.5019253492355347 -0.10752961784601212
v -0.15928909182548523 0.5095986127853394 -0.10343301296234131
v -0.1679774820804596 0.512765645980835 -0.10174361616373062
v -0.1679774820804596 0.512765645980835 -0.10174361616373062
v -0.17675933241844177 0.5095985531806946 -0.10342500358819962
v -0.18049512803554535 0.5019254088401794 -0.10751909017562866
v -0.17696626484394073 0.4942238926887512 -0.1116776391863823
v -0.16823723912239075 0.4910337030887604 -0.11345790326595306
v -0.1591322422027588 0.5064254999160767 -0.13191764056682587
v -0.15538661181926727 0.513620913028717 -0.12694436311721802
v -0.15889374911785126 0.5207837820053101 -0.12200398743152618
v -0.16758494079113007 0.5237413644790649 -0.11995622515678406
v -0.16758494079113007 0.5237413644790649 -0.11995622515678406
v -0.17640763521194458 0.5207837224006653 -0.12198936194181442
v -0.18019400537014008 0.513620913028717 -0.12692579627037048
v -0.1766970157623291 0.5064255595207214 -0.13190746307373047
v -0.1679636836051941 0.5034365057945251 -0.13399264216423035
v -0.15861041843891144 0.521348774433136 -0.15081751346588135
v -0.15482212603092194 0.527928352355957 -0.14507654309272766
v -0.15831221640110016 0.5344743132591248 -0.1393362283706665
v -0.16702358424663544 0.5371760725975037 -0.13695307075977325
v -0.16702358424663544 0.5371760725975037 -0.13695307075977325
v -0.17587995529174805 0.5344743728637695 -0.13931480050086975
v -0.17970426380634308 0.527928352355957 -0.14504863321781158
v -0.17622974514961243 0.521348774433136 -0.15079963207244873
v -0.16748212277889252 0.5186068415641785 -0.15317371487617493
v -0.1578400582075119 0.5389617681503296 -0.16840384900569916
v -0.15402252972126007 0.5447938442230225 -0.16187816858291626
v -0.15751400589942932 0.5505968928337097 -0.15536347031593323
v -0.16625246405601501 0.5529927611351013 -0.15265947580337524
v -0.16625246405601501 0.5529927611351013 -0.15265947580337524
v -0.17514260113239288 0.5505968928337097 -0.1553347408771515
v -0.17899146676063538 0.5447937846183777 -0.16183969378471375
v -0.17552325129508972 0.5389617681503296 -0.168378084897995
v -0.16675138473510742 0.5365351438522339 -0.17109660804271698
v -0.15679842233657837 0.5591456294059753 -0.18399547040462494
v -0.15296685695648193 0.5641031265258789 -0.17673949897289276
v -0.156479611992836 0.5690370798110962 -0.16951510310173035
v -0.165251687169075 0.5710763931274414 -0.16651679575443268
v -0.165251687169075 0.5710763931274414 -0.16651679575443268
v -0.1741701066493988 0.5690370798110962 -0.1694784313440323
v -0.1780323088169098 0.5641031265258789 -0.1766892373561859
v -0.1745508462190628 0.5591456294059753 -0.1839611530303955
v -0.1657475233078003 0.5570842027664185 -0.18700739741325378
v -0.15547867119312286 0.5816988348960876 -0.19670455157756805
v -0.15165337920188904 0.5856689214706421 -0.1888798475265503
v -0.15521106123924255 0.589626133441925 -0.18108783662319183
v -0.164022758603096 0.591261088848114 -0.17785517871379852
v -0.164022758603096 0.591261088848114 -0.17785517871379852
v -0.17296786606311798 0.5896260142326355 -0.1810426414012909
v -0.17682383954524994 0.5856689214706421 -0.18881680071353912
v -0.17330172657966614 0.5816988348960876 -0.19666120409965515
v -0.16445884108543396 0.5800498723983765 -0.19995594024658203
v -0.1539047360420227 0.6060777902603149 -0.20697970688343048
v -0.1501038819551468 0.6090174913406372 -0.1987110823392868
v -0.15371498465538025 0.6119441986083984 -0.19047191739082336
v -0.16258855164051056 0.6131514310836792 -0.1870495229959488
v -0.16258855164051056 0.6131514310836792 -0.1870495229959488
v -0.1715533584356308 0.6119440793991089 -0.19041737914085388
v -0.17538517713546753 0.6090174913406372 -0.19863465428352356
v -0.17181538045406342 0.6060777902603149 -0.2069268524646759
v -0.1629100888967514 0.6048567891120911 -0.21040953695774078
v -0.152137890458107 0.6316581964492798 -0.2151716947555542
v -0.14837788045406342 0.6335272789001465 -0.20653221011161804
v -0.1520671397447586 0.6353878378868103 -0.19793911278247833
v -0.1610018014907837 0.636154294013977 -0.19436603784561157
v -0.1610018014907837 0.636154294013977 -0.19436603784561157
v -0.1699800342321396 0.6353878378868103 -0.19787482917308807
v -0.17377187311649323 0.6335272789001465 -0.20644184947013855
v -0.17013196647167206 0.631658136844635 -0.2151079922914505
v -0.1611616015434265 0.6308838129043579 -0.21876025199890137
v -0.15027108788490295 0.6578543782234192 -0.22096259891986847
v -0.14655575156211853 0.6586824059486389 -0.21208961308002472
v -0.1503203958272934 0.6595108509063721 -0.2032569795846939
v -0.15932798385620117 0.6598504781723022 -0.19958141446113586
v -0.15932798385620117 0.6598504781723022 -0.19958141446113586
v -0.1683209240436554 0.6595108509063721 -0.20317503809928894
v -0.17206208407878876 0.6586822867393494 -0.21197308599948883
v -0.16833895444869995 0.657854437828064 -0.2208796590566635
v -0.15930479764938354 0.657516360282898 -0.22466476261615753
v -0.1466791182756424 0.7091444134712219 -0.22737376391887665
v -0.1429520547389984 0.7094047665596008 -0.21855582296848297
v -0.14676205813884735 0.7096688151359558 -0.20969127118587494
v -0.15587083995342255 0.7097774147987366 -0.2059561163187027
v -0.15587083995342255 0.7097774147987366 -0.2059561163187027
v -0.1649380773305893 0.7096686959266663 -0.20955154299736023
v -0.16864876449108124 0.7094047665596008 -0.21836169064044952
v -0.16485880315303802 0.7091442942619324 -0.2272362858057022
v -0.15575584769248962 0.7090399265289307 -0.2309691160917282
v -0.1435401886701584 0.760772168636322 -0.23192203044891357
v -0.1397801637649536 0.7610790133476257 -0.2232322245836258
v -0.14360439777374268 0.7613754272460938 -0.21451549232006073
v -0.15276625752449036 0.7614853382110596 -0.21086467802524567
v -0.15276625752449036 0.7614853382110596 -0.21086467802524567
v -0.16189703345298767 0.7613474130630493 -0.2144416719675064
v -0.16565293073654175 0.7610397934913635 -0.22313937544822693
v -0.16183531284332275 0.7607441544532776 -0.23185935616493225
v -0.15267732739448547 0.7606340050697327 -0.23549583554267883
v -0.1593337059020996 0.4713931381702423 0.10064612329006195
v -0.15605555474758148 0.48001915216445923 0.1006472036242485
v -0.15966273844242096 0.4887241721153259 0.1006472036242485
v -0.1683712899684906 0.4923313856124878 0.1006472036242485
v -0.1683712899684906 0.4923313856124878 0.1006472036242485
v -0.17707987129688263 0.48872408270835876 0.1006472036242485
v -0.1806870698928833 0.48001551628112793 0.1006472036242485
v -0.17744597792625427 0.471378892660141 0.1006518006324768
v -0.1590801626443863 0.43053683638572693 0.10219176858663559
v -0.1590801626443863 0.43053683638572693 0.10219176858663559
v -0.1590801626443863 0.43644875288009644 0.11486992985010147
v -0.1590801626443863 0.4495939314365387 0.11965437233448029
v -0.15941576659679413 0.4626823663711548 0.11363115906715393
v -0.15875114500522614 0.46731171011924744 0.10060244798660278
v -0.15941576659679413 0.46158215403556824 0.08802532404661179
v -0.1590801626443863 0.4479995369911194 0.08313465118408203
v -0.1590801626443863 0.4353213906288147 0.08904658257961273
v -0.1766931265592575 0.4303929805755615 0.1022588461637497
v -0.1766931265592575 0.4303929805755615 0.1022588461637497
v -0.1766931265592575 0.4363049268722534 0.11493700742721558
v -0.1770583987236023 0.4494265019893646 0.11973248422145844
v -0.17735441029071808 0.46249282360076904 0.11371883004903793
v -0.17827095091342926 0.46708664298057556 0.10070692747831345
v -0.17769718170166016 0.46137022972106934 0.0881233885884285
v -0.1775749772787094 0.4477984607219696 0.08322837948799133
v -0.1770583987236023 0.4351538419723511 0.08912470191717148
v -0.1597886085510254 0.471055805683136 0.11474865674972534
v -0.15605555474758148 0.48014959692955017 0.11549155414104462
v -0.15966273844242096 0.4888547360897064 0.11549155414104462
v -0.1683712601661682 0.4924619197845459 0.11549155414104462
v -0.1683712601661682 0.4924619197845459 0.11549155414104462
v -0.17707987129688263 0.48885464668273926 0.11549155414104462
v -0.1806870698928833 0.48014602065086365 0.11549155414104462
v -0.17696820199489594 0.471047580242157 0.11475130915641785
v -0.16837525367736816 0.46750563383102417 0.11612248420715332
v -0.1597886085510254 0.47079482674598694 0.08789998292922974
v -0.1683763712644577 0.4672045111656189 0.08709073811769485
v -0.1769769936800003 0.47078654170036316 0.08790292590856552
v -0.1806870698928833 0.47991499304771423 0.08772648870944977
v -0.17707987129688263 0.48862358927726746 0.08772648870944977
v -0.1683712899684906 0.4922308027744293 0.08772648870944977
v -0.1683712899684906 0.4922308027744293 0.08772648870944977
v -0.15966273844242096 0.48862358927726746 0.08772648870944977
v -0.15605555474758148 0.4799182116985321 0.08772648870944977
v -0.1684064269065857 0.4644853472709656 0.0883951261639595
v -0.1684064269065857 0.4644853472709656 0.0883951261639595
v -0.1752757728099823 0.466213196516037 0.09031081199645996
v -0.1752757728099823 0.466213196516037 0.09031081199645996
v -0.176463782787323 0.46899208426475525 0.10068079829216003
v -0.176463782787323 0.46899208426475525 0.10068079829216003
v -0.17515504360198975 0.46686631441116333 0.11139171570539474
v -0.17515504360198975 0.46686631441116333 0.11139171570539474
v -0.16839709877967834 0.46516796946525574 0.11325235664844513
v -0.16839709877967834 0.46516796946525574 0.11325235664844513
v -0.16175320744514465 0.46695584058761597 0.11135642230510712
v -0.16175320744514465 0.46695584058761597 0.11135642230510712
v -0.16057433187961578 0.46909764409065247 0.10063447803258896
v -0.16057433187961578 0.46909764409065247 0.10063447803258896
v -0.16175320744514465 0.46631231904029846 0.09027161449193954
v -0.16175320744514465 0.46631231904029846 0.09027161449193954
v -0.1592441201210022 0.47248852252960205 -0.008828846737742424
v -0.1560554802417755 0.48116710782051086 -0.008835751563310623
v -0.15966512262821198 0.48990240693092346 -0.008836743421852589
v -0.1683712750673294 0.4935174584388733 -0.008829963393509388
v -0.1683712750673294 0.4935174584388733 -0.008829963393509388
v -0.17707745730876923 0.4899023473262787 -0.008836744353175163
v -0.1806870847940445 0.48116496205329895 -0.008835742250084877
v -0.1775457113981247 0.47247371077537537 -0.008838651701807976
v -0.1596713662147522 0.4726233184337616 -0.023939568549394608
v -0.15605545043945312 0.48168179392814636 -0.02443428710103035
v -0.1596708446741104 0.49038174748420715 -0.02417779713869095
v -0.16837124526500702 0.49397751688957214 -0.024062002077698708
v -0.16837124526500702 0.49397751688957214 -0.024062002077698708
v -0.1770717352628708 0.4903816878795624 -0.024177806451916695
v -0.18068711459636688 0.4816816747188568 -0.024434277787804604
v -0.17708665132522583 0.47261565923690796 -0.023944728076457977
v -0.16837458312511444 0.4691757261753082 -0.025478437542915344
v -0.15907703340053558 0.4546268582344055 -0.030613714829087257
v -0.1593036651611328 0.46640488505363464 -0.02255558781325817
v -0.15866179764270782 0.468718558549881 -0.008826100267469883
v -0.1593039482831955 0.46097657084465027 0.0026411176659166813
v -0.15907703340053558 0.4467151165008545 0.005074336659163237
v -0.15907703340053558 0.4352561831474304 -0.0029493304900825024
v -0.15907703340053558 0.4328269958496094 -0.016725633293390274
v -0.15907703340053558 0.4328269958496094 -0.016725633293390274
v -0.15907703340053558 0.4408505856990814 -0.028184525668621063
v -0.1765589416027069 0.4406917989253998 -0.02829575352370739
v -0.1765589714050293 0.43266811966896057 -0.016836822032928467
v -0.1765589714050293 0.43266811966896057 -0.016836822032928467
v -0.177005335688591 0.43507111072540283 -0.0030788592994213104
v -0.17763659358024597 0.44649314880371094 0.004918910562992096
v -0.1779528558254242 0.4607395529747009 0.002475377870723605
v -0.17849572002887726 0.46847259998321533 -0.008998305536806583
v -0.1775248795747757 0.46619293093681335 -0.022703777998685837
v -0.1770053654909134 0.4544419050216675 -0.030743243172764778
v -0.15967950224876404 0.4716108739376068 0.002731611719354987
v -0.1560555249452591 0.48084500432014465 0.0027651814743876457
v -0.15966300666332245 0.48959028720855713 0.002756798407062888
v -0.16837124526500702 0.49321240186691284 0.00275619700551033
v -0.16837124526500702 0.49321240186691284 0.00275619700551033
v -0.17707955837249756 0.4895901083946228 0.002756797708570957
v -0.1806870400905609 0.4808402955532074 0.0027651707641780376
v -0.177092507481575 0.4716009199619293 0.0027258701156824827
v -0.16837628185749054 0.4679563641548157 0.0032957622315734625
v -0.16839388012886047 0.4677869379520416 -0.022099683061242104
v -0.16839388012886047 0.4677869379520416 -0.022099683061242104
v -0.17619948089122772 0.4692979156970978 -0.021055657416582108
v -0.17619948089122772 0.4692979156970978 -0.021055657416582108
v -0.17706602811813354 0.4700869619846344 -0.008968140929937363
v -0.17706602811813354 0.4700869619846344 -0.008968140929937363
v -0.17637670040130615 0.4664144814014435 0.0011949653271585703
v -0.17637670040130615 0.4664144814014435 0.0011949653271585703
v -0.16840779781341553 0.46472808718681335 0.0021461602300405502
v -0.16840779781341553 0.46472808718681335 0.0021461602300405502
v -0.16073285043239594 0.46652328968048096 0.0012689329450950027
v -0.16073285043239594 0.46652328968048096 0.0012689329450950027
v -0.16005422174930573 0.4702017307281494 -0.008887994103133678
v -0.16005422174930573 0.4702017307281494 -0.008887994103133678
v -0.16072948276996613 0.46939539909362793 -0.020989080891013145
v -0.16072948276996613 0.46939539909362793 -0.020989080891013145
v 0.2635313868522644 0.0069708433002233505 -0.3234519362449646
v -0.2635313868522644 0.0069707524962723255 -0.3234519362449646
v 0.2635313868522644 0.006562728434801102 0.3076116442680359
v -0.2635313868522644 0.006562642753124237 0.3076116442680359
v -0.24502304196357727 0.022859172895550728 -0.32168570160865784
v -0.24502304196357727 0.022859172895550728 -0.32168570160865784
v -0.2558649480342865 0.029077891260385513 -0.33056697249412537
v -0.2558649480342865 0.029077891260385513 -0.33056697249412537
v -0.2711978256702423 0.02907789684832096 -0.33056700229644775
v -0.2711978256702423 0.02907789684832096 -0.33056700229644775
v -0.2820397913455963 0.02285918779671192 -0.32168570160865784
v -0.2820397913455963 0.02285918779671192 -0.32168570160865784
v -0.2820397913455963 0.01406455785036087 -0.30912575125694275
v -0.2820397913455963 0.01406455785036087 -0.30912575125694275
v -0.2711978554725647 0.007845915853977203 -0.30024459958076477
v -0.2711978554725647 0.007845915853977203 -0.30024459958076477
v -0.2558649778366089 0.007845900021493435 -0.30024453997612
v -0.2558649778366089 0.007845900021493435 -0.30024453997612
v -0.2558649778366089 0.007845900021493435 -0.30024453997612
v -0.24502302706241608 0.014064574614167213 -0.30912578105926514
v -0.24502302706241608 0.014064574614167213 -0.30912578105926514
v -0.24501287937164307 0.015177852474153042 0.2951306402683258
v -0.24501287937164307 0.015177852474153042 0.2951306402683258
v -0.24501286447048187 0.02166137844324112 0.30903464555740356
v -0.24501286447048187 0.02166137844324112 0.30903464555740356
v -0.255860835313797 0.026245923712849617 0.31886619329452515
v -0.255860835313797 0.026245923712849617 0.31886619329452515
v -0.27120205760002136 0.026245910674333572 0.31886619329452515
v -0.27120205760002136 0.026245910674333572 0.31886619329452515
v -0.2820499539375305 0.02166138030588627 0.30903467535972595
v -0.2820499539375305 0.02166138030588627 0.30903467535972595
v -0.2820500135421753 0.015177839435636997 0.2951306402683258
v -0.2820500135421753 0.015177839435636997 0.2951306402683258
v -0.27120208740234375 0.010593311861157417 0.2852990925312042
v -0.27120208740234375 0.010593311861157417 0.2852990925312042
v -0.2558607757091522 0.010593314655125141 0.2852990925312042
v -0.2558607757091522 0.010593314655125141 0.2852990925312042
v -0.2558607757091522 0.010593314655125141 0.2852990925312042
v 0.24502305686473846 0.022859258577227592 -0.3216857314109802
v 0.24502305686473846 0.022859258577227592 -0.3216857314109802
v 0.24502305686473846 0.014064684510231018 -0.3091258108615875
v 0.24502305686473846 0.014064684510231018 -0.3091258108615875
v 0.2558650076389313 0.007845956832170486 -0.30024453997612
v 0.2558650076389313 0.007845956832170486 -0.30024453997612
v 0.2558650076389313 0.007845956832170486 -0.30024453997612
v 0.2711977958679199 0.007846003398299217 -0.30024459958076477
v 0.2711977958679199 0.007846003398299217 -0.30024459958076477
v 0.2820398211479187 0.014064677059650421 -0.30912578105926514
v 0.2820398211479187 0.014064677059650421 -0.30912578105926514
v 0.2820398211479187 0.022859301418066025 -0.321685791015625
v 0.2820398211479187 0.022859301418066025 -0.321685791015625
v 0.2711978554725647 0.029078008607029915 -0.33056700229644775
v 0.2711978554725647 0.029078008607029915 -0.33056700229644775
v 0.25586506724357605 0.02907799370586872 -0.33056700229644775
v 0.25586506724357605 0.02907799370586872 -0.33056700229644775
v 0.24501287937164307 0.015177925117313862 0.2951306402683258
v 0.24501287937164307 0.015177925117313862 0.2951306402683258
v 0.24501283466815948 0.021661465987563133 0.30903464555740356
v 0.24501283466815948 0.021661465987563133 0.30903464555740356
v 0.2558607757091522 0.026246005669236183 0.31886622309684753
v 0.2558607757091522 0.026246005669236183 0.31886622309684753
v 0.27120205760002136 0.02624598890542984 0.31886616349220276
v 0.27120205760002136 0.02624598890542984 0.31886616349220276
v 0.28204992413520813 0.021661484614014626 0.30903467535972595
v 0.28204992413520813 0.021661484614014626 0.30903467535972595
v 0.2820499539375305 0.01517793070524931 0.2951306402683258
v 0.2820499539375305 0.01517793070524931 0.2951306402683258
v 0.27120208740234375 0.010593399405479431 0.2852990925312042
v 0.27120208740234375 0.010593399405479431 0.2852990925312042
v 0.2558608055114746 0.010593396611511707 0.2852990925312042
v 0.2558608055114746 0.010593396611511707 0.2852990925312042
v 0.2558608055114746 0.010593396611511707 0.2852990925312042
v -0.2528402805328369 0.009749717079102993 -0.32691219449043274
v -0.24413619935512543 0.014024035073816776 -0.32832062244415283
v -0.24413619935512543 0.014024035073816776 -0.32832062244415283
v -0.25910305976867676 0.01334189623594284 -0.3320423364639282
v -0.25549769401550293 0.020540751516819 -0.33762744069099426
v -0.25549769401550293 0.020540751516819 -0.33762744069099426
v -0.267959862947464 0.013341876678168774 -0.332042396068573
v -0.27156519889831543 0.020540719851851463 -0.33762744069099426
v -0.27156519889831543 0.020540719851851463 -0.33762744069099426
v -0.2742224931716919 0.009749737568199635 -0.3269122242927551
v -0.28292661905288696 0.014024072326719761 -0.3283206522464752
v -0.28292661905288696 0.014024072326719761 -0.3283206522464752
v -0.27422255277633667 0.004669619258493185 -0.3196570873260498
v -0.28292667865753174 0.004808027297258377 -0.31515878438949585
v -0.28292667865753174 0.004808027297258377 -0.31515878438949585
v -0.2679598331451416 0.001077499589882791 -0.3145270049571991
v -0.27156516909599304 -0.0017085934523493052 -0.30585211515426636
v -0.27156516909599304 -0.0017085934523493052 -0.30585211515426636
v -0.259103000164032 0.0010774952825158834 -0.3145270049571991
v -0.25549766421318054 -0.001708600320853293 -0.30585208535194397
v -0.25549766421318054 -0.001708600320853293 -0.30585208535194397
v -0.25549766421318054 -0.001708600320853293 -0.30585208535194397
v -0.2528402805328369 0.004669625777751207 -0.3196570575237274
v -0.24413619935512543 0.004808042664080858 -0.31515878438949585
v -0.24413619935512543 0.004808042664080858 -0.31515878438949585
v -0.2528710961341858 0.004956809338182211 0.3034883141517639
v -0.24415448307991028 0.005851817317306995 0.29908716678619385
v -0.24415448307991028 0.005851817317306995 0.29908716678619385
v -0.2528711259365082 0.008689102716743946 0.31149226427078247
v -0.24415451288223267 0.012635869905352592 0.3136356770992279
v -0.24415451288223267 0.012635869905352592 0.3136356770992279
v -0.2591158449649811 0.011328217573463917 0.31715190410614014
v -0.2555052936077118 0.017432911321520805 0.32392290234565735
v -0.2555052936077118 0.017432911321520805 0.32392290234565735
v -0.26794707775115967 0.01132820826023817 0.317151814699173
v -0.27155762910842896 0.017432888969779015 0.32392287254333496
v -0.27155762910842896 0.017432888969779015 0.32392287254333496
v -0.27419182658195496 0.008689086884260178 0.3114922344684601
v -0.2829083800315857 0.012635849416255951 0.31363561749458313
v -0.2829083800315857 0.012635849416255951 0.31363561749458313
v -0.2741917669773102 0.004956802818924189 0.3034883141517639
v -0.2829083800315857 0.0058518038131296635 0.29908716678619385
v -0.2829083800315857 0.0058518038131296635 0.29908716678619385
v -0.26794710755348206 0.0023176881950348616 0.29782870411872864
v -0.27155759930610657 0.0010547717101871967 0.28879988193511963
v -0.27155759930610657 0.0010547717101871967 0.28879988193511963
v -0.2591157853603363 0.0023176856338977814 0.29782867431640625
v -0.255505234003067 0.0010547689162194729 0.28879988193511963
v -0.255505234003067 0.0010547689162194729 0.28879988193511963
v -0.255505234003067 0.0010547689162194729 0.28879988193511963
v 0.2528402805328369 0.009749816730618477 -0.3269122242927551
v 0.244136244058609 0.014024140313267708 -0.3283206522464752
v 0.244136244058609 0.014024140313267708 -0.3283206522464752
v 0.2528403103351593 0.004669731482863426 -0.3196571171283722
v 0.2441362738609314 0.004808157682418823 -0.3151588439941406
v 0.2441362738609314 0.004808157682418823 -0.3151588439941406
v 0.259103000164032 0.0010775730479508638 -0.3145269751548767
v 0.25549766421318054 -0.0017085266299545765 -0.30585208535194397
v 0.25549766421318054 -0.0017085266299545765 -0.30585208535194397
v 0.25549766421318054 -0.0017085266299545765 -0.30585208535194397
v 0.267959862947464 0.001077602501027286 -0.3145270049571991
v 0.27156516909599304 -0.0017084779683500528 -0.30585211515426636
v 0.27156516909599304 -0.0017084779683500528 -0.30585211515426636
v 0.27422258257865906 0.004669725429266691 -0.3196571171283722
v 0.28292661905288696 0.004808145575225353 -0.315158873796463
v 0.28292661905288696 0.004808145575225353 -0.315158873796463
v 0.27422255277633667 0.009749841876327991 -0.3269122540950775
v 0.28292661905288696 0.014024180360138416 -0.32832071185112
v 0.28292661905288696 0.014024180360138416 -0.32832071185112
v 0.2679598033428192 0.013341987505555153 -0.332042396068573
v 0.27156516909599304 0.02054085209965706 -0.33762744069099426
v 0.27156516909599304 0.02054085209965706 -0.33762744069099426
v 0.25910302996635437 0.013341964222490788 -0.3320423364639282
v 0.2554977238178253 0.020540809258818626 -0.33762744069099426
v 0.2554977238178253 0.020540809258818626 -0.33762744069099426
v 0.2528711259365082 0.004956892225891352 0.3034883439540863
v 0.24415448307991028 0.0058518946170806885 0.29908716678619385
v 0.24415448307991028 0.0058518946170806885 0.29908716678619385
v 0.2528710961341858 0.008689171634614468 0.3114922344684601
v 0.24415448307991028 0.01263593602925539 0.31363561749458313
v 0.24415448307991028 0.01263593602925539 0.31363561749458313
v 0.2591157555580139 0.011328300461173058 0.31715190410614014
v 0.25550520420074463 0.017432989552617073 0.32392290234565735
v 0.25550520420074463 0.017432989552617073 0.32392290234565735
v 0.26794710755348206 0.011328292079269886 0.317151814699173
v 0.27155762910842896 0.01743297465145588 0.3239228427410126
v 0.27155762910842896 0.01743297465145588 0.3239228427410126
v 0.2741917371749878 0.008689183741807938 0.31149226427078247
v 0.2829083204269409 0.012635951861739159 0.31363561749458313
v 0.2829083204269409 0.012635951861739159 0.31363561749458313
v 0.2741917669773102 0.004956887103617191 0.3034883141517639
v 0.2829083502292633 0.005851886235177517 0.29908713698387146
v 0.2829083502292633 0.005851886235177517 0.29908713698387146
v 0.26794710755348206 0.0023177694529294968 0.29782870411872864
v 0.27155762910842896 0.0010548526188358665 0.28879988193511963
v 0.27155762910842896 0.0010548526188358665 0.28879988193511963
v 0.2591157853603363 0.002317768055945635 0.29782870411872864
v 0.2555052638053894 0.0010548473801463842 0.28879988193511963
v 0.2555052638053894 0.0010548473801463842 0.28879988193511963
v 0.2555052638053894 0.0010548473801463842 0.28879988193511963
v -0.22612033784389496 0.45115119218826294 -0.0038948822766542435
v -0.20892417430877686 0.4564703702926636 -0.00017033536278177053
v -0.2219495326280594 0.43835902214050293 -0.0007766534690745175
v -0.2064315527677536 0.44311779737472534 0.002555456478148699
v -0.2160511314868927 0.42829176783561707 -0.007825851440429688
v -0.20290642976760864 0.4322579503059387 -0.005048693623393774
v -0.21188029646873474 0.4268467426300049 -0.02091301791369915
v -0.21188029646873474 0.4268467426300049 -0.02091301791369915
v -0.200413778424263 0.43025246262550354 -0.018528278917074203
v -0.200413778424263 0.43025246262550354 -0.018528278917074203
v -0.1874983161687851 0.4400852918624878 -0.028720423579216003
v -0.18870046734809875 0.45373567938804626 -0.031237751245498657
v -0.19040051102638245 0.46501654386520386 -0.023338792845606804
v -0.19160261750221252 0.4673197567462921 -0.009650715626776218
v -0.19160261750221252 0.4592960774898529 0.001808234374038875
v -0.19040051102638245 0.4456457197666168 0.004325562622398138
v -0.18870046734809875 0.43436485528945923 -0.003573397174477577
v -0.1874983161687851 0.43206164240837097 -0.01726144552230835
v -0.1874983161687851 0.43206164240837097 -0.01726144552230835
v -0.15966276824474335 0.4741588234901428 0.18891838192939758
v -0.15605555474758148 0.4808180630207062 0.18921077251434326
v -0.15966276824474335 0.4890596866607666 0.1895967572927475
v -0.1683712899684906 0.49197447299957275 0.18978038430213928
v -0.1683712899684906 0.49197447299957275 0.18978038430213928
v -0.17707985639572144 0.4890596866607666 0.1895967423915863
v -0.1806870549917221 0.4808172285556793 0.18921075761318207
v -0.17707984149456024 0.47415870428085327 0.1889183670282364
v -0.1683712899684906 0.47582942247390747 0.18882770836353302
v -0.15966276824474335 0.47376549243927 0.16953471302986145
v -0.15605556964874268 0.48062270879745483 0.16953471302986145
v -0.15966273844242096 0.4892081022262573 0.16953471302986145
v -0.1683712899684906 0.4927138388156891 0.16953471302986145
v -0.1683712899684906 0.4927138388156891 0.16953471302986145
v -0.17707985639572144 0.48920807242393494 0.16953469812870026
v -0.1806870549917221 0.48062095046043396 0.16953469812870026
v -0.17707984149456024 0.47376498579978943 0.16953469812870026
v -0.1683712899684906 0.4746668338775635 0.16953471302986145
v -0.15966276824474335 0.47171249985694885 0.14456471800804138
v -0.15605556964874268 0.4804229438304901 0.14456471800804138
v -0.15966273844242096 0.48912882804870605 0.14456471800804138
v -0.1683712899684906 0.49273598194122314 0.14456471800804138
v -0.1683712899684906 0.49273598194122314 0.14456471800804138
v -0.17707985639572144 0.4891287684440613 0.1445647031068802
v -0.1806870549917221 0.48042017221450806 0.1445647031068802
v -0.17707984149456024 0.47171157598495483 0.1445647031068802
v -0.1683712899684906 0.46810439229011536 0.14456471800804138
v -0.15966276824474335 0.4697675406932831 0.20809359848499298
v -0.15605555474758148 0.47729480266571045 0.2089672088623047
v -0.15966273844242096 0.4843633770942688 0.20984087884426117
v -0.1683712899684906 0.48693138360977173 0.21020285785198212
v -0.1683712899684906 0.48693138360977173 0.21020285785198212
v -0.17707985639572144 0.4843631982803345 0.20984110236167908
v -0.1806870549917221 0.4772946536540985 0.20896750688552856
v -0.17707984149456024 0.46976739168167114 0.2080938071012497
v -0.1683712899684906 0.4668724834918976 0.20773187279701233
v -0.16670286655426025 0.46524855494499207 0.22635290026664734
v -0.16362467408180237 0.4636826813220978 0.22430269420146942
v -0.15999408066272736 0.46511340141296387 0.21651685237884521
v -0.161268949508667 0.46363526582717896 0.22084876894950867
v -0.161268949508667 0.46363526582717896 0.22084876894950867
v -0.16562862694263458 0.4667201638221741 0.22644492983818054
v -0.16165925562381744 0.46773722767829895 0.22477886080741882
v -0.1565241813659668 0.47226935625076294 0.21735671162605286
v -0.1583273857831955 0.4697020947933197 0.22156104445457458
v -0.1583273857831955 0.4697020947933197 0.22156104445457458
v -0.1664322316646576 0.46837639808654785 0.2266394942998886
v -0.16362561285495758 0.4717908501625061 0.22525496780872345
v -0.15999417006969452 0.4794158935546875 0.21819669008255005
v -0.16126936674118042 0.475768506526947 0.2222733050584793
v -0.16126936674118042 0.475768506526947 0.2222733050584793
v -0.1683712601661682 0.46906235814094543 0.22672009468078613
v -0.1683712899684906 0.4734697639942169 0.2254522293806076
v -0.1683712899684906 0.48233699798583984 0.21854478120803833
v -0.1683712899684906 0.48233699798583984 0.21854478120803833
v -0.1683712899684906 0.4782811999320984 0.22256843745708466
v -0.1683712899684906 0.4782811999320984 0.22256843745708466
v -0.1683712899684906 0.4782811999320984 0.22256843745708466
v -0.170310378074646 0.4683764576911926 0.2266395539045334
v -0.17311713099479675 0.4717909097671509 0.2252550572156906
v -0.17674843966960907 0.4794157147407532 0.2181970775127411
v -0.17547330260276794 0.47576841711997986 0.2222735434770584
v -0.17547330260276794 0.47576841711997986 0.2222735434770584
v -0.1709216982126236 0.46672970056533813 0.22648648917675018
v -0.17508365213871002 0.4677371680736542 0.224778950214386
v -0.18021844327449799 0.47226908802986145 0.21735721826553345
v -0.17841534316539764 0.46970200538635254 0.22156129777431488
v -0.17841534316539764 0.46970200538635254 0.22156129777431488
v -0.17004017531871796 0.465248167514801 0.22635291516780853
v -0.17311805486679077 0.46368250250816345 0.2243027240037918
v -0.17674852907657623 0.4651131331920624 0.21651718020439148
v -0.17547370493412018 0.4636351466178894 0.220848947763443
v -0.17547370493412018 0.4636351466178894 0.220848947763443
v -0.1683712899684906 0.46465763449668884 0.2262835055589676
v -0.1683712899684906 0.4620029330253601 0.22410544753074646
v -0.1683712899684906 0.4621492028236389 0.21616911888122559
v -0.1683712899684906 0.4611221253871918 0.22055383026599884
v -0.1683712899684906 0.4611221253871918 0.22055383026599884
v -0.24664537608623505 0.025367209687829018 -0.3191092312335968
v -0.24664537608623505 0.025367209687829018 -0.3191092312335968
v -0.24664537608623505 0.01734350249171257 -0.30765020847320557
v -0.24664537608623505 0.01734350249171257 -0.30765020847320557
v -0.24664537608623505 0.01734350249171257 -0.30765020847320557
v -0.25653696060180664 0.011669923551380634 -0.2995474934577942
v -0.25653696060180664 0.011669923551380634 -0.2995474934577942
v -0.27052587270736694 0.011669939383864403 -0.2995474934577942
v -0.27052587270736694 0.011669939383864403 -0.2995474934577942
v -0.2804175019264221 0.017343496903777122 -0.3076501786708832
v -0.2804175019264221 0.017343496903777122 -0.3076501786708832
v -0.28041744232177734 0.025367209687829018 -0.3191092312335968
v -0.28041744232177734 0.025367209687829018 -0.3191092312335968
v -0.27052584290504456 0.031040824949741364 -0.32721197605133057
v -0.27052584290504456 0.031040824949741364 -0.32721197605133057
v -0.2565370202064514 0.031040824949741364 -0.32721197605133057
v -0.2565370202064514 0.031040824949741364 -0.32721197605133057
v -0.24664287269115448 0.018577255308628082 0.2942904531955719
v -0.24664287269115448 0.018577255308628082 0.2942904531955719
v -0.24664287269115448 0.018577255308628082 0.2942904531955719
v -0.2466428428888321 0.024490101262927055 0.30697062611579895
v -0.2466428428888321 0.024490101262927055 0.30697062611579895
v -0.25653597712516785 0.028671113774180412 0.3159368336200714
v -0.25653597712516785 0.028671113774180412 0.3159368336200714
v -0.2705269157886505 0.028671106323599815 0.315936803817749
v -0.2705269157886505 0.028671106323599815 0.315936803817749
v -0.2804200351238251 0.024490101262927055 0.30697062611579895
v -0.2804200351238251 0.024490101262927055 0.30697062611579895
v -0.2804200351238251 0.018577245995402336 0.2942904531955719
v -0.2804200351238251 0.018577245995402336 0.2942904531955719
v -0.27052685618400574 0.01439623348414898 0.28532421588897705
v -0.27052685618400574 0.01439623348414898 0.28532421588897705
v -0.25653591752052307 0.014396239072084427 0.28532421588897705
v -0.25653591752052307 0.014396239072084427 0.28532421588897705
v 0.24664542078971863 0.025367293506860733 -0.3191092610359192
v 0.24664542078971863 0.025367293506860733 -0.3191092610359192
v 0.24664543569087982 0.01734359934926033 -0.30765020847320557
v 0.24664543569087982 0.01734359934926033 -0.30765020847320557
v 0.24664543569087982 0.01734359934926033 -0.30765020847320557
v 0.2565370202064514 0.011669988743960857 -0.299547404050827
v 0.2565370202064514 0.011669988743960857 -0.299547404050827
v 0.27052584290504456 0.01167002972215414 -0.2995474934577942
v 0.27052584290504456 0.01167002972215414 -0.2995474934577942
v 0.2804175019264221 0.017343608662486076 -0.30765026807785034
v 0.2804175019264221 0.017343608662486076 -0.30765026807785034
v 0.2804175019264221 0.025367317721247673 -0.3191092610359192
v 0.2804175019264221 0.025367317721247673 -0.3191092610359192
v 0.27052590250968933 0.03104092925786972 -0.32721203565597534
v 0.27052590250968933 0.03104092925786972 -0.32721203565597534
v 0.2565370500087738 0.031040914356708527 -0.32721197605133057
v 0.2565370500087738 0.031040914356708527 -0.32721197605133057
v 0.2466428577899933 0.01857733353972435 0.2942904531955719
v 0.2466428577899933 0.01857733353972435 0.2942904531955719
v 0.2466428577899933 0.01857733353972435 0.2942904531955719
v 0.2466428577899933 0.02449018880724907 0.30697062611579895
v 0.2466428577899933 0.02449018880724907 0.30697062611579895
v 0.2565358877182007 0.028671203181147575 0.3159368336200714
v 0.2565358877182007 0.028671203181147575 0.3159368336200714
v 0.27052685618400574 0.02867119200527668 0.315936803817749
v 0.27052685618400574 0.02867119200527668 0.315936803817749
v 0.2804199755191803 0.024490194395184517 0.30697065591812134
v 0.2804199755191803 0.024490194395184517 0.30697065591812134
v 0.2804199755191803 0.018577342852950096 0.2942904531955719
v 0.2804199755191803 0.018577342852950096 0.2942904531955719
v 0.2705268859863281 0.014396323822438717 0.28532421588897705
v 0.2705268859863281 0.014396323822438717 0.28532421588897705
v 0.25653597712516785 0.014396319165825844 0.28532421588897705
v 0.25653597712516785 0.014396319165825844 0.28532421588897705
v 0.24513694643974304 0.3807961344718933 0.1253862828016281
v 0.24513694643974304 0.3807961344718933 0.1253862828016281
v 0.2547803223133087 0.3781028687953949 0.11572804301977158
v 0.2684180736541748 0.38020581007003784 0.11474739015102386
v 0.27806147933006287 0.3858732283115387 0.12301882356405258
v 0.27806147933006287 0.3917851448059082 0.13569697737693787
v 0.2684181034564972 0.394478440284729 0.1453551948070526
v 0.2547803223133087 0.39237546920776367 0.14633584022521973
v 0.24513694643974304 0.3867080807685852 0.13806447386741638
v 0.2423793524503708 0.392098069190979 0.12011610716581345
v 0.2423793524503708 0.392098069190979 0.12011610716581345
v 0.23754549026489258 0.40215596556663513 0.11542601138353348
v 0.23754549026489258 0.40215596556663513 0.11542601138353348
v 0.25156891345977783 0.39069873094558716 0.10985449701547623
v 0.24593961238861084 0.40227022767066956 0.10445860773324966
v 0.2645649313926697 0.39463159441947937 0.10802053660154343
v 0.2578107416629791 0.40834370255470276 0.10162647813558578
v 0.2737545371055603 0.40159302949905396 0.11568858474493027
v 0.2662048935890198 0.416818767786026 0.10858868807554245
v 0.2737545669078827 0.4075049161911011 0.12836672365665436
v 0.2662048935890198 0.4227306544780731 0.12126685678958893
v 0.2645649313926697 0.4089042544364929 0.13862836360931396
v 0.2578107416629791 0.4226163625717163 0.13223427534103394
v 0.25156891345977783 0.40497133135795593 0.14046229422092438
v 0.24593965709209442 0.4165428876876831 0.13506639003753662
v 0.2423793226480484 0.3980100154876709 0.13279429078102112
v 0.23754550516605377 0.4080679416656494 0.12810420989990234
v 0.2306877225637436 0.4109457731246948 0.11132729053497314
v 0.2306877225637436 0.4109457731246948 0.11132729053497314
v 0.2220124751329422 0.418302446603775 0.1078968197107315
v 0.2220124751329422 0.418302446603775 0.1078968197107315
v 0.23795339465141296 0.4125064015388489 0.09968540817499161
v 0.22785060107707977 0.4210736155509949 0.09569042921066284
v 0.24822860956192017 0.4206252992153168 0.09589945524930954
v 0.2361069619655609 0.4309045672416687 0.09110618382692337
v 0.25549429655075073 0.43054673075675964 0.10218720883131027
v 0.2419450879096985 0.44203653931617737 0.09682942926883698
v 0.25549429655075073 0.43645864725112915 0.11486537754535675
v 0.2419450879096985 0.4479483962059021 0.10950758308172226
v 0.24822863936424255 0.4348980486392975 0.1265072524547577
v 0.2361069619655609 0.44517725706100464 0.12171395868062973
v 0.23795342445373535 0.42677900195121765 0.13029320538043976
v 0.22785060107707977 0.43534624576568604 0.1262982338666916
v 0.23068775236606598 0.41685765981674194 0.12400547415018082
v 0.2220124751329422 0.42421430349349976 0.12057502567768097
v 0.211880162358284 0.4239203929901123 0.10527713596820831
v 0.211880162358284 0.4239203929901123 0.10527713596820831
v 0.20041362941265106 0.42768850922584534 0.10352003574371338
v 0.20041362941265106 0.42768850922584534 0.10352003574371338
v 0.21605098247528076 0.42761605978012085 0.09263966977596283
v 0.2029062956571579 0.4320041835308075 0.09059344977140427
v 0.22194936871528625 0.4387543797492981 0.08744578808546066
v 0.20643140375614166 0.44401949644088745 0.08499064296483994
v 0.2261202037334442 0.4508107602596283 0.09273795038461685
v 0.2089240401983261 0.45669591426849365 0.0899936631321907
v 0.2261202037334442 0.4567226469516754 0.10541610419750214
v 0.2089240401983261 0.46260783076286316 0.10267180949449539
v 0.22194938361644745 0.45302700996398926 0.11805354803800583
v 0.20643140375614166 0.4582920968532562 0.1155984178185463
v 0.21605098247528076 0.441888689994812 0.12324745953083038
v 0.2029062956571579 0.44627681374549866 0.12120122462511063
v 0.211880162358284 0.4298322796821594 0.11795532703399658
v 0.20041362941265106 0.43360039591789246 0.11619821935892105
v 0.18749818205833435 0.4296901822090149 0.10258662700653076
v 0.18749818205833435 0.4296901822090149 0.10258662700653076
v 0.188700333237648 0.434335321187973 0.08950643241405487
v 0.1904004067182541 0.44681647419929504 0.08368639647960663
v 0.19160249829292297 0.45982229709625244 0.08853580802679062
v 0.19160249829292297 0.46573418378829956 0.1012139692902565
v 0.1904003620147705 0.4610890746116638 0.11429417133331299
v 0.188700333237648 0.4486079216003418 0.12011421471834183
v 0.18749818205833435 0.4356020987033844 0.11526481062173843
v 0.24513696134090424 0.39589330554008484 -0.0596640445291996
v 0.2547803223133087 0.4029109477996826 -0.06682562083005905
v 0.2684180736541748 0.40481165051460266 -0.06549473851919174
v 0.27806147933006287 0.4004821479320526 -0.056450918316841125
v 0.27806147933006287 0.39245855808258057 -0.04499196633696556
v 0.2684181034564972 0.3854408860206604 -0.037830378860235214
v 0.2547803223133087 0.3835401237010956 -0.03916128724813461
v 0.24513696134090424 0.387869656085968 -0.048205066472291946
v 0.24513696134090424 0.387869656085968 -0.048205066472291946
v 0.24237936735153198 0.40610837936401367 -0.05251137539744377
v 0.23754550516605377 0.41519907116889954 -0.04614599794149399
v 0.25156891345977783 0.4142955243587494 -0.05885406211018562
v 0.24593962728977203 0.42475423216819763 -0.051530808210372925
v 0.2645649313926697 0.41785019636154175 -0.056365057826042175
v 0.2578107416629791 0.43024367094039917 -0.047687068581581116
v 0.2737545371055603 0.41469019651412964 -0.04650232195854187
v 0.2662048935890198 0.4284517467021942 -0.03686637803912163
v 0.2737545669078827 0.4066665470600128 -0.035043369978666306
v 0.2662048935890198 0.420428067445755 -0.02540745586156845
v 0.2645649313926697 0.3984793722629547 -0.028700701892375946
v 0.2578107714653015 0.41087284684181213 -0.020022695884108543
v 0.25156891345977783 0.39492473006248474 -0.031189734116196632
v 0.24593967199325562 0.405383437871933 -0.0238664411008358
v 0.2423793375492096 0.39808472990989685 -0.04105239734053612
v 0.2423793375492096 0.39808472990989685 -0.04105239734053612
v 0.23754552006721497 0.4071754217147827 -0.034687019884586334
v 0.23754552006721497 0.4071754217147827 -0.034687019884586334
v 0.2306877225637436 0.42314353585243225 -0.04058321565389633
v 0.2220124751329422 0.42979276180267334 -0.03592737764120102
v 0.23795339465141296 0.4340059757232666 -0.04505262151360512
v 0.22785060107707977 0.4417493939399719 -0.03963065892457962
v 0.24822860956192017 0.4413442015647888 -0.03991438448429108
v 0.2361069619655609 0.45063498616218567 -0.033408936113119125
v 0.2554943263530731 0.4408595860004425 -0.02817830815911293
v 0.2419450879096985 0.45124444365501404 -0.020906751975417137
v 0.2554943263530731 0.4328359067440033 -0.016719376668334007
v 0.2419450879096985 0.4432207942008972 -0.009447812102735043
v 0.24822863936424255 0.42197346687316895 -0.012249982915818691
v 0.2361069619655609 0.43126416206359863 -0.005744532682001591
v 0.23795343935489655 0.41463521122932434 -0.01738828420639038
v 0.22785060107707977 0.4223785102367401 -0.011966351419687271
v 0.23068776726722717 0.41511988639831543 -0.029124241322278976
v 0.23068776726722717 0.41511988639831543 -0.029124241322278976
v 0.2220124751329422 0.42176908254623413 -0.024468421936035156
v 0.2220124751329422 0.42176908254623413 -0.024468421936035156
v 0.211880162358284 0.4348703920841217 -0.03237196058034897
v 0.20041362941265106 0.43827611207962036 -0.029987258836627007
v 0.21605098247528076 0.4476625919342041 -0.03549015894532204
v 0.2029062956571579 0.45162877440452576 -0.03271299600601196
v 0.22194936871528625 0.45772984623908997 -0.02844102866947651
v 0.20643140375614166 0.4624886214733124 -0.025108881294727325
v 0.2261202037334442 0.45917490124702454 -0.015353802591562271
v 0.2089240401983261 0.46449410915374756 -0.01162925735116005
v 0.2261202037334442 0.4511512517929077 -0.0038948627188801765
v 0.2089240401983261 0.45647045969963074 -0.0001703170855762437
v 0.22194938361644745 0.4383590817451477 -0.0007766340277157724
v 0.20643140375614166 0.4431178569793701 0.002555474638938904
v 0.21605098247528076 0.42829182744026184 -0.007825832813978195
v 0.2029062956571579 0.4322580099105835 -0.005048675928264856
v 0.211880162358284 0.42684680223464966 -0.020912999287247658
v 0.211880162358284 0.42684680223464966 -0.020912999287247658
v 0.20041362941265106 0.4302525222301483 -0.01852826029062271
v 0.20041362941265106 0.4302525222301483 -0.01852826029062271
v 0.18749818205833435 0.44008535146713257 -0.02872040867805481
v 0.188700333237648 0.45373573899269104 -0.031237736344337463
v 0.1904004067182541 0.46501660346984863 -0.02333877794444561
v 0.19160249829292297 0.4673198163509369 -0.009650698862969875
v 0.19160249829292297 0.4592961370944977 0.0018082511378452182
v 0.1904003620147705 0.4456457793712616 0.004325579386204481
v 0.188700333237648 0.434364914894104 -0.0035733808763325214
v 0.18749818205833435 0.43206170201301575 -0.017261430621147156
v 0.18749818205833435 0.43206170201301575 -0.017261430621147156
v 0.15966258943080902 0.4741588830947876 0.18891838192939758
v 0.15605536103248596 0.48081815242767334 0.18921077251434326
v 0.15966257452964783 0.4890597462654114 0.1895967572927475
v 0.16837112605571747 0.49197453260421753 0.18978038430213928
v 0.16837112605571747 0.49197453260421753 0.18978038430213928
v 0.1770796924829483 0.4890597462654114 0.1895967721939087
v 0.18068687617778778 0.4808172881603241 0.18921078741550446
v 0.1770796775817871 0.47415876388549805 0.18891839683055878
v 0.16837114095687866 0.47582948207855225 0.18882770836353302
v 0.15966258943080902 0.4737655520439148 0.16953471302986145
v 0.15605539083480835 0.4806227684020996 0.16953471302986145
v 0.15966255962848663 0.4892081618309021 0.16953471302986145
v 0.16837112605571747 0.49271389842033386 0.16953471302986145
v 0.16837112605571747 0.49271389842033386 0.16953471302986145
v 0.1770796924829483 0.4892081320285797 0.16953472793102264
v 0.18068689107894897 0.48062101006507874 0.16953472793102264
v 0.1770796775817871 0.4737650454044342 0.16953472793102264
v 0.16837114095687866 0.47466689348220825 0.16953471302986145
v 0.15966258943080902 0.47171255946159363 0.14456471800804138
v 0.15605539083480835 0.4804230034351349 0.14456471800804138
v 0.15966255962848663 0.4891289472579956 0.14456471800804138
v 0.16837112605571747 0.4927360415458679 0.14456471800804138
v 0.16837112605571747 0.4927360415458679 0.14456471800804138
v 0.1770797222852707 0.48912882804870605 0.14456473290920258
v 0.18068689107894897 0.48042032122612 0.14456473290920258
v 0.1770796775817871 0.4717116355895996 0.14456473290920258
v 0.16837114095687866 0.46810445189476013 0.14456471800804138
v 0.15966257452964783 0.46976760029792786 0.20809359848499298
v 0.15605533123016357 0.47729483246803284 0.2089672088623047
v 0.15966254472732544 0.4843634366989136 0.20984087884426117
v 0.16837114095687866 0.4869314730167389 0.21020285785198212
v 0.16837114095687866 0.4869314730167389 0.21020285785198212
v 0.1770796924829483 0.48436325788497925 0.20984113216400146
v 0.18068687617778778 0.4772946238517761 0.20896753668785095
v 0.1770796775817871 0.4697674512863159 0.20809383690357208
v 0.16837114095687866 0.46687254309654236 0.20773185789585114
v 0.16670271754264832 0.4652486741542816 0.22635290026664734
v 0.16362452507019043 0.46368274092674255 0.22430266439914703
v 0.15999388694763184 0.46511346101760864 0.21651685237884521
v 0.16126878559589386 0.46363532543182373 0.22084876894950867
v 0.16126878559589386 0.46363532543182373 0.22084876894950867
v 0.16562844812870026 0.46672022342681885 0.22644492983818054
v 0.1616590917110443 0.4677372872829437 0.22477886080741882
v 0.15652398765087128 0.4722694158554077 0.21735671162605286
v 0.15832719206809998 0.4697021543979645 0.22156104445457458
v 0.15832719206809998 0.4697021543979645 0.22156104445457458
v 0.16643208265304565 0.4683764576911926 0.2266394942998886
v 0.16362544894218445 0.4717909097671509 0.22525496780872345
v 0.1599939614534378 0.4794159531593323 0.21819669008255005
v 0.1612691879272461 0.4757685661315918 0.2222733050584793
v 0.1612691879272461 0.4757685661315918 0.2222733050584793
v 0.1683710813522339 0.4690624177455902 0.22672009468078613
v 0.16837112605571747 0.4734698235988617 0.2254522293806076
v 0.16837114095687866 0.4823370575904846 0.21854479610919952
v 0.16837114095687866 0.4823370575904846 0.21854479610919952
v 0.16837112605571747 0.47828125953674316 0.22256843745708466
v 0.16837112605571747 0.47828125953674316 0.22256843745708466
v 0.16837112605571747 0.47828125953674316 0.22256843745708466
v 0.17031021416187286 0.4683765172958374 0.2266395539045334
v 0.17311696708202362 0.47179096937179565 0.225255087018013
v 0.17674829065799713 0.47941577434539795 0.21819710731506348
v 0.1754731386899948 0.47576847672462463 0.2222735732793808
v 0.1754731386899948 0.47576847672462463 0.2222735732793808
v 0.17092151939868927 0.4667297601699829 0.22648651897907257
v 0.1750834733247757 0.46773722767829895 0.22477898001670837
v 0.18021827936172485 0.4722691476345062 0.21735724806785583
v 0.17841516435146332 0.4697020649909973 0.22156132757663727
v 0.17841516435146332 0.4697020649909973 0.22156132757663727
v 0.17003999650478363 0.4652482271194458 0.22635291516780853
v 0.17311790585517883 0.4636825621128082 0.2243027538061142
v 0.1767483502626419 0.46511319279670715 0.21651721000671387
v 0.17547354102134705 0.4636352062225342 0.22084897756576538
v 0.17547354102134705 0.4636352062225342 0.22084897756576538
v 0.16837114095687866 0.4646576941013336 0.2262835055589676
v 0.16837114095687866 0.4620029926300049 0.22410544753074646
v 0.16837114095687866 0.4621492624282837 0.21616911888122559
v 0.16837114095687866 0.46112218499183655 0.22055383026599884
v 0.16837114095687866 0.46112218499183655 0.22055383026599884
v -0.24513711035251617 0.38079607486724854 0.12538625299930573
v -0.24513711035251617 0.38079607486724854 0.12538625299930573
v -0.25478047132492065 0.3781028091907501 0.11572802811861038
v -0.26841819286346436 0.38020575046539307 0.11474736034870148
v -0.27806156873703003 0.38587310910224915 0.1230187937617302
v -0.2780616283416748 0.39178502559661865 0.13569694757461548
v -0.26841819286346436 0.39447838068008423 0.14535516500473022
v -0.25478047132492065 0.3923754096031189 0.14633581042289734
v -0.24513711035251617 0.38670802116394043 0.138064444065094
v -0.24237947165966034 0.39209800958633423 0.12011609226465225
v -0.24237947165966034 0.39209800958633423 0.12011609226465225
v -0.23754560947418213 0.40215590596199036 0.11542599648237228
v -0.23754560947418213 0.40215590596199036 0.11542599648237228
v -0.2515690326690674 0.3906986713409424 0.10985448211431503
v -0.24593977630138397 0.4022701680660248 0.10445859283208847
v -0.26456505060195923 0.3946315348148346 0.10802050679922104
v -0.2578108608722687 0.408343642950058 0.1016264483332634
v -0.27375465631484985 0.4015929698944092 0.11568855494260788
v -0.2662050127983093 0.4168187081813812 0.10858865827322006
v -0.27375465631484985 0.4075047969818115 0.12836669385433197
v -0.2662050127983093 0.42273059487342834 0.12126682698726654
v -0.26456505060195923 0.40890419483184814 0.13862833380699158
v -0.25781089067459106 0.42261630296707153 0.13223424553871155
v -0.2515690326690674 0.40497127175331116 0.140462264418602
v -0.24593977630138397 0.41654282808303833 0.13506636023521423
v -0.24237947165966034 0.3980099558830261 0.13279426097869873
v -0.23754563927650452 0.40806788206100464 0.12810418009757996
v -0.23068785667419434 0.4109456539154053 0.11132727563381195
v -0.23068785667419434 0.4109456539154053 0.11132727563381195
v -0.22201259434223175 0.41830238699913025 0.10789680480957031
v -0.22201259434223175 0.41830238699913025 0.10789680480957031
v -0.2379535436630249 0.4125063419342041 0.09968539327383041
v -0.22785073518753052 0.4210736155509949 0.09569041430950165
v -0.2482287585735321 0.4206252694129944 0.09589944034814835
v -0.23610708117485046 0.4309045076370239 0.09110616892576218
v -0.2554944157600403 0.43054667115211487 0.10218719393014908
v -0.24194522202014923 0.4420364797115326 0.09682941436767578
v -0.2554944157600403 0.4364585876464844 0.11486534774303436
v -0.24194522202014923 0.4479483366012573 0.10950758308172226
v -0.2482287734746933 0.4348979592323303 0.1265072226524353
v -0.23610709607601166 0.44517719745635986 0.12171394377946854
v -0.2379535734653473 0.4267789423465729 0.13029317557811737
v -0.22785073518753052 0.43534618616104126 0.1262982040643692
v -0.23068790137767792 0.41685760021209717 0.12400545924901962
v -0.22201262414455414 0.424214243888855 0.12057499587535858
v -0.21188029646873474 0.42392033338546753 0.10527710616588593
v -0.21188029646873474 0.42392033338546753 0.10527710616588593
v -0.200413778424263 0.42768844962120056 0.10352002084255219
v -0.200413778424263 0.42768844962120056 0.10352002084255219
v -0.2160511314868927 0.4276159703731537 0.09263965487480164
v -0.20290642976760864 0.4320041239261627 0.09059343487024307
v -0.2219495177268982 0.4387543201446533 0.08744577318429947
v -0.2064315378665924 0.4440194368362427 0.08499062806367874
v -0.22612035274505615 0.4508107006549835 0.09273793548345566
v -0.20892417430877686 0.4566958546638489 0.08999364823102951
v -0.22612033784389496 0.45672258734703064 0.10541608929634094
v -0.20892417430877686 0.4626077711582184 0.1026717945933342
v -0.2219495326280594 0.4530269503593445 0.11805353313684464
v -0.2064315527677536 0.45829203724861145 0.1155984029173851
v -0.2160511314868927 0.44188863039016724 0.12324744462966919
v -0.20290642976760864 0.4462767541408539 0.12120120972394943
v -0.21188029646873474 0.42983222007751465 0.11795531213283539
v -0.200413778424263 0.4336003363132477 0.11619820445775986
v -0.1874983161687851 0.4296901226043701 0.10258661210536957
v -0.1874983161687851 0.4296901226043701 0.10258661210536957
v -0.18870046734809875 0.43433526158332825 0.08950641751289368
v -0.19040051102638245 0.44681641459465027 0.08368638157844543
v -0.19160261750221252 0.45982223749160767 0.08853579312562943
v -0.19160261750221252 0.4657341241836548 0.1012139543890953
v -0.19040051102638245 0.46108901500701904 0.1142941564321518
v -0.18870046734809875 0.448607861995697 0.12011419981718063
v -0.1874983161687851 0.4356020390987396 0.11526479572057724
v -0.24513709545135498 0.39589324593544006 -0.05966406688094139
v -0.25478047132492065 0.40291088819503784 -0.06682563573122025
v -0.26841819286346436 0.4048115909099579 -0.06549476832151413
v -0.27806156873703003 0.40048202872276306 -0.05645092949271202
v -0.2780616283416748 0.39245837926864624 -0.04499197006225586
v -0.26841819286346436 0.3854408264160156 -0.03783038258552551
v -0.25478047132492065 0.3835400640964508 -0.039161309599876404
v -0.24513709545135498 0.38786959648132324 -0.04820508882403374
v -0.24513709545135498 0.38786959648132324 -0.04820508882403374
v -0.24237945675849915 0.4061083197593689 -0.05251139774918556
v -0.23754559457302094 0.4151989817619324 -0.04614602029323578
v -0.2515690326690674 0.414295494556427 -0.058854084461927414
v -0.24593976140022278 0.42475417256355286 -0.05153081938624382
v -0.26456505060195923 0.417850136756897 -0.056365080177783966
v -0.2578108608722687 0.4302436113357544 -0.047687090933322906
v -0.27375465631484985 0.41469013690948486 -0.04650234431028366
v -0.2662050127983093 0.42845168709754944 -0.03686640039086342
v -0.27375465631484985 0.40666648745536804 -0.035043392330408096
v -0.2662050127983093 0.42042800784111023 -0.02540747821331024
v -0.26456505060195923 0.39847931265830994 -0.028700724244117737
v -0.2578108608722687 0.41087278723716736 -0.02002272754907608
v -0.2515690326690674 0.39492467045783997 -0.031189747154712677
v -0.24593976140022278 0.4053833782672882 -0.02386646345257759
v -0.24237945675849915 0.3980846703052521 -0.04105241969227791
v -0.24237945675849915 0.3980846703052521 -0.04105241969227791
v -0.23754562437534332 0.40717536211013794 -0.034687042236328125
v -0.23754562437534332 0.40717536211013794 -0.034687042236328125
v -0.23068785667419434 0.4231434762477875 -0.04058323800563812
v -0.22201259434223175 0.42979270219802856 -0.035927411168813705
v -0.2379535436630249 0.4340059757232666 -0.0450526624917984
v -0.22785073518753052 0.44174933433532715 -0.03963068127632141
v -0.2482287585735321 0.44134414196014404 -0.03991440683603287
v -0.23610708117485046 0.4506349265575409 -0.033408958464860916
v -0.2554943859577179 0.44085952639579773 -0.02817833051085472
v -0.24194522202014923 0.45124438405036926 -0.020906774327158928
v -0.2554943859577179 0.4328358471393585 -0.016719399020075798
v -0.24194522202014923 0.44322073459625244 -0.009447813965380192
v -0.2482287734746933 0.42197340726852417 -0.012250005267560482
v -0.23610709607601166 0.43126416206359863 -0.005744553171098232
v -0.2379535585641861 0.41463515162467957 -0.01738830655813217
v -0.22785073518753052 0.42237845063209534 -0.011966371908783913
v -0.23068788647651672 0.41511982679367065 -0.029124248772859573
v -0.23068788647651672 0.41511982679367065 -0.029124248772859573
v -0.22201262414455414 0.42176902294158936 -0.02446844056248665
v -0.22201262414455414 0.42176902294158936 -0.02446844056248665
v -0.21188029646873474 0.4348703622817993 -0.03237197548151016
v -0.200413778424263 0.4382760524749756 -0.029987268149852753
v -0.2160511314868927 0.4476625919342041 -0.03549018129706383
v -0.20290642976760864 0.451628714799881 -0.03271301090717316
v -0.2219495177268982 0.4577297866344452 -0.028441047295928
v -0.2064315378665924 0.4624885618686676 -0.025108899921178818
v -0.22612035274505615 0.45917484164237976 -0.015353823080658913
v -0.20892417430877686 0.4644940495491028 -0.011629275977611542
v 0.16834720969200134 0.4668024182319641 0.22649002075195312
v -0.16834737360477448 0.46680235862731934 0.22649002075195312
vt 0.40189093351364136 0.8447335362434387
vt 0.4026239514350891 0.8353122472763062
vt 0.4020698666572571 0.8247782588005066
vt 0.4017242193222046 0.44786757230758667
vt 0.40241461992263794 0.45746535062789917
vt 0.4017758369445801 0.468158483505249
vt 0.32378947734832764 0.38339948654174805
vt 0.3226622939109802 0.03797703981399536
vt 0.325228214263916 0.014896750450134277
vt 0.32528477907180786 0.019542336463928223
vt 0.32445430755615234 0.026836752891540527
vt 0.3264390230178833 0.40628135204315186
vt 0.32645922899246216 0.401666522026062
vt 0.3255980610847473 0.3944316506385803
vt 0.40043312311172485 0.4300800561904907
vt 0.3244994282722473 0.011302411556243896
vt 0.4000074863433838 0.4231986999511719
vt 0.40048748254776 0.8621654510498047
vt 0.32575422525405884 0.40985751152038574
vt 0.4000033140182495 0.8689025640487671
vt 0.39331990480422974 0.5459315776824951
vt 0.8344086408615112 0.8863496780395508
vt 0.39153140783309937 0.585375964641571
vt 0.78873610496521 0.685329794883728
vt 0.3921935558319092 0.6284244060516357
vt 0.7657236456871033 0.9622927904129028
vt 0.39242541790008545 0.6674479246139526
vt 0.7239465117454529 0.9867361783981323
vt 0.3915930986404419 0.7110602259635925
vt 0.724582850933075 0.8582608699798584
vt 0.3939726948738098 0.7479537725448608
vt 0.5220212936401367 0.9039610624313354
vt 0.21698841452598572 0.7393884658813477
vt 0.7176336646080017 0.9036200046539307
vt 0.21748673915863037 0.7030819654464722
vt 0.5289428234100342 0.8574575185775757
vt 0.21680381894111633 0.6665886640548706
vt 0.5257694125175476 0.9874682426452637
vt 0.21599477529525757 0.6339483857154846
vt 0.9638817310333252 0.9631305932998657
vt 0.21411192417144775 0.5968710780143738
vt 0.7898117899894714 0.8809636235237122
vt 0.21198061108589172 0.5609005093574524
vt 0.834751307964325 0.6908372044563293
vt 0.20382970571517944 0.486240029335022
vt 0.20272192358970642 0.47915053367614746
vt 0.20111533999443054 0.4733114242553711
vt 0.19796571135520935 0.4626847505569458
vt 0.19638898968696594 0.4579150676727295
vt 0.527306318283081 0.0414656400680542
vt 0.5267782807350159 0.04520362615585327
vt 0.5262041091918945 0.04908168315887451
vt 0.5253973603248596 0.053327739238739014
vt 0.5241295099258423 0.05934786796569824
vt 0.522590160369873 0.36369234323501587
vt 0.5238527655601501 0.3697226047515869
vt 0.524645984172821 0.37397563457489014
vt 0.5252071022987366 0.3778609037399292
vt 0.2073293924331665 0.8407407999038696
vt 0.5257216095924377 0.38160383701324463
vt 0.20852813124656677 0.8359907865524292
vt 0.21088555455207825 0.8254135847091675
vt 0.21207955479621887 0.8196091651916504
vt 0.21273928880691528 0.8126169443130493
vt 0.5254576206207275 0.16400998830795288
vt 0.7501001358032227 0.8905252814292908
vt 0.9730396270751953 0.9234967231750488
vt 0.5241764783859253 0.19105929136276245
vt 0.3256962299346924 0.1498851776123047
vt 0.7581072449684143 0.6834738850593567
vt 0.7642330527305603 0.9304202795028687
vt 0.32516056299209595 0.18851757049560547
vt 0.5233988761901855 0.2287367582321167
vt 0.5166785717010498 0.9478713870048523
vt 0.5195084810256958 0.8972868919372559
vt 0.5233959555625916 0.25583863258361816
vt 0.3265637159347534 0.22600555419921875
vt 0.7254521250724792 0.9548632502555847
vt 0.7264702916145325 0.8888957500457764
vt 0.3279818296432495 0.2718886137008667
vt 0.5263288617134094 0.30177468061447144
vt 0.725627601146698 0.9424480199813843
vt 0.32615989446640015 0.31273114681243896
vt 0.5206069946289062 0.9327555894851685
vt 0.7959363460540771 0.6826194524765015
vt 0.5284260511398315 0.12128704786300659
vt 0.8056529760360718 0.887799084186554
vt 0.32465827465057373 0.10996168851852417
vt 0.0294683575630188 0.21218359470367432
vt 0.02589505910873413 0.2122107744216919
vt 0.020776718854904175 0.2122499942779541
vt 0.016348153352737427 0.2122846245765686
vt 0.012415796518325806 0.21231532096862793
vt 0.7153305411338806 0.6518054604530334
vt 0.7089887857437134 0.6516684889793396
vt 0.7028042078018188 0.6515368223190308
vt 0.6975455284118652 0.6514264941215515
vt 0.6921442747116089 0.6513140797615051
vt 0.39518070220947266 0.6478825807571411
vt 0.7386242151260376 0.9837316870689392
vt 0.7510457038879395 0.9592901468276978
vt 0.5251747965812683 0.241580069065094
vt 0.47304612398147583 0.24352604150772095
vt 0.5652978420257568 0.9503087997436523
vt 0.5685519576072693 0.893954873085022
vt 0.4713878631591797 0.2527424097061157
vt 0.44719696044921875 0.24681520462036133
vt 0.5906993746757507 0.952128529548645
vt 0.5937853455543518 0.892230749130249
vt 0.44479167461395264 0.2549442648887634
vt 0.42586445808410645 0.2475975751876831
vt 0.6146650314331055 0.9531413316726685
vt 0.6173989772796631 0.8916201591491699
vt 0.4243544340133667 0.2528325319290161
vt 0.40566354990005493 0.2470361590385437
vt 0.6392437815666199 0.9538861513137817
vt 0.6414850354194641 0.8913316130638123
vt 0.40513700246810913 0.2523300051689148
vt 0.38651788234710693 0.24735158681869507
vt 0.6646409630775452 0.9542651176452637
vt 0.6663892269134521 0.8913242220878601
vt 0.38647449016571045 0.25330400466918945
vt 0.3656863570213318 0.24470478296279907
vt 0.6897374391555786 0.9546767473220825
vt 0.6910653710365295 0.8910565972328186
vt 0.36632078886032104 0.25747883319854736
vt 0.3248286247253418 0.24825143814086914
vt 0.39280635118484497 0.6889685988426208
vt 0.35940027236938477 0.6986632347106934
vt 0.6918594241142273 0.8579369783401489
vt 0.359295129776001 0.6740736365318298
vt 0.6904220581054688 0.9883972406387329
vt 0.3406113386154175 0.6960332989692688
vt 0.6672055721282959 0.8566188812255859
vt 0.3395591974258423 0.678169846534729
vt 0.66547030210495 0.9894119501113892
vt 0.32209450006484985 0.6963374614715576
vt 0.6419069170951843 0.8556349873542786
vt 0.3208655118942261 0.679155707359314
vt 0.639971911907196 0.9901052713394165
vt 0.3023523688316345 0.6985887885093689
vt 0.617363452911377 0.8553190231323242
vt 0.30180543661117554 0.6784332990646362
vt 0.6152360439300537 0.9902670383453369
vt 0.28201836347579956 0.6969304084777832
vt 0.5935853719711304 0.8559213876724243
vt 0.28216052055358887 0.6759995222091675
vt 0.5914137363433838 0.9895188212394714
vt 0.25932520627975464 0.6972237825393677
vt 0.5685458779335022 0.8569962382316589
vt 0.25926005840301514 0.6708307266235352
vt 0.5664037466049194 0.9883793592453003
vt 0.21745100617408752 0.6847463846206665
vt 0.029873132705688477 0.6947370767593384
vt 0.026448369026184082 0.6946583986282349
vt 0.02316594123840332 0.6949316263198853
vt 0.018160372972488403 0.6959043741226196
vt 0.014225393533706665 0.6974012851715088
vt 0.7089665532112122 0.24985378980636597
vt 0.7053515911102295 0.2508448362350464
vt 0.7020878195762634 0.25118696689605713
vt 0.6979297399520874 0.2509443163871765
vt 0.6949142813682556 0.2502020001411438
vt 0.029880523681640625 0.251034140586853
vt 0.02622157335281372 0.2514362335205078
vt 0.021130502223968506 0.25209468603134155
vt 0.016840994358062744 0.25265854597091675
vt 0.013023316860198975 0.25305163860321045
vt 0.7142338156700134 0.692419171333313
vt 0.708014190196991 0.6920645236968994
vt 0.7020004391670227 0.6916756629943848
vt 0.6966522932052612 0.6915333271026611
vt 0.691400945186615 0.6918768882751465
vt 0.3953534960746765 0.7295243740081787
vt 0.5068961977958679 0.9058895111083984
vt 0.7395097017288208 0.8605375289916992
vt 0.5251595377922058 0.3175644278526306
vt 0.47965431213378906 0.3198332190513611
vt 0.6774835586547852 0.9394198656082153
vt 0.4557086229324341 0.3275262713432312
vt 0.6526111364364624 0.9375435709953308
vt 0.433837890625 0.3318876028060913
vt 0.6289851069450378 0.9366790652275085
vt 0.41115444898605347 0.33357763290405273
vt 0.6045921444892883 0.936038613319397
vt 0.387107789516449 0.33146798610687256
vt 0.5798162221908569 0.9358624219894409
vt 0.3628438711166382 0.3302803635597229
vt 0.5558982491493225 0.935745358467102
vt 0.325197696685791 0.3311998248100281
vt 0.39633476734161377 0.7661231756210327
vt 0.3612494468688965 0.7564660906791687
vt 0.5551384687423706 0.9038988351821899
vt 0.34006553888320923 0.7621989250183105
vt 0.579349160194397 0.9029955863952637
vt 0.31959444284439087 0.7632784843444824
vt 0.604229748249054 0.9020183086395264
vt 0.29940909147262573 0.7609291672706604
vt 0.6287230253219604 0.9011427760124207
vt 0.27925699949264526 0.7564191818237305
vt 0.652518093585968 0.9014428853988647
vt 0.2565354108810425 0.7522755265235901
vt 0.6773552894592285 0.902631938457489
vt 0.21599817276000977 0.7558358311653137
vt 0.6414250135421753 0.8201661109924316
vt 0.6378811001777649 0.8112071752548218
vt 0.07833385467529297 0.3778494596481323
vt 0.6433172225952148 0.8262775540351868
vt 0.07987621426582336 0.3737803101539612
vt 0.08194512128829956 0.36936962604522705
vt 0.08412402868270874 0.3635323643684387
vt 0.08535173535346985 0.3582277297973633
vt 0.08331474661827087 0.06533604860305786
vt 0.08201992511749268 0.06004750728607178
vt 0.07976466417312622 0.05423855781555176
vt 0.07763653993606567 0.04985463619232178
vt 0.07603907585144043 0.04580497741699219
vt 0.6489839553833008 0.4741014838218689
vt 0.6468249559402466 0.48013603687286377
vt 0.6428791880607605 0.4889845848083496
vt 0.6392972469329834 0.49704062938690186
vt 0.6344212889671326 0.510485827922821
vt 0.6303213238716125 0.7894808053970337
vt 0.6346502304077148 0.8030523061752319
vt 0.520378053188324 0.8362996578216553
vt 0.5191390514373779 0.8270320892333984
vt 0.200778067111969 0.3911932706832886
vt 0.5216150283813477 0.8433820009231567
vt 0.20101895928382874 0.3874382972717285
vt 0.20118448138237 0.3830554485321045
vt 0.2016129493713379 0.3769732713699341
vt 0.20201873779296875 0.37186622619628906
vt 0.20000851154327393 0.05021578073501587
vt 0.19954946637153625 0.0451122522354126
vt 0.19905507564544678 0.03903305530548096
vt 0.1988411545753479 0.03465008735656738
vt 0.1985565721988678 0.030894875526428223
vt 0.5257737636566162 0.4523504972457886
vt 0.5242621898651123 0.4594593048095703
vt 0.5226962566375732 0.4687598943710327
vt 0.521549642086029 0.47753363847732544
vt 0.5201489329338074 0.4915993809700012
vt 0.517292320728302 0.8043105006217957
vt 0.5182778835296631 0.81829833984375
vt 0.21374917030334473 0.7213146090507507
vt 0.5151236057281494 0.8580604791641235
vt 0.7321048974990845 0.904670000076294
vt 0.2125694453716278 0.6504729986190796
vt 0.5125738978385925 0.985151469707489
vt 0.9770748615264893 0.9607709646224976
vt 0.20920896530151367 0.579354465007782
vt 0.7893038988113403 0.8947849273681641
vt 0.8336929082870483 0.6763932704925537
vt 0.5322157144546509 0.1435508131980896
vt 0.7610368132591248 0.9073156118392944
vt 0.8045676946640015 0.6632205247879028
vt 0.5290446877479553 0.21000295877456665
vt 0.5005537271499634 0.9567551612854004
vt 0.989134669303894 0.9324232935905457
vt 0.502741277217865 0.8864372968673706
vt 0.7450674772262573 0.9340286254882812
vt 0.5299348831176758 0.27979034185409546
vt 0.5270566940307617 0.10540175437927246
vt 0.7987323999404907 0.7308915257453918
vt 0.48183536529541016 0.10287129878997803
vt 0.800619900226593 0.7558080554008484
vt 0.45599931478500366 0.0980675220489502
vt 0.8015201091766357 0.7794451713562012
vt 0.4332435727119446 0.09139460325241089
vt 0.8021988868713379 0.8038409352302551
vt 0.41029661893844604 0.08768439292907715
vt 0.8024168014526367 0.8286020159721375
vt 0.3866409659385681 0.08744823932647705
vt 0.8025811910629272 0.852515697479248
vt 0.36250782012939453 0.09207922220230103
vt 0.32398295402526855 0.09096497297286987
vt 0.7611225843429565 0.6700584888458252
vt 0.8072201013565063 0.9010990262031555
vt 0.3215223550796509 0.1302853226661682
vt 0.7386373281478882 0.9563940763473511
vt 0.7510586977005005 0.9319524765014648
vt 0.321918249130249 0.20737069845199585
vt 0.3236435651779175 0.2930975556373596
vt 0.5072853565216064 0.9311663508415222
vt 0.7398988604545593 0.8858144283294678
vt 0.27671176195144653 0.8304272890090942
vt 0.2759965658187866 0.8367136716842651
vt 0.27684861421585083 0.8233146667480469
vt 0.690479576587677 0.5464755892753601
vt 0.6944176554679871 0.5432133674621582
vt 0.7001715302467346 0.5412558913230896
vt 0.690948486328125 0.7593234777450562
vt 0.6966071128845215 0.7615184783935547
vt 0.6871351599693298 0.7559049129486084
vt 0.2517317831516266 0.8327682018280029
vt 0.25272059440612793 0.8265926837921143
vt 0.25298354029655457 0.8195126056671143
vt 0.3002490997314453 0.826199471950531
vt 0.30035459995269775 0.8333384990692139
vt 0.3001822829246521 0.8401186466217041
vt 0.24570435285568237 0.47662287950515747
vt 0.24511972069740295 0.4694044589996338
vt 0.24380263686180115 0.46313971281051636
vt 0.27069830894470215 0.4716510772705078
vt 0.27031373977661133 0.46438026428222656
vt 0.26935112476348877 0.457965612411499
vt 0.3247411847114563 0.8282545208930969
vt 0.3253045678138733 0.8357740044593811
vt 0.32552486658096313 0.8433781862258911
vt 0.2952348589897156 0.4680336117744446
vt 0.29517364501953125 0.4606853723526001
vt 0.2948424816131592 0.4537097215652466
vt 0.34841006994247437 0.82921302318573
vt 0.34921127557754517 0.837315559387207
vt 0.3493131399154663 0.8458945155143738
vt 0.3208717703819275 0.46541452407836914
vt 0.3213574290275574 0.4576318860054016
vt 0.32150471210479736 0.44977670907974243
vt 0.37019288539886475 0.8285356760025024
vt 0.37085092067718506 0.8371325731277466
vt 0.37059080600738525 0.8463506698608398
vt 0.3455946445465088 0.4639403820037842
vt 0.3464188575744629 0.4555904269218445
vt 0.3465142250061035 0.4467617869377136
vt 0.3684929609298706 0.46426641941070557
vt 0.3691609501838684 0.45549583435058594
vt 0.368904709815979 0.4460771083831787
vt 0.6587056517601013 0.5150534510612488
vt 0.6631555557250977 0.5046604871749878
vt 0.6672236323356628 0.49820172786712646
vt 0.6739950180053711 0.5218639373779297
vt 0.677525520324707 0.5142756104469299
vt 0.6819881200790405 0.5090460777282715
vt 0.6844921112060547 0.5331064462661743
vt 0.6880928874015808 0.5277528166770935
vt 0.6934041380882263 0.5240824222564697
vt 0.6892598867416382 0.7783600091934204
vt 0.6841211318969727 0.7744724750518799
vt 0.6807347536087036 0.7689815759658813
vt 0.6773609519004822 0.7928639650344849
vt 0.6731399893760681 0.7874609231948853
vt 0.6699267625808716 0.7797467708587646
vt 0.6623111963272095 0.8030438423156738
vt 0.6585361361503601 0.7964401245117188
vt 0.6545239686965942 0.7859032154083252
vt 0.4834442734718323 0.05092287063598633
vt 0.4823608994483948 0.3721703886985779
vt 0.45771610736846924 0.377372145652771
vt 0.4324188232421875 0.38130319118499756
vt 0.4061875343322754 0.3836851716041565
vt 0.3811153769493103 0.38467609882354736
vt 0.3580237030982971 0.3845580816268921
vt 0.06161263585090637 0.3518691062927246
vt 0.047840774059295654 0.34397417306900024
vt 0.038918137550354004 0.332923948764801
vt 0.03387165069580078 0.3183678388595581
vt 0.03235486149787903 0.10591673851013184
vt 0.037202537059783936 0.09128618240356445
vt 0.04597693681716919 0.08010756969451904
vt 0.05964702367782593 0.07201898097991943
vt 0.35740983486175537 0.03658163547515869
vt 0.38087791204452515 0.03625476360321045
vt 0.40658003091812134 0.037600040435791016
vt 0.43322330713272095 0.040873587131500244
vt 0.4587208032608032 0.045610904693603516
vt 0.45943063497543335 0.03912287950515747
vt 0.43334710597991943 0.03361886739730835
vt 0.406130850315094 0.0289994478225708
vt 0.3806304931640625 0.025919198989868164
vt 0.3580004572868347 0.024840712547302246
vt 0.48447906970977783 0.04457348585128784
vt 0.059272438287734985 0.35729265213012695
vt 0.044145017862319946 0.3488155007362366
vt 0.034154027700424194 0.3363642692565918
vt 0.028872191905975342 0.3204224109649658
vt 0.4833219051361084 0.3785097002983093
vt 0.45831990242004395 0.3837764859199524
vt 0.4324077367782593 0.38846683502197266
vt 0.40564852952957153 0.39222240447998047
vt 0.38078194856643677 0.3949640989303589
vt 0.35860544443130493 0.3961622714996338
vt 0.02732589840888977 0.10393416881561279
vt 0.03238987922668457 0.0879138708114624
vt 0.042214393615722656 0.07531845569610596
vt 0.057234108448028564 0.0666278600692749
vt 0.45995163917541504 0.0346064567565918
vt 0.4604700207710266 0.030635833740234375
vt 0.4334565997123718 0.02866649627685547
vt 0.4337958097457886 0.024604737758636475
vt 0.4839479327201843 0.3829219937324524
vt 0.484443724155426 0.3868396282196045
vt 0.4587552547454834 0.38824915885925293
vt 0.45918792486190796 0.39219188690185547
vt 0.40579044818878174 0.023183822631835938
vt 0.4058378338813782 0.018902063369750977
vt 0.43241453170776367 0.39336180686950684
vt 0.4326576590538025 0.3973860740661621
vt 0.38034486770629883 0.019118428230285645
vt 0.3802923560142517 0.014598309993743896
vt 0.40523970127105713 0.3979775309562683
vt 0.40522706508636475 0.4022141695022583
vt 0.35815268754959106 0.01736438274383545
vt 0.35815173387527466 0.012735128402709961
vt 0.3804628849029541 0.401708722114563
vt 0.3803938031196594 0.40618443489074707
vt 0.3587720990180969 0.40355902910232544
vt 0.35878872871398926 0.408139705657959
vt 0.4851580262184143 0.04015326499938965
vt 0.4857005476951599 0.03623044490814209
vt 0.022679030895233154 0.10175323486328125
vt 0.019201844930648804 0.10027861595153809
vt 0.02830144762992859 0.08504492044448853
vt 0.025308430194854736 0.08284616470336914
vt 0.03892973065376282 0.07131242752075195
vt 0.036521077156066895 0.06815111637115479
vt 0.05436936020851135 0.061656832695007324
vt 0.051974982023239136 0.057810187339782715
vt 0.056475818157196045 0.36230218410491943
vt 0.05413481593132019 0.3661811351776123
vt 0.04091647267341614 0.35286688804626465
vt 0.038552165031433105 0.35606110095977783
vt 0.030107080936431885 0.3392906188964844
vt 0.027144640684127808 0.3415314555168152
vt 0.02425709366798401 0.3226699233055115
vt 0.020800620317459106 0.32419389486312866
vt 0.24952208995819092 0.8439842462539673
vt 0.24095419049263 0.45176100730895996
vt 0.2742612957954407 0.8481851816177368
vt 0.26714450120925903 0.44625532627105713
vt 0.29945552349090576 0.8527402281761169
vt 0.29382938146591187 0.4407331347465515
vt 0.32525283098220825 0.8577945232391357
vt 0.32110345363616943 0.4349144697189331
vt 0.34868091344833374 0.862356960773468
vt 0.345866322517395 0.42983365058898926
vt 0.3693581223487854 0.8643064498901367
vt 0.36771392822265625 0.4276958107948303
vt 0.708579421043396 0.5390943884849548
vt 0.7015713453292847 0.5196950435638428
vt 0.673256516456604 0.4903581142425537
vt 0.6893272399902344 0.5026350021362305
vt 0.7048954963684082 0.764036238193512
vt 0.697199285030365 0.7830959558486938
vt 0.667962908744812 0.8111132383346558
vt 0.6843787431716919 0.7995747327804565
vt 0.2659805417060852 0.44115257263183594
vt 0.46108299493789673 0.02688312530517578
vt 0.2931574583053589 0.43520665168762207
vt 0.4344658851623535 0.0208740234375
vt 0.24840226769447327 0.8489446640014648
vt 0.4849548935890198 0.3905816078186035
vt 0.273313045501709 0.8531831502914429
vt 0.4597095251083374 0.39592719078063965
vt 0.3207480311393738 0.4288419485092163
vt 0.4064136743545532 0.015212178230285645
vt 0.29890674352645874 0.8581219911575317
vt 0.43322479724884033 0.4010939598083496
vt 0.3455278277397156 0.4231870174407959
vt 0.38064074516296387 0.0109328031539917
vt 0.3249458074569702 0.8636934757232666
vt 0.4057348966598511 0.4058725833892822
vt 0.35824984312057495 0.009060800075531006
vt 0.36737966537475586 0.4205741882324219
vt 0.3483406901359558 0.8688194155693054
vt 0.3807240128517151 0.4098113775253296
vt 0.35890376567840576 0.41177457571029663
vt 0.36898326873779297 0.8712488412857056
vt 0.23952674865722656 0.4467392563819885
vt 0.48625779151916504 0.03248286247253418
vt 0.0155659019947052 0.09892749786376953
vt 0.7143313884735107 0.5383486151695251
vt 0.022034287452697754 0.08047127723693848
vt 0.7073838114738464 0.5172006487846375
vt 0.03400304913520813 0.06465280055999756
vt 0.6946083307266235 0.4988594651222229
vt 0.049923986196517944 0.053797245025634766
vt 0.6771384477615356 0.48536062240600586
vt 0.05213963985443115 0.37022149562835693
vt 0.6715912818908691 0.8162596821784973
vt 0.03608313202857971 0.3595941662788391
vt 0.6894527077674866 0.8035752773284912
vt 0.023904502391815186 0.3439521789550781
vt 0.7028710842132568 0.7858473658561707
vt 0.017184346914291382 0.32559728622436523
vt 0.7105907797813416 0.765032172203064
vt 0.3960198163986206 0.5274226069450378
vt 0.3608211278915405 0.5349365472793579
vt 0.8344306945800781 0.853188157081604
vt 0.3387383222579956 0.5348453521728516
vt 0.8352739810943604 0.8290119171142578
vt 0.3164680004119873 0.5328735113143921
vt 0.8362094163894653 0.8041533827781677
vt 0.29537439346313477 0.5345625281333923
vt 0.8370518088340759 0.7796772718429565
vt 0.27477896213531494 0.5383936762809753
vt 0.8367589116096497 0.755923867225647
vt 0.2522791624069214 0.5443775057792664
vt 0.8356444239616394 0.731100857257843
vt 0.21036407351493835 0.5438962578773499
vt 0.026746422052383423 0.6216340065002441
vt 0.023328542709350586 0.6220782995223999
vt 0.020023614168167114 0.6221601963043213
vt 0.014932751655578613 0.6217318773269653
vt 0.010865360498428345 0.6206670999526978
vt 0.7093784213066101 0.17419815063476562
vt 0.7057809233665466 0.17318135499954224
vt 0.7025278210639954 0.1728144884109497
vt 0.6983769536018372 0.17302364110946655
vt 0.6953597664833069 0.17373967170715332
vt 0.029296696186065674 0.17332208156585693
vt 0.025633037090301514 0.1729750633239746
vt 0.02053317427635193 0.17239290475845337
vt 0.016233474016189575 0.17189490795135498
vt 0.01241004467010498 0.17155766487121582
vt 0.7155212759971619 0.6111484169960022
vt 0.7092825770378113 0.6112346649169922
vt 0.7032498121261597 0.6113690733909607
vt 0.6978904008865356 0.6112869381904602
vt 0.6926429271697998 0.610725462436676
vt 0.39465123414993286 0.5648319721221924
vt 0.7864245176315308 0.6704132556915283
vt 0.8325220346450806 0.9014538526535034
vt 0.5267677307128906 0.17801755666732788
vt 0.4771849513053894 0.16708290576934814
vt 0.7533106803894043 0.8414359092712402
vt 0.924382209777832 0.9258683323860168
vt 0.4782754182815552 0.17507469654083252
vt 0.4550301432609558 0.165199875831604
vt 0.7549417614936829 0.8161667585372925
vt 0.898977518081665 0.9277098178863525
vt 0.45618999004364014 0.17095601558685303
vt 0.434950590133667 0.16178101301193237
vt 0.7555029392242432 0.7925519943237305
vt 0.8750120997428894 0.9287270307540894
vt 0.4359590411186218 0.16923385858535767
vt 0.411673367023468 0.15610551834106445
vt 0.7557637095451355 0.7684684991836548
vt 0.8504369258880615 0.9294615983963013
vt 0.412492573261261 0.167344331741333
vt 0.38736027479171753 0.16143041849136353
vt 0.7557395696640015 0.7435880899429321
vt 0.8250414133071899 0.9298359155654907
vt 0.3884424567222595 0.1694616675376892
vt 0.36411434412002563 0.1625971794128418
vt 0.755966305732727 0.7189159393310547
vt 0.7999488115310669 0.930246114730835
vt 0.3641664981842041 0.17582470178604126
vt 0.3231833577156067 0.16968023777008057
vt 0.3926306962966919 0.6073164939880371
vt 0.3580314517021179 0.620743989944458
vt 0.7992545366287231 0.9639710187911987
vt 0.3582690954208374 0.593956708908081
vt 0.7890901565551758 0.7181028723716736
vt 0.33751821517944336 0.6161614060401917
vt 0.8242066502571106 0.9649888277053833
vt 0.3382800817489624 0.597639799118042
vt 0.7904215455055237 0.7427241802215576
vt 0.3183457851409912 0.6148001551628113
vt 0.8497059345245361 0.9656832218170166
vt 0.3193279504776001 0.5979377627372742
vt 0.7914417386054993 0.767996072769165
vt 0.2992943525314331 0.614849328994751
vt 0.8744386434555054 0.9658499956130981
vt 0.30026495456695557 0.5962655544281006
vt 0.7917869091033936 0.7925281524658203
vt 0.2800818681716919 0.6165463328361511
vt 0.898250162601471 0.965114176273346
vt 0.2800213694572449 0.5927811861038208
vt 0.7912275791168213 0.8162878751754761
vt 0.2575134038925171 0.6207736134529114
vt 0.9232405424118042 0.9640061855316162
vt 0.256069540977478 0.5963525176048279
vt 0.790197491645813 0.8413639664649963
vt 0.2153480052947998 0.6152956485748291
vt 0.028102457523345947 0.6582220196723938
vt 0.024642229080200195 0.6584060788154602
vt 0.021286815404891968 0.6585842967033386
vt 0.016075104475021362 0.6588635444641113
vt 0.012242376804351807 0.6590708494186401
vt 0.708838164806366 0.21200430393218994
vt 0.705303966999054 0.21199357509613037
vt 0.7020231485366821 0.21198296546936035
vt 0.6977839469909668 0.2119678258895874
vt 0.6949014663696289 0.21195697784423828
vt 0.3624874949455261 0.5225507020950317
vt 0.3400841951370239 0.5221611261367798
vt 0.31751424074172974 0.5216769576072693
vt 0.2951444983482361 0.5233922004699707
vt 0.2733762860298157 0.5271376371383667
vt 0.25018101930618286 0.532723605632782
vt 0.0779324471950531 0.16583263874053955
vt 0.06316712498664856 0.16791367530822754
vt 0.04714393615722656 0.16976916790008545
vt 0.03577691316604614 0.1714339256286621
vt 0.6819772124290466 0.6082902550697327
vt 0.6722732782363892 0.6060194969177246
vt 0.6589062213897705 0.6035472750663757
vt 0.6425185203552246 0.6008861660957336
vt 0.47782671451568604 0.1710348129272461
vt 0.45562291145324707 0.1680508852005005
vt 0.43531739711761475 0.16551923751831055
vt 0.412079393863678 0.16183245182037354
vt 0.38790279626846313 0.1654321551322937
vt 0.3640281558036804 0.1691296100616455
vt 0.3594523072242737 0.6075679063796997
vt 0.33855384588241577 0.606926679611206
vt 0.318745493888855 0.6062548160552979
vt 0.29928869009017944 0.6053441762924194
vt 0.2797103524208069 0.6047343015670776
vt 0.25686806440353394 0.6082634925842285
vt 0.07937142252922058 0.21180665493011475
vt 0.06433844566345215 0.21191918849945068
vt 0.04792305827140808 0.21204322576522827
vt 0.03615677356719971 0.21213221549987793
vt 0.6809889078140259 0.6510849595069885
vt 0.670864462852478 0.6508811712265015
vt 0.6570587754249573 0.6506092548370361
vt 0.6404401063919067 0.6502923369407654
vt 0.472260057926178 0.24816453456878662
vt 0.4461413621902466 0.25092148780822754
vt 0.42518627643585205 0.2502361536026001
vt 0.4054502248764038 0.24968338012695312
vt 0.38636672496795654 0.2503182291984558
vt 0.36570537090301514 0.2510104775428772
vt 0.36071062088012695 0.6863967776298523
vt 0.34056949615478516 0.6870814561843872
vt 0.3211424946784973 0.687919020652771
vt 0.3017495274543762 0.6884846687316895
vt 0.28185343742370605 0.6867003440856934
vt 0.25918179750442505 0.684515655040741
vt 0.07862472534179688 0.25779736042022705
vt 0.06382852792739868 0.25593507289886475
vt 0.0477791428565979 0.25431859493255615
vt 0.03638759255409241 0.2528245449066162
vt 0.6806888580322266 0.6938721537590027
vt 0.6709471940994263 0.6957445740699768
vt 0.6575559973716736 0.6976796388626099
vt 0.641160249710083 0.6996994018554688
vt 0.47978103160858154 0.3281504511833191
vt 0.45617395639419556 0.3350358009338379
vt 0.4336259365081787 0.3392796516418457
vt 0.4101424813270569 0.3409736752510071
vt 0.3859943747520447 0.3397310972213745
vt 0.36218976974487305 0.33886319398880005
vt 0.36353886127471924 0.7702503204345703
vt 0.34220337867736816 0.7732995748519897
vt 0.32048696279525757 0.7740240693092346
vt 0.2989991307258606 0.7719520330429077
vt 0.27795642614364624 0.7680748701095581
vt 0.2551872134208679 0.7639346718788147
vt 0.10134077072143555 0.26092851161956787
vt 0.10219156742095947 0.2116352915763855
vt 0.1005917489528656 0.16236543655395508
vt 0.6196146607398987 0.5971154570579529
vt 0.6173123717308044 0.6498729586601257
vt 0.6182588338851929 0.7026203870773315
vt 0.20507416129112244 0.2721185088157654
vt 0.20534265041351318 0.21079564094543457
vt 0.20417818427085876 0.14971709251403809
vt 0.515155017375946 0.5848135948181152
vt 0.5134907960891724 0.6483208537101746
vt 0.5142318606376648 0.7116773724555969
vt 0.48143601417541504 0.0947490930557251
vt 0.45649296045303345 0.08983147144317627
vt 0.43353718519210815 0.0838162899017334
vt 0.40980732440948486 0.08026349544525146
vt 0.38547587394714355 0.07990896701812744
vt 0.36154264211654663 0.08298599720001221
vt 0.4317657947540283 0.7221980094909668
vt 0.38530945777893066 0.7084577083587646
vt 0.71987384557724 0.8588935136795044
vt 0.38711315393447876 0.6889002919197083
vt 0.3695266842842102 0.7012521028518677
vt 0.7038404941558838 0.8588594198226929
vt 0.3707846403121948 0.6866384148597717
vt 0.36999523639678955 0.6705397367477417
vt 0.7026361227035522 0.9874527454376221
vt 0.38656651973724365 0.6709983944892883
vt 0.7190284132957458 0.9866566061973572
vt 0.2250272035598755 0.6997842788696289
vt 0.534220814704895 0.8580257892608643
vt 0.2248048484325409 0.6847936511039734
vt 0.22438278794288635 0.6697622537612915
vt 0.5318336486816406 0.987202525138855
vt 0.6734285950660706 0.24701058864593506
vt 0.6671858429908752 0.24874716997146606
vt 0.6592113971710205 0.2514011859893799
vt 0.6486655473709106 0.2544558048248291
vt 0.6351666450500488 0.2575339674949646
vt 0.28715747594833374 0.2833106517791748
vt 0.3953534960746765 0.7384063601493835
vt 0.5144185423851013 0.9055169224739075
vt 0.39420247077941895 0.7206718921661377
vt 0.7319664359092712 0.8601412773132324
vt 0.08530542254447937 0.7090991139411926
vt 0.06795215606689453 0.7075513601303101
vt 0.05366939306259155 0.7051724195480347
vt 0.04297524690628052 0.7016422748565674
vt 0.03622567653656006 0.6974949240684509
vt 0.5196477770805359 0.30863046646118164
vt 0.7175701856613159 0.9433575868606567
vt 0.34986770153045654 0.33725035190582275
vt 0.349967360496521 0.3274849057197571
vt 0.5436516404151917 0.9349209070205688
vt 0.3310878872871399 0.31921136379241943
vt 0.5262160301208496 0.9334977865219116
vt 0.43602943420410156 0.8182034492492676
vt 0.37442177534103394 0.7693417072296143
vt 0.37234383821487427 0.7559719681739807
vt 0.5431617498397827 0.9047569036483765
vt 0.3883599638938904 0.7523857355117798
vt 0.5270524621009827 0.9048743844032288
vt 0.22403579950332642 0.7439783811569214
vt 0.7116036415100098 0.904067873954773
vt 0.13952606916427612 0.7135976552963257
vt 0.13914325833320618 0.6529844999313354
vt 0.13519075512886047 0.5923652052879333
vt 0.12027227878570557 0.5063894987106323
vt 0.1175069808959961 0.49901866912841797
vt 0.11576291918754578 0.49401652812957764
vt 0.11285397410392761 0.48519039154052734
vt 0.111427903175354 0.48102766275405884
vt 0.6092253923416138 0.05624890327453613
vt 0.6086269021034241 0.05994361639022827
vt 0.6080238223075867 0.0637582540512085
vt 0.6073656678199768 0.0675625205039978
vt 0.6063831448554993 0.07252812385559082
vt 0.5913971066474915 0.15735924243927002
vt 0.5884392857551575 0.2112436294555664
vt 0.5902901887893677 0.2654470205307007
vt 0.6046340465545654 0.35076820850372314
vt 0.6055919528007507 0.3557542562484741
vt 0.6062306761741638 0.3595735430717468
vt 0.6068109273910522 0.36340057849884033
vt 0.12504062056541443 0.8251643180847168
vt 0.6073876023292542 0.36710917949676514
vt 0.12603068351745605 0.8209458589553833
vt 0.12804874777793884 0.8119989037513733
vt 0.12929725646972656 0.8069183826446533
vt 0.13134440779685974 0.7994092702865601
vt 0.17783868312835693 0.806525468826294
vt 0.21457040309906006 0.7124202251434326
vt 0.5221278667449951 0.8583469390869141
vt 0.21466994285583496 0.7303898334503174
vt 0.7249184846878052 0.9046266078948975
vt 0.18329697847366333 0.7178534865379333
vt 0.21312281489372253 0.6426181793212891
vt 0.9706041216850281 0.9614027142524719
vt 0.21351411938667297 0.6581932902336121
vt 0.5190432071685791 0.9857627153396606
vt 0.1825006604194641 0.6513583660125732
vt 0.17892751097679138 0.5847594141960144
vt 0.20958226919174194 0.5705336332321167
vt 0.833742618560791 0.6835748553276062
vt 0.21055898070335388 0.5879436731338501
vt 0.7889752984046936 0.887782096862793
vt 0.16783437132835388 0.4950997829437256
vt 0.16623729467391968 0.4879962205886841
vt 0.16465440392494202 0.4824666976928711
vt 0.16168299317359924 0.4724828004837036
vt 0.16022199392318726 0.467903733253479
vt 0.5620222687721252 0.04858297109603882
vt 0.5614732503890991 0.052309513092041016
vt 0.5609124302864075 0.056156277656555176
vt 0.5602354407310486 0.060227155685424805
vt 0.5592238306999207 0.06587827205657959
vt 0.5301528573036194 0.15461528301239014
vt 0.7546236515045166 0.8988841772079468
vt 0.7994523048400879 0.6729519367218018
vt 0.531691312789917 0.13205116987228394
vt 0.5567424297332764 0.15007460117340088
vt 0.5275256633758545 0.21987754106521606
vt 0.5084633827209473 0.9514973163604736
vt 0.9812451601028442 0.9271439909934998
vt 0.5279582738876343 0.2000596523284912
vt 0.554080605506897 0.21068072319030762
vt 0.5551294684410095 0.27244478464126587
vt 0.5295222401618958 0.29111313819885254
vt 0.7353026866912842 0.93903648853302
vt 0.5111533403396606 0.892806351184845
vt 0.5279725193977356 0.2668430805206299
vt 0.5575059652328491 0.3571992516517639
vt 0.5585081577301025 0.36286431550979614
vt 0.5591745972633362 0.3669484257698059
vt 0.5597236752510071 0.3708057403564453
vt 0.17256459593772888 0.8337467908859253
vt 0.5602598786354065 0.3745436668395996
vt 0.173600971698761 0.8291511535644531
vt 0.17569178342819214 0.819144606590271
vt 0.17680639028549194 0.8136037588119507
vt 0.6734683513641357 0.21186065673828125
vt 0.6670010089874268 0.21182739734649658
vt 0.9643857479095459 0.957710862159729
vt 0.5131785273551941 0.9812971353530884
vt 0.9764660596847534 0.9569175243377686
vt 0.9656721353530884 0.9478768110275269
vt 0.5133259296417236 0.9735257029533386
vt 0.9763044118881226 0.9491525888442993
vt 0.5239561200141907 0.9722371101379395
vt 0.5252554416656494 0.982062816619873
vt 0.5658811926841736 0.9831469058990479
vt 0.5649048686027527 0.9737754464149475
vt 0.5911375284194946 0.9841558933258057
vt 0.5905059576034546 0.9749530553817749
vt 0.6150617599487305 0.9848960041999817
vt 0.6147093176841736 0.9758809804916382
vt 0.639777660369873 0.9848161935806274
vt 0.6394611597061157 0.9761604070663452
vt 0.6652083396911621 0.984241247177124
vt 0.6648054718971252 0.97596275806427
vt 0.6900412440299988 0.9834497570991516
vt 0.6893232464790344 0.9757723808288574
vt 0.7242695093154907 0.9748860597610474
vt 0.7245743274688721 0.9819371104240417
vt 0.7829141616821289 0.6701691746711731
vt 0.8290115594863892 0.901209831237793
vt 0.8298736214637756 0.886780858039856
vt 0.7839609384536743 0.6845014691352844
vt 0.7770236730575562 0.684747576713562
vt 0.7769545316696167 0.6698868274688721
vt 0.823052167892456 0.9009273052215576
vt 0.823235034942627 0.8861510753631592
vt 0.8302613496780396 0.8526402115821838
vt 0.8233381509780884 0.8518036007881165
vt 0.8309879302978516 0.8285553455352783
vt 0.8236265182495117 0.8280755281448364
vt 0.8318154215812683 0.8037676811218262
vt 0.8239688873291016 0.8034355044364929
vt 0.832486629486084 0.7794034481048584
vt 0.8239607810974121 0.7791545391082764
vt 0.8321250677108765 0.7557411193847656
vt 0.823229193687439 0.7553818821907043
vt 0.8310743570327759 0.730797290802002
vt 0.8219572901725769 0.7301455736160278
vt 0.8297284841537476 0.6901798248291016
vt 0.8200016021728516 0.6886417865753174
vt 0.7854709029197693 0.8947449922561646
vt 0.8297829627990723 0.6765958070755005
vt 0.7847929000854492 0.8817524909973145
vt 0.7777004241943359 0.8952465057373047
vt 0.8219284415245056 0.6757808923721313
vt 0.7750447392463684 0.8832414150238037
vt 0.7853531837463379 0.8415487408638
vt 0.7762840986251831 0.8422733545303345
vt 0.7862347960472107 0.8163239359855652
vt 0.7773129343986511 0.8167648911476135
vt 0.7867326140403748 0.7925199866294861
vt 0.777925968170166 0.7927249670028687
vt 0.7863863706588745 0.7680114507675171
vt 0.7778793573379517 0.7681862115859985
vt 0.7854217886924744 0.7428802251815796
vt 0.7773425579071045 0.7431967258453369
vt 0.7843092679977417 0.7184871435165405
vt 0.776913046836853 0.7191861867904663
vt 0.5281684398651123 0.8625214099884033
vt 0.5151722431182861 0.8619022965431213
vt 0.7319000959396362 0.9085924625396729
vt 0.5267244577407837 0.8722935914993286
vt 0.514704704284668 0.8697172403335571
vt 0.7327134013175964 0.9165049195289612
vt 0.7198143005371094 0.9183876514434814
vt 0.7182900905609131 0.9086575508117676
vt 0.6776596903800964 0.9071911573410034
vt 0.6783183217048645 0.9163048267364502
vt 0.6526944637298584 0.9060771465301514
vt 0.6530414819717407 0.914971113204956
vt 0.6290010213851929 0.9057126045227051
vt 0.6292542815208435 0.914240837097168
vt 0.6046220064163208 0.9064122438430786
vt 0.6049652099609375 0.9142614603042603
vt 0.5798123478889465 0.9072787761688232
vt 0.5803033113479614 0.914644718170166
vt 0.5556952357292175 0.9080716371536255
vt 0.5565454363822937 0.9149942398071289
vt 0.5222300291061401 0.9151631593704224
vt 0.5215991735458374 0.9085184931755066
vt 0.9237411618232727 0.9587646722793579
vt 0.9246727228164673 0.9493898153305054
vt 0.8985286951065063 0.9597500562667847
vt 0.8991600275039673 0.950542688369751
vt 0.8746132254600525 0.9604792594909668
vt 0.8749668598175049 0.9514646530151367
vt 0.8498995304107666 0.9603943824768066
vt 0.850215494632721 0.9517394304275513
vt 0.8244701623916626 0.95981764793396
vt 0.8248739242553711 0.9515382647514343
vt 0.7996377944946289 0.9590222239494324
vt 0.8003570437431335 0.9513436555862427
vt 0.7651004791259766 0.9574974775314331
vt 0.7654104232788086 0.9504468441009521
vt 0.7386266589164734 0.9803448915481567
vt 0.7510480880737305 0.9559034109115601
vt 0.7386298179626465 0.9743255376815796
vt 0.7510514259338379 0.9498839974403381
vt 0.5683973431587219 0.8618526458740234
vt 0.5677518844604492 0.8709220886230469
vt 0.5935588479042053 0.8609199523925781
vt 0.5931413173675537 0.869850754737854
vt 0.6173782348632812 0.8603800535202026
vt 0.6171841621398926 0.869194507598877
vt 0.6418976783752441 0.8606939315795898
vt 0.6417351961135864 0.8692041039466858
vt 0.6670546531677246 0.8616224527359009
vt 0.6667512655258179 0.8697071671485901
vt 0.691480815410614 0.8627228736877441
vt 0.6907920241355896 0.8701176047325134
vt 0.7254126071929932 0.8630396723747253
vt 0.7251836061477661 0.8699803352355957
vt 0.507143497467041 0.9094003438949585
vt 0.7397570610046387 0.8640483617782593
vt 0.5074392557144165 0.9153638482093811
vt 0.7400528192520142 0.8700119256973267
vt 0.9252899885177612 0.9382483959197998
vt 0.899554431438446 0.939915657043457
vt 0.9253868460655212 0.941462516784668
vt 0.8996456861495972 0.9430114030838013
vt 0.810694694519043 0.7298122048377991
vt 0.8124877214431763 0.7552487850189209
vt 0.8138165473937988 0.7296505570411682
vt 0.8155051469802856 0.7551451921463013
vt 0.5673829317092896 0.8821446895599365
vt 0.5930283069610596 0.8805621862411499
vt 0.5671829581260681 0.8790674805641174
vt 0.5928153991699219 0.8775918483734131
vt 0.9252023100852966 0.9435051679611206
vt 0.8995362520217896 0.944936990737915
vt 0.8751802444458008 0.9459993243217468
vt 0.8503921031951904 0.9465198516845703
vt 0.8250951766967773 0.9465603828430176
vt 0.8007846474647522 0.9466351866722107
vt 0.7658289074897766 0.9459990859031677
vt 0.738631010055542 0.9705259799957275
vt 0.7510524988174438 0.9460844397544861
vt 0.7238529920578003 0.9704382419586182
vt 0.6888970136642456 0.9710648655891418
vt 0.6645845174789429 0.9709863066673279
vt 0.6392842531204224 0.9709416627883911
vt 0.614497184753418 0.9704166650772095
vt 0.5901341438293457 0.9693502187728882
vt 0.5643776655197144 0.9678858518600464
vt 0.5222780108451843 0.9657601714134216
vt 0.5116541981697083 0.9692133069038391
vt 0.9779748916625977 0.9448474645614624
vt 0.9673554301261902 0.9413963556289673
vt 0.8159565329551697 0.7297618389129639
vt 0.8175374269485474 0.7551873922348022
vt 0.818535327911377 0.7790764570236206
vt 0.8190239667892456 0.8033469915390015
vt 0.8190335631370544 0.8279135823249817
vt 0.8189435005187988 0.8513855934143066
vt 0.8190449476242065 0.8854657411575317
vt 0.7733114361763 0.6698062419891357
vt 0.8194087743759155 0.9008468389511108
vt 0.7726348638534546 0.6853638887405396
vt 0.7723000049591064 0.7196109294891357
vt 0.7723672389984131 0.743415355682373
vt 0.7725574970245361 0.7683470845222473
vt 0.772344708442688 0.7928993701934814
vt 0.7716107964515686 0.8170855045318604
vt 0.7702929973602295 0.8427478075027466
vt 0.7683297395706177 0.8849812746047974
vt 0.7732862234115601 0.8969478607177734
vt 0.8174116015434265 0.673665463924408
vt 0.8134404420852661 0.6868932247161865
vt 0.567295253276825 0.876907467842102
vt 0.5928304195404053 0.8755563497543335
vt 0.617017388343811 0.8747799396514893
vt 0.64158034324646 0.874531626701355
vt 0.6665406227111816 0.8746851086616516
vt 0.6903731822967529 0.874724268913269
vt 0.7245770692825317 0.874366044998169
vt 0.5075278878211975 0.9190113544464111
vt 0.7401413917541504 0.8736593723297119
vt 0.5229188799858093 0.919349193572998
vt 0.5569730997085571 0.9193819761276245
vt 0.5804700255393982 0.9192435145378113
vt 0.6050623059272766 0.9192113876342773
vt 0.6293357610702515 0.9196716547012329
vt 0.6532305479049683 0.9206608533859253
vt 0.6786825656890869 0.9223034381866455
vt 0.7215220332145691 0.9249579906463623
vt 0.513033390045166 0.8741633892059326
vt 0.734809398651123 0.9210711717605591
vt 0.5250140428543091 0.8790320158004761
vt 0.8752468824386597 0.9440858364105225
vt 0.8752152919769287 0.9409719705581665
vt 0.8504469394683838 0.9446423053741455
vt 0.8504538536071777 0.9415520429611206
vt 0.8251367807388306 0.9447410106658936
vt 0.8251218795776367 0.941704511642456
vt 0.8008199334144592 0.9448821544647217
vt 0.8005765676498413 0.9420121908187866
vt 0.7657237648963928 0.943816065788269
vt 0.7649270296096802 0.9406262636184692
vt 0.7386313676834106 0.9686799049377441
vt 0.7510528564453125 0.9442383646965027
vt 0.7239581942558289 0.9682554602622986
vt 0.7386322021484375 0.9656838178634644
vt 0.7510537505149841 0.9412423372268677
vt 0.7247551679611206 0.9650663137435913
vt 0.6888622641563416 0.9693118333816528
vt 0.6891056895256042 0.9664425849914551
vt 0.6645436882972717 0.9691677093505859
vt 0.6645587086677551 0.966132640838623
vt 0.6392297744750977 0.9690650105476379
vt 0.6392257809638977 0.9659759998321533
vt 0.6144309043884277 0.9685045480728149
vt 0.61446613073349 0.9653908014297485
vt 0.5900328159332275 0.96742844581604
vt 0.5901325345039368 0.9643371105194092
vt 0.5642553567886353 0.9658768177032471
vt 0.5643940567970276 0.9626833200454712
vt 0.5213381052017212 0.9633983373641968
vt 0.5202642679214478 0.9600833654403687
vt 0.5103917717933655 0.9679293632507324
vt 0.9792397022247314 0.9435652494430542
vt 0.9683171510696411 0.939010739326477
vt 0.5082952976226807 0.9659571051597595
vt 0.9813502430915833 0.9416003823280334
vt 0.9694108963012695 0.9356935024261475
vt 0.8165297508239746 0.7790540456771851
vt 0.8134613037109375 0.7791086435317993
vt 0.8171019554138184 0.8033403158187866
vt 0.8140373229980469 0.8034089803695679
vt 0.8171916604042053 0.8279303908348083
vt 0.8141783475875854 0.8280626535415649
vt 0.8171654939651489 0.8513832092285156
vt 0.8142971396446228 0.8517266511917114
vt 0.8174127340316772 0.8859429359436035
vt 0.8152886033058167 0.8869088888168335
vt 0.771933913230896 0.6697925329208374
vt 0.8180314302444458 0.900833010673523
vt 0.7709362506866455 0.684883713722229
vt 0.7696219682693481 0.6697919964790344
vt 0.8157196044921875 0.9008325338363647
vt 0.7687188386917114 0.6839203238487244
vt 0.7704920768737793 0.7196588516235352
vt 0.7676244974136353 0.7194344401359558
vt 0.770480751991272 0.7434751391410828
vt 0.7674733400344849 0.7434910535812378
vt 0.7705827951431274 0.7683885097503662
vt 0.7675450444221497 0.7683868408203125
vt 0.7703205943107605 0.7929114103317261
vt 0.7672971487045288 0.7928128838539124
vt 0.7695791721343994 0.8170987367630005
vt 0.7666122913360596 0.8168911933898926
vt 0.7681717872619629 0.8428022861480713
vt 0.7651228904724121 0.8425629138946533
vt 0.7657462954521179 0.8858937621116638
vt 0.7623956203460693 0.8869746923446655
vt 0.7718825340270996 0.8980359435081482
vt 0.8159776926040649 0.6723222136497498
vt 0.8110432624816895 0.6860368251800537
vt 0.7699341773986816 0.8999115228652954
vt 0.8139052987098694 0.6703510880470276
vt 0.8077995181083679 0.685178279876709
vt 0.6170101761817932 0.8768032789230347
vt 0.6171159744262695 0.8798243999481201
vt 0.6415438652038574 0.8765072822570801
vt 0.6415506601333618 0.8795444965362549
vt 0.6664820909500122 0.8765759468078613
vt 0.6664725542068481 0.8795819282531738
vt 0.6903260350227356 0.8765314221382141
vt 0.6905491352081299 0.8793989419937134
vt 0.7250581383705139 0.8760663270950317
vt 0.7260220050811768 0.8782826662063599
vt 0.507541298866272 0.9203888177871704
vt 0.7401548027992249 0.8750368356704712
vt 0.5224453210830688 0.920984148979187
vt 0.5075452923774719 0.9226987361907959
vt 0.7401588559150696 0.8773468732833862
vt 0.5214787721633911 0.923112154006958
vt 0.5569832921028137 0.9211581945419312
vt 0.5566466450691223 0.9240286350250244
vt 0.5804631114006042 0.9210858345031738
vt 0.58033287525177 0.9241070747375488
vt 0.6050695776939392 0.9211362600326538
vt 0.605007529258728 0.924203634262085
vt 0.6293598413467407 0.9216748476028442
vt 0.6293095946311951 0.9247409701347351
vt 0.6532672643661499 0.9226832985877991
vt 0.6531633138656616 0.9256914854049683
vt 0.6787581443786621 0.9243963956832886
vt 0.6785805821418762 0.9274730086326599
vt 0.7223520874977112 0.9273329973220825
vt 0.7231762409210205 0.930576741695404
vt 0.5119603872299194 0.8755772113800049
vt 0.7361360788345337 0.922520637512207
vt 0.5241082906723022 0.8816392421722412
vt 0.510097861289978 0.8775371313095093
vt 0.738079845905304 0.9246234893798828
vt 0.5230368375778198 0.8850058317184448
vt 0.7949577569961548 0.6907302141189575
vt 0.5216906666755676 0.11436671018600464
vt 0.8034371137619019 0.8647811412811279
vt 0.3490961790084839 0.09475904703140259
vt 0.8048937320709229 0.8822035193443298
vt 0.32976996898651123 0.10329568386077881
vt 0.8070598244667053 0.8943501710891724
vt 0.3221614956855774 0.11981689929962158
vt 0.3227041959762573 0.1405377984046936
vt 0.7600662708282471 0.6769388914108276
vt 0.7574934959411621 0.9314546585083008
vt 0.32251107692718506 0.19763898849487305
vt 0.32325321435928345 0.21700620651245117
vt 0.7321969270706177 0.9558861255645752
vt 0.7330427169799805 0.8869091272354126
vt 0.3252277374267578 0.28329604864120483
vt 0.32389456033706665 0.30313748121261597
vt 0.5140174031257629 0.9313424229621887
vt 0.0618056058883667 0.5201596021652222
vt 0.05817204713821411 0.5137554407119751
vt 0.05616101622581482 0.5100780725479126
vt 0.07050126791000366 0.7982862591743469
vt 0.06890255212783813 0.8021150827407837
vt 0.07342493534088135 0.7916061282157898
vt 0.3808252215385437 0.8275471329689026
vt 0.38142478466033936 0.8367456197738647
vt 0.38091981410980225 0.8460896015167236
vt 0.4361571669578552 0.8293187022209167
vt 0.4355430603027344 0.8377184271812439
vt 0.3796160817146301 0.4652174711227417
vt 0.3802512288093567 0.4558655023574829
vt 0.3797547221183777 0.446333110332489
vt 0.43692344427108765 0.47542107105255127
vt 0.4372231364250183 0.46415382623672485
vt 0.43673187494277954 0.45561885833740234
vt 0.026916921138763428 0.5537967681884766
vt 0.02376270294189453 0.5529516339302063
vt 0.020186513662338257 0.5527163147926331
vt 0.030815601348876953 0.5422340631484985
vt 0.027978628873825073 0.5398402810096741
vt 0.02465471625328064 0.5386634469032288
vt 0.0380912721157074 0.533197283744812
vt 0.03540915250778198 0.5289749503135681
vt 0.03248351812362671 0.5268878936767578
vt 0.048319071531295776 0.5256596207618713
vt 0.04542720317840576 0.5201368927955627
vt 0.042978495359420776 0.5172547101974487
vt 0.02961638569831848 0.7637914419174194
vt 0.03312245011329651 0.7631750106811523
vt 0.036160796880722046 0.7620009183883667
vt 0.03848615288734436 0.7757004499435425
vt 0.03533783555030823 0.7772244215011597
vt 0.04104405641555786 0.773025631904602
vt 0.04680559039115906 0.7856448888778687
vt 0.044149965047836304 0.7880240082740784
vt 0.04901871085166931 0.781181812286377
vt 0.05745688080787659 0.7933119535446167
vt 0.05535382032394409 0.7964178323745728
vt 0.0597359836101532 0.7875495553016663
vt 0.3736695647239685 0.5235190987586975
vt 0.3490576148033142 0.08478653430938721
vt 0.6633751392364502 0.080025315284729
vt 0.6748722791671753 0.08449006080627441
vt 0.6841089725494385 0.09173941612243652
vt 0.691160261631012 0.10225307941436768
vt 0.6946141123771667 0.1163482666015625
vt 0.6935561895370483 0.30769848823547363
vt 0.6899428367614746 0.32179296016693115
vt 0.6827595233917236 0.33226215839385986
vt 0.6734189987182617 0.33943814039230347
vt 0.6618421673774719 0.3438030481338501
vt 0.3466663360595703 0.38427549600601196
vt 0.2873411774635315 0.37910616397857666
vt 0.2858269214630127 0.04240620136260986
vt 0.34586745500564575 0.036952316761016846
vt 0.3469603657722473 0.025077104568481445
vt 0.2870178818702698 0.03438830375671387
vt 0.6982382535934448 0.1127694845199585
vt 0.6945247650146484 0.09921842813491821
vt 0.6871705651283264 0.0888136625289917
vt 0.6774185299873352 0.08102858066558838
vt 0.665449321269989 0.07599902153015137
vt 0.697152853012085 0.31131988763809204
vt 0.6932872533798218 0.32486778497695923
vt 0.6858026385307312 0.3352252244949341
vt 0.6759417057037354 0.3429320454597473
vt 0.6638895273208618 0.3478587865829468
vt 0.34776216745376587 0.39600706100463867
vt 0.2885700464248657 0.38709598779678345
vt 0.3474099040031433 0.017500877380371094
vt 0.34741121530532837 0.012808918952941895
vt 0.2875935435295105 0.027842998504638672
vt 0.28759855031967163 0.02328813076019287
vt 0.3482361435890198 0.4035032391548157
vt 0.34826886653900146 0.4081517457962036
vt 0.2891896367073059 0.39361894130706787
vt 0.28923434019088745 0.39816027879714966
vt 0.7012896537780762 0.11007845401763916
vt 0.7040448188781738 0.10875838994979858
vt 0.6971272826194763 0.0968625545501709
vt 0.6994901299476624 0.09502279758453369
vt 0.6895027756690979 0.08638513088226318
vt 0.6917180418968201 0.08385223150253296
vt 0.6793187260627747 0.07822084426879883
vt 0.68120276927948 0.07509255409240723
vt 0.6667509078979492 0.07274836301803589
vt 0.6679174900054932 0.06923753023147583
vt 0.7001845836639404 0.31404608488082886
vt 0.7029328346252441 0.31539660692214966
vt 0.695874035358429 0.3272547125816345
vt 0.6982257962226868 0.32912421226501465
vt 0.6881187558174133 0.33768266439437866
vt 0.6903159618377686 0.3402441740036011
vt 0.677822470664978 0.34576523303985596
vt 0.6796826124191284 0.34892165660858154
vt 0.665166974067688 0.35112881660461426
vt 0.666305661201477 0.3546605110168457
vt 0.3795556426048279 0.8642001152038574
vt 0.3784533143043518 0.4278176426887512
vt 0.4345585107803345 0.8511139154434204
vt 0.4359707832336426 0.44199901819229126
vt 0.014119595289230347 0.5525156855583191
vt 0.018749356269836426 0.5368563532829285
vt 0.027095317840576172 0.5234732627868652
vt 0.03839293122291565 0.512298047542572
vt 0.05272793769836426 0.5035975575447083
vt 0.02365359663963318 0.7646431922912598
vt 0.02971842885017395 0.7796544432640076
vt 0.0392206609249115 0.7919827103614807
vt 0.05137878656387329 0.8017980456352234
vt 0.06620386242866516 0.808853268623352
vt 0.34713810682296753 0.009146451950073242
vt 0.37798333168029785 0.42068159580230713
vt 0.34803110361099243 0.4117826223373413
vt 0.3790374994277954 0.8711704015731812
vt 0.28691792488098145 0.019538700580596924
vt 0.4360581040382385 0.43554139137268066
vt 0.2885974049568176 0.40190380811691284
vt 0.43450218439102173 0.8574770092964172
vt 0.015609681606292725 0.5359531044960022
vt 0.7022766470909119 0.09328889846801758
vt 0.010976523160934448 0.552614152431488
vt 0.7072646021842957 0.10766994953155518
vt 0.024181097745895386 0.5216783881187439
vt 0.6941092014312744 0.0813593864440918
vt 0.035917073488235474 0.5096617341041565
vt 0.6830286979675293 0.07200109958648682
vt 0.05104061961174011 0.5001790523529053
vt 0.6690154075622559 0.065792977809906
vt 0.02054619789123535 0.7648851871490479
vt 0.7061508893966675 0.3165186047554016
vt 0.026727616786956787 0.7808905839920044
vt 0.7010046243667603 0.33089083433151245
vt 0.03655192255973816 0.7940727472305298
vt 0.6926898956298828 0.34276723861694336
vt 0.04923394322395325 0.8046635985374451
vt 0.6814842224121094 0.3520392179489136
vt 0.06490662693977356 0.8123918771743774
vt 0.6673756837844849 0.35812389850616455
vt 0.3877525329589844 0.540971577167511
vt 0.8335180878639221 0.8813292980194092
vt 0.37163621187210083 0.5365163087844849
vt 0.8336254358291626 0.8651912212371826
vt 0.2195064127445221 0.5554656982421875
vt 0.8343133330345154 0.6968523859977722
vt 0.6738969683647156 0.17673754692077637
vt 0.667694091796875 0.17493712902069092
vt 0.6597785949707031 0.17220187187194824
vt 0.6493098735809326 0.1690351963043213
vt 0.6359099745750427 0.16580688953399658
vt 0.2856282591819763 0.13795530796051025
vt 0.4318603277206421 0.5728628635406494
vt 0.39337384700775146 0.5739685297012329
vt 0.786848783493042 0.6779468655586243
vt 0.3947587013244629 0.5556985139846802
vt 0.8328855037689209 0.8939383029937744
vt 0.081061452627182 0.6015971899032593
vt 0.06376698613166809 0.6048821210861206
vt 0.049649715423583984 0.6087216734886169
vt 0.03924587368965149 0.6133602261543274
vt 0.032855868339538574 0.6182097792625427
vt 0.5175626277923584 0.16766250133514404
vt 0.7489801645278931 0.8828903436660767
vt 0.5183154940605164 0.17639446258544922
vt 0.9652805328369141 0.9225883483886719
vt 0.5171523690223694 0.1844426393508911
vt 0.33114659786224365 0.15543514490127563
vt 0.757523775100708 0.6889341473579407
vt 0.3298274874687195 0.16934847831726074
vt 0.35052478313446045 0.1691805124282837
vt 0.35075777769088745 0.16148465871810913
vt 0.756717324256897 0.7063232660293579
vt 0.7871990203857422 0.9308316707611084
vt 0.350388765335083 0.17682886123657227
vt 0.7695675492286682 0.9306012392044067
vt 0.33054643869400024 0.18277931213378906
vt 0.3862568140029907 0.6247540712356567
vt 0.7706466317176819 0.9622147083282471
vt 0.3868066072463989 0.6075044870376587
vt 0.3691757321357727 0.6245929002761841
vt 0.787044882774353 0.9630216360092163
vt 0.370069682598114 0.6083240509033203
vt 0.3693316578865051 0.5935649275779724
vt 0.788187563419342 0.7060856819152832
vt 0.3855780363082886 0.5900192856788635
vt 0.7881338596343994 0.6900250315666199
vt 0.22350376844406128 0.6302608847618103
vt 0.9578150510787964 0.9628570079803467
vt 0.22266024351119995 0.6143932938575745
vt 0.22182220220565796 0.5993183255195618
vt 0.7892551422119141 0.875687837600708
vt 0.6584280729293823 0.21178042888641357
vt 0.6469599604606628 0.21171295642852783
vt 0.6328641176223755 0.2116202712059021
vt 0.2861557602882385 0.20955073833465576
vt 0.4309455156326294 0.6478217840194702
vt 0.3945860266685486 0.6573293805122375
vt 0.7312904596328735 0.9843180179595947
vt 0.394478976726532 0.6384789943695068
vt 0.7583822011947632 0.9598820209503174
vt 0.08474543690681458 0.6553699374198914
vt 0.06703788042068481 0.6562274098396301
vt 0.05170533061027527 0.656996488571167
vt 0.0402471125125885 0.6575852036476135
vt 0.033884674310684204 0.6579172611236572
vt 0.5157451629638672 0.23325181007385254
vt 0.5244212746620178 0.9469869136810303
vt 0.5164421200752258 0.24178051948547363
vt 0.5271191000938416 0.8983943462371826
vt 0.5152959227561951 0.2506454586982727
vt 0.3324914574623108 0.23063069581985474
vt 0.7201111912727356 0.9550507068634033
vt 0.331687331199646 0.2481822967529297
vt 0.3526245355606079 0.2499375343322754
vt 0.3527712821960449 0.2412724494934082
vt 0.7024809718132019 0.9552673697471619
vt 0.7036340832710266 0.8902935981750488
vt 0.35296106338500977 0.25852876901626587
vt 0.7210142016410828 0.8894819617271423
vt 0.33340585231781006 0.26494431495666504
vt 0.970416784286499 0.9572891592979431
vt 0.9714120030403137 0.9484341144561768
vt 0.5182213187217712 0.9728004932403564
vt 0.5192254781723022 0.9816523790359497
vt 0.5313555598258972 0.9819873571395874
vt 0.5303229689598083 0.9719459414482117
vt 0.702295184135437 0.9827807545661926
vt 0.7011774182319641 0.9754835963249207
vt 0.7182513475418091 0.9748581647872925
vt 0.7191523313522339 0.9821788668632507
vt 0.8293137550354004 0.8935275077819824
vt 0.7832413911819458 0.6778557896614075
vt 0.7769447565078735 0.6775845885276794
vt 0.8231306076049805 0.8932715654373169
vt 0.8296560049057007 0.8813221454620361
vt 0.8229935765266418 0.880042314529419
vt 0.8296743035316467 0.864689826965332
vt 0.8230900168418884 0.8634085059165955
vt 0.8295960426330566 0.6964697241783142
vt 0.8196863532066345 0.6955439448356628
vt 0.7849910259246826 0.888042688369751
vt 0.8296533823013306 0.6835069060325623
vt 0.8208067417144775 0.6818479299545288
vt 0.7762446403503418 0.8895188570022583
vt 0.7843868732452393 0.8758506774902344
vt 0.7744452953338623 0.876777172088623
vt 0.7838201522827148 0.6898565292358398
vt 0.7837013006210327 0.7064294815063477
vt 0.7766976356506348 0.7075649499893188
vt 0.7767215967178345 0.6908465623855591
vt 0.5218918323516846 0.8623513579368591
vt 0.5204555988311768 0.8711331486701965
vt 0.7266135811805725 0.9176011085510254
vt 0.7249749302864075 0.9087289571762085
vt 0.7119794487953186 0.908775806427002
vt 0.7128889560699463 0.918686032295227
vt 0.543668270111084 0.9086956977844238
vt 0.5449516773223877 0.9152668714523315
vt 0.5283393263816833 0.9153982996940613
vt 0.527061402797699 0.9087362289428711
vt 0.959280252456665 0.9475863575935364
vt 0.9582775831222534 0.9576326608657837
vt 0.7873856425285339 0.9583488702774048
vt 0.788503885269165 0.9510504007339478
vt 0.7705244421958923 0.9577391147613525
vt 0.7714284658432007 0.950419545173645
vt 0.7311174273490906 0.9808347225189209
vt 0.7312048673629761 0.9744974970817566
vt 0.7584759593009949 0.9500585794448853
vt 0.7585580945014954 0.9563964009284973
vt 0.5332344770431519 0.8728630542755127
vt 0.5340920686721802 0.8629058003425598
vt 0.7035079002380371 0.8633320331573486
vt 0.7023975253105164 0.8703227043151855
vt 0.7200568914413452 0.8632029294967651
vt 0.7190877199172974 0.8702945113182068
vt 0.514838457107544 0.9090837240219116
vt 0.5151070356369019 0.9152724146842957
vt 0.732343316078186 0.8700404167175293
vt 0.7320592403411865 0.8637418150901794
vt 0.7894501686096191 0.9465276002883911
vt 0.7723039388656616 0.9456194639205933
vt 0.7586485147476196 0.9460815787315369
vt 0.7310347557067871 0.9705204963684082
vt 0.7173761129379272 0.970058023929596
vt 0.7002310752868652 0.9709614515304565
vt 0.5292354822158813 0.9653164148330688
vt 0.5163623094558716 0.9671476483345032
vt 0.9732750654220581 0.9427807331085205
vt 0.9603739976882935 0.9409557580947876
vt 0.8188420534133911 0.8624680042266846
vt 0.818589448928833 0.8790237903594971
vt 0.8193533420562744 0.8929504156112671
vt 0.7730650901794434 0.6777780055999756
vt 0.7720341682434082 0.6918394565582275
vt 0.7722607851028442 0.7085273861885071
vt 0.7675354480743408 0.8779096603393555
vt 0.7704407572746277 0.8914476633071899
vt 0.8150321841239929 0.6797720193862915
vt 0.8129289150238037 0.6945215463638306
vt 0.7014375925064087 0.8747560381889343
vt 0.7180984020233154 0.874971866607666
vt 0.7321591973304749 0.8739216327667236
vt 0.5154340267181396 0.9190511703491211
vt 0.5293665528297424 0.9197927713394165
vt 0.5459046363830566 0.9195089340209961
vt 0.7138818502426147 0.9254447221755981
vt 0.7286524772644043 0.9234038591384888
vt 0.5185552835464478 0.8769646883010864
vt 0.5321216583251953 0.8797798156738281
vt 0.7896561026573181 0.9448896646499634
vt 0.789121150970459 0.9425487518310547
vt 0.772590160369873 0.9436572790145874
vt 0.7726523876190186 0.940890371799469
vt 0.7582228183746338 0.9441431760787964
vt 0.731460690498352 0.9685824513435364
vt 0.7573082447052002 0.9412186741828918
vt 0.7323764562606812 0.9656573534011841
vt 0.7170904874801636 0.9680966138839722
vt 0.7000247240066528 0.9693230390548706
vt 0.7170283198356628 0.965330958366394
vt 0.7005595564842224 0.9669830799102783
vt 0.5282369256019592 0.9630587100982666
vt 0.5269296765327454 0.9596791863441467
vt 0.515373706817627 0.9651131629943848
vt 0.9742724895477295 0.9407366514205933
vt 0.5140272974967957 0.9622890949249268
vt 0.9756351709365845 0.9379163980484009
vt 0.9614181518554688 0.938668966293335
vt 0.9627535343170166 0.9352753758430481
vt 0.8171586990356445 0.8622900247573853
vt 0.814712405204773 0.8628997802734375
vt 0.8166185617446899 0.8787753582000732
vt 0.8143066167831421 0.8793596029281616
vt 0.8179258108139038 0.8932508230209351
vt 0.7715996503829956 0.6774613857269287
vt 0.8156875371932983 0.8937732577323914
vt 0.769286036491394 0.6769660711288452
vt 0.770037829875946 0.692132830619812
vt 0.770551323890686 0.7087472677230835
vt 0.7675653696060181 0.6915838718414307
vt 0.7680968046188354 0.7081891298294067
vt 0.7650634050369263 0.8789621591567993
vt 0.761695146560669 0.8803466558456421
vt 0.768241286277771 0.8923436403274536
vt 0.8129540085792542 0.6788120865821838
vt 0.7653584480285645 0.8935607075691223
vt 0.810145914554596 0.6776586771011353
vt 0.8105894327163696 0.6935722827911377
vt 0.8072705268859863 0.6924110651016235
vt 0.7012205719947815 0.8764650821685791
vt 0.7017773389816284 0.8789183497428894
vt 0.717807412147522 0.8769697546958923
vt 0.718360185623169 0.8794468641281128
vt 0.7324748039245605 0.8753892779350281
vt 0.5151357054710388 0.9204849004745483
vt 0.7329798936843872 0.8777053356170654
vt 0.5146095752716064 0.9227313995361328
vt 0.5296189188957214 0.9217632412910461
vt 0.5460842847824097 0.9211920499801636
vt 0.5290396809577942 0.9240807890892029
vt 0.545484721660614 0.9236382246017456
vt 0.7148016691207886 0.927746057510376
vt 0.7159402370452881 0.9310435056686401
vt 0.7295976877212524 0.9254807233810425
vt 0.517668604850769 0.879178524017334
vt 0.7307183146476746 0.9283043146133423
vt 0.5164496898651123 0.8820744752883911
vt 0.5310368537902832 0.8822818994522095
vt 0.5296331644058228 0.885677695274353
vt 0.17545723915100098 0.5506959557533264
vt 0.18188676238059998 0.7513728141784668
vt 0.181238055229187 0.6180237531661987
vt 0.18338245153427124 0.6846023797988892
vt 0.4324842691421509 0.7602933645248413
vt 0.4328591823577881 0.5341364145278931
vt 0.4307790994644165 0.6852757334709167
vt 0.43093013763427734 0.6102126836776733
vt 0.5540037751197815 0.24128663539886475
vt 0.555012583732605 0.1803247332572937
vt 0.5557254552841187 0.31050294637680054
vt 0.5574942231178284 0.11240434646606445
vt 0.2861892580986023 0.173636794090271
vt 0.28724902868270874 0.24615925550460815
vt 0.28688257932662964 0.09930872917175293
vt 0.2883504033088684 0.32236814498901367
vt 0.07306453585624695 0.451815128326416
vt 0.7081020474433899 0.43051135540008545
vt 0.0757196843624115 0.4518153667449951
vt 0.7081020474433899 0.43316662311553955
vt 0.07786846160888672 0.4502546787261963
vt 0.7081020474433899 0.43582189083099365
vt 0.07868880033493042 0.44772934913635254
vt 0.7081020474433899 0.4384772777557373
vt 0.7081019282341003 0.41457951068878174
vt 0.7081020474433899 0.4411326050758362
vt 0.07786872982978821 0.44520390033721924
vt 0.7081020474433899 0.41723477840423584
vt 0.07572031021118164 0.4436430335044861
vt 0.7081020474433899 0.4198901057243347
vt 0.0730648934841156 0.4436427354812622
vt 0.7081020474433899 0.4225454330444336
vt 0.0709163248538971 0.44520342350006104
vt 0.7081020474433899 0.42520058155059814
vt 0.0700959861278534 0.4477287530899048
vt 0.07091653347015381 0.4502542018890381
vt 0.7081020474433899 0.4278559684753418
vt 0.24241086840629578 0.41898679733276367
vt 0.24241086840629578 0.41898679733276367
vt 0.7063697576522827 0.43051135540008545
vt 0.24455910921096802 0.41742581129074097
vt 0.24455910921096802 0.41742581129074097
vt 0.7063698768615723 0.43316662311553955
vt 0.24721452593803406 0.4174254536628723
vt 0.24721452593803406 0.4174254536628723
vt 0.7063698768615723 0.43582189083099365
vt 0.249362975358963 0.41898608207702637
vt 0.249362975358963 0.41898608207702637
vt 0.7063697576522827 0.43847721815109253
vt 0.7063697576522827 0.41457951068878174
vt 0.7063698768615723 0.4411326050758362
vt 0.2501838207244873 0.4215114116668701
vt 0.7063697576522827 0.41723477840423584
vt 0.24936386942863464 0.42403697967529297
vt 0.24936386942863464 0.42403697967529297
vt 0.7063698768615723 0.4198901057243347
vt 0.2472153902053833 0.42559802532196045
vt 0.2472153902053833 0.42559802532196045
vt 0.7063698768615723 0.4225454330444336
vt 0.24455973505973816 0.42559826374053955
vt 0.24455973505973816 0.42559826374053955
vt 0.7063698768615723 0.42520058155059814
vt 0.24241188168525696 0.4240376949310303
vt 0.24241188168525696 0.4240376949310303
vt 0.24159091711044312 0.4215123653411865
vt 0.7063697576522827 0.4278559684753418
vt 0.0743924081325531 0.44772911071777344
vt 0.2458873689174652 0.4215118885040283
vt 0.2458873689174652 0.4215118885040283
vt 0.2458873689174652 0.4215118885040283
vt 0.2458873689174652 0.4215118885040283
vt 0.2458873689174652 0.4215118885040283
vt 0.21567010879516602 0.4379202127456665
vt 0.6978976726531982 0.4172353148460388
vt 0.21648767590522766 0.4353918433189392
vt 0.69789719581604 0.4198905825614929
vt 0.21566587686538696 0.4328637719154358
vt 0.6978967189788818 0.4225459098815918
vt 0.21351906657218933 0.431301474571228
vt 0.6978961825370789 0.425201416015625
vt 0.6978959441184998 0.4278567433357239
vt 0.21086642146110535 0.4313018321990967
vt 0.6978952884674072 0.43051230907440186
vt 0.20872199535369873 0.432864785194397
vt 0.6978949308395386 0.4331674575805664
vt 0.2079043686389923 0.4353930354118347
vt 0.6978946924209595 0.4358229637145996
vt 0.20872566103935242 0.43792128562927246
vt 0.6978942155838013 0.4384784698486328
vt 0.21087297797203064 0.43948352336883545
vt 0.6978937387466431 0.44113409519195557
vt 0.6978979110717773 0.4145795702934265
vt 0.21352553367614746 0.439483106136322
vt 0.46136462688446045 0.4076155424118042
vt 0.46136462688446045 0.4076155424118042
vt 0.6961656808853149 0.4172348976135254
vt 0.46389007568359375 0.40843600034713745
vt 0.46389007568359375 0.40843600034713745
vt 0.6961649060249329 0.41989022493362427
vt 0.4654509127140045 0.4105839729309082
vt 0.4654509127140045 0.4105839729309082
vt 0.6961646676063538 0.4225456714630127
vt 0.4654509127140045 0.41323965787887573
vt 0.4654509127140045 0.41323965787887573
vt 0.6961641311645508 0.42520105838775635
vt 0.4638901352882385 0.4153878688812256
vt 0.4638901352882385 0.4153878688812256
vt 0.696163535118103 0.42785656452178955
vt 0.6961632370948792 0.43051183223724365
vt 0.46136465668678284 0.4162084460258484
vt 0.46136465668678284 0.4162084460258484
vt 0.6961628794670105 0.43316733837127686
vt 0.45883920788764954 0.4153878688812256
vt 0.45883920788764954 0.4153878688812256
vt 0.6961624622344971 0.4358227252960205
vt 0.45727837085723877 0.4132397174835205
vt 0.45727837085723877 0.4132397174835205
vt 0.6961619853973389 0.4384779930114746
vt 0.45727837085723877 0.4105839729309082
vt 0.45727837085723877 0.4105839729309082
vt 0.45883917808532715 0.40843600034713745
vt 0.6961617469787598 0.44113367795944214
vt 0.696165919303894 0.4145791530609131
vt 0.45883917808532715 0.40843600034713745
vt 0.21219578385353088 0.43539249897003174
vt 0.46136465668678284 0.4119120240211487
vt 0.46136465668678284 0.4119120240211487
vt 0.46136465668678284 0.4119120240211487
vt 0.46136465668678284 0.4119120240211487
vt 0.46136465668678284 0.4119120240211487
vt 0.46136465668678284 0.4119120240211487
vt 0.46136465668678284 0.4119120240211487
vt 0.22556528449058533 0.4189887046813965
vt 0.22556528449058533 0.4189887046813965
vt 0.2610469460487366 0.41744464635849
vt 0.2247476875782013 0.421517014503479
vt 0.2637022137641907 0.41744422912597656
vt 0.22556915879249573 0.4240454435348511
vt 0.2663576006889343 0.41744422912597656
vt 0.22771650552749634 0.42560744285583496
vt 0.26901280879974365 0.4174431562423706
vt 0.27166831493377686 0.41744285821914673
vt 0.23036879301071167 0.4256070852279663
vt 0.27432358264923096 0.417442262172699
vt 0.23251336812973022 0.42404425144195557
vt 0.2769790291786194 0.41744208335876465
vt 0.23333099484443665 0.4215158224105835
vt 0.2796344757080078 0.4174414873123169
vt 0.23250943422317505 0.4189876914024353
vt 0.2822898030281067 0.41744136810302734
vt 0.23036250472068787 0.41742539405822754
vt 0.2583915591239929 0.41744494438171387
vt 0.2849453389644623 0.4174407124519348
vt 0.22771012783050537 0.41742581129074097
vt 0.5301809310913086 0.4117026925086975
vt 0.5301809310913086 0.4117026925086975
vt 0.26104724407196045 0.4191768169403076
vt 0.5293605327606201 0.41422808170318604
vt 0.5293605327606201 0.41422808170318604
vt 0.2637024521827698 0.41917651891708374
vt 0.5272120237350464 0.41578906774520874
vt 0.5272120237350464 0.41578906774520874
vt 0.26635777950286865 0.4191758632659912
vt 0.5245568752288818 0.41578906774520874
vt 0.5245568752288818 0.41578906774520874
vt 0.26901334524154663 0.41917550563812256
vt 0.5224087238311768 0.41422826051712036
vt 0.2716686725616455 0.4191751480102539
vt 0.5224087238311768 0.41422826051712036
vt 0.27432411909103394 0.41917484998703003
vt 0.5215879082679749 0.4117026925086975
vt 0.5215879082679749 0.4117026925086975
vt 0.27697938680648804 0.41917407512664795
vt 0.5224087238311768 0.40917718410491943
vt 0.5224087238311768 0.40917718410491943
vt 0.2796347141265869 0.4191737771034241
vt 0.5245568752288818 0.4076164960861206
vt 0.2822900414466858 0.4191731810569763
vt 0.5272120237350464 0.4076164960861206
vt 0.5272120237350464 0.4076164960861206
vt 0.5293605327606201 0.40917718410491943
vt 0.25839167833328247 0.41917723417282104
vt 0.2849455773830414 0.4191729426383972
vt 0.5293605327606201 0.40917718410491943
vt 0.22903954982757568 0.42151641845703125
vt 0.5258843898773193 0.4117026925086975
vt 0.5258843898773193 0.4117026925086975
vt 0.5258843898773193 0.4117026925086975
vt 0.5258843898773193 0.4117026925086975
vt 0.5258843898773193 0.4117026925086975
vt 0.5258843898773193 0.4117026925086975
vt 0.5258843898773193 0.4117026925086975
vt 0.5258843898773193 0.4117026925086975
vt 0.5103690028190613 0.40761661529541016
vt 0.10282924771308899 0.4436580538749695
vt 0.5077135562896729 0.4076164960861206
vt 0.10548484325408936 0.4436580538749695
vt 0.505565345287323 0.40917718410491943
vt 0.10814011096954346 0.4436580538749695
vt 0.5047447681427002 0.4117025136947632
vt 0.11079531908035278 0.4436580538749695
vt 0.08689656853675842 0.4436580538749695
vt 0.11345085501670837 0.4436580538749695
vt 0.5055649876594543 0.41422808170318604
vt 0.08955210447311401 0.4436580538749695
vt 0.5077131390571594 0.4157891273498535
vt 0.09220737218856812 0.4436580538749695
vt 0.5103685259819031 0.41578924655914307
vt 0.09486272931098938 0.4436580538749695
vt 0.5125170350074768 0.41422855854034424
vt 0.0975184440612793 0.4436580538749695
vt 0.5133377313613892 0.4117032289505005
vt 0.5125170350074768 0.40917766094207764
vt 0.10017397999763489 0.4436580538749695
vt 0.19188112020492554 0.4328628182411194
vt 0.19188112020492554 0.4328628182411194
vt 0.10282924771308899 0.44539016485214233
vt 0.19402959942817688 0.4313018321990967
vt 0.19402959942817688 0.4313018321990967
vt 0.10548484325408936 0.44539016485214233
vt 0.19668471813201904 0.431301474571228
vt 0.19668471813201904 0.431301474571228
vt 0.10814011096954346 0.44539016485214233
vt 0.19883286952972412 0.4328620433807373
vt 0.19883286952972412 0.4328620433807373
vt 0.11079531908035278 0.44539016485214233
vt 0.08689656853675842 0.44539016485214233
vt 0.11345085501670837 0.44539016485214233
vt 0.1996540129184723 0.4353874921798706
vt 0.08955210447311401 0.44539016485214233
vt 0.19883376359939575 0.43791306018829346
vt 0.19883376359939575 0.43791306018829346
vt 0.09220737218856812 0.44539016485214233
vt 0.19668564200401306 0.43947404623031616
vt 0.19668564200401306 0.43947404623031616
vt 0.09486272931098938 0.44539016485214233
vt 0.19403016567230225 0.43947434425354004
vt 0.19403016567230225 0.43947434425354004
vt 0.0975184440612793 0.44539016485214233
vt 0.1918816864490509 0.43791377544403076
vt 0.1918816864490509 0.43791377544403076
vt 0.1910611093044281 0.43538832664489746
vt 0.10017397999763489 0.44539016485214233
vt 0.509040892124176 0.41170287132263184
vt 0.19535744190216064 0.4353879690170288
vt 0.19535744190216064 0.4353879690170288
vt 0.19535744190216064 0.4353879690170288
vt 0.19535744190216064 0.4353879690170288
vt 0.19535744190216064 0.4353879690170288
vt 0.9030482769012451 0.5518394112586975
vt 0.982490062713623 0.5514916777610779
vt 0.9130620956420898 0.5519119501113892
vt 0.9229801893234253 0.5520355105400085
vt 0.9328109622001648 0.5521103143692017
vt 0.9426092505455017 0.5520696640014648
vt 0.9524440765380859 0.5519130825996399
vt 0.9623748064041138 0.551702618598938
vt 0.9724092483520508 0.5515366792678833
vt 0.9031486511230469 0.445895254611969
vt 0.9831771850585938 0.4460766315460205
vt 0.9133892059326172 0.4455147981643677
vt 0.9231972694396973 0.44498997926712036
vt 0.9321714639663696 0.4446045756340027
vt 0.953146755695343 0.44510555267333984
vt 0.962436318397522 0.445655882358551
vt 0.9726288318634033 0.4460958242416382
vt 0.9140565395355225 0.121124267578125
vt 0.9240739345550537 0.12127655744552612
vt 0.9339991807937622 0.12147015333175659
vt 0.9438431859016418 0.12161660194396973
vt 0.9536536931991577 0.12166053056716919
vt 0.963492751121521 0.12160193920135498
vt 0.9734077453613281 0.12150001525878906
vt 0.9040002822875977 0.12108027935028076
vt 0.9834064841270447 0.1214442253112793
vt 0.9138095378875732 0.015535831451416016
vt 0.9240628480911255 0.01512455940246582
vt 0.9333953261375427 0.014679908752441406
vt 0.9544521570205688 0.013805747032165527
vt 0.9634414911270142 0.014301717281341553
vt 0.9732933640480042 0.014873862266540527
vt 0.903190016746521 0.015504896640777588
vt 0.9835820198059082 0.015288054943084717
vt 0.01477748155593872 0.9716170430183411
vt 0.8643441200256348 0.917677640914917
vt 0.01543724536895752 0.9646969437599182
vt 0.871150016784668 0.918326735496521
vt 0.016255080699920654 0.9579461812973022
vt 0.8777892589569092 0.9191306829452515
vt 0.016804665327072144 0.9515331983566284
vt 0.8840959072113037 0.9196715354919434
vt 0.016840368509292603 0.945115327835083
vt 0.890407919883728 0.9197064638137817
vt 0.015634894371032715 0.9923115968704224
vt 0.01640498638153076 0.9383771419525146
vt 0.8439912796020508 0.9185206890106201
vt 0.897034764289856 0.9192782640457153
vt 0.015014827251434326 0.9853094816207886
vt 0.8508780002593994 0.917911171913147
vt 0.014630228281021118 0.97843337059021
vt 0.8576405048370361 0.9175329208374023
vt 0.8651483058929443 0.896582841873169
vt 0.8720576763153076 0.8969811201095581
vt 0.8784152865409851 0.8975749015808105
vt 0.8843792676925659 0.8980196714401245
vt 0.8904073238372803 0.8981069326400757
vt 0.8438621759414673 0.8974274396896362
vt 0.8968110084533691 0.8978269100189209
vt 0.8506428003311157 0.8970018625259399
vt 0.8578750491142273 0.8966281414031982
vt 0.8657833933830261 0.8752200603485107
vt 0.8724418878555298 0.8755669593811035
vt 0.8785306811332703 0.8759123086929321
vt 0.8844364881515503 0.876158595085144
vt 0.8903869390487671 0.8761941194534302
vt 0.843923807144165 0.8761241436004639
vt 0.8966712951660156 0.8759514093399048
vt 0.850770115852356 0.8756891489028931
vt 0.8583254814147949 0.8752626180648804
vt 0.8650370836257935 0.8526480197906494
vt 0.8719637393951416 0.8528404235839844
vt 0.8785675764083862 0.8529884815216064
vt 0.8835352659225464 0.8531516790390015
vt 0.8899614810943604 0.8533039093017578
vt 0.8439329862594604 0.8538260459899902
vt 0.8964589834213257 0.8532290458679199
vt 0.8509405851364136 0.853430986404419
vt 0.858948826789856 0.8528759479522705
vt 0.8650509119033813 0.8295531272888184
vt 0.8717201352119446 0.8290994167327881
vt 0.8779112100601196 0.8291183710098267
vt 0.8840103149414062 0.8294222354888916
vt 0.8902777433395386 0.8298752307891846
vt 0.8436121940612793 0.8309487104415894
vt 0.8967608213424683 0.8302034139633179
vt 0.8504796028137207 0.8307672739028931
vt 0.8577895164489746 0.830223560333252
vt 0.8641715049743652 0.8075690269470215
vt 0.8708385229110718 0.8073409795761108
vt 0.8773133754730225 0.8071759939193726
vt 0.8837666511535645 0.8071335554122925
vt 0.8903710842132568 0.8072112798690796
vt 0.8439379930496216 0.8077869415283203
vt 0.8970372080802917 0.80733323097229
vt 0.8506650924682617 0.8078484535217285
vt 0.8573975563049316 0.8077627420425415
vt 0.8647098541259766 0.9072262048721313
vt 0.8715839385986328 0.9076566696166992
vt 0.8781039118766785 0.9082634449005127
vt 0.8842431306838989 0.9087119102478027
vt 0.8904334902763367 0.9088011980056763
vt 0.8439716696739197 0.9079333543777466
vt 0.8969682455062866 0.9085226058959961
vt 0.8507795333862305 0.9075196981430054
vt 0.8577471375465393 0.9072095155715942
vt 0.8654890060424805 0.885873556137085
vt 0.8723201751708984 0.8862407207489014
vt 0.8785291314125061 0.8867732286453247
vt 0.8844391703605652 0.8871735334396362
vt 0.8904221057891846 0.8872556686401367
vt 0.843895435333252 0.8868720531463623
vt 0.8967375755310059 0.8869792222976685
vt 0.8506511449813843 0.8864090442657471
vt 0.8580604791641235 0.8859593868255615
vt 0.8658938407897949 0.8644006252288818
vt 0.8723961710929871 0.8648990392684937
vt 0.8784054517745972 0.8649736642837524
vt 0.8841851949691772 0.8649768829345703
vt 0.890255331993103 0.8649400472640991
vt 0.8439269065856934 0.8650906085968018
vt 0.8966062068939209 0.8646985292434692
vt 0.8508793115615845 0.8646917343139648
vt 0.8586271405220032 0.8643096685409546
vt 0.865452766418457 0.8406438827514648
vt 0.8719227313995361 0.8400940895080566
vt 0.8779659271240234 0.8404864072799683
vt 0.8838721513748169 0.8410122394561768
vt 0.8901526927947998 0.8414598703384399
vt 0.8437711000442505 0.8424400091171265
vt 0.8966038227081299 0.8416857719421387
vt 0.8506721258163452 0.8421310186386108
vt 0.8582891225814819 0.8414627313613892
vt 0.8645514249801636 0.8184775114059448
vt 0.8712854385375977 0.8181837797164917
vt 0.8776649832725525 0.8181362152099609
vt 0.8839346766471863 0.8183077573776245
vt 0.89035964012146 0.818611741065979
vt 0.8436349630355835 0.8193590641021729
vt 0.8969706892967224 0.8188254833221436
vt 0.8504989743232727 0.8192766904830933
vt 0.8575173616409302 0.818906307220459
vt 0.4708215594291687 0.9735467433929443
vt 0.46985071897506714 0.980408787727356
vt 0.4691500663757324 0.9867918491363525
vt 0.468964159488678 0.9931899309158325
vt 0.46921926736831665 0.9388343691825867
vt 0.46935421228408813 0.9452385902404785
vt 0.4700186848640442 0.9516634941101074
vt 0.4709402918815613 0.9586056470870972
vt 0.4711531400680542 0.9661078453063965
vt 0.45852917432785034 0.9733412265777588
vt 0.45836377143859863 0.9789708852767944
vt 0.4580783247947693 0.986014723777771
vt 0.45786964893341064 0.992877721786499
vt 0.4580917954444885 0.9390207529067993
vt 0.45824068784713745 0.9459176063537598
vt 0.45847201347351074 0.9530067443847656
vt 0.45859265327453613 0.9586700201034546
vt 0.45870089530944824 0.9660139679908752
vt 0.44002848863601685 0.9724527597427368
vt 0.44030261039733887 0.9790339469909668
vt 0.44041430950164795 0.9859171509742737
vt 0.4404124617576599 0.992794394493103
vt 0.4405840039253235 0.9389277696609497
vt 0.4405282139778137 0.9458436369895935
vt 0.44036948680877686 0.9527652263641357
vt 0.4400584101676941 0.9593714475631714
vt 0.439716100692749 0.9659164547920227
vt 0.3001147508621216 0.9718925952911377
vt 0.30002444982528687 0.9785604476928711
vt 0.2999477982521057 0.9854205250740051
vt 0.29976314306259155 0.9387122392654419
vt 0.299912691116333 0.9924437403678894
vt 0.2998068332672119 0.9456132650375366
vt 0.2999008297920227 0.9523442983627319
vt 0.30003035068511963 0.9588857889175415
vt 0.3001224994659424 0.96535325050354
vt 0.28371018171310425 0.9718475341796875
vt 0.2838200330734253 0.9784274697303772
vt 0.2839403748512268 0.9852967262268066
vt 0.28399336338043213 0.9386969804763794
vt 0.2840142250061035 0.9924087524414062
vt 0.2839395999908447 0.9457513093948364
vt 0.2838258147239685 0.9525556564331055
vt 0.2837117314338684 0.9590804576873779
vt 0.2836605906486511 0.965453028678894
vt 0.26754558086395264 0.971811056137085
vt 0.26766490936279297 0.9783972501754761
vt 0.26780974864959717 0.9852697849273682
vt 0.2679203748703003 0.9924036264419556
vt 0.2679501175880432 0.9385956525802612
vt 0.2679106593132019 0.9457247257232666
vt 0.2677774429321289 0.9525737762451172
vt 0.26761186122894287 0.9590942859649658
vt 0.2675110101699829 0.9654364585876465
vt 0.2515426278114319 0.9717860221862793
vt 0.25158941745758057 0.978398859500885
vt 0.2516833543777466 0.9852636456489563
vt 0.25179821252822876 0.9923867583274841
vt 0.2518531084060669 0.9384918212890625
vt 0.2518867254257202 0.945645809173584
vt 0.2518276274204254 0.9525119066238403
vt 0.25169044733047485 0.959033727645874
vt 0.2515469789505005 0.9653820991516113
vt 0.23543712496757507 0.9717463850975037
vt 0.23537060618400574 0.9783730506896973
vt 0.2353995144367218 0.9852281808853149
vt 0.23552799224853516 0.9923415184020996
vt 0.23559871315956116 0.9384089112281799
vt 0.23571398854255676 0.9455782175064087
vt 0.23574814200401306 0.9524526000022888
vt 0.23568156361579895 0.9589640498161316
vt 0.2355545163154602 0.9653156995773315
vt 0.21900352835655212 0.9717121124267578
vt 0.2188461422920227 0.9783461093902588
vt 0.21884563565254211 0.9851911067962646
vt 0.21900299191474915 0.9922984838485718
vt 0.21906989812850952 0.9383177161216736
vt 0.2192671298980713 0.9454920291900635
vt 0.219376802444458 0.9523691534996033
vt 0.21935302019119263 0.9588735103607178
vt 0.21922031044960022 0.965246319770813
vt 0.2020391821861267 0.9716402292251587
vt 0.20185619592666626 0.9782679080963135
vt 0.20186680555343628 0.9851043224334717
vt 0.20207220315933228 0.9922119379043579
vt 0.20209968090057373 0.9382717609405518
vt 0.20237907767295837 0.9454525709152222
vt 0.2025337815284729 0.9523264765739441
vt 0.20249393582344055 0.9588173627853394
vt 0.2022995948791504 0.9651786684989929
vt 0.18475618958473206 0.9715760350227356
vt 0.18454498052597046 0.9781915545463562
vt 0.1845695674419403 0.9850218892097473
vt 0.1848013699054718 0.938269853591919
vt 0.18484273552894592 0.9921268224716187
vt 0.18515387177467346 0.9454430341720581
vt 0.18535774946212769 0.9523046016693115
vt 0.1853131651878357 0.9587879180908203
vt 0.18506461381912231 0.9651310443878174
vt 0.16719761490821838 0.971648097038269
vt 0.16699710488319397 0.978280782699585
vt 0.1670892834663391 0.9850907325744629
vt 0.16733697056770325 0.9382191896438599
vt 0.16745072603225708 0.9921537637710571
vt 0.16773110628128052 0.9453407526016235
vt 0.16793891787528992 0.9521713256835938
vt 0.16784971952438354 0.9586933255195618
vt 0.16754218935966492 0.9651244878768921
vt 0.14911097288131714 0.971746027469635
vt 0.1490398645401001 0.9783923625946045
vt 0.14930832386016846 0.9851803183555603
vt 0.1496211290359497 0.9382014870643616
vt 0.14977958798408508 0.9922100901603699
vt 0.1500023603439331 0.9452656507492065
vt 0.15008628368377686 0.9520682692527771
vt 0.14984261989593506 0.9586308002471924
vt 0.1494399607181549 0.9651550054550171
vt 0.13073408603668213 0.9717922210693359
vt 0.13086572289466858 0.9784352779388428
vt 0.1313556432723999 0.9852186441421509
vt 0.1317681074142456 0.9382344484329224
vt 0.13192981481552124 0.992241621017456
vt 0.13210126757621765 0.9452669620513916
vt 0.13198426365852356 0.9520545601844788
vt 0.13152340054512024 0.9586468935012817
vt 0.13100451231002808 0.9651992321014404
vt 0.11252722144126892 0.9718750715255737
vt 0.11280569434165955 0.9785163402557373
vt 0.11345160007476807 0.9852621555328369
vt 0.11397668719291687 0.9383479356765747
vt 0.11409959197044373 0.9921812415122986
vt 0.11423400044441223 0.9452506303787231
vt 0.11396607756614685 0.9519866704940796
vt 0.11335316300392151 0.9586265087127686
vt 0.11275213956832886 0.9652504920959473
vt 0.07679226994514465 0.9720473289489746
vt 0.07710641622543335 0.9786876440048218
vt 0.07777771353721619 0.9854034185409546
vt 0.07838165760040283 0.9383059740066528
vt 0.07840734720230103 0.9923051595687866
vt 0.07858502864837646 0.9451553821563721
vt 0.07825759053230286 0.9518386125564575
vt 0.07760155200958252 0.958519458770752
vt 0.07699921727180481 0.965299129486084
vt 0.040749579668045044 0.9720312356948853
vt 0.04084038734436035 0.9786372184753418
vt 0.04126092791557312 0.9853023290634155
vt 0.041745781898498535 0.9922348260879517
vt 0.04196414351463318 0.9383958578109741
vt 0.04220050573348999 0.9452214241027832
vt 0.04203742742538452 0.9518169164657593
vt 0.04157048463821411 0.9584131240844727
vt 0.04104778170585632 0.9652252197265625
vt 0.40048080682754517 0.9734970927238464
vt 0.4004611372947693 0.9796029925346375
vt 0.4004594683647156 0.9860554933547974
vt 0.40043044090270996 0.9925773739814758
vt 0.4004322290420532 0.9388355612754822
vt 0.4003916382789612 0.9453556537628174
vt 0.40031176805496216 0.9518052339553833
vt 0.4001946449279785 0.9578742980957031
vt 0.8166890144348145 0.008995294570922852
vt 0.8964750170707703 0.009198546409606934
vt 0.903111457824707 0.4388422966003418
vt 0.9827961325645447 0.439045250415802
vt 0.8267026543617249 0.009006917476654053
vt 0.9727950692176819 0.4390336275100708
vt 0.8366945385932922 0.009077131748199463
vt 0.9628161191940308 0.43896353244781494
vt 0.8469361066818237 0.008923768997192383
vt 0.9525874853134155 0.4391167163848877
vt 0.8567259311676025 0.00946199893951416
vt 0.94281005859375 0.4385792016983032
vt 0.8664863705635071 0.009037017822265625
vt 0.9330620169639587 0.439003586769104
vt 0.8766529560089111 0.009276509284973145
vt 0.9229083061218262 0.4387645721435547
vt 0.8865406513214111 0.009230256080627441
vt 0.913033127784729 0.43881064653396606
vt 0.9032777547836304 0.45235300064086914
vt 0.9832855463027954 0.4526669383049011
vt 0.9723895788192749 0.45256996154785156
vt 0.9619452953338623 0.4519634246826172
vt 0.9519176483154297 0.45089995861053467
vt 0.9427266120910645 0.4505494236946106
vt 0.9333083033561707 0.4502485990524292
vt 0.9236252903938293 0.4511359930038452
vt 0.9137794971466064 0.4518383741378784
vt 0.40984851121902466 0.9726982116699219
vt 0.41061145067214966 0.9795209765434265
vt 0.4107387661933899 0.9860942959785461
vt 0.4107622504234314 0.9926999807357788
vt 0.41078025102615356 0.9388255476951599
vt 0.41070687770843506 0.9454796314239502
vt 0.41052716970443726 0.9521332383155823
vt 0.4097082018852234 0.9590945243835449
vt 0.4106251001358032 0.965978741645813
vt 0.3918420076370239 0.9722648859024048
vt 0.39126211404800415 0.9655753970146179
vt 0.39177757501602173 0.9589306116104126
vt 0.39152127504348755 0.9520007371902466
vt 0.3914416432380676 0.9453760385513306
vt 0.3914235830307007 0.9387361407279968
vt 0.3915063738822937 0.9925143122673035
vt 0.3915250897407532 0.9858862161636353
vt 0.39159899950027466 0.9792461395263672
vt 0.3931378722190857 0.9654471278190613
vt 0.9341638088226318 0.44454801082611084
vt 0.39396989345550537 0.9614706039428711
vt 0.9360542893409729 0.44781190156936646
vt 0.40017539262771606 0.9594571590423584
vt 0.9429416656494141 0.448866605758667
vt 0.4069042205810547 0.9616142511367798
vt 0.9495665431022644 0.4485236406326294
vt 0.4081510305404663 0.9661332368850708
vt 0.9512009620666504 0.445027232170105
vt 0.40721845626831055 0.9702263474464417
vt 0.9497771263122559 0.44135916233062744
vt 0.4005125164985657 0.9718620777130127
vt 0.9428279399871826 0.4402657151222229
vt 0.3940713405609131 0.9695576429367065
vt 0.9359045028686523 0.4413149356842041
vt 0.32449978590011597 0.9737370014190674
vt 0.324044406414032 0.9796456694602966
vt 0.32371193170547485 0.9860718846321106
vt 0.32336318492889404 0.9386543035507202
vt 0.3235599994659424 0.9926197528839111
vt 0.3234187364578247 0.9452556371688843
vt 0.32359999418258667 0.9517523050308228
vt 0.32373905181884766 0.9578347206115723
vt 0.3143976926803589 0.9720101356506348
vt 0.31332147121429443 0.9789688587188721
vt 0.3129451870918274 0.9857267141342163
vt 0.3125375509262085 0.9386148452758789
vt 0.3127860426902771 0.9925224781036377
vt 0.31265467405319214 0.9453134536743164
vt 0.3129541277885437 0.9518760442733765
vt 0.3138890266418457 0.9584392309188843
vt 0.31328707933425903 0.9649350047111511
vt 0.7497791647911072 0.6542292237281799
vt 0.9237213134765625 0.008350849151611328
vt 0.7599766254425049 0.6543015837669373
vt 0.9339227676391602 0.008423209190368652
vt 0.7698591947555542 0.6537526845932007
vt 0.9438096284866333 0.007874131202697754
vt 0.7796361446380615 0.6541529297828674
vt 0.9535905122756958 0.008274316787719727
vt 0.7898342609405518 0.6539822220802307
vt 0.9637928009033203 0.008103609085083008
vt 0.7997369766235352 0.6540292501449585
vt 0.9736995697021484 0.008150815963745117
vt 0.7296857833862305 0.6543090343475342
vt 0.8096920251846313 0.6540631055831909
vt 0.9036195278167725 0.008430659770965576
vt 0.9836587905883789 0.008184552192687988
vt 0.739741325378418 0.6542999148368835
vt 0.9136792421340942 0.008421540260314941
vt 0.9140118360519409 0.021939456462860107
vt 0.9030780792236328 0.02203500270843506
vt 0.9834426641464233 0.021666765213012695
vt 0.9728847742080688 0.021178007125854492
vt 0.9629380702972412 0.020492076873779297
vt 0.9529930949211121 0.01956266164779663
vt 0.943081259727478 0.020166993141174316
vt 0.9343026876449585 0.02065730094909668
vt 0.9244537353515625 0.02143782377243042
vt 0.33170175552368164 0.9726036787033081
vt 0.3317604660987854 0.9795256853103638
vt 0.33171355724334717 0.9861294627189636
vt 0.33146941661834717 0.9387319087982178
vt 0.33169108629226685 0.9927394986152649
vt 0.33149003982543945 0.9454044103622437
vt 0.3315417170524597 0.952111005783081
vt 0.33151793479919434 0.9591829776763916
vt 0.332075297832489 0.9659409523010254
vt 0.31571805477142334 0.9644993543624878
vt 0.9348585605621338 0.014659523963928223
vt 0.3160970211029053 0.9601300954818726
vt 0.9357583522796631 0.019053936004638672
vt 0.32364046573638916 0.9593490362167358
vt 0.9425649046897888 0.018830597400665283
vt 0.3293823003768921 0.9617342948913574
vt 0.9498768448829651 0.017127811908721924
vt 0.3300958275794983 0.9661110639572144
vt 0.9522159099578857 0.013617634773254395
vt 0.3297771215438843 0.9702539443969727
vt 0.950580894947052 0.010409295558929443
vt 0.32459598779678345 0.9723631143569946
vt 0.9436538219451904 0.00919961929321289
vt 0.3169703483581543 0.9701842665672302
vt 0.9358164072036743 0.010060906410217285
vt 0.8170019388198853 0.3479207158088684
vt 0.8965449929237366 0.3482706546783447
vt 0.8865190744400024 0.3483429551124573
vt 0.8765883445739746 0.3484668731689453
vt 0.8667441606521606 0.348541259765625
vt 0.8569345474243164 0.3485003709793091
vt 0.8470859527587891 0.34834378957748413
vt 0.837143063545227 0.34813207387924194
vt 0.827095627784729 0.3479660749435425
vt 0.8163122534751892 0.24238187074661255
vt 0.8964402675628662 0.242195725440979
vt 0.8861885070800781 0.24181413650512695
vt 0.8763699531555176 0.24128758907318115
vt 0.8673920631408691 0.2408992052078247
vt 0.8463904857635498 0.24141132831573486
vt 0.837081789970398 0.24196040630340576
vt 0.826874852180481 0.2424006462097168
vt 0.7401114106178284 0.3145298957824707
vt 0.7501242160797119 0.3143771290779114
vt 0.7600449323654175 0.31418395042419434
vt 0.7698830366134644 0.3140370845794678
vt 0.7796888947486877 0.3139934539794922
vt 0.7895224094390869 0.31405144929885864
vt 0.7994340658187866 0.31415367126464844
vt 0.7300595641136169 0.31457382440567017
vt 0.8094279766082764 0.31420886516571045
vt 0.7398669719696045 0.4200502634048462
vt 0.750108003616333 0.420462429523468
vt 0.7594180703163147 0.4209057092666626
vt 0.7805098295211792 0.42178207635879517
vt 0.7894836068153381 0.42128413915634155
vt 0.7993255853652954 0.42071008682250977
vt 0.7292594909667969 0.42007875442504883
vt 0.809603214263916 0.4202926754951477
vt 0.49391233921051025 0.9106482863426208
vt 0.8642866015434265 0.6276147365570068
vt 0.4932483434677124 0.9036974310874939
vt 0.8711544871330261 0.6269588470458984
vt 0.49242568016052246 0.8969153761863708
vt 0.8778552412986755 0.6261459589004517
vt 0.49187278747558594 0.8904727697372437
vt 0.8842208385467529 0.6255993843078613
vt 0.49183642864227295 0.8840235471725464
vt 0.8905928134918213 0.6255638599395752
vt 0.492273211479187 0.877250075340271
vt 0.49305015802383423 0.9314457178115845
vt 0.8437383770942688 0.6267629861831665
vt 0.8972852826118469 0.6259952783584595
vt 0.4936738610267639 0.924406886100769
vt 0.8506931066513062 0.6273790597915649
vt 0.4940604567527771 0.917496919631958
vt 0.8575204014778137 0.6277613639831543
vt 0.8651025295257568 0.6489219665527344
vt 0.8720709085464478 0.6485190391540527
vt 0.8784829378128052 0.6479198932647705
vt 0.8845003843307495 0.6474723815917969
vt 0.8905844688415527 0.6473864316940308
vt 0.8436183333396912 0.6480809450149536
vt 0.8970512747764587 0.6476732492446899
vt 0.8504664897918701 0.6485055685043335
vt 0.8577661514282227 0.6488786935806274
vt 0.8657496571540833 0.6704901456832886
vt 0.8724570870399475 0.6701396703720093
vt 0.8785918951034546 0.669792890548706
vt 0.884544312953949 0.6695479154586792
vt 0.8905444741249084 0.6695175170898438
vt 0.8437101244926453 0.6695995330810547
vt 0.8968853950500488 0.669770359992981
vt 0.8506175875663757 0.6700282096862793
vt 0.8582348823547363 0.6704515218734741
vt 0.8650068044662476 0.6932494640350342
vt 0.8719746470451355 0.6930550336837769
vt 0.878617525100708 0.6929092407226562
vt 0.88361656665802 0.6927491426467896
vt 0.8900848031044006 0.6926048994064331
vt 0.8437631130218506 0.6920915842056274
vt 0.8966290950775146 0.6926925182342529
vt 0.8508211374282837 0.6924756765365601
vt 0.8588817119598389 0.6930240392684937
vt 0.865031361579895 0.7164839506149292
vt 0.8717250823974609 0.7169395685195923
vt 0.8779393434524536 0.7169238328933716
vt 0.884061872959137 0.7166261672973633
vt 0.8903560638427734 0.7161828279495239
vt 0.8435004949569702 0.7151199579238892
vt 0.8968701362609863 0.7158706188201904
vt 0.8504002690315247 0.7152837514877319
vt 0.8577417135238647 0.7158169746398926
vt 0.8641657829284668 0.738540530204773
vt 0.8708360195159912 0.7387666702270508
vt 0.8773213624954224 0.7389345169067383
vt 0.8837799429893494 0.738979697227478
vt 0.8903903365135193 0.7389086484909058
vt 0.8439120054244995 0.7383379936218262
vt 0.8970602750778198 0.7387938499450684
vt 0.8506455421447754 0.7382698059082031
vt 0.8573792576789856 0.7383480072021484
vt 0.8646576404571533 0.6381716728210449
vt 0.8715929388999939 0.6377353668212891
vt 0.8781712055206299 0.6371228694915771
vt 0.8843669295310974 0.6366709470748901
vt 0.8906159996986389 0.6365817785263062
vt 0.8437216281890869 0.6374630928039551
vt 0.8972158432006836 0.6368645429611206
vt 0.8505980372428894 0.63787841796875
vt 0.8576315641403198 0.6381895542144775
vt 0.8654490113258362 0.6597362756729126
vt 0.8723354339599609 0.6593649387359619
vt 0.8785948753356934 0.6588284969329834
vt 0.8845549821853638 0.6584266424179077
vt 0.8905916213989258 0.6583482027053833
vt 0.8436646461486816 0.6587462425231934
vt 0.8969670534133911 0.6586331129074097
vt 0.8504849076271057 0.6592053174972534
vt 0.857959508895874 0.6596531867980957
vt 0.8658648729324341 0.6814035177230835
vt 0.8724105358123779 0.680901288986206
vt 0.878460705280304 0.6808278560638428
vt 0.8842817544937134 0.680829644203186
vt 0.8903976678848267 0.6808733940124512
vt 0.8437337875366211 0.6807335615158081
vt 0.896800696849823 0.6811274290084839
vt 0.8507422208786011 0.6811239719390869
vt 0.8585479259490967 0.6815000772476196
vt 0.8654300570487976 0.7053340673446655
vt 0.8719311952590942 0.705886721611023
vt 0.8780037760734558 0.7054955959320068
vt 0.8839397430419922 0.7049732208251953
vt 0.8902559280395508 0.7045329809188843
vt 0.8436275720596313 0.703560471534729
vt 0.8967463374137878 0.7043203115463257
vt 0.8505703806877136 0.7038551568984985
vt 0.8582301735877991 0.7045155763626099
vt 0.8645368814468384 0.7276030778884888
vt 0.8712871074676514 0.7278969287872314
vt 0.8776819705963135 0.7279475927352905
vt 0.8839670419692993 0.7277823686599731
vt 0.8904091715812683 0.7274892330169678
vt 0.8435632586479187 0.7267569303512573
vt 0.8970388174057007 0.7272937297821045
vt 0.8504471778869629 0.7268192768096924
vt 0.8574851751327515 0.7271788120269775
vt 0.037745118141174316 0.912588357925415
vt 0.038713425397872925 0.9194263815879822
vt 0.03941035270690918 0.9257861375808716
vt 0.03932219743728638 0.877983570098877
vt 0.039592891931533813 0.9321607351303101
vt 0.03919181227684021 0.8843679428100586
vt 0.03853321075439453 0.8907735347747803
vt 0.037618398666381836 0.8976953625679016
vt 0.03741055727005005 0.9051746129989624
vt 0.04999881982803345 0.9123814105987549
vt 0.0501636266708374 0.9179943203926086
vt 0.05044582486152649 0.9250168204307556
vt 0.05041414499282837 0.8781614303588867
vt 0.05064883828163147 0.9318597316741943
vt 0.0502716600894928 0.8850380182266235
vt 0.05004638433456421 0.8921070098876953
vt 0.049929529428482056 0.8977538347244263
vt 0.049825310707092285 0.9050765037536621
vt 0.0684528648853302 0.9114910364151001
vt 0.06817978620529175 0.9180585145950317
vt 0.06806609034538269 0.9249284267425537
vt 0.06787529587745667 0.8780509233474731
vt 0.0680626928806305 0.9317946434020996
vt 0.06793826818466187 0.8849488496780396
vt 0.06810218095779419 0.8918523192405701
vt 0.06841641664505005 0.8984414339065552
vt 0.06876245141029358 0.9049700498580933
vt 0.20825433731079102 0.9109180569648743
vt 0.20833715796470642 0.917588472366333
vt 0.20840832591056824 0.9244526624679565
vt 0.20843985676765442 0.9314813613891602
vt 0.20864897966384888 0.8778018951416016
vt 0.20859813690185547 0.8846889734268188
vt 0.20849791169166565 0.891404390335083
vt 0.2083621323108673 0.8979284763336182
vt 0.20825904607772827 0.9043813943862915
vt 0.22465106844902039 0.9108970165252686
vt 0.2245369851589203 0.9174718260765076
vt 0.2244134545326233 0.9243382215499878
vt 0.2243378460407257 0.9314488768577576
vt 0.22439438104629517 0.8778030872344971
vt 0.22444260120391846 0.8848427534103394
vt 0.2245512306690216 0.8916335105895996
vt 0.22466066479682922 0.8981468677520752
vt 0.2247059941291809 0.9045100808143616
vt 0.24080175161361694 0.9108735918998718
vt 0.24067997932434082 0.9174522161483765
vt 0.2405334711074829 0.9243185520172119
vt 0.24041005969047546 0.8777122497558594
vt 0.2404216229915619 0.9314457178115845
vt 0.2404470145702362 0.8848273754119873
vt 0.24057775735855103 0.8916648626327515
vt 0.24074065685272217 0.8981742858886719
vt 0.24083873629570007 0.9045075178146362
vt 0.25678831338882446 0.9108530879020691
vt 0.2567415237426758 0.917457640171051
vt 0.2566472291946411 0.9243149757385254
vt 0.2564775347709656 0.8776062726974487
vt 0.2565320134162903 0.9314299821853638
vt 0.25644534826278687 0.8847493529319763
vt 0.25650471448898315 0.8916054964065552
vt 0.2566412687301636 0.8981180191040039
vt 0.25678443908691406 0.9044580459594727
vt 0.2728770971298218 0.9108128547668457
vt 0.27294498682022095 0.9174315929412842
vt 0.2729172110557556 0.9242785573005676
vt 0.27270573377609253 0.8775162100791931
vt 0.27279025316238403 0.9313845634460449
vt 0.27259373664855957 0.8846777677536011
vt 0.2725617289543152 0.8915433883666992
vt 0.27263015508651733 0.8980468511581421
vt 0.2727586030960083 0.904390275478363
vt 0.28929394483566284 0.910773515701294
vt 0.2894536852836609 0.9174001216888428
vt 0.2894570231437683 0.9242372512817383
vt 0.2892095446586609 0.8774174451828003
vt 0.28930240869522095 0.931337833404541
vt 0.2890171408653259 0.8845841884613037
vt 0.28891098499298096 0.8914539217948914
vt 0.28893905878067017 0.8979501128196716
vt 0.28907424211502075 0.9043155908584595
vt 0.30624139308929443 0.9106920957565308
vt 0.3064284324645996 0.9173129200935364
vt 0.30642157793045044 0.9241430163383484
vt 0.3061540722846985 0.8773583173751831
vt 0.30621981620788574 0.9312441945075989
vt 0.3058817982673645 0.8845316767692566
vt 0.30573344230651855 0.8913981318473816
vt 0.3057783842086792 0.8978822231292725
vt 0.30597686767578125 0.9042367935180664
vt 0.3235090970993042 0.910614013671875
vt 0.32372432947158813 0.917224645614624
vt 0.323703408241272 0.9240498542785645
vt 0.323430597782135 0.8773342370986938
vt 0.32343345880508423 0.9311487674713135
vt 0.3230876922607422 0.884501039981842
vt 0.3228914737701416 0.8913571834564209
vt 0.322942316532135 0.8978357911109924
vt 0.3231961131095886 0.9041742086410522
vt 0.3410555124282837 0.9106733798980713
vt 0.34125906229019165 0.9173041582107544
vt 0.3411691188812256 0.9241111278533936
vt 0.3408092260360718 0.9311705827713013
vt 0.34088248014450073 0.8772563934326172
vt 0.340498685836792 0.8843750357627869
vt 0.340298593044281 0.8912030458450317
vt 0.3403942584991455 0.8977228999137878
vt 0.34070688486099243 0.9041517972946167
vt 0.3591381311416626 0.9107636213302612
vt 0.35921066999435425 0.9174118041992188
vt 0.3589416742324829 0.9242005944252014
vt 0.35846805572509766 0.9312304854393005
vt 0.3585970401763916 0.877210795879364
vt 0.3582254648208618 0.8842759728431702
vt 0.35814958810806274 0.8910804986953735
vt 0.35839909315109253 0.8976444005966187
vt 0.3588060140609741 0.904170036315918
vt 0.3775249123573303 0.9108085632324219
vt 0.3773919939994812 0.9174587726593018
vt 0.37689828872680664 0.9242480993270874
vt 0.3763169050216675 0.9312758445739746
vt 0.376461923122406 0.8772156238555908
vt 0.37613874673843384 0.8842542767524719
vt 0.37626343965530396 0.891048789024353
vt 0.3767300844192505 0.8976480960845947
vt 0.37725281715393066 0.9042077660560608
vt 0.39576011896133423 0.9108949899673462
vt 0.3954787850379944 0.9175505638122559
vt 0.39482682943344116 0.9243109226226807
vt 0.3941701650619507 0.9312447905540466
vt 0.3942863941192627 0.8772956132888794
vt 0.394037127494812 0.8842138051986694
vt 0.394311785697937 0.8909649848937988
vt 0.39493006467819214 0.8976185321807861
vt 0.39553457498550415 0.9042556881904602
vt 0.43160128593444824 0.9110757112503052
vt 0.4312834143638611 0.9177403450012207
vt 0.4306078553199768 0.9244797825813293
vt 0.42996954917907715 0.9314063787460327
vt 0.4299941658973694 0.8772150278091431
vt 0.42979443073272705 0.8840891718864441
vt 0.43012869358062744 0.8907963037490845
vt 0.43078744411468506 0.8974997997283936
vt 0.43139487504959106 0.9043043255805969
vt 0.46780383586883545 0.9110652208328247
vt 0.46771061420440674 0.9177008867263794
vt 0.46728724241256714 0.9243967533111572
vt 0.46657443046569824 0.8772774934768677
vt 0.466796338558197 0.9313622713088989
vt 0.4663410782814026 0.8841350078582764
vt 0.46650660037994385 0.8907608985900879
vt 0.4669784903526306 0.8973867893218994
vt 0.4675036668777466 0.904228925704956
vt 0.10797983407974243 0.9125277996063232
vt 0.10798525810241699 0.9186331033706665
vt 0.10797879099845886 0.9250818490982056
vt 0.10797905921936035 0.8779236078262329
vt 0.10800290107727051 0.9315991401672363
vt 0.10801970958709717 0.8844434022903442
vt 0.10809451341629028 0.8908919095993042
vt 0.10819888114929199 0.8969658613204956
vt 0.8166940808296204 0.23534077405929565
vt 0.8964794874191284 0.23513329029083252
vt 0.8267081379890442 0.23532885313034058
vt 0.836700439453125 0.2352581024169922
vt 0.8469419479370117 0.23541045188903809
vt 0.8567309379577637 0.2348719835281372
vt 0.8664916753768921 0.2352960705757141
vt 0.8766583800315857 0.23505622148513794
vt 0.886545717716217 0.2351018786430359
vt 0.8162062168121338 0.24898064136505127
vt 0.8963109254837036 0.24866139888763428
vt 0.8271147012710571 0.24888265132904053
vt 0.8375718593597412 0.24827635288238525
vt 0.8476101160049438 0.24721568822860718
vt 0.8567936420440674 0.2468562126159668
vt 0.8662422895431519 0.24654728174209595
vt 0.8759390115737915 0.24743986129760742
vt 0.8857961893081665 0.24814462661743164
vt 0.09859541058540344 0.9117015600204468
vt 0.09783446788787842 0.91853266954422
vt 0.09770649671554565 0.9251075983047485
vt 0.09763041138648987 0.877918541431427
vt 0.0976802408695221 0.9317116141319275
vt 0.09770697355270386 0.8845611810684204
vt 0.09788596630096436 0.8911989331245422
vt 0.0986998975276947 0.8981357216835022
vt 0.09779888391494751 0.9049822092056274
vt 0.11659455299377441 0.9113345146179199
vt 0.11716809868812561 0.904666006565094
vt 0.11664196848869324 0.8980246782302856
vt 0.11689764261245728 0.8910939693450928
vt 0.11697313189506531 0.8844669461250305
vt 0.11692202091217041 0.9315441250801086
vt 0.11699292063713074 0.8778260350227356
vt 0.11690676212310791 0.9249264001846313
vt 0.1168326735496521 0.9183002710342407
vt 0.11529940366744995 0.9045648574829102
vt 0.8654069304466248 0.24084079265594482
vt 0.11444506049156189 0.9005831480026245
vt 0.8634904623031616 0.24410057067871094
vt 0.10821077227592468 0.8985546827316284
vt 0.8565685153007507 0.2451711893081665
vt 0.10147911310195923 0.900648832321167
vt 0.8499617576599121 0.244842529296875
vt 0.100262850522995 0.9050948619842529
vt 0.8483473062515259 0.24133449792861938
vt 0.10123580694198608 0.9092134833335876
vt 0.8497581481933594 0.23765218257904053
vt 0.10795646905899048 0.9108923673629761
vt 0.856705904006958 0.23656100034713745
vt 0.11438348889350891 0.9086331725120544
vt 0.8636496067047119 0.23761427402496338
vt 0.18382984399795532 0.912826418876648
vt 0.18430638313293457 0.9187029004096985
vt 0.18464788794517517 0.9251129627227783
vt 0.18480345606803894 0.9316495656967163
vt 0.1850399374961853 0.8777308464050293
vt 0.18499049544334412 0.8843445777893066
vt 0.18481877446174622 0.8908571004867554
vt 0.18470141291618347 0.8969792723655701
vt 0.19394531846046448 0.9109979867935181
vt 0.19502833485603333 0.9179834127426147
vt 0.19540628790855408 0.9247504472732544
vt 0.1955644190311432 0.931549608707428
vt 0.19588330388069153 0.8776876926422119
vt 0.1957654356956482 0.8843820095062256
vt 0.19547179341316223 0.8909311294555664
vt 0.19455456733703613 0.8974606990814209
vt 0.19510936737060547 0.9038846492767334
vt 0.7497756481170654 0.42722755670547485
vt 0.7599719762802124 0.42715394496917725
vt 0.7698565721511841 0.42770183086395264
vt 0.7796348333358765 0.4273029565811157
vt 0.7898319363594055 0.42747408151626587
vt 0.7997345924377441 0.4274267554283142
vt 0.7296791076660156 0.42714858055114746
vt 0.8096884489059448 0.4273921847343445
vt 0.7397364974021912 0.4271577000617981
vt 0.740069568157196 0.4136538505554199
vt 0.7291491031646729 0.41355663537979126
vt 0.8094609975814819 0.4139207601547241
vt 0.7989151477813721 0.41441255807876587
vt 0.7889789342880249 0.4151017665863037
vt 0.7790488004684448 0.4160398840904236
vt 0.7691248655319214 0.41545093059539795
vt 0.760329008102417 0.4149465560913086
vt 0.7504987716674805 0.4141576290130615
vt 0.17667222023010254 0.911681592464447
vt 0.17661163210868835 0.9185896515846252
vt 0.17665818333625793 0.9251776933670044
vt 0.17668116092681885 0.9317762851715088
vt 0.17692533135414124 0.877822995185852
vt 0.17690643668174744 0.8844984769821167
vt 0.17685279250144958 0.8912104368209839
vt 0.17686918377876282 0.8982827663421631
vt 0.17630532383918762 0.9050308465957642
vt 0.19268664717674255 0.9033653736114502
vt 0.7608726620674133 0.42092424631118774
vt 0.19238388538360596 0.8991513252258301
vt 0.7617743015289307 0.4165537357330322
vt 0.1848076581954956 0.8985195755958557
vt 0.7686071395874023 0.4167923331260681
vt 0.17899015545845032 0.9008610248565674
vt 0.775945782661438 0.4184809923171997
vt 0.17827662825584412 0.9051882028579712
vt 0.7782866954803467 0.42196905612945557
vt 0.17859968543052673 0.9093483686447144
vt 0.7766384482383728 0.42516469955444336
vt 0.18372425436973572 0.9114731550216675
vt 0.7697027921676636 0.4263749122619629
vt 0.19134393334388733 0.9091619253158569
vt 0.7618550062179565 0.4255117177963257
vt 0.661543071269989 0.388558566570282
vt 0.6738855838775635 0.4286036491394043
vt 0.583251416683197 0.39460980892181396
vt 0.6220973134040833 0.39068615436553955
vt 0.5475925207138062 0.42315077781677246
vt 0.09223136305809021 0.4354824423789978
vt 0.556147575378418 0.4145957827568054
vt 0.10340815782546997 0.4354824423789978
vt 0.1145845353603363 0.4354824423789978
vt 0.5682464241981506 0.4145957827568054
vt 0.12576091289520264 0.4354824423789978
vt 0.5768013596534729 0.4231511354446411
vt 0.1369389295578003 0.4354824423789978
vt 0.5768012404441833 0.43524980545043945
vt 0.14811626076698303 0.4354824423789978
vt 0.5682461261749268 0.4438045620918274
vt 0.5561472773551941 0.4438045620918274
vt 0.0699041485786438 0.4354824423789978
vt 0.15927615761756897 0.4354824423789978
vt 0.5475924015045166 0.43524956703186035
vt 0.08105751872062683 0.4354824423789978
vt 0.6145114898681641 0.42301976680755615
vt 0.09999459981918335 0.4671708345413208
vt 0.6058746576309204 0.41459619998931885
vt 0.08882701396942139 0.4671708345413208
vt 0.593863844871521 0.41459155082702637
vt 0.07765549421310425 0.4671708345413208
vt 0.06648468971252441 0.4671708345413208
vt 0.5853579640388489 0.4231378436088562
vt 0.055312901735305786 0.4671708345413208
vt 0.585384726524353 0.4351988434791565
vt 0.0441400408744812 0.4671708345413208
vt 0.5939319133758545 0.4437093138694763
vt 0.032966554164886475 0.4671708345413208
vt 0.605993390083313 0.4436832070350647
vt 0.614503026008606 0.4351320266723633
vt 0.021808534860610962 0.4671708345413208
vt 0.11114224791526794 0.4671708345413208
vt 0.14390769600868225 0.40481889247894287
vt 0.04085218906402588 0.417402446269989
vt 0.13272154331207275 0.40481889247894287
vt 0.052950918674468994 0.4173983335494995
vt 0.12155488133430481 0.40481889247894287
vt 0.2110132873058319 0.40481889247894287
vt 0.061508893966674805 0.42595040798187256
vt 0.061513155698776245 0.4380490183830261
vt 0.19984504580497742 0.40481889247894287
vt 0.05296096205711365 0.4466071128845215
vt 0.18865835666656494 0.40481889247894287
vt 0.040862083435058594 0.44661128520965576
vt 0.17747017741203308 0.40481889247894287
vt 0.03230410814285278 0.4380589723587036
vt 0.16628283262252808 0.40481889247894287
vt 0.15509560704231262 0.40481889247894287
vt 0.03230002522468567 0.4259602427482605
vt 0.027458131313323975 0.4087591767311096
vt 0.6312552690505981 0.44371044635772705
vt 0.03863781690597534 0.4087591767311096
vt 0.6226173043251038 0.4352909326553345
vt 0.04982030391693115 0.4087591767311096
vt 0.6226174831390381 0.4231802225112915
vt 0.6311207413673401 0.4146249294281006
vt 0.0610024631023407 0.4087591767311096
vt 0.6431838274002075 0.41459155082702637
vt 0.0721859335899353 0.40875905752182007
vt 0.6517379879951477 0.4230973720550537
vt 0.08337056636810303 0.4087591767311096
vt 0.6517683863639832 0.43516016006469727
vt 0.09455546736717224 0.4087591767311096
vt 0.016298562288284302 0.4087591767311096
vt 0.10572570562362671 0.40875905752182007
vt 0.6432648301124573 0.4437105655670166
vt 0.6707561612129211 0.43619102239608765
vt 0.6680881381034851 0.4426255226135254
vt 0.09223136305809021 0.4276019334793091
vt 0.6770352721214294 0.436168372631073
vt 0.679688036441803 0.44262540340423584
vt 0.10340815782546997 0.4276019334793091
vt 0.6814614534378052 0.431721568107605
vt 0.1145845353603363 0.4276019334793091
vt 0.6879017949104309 0.43442052602767944
vt 0.6814475059509277 0.4254494309425354
vt 0.12576091289520264 0.4276019334793091
vt 0.6879110336303711 0.42280495166778564
vt 0.6770017147064209 0.4210238456726074
vt 0.1369389295578003 0.4276019334793091
vt 0.6797019839286804 0.41458284854888916
vt 0.6707289218902588 0.4210383892059326
vt 0.14811626076698303 0.4276019334793091
vt 0.6680812835693359 0.4145756959915161
vt 0.6663059592247009 0.42548394203186035
vt 0.6598607897758484 0.422793447971344
vt 0.06990447640419006 0.4276019334793091
vt 0.15927615761756897 0.4276019334793091
vt 0.6663350462913513 0.43174535036087036
vt 0.6598667502403259 0.4344245195388794
vt 0.08105751872062683 0.4276019334793091
vt 0.6296647191047668 0.38756895065307617
vt 0.6361048817634583 0.38490158319473267
vt 0.09999459981918335 0.4599416255950928
vt 0.629639744758606 0.3938305377960205
vt 0.6360994577407837 0.3964884281158447
vt 0.08882701396942139 0.4599416255950928
vt 0.6252036094665527 0.3982419967651367
vt 0.6279003620147705 0.40468811988830566
vt 0.07765549421310425 0.4599416255950928
vt 0.6189488172531128 0.3982253074645996
vt 0.06648468971252441 0.4599416255950928
vt 0.616299033164978 0.40469175577163696
vt 0.6145377159118652 0.39379024505615234
vt 0.055312901735305786 0.4599416255950928
vt 0.6080911159515381 0.39648866653442383
vt 0.6145550012588501 0.3875349760055542
vt 0.0441400408744812 0.4599416255950928
vt 0.6080893874168396 0.3848820924758911
vt 0.6189897060394287 0.3831266760826111
vt 0.032966554164886475 0.4599416255950928
vt 0.6163010001182556 0.37667566537857056
vt 0.6252338290214539 0.38315802812576294
vt 0.6279177665710449 0.37668681144714355
vt 0.021808534860610962 0.4599416255950928
vt 0.11114224791526794 0.4599416255950928
vt 0.6584308743476868 0.38097846508026123
vt 0.14390769600868225 0.4126916527748108
vt 0.6557362079620361 0.37453579902648926
vt 0.6539822220802307 0.38539934158325195
vt 0.13272154331207275 0.4126916527748108
vt 0.6475215554237366 0.3827493190765381
vt 0.6539626121520996 0.39167100191116333
vt 0.12155488133430481 0.4126916527748108
vt 0.2110132873058319 0.4126916527748108
vt 0.6475202441215515 0.3943658471107483
vt 0.6583837866783142 0.39611947536468506
vt 0.6557337045669556 0.4025803208351135
vt 0.19984477758407593 0.4126916527748108
vt 0.6646552085876465 0.3961387872695923
vt 0.6673503518104553 0.4025813341140747
vt 0.18865835666656494 0.4126916527748108
vt 0.6691036820411682 0.391717791557312
vt 0.6755646467208862 0.3943678140640259
vt 0.17747017741203308 0.4126916527748108
vt 0.6691231727600098 0.3854461908340454
vt 0.6755659580230713 0.38275146484375
vt 0.16628283262252808 0.4126916527748108
vt 0.6647024154663086 0.38099777698516846
vt 0.15509560704231262 0.4126916527748108
vt 0.6673527956008911 0.37453675270080566
vt 0.5757224559783936 0.3914758563041687
vt 0.027458131313323975 0.4015376567840576
vt 0.5692504048347473 0.3887941837310791
vt 0.5756934285163879 0.39771997928619385
vt 0.03863781690597534 0.40153753757476807
vt 0.569243311882019 0.40041089057922363
vt 0.5801029801368713 0.4021533727645874
vt 0.04982030391693115 0.40153753757476807
vt 0.5774524211883545 0.40861982107162476
vt 0.5863582491874695 0.4021683931350708
vt 0.5890586972236633 0.40861427783966064
vt 0.0610024631023407 0.40153753757476807
vt 0.5907919406890869 0.39775586128234863
vt 0.5972591638565063 0.4004034996032715
vt 0.0721859335899353 0.40153753757476807
vt 0.5908064842224121 0.39150089025497437
vt 0.5972514748573303 0.3888019919395447
vt 0.08337056636810303 0.40153753757476807
vt 0.5863931179046631 0.3870663642883301
vt 0.5890490412712097 0.38060587644577026
vt 0.09455546736717224 0.40153753757476807
vt 0.5801321268081665 0.38704347610473633
vt 0.016298294067382812 0.4015376567840576
vt 0.10572570562362671 0.40153753757476807
vt 0.5774629712104797 0.3806041479110718
vt 0.7790349721908569 0.3847046494483948
vt 0.7790360450744629 0.3958202004432678
vt 0.7877079248428345 0.38454222679138184
vt 0.7879486083984375 0.39547157287597656
vt 0.7973863482475281 0.3842509984970093
vt 0.7977244853973389 0.3949071168899536
vt 0.7293660044670105 0.3835022449493408
vt 0.8087254762649536 0.3840019106864929
vt 0.7293108105659485 0.39382338523864746
vt 0.8088611364364624 0.3944329023361206
vt 0.7404593825340271 0.4048817753791809
vt 0.7511634826660156 0.4054992198944092
vt 0.7608760595321655 0.4062640070915222
vt 0.7699174880981445 0.4068669080734253
vt 0.7790974378585815 0.40695178508758545
vt 0.78841233253479 0.40643084049224854
vt 0.7983366250991821 0.4057406187057495
vt 0.7291868925094604 0.4046623110771179
vt 0.8091955184936523 0.4051952362060547
vt 0.04291331768035889 0.912453830242157
vt 0.043483614921569824 0.918623685836792
vt 0.043987005949020386 0.9253990054130554
vt 0.043995559215545654 0.8781029582023621
vt 0.04425564408302307 0.931982159614563
vt 0.04378810524940491 0.8847163319587708
vt 0.04333680868148804 0.8915417194366455
vt 0.0428222119808197 0.8977671265602112
vt 0.0432698130607605 0.9051226377487183
vt 0.05897510051727295 0.9118813872337341
vt 0.058826565742492676 0.9178576469421387
vt 0.058846890926361084 0.9248735904693604
vt 0.05870252847671509 0.8781359195709229
vt 0.05891603231430054 0.9318056702613831
vt 0.058694928884506226 0.8850987553596497
vt 0.05873116850852966 0.8921486735343933
vt 0.05892449617385864 0.8981460332870483
vt 0.05872824788093567 0.9050198793411255
vt 0.07743799686431885 0.9115722179412842
vt 0.07723569869995117 0.9182678461074829
vt 0.07710659503936768 0.9249982833862305
vt 0.07693308591842651 0.8780268430709839
vt 0.0770750641822815 0.9317336678504944
vt 0.07701042294502258 0.884803295135498
vt 0.07718107104301453 0.8915691375732422
vt 0.07741591334342957 0.8982950448989868
vt 0.07758966088294983 0.9049425721168518
vt 0.026421070098876953 0.9131044149398804
vt 0.027883827686309814 0.9196580648422241
vt 0.02899155020713806 0.9255040884017944
vt 0.02893930673599243 0.8781285285949707
vt 0.029163479804992676 0.9321208000183105
vt 0.028746843338012695 0.8846760988235474
vt 0.027575284242630005 0.8905591368675232
vt 0.026081889867782593 0.8973586559295654
vt 0.025515764951705933 0.9053967595100403
vt 0.1732170283794403 0.43983596563339233
vt 0.17072069644927979 0.4402505159378052
vt 0.018631398677825928 0.9127905964851379
vt 0.01496344804763794 0.9124579429626465
vt 0.1675666868686676 0.4404297471046448
vt 0.17289811372756958 0.4387630820274353
vt 0.17046284675598145 0.4372982978820801
vt 0.02042338252067566 0.9185706377029419
vt 0.016167044639587402 0.91768878698349
vt 0.1676281988620758 0.43495869636535645
vt 0.1737251579761505 0.437949001789093
vt 0.1726129651069641 0.43514537811279297
vt 0.02173382043838501 0.9247533082962036
vt 0.016992390155792236 0.92439204454422
vt 0.17157921195030212 0.43128740787506104
vt 0.17500633001327515 0.4379730224609375
vt 0.17601093649864197 0.4351165294647217
vt 0.021798282861709595 0.8784068822860718
vt 0.02185043692588806 0.9318311214447021
vt 0.01704743504524231 0.9311947822570801
vt 0.017207711935043335 0.8789190053939819
vt 0.1773412823677063 0.4312889575958252
vt 0.17602115869522095 0.438804030418396
vt 0.1786942183971405 0.4373117685317993
vt 0.02150854468345642 0.8852142095565796
vt 0.016877442598342896 0.885241687297821
vt 0.18193814158439636 0.4349074363708496
vt 0.17599782347679138 0.4399310350418091
vt 0.17897969484329224 0.44041693210601807
vt 0.01975265145301819 0.891321063041687
vt 0.014964938163757324 0.8914443254470825
vt 0.18290099501609802 0.4402045011520386
vt 0.17515355348587036 0.44058752059936523
vt 0.17676016688346863 0.44265782833099365
vt 0.01762300729751587 0.8980196714401245
vt 0.013055354356765747 0.8988620042800903
vt 0.1790151298046112 0.4451655149459839
vt 0.1740427017211914 0.44057726860046387
vt 0.17324665188789368 0.44267165660858154
vt 0.017259269952774048 0.906033992767334
vt 0.013345867395401001 0.9068928956985474
vt 0.17217549681663513 0.4453853368759155
vt 0.550225019454956 0.4242026209831238
vt 0.739065408706665 0.006987094879150391
vt 0.5501978397369385 0.4341318607330322
vt 0.729097306728363 0.007016897201538086
vt 0.8087928295135498 0.0068100690841674805
vt 0.5571992993354797 0.44117212295532227
vt 0.7988344430923462 0.006831645965576172
vt 0.7888752818107605 0.00685429573059082
vt 0.5671284794807434 0.44119948148727417
vt 0.7789155840873718 0.0068776607513427734
vt 0.5741687417030334 0.43419790267944336
vt 0.768954873085022 0.006902813911437988
vt 0.5741961002349854 0.4242687225341797
vt 0.7589935660362244 0.0069293975830078125
vt 0.5671944618225098 0.41722846031188965
vt 0.5572652220726013 0.41720104217529297
vt 0.7490307092666626 0.006957530975341797
vt 0.6118859648704529 0.42411601543426514
vt 0.8162492513656616 0.6187693476676941
vt 0.8961725234985352 0.6189370155334473
vt 0.6048479676246643 0.4171109199523926
vt 0.8262488842010498 0.6187961101531982
vt 0.5949053168296814 0.41716480255126953
vt 0.8362443447113037 0.6188215017318726
vt 0.8462363481521606 0.6188448667526245
vt 0.587913990020752 0.42422568798065186
vt 0.8562235832214355 0.6188675165176392
vt 0.5879618525505066 0.43416112661361694
vt 0.8662117719650269 0.6188878417015076
vt 0.5950204133987427 0.4411534070968628
vt 0.8761981725692749 0.618905782699585
vt 0.6049556136131287 0.44110649824142456
vt 0.6119471788406372 0.43404269218444824
vt 0.8861854076385498 0.6189222931861877
vt 0.9130141735076904 0.42881786823272705
vt 0.04190516471862793 0.42003458738327026
vt 0.9030413627624512 0.4287877678871155
vt 0.9827762842178345 0.4289935827255249
vt 0.05183413624763489 0.42000406980514526
vt 0.9728130102157593 0.4289722442626953
vt 0.058876872062683105 0.42700326442718506
vt 0.05890730023384094 0.4369323253631592
vt 0.9628497362136841 0.4289499521255493
vt 0.05190816521644592 0.44397497177124023
vt 0.9528844356536865 0.4289265275001526
vt 0.0419788658618927 0.4440056085586548
vt 0.9429194331169128 0.428901731967926
vt 0.03493630886077881 0.4370063543319702
vt 0.9329524040222168 0.4288749694824219
vt 0.9229849576950073 0.42884719371795654
vt 0.03490573167800903 0.4270772933959961
vt 0.9034125208854675 0.8221588134765625
vt 0.9832335710525513 0.8219935894012451
vt 0.6322810649871826 0.44119536876678467
vt 0.9732469320297241 0.8220199346542358
vt 0.6252425312995911 0.43419313430786133
vt 0.9632633924484253 0.8220446109771729
vt 0.6251741051673889 0.42426806688308716
vt 0.632159948348999 0.4172012209892273
vt 0.9532856941223145 0.8220686316490173
vt 0.642096757888794 0.4171481728553772
vt 0.9433090686798096 0.8220900893211365
vt 0.6491615772247314 0.4241361618041992
vt 0.9333354234695435 0.8221108317375183
vt 0.6492120623588562 0.4340730905532837
vt 0.9233607053756714 0.8221282362937927
vt 0.9133872985839844 0.8221443891525269
vt 0.6422221660614014 0.4411379098892212
vt 0.9031975269317627 0.535164475440979
vt 0.9832339286804199 0.535033643245697
vt 0.9140857458114624 0.5353236198425293
vt 0.9239499568939209 0.535531759262085
vt 0.9331248998641968 0.5356602668762207
vt 0.9420808553695679 0.5356445908546448
vt 0.9512362480163574 0.5354835987091064
vt 0.9610546827316284 0.5352396368980408
vt 0.971840500831604 0.5350289344787598
vt 0.9034838676452637 0.5241110920906067
vt 0.9832693338394165 0.5240541696548462
vt 0.9036903381347656 0.5134687423706055
vt 0.9832056760787964 0.5135273337364197
vt 0.914717435836792 0.5244062542915344
vt 0.9150749444961548 0.513683557510376
vt 0.9244614839553833 0.5247116684913635
vt 0.9247379302978516 0.5138797163963318
vt 0.9332834482192993 0.5248960256576538
vt 0.9333688020706177 0.5139992833137512
vt 0.9418302774429321 0.5248965620994568
vt 0.9416979551315308 0.5140140652656555
vt 0.9506228566169739 0.5247145891189575
vt 0.9502978324890137 0.5139265060424805
vt 0.9602988362312317 0.5244167447090149
vt 0.9598809480667114 0.5137702822685242
vt 0.9713897109031677 0.5241423845291138
vt 0.9711027145385742 0.5136083960533142
vt 0.9038059711456299 0.50295090675354
vt 0.9831520318984985 0.5031721591949463
vt 0.9038748741149902 0.4924459457397461
vt 0.9831286668777466 0.4928344488143921
vt 0.9152480363845825 0.5030437707901001
vt 0.915287971496582 0.4924197793006897
vt 0.9248816967010498 0.503108024597168
vt 0.9249136447906494 0.4923589825630188
vt 0.9334228038787842 0.503152072429657
vt 0.9334527254104614 0.49233412742614746
vt 0.9416490197181702 0.5031787157058716
vt 0.941684365272522 0.49236786365509033
vt 0.950157880783081 0.5031903386116028
vt 0.9501907229423523 0.4924657344818115
vt 0.9597090482711792 0.503193736076355
vt 0.9597378373146057 0.4926189184188843
vt 0.9709765911102295 0.503191351890564
vt 0.970983624458313 0.4927787780761719
vt 0.9038915634155273 0.48205918073654175
vt 0.9831254482269287 0.48259246349334717
vt 0.9037949442863464 0.47166740894317627
vt 0.9831668138504028 0.4722692370414734
vt 0.9151784181594849 0.48184406757354736
vt 0.9148609042167664 0.471227765083313
vt 0.9248142242431641 0.4815707206726074
vt 0.924569308757782 0.4706876277923584
vt 0.9334524869918823 0.48141491413116455
vt 0.933415949344635 0.47034335136413574
vt 0.9418087005615234 0.4814492464065552
vt 0.9420179128646851 0.47036707401275635
vt 0.950416088104248 0.4816851019859314
vt 0.9508365988731384 0.4707801342010498
vt 0.9599829912185669 0.4820665717124939
vt 0.960491418838501 0.47143274545669556
vt 0.9711407423019409 0.48244935274124146
vt 0.9714803695678711 0.4720393419265747
vt 0.9034886360168457 0.46095144748687744
vt 0.9832743406295776 0.4614373445510864
vt 0.9142786264419556 0.4604429006576538
vt 0.9241109490394592 0.4597926139831543
vt 0.9332963228225708 0.4592997431755066
vt 0.9423341751098633 0.45928776264190674
vt 0.9514898657798767 0.4598191976547241
vt 0.9612752795219421 0.46059662103652954
vt 0.9720019698143005 0.4612276554107666
vt 0.9146009683609009 0.10461580753326416
vt 0.9253895282745361 0.10481321811676025
vt 0.9352124929428101 0.10504955053329468
vt 0.9443714618682861 0.10520780086517334
vt 0.9533333778381348 0.10522603988647461
vt 0.9625140428543091 0.10510563850402832
vt 0.9723906517028809 0.1049109697341919
vt 0.9032070636749268 0.10464274883270264
vt 0.9832961559295654 0.10476940870285034
vt 0.9150371551513672 0.09371709823608398
vt 0.9153165817260742 0.08316433429718018
vt 0.926135778427124 0.09398365020751953
vt 0.9265531301498413 0.08332568407058716
vt 0.935824990272522 0.09427881240844727
vt 0.9361435174942017 0.08348345756530762
vt 0.9446211457252502 0.09446114301681519
vt 0.9447528123855591 0.08357280492782593
vt 0.9531771540641785 0.09446358680725098
vt 0.9530950784683228 0.0835617184638977
vt 0.9620051383972168 0.09428548812866211
vt 0.9617379903793335 0.08344948291778564
vt 0.9717651605606079 0.09399139881134033
vt 0.9714187979698181 0.08326387405395508
vt 0.9031436443328857 0.09364604949951172
vt 0.9830268621444702 0.09371078014373779
vt 0.9031904935836792 0.08308804035186768
vt 0.9828293323516846 0.08306443691253662
vt 0.9154448509216309 0.07272827625274658
vt 0.9154384136199951 0.062303125858306885
vt 0.9267190098762512 0.07273459434509277
vt 0.9266847968101501 0.06214499473571777
vt 0.936279296875 0.07273399829864502
vt 0.9362348318099976 0.061992764472961426
vt 0.9447991251945496 0.07272469997406006
vt 0.9447617530822754 0.06189560890197754
vt 0.95304274559021 0.07270300388336182
vt 0.9530094861984253 0.061864495277404785
vt 0.9616023898124695 0.0726664662361145
vt 0.9615812301635742 0.06189680099487305
vt 0.9712623953819275 0.07261478900909424
vt 0.971234142780304 0.06197202205657959
vt 0.9032506942749023 0.0726999044418335
vt 0.9827280044555664 0.07254260778427124
vt 0.9032968878746033 0.06235337257385254
vt 0.9826866388320923 0.062026917934417725
vt 0.9152793884277344 0.051965415477752686
vt 0.9149283170700073 0.04154759645462036
vt 0.9264273643493652 0.05158126354217529
vt 0.925906777381897 0.04094064235687256
vt 0.9359941482543945 0.051195621490478516
vt 0.9355373978614807 0.04028099775314331
vt 0.9446123838424683 0.05095255374908447
vt 0.9443472623825073 0.039842963218688965
vt 0.9529986381530762 0.05091249942779541
vt 0.9529976844787598 0.039791226387023926
vt 0.9616763591766357 0.051074087619781494
vt 0.9619154930114746 0.0401378870010376
vt 0.9713611006736755 0.051364898681640625
vt 0.9716982841491699 0.04070073366165161
vt 0.9032990336418152 0.05211782455444336
vt 0.9827080965042114 0.0516132116317749
vt 0.9032419323921204 0.041788578033447266
vt 0.9828436374664307 0.04117417335510254
vt 0.9144008159637451 0.03072035312652588
vt 0.9251156449317932 0.03010457754135132
vt 0.9348360300064087 0.029343485832214355
vt 0.943875789642334 0.028743982315063477
vt 0.9530544281005859 0.02865457534790039
vt 0.9623758792877197 0.029171109199523926
vt 0.972308874130249 0.02985846996307373
vt 0.9031162261962891 0.030939817428588867
vt 0.9831780791282654 0.03040224313735962
vt 0.46563607454299927 0.9734125137329102
vt 0.46506452560424805 0.9796032309532166
vt 0.4645572304725647 0.986401379108429
vt 0.4642835855484009 0.9930064678192139
vt 0.4645305871963501 0.9389572143554688
vt 0.46474337577819824 0.9455909729003906
vt 0.4652007818222046 0.952436089515686
vt 0.465721070766449 0.9586800932884216
vt 0.4652758836746216 0.9660578966140747
vt 0.4495283365249634 0.9728410243988037
vt 0.4496768116950989 0.9788329005241394
vt 0.44965434074401855 0.9858666658401489
vt 0.44957929849624634 0.9928154945373535
vt 0.4497795104980469 0.9390035271644592
vt 0.44979405403137207 0.9459856748580933
vt 0.4497632384300232 0.9530549049377441
vt 0.44957345724105835 0.9590685367584229
vt 0.44977372884750366 0.965961217880249
vt 0.4310264587402344 0.9725390076637268
vt 0.43123042583465576 0.9792444109916687
vt 0.4313594102859497 0.9859825372695923
vt 0.4313889145851135 0.992723822593689
vt 0.4315081834793091 0.9389138221740723
vt 0.43143683671951294 0.9457063674926758
vt 0.4312708377838135 0.9524896144866943
vt 0.4310402274131775 0.9592326879501343
vt 0.4308706521987915 0.9658972024917603
vt 0.48218733072280884 0.9740597009658813
vt 0.48072123527526855 0.9806408286094666
vt 0.4796086549758911 0.9865100383758545
vt 0.4794345498085022 0.99315345287323
vt 0.4796357750892639 0.9389744400978088
vt 0.47983163595199585 0.9455432891845703
vt 0.48100966215133667 0.9514437913894653
vt 0.4825112223625183 0.958261251449585
vt 0.483087956905365 0.9663214683532715
vt 0.48835861682891846 0.4167875051498413
vt 0.48995593190193176 0.4189155101776123
vt 0.490011990070343 0.9737355709075928
vt 0.49220287799835205 0.4214857816696167
vt 0.4937024712562561 0.9733922481536865
vt 0.4893006682395935 0.4161994457244873
vt 0.49220600724220276 0.41669249534606934
vt 0.48821455240249634 0.97954922914505
vt 0.4924936294555664 0.9786680340766907
vt 0.49614453315734863 0.4165017008781433
vt 0.4892343580722809 0.4150243401527405
vt 0.49191543459892273 0.4135984778404236
vt 0.48689621686935425 0.98575758934021
vt 0.4916572570800781 0.9853971004486084
vt 0.49518367648124695 0.4112478494644165
vt 0.4882121682167053 0.4141894578933716
vt 0.4892309010028839 0.4114065170288086
vt 0.48677778244018555 0.9928634166717529
vt 0.4868007302284241 0.939251184463501
vt 0.4905689060688019 0.40760451555252075
vt 0.49140745401382446 0.9397647380828857
vt 0.49160003662109375 0.9922252893447876
vt 0.4869033992290497 0.4141571521759033
vt 0.48579666018486023 0.411410927772522
vt 0.48709285259246826 0.9460821747779846
vt 0.4847579300403595 0.4076026678085327
vt 0.4917382597923279 0.9461107850074768
vt 0.4862072467803955 0.41499412059783936
vt 0.4836398959159851 0.41357922554016113
vt 0.488852858543396 0.9522066116333008
vt 0.4808167517185211 0.4112739562988281
vt 0.49364984035491943 0.9523338079452515
vt 0.4864036440849304 0.4160313606262207
vt 0.483890175819397 0.416472852230072
vt 0.4909907579421997 0.9589143991470337
vt 0.4807397723197937 0.4166470766067505
vt 0.49556440114974976 0.9597501754760742
vt 0.48723089694976807 0.41678518056869507
vt 0.48641106486320496 0.41887611150741577
vt 0.49137240648269653 0.9669414758682251
vt 0.4853315055370331 0.4216156005859375
vt 0.49529922008514404 0.9677819609642029
vt 0.8162573575973511 0.33144092559814453
vt 0.8963954448699951 0.3315737247467041
vt 0.8854933977127075 0.3317334055900574
vt 0.8756171464920044 0.3319413661956787
vt 0.8664302229881287 0.33207035064697266
vt 0.8574630618095398 0.33205461502075195
vt 0.8482961654663086 0.33189332485198975
vt 0.8384655714035034 0.33164870738983154
vt 0.827666163444519 0.3314371705055237
vt 0.8162242770195007 0.3204481601715088
vt 0.8961083889007568 0.3205057382583618
vt 0.8162899017333984 0.30991071462631226
vt 0.8959006667137146 0.30984967947006226
vt 0.884860634803772 0.32080185413360596
vt 0.8845017552375793 0.3100656270980835
vt 0.8751043081283569 0.3211076855659485
vt 0.8748269081115723 0.3102625608444214
vt 0.8662711381912231 0.32129281759262085
vt 0.8661848306655884 0.310382604598999
vt 0.8577134013175964 0.32129329442977905
vt 0.8578456044197083 0.3103976249694824
vt 0.8489099740982056 0.32111120223999023
vt 0.8492347598075867 0.31031036376953125
vt 0.839222252368927 0.3208129405975342
vt 0.839640736579895 0.3101535439491272
vt 0.828118085861206 0.32053762674331665
vt 0.828405499458313 0.3099917769432068
vt 0.8163427114486694 0.29954421520233154
vt 0.8957846164703369 0.2993188500404358
vt 0.8163642883300781 0.28919458389282227
vt 0.8957140445709229 0.2888009548187256
vt 0.8843278884887695 0.2994125485420227
vt 0.8842871189117432 0.28877532482147217
vt 0.8746817111968994 0.2994774580001831
vt 0.8746492266654968 0.2887148857116699
vt 0.8661304116249084 0.2995220422744751
vt 0.8661000728607178 0.28869080543518066
vt 0.8578941822052002 0.2995489835739136
vt 0.8578578233718872 0.2887251377105713
vt 0.8493746519088745 0.299561083316803
vt 0.8493416905403137 0.28882360458374023
vt 0.8398120403289795 0.2995648980140686
vt 0.8397824764251709 0.2889777421951294
vt 0.8285312056541443 0.2995626926422119
vt 0.8285238742828369 0.28913813829421997
vt 0.8163672089576721 0.27894020080566406
vt 0.895696759223938 0.2784011960029602
vt 0.8163266181945801 0.26860523223876953
vt 0.895792543888092 0.267997145652771
vt 0.8843958973884583 0.2781864404678345
vt 0.8847132921218872 0.2675570845603943
vt 0.8747482299804688 0.2779134511947632
vt 0.8749917149543762 0.2670170068740845
vt 0.8660992383956909 0.27775830030441284
vt 0.8661341667175293 0.26667284965515137
vt 0.857732355594635 0.27779334783554077
vt 0.8575206398963928 0.2666979432106018
vt 0.8491151928901672 0.2780303955078125
vt 0.8486925363540649 0.2671126127243042
vt 0.8395367860794067 0.27841341495513916
vt 0.8390268087387085 0.2677668333053589
vt 0.8283661603927612 0.27879661321640015
vt 0.8280261754989624 0.26837480068206787
vt 0.8162186145782471 0.2577611804008484
vt 0.896098792552948 0.257269024848938
vt 0.885296106338501 0.25675952434539795
vt 0.8754506707191467 0.2561078667640686
vt 0.8662523031234741 0.25561439990997314
vt 0.85719895362854 0.25560522079467773
vt 0.8480368256568909 0.25614047050476074
vt 0.8382419943809509 0.2569187879562378
vt 0.8275030255317688 0.2575509548187256
vt 0.7406550645828247 0.33103084564208984
vt 0.7514384984970093 0.330832839012146
vt 0.7612568140029907 0.3305966258049011
vt 0.7704112529754639 0.3304385542869568
vt 0.7793689370155334 0.33041977882385254
vt 0.7885454893112183 0.33054041862487793
vt 0.7984172105789185 0.33073514699935913
vt 0.7292658090591431 0.3310040235519409
vt 0.8093183636665344 0.330876886844635
vt 0.7410911321640015 0.34192436933517456
vt 0.7413712739944458 0.35247212648391724
vt 0.7521843910217285 0.3416571021080017
vt 0.7526022791862488 0.3523099422454834
vt 0.761868953704834 0.34136199951171875
vt 0.7621878385543823 0.35215169191360474
vt 0.7706608772277832 0.34117960929870605
vt 0.7707924842834473 0.35206228494644165
vt 0.779212474822998 0.34117716550827026
vt 0.7791305780410767 0.35207319259643555
vt 0.7880361080169678 0.34135496616363525
vt 0.7877687811851501 0.35218560695648193
vt 0.7977913618087769 0.34164977073669434
vt 0.7974444031715393 0.3523712754249573
vt 0.729202389717102 0.3419964909553528
vt 0.8090479969978333 0.3419307470321655
vt 0.7292509078979492 0.35255032777786255
vt 0.8088487982749939 0.35257166624069214
vt 0.7415006160736084 0.36290299892425537
vt 0.7414954304695129 0.373322069644928
vt 0.7527687549591064 0.3628956079483032
vt 0.7527351379394531 0.3734787702560425
vt 0.7623237371444702 0.3628953695297241
vt 0.7622796297073364 0.37363094091415405
vt 0.7708390951156616 0.3629043698310852
vt 0.7708017826080322 0.37372756004333496
vt 0.7790783643722534 0.36292606592178345
vt 0.7790454030036926 0.3737581968307495
vt 0.787632942199707 0.36296242475509644
vt 0.7876120209693909 0.373725950717926
vt 0.7972874641418457 0.3630141615867615
vt 0.7972590327262878 0.3736504912376404
vt 0.7293136119842529 0.3629333972930908
vt 0.8087464570999146 0.3630869388580322
vt 0.7293621301651001 0.37327373027801514
vt 0.8087042570114136 0.3735954761505127
vt 0.7413372993469238 0.383652925491333
vt 0.7409869432449341 0.39406347274780273
vt 0.7524776458740234 0.3840366005897522
vt 0.7519568204879761 0.3946707844734192
vt 0.762039065361023 0.3844223618507385
vt 0.761581540107727 0.3953312039375305
vt 0.7706528902053833 0.3846648931503296
vt 0.7703884840011597 0.39576947689056396
vt 0.4877277612686157 0.41552913188934326
vt 0.17450594902038574 0.4393154978752136
vn 0.9957083184530349 0.08936619297977168 0.02405469009844084
vn 0.727699157705252 0.6588053677319669 0.19086493476439048
vn -0.0002228834194709916 0.9529682968489281 0.3030699185399873
vn -0.9957082470618959 0.08936770438980911 0.024052029956372102
vn -0.7277002537067933 0.6588046734054632 0.19086315268848877
vn 0.00022533534414294785 0.9529670420391243 0.3030738623028795
vn -0.2841538844629943 -0.9082791393788804 -0.3070595624854433
vn 0.2841296158062091 -0.9082740184643306 -0.3070971650870012
vn 0.20543384856178157 -0.9495355534763109 -0.23702144744628298
vn 0.7551140371974584 -0.6366821179051272 -0.1563287291805231
vn 0.942271547170248 -0.3245563656778317 -0.08238626640032184
vn -0.20543541597340634 -0.9495359239987494 -0.23701860454334508
vn -0.7551108537533292 -0.6366859026825751 -0.15632869176575728
vn -0.9422638534545654 -0.32457901381700827 -0.08238503664217009
vn -0.9970731277723265 -0.07453838393800069 -0.01700609285583188
vn -0.7688126938342233 -0.6217259699395559 -0.1496123661402468
vn -0.7688126938342233 -0.6217259699395559 -0.1496123661402468
vn 0.997073139795007 -0.07453879016280171 -0.017003607275876863
vn 0.7688125667929607 -0.6217239738458894 -0.14962131361037828
vn 0.7688125667929607 -0.6217239738458894 -0.14962131361037828
vn 0.18261270917274727 0.9656900937619267 0.18464896766207753
vn 0.18261270917274727 0.9656900937619267 0.18464896766207753
vn -0.05265117225012856 0.982369025797814 0.17938492471147377
vn -0.05265117225012856 0.982369025797814 0.17938492471147377
vn 0.11371115850020294 0.9790933397139966 0.16865943365324715
vn 0.11371115850020294 0.9790933397139966 0.16865943365324715
vn -0.1137312673067403 0.9790894581876481 0.16866840754160342
vn -0.1137312673067403 0.9790894581876481 0.16866840754160342
vn 0.052657327141133865 0.9823692178887568 0.17938206611304217
vn 0.052657327141133865 0.9823692178887568 0.17938206611304217
vn -0.1826204841900373 0.9656897182157526 0.18464324219038364
vn -0.1826204841900373 0.9656897182157526 0.18464324219038364
vn -0.2455281425131826 -0.006039999690840105 0.96937064616057
vn -0.2455281425131826 -0.006039999690840105 0.96937064616057
vn 0.09441964153867222 0.016538291864058346 0.995395105570611
vn 0.09441964153867222 0.016538291864058346 0.995395105570611
vn -0.2013099012520054 0.007581130110641535 0.979498264482461
vn -0.2013099012520054 0.007581130110641535 0.979498264482461
vn 0.20122088625276738 0.007687627750848005 0.9795157248943047
vn 0.20122088625276738 0.007687627750848005 0.9795157248943047
vn -0.09427263020322299 0.01638384939314891 0.9954115936001695
vn -0.09427263020322299 0.01638384939314891 0.9954115936001695
vn 0.24553517600047398 -0.005905299924881957 0.969369694584689
vn 0.24553517600047398 -0.005905299924881957 0.969369694584689
vn 0.06288516814140922 0.08742305007519144 0.9941844225008646
vn -0.6743991325819909 0.13146668904939127 0.7265688677909677
vn -0.9903262628084905 0.10393632711693339 0.09193004458396875
vn -0.9912448812333045 0.09016217349416036 -0.09645915145584298
vn -0.7411541808898081 0.03347762987954362 -0.670499611071629
vn -0.7411541808898081 0.03347762987954362 -0.670499611071629
vn -0.05444739362287511 -0.05010180182812757 -0.99725888854462
vn 0.4947712495371551 -0.09707088168517675 -0.8635847697593473
vn 0.8490369431004235 -0.11433242353417064 -0.5158142748892193
vn 0.0519884031674898 -0.09243993269686306 -0.9943601283132252
vn -0.05193889481075418 -0.09257714392365719 -0.9943499502834885
vn -0.8489293362647748 -0.11435085409199382 -0.5159872713521917
vn -0.4949388312383944 -0.09709770601526817 -0.8634857201013488
vn 0.054303456564717856 -0.05011385321060349 -0.9972661311412867
vn 0.7410135589473933 0.03339217478951464 -0.6706592787093494
vn 0.7410135589473933 0.03339217478951464 -0.6706592787093494
vn 0.9912573353689069 0.0900772853455974 -0.09641046489931598
vn 0.9903300258000058 0.10384617472162473 0.09199136913127016
vn 0.6743985512292935 0.13142444712490417 0.7265770494570711
vn -0.06281186784931385 0.08745907448502915 0.9941858878235509
vn -0.041760811963642175 -0.04574847768595554 -0.9980797119336485
vn 0.42138806519525474 0.4611124128648425 -0.7809016847292385
vn -0.4862448684310303 0.481636773633419 -0.7291035222850597
vn -0.04733885883953522 -0.04336889546226535 -0.9979369576031111
vn 0.04447638126364872 -0.9875942208685949 -0.15059716603124834
vn 0.20587401397782684 -0.9784728917831427 0.014376731693670835
vn -0.3008058364344983 -0.9476429804892703 0.10718502832184343
vn -0.04522934214783318 -0.9875058600110238 -0.15095192298464602
vn 0.047488585256650305 -0.043512400681889225 -0.9979235969037011
vn 0.48628160382888413 0.4814372658276642 -0.7292107794389708
vn -0.42162198885374086 0.46120790523619737 -0.7807190062132822
vn 0.04172991869101614 -0.04595278512251374 -0.9980716183849361
vn 0.045227315771372095 -0.9875063190761464 -0.15094952697109254
vn 0.3008079007907973 -0.9476422561413861 0.10718563894989555
vn -0.2060180270455378 -0.9784431286642963 0.01433933408102887
vn -0.04447551445007754 -0.9875946046775789 -0.15059490504707615
vn 0.11922043680541909 -0.04883625101729853 -0.9916660264597656
vn 0.48982578980934 0.5333336913894813 -0.6896563414241371
vn 0.17513431449610947 -0.9575564993010155 -0.2289399976683021
vn 0.2895226035736185 -0.9570337444335577 0.016219557189920887
vn -0.4898838084902273 0.5334675617070711 -0.6895115769770821
vn -0.11932631578333656 -0.04868773369476409 -0.9916605946336898
vn -0.2894312411550287 -0.9570613404920711 0.016221811827896622
vn -0.17511852070843958 -0.9575575204780893 -0.22894780776574683
vn -0.000005858543073952885 -0.5492473442176486 -0.8356598320103324
vn 0.0000057170548689109535 -0.41027053201073965 -0.9119638647067877
vn 0.000008306939054544238 -0.7251363461506549 -0.6886053146921479
vn 0.000003580258673640157 -0.9970827805375925 -0.07632777176496781
vn -0.000009432065426973418 -0.578649737582147 0.8155761651171204
vn -0.000009432065426973418 -0.578649737582147 0.8155761651171204
vn -8.053627020112415e-7 -0.12101366786889928 0.9926508410253159
vn -2.4014664337893643e-7 0.12225004779781949 0.9924993329032383
vn -3.446127445735201e-7 0.5430647893150661 0.8396907970235615
vn -0.000011882686879219499 0.9781922396157335 0.20770157008158896
vn 0.000007635447807444515 0.9966609655639275 0.08165120735714751
vn 0.000007635447807444515 0.9966609655639275 0.08165120735714751
vn 0.000007635447807444515 0.9966609655639275 0.08165120735714751
vn 0.04466152984369749 -0.049340852136882066 -0.9977829563900292
vn 0.08415192178706632 -0.1410257039928408 -0.9864229340768934
vn 0.7749722561963007 -0.03466610593477854 -0.6310437886750285
vn -0.7250638486066552 -0.12070397836063992 -0.6780213603210591
vn 0.016600368189861787 -0.15434442372550802 -0.9878776374839153
vn 0.08856429564594347 -0.23400063392565557 -0.9681942309573679
vn 0.7575537139331209 -0.1484991047917438 -0.6356574442120424
vn -0.7159305979901014 -0.20111641762475052 -0.6685772695981541
vn 0.009557335058036395 -0.2563011442603683 -0.9665497301212258
vn 0.072663697028913 -0.3544275514729643 -0.9322559186677066
vn 0.7439905947473733 -0.23944526738220517 -0.623814041887255
vn -0.7119311632498304 -0.27206954138998385 -0.6474041886191247
vn -0.0009720501736419961 -0.36709112322899645 -0.9301844775983601
vn 0.05514603340017842 -0.47515590766892835 -0.878171838769351
vn 0.7346967240740488 -0.3235438334538802 -0.5962718435988982
vn -0.7067466076010598 -0.3533454088256152 -0.6129080311973834
vn -0.013782957828046971 -0.4852233620370144 -0.8742816016633354
vn 0.043348445167139364 -0.6240581083822495 -0.7801745892195927
vn 0.7360306309429252 -0.4225737410739405 -0.5288575835407238
vn -0.7096729440025997 -0.4512938282694948 -0.5410158898928445
vn -0.02076326618769309 -0.6302342188726061 -0.7761273839642917
vn 0.0343071913052715 -0.7444039213084122 -0.6668476726850017
vn 0.7373632732292633 -0.519014116134482 -0.43234216836409717
vn -0.7107223124518048 -0.5423606521347833 -0.44801642559072735
vn -0.02391841086783891 -0.7419883641295981 -0.669985952925761
vn -0.003921135194472409 -0.9856173058690465 -0.16894718426250668
vn -0.028401698436070853 0.9794025255247353 0.1999100710862684
vn 0.30680968135577996 0.6726112751194733 0.6733957914989674
vn 0.30680968135577996 0.6726112751194733 0.6733957914989674
vn -0.32785018124172455 0.6650088791349157 0.6710271599059844
vn -0.32785018124172455 0.6650088791349157 0.6710271599059844
vn 0.32564596148113784 0.5683652379194618 0.7555896135441373
vn 0.32564596148113784 0.5683652379194618 0.7555896135441373
vn -0.3560893376314302 0.5597218493123843 0.7482725673359499
vn -0.3560893376314302 0.5597218493123843 0.7482725673359499
vn 0.33407239732026833 0.4358576058891474 0.8357175244885496
vn 0.33407239732026833 0.4358576058891474 0.8357175244885496
vn -0.3836728637035279 0.42381259537861404 0.8204742638596151
vn -0.3836728637035279 0.42381259537861404 0.8204742638596151
vn 0.34088740017737534 0.3304029728822122 0.8801304766402002
vn 0.34088740017737534 0.3304029728822122 0.8801304766402002
vn -0.4074990663078646 0.31453915764494106 0.8573270258578284
vn -0.4074990663078646 0.31453915764494106 0.8573270258578284
vn 0.34969201383101584 0.2350959012544874 0.9068877618956764
vn 0.34969201383101584 0.2350959012544874 0.9068877618956764
vn -0.42903213897364695 0.20855773639973152 0.8788828672328965
vn -0.42903213897364695 0.20855773639973152 0.8788828672328965
vn 0.33568733915620474 0.15207104378118746 0.9296173449186109
vn 0.33568733915620474 0.15207104378118746 0.9296173449186109
vn -0.4224585249598843 0.11077266813212616 0.8995878004306241
vn -0.4224585249598843 0.11077266813212616 0.8995878004306241
vn -0.054143166830324566 0.04242887253754997 0.9976313488763151
vn -0.06757090686530699 0.35065612738027524 0.9340634094514506
vn -0.04659316112623697 0.7767085118525895 0.62813451183007
vn 0.0004042070526366477 0.9878668598106626 0.1553026204044191
vn 0.02563435108102362 0.9894359307665812 -0.1426864357699215
vn 0.07246117723440167 0.655091436000742 -0.7520668775263875
vn 0.07246117723440167 0.655091436000742 -0.7520668775263875
vn 0.08844327713215772 -0.08745353457896494 -0.9922346829353276
vn 0.0463151902291701 -0.7739120851850233 -0.631597171905167
vn 0.01586884189638512 -0.9381414830900883 -0.3458883310584459
vn 0.06660103383938663 -0.21542017312969003 -0.9742476334589165
vn -0.015033880933922356 -0.49632402442153983 -0.8680071688679025
vn -0.025048288420799925 -0.38914884434656694 -0.9208342740096722
vn -0.028083876526754883 -0.7010837515944238 -0.7125256971713501
vn -0.02332954084617661 -0.9936437105415193 -0.11012678613846799
vn 0.004577736203365091 -0.6223545443604132 0.7827220869792768
vn 0.004577736203365091 -0.6223545443604132 0.7827220869792768
vn 0.020997718716806713 -0.13710387260531937 0.9903340971234477
vn 0.02513409395010517 0.11474492350957423 0.9930769757929591
vn 0.022520356673147012 0.5212013308921827 0.8531365694960755
vn 0.012391481798393894 0.964966555024601 0.26208013824552523
vn -0.042913869237608177 0.9918061544351889 0.12032851636889677
vn -0.042913869237608177 0.9918061544351889 0.12032851636889677
vn -0.042913869237608177 0.9918061544351889 0.12032851636889677
vn 0.08362737351660884 -0.0728867431190497 -0.9938279454091695
vn 0.12008950194922878 -0.11798325247197591 -0.9857273779588961
vn 0.7931778992736971 0.01829165212362567 -0.6087152335586428
vn 0.10838021201708241 -0.19529595725541493 -0.9747375127298751
vn 0.7728220153681341 -0.08335346652310054 -0.6291250528956209
vn 0.09614314334519658 -0.3194480305345714 -0.9427138758792555
vn 0.7557587113856913 -0.1820951870017339 -0.6290231418918093
vn 0.07516224946766785 -0.45921738571260534 -0.8851384235893505
vn 0.7423770846640466 -0.29137214323142197 -0.603306338699038
vn 0.057290976751033056 -0.6235029291455672 -0.7797190784698105
vn 0.7414024191851382 -0.41053386290363614 -0.5308336841571407
vn 0.0614606471340997 -0.7454154870722626 -0.6637607554583801
vn 0.7426124696459604 -0.5103570144018713 -0.4336616627938603
vn -0.03639647348053969 -0.9512989477737204 -0.3061137185471974
vn -0.08399133516123913 0.951234355605475 0.29681417812104116
vn -0.4056506269761282 0.6610987966376283 0.6311861452203731
vn -0.4056506269761282 0.6610987966376283 0.6311861452203731
vn -0.426933080959868 0.539398671462368 0.725794197832104
vn -0.426933080959868 0.539398671462368 0.725794197832104
vn -0.44329435846976156 0.370842258354874 0.8160674795426781
vn -0.44329435846976156 0.370842258354874 0.8160674795426781
vn -0.45959775044050954 0.23836024879024492 0.8555432774481229
vn -0.45959775044050954 0.23836024879024492 0.8555432774481229
vn -0.47872226834437864 0.14078786793934406 0.866604734600675
vn -0.47872226834437864 0.14078786793934406 0.866604734600675
vn -0.4677120289304766 0.06963595512924502 0.8811335266274771
vn -0.4677120289304766 0.06963595512924502 0.8811335266274771
vn -0.1298863592636528 0.07600986974362263 0.9886111638954876
vn 0.9910608976450315 -0.10991118850423078 0.07561631967116397
vn 0.9626311508736405 0.25841515850772456 0.08101156226809954
vn 0.7881993460153164 -0.6136690229297604 0.04639096073008899
vn 0.7881993460153164 -0.6136690229297604 0.04639096073008899
vn -0.0908080900357247 -0.9953020426137623 -0.03358176220712645
vn -0.6776899648980357 -0.7316052267510514 -0.07409523376737412
vn -0.8816497470205397 -0.4642024116202687 -0.08491080393298092
vn -0.07661747725514216 -0.9969730703992439 -0.013208295793254303
vn 0.07639748547465763 -0.9969684189201811 -0.014744351085891238
vn 0.8813841094014605 -0.46471171583662907 -0.08488270058598774
vn 0.6776960014788616 -0.7315998754171982 -0.07409285977139118
vn 0.09079933828293665 -0.9953028247755898 -0.033582244730099436
vn -0.7882090997123034 -0.6136561780206008 0.046395153926557235
vn -0.7882090997123034 -0.6136561780206008 0.046395153926557235
vn -0.991061663779375 -0.10990832147126375 0.07561044543068271
vn -0.9626318556130262 0.2584131291267813 0.08100966148508132
vn -0.5019242419442165 0.8626229600027052 0.06287832873808474
vn 0.030054505518342003 0.9992998110674075 0.02228484459653053
vn -0.030055141378721142 0.9992998319619248 0.0222830500060914
vn 0.5019205993837538 0.8626246770621677 0.06288384878205301
vn 0.9959750094399091 -0.08565525640855383 0.026399954938557398
vn 0.9701156594136865 0.24008361925567323 0.03514915540159369
vn 0.8103352206723484 -0.5857177820339429 0.017073662382014198
vn 0.8103352206723484 -0.5857177820339429 0.017073662382014198
vn -0.10394762981351499 -0.9944860724614847 -0.013868739534777411
vn -0.702354399169232 -0.7111571703366786 -0.030883281016687466
vn -0.9001321084706603 -0.4341681833163738 -0.03549895626526826
vn -0.08246877763543885 -0.9963705508346904 -0.021086160027186322
vn 0.08246976284207501 -0.9963704525266538 -0.02108695209372149
vn 0.9001317245915382 -0.43416894656745164 -0.035499355210661644
vn 0.7023558024491519 -0.7111557718572323 -0.030883570391910697
vn 0.1039527897142261 -0.9944855518883579 -0.013867393263996716
vn -0.8103349720289245 -0.5857178507698297 0.01708310265887838
vn -0.8103349720289245 -0.5857178507698297 0.01708310265887838
vn -0.9959752063300594 -0.08565283652441553 0.02640037823815028
vn -0.9701154906902594 0.24008448617046313 0.03514789073417989
vn -0.4991872596332365 0.865521182481364 0.041050730759890304
vn 0.03568223189669389 0.9991845091002692 0.018896960097454514
vn -0.035682419436234125 0.9991844851989705 0.018897869743573294
vn 0.4991884516557569 0.8655203637576335 0.04105349746832287
vn -0.07576081900678977 -0.07753574847039316 0.9941068886254417
vn -0.07576081900678977 -0.07753574847039316 0.9941068886254417
vn -0.07576081900678977 -0.07753574847039316 0.9941068886254417
vn 0.0000062882897829190985 -0.08436816607582953 0.9964346503978364
vn 0.0000062882897829190985 -0.08436816607582953 0.9964346503978364
vn 0.0000062882897829190985 -0.08436816607582953 0.9964346503978364
vn 0.07579601326050094 -0.07755675676547577 0.9941025670693315
vn 0.07579601326050094 -0.07755675676547577 0.9941025670693315
vn 0.07579601326050094 -0.07755675676547577 0.9941025670693315
vn -0.07510874069390067 -0.03311038607592411 -0.9966254960642337
vn -0.04650738867366278 0.7035467077073938 -0.7091255832875047
vn -0.04650738867366278 0.7035467077073938 -0.7091255832875047
vn 0.000013376525905033022 -0.0342500167242018 -0.999413295976925
vn 0.00008666983584563352 0.694026739844735 -0.7199492182569742
vn 0.00008666983584563352 0.694026739844735 -0.7199492182569742
vn 0.04665312138956871 0.7035878882640485 -0.7090751509908854
vn 0.04665312138956871 0.7035878882640485 -0.7090751509908854
vn 0.0749496203491208 -0.03327491757572394 -0.9966319954074581
vn -0.08363773170028677 -0.07278101356210978 -0.993834822242058
vn -0.7932468605393869 0.018276287133719482 -0.6086258255882774
vn -0.1201284022488747 -0.11804765609663037 -0.9857149272803089
vn -0.7728688195154377 -0.08335793945739757 -0.6290669612610653
vn -0.10842813735623232 -0.19531320219222867 -0.9747287274308046
vn -0.7558087858023682 -0.18207407362542039 -0.6289690858996132
vn -0.0962061181988967 -0.3193471879221571 -0.9427416169806604
vn -0.7424887628391723 -0.2912165371022166 -0.603244034844729
vn -0.07526905747929903 -0.45867752500259973 -0.8854092257502558
vn -0.7415560849550507 -0.4103097192104819 -0.5307923390437668
vn -0.057293892749587745 -0.623313376536343 -0.7798704023646887
vn -0.7427709131429611 -0.5102288929381184 -0.4335410561872012
vn -0.061462289795663184 -0.7453662205601783 -0.6638159264290889
vn 0.03638000261475495 -0.9512933094414475 -0.3061331978431758
vn -0.04485388225477629 -0.9970737146186853 0.06190425561438416
vn -0.04485388225477629 -0.9970737146186853 0.06190425561438416
vn -0.005420357664008822 -0.995564320408708 -0.09392711883126022
vn -9.767643300696876e-7 -0.9800425663032803 0.1987877466865759
vn -9.767643300696876e-7 -0.9800425663032803 0.1987877466865759
vn 0.000001955972155664667 -0.9950229525249712 -0.09964599311895721
vn 0.005421610991209882 -0.995564959172515 -0.09392027577732383
vn 0.04485500370053809 -0.9970737175849826 0.061903395256535425
vn 0.04485500370053809 -0.9970737175849826 0.061903395256535425
vn 0.7079905722160252 0.2059433715959481 0.6755269627105335
vn 0.9923661372151426 0.09770339589804997 0.07525620332361901
vn -0.06253698652234176 0.20082536930723094 0.9776289154680925
vn -0.02322187503776725 0.9882535920028208 0.15104827841869842
vn -0.10316009778010779 0.49379637638777174 0.8634368146496331
vn -0.11882002676815935 0.1126106234785861 0.9865093252060915
vn 0.10316170318439231 0.4938118308854489 0.8634277842840454
vn 0.11882704755376874 0.11259416736201366 0.9865103579008734
vn 0.0232324228492891 0.9882581864148369 0.15101659350087762
vn 0.9910323605704368 0.10464875385137085 0.08308729517527486
vn 0.6961807029160104 0.16087557301042052 0.6996080895014997
vn -0.05987450349567435 0.1279104920080876 0.989976742083063
vn -0.06247661436708037 0.30094703075433754 0.9515921171055247
vn 0.7241493609901313 0.25414082921691017 0.6411085258382749
vn 0.9936379368824516 0.08753538285498283 0.07086047654663766
vn 0.059875683326530454 0.12787038371918863 0.9899818521133045
vn -0.6960924671766863 0.16089663955718056 0.6996910379010729
vn -0.9910330681504228 0.10472011470114806 0.08298888726412547
vn 0.06250123178026774 0.20081032691084114 0.9776342918657827
vn -0.7078695239090326 0.20585278754368713 0.6756814093796669
vn -0.9923873863529302 0.09756654070304685 0.07515347991171727
vn -0.049405142424942455 0.43071529060014685 0.9011345461945194
vn 0.7581266749488182 0.3065730981782356 0.5755491987697027
vn 0.9949849486370687 0.07917852415180567 0.061120481827551004
vn 0.06246364014681273 0.3009144316655741 0.9516032778815939
vn -0.7240740269467143 0.25403363244652855 0.6412360852971323
vn -0.9936529843627091 0.08739713447145589 0.07082010698424562
vn -0.02020745112716479 0.6052641075870108 0.7957681942537304
vn 0.7929919579709559 0.3815935072005711 0.47492120383886566
vn 0.9960522765479813 0.07537278776118428 0.04689141977687705
vn 0.04940904336117571 0.4307070726890413 0.9011382601852894
vn -0.7581208204976319 0.3065578822583168 0.5755650148795471
vn -0.9949813491794173 0.07918630071294461 0.0611689836805006
vn 0.003507077773278467 0.7301304505537124 0.6832987820710095
vn 0.7995016631338874 0.44583377557039 0.4025286762540019
vn 0.9963209337766321 0.07539450901854398 0.04074634865006278
vn 0.020207597513267245 0.6052636117141811 0.7957685676988298
vn -0.7929926209374193 0.38159506156153766 0.47491884794209693
vn -0.9960523538288802 0.07537031393577544 0.04689375447935459
vn -0.0035059748175086058 0.7301277717593266 0.6833016501124082
vn -0.799473016426944 0.44587622697621165 0.4025385524675384
vn -0.9963209551522212 0.0753939696838735 0.04074682392374246
vn 0.014663055960032268 0.9995554972513749 0.025957709923441184
vn -0.510729695360499 0.836863379642515 0.19701487783992272
vn -0.9120491166655373 0.24538776444820656 0.32855936122522034
vn 0.00044568532626530836 0.9998290615733778 0.01848374956248026
vn -0.4896035690844862 0.7599289992198548 0.4275467942628533
vn -0.7445888341025908 0.19334260714085727 0.6389100910094632
vn -0.012552403909625434 0.9999178845400738 0.0025809558293837065
vn -0.3864956985679493 0.6597525888222855 0.6444746670977575
vn -0.5056166927721871 0.14932861257630742 0.8497368565951172
vn 0.5056200012679358 0.14933306205389518 0.8497341059975292
vn 0.38649079006021325 0.659774896109783 0.6444547739461297
vn 0.01255258930341852 0.9999179939926188 0.0025372803464550685
vn 0.7445864542853871 0.19335254735039098 0.6389098563395542
vn 0.4895870226306475 0.759944579374126 0.42753804924420574
vn -0.000447504187491263 0.9998295719464652 0.018456077626372223
vn 0.9120460334234016 0.24539726084723093 0.32856082737495573
vn 0.5107131498031652 0.8368722032682231 0.19702028833376478
vn -0.014674947115597291 0.9995548435476826 0.02597615574949249
vn 0.0783056082396361 -0.13406596643397173 -0.9878737512265147
vn -0.07821377616850969 -0.13414605603023563 -0.9878701538506947
vn -0.10500157718711832 -0.21637155354965018 -0.9706482471022798
vn -0.1455118247933412 -0.32513931911448024 -0.9344039447750017
vn -0.208798698992807 -0.4525847271590962 -0.8669314667499604
vn -0.2822084326167801 -0.5970660200519838 -0.7509131562699274
vn -0.3248393497463422 -0.6975407518480514 -0.6386832519861693
vn -0.09240833162814857 -0.9953878182207322 -0.02576415307113047
vn -0.10353103090817681 -0.9927455601421189 -0.06113573797052648
vn -0.09743103161443246 -0.9902055036344207 -0.10000127324514745
vn -0.0886552644560989 -0.9327168598336631 -0.349541847947066
vn 0.08865664529839772 -0.9327209799165935 -0.34953050348698245
vn 0.09743322112628096 -0.9902065071691792 -0.09998920232090831
vn 0.10355675044595788 -0.9927416275205135 -0.061156033430854066
vn 0.09243486103521041 -0.9953872384180588 -0.025691283733441362
vn 0.32490872305749746 -0.6975280464923519 -0.6386618401295866
vn 0.28229365982396243 -0.5971017143938211 -0.7508527367541207
vn 0.20886636571495593 -0.45262177263984926 -0.8668958254631215
vn 0.14555692562768263 -0.32519146903238993 -0.9343787721638229
vn 0.10510435062232501 -0.21640034196099964 -0.9706307060254284
vn 0.8650849386526783 -0.1619098023438893 -0.4747770685503406
vn 0.8860597531086739 -0.17733394643554237 -0.4283115517501154
vn 0.9147789954170082 -0.19270537305973653 -0.35502680002748643
vn 0.9375252499077519 -0.21375952017796906 -0.2745055069004846
vn 0.9484574657479751 -0.23283797138609474 -0.21497654464554264
vn 0.8555907017221718 -0.13721704492958942 -0.49913528597701123
vn -0.8397371102369522 -0.4559613427963406 -0.29485732069299353
vn -0.7055588679218748 -0.39909495311534926 -0.585585093982642
vn -0.4564176402927391 -0.3731475447587891 -0.8077399627789226
vn -0.09789722606092968 -0.3931651193035991 -0.9142413915878903
vn -0.8556525288416242 -0.13721392377122418 -0.4990301483981085
vn -0.865243795187289 -0.16185307552381528 -0.4745068564661408
vn -0.8861286997207513 -0.17729280410841042 -0.4281859282398098
vn -0.9147629914951939 -0.19270856817114557 -0.3550662996458417
vn -0.9374988313277031 -0.21378808257607637 -0.27457348198184733
vn -0.9484439113561771 -0.23286301431318399 -0.21500921742189025
vn 0.09788989773797561 -0.393074949830794 -0.9142809479237592
vn 0.45640787011871087 -0.3732219299951442 -0.8077111160956011
vn 0.7055594531387532 -0.3991063651921412 -0.5855766109995009
vn 0.8397399495512318 -0.45595760828032256 -0.2948550094181589
vn 0.5363238517146165 -0.19437402716144014 -0.821325431024172
vn -0.024272891449994907 -0.1752242957231495 -0.9842292786383583
vn 0.5918885666269293 -0.2341166365516128 -0.7712699431366938
vn 0.01956635186655646 -0.23792452722938456 -0.9710865446587693
vn -0.5083465482451036 -0.1419444803056078 -0.8493736229705154
vn 0.045217507039573765 -0.10532786802452303 -0.9934089879171291
vn -0.5366377001355271 -0.19435437669522998 -0.8211250544543508
vn 0.024194242014552392 -0.17521993513057568 -0.9842319914462129
vn 0.6758978798036763 -0.2868272890224586 -0.6788903905262778
vn 0.10252612388570458 -0.3412573488912192 -0.9343617156908292
vn -0.5920106015122137 -0.2341118454988774 -0.7711777301596932
vn -0.019583469143223703 -0.23792964082107504 -0.9710849467245749
vn 0.7476477668127898 -0.3619900367658823 -0.5567638907670678
vn 0.18878616269064386 -0.505168295711491 -0.8421192182728581
vn -0.6759012463146016 -0.2868246487740923 -0.6788881543273434
vn -0.10251911639910925 -0.34125873648132554 -0.934361977794428
vn 0.7830204065340747 -0.4295414847345192 -0.44985903997060783
vn 0.23240061281581662 -0.6533966533244348 -0.7204601089493168
vn -0.7476383556038094 -0.361990605129398 -0.5567761588179616
vn -0.1887797217943193 -0.5051731140699539 -0.8421177717279956
vn -0.7830072882468462 -0.4295503302401168 -0.4498734270246769
vn -0.23239684585935622 -0.6533975736436856 -0.7204604894032477
vn 0.5079695618755411 -0.14198374849876252 -0.8495925725724129
vn -0.0455461229045111 -0.10530554620282566 -0.9933963421652466
vn 0.09800160235934118 -0.7228823482493368 -0.6839859622276808
vn 0.05591678143168183 -0.9951351167383885 -0.08111358078888609
vn 0.39153997932407264 -0.6583376237213073 -0.6428748072400157
vn 0.1306591427207441 -0.981074590845397 -0.14290148921903184
vn 0.5616055294632881 -0.6715541081643032 -0.4833366415697317
vn 0.14369411036149857 -0.9802683689630924 -0.1357421358969131
vn 0.6540630769245617 -0.7113927887108337 -0.2571415788514136
vn 0.14575686280656414 -0.9845523910048477 -0.09701302134984668
vn -0.654057934716964 -0.7113953989110166 -0.257147437167892
vn -0.14576956507752972 -0.9845489777180313 -0.09702857502554278
vn -0.5616102360210786 -0.6715420653839697 -0.48334790494651
vn -0.1437132205707438 -0.9802607271759624 -0.13577708565747937
vn -0.3915449267036079 -0.6583221458320827 -0.642887643900323
vn -0.13068027512047414 -0.9810656693230808 -0.1429434089774437
vn -0.0980569026660653 -0.722885825416854 -0.68397436154503
vn -0.055931172160625584 -0.9951316584559201 -0.0811460801241084
vn 0.9919305671124483 0.08243644925873751 -0.09632228123123068
vn -0.9919178248552474 0.08252204757188888 -0.09638018675525384
vn 0.9935476632846578 0.06423964256311149 -0.09346822510864142
vn -0.9935535232674634 0.06414297249034227 -0.093472324689789
vn 0.9953786990670402 0.043641466674933 -0.08553752293623551
vn -0.9953865600578999 0.04354902440725383 -0.08549314901954111
vn 0.9967335380560429 0.022846008897853237 -0.07746169370548137
vn -0.9967343771233075 0.022836073653555236 -0.07745382624959071
vn 0.9976757103551561 -0.00025922989617202573 -0.06814036811755449
vn -0.9976757250775086 -0.0002580266467084002 -0.06814015712718356
vn 0.9983626204504459 -0.017990253431170472 -0.05429943709470019
vn -0.9983626757506995 -0.01799044305792577 -0.054298357493419436
vn -0.10839044772838259 -0.15236164685816284 0.9823631911914805
vn -0.49587948056989517 -0.16189846699030389 0.8531661193084972
vn -0.928766725909351 -0.14767666136603153 0.33997642937622474
vn -0.7433666940029536 -0.15694434196299417 0.6502110670950794
vn 0.10839332654026072 -0.1523551004507716 0.9823638888559432
vn 0.4958789159575053 -0.16188824532624557 0.8531683870924887
vn 0.9287646507191357 -0.14767845125003276 0.3399813209735993
vn 0.7433659141623097 -0.15693891688864015 0.6502132681108975
vn -0.7597241436112651 -0.05498508016359322 -0.6479165583418387
vn -0.7597241436112651 -0.05498508016359322 -0.6479165583418387
vn -0.7709665629148824 -0.10296214017533498 -0.6284976981324019
vn -0.7709665629148824 -0.10296214017533498 -0.6284976981324019
vn 0.7520796880895013 -0.003071135001575339 -0.659065027818197
vn 0.7520796880895013 -0.003071135001575339 -0.659065027818197
vn 0.7597650515371844 -0.05490490212325811 -0.6478753878528918
vn 0.7597650515371844 -0.05490490212325811 -0.6478753878528918
vn -0.7824997283193992 -0.1754034901542729 -0.5974343401761959
vn -0.7824997283193992 -0.1754034901542729 -0.5974343401761959
vn 0.7710123133506207 -0.10289660191419646 -0.6284523068429579
vn 0.7710123133506207 -0.10289660191419646 -0.6284523068429579
vn -0.7946274810708153 -0.28787868155450136 -0.5345026015217261
vn -0.7946274810708153 -0.28787868155450136 -0.5345026015217261
vn 0.7825015406825742 -0.1753878776253255 -0.5974365499460854
vn 0.7825015406825742 -0.1753878776253255 -0.5974365499460854
vn -0.8103116008143635 -0.3801774593494227 -0.4459374496364729
vn -0.8103116008143635 -0.3801774593494227 -0.4459374496364729
vn 0.7946282114639364 -0.28786155891160636 -0.5345107374474395
vn 0.7946282114639364 -0.28786155891160636 -0.5345107374474395
vn 0.8103127289443711 -0.3801751625256812 -0.4459373578310053
vn 0.8103127289443711 -0.3801751625256812 -0.4459373578310053
vn -0.7521368471661469 -0.0029884167836063355 -0.6590001764036907
vn -0.7521368471661469 -0.0029884167836063355 -0.6590001764036907
vn -0.052572846887873184 -0.6289309320079457 0.7756816218873055
vn -0.052572846887873184 -0.6289309320079457 0.7756816218873055
vn -0.3259280877395908 -0.716901465826572 0.6162979554713176
vn -0.3259280877395908 -0.716901465826572 0.6162979554713176
vn -0.5093521376987189 -0.7325726605407489 0.4515503259327736
vn -0.5093521376987189 -0.7325726605407489 0.4515503259327736
vn -0.6491002731310171 -0.7287993757661553 0.21799152576212996
vn -0.6491002731310171 -0.7287993757661553 0.21799152576212996
vn 0.6490906711395125 -0.7288121771083226 0.2179773179445148
vn 0.6490906711395125 -0.7288121771083226 0.2179773179445148
vn 0.5093512763917782 -0.7325834364981498 0.45153381468792314
vn 0.5093512763917782 -0.7325834364981498 0.45153381468792314
vn 0.3259390554798974 -0.7168826973798582 0.6163139867877824
vn 0.3259390554798974 -0.7168826973798582 0.6163139867877824
vn 0.05256051436135995 -0.6289549309550221 0.7756629984454799
vn 0.05256051436135995 -0.6289549309550221 0.7756629984454799
vn 0.08398748421020097 0.951234545736157 0.29681465848938193
vn 0.40564696668840194 0.6611040506439649 0.6311829945733968
vn 0.40564696668840194 0.6611040506439649 0.6311829945733968
vn 0.42693593626903464 0.5394008476636012 0.7257909009224844
vn 0.42693593626903464 0.5394008476636012 0.7257909009224844
vn 0.44330162340245943 0.3708072148535552 0.816079456977869
vn 0.44330162340245943 0.3708072148535552 0.816079456977869
vn 0.45954684890063 0.23830262642566685 0.8555866711819035
vn 0.45954684890063 0.23830262642566685 0.8555866711819035
vn 0.4781811766885054 0.14061129773984485 0.8669320764677664
vn 0.4781811766885054 0.14061129773984485 0.8669320764677664
vn 0.46691514388893524 0.06967817444998563 0.8815527212892558
vn 0.46691514388893524 0.06967817444998563 0.8815527212892558
vn 0.12996016008719058 0.07597952827365359 0.9886037973189385
vn 0.06757114590180886 0.3506034279988503 0.9340831743035368
vn 0.046597887304212354 0.776699372080091 0.628145462698869
vn -0.00040168129732645364 0.9878690445653863 0.1552887292806731
vn -0.025631457283721588 0.9894382248161832 -0.1426710470632104
vn -0.07245679216177917 0.6550960555673481 -0.7520632760943237
vn -0.07245679216177917 0.6550960555673481 -0.7520632760943237
vn -0.08842704802548527 -0.08758584011831021 -0.9922244593781532
vn -0.0463206231752614 -0.7738176934004456 -0.631712416570285
vn -0.015865923685330463 -0.9381441980428009 -0.3458811011666309
vn -0.066567578762197 -0.21547516124248597 -0.9742377596589363
vn 0.01503387124995972 -0.49633208861116673 -0.8680025579052844
vn 0.0250399349889679 -0.3890187058645564 -0.9208894874756764
vn 0.028088926111901523 -0.7010441729724471 -0.7125644390307854
vn 0.023332007927983935 -0.993642002295516 -0.11014167549209646
vn -0.004584644062490601 -0.6223399737801184 0.7827336316232885
vn -0.004584644062490601 -0.6223399737801184 0.7827336316232885
vn -0.021004911017804752 -0.13709886323808854 0.9903346380956074
vn -0.0251330388359142 0.1147500902994875 0.9930764054870763
vn -0.02252186683269229 0.5212019762283366 0.85313613537937
vn -0.012400865037771755 0.9649525478489281 0.26213126281727106
vn 0.04292364389715817 0.991809599899614 0.12029662647621311
vn 0.04292364389715817 0.991809599899614 0.12029662647621311
vn 0.04292364389715817 0.991809599899614 0.12029662647621311
vn -0.04460200800167069 -0.04919279513184776 -0.9977929293141614
vn -0.016349404087252335 -0.15441567555370148 -0.9878706879593532
vn 0.7248543002699577 -0.12079271837210404 -0.6782295795439974
vn -0.7753767127139504 -0.034537592608084346 -0.6305538106123427
vn -0.0837935440726055 -0.1411041928777763 -0.9864422176306443
vn -0.009507088550403565 -0.2561634380838191 -0.9665867308505597
vn 0.7157183981801086 -0.20115885223841232 -0.6687916646255573
vn -0.7579504058840418 -0.14842820957526484 -0.6352009515283312
vn -0.08841129051458883 -0.23431885307958225 -0.9681312508131396
vn 0.0009225886503928375 -0.367176510457834 -0.9301508259407129
vn 0.7117943082247304 -0.2720239129793087 -0.6475738209241497
vn -0.7441934300881109 -0.23946669548868696 -0.6235638222070138
vn -0.07272151735832322 -0.3544666707760036 -0.9322365366268798
vn 0.013795467309780124 -0.48530430066181335 -0.8742364787864054
vn 0.7067092223270852 -0.35325980998184675 -0.6130004744936466
vn -0.7347731073372231 -0.3232729767812316 -0.5963246290545133
vn -0.05515872451907235 -0.47519720096416485 -0.8781486977188158
vn 0.020786827986497253 -0.630261438072826 -0.776104649812532
vn 0.7096645614787663 -0.45135443020807614 -0.5409763289763176
vn -0.7360327864133664 -0.42258131643471647 -0.5288485306067113
vn -0.043344633784345395 -0.6241097200860931 -0.7801335142244303
vn 0.02390533802595515 -0.7419920348434074 -0.6699823542771888
vn 0.710714484859675 -0.5424264126400319 -0.4479492246685023
vn -0.7373602479018357 -0.5190162721146389 -0.4323447398712821
vn -0.03431617811478166 -0.7444050843778179 -0.6668459119407184
vn 0.0039218641652865845 -0.9856171822456259 -0.16894788854454987
vn 0.028411106448552936 0.9793976903780883 0.19993242136390765
vn 0.3279267304038082 0.6649869786961277 0.6710114586586909
vn 0.3279267304038082 0.6649869786961277 0.6710114586586909
vn -0.3067728975497939 0.6726253844547647 0.6733984567223061
vn -0.3067728975497939 0.6726253844547647 0.6733984567223061
vn 0.3561577941899628 0.5597693679573325 0.7482044375265283
vn 0.3561577941899628 0.5597693679573325 0.7482044375265283
vn -0.32562396392285664 0.5684686459555786 0.7555212986306852
vn -0.32562396392285664 0.5684686459555786 0.7555212986306852
vn 0.3837283229802926 0.42347490524116727 0.8206226774673708
vn 0.3837283229802926 0.42347490524116727 0.8206226774673708
vn -0.3341085827811818 0.43590115418170877 0.8356803448059577
vn -0.3341085827811818 0.43590115418170877 0.8356803448059577
vn 0.4075232249096432 0.31302703202143617 0.8578688118722437
vn 0.4075232249096432 0.31302703202143617 0.8578688118722437
vn -0.34087106926133465 0.33034879207312323 0.8801571392180279
vn -0.34087106926133465 0.33034879207312323 0.8801571392180279
vn 0.42895363456714275 0.20699568953373443 0.879290375192457
vn 0.42895363456714275 0.20699568953373443 0.879290375192457
vn -0.34988831620771765 0.2352009903009206 0.906784792739046
vn -0.34988831620771765 0.2352009903009206 0.906784792739046
vn 0.42221687944125447 0.11070705614607869 0.8997093166319655
vn 0.42221687944125447 0.11070705614607869 0.8997093166319655
vn -0.3359595923943344 0.15219866141336297 0.9294981009890301
vn -0.3359595923943344 0.15219866141336297 0.9294981009890301
vn 0.05416182423046877 0.04242019059179861 0.9976307053344855
vn 0.0000019875004117995444 0.3275040703874916 0.9448497678867654
vn 2.842425528023186e-7 0.7622858088700156 0.647240562384115
vn 1.390266182970712e-7 0.9864751641851431 0.16391080027220853
vn 0.0000020224253055807983 0.9871347571105992 -0.15989049784182993
vn -0.0000018800200872032467 0.6364122463935905 -0.771349112034706
vn -0.0000018800200872032467 0.6364122463935905 -0.771349112034706
vn -0.0000019749058703645188 -0.13446207147794928 -0.9909187410327642
vn 0.0000017569400692099132 -0.8138162046799858 -0.5811223494215111
vn 0.000009468640325171612 -0.9461841707540518 -0.323628668267835
vn 0.000026317311932786447 -0.14893435650523315 -0.9888470846191392
vn 0.09896264659927592 0.7233183753134895 0.6833863640078875
vn 0.11749781563918164 0.5923115558514395 0.7970955301122119
vn 0.13622652183040557 0.4172064859489604 0.8985438680621609
vn 0.14344766382993435 0.28769507304453656 0.9469183241904409
vn 0.14382262871704957 0.18684047461439934 0.9718053758416774
vn 0.14072931853185364 0.11731747907966442 0.9830726666976111
vn 0.02119173940176729 -0.9997676418677256 0.003946195050261877
vn 0.027112892164454696 -0.9996256421355894 0.0036696952856008513
vn 0.03264377785442727 -0.9994636031263768 -0.0026248415249371443
vn 0.03050916159214476 -0.9706253055309993 -0.23865394889211158
vn -0.0087324576461168 0.9977975360778817 -0.06575576917934366
vn 0.0000712355905873181 0.9970775689636572 -0.07639578780936744
vn 0.016143717649673577 0.9992871766022405 -0.034125050311613926
vn 0.030509047483249715 0.9995247811122062 0.00440567409837148
vn -0.04862077284696368 -0.14807675018995056 -0.987779983853159
vn -0.04855938100644581 -0.2453689238005255 -0.9682128266808093
vn -0.036029137276194 -0.36095455645275676 -0.9318871763486859
vn -0.020917496110567153 -0.4801616332475281 -0.8769305926431867
vn -0.011427183546540496 -0.626703862022809 -0.7791737218373639
vn -0.005489444331207992 -0.7417580446253794 -0.670645114225451
vn 0.013485513718636754 0.7030575322919438 0.7110050964706982
vn 0.020308936910725647 0.5977865769039076 0.8013980007181605
vn 0.033607166010839684 0.4576846327162488 0.8884792261882728
vn 0.0456213936325321 0.34469418435088256 0.9376057848145484
vn 0.054745799387284855 0.23856894192541062 0.9695812278494449
vn 0.05857731800972681 0.14695718571943775 0.9874068479508384
vn -5.428228330435878e-8 -0.999692110467178 0.02481298590812943
vn 2.608998794460643e-7 -0.9993890506320205 0.03495032870747047
vn 0.000001033979988946629 -0.9992486420724589 0.03875759687181062
vn -0.00000745785647539376 -0.967695166332037 -0.25212311477131893
vn -0.0000025232202956209364 0.997348954462317 -0.07276718372011268
vn -7.196359000244874e-7 0.9934321546101686 -0.11442269961017348
vn 0.0000025470653843067394 0.9977628016682265 -0.06685350851439167
vn 0.0000030949888048229938 0.9999124336920233 -0.013233477944822606
vn 0.04891340015186186 -0.14801080746048673 -0.9877754199009401
vn 0.0486501766848209 -0.245346005533056 -0.9682140764714741
vn 0.0359686297566492 -0.3608899835068679 -0.9319145226241736
vn 0.020913345695016555 -0.4800789644101901 -0.876975951724265
vn 0.011441977811838354 -0.6267233555143319 -0.7791578253451669
vn 0.005481007182562474 -0.7417571699008272 -0.6706461507091352
vn -0.01340146271486923 0.7030693302258532 0.7109950194571496
vn -0.020182550352673728 0.5977159856769519 0.8014538446644895
vn -0.03356508342750864 0.45765232475064127 0.8884974590986955
vn -0.04560253784331876 0.34474170322677355 0.9375892312727103
vn -0.054619712806715445 0.23859017159131407 0.969583115051484
vn -0.05841840999358492 0.14696456047183032 0.9874151646289129
vn -0.02115556344789319 -0.9997682852455917 0.003977178936310593
vn -0.027111144466898034 -0.9996256819672367 0.003671756695652839
vn -0.032643370239058826 -0.999463615007043 -0.0026253869217985897
vn -0.030494907561807474 -0.9706201458153998 -0.23867675452395634
vn 0.008736375369905128 0.9978003698876969 -0.0657122332398736
vn -0.00006585053308308385 0.9970758945678689 -0.0764176428280219
vn -0.01613636145488016 0.999287079299462 -0.03413137829252888
vn -0.030504771593392273 0.9995248650766546 0.004416220502930207
vn 0.06566349736466758 -0.11895219070333905 -0.9907263403386006
vn 0.04968671932501315 -0.19960005819554824 -0.9786169049689726
vn 0.029347312938699025 -0.3128956389794272 -0.9493340056749963
vn -0.004915367440816468 -0.4468798127312298 -0.8945805006460978
vn -0.04846294418587008 -0.6081067100076308 -0.7923746413689248
vn -0.07928885695814544 -0.7313029928698336 -0.6774283798173021
vn -0.0989602392616134 0.7233204556271293 0.6833845107380226
vn -0.1174953094484896 0.5923135903611011 0.7970943877177568
vn -0.13623504837123296 0.41723053187706016 0.8985314100602566
vn -0.14348592209656005 0.2877084086851632 0.9469084759003645
vn -0.14389390372378347 0.1868485292708949 0.9717932761551882
vn -0.14071393368685867 0.11735530741622187 0.983070353885018
vn -0.012971803840295634 -0.999893330374477 -0.0067126878197771534
vn 5.591272974827065e-7 -0.9999998659008995 -0.0005178782389168351
vn 0.012972016177378368 -0.9998933300299956 -0.006712328792603974
vn 0.040867482653501444 0.9990157200100993 0.017246449903345246
vn 7.791823307760885e-7 0.9998912598582623 0.01474681180629166
vn -0.04082051013332822 0.9990176788055404 0.017244227626798034
vn -0.009879268870201059 -0.9998249577918545 -0.015888795520948185
vn 3.6344862188541425e-7 -0.9999271277481373 -0.012072248888580711
vn 0.009880468274084406 -0.9998249436641564 -0.01588893872011363
vn 0.04181083487802995 0.9989834300169733 0.016851131663045756
vn -4.992579311395609e-7 0.9998590219433059 0.016790957040214962
vn -0.04181145882166086 0.9989833844975916 0.016852282009915853
vn -0.06564031224418232 -0.11892408303413358 -0.9907312510882943
vn -0.04952225877255792 -0.1996553258414553 -0.9786139671745984
vn -0.029251615444991188 -0.31295961055713456 -0.949315872169946
vn 0.0049984642350236475 -0.4469497589218006 -0.8945450957637829
vn 0.04850463254658536 -0.6081813050544048 -0.7923148369201738
vn 0.079327498887645 -0.73130010190501 -0.6774269767834411
vn -0.026086306064959812 0.9987315601141624 0.04306710424229232
vn 0.18399896320395795 0.8726258448363774 0.45240304647898527
vn 0.18399896320395795 0.8726258448363774 0.45240304647898527
vn -0.02524727416586089 0.866471420954008 0.49858785767117925
vn 0.24520274805377806 0.7945398143454843 0.5555016613536982
vn 0.24520274805377806 0.7945398143454843 0.5555016613536982
vn -0.01796732215936178 0.8080280116488504 0.5888700261732013
vn -0.27826899280603923 0.7811508772095922 0.5589004157069462
vn -0.27826899280603923 0.7811508772095922 0.5589004157069462
vn -0.23545589155130414 0.8590834360488235 0.45446251004931915
vn -0.23545589155130414 0.8590834360488235 0.45446251004931915
vn 0.3034990866187837 0.09227431079867408 0.9483531810397399
vn 0.3034990866187837 0.09227431079867408 0.9483531810397399
vn -0.06683575293749539 0.10142519221495822 0.9925955432669628
vn -0.4080044907068751 0.04832732263912917 0.9116999536303362
vn -0.4080044907068751 0.04832732263912917 0.9116999536303362
vn 0.06423792125877383 -0.02054885178590112 -0.9977230247732245
vn 0.0734804044814581 -0.004793741691703071 -0.9972851398661442
vn 0.07480405861988716 -0.017355797320766825 -0.9970472050576908
vn 0.07548343864093908 -0.023387539291559588 -0.9968727468924131
vn 0.0785906671714732 -0.013553872434359456 -0.9968148271246651
vn 0.0021837320688169273 -0.9990552939935521 -0.04340219876583422
vn -0.10210606697909598 0.985823356638543 0.13314150589495613
vn -0.10210606697909598 0.985823356638543 0.13314150589495613
vn 0.008653032683584128 0.9911781778015191 0.1322533359709201
vn 0.008653032683584128 0.9911781778015191 0.1322533359709201
vn -0.08871102943840352 0.06095342757746821 0.9941906421419067
vn -0.08929247436824415 0.06729353056601081 0.9937295581621581
vn -0.08860598612941809 0.05197214835801077 0.9947099451684828
vn -0.0854019742929148 0.04342383136040672 0.9953998561667844
vn -0.07630190886089051 0.09467459510185916 0.9925798404896622
vn 0.12271901336818382 -0.10527832906255263 -0.9868416880066105
vn 0.7729648667415089 0.1343592162179927 -0.6200588002766902
vn -0.08147160796003118 -0.8494197636310473 -0.5213908728098171
vn 0.1596306911302152 -0.8484422638848605 -0.5046422171234016
vn 0.7155766585699107 -0.6461488097512321 -0.26540866859804585
vn 0.18723897590217892 -0.8739485818795826 -0.44850355866344005
vn 0.5910263239749519 -0.7952049614377256 -0.13541400840932408
vn -0.030264724202288484 0.9978362969431501 0.058367550674505844
vn -0.09184964323868784 0.8446672766413047 0.5273526664465513
vn -0.3739603469803327 0.7853840610458487 0.4932803822791657
vn -0.3739603469803327 0.7853840610458487 0.4932803822791657
vn -0.33638049938011894 0.8448288731796751 0.41606770444092667
vn -0.33638049938011894 0.8448288731796751 0.41606770444092667
vn -0.4449694204733832 0.02870378860558528 0.8950856424740973
vn -0.4449694204733832 0.02870378860558528 0.8950856424740973
vn -0.08512206594477043 0.05639066571106918 0.9947735052311941
vn 0.000006555509214466687 0.06203650345175069 0.9980738811313049
vn 0.08514113306071641 0.05641212409835197 0.9947706568429978
vn 0.09448134457320466 0.05130920319232902 0.9942035210133827
vn -0.5549920047131448 0.07829595788921499 0.828162796606256
vn -0.9891809977013124 0.07635942506755239 0.12526049652619475
vn -0.990797424259036 0.07227282275076129 -0.11444257587671196
vn -0.7047677696036856 0.05325627744750901 -0.7074363291776017
vn -0.7047677696036856 0.05325627744750901 -0.7074363291776017
vn -0.08534176205495088 0.008750624333949977 -0.9963133092672818
vn 0.4185262221890639 -0.029593118686895924 -0.907722451339909
vn 0.8042146922410441 -0.05962535935636582 -0.5913404647960994
vn -0.041059969906008 -0.018856087111527364 -0.9989787419410687
vn -0.0776007700188964 -0.018962867594278367 -0.9968041583706783
vn -0.000006607355090251809 -0.022466353300760904 -0.9997475996098756
vn 0.07758964353853175 -0.018941319838667665 -0.9968054341837893
vn 0.041086467015157974 -0.01877723720840639 -0.998979137715614
vn -0.8041737188858853 -0.05988647196398626 -0.5913697999804791
vn -0.4184854845367222 -0.029580374619039642 -0.9077416486365832
vn 0.08633474237700517 0.008806541538753866 -0.9962272617655183
vn 0.7048171764509567 0.05324856118518234 -0.7073876861462949
vn 0.7048171764509567 0.05324856118518234 -0.7073876861462949
vn 0.9907957305309327 0.07224848114013789 -0.11447260517092579
vn 0.9891756816804582 0.07633598007735609 0.12531675433727962
vn 0.5548861742370862 0.0782363729645103 0.828239339554629
vn -0.09447639279256098 0.051266904072332586 0.9942061736640666
vn -0.07488011915504082 0.04869082683585129 0.9960030979557082
vn 0.00047852842583578806 -0.053383140176095585 0.998573988923948
vn 0.00047852842583578806 -0.053383140176095585 0.998573988923948
vn -0.15062749542951714 -0.05974853846168981 0.9867833955698294
vn -0.15062749542951714 -0.05974853846168981 0.9867833955698294
vn -0.0621506864413772 0.03135289227995539 0.9975742019120919
vn 0.09631799601683079 -0.06005435991973304 0.9935372753439766
vn 0.09631799601683079 -0.06005435991973304 0.9935372753439766
vn -0.09625422838754338 -0.0600941397470258 0.9935410499247544
vn -0.09625422838754338 -0.0600941397470258 0.9935410499247544
vn -0.000004621309548459432 0.005352989797968238 0.9999856726367965
vn 0.06218894621855907 0.031306814658026066 0.9975732646398424
vn 0.15069558257798418 -0.059684695918054226 0.9867768635637194
vn 0.15069558257798418 -0.059684695918054226 0.9867768635637194
vn -0.00043050948321279414 -0.053449441387627666 0.9985704641520975
vn -0.00043050948321279414 -0.053449441387627666 0.9985704641520975
vn 0.0749395633841329 0.048736587970684496 0.9959963889657287
vn -0.6235216290225416 0.08941257788433163 0.77667636056285
vn -0.9900847263717169 0.08573533239833848 0.11127303080256687
vn -0.9919654458506217 0.07941489451763589 -0.0984775546362218
vn -0.7270095889070005 0.05144775197887876 -0.6846971494417031
vn -0.7270095889070005 0.05144775197887876 -0.6846971494417031
vn -0.0684117951721277 -0.0046075790990166435 -0.9976465288348239
vn 0.4606415240463545 -0.04806020016006556 -0.8862841550455623
vn 0.8301457065105824 -0.07773827666301132 -0.5521004132433799
vn 0.0005469917462214165 -0.03855145166672479 -0.9992564667663741
vn -0.046173803636347835 -0.03702920239240575 -0.9982468722855754
vn 0.1635905532845761 0.6473142617935391 -0.7444611321988084
vn -0.2511753957962925 0.6720269709785901 -0.6966280720900623
vn -0.1006562001376723 -0.03567205871803798 -0.9942815665598259
vn -0.06088228958327042 -0.04081240088245675 -0.997310229943175
vn 0.038672131796052805 -0.03515853100603595 -0.9986332379406598
vn 0.23129444933441207 0.6456420135165226 -0.7277700653980085
vn -0.23058982520007135 0.6459820540615866 -0.7276919116937978
vn -0.038597820726428575 -0.03507107363338132 -0.9986391881101865
vn 0.000002504976379384466 -0.03223452235035336 -0.9994803327542616
vn 0.060823209217297385 -0.04087604185152738 -0.9973112284653478
vn 0.10060187571399869 -0.035835904715777585 -0.9942811727756022
vn 0.25112245750943873 0.6719692091652643 -0.6967028730156274
vn -0.16365571779497048 0.6474476042357403 -0.7443308443175073
vn 0.04643195688134728 -0.03703747546618628 -0.9982345910612697
vn -0.0005302808340626123 -0.038452309648857 -0.9992602957612724
vn -0.829974361977254 -0.07772588810993697 -0.552359705968829
vn -0.46059787193406204 -0.048066039170114344 -0.8863065249947732
vn 0.06903618133528926 -0.004528678222036449 -0.9976038776689887
vn 0.7269765652921912 0.051498732384705745 -0.6847283797818934
vn 0.7269765652921912 0.051498732384705745 -0.6847283797818934
vn 0.9919695726715326 0.07942385601661058 -0.09842874574691002
vn 0.990080945628977 0.08572158385689549 0.11131725456323617
vn 0.6234603391086554 0.08933839011171478 0.7767340971083782
vn -0.000005665006804419869 -0.026556409537330412 -0.9996473163473171
vn -4.3644589361278863e-7 -0.02653229932852974 -0.9996479565787902
vn 0.6484377493821265 -0.6101573212789929 0.45523238951758077
vn 0.0007462719444243074 -0.940123705184163 0.34083260118272996
vn 0.0007462719444243074 -0.940123705184163 0.34083260118272996
vn 0.6976525726151059 -0.7086161316756172 0.10556545766778389
vn 0.0011547053857195876 -0.9983494426883317 0.0574200046967044
vn 0.0011547053857195876 -0.9983494426883317 0.0574200046967044
vn -0.693836352922499 -0.7125776647575055 0.10403935338104399
vn -0.6468431496615312 -0.613547636725815 0.4529384474783711
vn -0.9104677891986306 0.0007486287387021023 0.413579308460626
vn -0.9899731678316023 -0.050549684953473326 0.1319009337516873
vn -0.9082416827149289 0.0886945138401577 0.4089380503130183
vn -0.9912875938481875 0.017399386701491364 0.1305609728252774
vn -0.8990475309551643 0.15196415882871228 0.4106341821072675
vn -0.9899908194877003 0.04632356896999043 0.133312806166377
vn -0.8903507853864356 0.21064785746452083 0.40361238720753373
vn -0.9890956953504966 0.06520751913059233 0.13205182652258574
vn -0.8804346544895355 0.28516027000274136 0.3788382762945895
vn -0.9879246922408076 0.08958018750576024 0.12641278601208975
vn -0.8636622178515435 0.3584323719541235 0.35442038343060084
vn -0.9838016269044164 0.1266528326084215 0.12685983955723126
vn -0.4700797076232776 0.7447733210501851 -0.47364308158432095
vn -0.3660392712083208 0.9053116460262451 -0.21546711002501495
vn 0.040701887863707084 0.929866622885917 -0.36563837321466935
vn 0.040701887863707084 0.929866622885917 -0.36563837321466935
vn 0.3969881617692105 0.8873793668567224 -0.23443177833234496
vn -0.298839601999673 0.9341038562572345 -0.19530713761161023
vn -0.4074096849826642 0.7811984746060491 -0.47301827856385065
vn 0.03580185280583305 0.8149108022366268 -0.5784795689855666
vn 0.03580185280583305 0.8149108022366268 -0.5784795689855666
vn 0.4781667060972195 0.7257031899861024 -0.4946832130001282
vn 0.9308910232016827 0.25478335837708993 0.26177727788449373
vn 0.9990761334219863 0.015307966684661766 0.04015651606594712
vn 0.9428189813339118 0.18009295716610593 0.28046193184753604
vn 0.9994096223964205 -0.0142842308601954 0.03124687840691936
vn 0.9500666422743904 0.10028507731517985 0.2954932799664891
vn 0.9990315867123486 -0.03476046133050962 0.026974044544657544
vn 0.9562048524248097 0.03831147992206247 0.2901801349255831
vn 0.9984605411850733 -0.051102874796442745 0.021564876163561078
vn 0.9609348336960769 -0.007478010964487669 0.27667367916285096
vn 0.9978064748363059 -0.06454306386748315 0.014711617223901671
vn 0.9567396643787615 -0.06907407511277429 0.2826269391826083
vn 0.993295499647677 -0.1136833216012045 0.020979818144792335
vn 0.6310919361151128 -0.680664283436575 0.3720471763422644
vn 0.6248365867884429 -0.7796858832678696 0.040855394299535074
vn 0.025102966939414773 -0.9458780116512675 0.32355003960049744
vn 0.025102966939414773 -0.9458780116512675 0.32355003960049744
vn -0.6153437324423661 -0.6402076305063104 0.4598763755460738
vn 0.001366817868675082 -0.999090381267884 0.04262090879965133
vn 0.001366817868675082 -0.999090381267884 0.04262090879965133
vn -0.6739667318820514 -0.734335331725832 0.0807493956345143
vn -0.9163303222872421 0.08279147399985813 0.391770739450881
vn -0.995240527571243 0.036606597117411994 0.09031195561606009
vn -0.9136195046677856 0.1321844203636648 0.3844823529158551
vn -0.9943303389010302 0.06283096552156624 0.08578721881836582
vn -0.9056217638945573 0.17078362345906167 0.38817801936573426
vn -0.9938218727018823 0.06449985948960985 0.09032083627349981
vn -0.8970905575230688 0.22246341488778967 0.38175720116248374
vn -0.9930438895941539 0.0748336009639749 0.09090525565927658
vn -0.8873839181311153 0.2907894785206703 0.35775866310118426
vn -0.9920820339672674 0.08965217837489496 0.08795296920517012
vn -0.8706072562675178 0.3595513698870832 0.33580622053003484
vn -0.9889747440745316 0.11495549162404016 0.09334982875287046
vn 0.6171918328721177 -0.636608047208142 0.4623899173487587
vn -0.024055138041491265 -0.9459115788592436 0.32353150590602153
vn -0.024055138041491265 -0.9459115788592436 0.32353150590602153
vn 0.6782561518269856 -0.730158569585451 0.08268649085417096
vn 0.00008460297304937034 -0.9990809029527811 0.042864229812196966
vn 0.00008460297304937034 -0.9990809029527811 0.042864229812196966
vn -0.6212035715478432 -0.7826457398967973 0.03964553591009301
vn -0.6292198076109832 -0.6837472620311523 0.36955664704467156
vn -0.9578928091989033 -0.06908641568483437 0.2786905690059422
vn -0.9933907644666047 -0.11331068335409493 0.018316061538514623
vn -0.9615119337096629 -0.006526155558482612 0.27468565784825993
vn -0.9979290433591026 -0.06292533171964847 0.013342677705723598
vn -0.9562609425704337 0.03846937137979591 0.289974338830092
vn -0.99847694455314 -0.050860838913798244 0.02137676918551653
vn -0.9500585793244593 0.10030562429348756 0.2955122291667198
vn -0.9990308376210997 -0.034739058362821984 0.027029304581289344
vn -0.9428177648494369 0.1800912800611028 0.28046709812429943
vn -0.9994091681970678 -0.01428767521473126 0.03125982822415214
vn -0.9308931622596182 0.25477332664766894 0.26177943480565574
vn -0.9990766134444801 0.015289991294353314 0.04015142132636714
vn -0.47817549021577316 0.7256899915001036 -0.4946940840494096
vn -0.39699740246019555 0.8873728743555743 -0.23444070529194297
vn 0.9096143094957201 0.0005582813812669346 0.41545336234350544
vn 0.9897663446820228 -0.050856477759680184 0.13332742255314942
vn 0.9079584015028183 0.0881793031515024 0.40967786324887356
vn 0.991247010664404 0.016425195411131605 0.1309945678438197
vn 0.8990964365105601 0.15194276096271145 0.4105350109857142
vn 0.9900241076783468 0.04624268962688374 0.13309350048655627
vn 0.8904076681471683 0.21064959151385151 0.40348597757514404
vn 0.9891087599586003 0.06526135776476158 0.1319273139113364
vn 0.8804499008145646 0.28516161756751107 0.3788018268460487
vn 0.9879344367414564 0.09000249647477176 0.1260361032746174
vn 0.8636529244800478 0.3584457501877397 0.3544294996320272
vn 0.9837992996256059 0.1266596863493708 0.12687104441142683
vn 0.3660328891899489 0.9053181918505103 -0.21545044798231675
vn 0.47007980493562757 0.744774751699409 -0.4736407353920965
vn -0.0000012557719549451382 0.9088055803503307 -0.4172198666441011
vn -0.0000012557719549451382 0.9088055803503307 -0.4172198666441011
vn 7.385590419732589e-7 0.7845085306230223 -0.6201180253622379
vn 7.385590419732589e-7 0.7845085306230223 -0.6201180253622379
vn 0.9152156384219913 0.082583752309458 0.39441128158600747
vn 0.9950652742221789 0.03613967457072487 0.09240683935219293
vn 0.9131039527803941 0.13158805879875007 0.3859089973016907
vn 0.9943072104196492 0.06172653973343276 0.08685047840992335
vn 0.9055275840283089 0.17085044306658703 0.38836827968798465
vn 0.9938045710240141 0.06449371915162619 0.09051538433750576
vn 0.897028764793383 0.22253941521298615 0.3818580938122428
vn 0.9930188116472243 0.0751007978058553 0.09095883620440001
vn 0.8872912569137605 0.2908388791005526 0.3579482809121079
vn 0.992058040175199 0.08987494571355799 0.08799624456036888
vn 0.8705275128842859 0.3596189945091082 0.33594051273961767
vn 0.9889624200724266 0.11498039363118191 0.09344966968859579
vn 0.2988375045007049 0.93410072138063 -0.1953253394211256
vn 0.40740260725774025 0.7812148975418914 -0.4729972510049158
vn -0.04069404506121916 0.9298580750672208 -0.36566098360207655
vn -0.04069404506121916 0.9298580750672208 -0.36566098360207655
vn -0.03579433010561159 0.8149017966496237 -0.5784927205674295
vn -0.03579433010561159 0.8149017966496237 -0.5784927205674295
vn -0.7159577376294329 -0.0519739707867449 -0.6962063087111482
vn -0.6898642558940447 -0.16912052987450094 -0.703907348174974
vn -0.003236442881273835 -0.16548265910146243 -0.9862073894339799
vn 0.010605413610616714 -0.25396067998771804 -0.9671563980155038
vn -0.7359028086276594 -0.0015459591992812408 -0.6770854202123072
vn -0.7039475681346017 -0.10702014334847924 -0.7021427990338228
vn -0.014895595231722262 -0.1517708710021952 -0.9883034574248578
vn 0.013591109414379333 -0.22364630659372797 -0.9745756057340398
vn -0.6585040445274868 -0.1303929191346633 -0.7411950552860448
vn -0.6387605710769431 -0.2152407631087197 -0.7386855533539516
vn 0.10748053541920492 -0.1615744896223817 -0.9809901216675263
vn 0.11521699455005316 -0.23988105721996925 -0.9639409331249933
vn 0.9596237193198267 -0.11378970330706523 -0.257243504757793
vn 0.9605223237591748 -0.08534802760465575 -0.2647878013509497
vn 0.9598189871411266 -0.10827798711147398 -0.258888758795104
vn 0.9574827031075656 -0.1449599873495914 -0.24942629235394534
vn 0.962007395683862 -0.17237506246957401 -0.21172767530052322
vn 0.9770688281463982 -0.15371355204980927 -0.14733855225586753
vn 0.5351805719060627 0.49135107096789155 -0.6871359985570583
vn -0.0000015054828884085748 0.5665317572652391 -0.8240399068053037
vn -0.0000015054828884085748 0.5665317572652391 -0.8240399068053037
vn -0.5351739924432468 0.49135152673260274 -0.6871407970641067
vn -0.9770483450984262 -0.15377355294135603 -0.1474117558277448
vn -0.961977786997724 -0.17245643390294924 -0.2117959294425636
vn -0.9574818508679798 -0.14506751730709577 -0.24936704008505814
vn -0.9599517016949155 -0.10810057777866366 -0.25847049250727877
vn -0.9612215527868715 -0.08362789252405983 -0.26279174654083026
vn -0.9607364678549903 -0.11268747066797856 -0.2535487591923311
vn -0.624849497064771 -0.7078753179269588 -0.32935640313755804
vn 0.0008382777663701359 -0.9451124252114863 -0.32674424402160324
vn 0.0008382777663701359 -0.9451124252114863 -0.32674424402160324
vn 0.6273885661844991 -0.7036810176901949 -0.3334915476641797
vn 0.9293591783492084 -0.1626240875384538 -0.3314286103678582
vn 0.9287416824246254 -0.139900599204526 -0.34331721435035994
vn 0.9224865397874649 -0.17693753813196236 -0.3430913748708216
vn 0.9140854657752914 -0.2239658128592662 -0.3380637157824785
vn 0.9174739972558991 -0.2662105586168043 -0.2955899234416011
vn 0.9386409501464686 -0.262789606498227 -0.2233714158630005
vn 0.5327318491870767 0.46931835334015076 -0.7042279887080656
vn 0.022021549559814252 0.5833137929375678 -0.8119483175201319
vn 0.022021549559814252 0.5833137929375678 -0.8119483175201319
vn -0.4999416800626208 0.5202040395575637 -0.6924204458016506
vn -0.9679471984416226 -0.1716350936812218 -0.18335652605253047
vn -0.953985239633983 -0.1692304848553605 -0.24753425127871023
vn -0.9510272206695733 -0.1262592979479688 -0.2821450251682503
vn -0.9543396423901179 -0.08032493209313094 -0.28772165759104046
vn -0.9568057433947604 -0.03201357200855096 -0.28896003290083755
vn -0.9604725236614231 -0.02575219048696623 -0.2771810887787621
vn -0.6142738082564303 -0.7053470176461338 -0.3537700852076771
vn -0.03095507603080086 -0.944553011914777 -0.3268966059026162
vn -0.03095507603080086 -0.944553011914777 -0.3268966059026162
vn 0.5198255095858711 -0.772868589975098 -0.3639444768281189
vn 0.9594507930394038 -0.026965529055240658 -0.28058338507265546
vn 0.9562211162764582 -0.03389643177380726 -0.2906754353226429
vn 0.9542882952815497 -0.08048065176830303 -0.2878484222287537
vn 0.9510861447282051 -0.12609896604907625 -0.2820180775542473
vn 0.9540564490051712 -0.16914105976775248 -0.24732083214376613
vn 0.9679826883696279 -0.17158415540660088 -0.1832167913432374
vn 0.4999384478592663 0.5201833140499217 -0.6924383497006129
vn -0.022033776127885724 0.5833033665181322 -0.8119554761919892
vn -0.022033776127885724 0.5833033665181322 -0.8119554761919892
vn -0.5327297742676605 0.4693032165694599 -0.7042396456649443
vn -0.9386336964527902 -0.26280715201263516 -0.2233812542143561
vn -0.9175032433632805 -0.26619101212612006 -0.29551673976465814
vn -0.9141816576589423 -0.22389647559912224 -0.3378494709397067
vn -0.9227551617076668 -0.17647616181166056 -0.3426062986199792
vn -0.9299854278631403 -0.1375014370177947 -0.34091121832561216
vn -0.9314250328625168 -0.16135381125140916 -0.3262090675497915
vn -0.5180121227586327 -0.7763618772981076 -0.35906221766325297
vn 0.032351242142038245 -0.9447097061142441 -0.32630808801714595
vn 0.032351242142038245 -0.9447097061142441 -0.32630808801714595
vn 0.6170489130570745 -0.7010813285640709 -0.35740118862969655
vn 0.017295510490964457 -0.3719252842553245 -0.928101529062663
vn -0.6742936979783569 -0.2669049269832929 -0.6885417698431342
vn 0.02586183135010893 -0.48784637924551366 -0.8725463173587182
vn -0.6620141260328659 -0.35886713822045646 -0.6579906337011192
vn 0.07320451585929788 -0.6187620035736322 -0.7821602660525209
vn -0.6566602026901511 -0.4711567188758059 -0.588904681982674
vn 0.16551809007429116 -0.7167365548630228 -0.6774160263687626
vn -0.6573921170329793 -0.5704604747556805 -0.4923519586682085
vn 0.13993067118052122 -0.7827178916539363 -0.606442173127649
vn -0.27787853551558833 -0.9587306220419956 0.06015907129170223
vn -4.805624781678376e-7 -0.6986880733745761 -0.7154264295676336
vn -4.805624781678376e-7 -0.6986880733745761 -0.7154264295676336
vn -0.13994658327281634 -0.7827226706371613 -0.6064323331591867
vn -0.0000011691623221934692 -0.9911596335641945 0.13267471798170413
vn -0.0000011691623221934692 -0.9911596335641945 0.13267471798170413
vn 0.27787762264032123 -0.9587308984015398 0.060158883682624675
vn -0.16555283777371566 -0.7167116918969358 -0.6774338407573847
vn 0.6573561041876536 -0.5704892615714084 -0.4923666872554842
vn -0.07339690899114965 -0.6187308661185952 -0.7821668677863298
vn 0.6565771515299175 -0.4702326821881351 -0.5897352530509027
vn -0.02599832031014362 -0.48784415658274305 -0.8725435039177836
vn 0.6619257738504865 -0.36007397079737313 -0.657419961262698
vn -0.017479600480454084 -0.37189794772931345 -0.9281090345653191
vn 0.6741382103403476 -0.2678459075989546 -0.6883285866078828
vn -0.011069865093463976 -0.25380989356582545 -0.967190775397965
vn 0.6897673467226542 -0.16915478988350272 -0.7039940798434726
vn 0.005673378725829091 -0.16494597552315476 -0.9862862859903043
vn 0.7163195467473535 -0.05199491129145381 -0.6958324770715003
vn 0.06705680172260736 -0.08526731081364428 -0.9940990247703415
vn 0.4640313691067784 0.43673271173775446 -0.7706746570266058
vn 0.00014852173213797214 -0.06056263874598129 -0.9981643876283198
vn 0.00014852173213797214 -0.06056263874598129 -0.9981643876283198
vn -0.065490654500129 -0.08615904666494847 -0.9941265477045323
vn 0.00006988857597863837 0.6422687073085626 -0.7664795514087605
vn 0.00006988857597863837 0.6422687073085626 -0.7664795514087605
vn -0.4638340305035545 0.43657533907120344 -0.7708825886357089
vn 0.0061776643598917495 -0.3480069652933066 -0.9374715934738502
vn -0.6857781404688995 -0.21446453017589065 -0.6954950088616402
vn -0.004166916013200776 -0.4786232114339915 -0.8780105114903533
vn -0.670899881420982 -0.3282118213682533 -0.6649589080713532
vn 0.033852978381531985 -0.6233916069173784 -0.7811765999309429
vn -0.6632318527702167 -0.4570860288048728 -0.5926178125422628
vn 0.12483288740149877 -0.7299520602814555 -0.6720020386232938
vn -0.6625580348866134 -0.5638874903045885 -0.49299873091640095
vn 0.32610236036753676 -0.4408424285536487 -0.8362506823612417
vn -0.2437951620615247 -0.9676450125697036 -0.0650157565854072
vn -0.03504710731393733 -0.4035221271210479 -0.9142984158318499
vn -0.03504710731393733 -0.4035221271210479 -0.9142984158318499
vn -0.376534623470021 -0.4475117474147047 -0.8111442000372849
vn -0.05182618242654572 -0.9975659784451939 -0.046649388675236124
vn -0.05182618242654572 -0.9975659784451939 -0.046649388675236124
vn 0.14944326996321525 -0.986980565282932 -0.059464887256981576
vn -0.2094416169326104 -0.7101305120409376 -0.672197043258247
vn 0.6232567904457235 -0.5947880060514755 -0.5077186238662174
vn -0.12392069692954377 -0.6106684948644564 -0.7821302003199185
vn 0.624502960054029 -0.49652108803444234 -0.6028788120516837
vn -0.09235966862563293 -0.47552332684293547 -0.8748412754549193
vn 0.6276143624013945 -0.38494398176228534 -0.6766966403141725
vn -0.10445714307633736 -0.3564182284117366 -0.9284690364875766
vn 0.6338474141531549 -0.29669266878589623 -0.7142904982288798
vn -0.11648119790846101 -0.23967314897851208 -0.9638407089309592
vn 0.6388296618618229 -0.21528031382409915 -0.7386142766053918
vn -0.1075126798519298 -0.1612823078889611 -0.9810346787107307
vn 0.6590463979636364 -0.13043415278231718 -0.7407055940919546
vn -0.031989700854349955 -0.10160659178036936 -0.9943101928201413
vn 0.383224093866523 0.4269291095559282 -0.8190670481065422
vn -0.08396795011980926 -0.09725354171684905 -0.9917112140014381
vn -0.08396795011980926 -0.09725354171684905 -0.9917112140014381
vn -0.11947504714540559 -0.10207896813404067 -0.987575616028612
vn -0.05843657942201347 0.6474835625072612 -0.7598356417465296
vn -0.05843657942201347 0.6474835625072612 -0.7598356417465296
vn -0.4650089114451273 0.4904721645391114 -0.7370235871998511
vn 0.10401565566748458 -0.35646715709470617 -0.9284998165260354
vn -0.6339360123183748 -0.29675252196166607 -0.7141870014185839
vn 0.09231238933156594 -0.475508674884429 -0.87485422950658
vn -0.627661199592941 -0.38494716321546835 -0.6766513873908145
vn 0.12393758532694506 -0.6106674346793814 -0.7821283521043266
vn -0.6245113848225602 -0.4964740586951783 -0.6029088150539389
vn 0.20944621214650092 -0.7101488298449515 -0.6721762593898486
vn -0.6232703616570979 -0.5947429813009523 -0.5077547069925454
vn 0.37651812282193353 -0.4475289494293103 -0.8111423688905329
vn -0.1494453309607987 -0.98698065551381 -0.05945820965642504
vn 0.035057920231093886 -0.40348922364455175 -0.9143125224078401
vn 0.035057920231093886 -0.40348922364455175 -0.9143125224078401
vn -0.3260904401236629 -0.44085301979147745 -0.8362497472649489
vn 0.05182729428043527 -0.9975664762390875 -0.04663750691771015
vn 0.05182729428043527 -0.9975664762390875 -0.04663750691771015
vn 0.24376926818321 -0.9676496775863832 -0.0650434113219078
vn -0.12490143238341671 -0.7299584083827549 -0.6719824061832915
vn 0.6624145246538717 -0.5639930652501977 -0.493070806149859
vn -0.033816842939825766 -0.6233994723881312 -0.7811718882293337
vn 0.6630876656043354 -0.4571518484111516 -0.5927283823284155
vn 0.004363290923233669 -0.4786584330859491 -0.877990356511974
vn 0.6708806776508094 -0.3281907159072047 -0.6649886994130856
vn -0.005940570886817158 -0.34800079278711377 -0.9374754171908077
vn 0.6858764106824615 -0.21443967319387075 -0.6954057634430773
vn -0.013883501811813708 -0.2246371442856982 -0.9743435748156847
vn 0.704365140973682 -0.10693975640261227 -0.701736158881438
vn 0.01566572486972652 -0.15135686095842119 -0.9883550403094624
vn 0.7366993797119457 -0.0013009458380833173 -0.6762191445618506
vn 0.12063844486293036 -0.10182234747863605 -0.9874606701914734
vn 0.46504519683458095 0.4906324880718561 -0.7368939723932513
vn 0.08425592365005903 -0.09612741762795296 -0.9917965814168027
vn 0.08425592365005903 -0.09612741762795296 -0.9917965814168027
vn 0.03174089263257616 -0.10069525972341169 -0.9944108710206874
vn 0.05839993863396373 0.6474981556081402 -0.7598260232787543
vn 0.05839993863396373 0.6474981556081402 -0.7598260232787543
vn -0.383206158578256 0.4267158471142697 -0.8191865635184991
vn -0.7730689315040694 0.1343584553981815 -0.6199292158030392
vn -0.12275199246664797 -0.1052754257618289 -0.9868378960478431
vn -0.7156411094943885 -0.646086247190189 -0.2653871956092426
vn -0.1596357533992207 -0.8483799150926338 -0.5047454268282959
vn -0.5910579953580505 -0.795180194581932 -0.1354212105541946
vn -0.1872463364355741 -0.8738926597876074 -0.4486094388895501
vn -0.15869861148433484 -0.9863619373804972 0.04364492181154832
vn -0.04905831525137111 -0.9891864826480673 -0.13821499285910224
vn 0.003561972421659189 -0.9952317460993951 -0.09747350362235031
vn 0.06947877943459921 -0.9964178715021811 0.048209175053525385
vn -0.135973291190321 -0.974612200155644 0.1778828923495658
vn -0.026900809673943527 -0.9934762777974875 -0.11082071959943161
vn 0.026902375048052433 -0.9934764843918693 -0.1108184875241761
vn 0.13597514642845931 -0.9746119558486249 0.1778828127466985
vn -0.06948106387766423 -0.9964177705218996 0.04820796978296292
vn -0.003560426200390207 -0.9952324091681318 -0.09746678976280886
vn 0.04906450212153773 -0.9891866445847771 -0.13821163773964779
vn 0.15822866718009385 -0.9864315489698879 0.04377771212933016
vn 0.10093924795848518 0.05938699261637811 0.993118549484178
vn -0.5546144055746398 0.1118688842809202 0.8245533420336317
vn -0.9840999143217853 0.12756923425756106 0.12358579652530437
vn 0.5544456760601847 0.11181147237331736 0.8246745945789016
vn 0.9840992465767021 0.1275280392536199 0.12363362039224916
vn -0.10077311527765655 0.05842728729693113 0.9931923435751799
vn 0.012874290679409841 0.8502589087609572 0.5262072222158569
vn 0.7781000729750004 0.5367700270206291 0.3262487004243422
vn 0.9964737114437219 0.07591494488500487 0.03573602586579724
vn 0.5904676267625224 0.8053407220987852 0.052671653428020875
vn 0.987397983271164 0.15779814355868313 0.012040287433078696
vn -0.012872069941686238 0.8502568515109107 0.526210600685856
vn -0.7780991584226773 0.536769655262877 0.3262514932546571
vn -0.996473756810946 0.07591224959994348 0.035740486115269664
vn 0.03025974560752433 0.9978371416590089 0.05835568971014419
vn -0.5904664579089905 0.8053409109186935 0.05268186865572474
vn -0.9873980248280384 0.15779745522101865 0.012045899362819464
vn 0.11075362600917232 0.18419523851001945 0.9766297908808933
vn 0.018566716584130432 0.7840922526280298 0.6203665177973312
vn -0.05961759146118968 0.9859347538738016 0.15613585075879555
vn 0.11143901551546687 0.06347207925788995 0.9917422250643683
vn -0.2537816622989147 0.6859581301746859 0.6819503732149783
vn -0.4338027818987927 0.8905401197208864 0.13694320568899326
vn 0.11398534318399636 0.05979337105957038 0.9916814480046297
vn -0.37759694645144803 0.5008661972659572 0.7788155099039061
vn -0.6856639086680405 0.7150467918910995 0.1362831235197941
vn 0.11349001194702915 0.06661942406241501 0.9913031168748817
vn -0.44648944016787667 0.318338384790869 0.8362462870394802
vn -0.870363368181388 0.47472388288510636 0.13078548216999178
vn 0.0596191937445785 0.9859327956792326 0.15614760370040653
vn -0.018576346949129074 0.7841102142886781 0.620343526751258
vn -0.1107524650658649 0.18421957434553946 0.9766253324124778
vn 0.2537561051616178 0.6859071830823187 0.6820111254879091
vn 0.43384322585252455 0.8905153851776758 0.1369759254165902
vn -0.11141944003957278 0.06347796362150292 0.9917440478852066
vn 0.3775294152377959 0.5007783411454356 0.7789047397916087
vn 0.6856653996112545 0.7150491198890675 0.13626340639294326
vn -0.11398267942485141 0.05986734917811351 0.9916772909034054
vn 0.44635783128027795 0.3183640347344388 0.8363067785462317
vn 0.8703239386509763 0.4747832945956793 0.13083220163218232
vn -0.11352167901241451 0.06665130195368295 0.9912973480959593
vn 0.09185065345213443 0.8446652904092867 0.5273556718555433
vn 0.08150872882171713 -0.849368882861539 -0.5214679548662691
vn -0.04220926570734991 -0.01912650379465294 -0.9989257003106085
vn -0.06171229775232534 -0.03956623830984542 -0.9973094329705986
vn -0.06090894850036038 -0.04634244843513691 -0.9970669373044204
vn -0.06532884617479642 -0.06431451664630085 -0.9957890262530628
vn -0.0791037981987017 -0.2561545985040861 -0.9633936945899892
vn 0.07911154416790067 -0.2560884288193644 -0.9634106498291368
vn 0.06533522812135156 -0.06433185844645935 -0.9957874873461484
vn 0.060928780815518994 -0.04636547270402077 -0.9970646551800275
vn 0.061709288549704415 -0.03961560371968905 -0.9973076594755571
vn 0.04224422378565336 -0.01918625742822871 -0.998923076659382
vn -0.3334107545521134 -0.8045537229326856 -0.49145760311968506
vn -0.13542464392063533 -0.9879434120820464 -0.07501986631988168
vn 0.13542710538393574 -0.9879445051852853 -0.07500102533652728
vn 0.3334274498978356 -0.8044768352204049 -0.49157212822574475
vn 0.952181459795581 -0.26500022448149274 -0.15207020959515738
vn 0.921107640387451 -0.38897904819222906 -0.0160004652223011
vn 0.019364096622755834 -0.9187921474685719 -0.39426643467593686
vn 0.27554101128905856 -0.7047142912742984 -0.653800366145176
vn 0.4701040437768143 -0.524553814689222 -0.7098207404124455
vn 0.6210818009716099 -0.36078639186299827 -0.6957661790776702
vn 0.763538372573818 -0.09881730559041706 -0.6381569506972216
vn -0.019369117713856132 -0.9188293718941765 -0.3941794294779218
vn -0.2755158680731786 -0.7047903292531171 -0.6537289944856093
vn -0.4701013276134305 -0.5245591412201365 -0.7098186029814118
vn -0.62110112835618 -0.36080779892240133 -0.6957378246088479
vn -0.7636238327192705 -0.09885397541313566 -0.6380490056791491
vn -0.952169187363304 -0.265037091659115 -0.15208280205461405
vn -0.9211062813375097 -0.38898232682321976 -0.015998996836625402
vn 0.7953513237971919 -0.518034814050255 -0.31473195447232916
vn 0.2559454800966308 -0.8208570082735062 -0.5105738763258205
vn 0.708536664478568 -0.7053312459824732 -0.021991555888497834
vn 0.11478241971082176 -0.9929881973870514 -0.028274298847952493
vn -0.7953398250325636 -0.5180538103637745 -0.3147297448363366
vn -0.25595126052487205 -0.8208530940776182 -0.5105772715064095
vn -0.7085387771761028 -0.7053290670255008 -0.021993372791126536
vn -0.11478119989769697 -0.992988334607842 -0.028274431608607244
vn -0.04550846184298261 -0.6374153863568814 -0.7691752759522327
vn -0.12106970246965651 -0.019746637451973022 -0.9924475791966291
vn 0.12882899323438665 -0.4680739254245761 -0.8742481860660866
vn -0.13534330522154972 -0.000047933312715984784 -0.9907987623297195
vn 0.21482935827338112 -0.30280709660637806 -0.9285236717869194
vn -0.1469600244971942 0.032927961150405874 -0.9885942041981944
vn 0.25953145905910435 -0.18093671760756294 -0.9486333991485085
vn -0.15410654648404742 0.03522118677266423 -0.9874262708339723
vn 0.35193972087207137 -0.0469783335684102 -0.9348430183980749
vn -0.12049408931664075 0.01438232312413024 -0.9926098544852889
vn 0.04551499474599774 -0.6374160244106731 -0.7691743606476779
vn 0.12111628827978613 -0.019380855156891495 -0.9924491055800874
vn -0.12877235351457703 -0.4679480741999872 -0.8743238992632194
vn 0.1354705170270313 0.0003598048155077588 -0.9907813126805147
vn -0.21475088049777843 -0.3026343507036681 -0.9285981418781744
vn 0.14699290045000077 0.03307299915232863 -0.9885844748651307
vn -0.2594431098551416 -0.18089464108624626 -0.9486655899604302
vn 0.15411814808330254 0.0352290528021366 -0.9874241795044506
vn -0.3518284861324381 -0.046954214626973925 -0.9348860989845346
vn 0.12110743233443655 0.014391147896192953 -0.9925350798312318
vn 0.998283963947167 -0.04420721185795843 -0.03840377254485484
vn -0.9982839919885782 -0.04420954513133223 -0.03840035753256903
vn 0.9967871630293059 -0.08009567636554742 0.00018506089182222755
vn -0.9967872215809869 -0.08009495091347851 0.00018366007708146818
vn -0.08792031586190657 0.9875991618820518 -0.1300688798622152
vn -0.45808927391626275 0.8782449563703872 -0.1372589295195309
vn -0.7009351238624146 0.7000018343365035 -0.13670180708941645
vn -0.8747925434043592 0.46260400063268925 -0.14399841875091196
vn -0.9838379116080762 0.12351885548472641 -0.12963817347680606
vn 0.08791971358600086 0.9875978998144406 -0.13007886932573504
vn 0.4581281513611104 0.8782182255196792 -0.13730020136736035
vn 0.7009288152805655 0.7000091752058009 -0.13669656373544123
vn 0.8747552545174233 0.46266912947969696 -0.14401569817439133
vn 0.9838405634499975 0.12347553412026689 -0.1296593158400366
vn -0.800953949624242 -0.505300619208741 -0.32116048139301
vn -0.800953949624242 -0.505300619208741 -0.32116048139301
vn 0.8009525566791821 -0.5053107160934036 -0.3211480688876289
vn 0.8009525566791821 -0.5053107160934036 -0.3211480688876289
vn -0.7998833613972676 -0.600005623502597 -0.013411186564507927
vn -0.7998833613972676 -0.600005623502597 -0.013411186564507927
vn 0.7998866181579877 -0.6000010178216173 -0.013422991648695749
vn 0.7998866181579877 -0.6000010178216173 -0.013422991648695749
vn -0.37644012527860504 0.5437620534325128 -0.7500771035880814
vn -0.37644012527860504 0.5437620534325128 -0.7500771035880814
vn -0.13154640913015472 0.6785361232261685 -0.7226923769641987
vn -0.13154640913015472 0.6785361232261685 -0.7226923769641987
vn -0.5242295969391134 0.44243330676138604 -0.7276235968969396
vn -0.5242295969391134 0.44243330676138604 -0.7276235968969396
vn -0.626581265606047 0.3001559158180458 -0.7192373348144232
vn -0.626581265606047 0.3001559158180458 -0.7192373348144232
vn -0.7039306527596895 0.08850640511579466 -0.7047327524379694
vn -0.7039306527596895 0.08850640511579466 -0.7047327524379694
vn 0.13157373615120535 0.6785899970122808 -0.7226368160494493
vn 0.13157373615120535 0.6785899970122808 -0.7226368160494493
vn 0.3764216988510338 0.5437593753663098 -0.7500882923598676
vn 0.3764216988510338 0.5437593753663098 -0.7500882923598676
vn 0.5241488448282354 0.4424279824303295 -0.727685006598222
vn 0.5241488448282354 0.4424279824303295 -0.727685006598222
vn 0.6265241072872988 0.30015624485632986 -0.7192869883861382
vn 0.6265241072872988 0.30015624485632986 -0.7192869883861382
vn 0.7039313860252887 0.08841542834121091 -0.704743439699694
vn 0.7039313860252887 0.08841542834121091 -0.704743439699694
vn 0.33636881051628553 0.8448348925378109 0.41606493202682304
vn 0.33636881051628553 0.8448348925378109 0.41606493202682304
vn 0.37395373732258574 0.7853810317853096 0.493290216053707
vn 0.37395373732258574 0.7853810317853096 0.493290216053707
vn 0.4440502251267697 0.029116718170374582 0.8955286786518075
vn 0.4440502251267697 0.029116718170374582 0.8955286786518075
vn -0.06423240078690123 -0.020534130088614228 -0.9977236832864372
vn -0.07348026440782035 -0.004791688688300345 -0.9972851600530669
vn -0.07480088433341982 -0.017356041248669823 -0.9970474389592066
vn -0.07547040141881056 -0.023358616982414183 -0.9968744121113514
vn -0.07861352422868942 -0.01367370770467079 -0.99681138814018
vn -0.0021842514586766417 -0.9990552090716114 -0.04340412736646319
vn 0.026087270007475325 0.998731525362183 0.04306732626114929
vn -0.008652290245580032 0.9911761187925319 0.13226881495227452
vn -0.008652290245580032 0.9911761187925319 0.13226881495227452
vn 0.10209096370308389 0.9858235262907147 0.13315183116245963
vn 0.10209096370308389 0.9858235262907147 0.13315183116245963
vn 0.08871449673716546 0.06097994983082626 0.9941887063265713
vn 0.0892843263481323 0.06724962087509706 0.9937332627826824
vn 0.08860281421184474 0.051935136859514494 0.9947121608149387
vn 0.08544833042091653 0.043433371062125616 0.995395461666597
vn 0.07629343880068314 0.09473575487396092 0.9925746561062434
vn -0.023082939530286544 -0.12565786930986608 -0.9918050603738346
vn 0.7049515082646844 -0.0035975410010295706 -0.7092463808114162
vn -0.04943755304927179 -0.12318472653614959 -0.9911515784665403
vn -0.7566116160862681 0.08214632752540127 -0.6486839317243916
vn -0.07314729762483939 -0.12008168666432467 -0.9900655843821832
vn 0.05957192220397699 -0.8914954161485115 -0.4490958795971251
vn 0.5247945329376152 -0.8365557658722858 -0.15736946585860914
vn 0.01866708980484377 -0.8860529839841018 -0.46320799791355827
vn 0.014545494224704945 -0.8429019777240881 -0.5378705090879959
vn 0.05082117422949435 -0.8414102245263909 -0.538001898056488
vn 0.6683468094132203 -0.6850334870251676 -0.289899403244139
vn -0.7164220447486137 -0.6480760189605577 -0.2583349133323837
vn -0.021250178492358718 -0.8476752421377782 -0.5300897223873535
vn -0.6053150788710709 -0.7888737962747387 -0.10616868108058529
vn -0.023395440149691242 -0.8941234556506733 -0.4472090109059749
vn 0.2354867856763744 0.8590423883478249 0.45452409044348124
vn 0.2354867856763744 0.8590423883478249 0.45452409044348124
vn 0.0252660984269501 0.8664302978149611 0.4986583633095487
vn 0.27832117308838344 0.7810912625061718 0.5589577481771058
vn 0.27832117308838344 0.7810912625061718 0.5589577481771058
vn 0.01801389252924246 0.8079634473722649 0.5889571863779831
vn -0.2451723960198324 0.7944779869776498 0.5556034777049509
vn -0.2451723960198324 0.7944779869776498 0.5556034777049509
vn -0.18400927515347268 0.8725898452756902 0.4524682846114639
vn -0.18400927515347268 0.8725898452756902 0.4524682846114639
vn 0.4073074382196938 0.04860833194353072 0.9119966451893219
vn 0.4073074382196938 0.04860833194353072 0.9119966451893219
vn 0.06678497758055367 0.10149939307724187 0.9925913761334604
vn -0.30409869540716195 0.09220707413216521 0.9481676217482052
vn -0.30409869540716195 0.09220707413216521 0.9481676217482052
vn 0.0000011288964181820268 -0.03960047625076525 -0.999215593492935
vn 4.7269711049268676e-7 -0.035128759014836135 -0.9993827946737196
vn -0.000004216053345422427 -0.01640297358048151 -0.9998654621697575
vn 0.0000015017274867537385 -0.9987910734529369 -0.049156806125650314
vn -0.0000025399241935070615 0.999069577869774 0.043127468841338876
vn -0.04081798363131478 0.9940952107128835 0.10054155484167435
vn -0.04081798363131478 0.9940952107128835 0.10054155484167435
vn 0.04082544870650136 0.9940990155093418 0.10050089602222653
vn 0.04082544870650136 0.9940990155093418 0.10050089602222653
vn -0.000001610300012592313 0.06832044911410962 0.9976634283315459
vn -0.00001139133542041287 0.08400862422405322 0.9964650274476368
vn -0.0000016702109971621902 0.07080411572566607 0.997490239146989
vn 0.000003046587350809549 0.06026289257835011 0.998182540304532
vn 9.671118614778136e-7 0.12540204654376536 0.9921060057885448
vn 0.07349170035277656 -0.12000164448257095 -0.9900497842536689
vn 0.7562999718919123 0.08202085735686028 -0.6490631182517909
vn 0.049706540264375126 -0.12313995327655405 -0.9911436887565769
vn -0.7051665373433812 -0.0035572333989630518 -0.7090327924022211
vn 0.02327620507900513 -0.1256443903257701 -0.9918022511855807
vn 0.02339558070085151 -0.8941225941718236 -0.4472107259392582
vn 0.6053139276892767 -0.7888747075118687 -0.10616847363245137
vn -0.01866200892050553 -0.8860527343250412 -0.4632086802059837
vn -0.01455264607295777 -0.8429040711085477 -0.5378670350569102
vn 0.021251646157566386 -0.8476761469449938 -0.5300882166546272
vn 0.7164215050829098 -0.6480769044278085 -0.2583341886046201
vn -0.6683440557598899 -0.6850343108432668 -0.28990380490416384
vn -0.05084724407209996 -0.8414372297488599 -0.5379571973334281
vn -0.5247901257350968 -0.8365586083447478 -0.1573690526604271
vn -0.05957318093064294 -0.8914949291487075 -0.44909667936419423
vn 0.32335817098501857 -0.8639923142979041 0.3859491858928777
vn 0.3366148389385549 -0.9388552674176172 0.0723963883668593
vn -0.33367744697409873 -0.9399532847362219 0.07174387705187699
vn -0.32153579938030225 -0.8652735055352231 0.38459912940054386
vn -0.9026231937901782 -0.10455762794358019 0.41753930649799975
vn -0.9805949838875353 -0.15546210916428138 0.11943621807809242
vn -0.8192290124600451 0.5012288724443429 0.27862778499624125
vn -0.9680502996891156 0.2396489971495184 0.07380362753309423
vn -0.9091177669555782 0.4137770599812657 -0.04788977384539319
vn -0.7215426792482383 0.674166760314771 0.15771918497747936
vn 0.19137990654485662 0.9225450840830716 -0.3350884945876836
vn -0.10623221342201787 0.9405263281276888 -0.3226839675752515
vn -0.13971606805712664 0.8174881274750025 -0.558741963489472
vn 0.21188936074987852 0.7976614401534545 -0.5646584150557971
vn 0.7889225403805986 0.6110989255761478 0.0644928557213941
vn 0.9377785429890155 0.3187690210264796 -0.13768702024235585
vn 0.8990417717955091 0.4000039431084151 0.1781031669132013
vn 0.992427235568022 0.12169361184233954 -0.016698710716089044
vn 0.9392580978890458 -0.17268912086825655 0.29660191011455145
vn 0.9746333345839516 -0.22317643429647444 0.016797091786332676
vn -0.2656800669033524 -0.8874806501576389 0.3765530475856024
vn 0.3094736912281454 -0.8872412381731929 0.34209504486695785
vn 0.28611584878879076 -0.9573253782113887 0.04081471921122681
vn -0.2955656553693292 -0.9536042275683766 0.057270590444123706
vn -0.9115296014923662 -0.019486325566053748 0.4107725267335951
vn -0.9944458943431277 -0.06537778898800989 0.08248095496013709
vn -0.6887632266720877 0.7102471833737634 0.14544468396572735
vn -0.8171723160984304 0.513570683410009 0.2616764394134536
vn -0.973317338697547 0.22529514337883666 0.043536841417744755
vn -0.9016979852569025 0.42540689924402325 -0.07726392081190428
vn 0.26730650405002954 -0.8864720974114648 0.3777756654463995
vn 0.2981552193490513 -0.9527434142156493 0.05816744659710281
vn -0.28417791389971936 -0.9579120172397346 0.040589167019119105
vn -0.30810180325767167 -0.8881230359881808 0.34104362151564643
vn -0.9402947701606169 -0.17470387136697044 0.29210323951984124
vn -0.974200150591405 -0.22524168084733995 0.014151035182943389
vn -0.8990447848743617 0.40000163314157655 0.1780931449390585
vn -0.9924282720379609 0.12168397349217731 -0.016707347332899337
vn -0.9377830167182165 0.31875290866281586 -0.13769385161972925
vn -0.7889318045234546 0.6110867531874219 0.06449486716181857
vn 0.9806093201327722 -0.15401176523654075 0.12118472443945696
vn 0.9014697873859295 -0.10339498069000251 0.4203114326288078
vn 0.8192474945520486 0.5011891189919414 0.27864495271630646
vn 0.9680514271415002 0.23963981707867435 0.07381864588167616
vn 0.7215785919342426 0.6741177343607746 0.1577644316140113
vn 0.9091203861329424 0.4137729158990008 -0.047875855981153376
vn -0.16155133698068558 0.9158261763041136 -0.367645998639914
vn -0.19247204992626626 0.782898760790837 -0.5916282957646232
vn 0.19247167588034922 0.7828999477210316 -0.5916268467896092
vn 0.16154405390000548 0.915830761323354 -0.3676377772528799
vn 0.9943600403252484 -0.06358982690588955 0.08487899692179116
vn 0.9099901327260079 -0.018209144490504748 0.41422987023900937
vn 0.8171095887108919 0.513657430993674 0.26170205123708185
vn 0.9733106728449982 0.2253215963291025 0.04354896501321223
vn 0.6887414243893605 0.7102728863974777 0.1454224094791128
vn 0.9016997348360389 0.42540357299435483 -0.0772618164441786
vn -0.19137928574453164 0.9225387903265909 -0.33510617620489086
vn -0.2118926019336475 0.7976518164402605 -0.5646707934499019
vn 0.1397266651340042 0.8174772656058374 -0.5587552051373954
vn 0.10624765728545156 0.9405168467993117 -0.3227065171452746
vn 0.9913812941987095 -0.04553718522814521 -0.12283930264532388
vn 0.963485111280046 0.10831623332006542 -0.24487554786264537
vn 0.23314214855158477 0.5615704562260802 -0.79390387406964
vn -0.23313475166001535 0.5615684154185233 -0.7939074898076927
vn -0.9634818496749945 0.10834964509295024 -0.24487359954695634
vn -0.9913737759413016 -0.045577943258461276 -0.12288485449482589
vn -0.9258861733253111 -0.21197833684755957 -0.3127298814509967
vn -0.3045368136616594 -0.8936506935735883 -0.3296145734039202
vn 0.3069515994309948 -0.8920445936220456 -0.33171849299735123
vn 0.9237904328695925 -0.21127177271880435 -0.31933598950144176
vn 0.9669418287399032 -0.16096904794670555 -0.19776871703144253
vn 0.9488207926899968 0.010012617576413583 -0.3156562225719537
vn 0.23407927821059096 0.56740326039074 -0.7894684487744693
vn -0.1909734984378175 0.5875885869120306 -0.7863006902102679
vn -0.9570269366186749 0.08998632786054835 -0.2756844271707216
vn -0.9842913447742808 -0.08055496201600075 -0.15710329944669726
vn -0.9336544179519621 -0.12545143740046166 -0.3354867578503524
vn -0.29619150065447447 -0.8941657154233696 -0.33576519816899414
vn 0.22435369010087144 -0.9139849711650551 -0.33807823683658733
vn 0.8817666265438122 -0.27240437554838015 -0.3850759308183803
vn 0.9842970077714399 -0.08054128536758849 -0.15707482880311147
vn 0.9570169951424795 0.08999541683064992 -0.27571596971872525
vn 0.19097129012273273 0.5875762396951049 -0.7863104532527975
vn -0.23406454531607235 0.5673925782281338 -0.7894804942477118
vn -0.9488178340339756 0.010000236173001083 -0.31566550824497674
vn -0.966932391165404 -0.16099008007227789 -0.19779773768543443
vn -0.884892521507224 -0.2737808406440658 -0.3768411822994084
vn -0.22302836554847202 -0.9151947652249174 -0.33567378489492655
vn 0.2986167598378939 -0.8928638484627791 -0.3370788911399717
vn 0.9315174262378974 -0.12469510840967261 -0.34165247628814815
vn 0.34763323522935174 -0.7768937254418936 -0.524964068420868
vn -0.6357626089540234 -0.7007658885741499 -0.3236248977857783
vn 0.29619442973442456 -0.8175535079707629 -0.4938371405625533
vn -0.607165678810805 -0.772726158536989 -0.18505167490969204
vn 0.07417689641224434 -0.7275730606903527 -0.6820082326455597
vn -0.07418143618886558 -0.7275730243627183 -0.6820077776276784
vn -0.11478679967510867 -0.9864645848547366 0.11709659878800331
vn 0.11478104770454597 -0.9864651842760125 0.11709718740917574
vn -0.29610633118071994 -0.8175918853815977 -0.493826436709152
vn -0.34752125651755505 -0.7769493111383431 -0.5249559449993055
vn 0.6071782584385115 -0.7727187280861074 -0.1850414271036743
vn 0.6358027753220166 -0.7007352974057518 -0.32361222761585157
vn 0.15870886977584317 -0.12593007037316406 -0.9792615136061891
vn 0.7280315839423431 0.046548154647715584 -0.6839614624240867
vn 0.027579071182825887 -0.06394889679936602 -0.9975720191699629
vn -0.02702780089536716 -0.06447033334924371 -0.9975535444759834
vn 0.21613096279333915 0.5976256888159607 -0.7720951644643765
vn -0.2159912291793306 0.5975932076599596 -0.7721594052242596
vn -0.1566721030165994 -0.12626153055260575 -0.9795467717464387
vn -0.7279414378090054 0.04655605073297461 -0.6840568669786938
vn 0.38366995600683523 -0.7553537164853171 -0.5312608849233417
vn -0.6267562073572812 -0.7040624799429224 -0.3338752474738711
vn 0.45131100622916964 -0.7000444748417647 -0.5534041099413086
vn -0.5746507434680509 -0.7923972317123288 -0.20465373245131457
vn 0.11661704032927234 -0.39797900070769904 -0.9099522959477284
vn -0.18492508255626894 -0.39717514012383454 -0.8989185846945036
vn -0.13849174999183 -0.9889103190514464 -0.05363222965500138
vn 0.03632113289894569 -0.9983629453412735 -0.04418376030211147
vn -0.4937843716364418 -0.6942872455645707 -0.5235859193809224
vn -0.4392403431744157 -0.7366399878322412 -0.5142270405711248
vn 0.5080092762614803 -0.832073187000373 -0.22266743521972232
vn 0.5759936620016893 -0.7370020643134527 -0.3536371848824621
vn 0.056642580857115904 -0.14881159897524854 -0.9872419794783216
vn 0.673767119923357 -0.03844650261381021 -0.737942907376276
vn -0.06934073372843136 -0.09281804897244503 -0.9932656605515725
vn -0.0951728023488844 -0.0973686894959105 -0.9906873755120276
vn 0.13373515763636007 0.600692604065643 -0.7882152643997796
vn -0.24385928998036252 0.6180297486173129 -0.7473766630784604
vn -0.17970123300850674 -0.1187087556738287 -0.9765324870077767
vn -0.7443927625150486 0.10070117696498448 -0.6601050583604713
vn 0.4391859695289287 -0.7366733925901042 -0.5142256283176884
vn -0.5760050098221177 -0.7369822023716093 -0.353660093942354
vn 0.49374467957546625 -0.6943430001170118 -0.5235494146491116
vn -0.5080252121388694 -0.8320665083711275 -0.22265603400387993
vn 0.18492200397960393 -0.3971892174261446 -0.8989129980173689
vn -0.11660952856367186 -0.3979981284024839 -0.9099448926370641
vn -0.036332789351813485 -0.9983628098279749 -0.04417723814712007
vn 0.13852854695821026 -0.9889055467375396 -0.05362519286095728
vn -0.451356103625948 -0.700001284909869 -0.5534219627410307
vn -0.38373606167392793 -0.7553238626668968 -0.5312555858124618
vn 0.5746281385194036 -0.7924149364873804 -0.20464865221502465
vn 0.6266731303996453 -0.7041515426774592 -0.33384336533779396
vn 0.18218664446839966 -0.11847684510480551 -0.9761000275337343
vn 0.7448825951654842 0.1009716488012591 -0.6595109139035447
vn 0.09579784117195665 -0.09667218174624695 -0.9906953431318899
vn 0.06932079993027268 -0.091564695211894 -0.9933833767925555
vn 0.24385554741930465 0.618015936173931 -0.7473893059362643
vn -0.13378694852195977 0.6006488889250267 -0.7882397887941925
vn -0.05752173212088136 -0.14870314241380672 -0.9872074887125161
vn -0.6736008843746388 -0.03847385412082429 -0.7380932265769644
vn 0.11410657704965872 0.04214869858322913 0.9925740155181125
vn -0.11405623194522964 0.042142104254787656 0.9925800819094823
vn 0.0409609763704541 0.044366584721908686 0.9981752374081881
vn -0.04094829893162872 0.04440326331834636 0.9981741266038143
vn -0.07370237226653795 0.9960567308661586 0.04938571877076843
vn 0.07370405638430398 0.9960566751341504 0.049384329429498275
vn -0.00459675049720365 0.9992411253554297 0.03867871873887281
vn 0.004590626914806688 0.9992411969467893 0.038677596472341036
vn 0.036886560827460745 -0.04170563398812385 -0.9984488077633078
vn -0.0369078528669181 -0.041656047948071054 -0.998450090923979
vn 0.10097780910483553 -0.02892285078605767 -0.9944681748406005
vn -0.10101175451364457 -0.029003281557273785 -0.9944623849643507
vn -0.010122831547499855 -0.9991028869447011 -0.04112115733080877
vn 0.010122774386422775 -0.9991029392548195 -0.041119900426702986
vn 0.018142500665846963 -0.9977879567387098 -0.06395344444813122
vn -0.018143911773577576 -0.9977879996575708 -0.06395237450553432
vn 0 0 1
vn 0.5877855513876709 0.8090167770694819 0
vn 0 0 1
vn 0.9510567027047568 0.30901642066459145 0
vn 0 0 1
vn 0.9510590179767793 -0.3090092948845462 0
vn 0 0 1
vn 0.5877915889896355 -0.8090123904570556 0
vn 0 -1 0
vn 0 -1 0
vn 0 0 1
vn -0.5877895823512915 -0.8090138483853625 0
vn 0 -0.0000027151795620638913 0.9999999999963141
vn -0.9510582227217556 -0.3090117424845462 0
vn 0 -0.000002715185246405777 0.9999999999963138
vn -0.9510559043646579 0.3090188776970152 0
vn 0 0 1
vn -0.5877834490391246 0.8090183045121232 0
vn 0 0 1
vn 0 0 1
vn 0 1 0
vn 0 0 -1
vn 0 0.000005430444161822344 -0.9999999999852551
vn 0.5877855513876709 0.8090167770694819 0
vn 0 0 -1
vn 0 0.000005430444161822344 -0.9999999999852551
vn 0.9510567027047568 0.30901642066459145 0
vn 0 -0.0000054304000513293095 -0.9999999999852554
vn 0 0 -1
vn 0.9510590179767793 -0.3090092948845462 0
vn 0 -0.0000054304000513293095 -0.9999999999852554
vn 0 0 -1
vn 0.5877915889896355 -0.8090123904570556 0
vn 0 -1 0
vn 0 -1 0
vn 0 0 -1
vn -0.5877895823512915 -0.8090138483853625 0
vn 0 0 -1
vn 0 0.0000054304000513293095 -0.9999999999852554
vn -0.9510582227217556 -0.3090117424845462 0
vn 0 0 -1
vn 0 0.0000054304000513293095 -0.9999999999852554
vn -0.9510559043646579 0.3090188776970152 0
vn 0 -0.000005430444161822344 -0.9999999999852551
vn 0 0 -1
vn -0.5877834490391246 0.8090183045121232 0
vn 0 -0.000005430444161822344 -0.9999999999852551
vn 0 0 -1
vn 0 0 -1
vn 0 1 0
vn 0 -5.430435976449298e-7 0.9999999999998526
vn 0 -0.000005430444161822344 -0.9999999999852551
vn 0 -0.0000054304000513293095 -0.9999999999852554
vn 0 0 -1
vn 0 0.0000054304000513293095 -0.9999999999852554
vn 0 0.000005430444161822344 -0.9999999999852551
vn 0 1 0
vn 0.5877893909532312 0 -0.8090139874457236
vn 0 1 0
vn 0.9510563006895902 0 -0.30901765793985264
vn -0.0000027152304937671898 0.9999999999963138 0
vn 0.9510559043646579 0 0.3090188776970152
vn -0.0000027152461825507953 0.9999999999963138 0
vn 0.5877838354967502 0 0.8090180237353982
vn 4.987282409273865e-7 0 0.9999999999998757
vn 0.000010860931069415235 0.9999999999410201 0
vn -0.5877834490391246 0 0.8090183045121232
vn 0.000010860914698510607 0.9999999999410203 0
vn -0.9510559043646579 0 0.3090188776970152
vn 0 1 0
vn -0.9510559043646579 0 -0.3090188776970152
vn -0.0000027152161692256373 0.9999999999963138 0
vn -0.5877883876325998 0 -0.8090147164077232
vn 0.00000814568465985109 0.9999999999668239 0
vn 0 0 -1
vn 0 0 -1
vn 0.000010860841029439777 0.9999999999410212 0
vn -0.000010860918074355873 -0.9999999999410201 0
vn 0.000010860652764036544 -0.9999999999410232 0
vn 0.5877893909532312 0 -0.8090139874457236
vn -0.000010860918074355873 -0.9999999999410201 0
vn 0 -1 0
vn 0.9510563006895902 0 -0.30901765793985264
vn 0 -1 0
vn 0.000010860918074355873 -0.9999999999410201 0
vn 0.9510559043646579 0 0.3090188776970152
vn 0 -1 0
vn 0.000010860918074355873 -0.9999999999410201 0
vn 0.5877838354967502 0 0.8090180237353982
vn -0.000010860947440319867 -0.9999999999410201 0
vn 0 -1 0
vn 4.987282409273865e-7 0 0.9999999999998757
vn -0.5877834490391246 0 0.8090183045121232
vn -0.000010860947440319867 -0.9999999999410201 0
vn 0.000010860888323164259 -0.9999999999410205 0
vn -0.9510559043646579 0 0.3090188776970152
vn 0 -1 0
vn 0.000010860888323164259 -0.9999999999410205 0
vn -0.9510559043646579 0 -0.3090188776970152
vn -0.000010860888323164259 -0.9999999999410205 0
vn 0 -1 0
vn -0.5877883876325998 0 -0.8090147164077232
vn -0.000010860888323164259 -0.9999999999410205 0
vn 0 -1 0
vn 0 -1 0
vn 0 0 -1
vn 0 0 -1
vn 0.000010860652764036544 -0.9999999999410232 0
vn 0.0000032582743187785885 0.9999999999946918 0
vn -0.000010860947440319867 -0.9999999999410201 0
vn -0.000010860918074355873 -0.9999999999410201 0
vn -0.000010860888323164259 -0.9999999999410205 0
vn 0 -1 0
vn 0.000010860652764036544 -0.9999999999410232 0
vn 0.000010860888323164259 -0.9999999999410205 0
vn 0.000010860918074355873 -0.9999999999410201 0
vn 0 1 0
vn 0.000016291243807811935 0.9999999998672977 0
vn 0.5877881075436365 0 -0.809014919905851
vn 0 1 0
vn 0.9510554997214501 0 -0.3090201230495885
vn -0.0000027151920676160403 0.9999999999963138 0
vn 0.9510554997214501 0 0.3090201230495885
vn 0.000008145709216208038 0.9999999999668239 0
vn 0.5877856577548158 0 0.8090166997891566
vn 9.87483986136313e-7 0 0.9999999999995124
vn 0.000010860959263750987 0.9999999999410198 0
vn -0.5877869588431731 0 0.8090157544905375
vn 0 1 0
vn -0.9510563006895902 0 0.30901765793985264
vn 0 1 0
vn -0.9510563006895902 0 -0.30901765793985264
vn -0.000002715250730024304 0.9999999999963138 0
vn -0.5877869588431731 0 -0.8090157544905375
vn -0.0000027152257189200054 0.9999999999963138 0
vn 0.00000403971125703152 0 -0.9999999999918405
vn 0.00000403971125703152 0 -0.9999999999918405
vn 0.000008145605533812045 0.9999999999668245 0
vn -0.000010860918074355873 -0.9999999999410201 0
vn -0.000005430414603244538 -0.9999999999852554 0
vn 0.5877881075436365 0 -0.809014919905851
vn -0.000010860918074355873 -0.9999999999410201 0
vn 0 -1 0
vn 0.9510554997214501 0 -0.3090201230495885
vn 0 -1 0
vn 0.000010860888323164259 -0.9999999999410205 0
vn 0.9510554997214501 0 0.3090201230495885
vn -0.00002172189487679625 -0.9999999997640796 0
vn 0.000010860888323164259 -0.9999999999410205 0
vn 0.5877856577548158 0 0.8090166997891566
vn -0.00002172189487679625 -0.9999999997640796 0
vn 9.87483986136313e-7 0 0.9999999999995124
vn 0.000010860947440319867 -0.9999999999410201 0
vn -0.5877869588431731 0 0.8090157544905375
vn 0 -1 0
vn 0.000010860947440319867 -0.9999999999410201 0
vn -0.9510563006895902 0 0.30901765793985264
vn 0 -1 0
vn 0 -1 0
vn -0.9510563006895902 0 -0.30901765793985264
vn 0 -1 0
vn -0.5877869588431731 0 -0.8090157544905375
vn 0 -1 0
vn 0.000010860829206008656 -0.9999999999410212 0
vn -0.000005430414603244538 -0.9999999999852554 0
vn 0.00000403971125703152 0 -0.9999999999918405
vn 0.00000403971125703152 0 -0.9999999999918405
vn 0.000010860829206008656 -0.9999999999410212 0
vn 0.0000027152209440728216 0.9999999999963138 0
vn -0.00002172189487679625 -0.9999999997640796 0
vn -0.000010860918074355873 -0.9999999999410201 0
vn -0.000005430414603244538 -0.9999999999852554 0
vn 0 -1 0
vn 0 -1 0
vn 0.000010860829206008656 -0.9999999999410212 0
vn 0.000010860888323164259 -0.9999999999410205 0
vn 0.000010860947440319867 -0.9999999999410201 0
vn 0 0 1
vn 0.5877855513876709 0.8090167770694819 0
vn 0 0 1
vn 0.9510567027047568 0.30901642066459145 0
vn 0 0 1
vn 0.9510590179767793 -0.3090092948845462 0
vn 0 0 1
vn 0.5877915889896355 -0.8090123904570556 0
vn 0 -1 0
vn 0 -1 0
vn 0 0 1
vn -0.5877895823512915 -0.8090138483853625 0
vn 0 -0.0000027152091206416985 0.9999999999963138
vn -0.9510582227217556 -0.3090117424845462 0
vn 0 -0.000002715214577609909 0.9999999999963138
vn -0.9510559043646579 0.3090188776970152 0
vn 0 0 1
vn -0.5877834490391246 0.8090183045121232 0
vn 0 0 1
vn 0 0 1
vn 0 1 0
vn 0 0 -1
vn 0 0.0000054304737204001505 -0.9999999999852551
vn 0.5877855513876709 0.8090167770694819 0
vn 0 0 -1
vn 0 0.0000054304737204001505 -0.9999999999852551
vn 0.9510567027047568 0.30901642066459145 0
vn 0 -0.000005430414603244538 -0.9999999999852554
vn 0 0 -1
vn 0.9510590179767793 -0.3090092948845462 0
vn 0 -0.000005430414603244538 -0.9999999999852554
vn 0 0 -1
vn 0.5877915889896355 -0.8090123904570556 0
vn 0 -1 0
vn 0 -1 0
vn 0 0 -1
vn -0.5877895823512915 -0.8090138483853625 0
vn 0 0 -1
vn 0 0.000005430444161822344 -0.9999999999852551
vn -0.9510582227217556 -0.3090117424845462 0
vn 0 0 -1
vn 0 0.000005430444161822344 -0.9999999999852551
vn -0.9510559043646579 0.3090188776970152 0
vn 0 -0.000005430488272315377 -0.9999999999852549
vn 0 0 -1
vn -0.5877834490391246 0.8090183045121232 0
vn 0 -0.000005430488272315377 -0.9999999999852549
vn 0 0 -1
vn 0 0 -1
vn 0 1 0
vn 0 -5.430495093604913e-7 0.9999999999998526
vn 0 -0.000005430488272315377 -0.9999999999852549
vn 0 -0.000005430414603244538 -0.9999999999852554
vn 0 0 -1
vn 0 0.000005430444161822344 -0.9999999999852551
vn 0 0.0000054304737204001505 -0.9999999999852551
vn -0.9236165536129375 -0.16531634780043408 -0.345836619001062
vn -0.9236165536129375 -0.16531634780043408 -0.345836619001062
vn -0.38091469181049364 -0.3921342836996152 -0.8373378655658098
vn 0.38480693008677064 -0.388057976272988 -0.8374572428536924
vn 0.924271890707318 -0.15660363590387608 -0.3481332694098707
vn 0.9242706791876542 0.16602426582336638 0.34374358867010824
vn 0.3848029571456017 0.3920928141899181 0.835577590192934
vn -0.3809347927793437 0.389419424954926 0.8385947740821745
vn -0.9236182986698197 0.15870935905955869 0.34891342437511846
vn -0.008576573034587403 -0.9991306851152741 0.04079603480812189
vn -0.008576573034587403 -0.9991306851152741 0.04079603480812189
vn -0.0036106710122614095 -0.7323641016720709 -0.6809036537109359
vn 0.004743705368078798 -0.0484252158722175 -0.9988155463983879
vn 0.008597878081294036 0.3380396405461261 -0.9410925979476966
vn -0.00008312935990710284 0.41133336055132125 0.9114849749650655
vn -0.003659311500284872 0.036761766336866404 0.9993173579875103
vn -0.008588802060600132 -0.6735197894804995 0.7391192905460576
vn -0.9236481407487463 0.2171907625143357 -0.3157566860255309
vn -0.3811225939364926 0.5291888416351879 -0.7580928295927402
vn 0.38454756400530654 0.531057797056544 -0.7550501885325471
vn 0.9242267188614443 0.22277097774833238 -0.31012588349839637
vn 0.9242265979083207 -0.21523069214567617 0.3154060000654779
vn 0.3845491115834205 -0.5278823978002062 0.7572728404433285
vn -0.381123490616974 -0.531381498213983 0.7565570621280303
vn -0.9236474429770021 -0.222474420041822 0.312058541798011
vn -0.9236474429770021 -0.222474420041822 0.312058541798011
vn -0.010556361476912473 -0.5343331488422873 -0.8452080508849018
vn -0.00452909899168319 0.20935329848292958 -0.9778295780332281
vn -0.0004745066382360032 0.5466158967205482 -0.8373833269750726
vn 0.010317252780808249 0.17381150816235058 0.9847248925082508
vn 0.005825847783459803 -0.2168064240573422 0.9761972310886113
vn -0.004412564992644318 -0.8385954936355552 0.5447367504807482
vn -0.010556053217755636 -0.9769886856891363 -0.21302975795854914
vn -0.010556053217755636 -0.9769886856891363 -0.21302975795854914
vn -0.6850208276764518 -0.09083260859081713 -0.7228387806876829
vn -0.6850208276764518 -0.09083260859081713 -0.7228387806876829
vn 0.003824324167385569 -0.06536176493613012 -0.9978543051112705
vn 0.003824324167385569 -0.06536176493613012 -0.9978543051112705
vn 0.6877371398290482 -0.0033772414153051566 -0.7259519410678527
vn 0.6877371398290482 -0.0033772414153051566 -0.7259519410678527
vn 0.997885950899985 0.0643761127381561 -0.008907586943541365
vn 0.997885950899985 0.0643761127381561 -0.008907586943541365
vn 0.6911139130849493 0.09302502389533059 0.7167341934564601
vn 0.6911139130849493 0.09302502389533059 0.7167341934564601
vn -0.002152271230122721 0.06694855211821485 0.9977541075324254
vn -0.002152271230122721 0.06694855211821485 0.9977541075324254
vn -0.002152271230122721 0.06694855211821485 0.9977541075324254
vn -0.002152271230122721 0.06694855211821485 0.9977541075324254
vn -0.69135075712762 0.004982545928945286 0.7225021140835038
vn -0.69135075712762 0.004982545928945286 0.7225021140835038
vn -0.9980718061400365 -0.06204468117795656 0.0017684246920072638
vn -0.9980718061400365 -0.06204468117795656 0.0017684246920072638
vn -0.6491749636146034 -0.2370059915823302 -0.7227724583643562
vn 0.040538159997566235 -0.06446582506663591 -0.9970961914391657
vn 0.6923142656767605 0.14864069401987956 -0.706121024769647
vn 0.9602974338660227 0.2787367610219094 -0.011604161552923788
vn 0.6837131776807385 0.25033976096632576 0.6854679385245016
vn 0.02423138463729234 0.08737606192500615 0.9958806473674628
vn 0.02423138463729234 0.08737606192500615 0.9958806473674628
vn -0.6640608943469701 -0.12108660556283879 0.7378083508285682
vn -0.9653254851672234 -0.2606808112383628 0.01386442709865254
vn -0.5267923068530408 -0.4479073835108824 -0.7224049011716953
vn 0.0446729088834048 -0.023906705368032077 -0.9987155754519608
vn 0.584754214798739 0.3965932931334861 -0.7076554727525584
vn 0.7987128445769553 0.6012723555292453 -0.023007528856902423
vn 0.566926248304884 0.4849927190528598 0.6658653703630056
vn 0.0033612534084680994 0.09760608023072018 0.9952194507130164
vn 0.0033612534084680994 0.09760608023072018 0.9952194507130164
vn -0.5744521577771076 -0.35701867688708605 0.7365747638760233
vn -0.7997364249438302 -0.599976155664004 0.021219407454124137
vn -0.2210776442732226 -0.5015694093293195 -0.8363927324096259
vn 0.05993950401189766 -0.02671938611258034 -0.9978443417009362
vn 0.3408809025208738 0.4757875230598178 -0.8108183786750013
vn 0.5085869325308617 0.8605251132588202 -0.02891126959757245
vn 0.3452681582100494 0.6712075435044699 0.6559499466185933
vn -0.023329622381448596 0.09484021108638002 0.9952191030525035
vn -0.023329622381448596 0.09484021108638002 0.9952191030525035
vn -0.38521577434494925 -0.5531364299647842 0.7386805108039838
vn -0.5073303540537903 -0.8611037067662024 0.03341134611418487
vn -0.06128863406112892 -0.7169729063343885 -0.6944015804398356
vn 0.08940716122865343 -0.04032742247892439 -0.995178405371238
vn 0.1924700221445045 0.660703082189563 -0.7255527050193568
vn 0.19779818206724908 0.9796108824726074 -0.03519088109341305
vn 0.10390435350837467 0.7503029900505614 0.6528777132382402
vn -0.04889874371716395 0.09224436085907976 0.9945350123311812
vn -0.04889874371716395 0.09224436085907976 0.9945350123311812
vn -0.1670742769471159 -0.6463392336283521 0.7445346070232821
vn -0.17321011263737557 -0.9842622534353411 0.035015330107422846
vn 0.0021415297999426686 -0.7385656006240046 -0.6741782163679122
vn 0.007513335502186539 -0.058304373655091696 -0.9982705794534461
vn 0.009312323831205236 0.6724188791710114 -0.7401122425411321
vn 0.005904683923450502 0.9993085592920979 -0.03670882773006542
vn -0.0010385151613438704 0.7411734357047851 0.6713127882677524
vn -0.007293900687927784 0.06046156003266263 0.9981438767888983
vn -0.007293900687927784 0.06046156003266263 0.9981438767888983
vn -0.008510752646312889 -0.6736274413258232 0.7390220817960839
vn -0.00417334032572282 -0.9994444966463264 0.033064805366086844
vn -0.6720597001086428 -0.14479813947500036 -0.7262019404369967
vn 0.025127723568401816 -0.06268198262492644 -0.9977171776422806
vn 0.6978534241614643 0.05916115456398339 -0.7137930765822654
vn 0.9883825959590644 0.1517647142996619 -0.008204602291557634
vn 0.6969852630421818 0.15406527029474776 0.7003395145149436
vn 0.018851055984689443 0.07175100288309139 0.9972444190235074
vn 0.018851055984689443 0.07175100288309139 0.9972444190235074
vn -0.6776660986665117 -0.04521727368346611 0.7339782400580716
vn -0.9904733611216817 -0.13739754691013434 0.00918885256145693
vn -0.5990468974809986 -0.3597186813062323 -0.7153637430969615
vn 0.05525237221478132 -0.060853547242439875 -0.9966162858154846
vn 0.661035564605912 0.2680793271891255 -0.7008319746272776
vn 0.8976389409980348 0.44036154193827814 -0.018056688114620065
vn 0.6395826917699469 0.37116634740876553 0.6731786708887505
vn 0.015897964640701274 0.0997503895163597 0.9948854780886177
vn 0.015897964640701274 0.0997503895163597 0.9948854780886177
vn -0.63298659611977 -0.23269157480050442 0.738364815080979
vn -0.9014066885437473 -0.4325697937282178 0.018691051402278988
vn -0.4616703040211943 -0.40258550564557705 -0.7904337043858094
vn -0.0721269408426238 0.05971802104677327 -0.9956060779077948
vn 0.3977022084825638 0.49049821128321014 -0.7753995473922219
vn 0.6626676211164959 0.7484326238526046 -0.02683712870092371
vn 0.466441371705047 0.5864628065583741 0.6621886613991436
vn -0.00915912715628272 0.09145155455161777 0.9957674043469327
vn -0.00915912715628272 0.09145155455161777 0.9957674043469327
vn -0.4878137199644068 -0.4690605475133797 0.7362200604309391
vn -0.6759774969944998 -0.7364108223657528 0.02745039634771139
vn -0.04098622923478925 -0.6498938878271139 -0.7589190098937252
vn 0.19896297963099743 -0.1040004466214829 -0.9744730062135571
vn 0.3375257443568223 0.5271518657649876 -0.7798636305899034
vn 0.3526724073572972 0.9351373560577211 -0.03376830457964779
vn 0.21861493756714998 0.7265129246434976 0.6514495217577972
vn -0.03836281603368731 0.09707658007401351 0.9945372954027913
vn -0.03836281603368731 0.09707658007401351 0.9945372954027913
vn -0.2742056043432927 -0.6119423642419551 0.741847578275144
vn -0.3217776405467472 -0.9461429083047246 0.03567558140865785
vn -0.00787917881271633 -0.7331209631461567 -0.6800526243879137
vn 0.057728491621211846 -0.04232473390807421 -0.9974347287691313
vn 0.09637107199305711 0.6798559003525657 -0.7269859498220796
vn 0.08184659031811274 0.9960061671711498 -0.03567703197205016
vn 0.020689477610518262 0.7508045917276537 0.6602002806398035
vn -0.052589790797673085 0.07979883521352497 0.9954227543121675
vn -0.052589790797673085 0.07979883521352497 0.9954227543121675
vn -0.08966436723167437 -0.662111854683528 0.7440216348578059
vn -0.0673792060305761 -0.9971327724196409 0.03444236869626855
vn -0.5934640011121628 -0.769403991266993 -0.23625828579409427
vn -0.9988106113684019 0.047421345567102036 0.011339250525712337
vn -0.6145100391280327 0.7689370409628035 0.17638945219664193
vn 0.0000010390650027131418 0.9728371351957986 0.23149062266742407
vn 0.0000010390650027131418 0.9728371351957986 0.23149062266742407
vn 0.6145197619819697 0.7689298825576705 0.17638678477558983
vn 0.9988091979046169 0.047447654376035424 0.01135368994415067
vn 0.5934514853043613 -0.7694149423641542 -0.23625406040280564
vn -0.0000035531121039281583 -0.9441067752969863 -0.3296397986070577
vn -0.32544322350872534 -0.9450529988422375 0.031008670586526867
vn -0.9999846536278071 0.004507606722956419 0.003220867973974218
vn -0.6865422687128719 0.7270047588692657 0.011126268557944075
vn 8.519659669289053e-7 0.9997581105920401 0.021993642370202494
vn 8.519659669289053e-7 0.9997581105920401 0.021993642370202494
vn 0.6865615798218497 0.7269866382180249 0.011118676404156628
vn 0.9999857780831373 0.004509389238090421 0.0028476376457968384
vn 0.32533720848016257 -0.9450891224841562 0.031020176344805327
vn -0.000017353442167073753 -0.9992050237691138 0.039866278650292984
vn -0.6190679972578219 -0.7781217922240602 0.10621342305568512
vn -0.9999633210902796 0.0001057104577163656 0.008564187024903979
vn -0.7042471053935782 0.7099528195249688 -0.0017345297096235642
vn 0.0000021657931292739767 0.9999993497531156 -0.0011403896945038768
vn 0.0000021657931292739767 0.9999993497531156 -0.0011403896945038768
vn 0.7044326878660114 0.709768674192088 -0.0017370669164495996
vn 0.9999632990296229 0.00007810568179626877 0.008567058613991537
vn 0.6189653584138254 -0.778200486124693 0.10623506238025328
vn -0.00004042757137570274 -0.986006873939459 0.16670465773261134
vn -0.6999088615926793 -0.7089874835739391 -0.08639637492124871
vn -0.9997569805420811 -0.021840532994309117 -0.0029951587445865946
vn -0.7160621331467695 0.6935210868592953 0.07926867953233563
vn 0.00016376952003870933 0.9936638825379277 0.1123924451161894
vn 0.00016376952003870933 0.9936638825379277 0.1123924451161894
vn 0.7156739481865021 0.6939843536461489 0.07871795717294079
vn 0.9997771480769974 -0.02083397615041106 -0.0034058216027582472
vn 0.700034940092468 -0.7088285320943435 -0.08667868676158576
vn -0.00013007016516627622 -0.9924857785634089 -0.1223599707058493
vn -0.6937250694634794 -0.7024817661410414 -0.15894935116965375
vn -0.9996576062266492 -0.02591858181407729 -0.003591299201124421
vn -0.718670648140306 0.6777612992509775 0.155409525896
vn 0.00033723687308602696 0.9754732967876327 0.22011754479268236
vn 0.00033723687308602696 0.9754732967876327 0.22011754479268236
vn 0.7169814810911319 0.6802139381901469 0.15246820673247843
vn 0.9997589560911161 -0.021250486315971068 -0.005517838973411138
vn 0.6947947537635816 -0.7012440362978357 -0.1597405762457475
vn 0.00023008772283497606 -0.9749720661782055 -0.22232727505153396
vn -0.6926224369808189 -0.6781294481054463 -0.24579383922904618
vn -0.999525368098888 -0.03049648920906922 -0.004359205512874014
vn -0.7201541311032725 0.6493901889745503 0.24427527488161485
vn 0.0005137176540178403 0.9387815694169629 0.34451255567423955
vn 0.0005137176540178403 0.9387815694169629 0.34451255567423955
vn 0.7155057328763842 0.6572508341671999 0.23679714357979115
vn 0.9998249675829524 -0.015831837849020484 -0.009969308304517806
vn 0.696524597072038 -0.6727894322592494 -0.2494150466870677
vn 0.0006770339672792162 -0.9385397426957524 -0.34517052742897686
vn -0.691731106956795 -0.6437186069706757 -0.32731396350913594
vn -0.999357051213967 -0.03556171082799503 -0.004566060874585708
vn -0.720914958091583 0.6098710787412159 0.32914873615864987
vn 0.0005226022020257552 0.8868931600525705 0.4619742953226989
vn 0.0005226022020257552 0.8868931600525705 0.4619742953226989
vn 0.7127940562249407 0.6260064163028249 0.3162919539888586
vn 0.9998753811453617 -0.006373820158659519 -0.014442873536904143
vn 0.6991631564521088 -0.6313035589065872 -0.3355990124714331
vn 0.0009385161705433848 -0.8866772579780157 -0.4623878884356563
vn -0.6892069134988856 -0.6022333636343462 -0.40287567078566644
vn -0.9990798297998503 -0.04257645112326969 -0.005171024738852626
vn -0.7217194988723259 0.5597414801489028 0.40719828136694547
vn 0.0003761628623308775 0.8216899297101892 0.5699346610922742
vn 0.0003761628623308775 0.8216899297101892 0.5699346610922742
vn 0.7105804270141248 0.5860803875434774 0.3893394869279401
vn 0.9998187364608142 0.0032985004974020694 -0.018751376386001734
vn 0.7001387846595918 -0.5803893514950592 -0.41587724497324263
vn 0.0013219626382205505 -0.8216740792276513 -0.5699561035204154
vn -0.6863755973050817 -0.5544870924813023 -0.47056625856060263
vn -0.9987675898805659 -0.04930468900334289 -0.005687622214006658
vn -0.7214600699256181 0.5012642918664268 0.47773368857824144
vn 0.00021849257586564473 0.7451581698965775 0.6668877372522137
vn 0.00021849257586564473 0.7451581698965775 0.6668877372522137
vn 0.7083381971609063 0.539218482397879 0.4555221473028126
vn 0.9996615253348433 0.013927626075100567 -0.021973984552798573
vn 0.7001380638414112 -0.5214006094735313 -0.4877992373928339
vn 0.0018663702493568097 -0.7464650909545735 -0.66542195984824
vn -0.684124453155402 -0.4991379557123333 -0.5318223704980214
vn -0.998331004704144 -0.057260371421287704 -0.007513648322263918
vn -0.7218141093142282 0.43292507734675095 0.5399632107831208
vn -0.00011360087163503116 0.6570594273316883 0.7538387732462397
vn -0.00011360087163503116 0.6570594273316883 0.7538387732462397
vn 0.7077575467291263 0.48405156506069225 0.5145613057841243
vn 0.9993919965531985 0.023477193520991493 -0.02577709467316449
vn 0.6995758759955304 -0.45371161267674504 -0.5520320337148503
vn 0.002410750978914465 -0.660114561695672 -0.7511610704216832
vn -0.6827458914666709 -0.42868286710218223 -0.5916832320916605
vn -0.9978784153975376 -0.0642160091864684 -0.01072251126662476
vn -0.7215641336304732 0.3503424024071352 0.5971644682444708
vn -0.0006199722929519585 0.5494594437375298 0.8355201585371835
vn -0.0006199722929519585 0.5494594437375298 0.8355201585371835
vn 0.7078807198543915 0.41582848187630056 0.5709567059934401
vn 0.9989940505833368 0.03336332186301674 -0.02996290462159129
vn 0.6983577940918761 -0.37003283470911874 -0.6126761727603438
vn 0.0029062360619594636 -0.5524981989989192 -0.8335090244831802
vn -0.6838132320333081 -0.3538263829902381 -0.6381272243026516
vn -0.9976769276025007 -0.06750174737873182 -0.009179446086359547
vn -0.7169857236085628 0.26755655599017775 0.6436963270737068
vn -0.0013344904251920877 0.43801007614768794 0.8989690719532023
vn -0.0013344904251920877 0.43801007614768794 0.8989690719532023
vn 0.7049287196270674 0.34565941707762354 0.6193505208123273
vn 0.9985737750659769 0.04530954338302747 -0.02823935248736452
vn 0.6981396793818953 -0.2819954502848298 -0.6580878012022412
vn 0.0033914602927266895 -0.4399152117043188 -0.8980329083659615
vn -0.6851705620292882 -0.2918058212919927 -0.6673759537086836
vn -0.9974554761761943 -0.07090254014721939 -0.007443308860529118
vn -0.7130579586439785 0.1980674464289016 0.6725456373210792
vn -0.002208046176332443 0.34489947977161695 0.938637029626123
vn -0.002208046176332443 0.34489947977161695 0.938637029626123
vn 0.7026553103633233 0.2859561963428051 0.6515401511736456
vn 0.9982075935840427 0.05420342593103727 -0.02536905060292159
vn 0.6977783552207374 -0.20922418270527263 -0.6850770820548246
vn 0.0036902429819955806 -0.3465587777717782 -0.9380209995816007
vn -0.6867272025694604 -0.23343200192628796 -0.6884150272385174
vn -0.9972256734440069 -0.07392610096058923 -0.008711361599174879
vn -0.7116370451421108 0.13387866789128908 0.6896732692116314
vn -0.0031915512372101603 0.25914953602757207 0.965831937749728
vn -0.0031915512372101603 0.25914953602757207 0.965831937749728
vn 0.7033447619220059 0.22892807410942265 0.6729770298913833
vn 0.9979084875430707 0.05956716210636593 -0.02510784116755534
vn 0.6968407250192555 -0.1434640332682284 -0.7027311542211934
vn 0.00404668511663688 -0.26020261980411524 -0.9655455561425582
vn -0.689945337312206 -0.15887334759717892 -0.7062115058142371
vn -0.9974276387634273 -0.07168055616711111 -0.00005743159272213353
vn -0.7017304859531321 0.061401372072353806 0.7097916571724504
vn 0.00028909299303833555 0.15590237950925084 0.9877724254546666
vn 0.00028909299303833555 0.15590237950925084 0.9877724254546666
vn 0.7019803948882786 0.1575228384467538 0.6945574710275417
vn 0.997804329859199 0.06453453659898095 -0.01489338444375354
vn 0.7021992672929149 -0.06391613269877552 -0.7091057163738886
vn 0.010535305960812041 -0.15331017481463724 -0.9881219548348358
vn -0.6914864450967276 -0.12060601437995719 -0.7122504373763991
vn -0.9978541773091808 -0.06545395822138045 0.0016793390877212033
vn -0.6998461174212073 0.03234171999238058 0.7135610871385827
vn -0.00672573137499479 0.10964395218677055 0.9939481718310752
vn -0.00672573137499479 0.10964395218677055 0.9939481718310752
vn 0.69481579399437 0.12251009124727824 0.7086764353063794
vn 0.9980322225797822 0.06178242777112983 -0.010705807356995277
vn 0.6956508680094036 -0.03275018149790567 -0.7176331203683519
vn 0.004314823118053309 -0.10489159179322315 -0.9944743014641171
vn -0.6892519904058679 -0.09527938418685497 -0.7182294429153703
vn -0.998462763362618 -0.055414789909930685 0.0011450928011425643
vn -0.6967796445308114 0.020166120734417772 0.7170017116730205
vn -0.008860221777481185 0.08234166087705756 0.9965647732857414
vn -0.008860221777481185 0.08234166087705756 0.9965647732857414
vn 0.6903649337569762 0.09705056111087437 0.7169222041663867
vn 0.9985554776227074 0.05272518450759884 -0.01034471016154262
vn 0.6878713985226023 -0.021593321176965313 -0.7255113145741476
vn 0.00030558483202560116 -0.0794755360162266 -0.9968367698840387
vn -0.9222627166469801 -0.386543115245493 0.003987673412095817
vn -0.9999631492121681 0.008584772106861342 0.00004365268184700733
vn -0.7071098659185507 0.7070794079451829 -0.005860749144843683
vn 0.000003285325859811658 0.9999656632666326 -0.008286873773049307
vn 0.000003285325859811658 0.9999656632666326 -0.008286873773049307
vn 0.7071590782768288 0.7070302130391407 -0.0058579740946355895
vn 0.9999472363378935 0.010271290790228177 0.00015851092032497115
vn 0.9290910349140789 -0.369828044808669 0.0041311155010843635
vn 5.6623692593504894e-8 -0.9990483242867426 0.04361703497314341
vn 5.6623692593504894e-8 -0.9990483242867426 0.04361703497314341
vn 5.6623692593504894e-8 -0.9990483242867426 0.04361703497314341
vn 5.6623692593504894e-8 -0.9990483242867426 0.04361703497314341
vn -1.4513437855562212e-7 -0.6755901545959001 0.7372773853937654
vn -1.4513437855562212e-7 -0.6755901545959001 0.7372773853937654
vn -0.00037527926687830663 0.049767674789753816 0.998760750986688
vn -0.00037527926687830663 0.049767674789753816 0.998760750986688
vn -0.002819575584257042 0.7255641775001794 0.6881487297975727
vn -0.002819575584257042 0.7255641775001794 0.6881487297975727
vn -0.008750968640941999 0.9990386399051325 -0.04295598356862928
vn -0.008750968640941999 0.9990386399051325 -0.04295598356862928
vn -0.002772088786833862 0.6634219149939118 -0.7482403879967782
vn -0.002772088786833862 0.6634219149939118 -0.7482403879967782
vn -0.0003744908807274385 -0.03624203620997276 -0.9993429714407038
vn -0.0003744908807274385 -0.03624203620997276 -0.9993429714407038
vn -4.2812640777527046e-7 -0.7372755326167256 -0.6755921765418396
vn -4.2812640777527046e-7 -0.7372755326167256 -0.6755921765418396
vn -0.04588882947983073 -0.9983167325908847 0.03546712221242559
vn -0.04588882947983073 -0.9983167325908847 0.03546712221242559
vn -0.045913178370692136 -0.6688388028356559 0.7419882990137162
vn -0.011361014627142577 0.060920657296465786 0.9980779532988435
vn 0.08454623205842327 0.6693356142039761 0.7381339784909712
vn 0.27113986635594156 0.9611953120774812 -0.05086005222918563
vn 0.11757082526281505 0.5926568745845835 -0.7968280429645119
vn 0.03141463739461112 -0.024090299857354093 -0.9992160817411557
vn -0.018572573416488367 -0.7229931069030379 -0.6906055508663259
vn -0.7746884265341673 -0.6314152510586221 0.03424357639898887
vn -0.9999864443117333 -0.00492426816437075 0.0016919739424067592
vn -0.7073117330590336 0.7068719699630184 -0.006490790215991629
vn 0.0000036448158914691283 0.9999585008571306 -0.00911024424893054
vn 0.0000036448158914691283 0.9999585008571306 -0.00911024424893054
vn 0.7074752262587775 0.7067081741701052 -0.006508516823972711
vn 0.9999893637451535 -0.004188811544627286 0.0019303508506633422
vn 0.7763906676472363 -0.6291938391023 0.03650539721722976
vn -0.0007626363915685264 -0.9951768257253704 0.09809436235029223
vn -0.7486102064726438 -0.6628413407569289 -0.014970495935093236
vn 0.003397149113342115 -0.9988705749610031 -0.0473923396233695
vn 0.7497358216193404 -0.6615384653519357 -0.01621902095005594
vn 0.9999849654131919 -0.005474958164638621 -0.0003062363022248428
vn 0.7091036390567994 0.7050769877018223 0.006202458361692355
vn 0.000007531732651509318 0.9999604967619421 0.008888467746654269
vn 0.000007531732651509318 0.9999604967619421 0.008888467746654269
vn -0.708996301147389 0.7051848225045282 0.006213780538279537
vn -0.9999756339825906 -0.006974886722850808 -0.00028704759086080133
vn 0.00801297726707642 0.05075200172197005 -0.9986791409239159
vn 0.00801297726707642 0.05075200172197005 -0.9986791409239159
vn 0.7829135167746205 0.08732902218060083 -0.6159708330242399
vn 0.7829135167746205 0.08732902218060083 -0.6159708330242399
vn 0.9991873947263488 0.04005619077739025 -0.004477923668074102
vn 0.9991873947263488 0.04005619077739025 -0.004477923668074102
vn 0.8452429836230877 -0.033005179625601254 0.5333619378562954
vn 0.8452429836230877 -0.033005179625601254 0.5333619378562954
vn -0.00026676012546300235 -0.13535598094561366 0.9907969959892321
vn -0.00026676012546300235 -0.13535598094561366 0.9907969959892321
vn -0.8465588226950144 -0.05525907605682104 0.5294191101864174
vn -0.8465588226950144 -0.05525907605682104 0.5294191101864174
vn -0.9999754598330493 0.004768135391113416 -0.0051327007095327195
vn -0.9999754598330493 0.004768135391113416 -0.0051327007095327195
vn -0.7858313016542109 0.05857855298122738 -0.6156603921571324
vn -0.7858313016542109 0.05857855298122738 -0.6156603921571324
vn -0.9398511667887138 -0.3413495212086572 -0.012660515649596547
vn -0.9999399241967099 0.010947750012163807 -0.0005429246260883527
vn -0.7095058252274696 0.704400448776679 0.020530263795195194
vn 9.238927530805775e-7 0.9995903494094089 0.028620506052869293
vn 9.238927530805775e-7 0.9995903494094089 0.028620506052869293
vn 0.7095373456954202 0.7043681923478282 0.020547619622502213
vn 0.9999161033085882 0.01293937353611263 -0.0005991299206364265
vn 0.9477344375726595 -0.3188522228660401 -0.011519366832424206
vn -0.7908198522682653 -0.6083519815742009 -0.0671701404877337
vn -0.9999766639585886 -0.005679104303238774 -0.0037972769934019844
vn -0.711406678642986 0.7020417164485111 0.032217478923463654
vn 0.000017619375861308533 0.9989713757159541 0.04534523337388169
vn 0.000017619375861308533 0.9989713757159541 0.04534523337388169
vn 0.7113918630560586 0.7020583121673778 0.03218296901037502
vn 0.9999808635379029 -0.0045726888590543815 -0.004166902277249427
vn 0.793421020108304 -0.6046083039606208 -0.07022737096146846
vn -0.001014918387400183 -0.9887737675403755 -0.14941688848546572
vn -0.00031627901714062376 0.2167211081840337 -0.9762335075355012
vn -0.00031627901714062376 0.2167211081840337 -0.9762335075355012
vn -0.0025381798572757 0.8337921697280627 -0.5520726178168791
vn -0.0025381798572757 0.8337921697280627 -0.5520726178168791
vn -0.008467480938691334 0.9775117499623751 0.21071089305502866
vn -0.008467480938691334 0.9775117499623751 0.21071089305502866
vn -0.0025695115264727586 0.5243662582870406 0.8514889457770806
vn -0.0025695115264727586 0.5243662582870406 0.8514889457770806
vn -0.0003067650894414663 -0.21073243449102952 0.9775437314763283
vn -0.0003067650894414663 -0.21073243449102952 0.9775437314763283
vn -2.498987943441958e-7 -0.8433911958421296 0.537300000722055
vn -2.498987943441958e-7 -0.8433911958421296 0.537300000722055
vn -4.0277485185622115e-9 -0.9762962371593176 -0.21643857629488658
vn -4.0277485185622115e-9 -0.9762962371593176 -0.21643857629488658
vn -4.0277485185622115e-9 -0.9762962371593176 -0.21643857629488658
vn -4.0277485185622115e-9 -0.9762962371593176 -0.21643857629488658
vn 6.176333208601392e-7 -0.5373023294670116 -0.8433897122617405
vn 6.176333208601392e-7 -0.5373023294670116 -0.8433897122617405
vn -0.0458779160272726 -0.5303455128271033 -0.8465393398095278
vn -0.045879266219137356 -0.9768758216669663 -0.20882701447294386
vn -0.045879266219137356 -0.9768758216669663 -0.20882701447294386
vn -0.01866850594467348 -0.8326777659789413 0.5534430638558161
vn 0.03043606735917682 -0.1983983545932123 0.9796487833394238
vn 0.11314012354611387 0.43523363333127324 0.893180271200181
vn 0.27569515897377866 0.937219088662596 0.21357096985516577
vn 0.08046588797561997 0.78148495006721 -0.6187135958508957
vn -0.011931478490091425 0.22887199479088757 -0.9733834033008167
vn -0.7514852016212834 -0.659709191534253 0.007333099579409373
vn -0.999998959794448 -0.0010127193297708667 0.001027039230584313
vn -0.7069464645439899 0.7072052679014819 0.009349081299602335
vn 0.0000030701870896503798 0.9999116231866199 0.013294578100603105
vn 0.0000030701870896503798 0.9999116231866199 0.013294578100603105
vn 0.7070643685644691 0.7070870779334342 0.009372455712698537
vn 0.9999992958031801 0.0004086569483957205 0.0011141780119809466
vn 0.7529060133349981 -0.6580598257138882 0.009476331853964466
vn -0.0002698153208808642 -0.9990381418665741 0.04384881179091787
vn -0.003066700087584583 -0.28656698541275677 -0.9580553001899303
vn -0.003066700087584583 -0.28656698541275677 -0.9580553001899303
vn 0.8942562348392776 -0.057644609288211385 -0.4438275402350426
vn 0.8942562348392776 -0.057644609288211385 -0.4438275402350426
vn 0.9957603331733788 0.08757397413242614 0.028145300373150633
vn 0.9957603331733788 0.08757397413242614 0.028145300373150633
vn 0.698322745620167 0.08902153783821828 0.7102256745221411
vn 0.698322745620167 0.08902153783821828 0.7102256745221411
vn 0.008471886114177799 0.024567731937335593 0.9996622698157231
vn 0.008471886114177799 0.024567731937335593 0.9996622698157231
vn -0.7011553243934936 0.057195342078160516 0.7107108440985103
vn -0.7011553243934936 0.057195342078160516 0.7107108440985103
vn -0.999070120031144 0.03496400517807259 0.025227239303249317
vn -0.999070120031144 0.03496400517807259 0.025227239303249317
vn -0.893969079724672 -0.10785245426435118 -0.4349564720812636
vn -0.893969079724672 -0.10785245426435118 -0.4349564720812636
vn 0.9236169716571657 -0.16531505577738798 -0.3458361201496534
vn 0.9236169716571657 -0.16531505577738798 -0.3458361201496534
vn 0.3809160688909987 -0.3921339604740612 -0.8373373904845975
vn -0.384802687035513 -0.3880574879684872 -0.8374594187671641
vn -0.9242700908275385 -0.1566046620947586 -0.348137586324488
vn -0.9242697949252969 0.1660253553697945 0.3437454400615131
vn -0.3848033675156719 0.39209206213937153 0.8355777541054416
vn 0.38091207777896835 0.38938019867947765 0.838623306305304
vn 0.9236160921214699 0.15866415897449776 0.34893982150390923
vn 0.008579379068638617 -0.9991306803499529 0.040795561501671955
vn 0.008579379068638617 -0.9991306803499529 0.040795561501671955
vn 0.003612051218105526 -0.7323641235679075 -0.6809036228399789
vn -0.004743126847314185 -0.048425215171566754 -0.9988155491797761
vn -0.008596997091784957 0.338038986529998 -0.9410928409178213
vn 0.00008192663860417045 0.41128964280861535 0.9115047026792497
vn 0.00366076450754127 0.03681560195360433 0.9993153707694153
vn 0.008577467461032988 -0.673481312775702 0.7391544820900919
vn 0.9236473042179268 0.21714948492308336 -0.31578752129968035
vn 0.3811252832012287 0.529187993810466 -0.7580920694161344
vn -0.3845492603887348 0.5310570005044549 -0.7550498848087379
vn -0.9242282332356637 0.22276875002448995 -0.31012297061425437
vn -0.9242256909692721 -0.21523203229428806 0.3154077431307641
vn -0.38454497622626943 -0.5278828248693637 0.7572746426938372
vn 0.38112220651337053 -0.5313805589620959 0.756558368706282
vn 0.9236488426922649 -0.2224721630932091 0.3120560078605572
vn 0.9236488426922649 -0.2224721630932091 0.3120560078605572
vn 0.010555238694120393 -0.5343330744104151 -0.845208111962506
vn 0.004530161982404211 0.2093007666225756 -0.9778408187039521
vn 0.00047175337627922235 0.5466171025279671 -0.8373825414186051
vn -0.010317584965345253 0.17381181528449116 0.9847248348183328
vn -0.0058229006304785546 -0.21685908540358562 0.97618555147378
vn 0.004413995189793851 -0.8385954338848403 0.54473683087704
vn 0.010556844162121722 -0.9769885631645745 -0.2130302806808384
vn 0.010556844162121722 -0.9769885631645745 -0.2130302806808384
vn 0.6850210622733206 -0.090831319586479 -0.7228387203409282
vn 0.6850210622733206 -0.090831319586479 -0.7228387203409282
vn -0.003824273390529998 -0.06536091921128533 -0.9978543607024475
vn -0.003824273390529998 -0.06536091921128533 -0.9978543607024475
vn -0.6877386651783366 -0.0033789324044774154 -0.7259504881426322
vn -0.6877386651783366 -0.0033789324044774154 -0.7259504881426322
vn -0.9978859262432177 0.06437639787488077 -0.008908288408595273
vn -0.9978859262432177 0.06437639787488077 -0.008908288408595273
vn -0.6911142909361836 0.09302481055059614 0.7167338568016737
vn -0.6911142909361836 0.09302481055059614 0.7167338568016737
vn 0.0021539147025357802 0.06694726816235136 0.9977541901375572
vn 0.0021539147025357802 0.06694726816235136 0.9977541901375572
vn 0.0021539147025357802 0.06694726816235136 0.9977541901375572
vn 0.0021539147025357802 0.06694726816235136 0.9977541901375572
vn 0.6913520988674879 0.004982297521262649 0.7225008319046622
vn 0.6913520988674879 0.004982297521262649 0.7225008319046622
vn 0.9980718589914497 -0.06204385744903582 0.0017674960242605269
vn 0.9980718589914497 -0.06204385744903582 0.0017674960242605269
vn 0.6491753272817575 -0.2370080650487294 -0.7227714518092702
vn -0.04053743232613323 -0.06446817155372665 -0.9970960693117407
vn -0.6923507798243869 0.1486553326083301 -0.7060821409465545
vn -0.9602979986882252 0.2787348321086801 -0.011603753045261463
vn -0.6837133576756935 0.25033845009648625 0.6854682377317844
vn -0.024280795255322254 0.08739077019233846 0.9958781533234672
vn -0.024280795255322254 0.08739077019233846 0.9958781533234672
vn 0.6640604753192714 -0.12108778584523736 0.7378085342674219
vn 0.9653131443657977 -0.26072774918051916 0.013841030376263214
vn 0.5267920463874364 -0.44790827971174973 -0.7224045354429871
vn -0.04467156689706819 -0.023905056455130774 -0.9987156749479993
vn -0.5847533051199769 0.3965915838147332 -0.7076571823973701
vn -0.7987067165728371 0.6012783693515883 -0.023063032136570204
vn -0.5669280486864225 0.4849929679443183 0.6658636562068595
vn -0.003360777367934859 0.09760832639561551 0.9952192320256528
vn -0.003360777367934859 0.09760832639561551 0.9952192320256528
vn 0.5744555428271121 -0.35701559953233475 0.7365736154694761
vn 0.7997367355260662 -0.599975583927753 0.021223867240979806
vn 0.221079534751191 -0.5015719678606886 -0.8363906984003071
vn -0.05994171239381969 -0.02671923844277998 -0.9978442129973669
vn -0.34088273916886036 0.4757877757934399 -0.8108174582125538
vn -0.5085863646645008 0.8605254589625757 -0.02891096945098182
vn -0.3452686693159747 0.6712078518789882 0.6559493620431156
vn 0.02312004948742335 0.09471555840297395 0.9952358646612932
vn 0.02312004948742335 0.09471555840297395 0.9952358646612932
vn 0.3852197471897069 -0.5531348337572477 0.7386796342525225
vn 0.5073333890995131 -0.8611017912855421 0.03341462777935223
vn 0.0612919754679295 -0.7169739335505684 -0.6944002249079879
vn -0.0894061841685784 -0.04032840176386501 -0.995178453466305
vn -0.1924689993038695 0.6607035431085839 -0.7255525566288984
vn -0.19779552800064396 0.9796114702984036 -0.03518943538544328
vn -0.10390513242693648 0.7503027155281812 0.6528779047619686
vn 0.04890112648707136 0.09224469346417308 0.9945348643240197
vn 0.04890112648707136 0.09224469346417308 0.9945348643240197
vn 0.1670746967170259 -0.6463428197231629 0.7445313996798422
vn 0.17321016861830496 -0.9842621983098743 0.0350166027111712
vn -0.0021419494809545854 -0.7385657405918804 -0.6741780616991243
vn -0.00751395886159403 -0.05830670071174606 -0.9982704388462763
vn -0.009313032362847204 0.6724210025019467 -0.7401103044968943
vn -0.005907547878085072 0.9993085633776869 -0.03670825572117904
vn 0.0010381627383492691 0.7411736861156272 0.6713125123427259
vn 0.007294114962623797 0.06046229090868071 0.9981438309507233
vn 0.007294114962623797 0.06046229090868071 0.9981438309507233
vn 0.008512115776036161 -0.6736260586754957 0.739023326396625
vn 0.004174206318265468 -0.99944446373331 0.03306569089629192
vn 0.6720599382361004 -0.1447973347495157 -0.7262018805177562
vn -0.025126166837030936 -0.06268210012762994 -0.9977172094655216
vn -0.6978545631233413 0.05916056784462775 -0.7137920116814365
vn -0.9883824491865836 0.15176866802725877 -0.008148959759526826
vn -0.6969723602168552 0.15414298679308772 0.700335254514759
vn -0.018849847329705887 0.07175088480243169 0.9972444503659649
vn -0.018849847329705887 0.07175088480243169 0.9972444503659649
vn 0.6776668884843624 -0.045217751518652656 0.733977481398115
vn 0.990468255981673 -0.13744459940211726 0.009034156729590861
vn 0.5990486450133948 -0.3597180966676966 -0.715362573690702
vn -0.055252340431882756 -0.06085696525527331 -0.9966160788672425
vn -0.6610378779989122 0.26807660501042296 -0.7008308338656205
vn -0.8976704037309803 0.4402939162933868 -0.018141486722173437
vn -0.639569540125908 0.3711943737695403 0.6731757127414604
vn -0.01589563105261475 0.09975057025195123 0.9948854972547594
vn -0.01589563105261475 0.09975057025195123 0.9948854972547594
vn 0.6329862202967921 -0.23268910241027865 0.7383659164221218
vn 0.9014067709622781 -0.4325694184451122 0.01869576126870925
vn 0.4616704238184754 -0.40258538313491365 -0.7904336968129484
vn 0.0721259951727174 0.059720029436849384 -0.9956060259482196
vn -0.3977041906557776 0.49049721677514363 -0.7753991598336116
vn -0.6626665701896606 0.7484335946109999 -0.026836005863935947
vn -0.4664439786173563 0.5864612967124951 0.6621881622846411
vn 0.009161626948900216 0.09145290993757196 0.9957672568706
vn 0.009161626948900216 0.09145290993757196 0.9957672568706
vn 0.48781255288841946 -0.4690599491568569 0.7362212149493178
vn 0.6759787137545384 -0.7364095379360126 0.02745489004946341
vn 0.04099153292156852 -0.6498985781891745 -0.7589147068652902
vn -0.19896154177891615 -0.10400086712919834 -0.9744732549071481
vn -0.3375270428277299 0.5271516073065216 -0.7798632433152102
vn -0.3526701862080917 0.9351382277114645 -0.03376736342404226
vn -0.21861371579472288 0.7265125573394207 0.6514503413880133
vn 0.03836209253307704 0.09707646630532564 0.9945373344154329
vn 0.03836209253307704 0.09707646630532564 0.9945373344154329
vn 0.27420797150355203 -0.6119446577324005 0.7418448114239814
vn 0.3217821747933573 -0.9461412519992897 0.03567861054572807
vn 0.007878310744743077 -0.7331220290178837 -0.6800514853954152
vn -0.05772942156991282 -0.042325429530077376 -0.997434645428109
vn -0.09636778668332097 0.6798584661488232 -0.7269839858590611
vn -0.08184428962160985 0.9960083005285953 -0.0356227109366125
vn -0.020694370330834478 0.7508415223494568 0.6601581260217587
vn 0.05258935166675374 0.07979678699168652 0.9954229417072293
vn 0.05258935166675374 0.07979678699168652 0.9954229417072293
vn 0.08966239963891784 -0.6621133996829213 0.7440204970639688
vn 0.06738034597243786 -0.9971327724645843 0.03444013724894494
vn 0.5934654009760469 -0.7694028786498616 -0.23625839280255428
vn 0.9988106675813622 0.047420476518024446 0.011337933342416505
vn 0.6145078858218089 0.7689390431082321 0.1763882259296439
vn -0.000002407061660235645 0.9728371353551986 0.23149062198736456
vn -0.000002407061660235645 0.9728371353551986 0.23149062198736456
vn -0.614519012370815 0.7689303164068345 0.1763875050713151
vn -0.9988091693329734 0.04744819139825682 0.0113539591953697
vn -0.5934520428639231 -0.7694137776505935 -0.2362564529956366
vn 0.00000703794711143623 -0.9440897942468945 -0.3296884292014561
vn 0.32544435030464997 -0.945052684289318 0.03100643114483065
vn 0.9999846202580314 0.004513572893617288 0.0032228724974822853
vn 0.6865419275565036 0.7270050743347184 0.011126706546464872
vn -0.0000018682794691649825 0.9997569323958871 0.022047134119319394
vn -0.0000018682794691649825 0.9997569323958871 0.022047134119319394
vn -0.68656213135514 0.7269861212658347 0.011118420568805371
vn -0.9999846647054678 0.004502370609098615 0.0032247500355280945
vn -0.3253376545566919 -0.9450887947075308 0.03102548381278599
vn 0.000014995206094653621 -0.9992050202457329 0.03986636791668139
vn 0.6190268353050109 -0.7781539060873564 0.1062180569077256
vn 0.9999633296670043 0.00010454095759169389 0.00856319989644356
vn 0.7042456975629546 0.709954213296451 -0.0017356516599595809
vn -0.000005378551146498234 0.9999993487729357 -0.0011412382642004516
vn -0.000005378551146498234 0.9999993487729357 -0.0011412382642004516
vn -0.7042804013686432 0.7099197758244334 -0.0017401555703501395
vn -0.9999633193613738 0.00008064788123794654 0.008564661563788293
vn -0.6189657449208724 -0.7782001648053871 0.10623516419443292
vn 0.000043384197566045456 -0.9860158911083029 0.166651314425392
vn 0.6998776026991923 -0.7090139216371565 -0.08643263367925084
vn 0.9997569570460543 -0.021841459517794433 -0.0029962450077435057
vn 0.7160294782631595 0.6935573328092608 0.07924652903876374
vn -0.00016407476054732805 0.9936639704512527 0.11239166742479167
vn -0.00016407476054732805 0.9936639704512527 0.11239166742479167
vn -0.7156745421160315 0.6939837555469022 0.07871783028022183
vn -0.9997771181492286 -0.020835607204918227 -0.0034046288528551245
vn -0.7000338633161595 -0.7088296010362253 -0.08667864157610072
vn 0.00013154929834327143 -0.9924858154434256 -0.12235966998313046
vn 0.6937247750879435 -0.7024821274626075 -0.15894903908105576
vn 0.9996561567898219 -0.025972845762154122 -0.003602703876054775
vn 0.7186698250787563 0.6777617272378295 0.1554114655128898
vn -0.00044407863651312523 0.9754721968403599 0.22012222964890846
vn -0.00044407863651312523 0.9754721968403599 0.22012222964890846
vn -0.7169804670827945 0.6802150103818075 0.152468191676216
vn -0.9997589641264545 -0.021250003465929996 -0.005518242609428673
vn -0.6947954167822109 -0.7012432092686327 -0.15974132299772084
vn -0.00023032821928689514 -0.9749720532041494 -0.2223273316976489
vn 0.6926217086348362 -0.6781304498151426 -0.2457931279781281
vn 0.9995253055140958 -0.03049868517689723 -0.0043581922208583155
vn 0.7201535951972794 0.6493575261139186 0.24436366874730922
vn -0.0005687482088986849 0.9387811256626455 0.34451367842953845
vn -0.0005687482088986849 0.9387811256626455 0.34451367842953845
vn -0.7155050186869378 0.6572511927745653 0.23679830622328288
vn -0.9998250396365754 -0.015828727404008605 -0.009967020843268198
vn -0.6965260049841591 -0.6727883951198732 -0.24941391254866443
vn -0.0005747731380977662 -0.9385533639826463 -0.34513367351317337
vn 0.691730218378845 -0.6437186799600318 -0.32731569783936315
vn 0.999356163512247 -0.03559439887505489 -0.00450524347917439
vn 0.7209156526989247 0.6098705844361173 0.3291481306846996
vn -0.0004730571676956179 0.8868980092745721 0.4619650391119627
vn -0.0004730571676956179 0.8868980092745721 0.4619650391119627
vn -0.7127937020424145 0.6260062332574677 0.31629311445471997
vn -0.9998754413333258 -0.006369908350158553 -0.014440432337620816
vn -0.6992013182954233 -0.6312703187241236 -0.3355820334759979
vn -0.0009358042741555042 -0.8866764358068532 -0.46238947052805585
vn 0.6892084608358929 -0.6022314542027105 -0.40287587800848584
vn 0.9990825474600981 -0.04249870447666197 -0.0052842670680374165
vn 0.7217572249555969 0.5597070392060758 0.4071787549560563
vn -0.00037645593014337496 0.8216901551834074 0.5699343358279099
vn -0.00037645593014337496 0.8216901551834074 0.5699343358279099
vn -0.7105814194677412 0.5860798234817385 0.3893385246990392
vn -0.9998187526932434 0.003300403279183267 -0.018750176029076932
vn -0.7001390163662462 -0.5803880244341577 -0.4158787069027706
vn -0.0013190723571890035 -0.8216725654784054 -0.5699582924988913
vn 0.6863777968940787 -0.5544845248100735 -0.47056607578211324
vn 0.9987675905048498 -0.04930444689029738 -0.00568961105687231
vn 0.7214991220101847 0.5012288943763129 0.47771185078542056
vn -0.00021252734823691829 0.7451571309249665 0.6668889000904115
vn -0.00021252734823691829 0.7451571309249665 0.6668889000904115
vn -0.7083388736545307 0.5392167839605174 0.4555231058520604
vn -0.999661536822018 0.013926026122210566 -0.02197447599112925
vn -0.7001396166924194 -0.5213998217277785 -0.48779785058980374
vn -0.001814607108443726 -0.74644984594839 -0.6654392043490278
vn 0.6841250406765115 -0.49913647306131353 -0.5318230062523378
vn 0.9983309885067498 -0.057260839878835706 -0.007512230261770096
vn 0.7218137564693159 0.4329246391275731 0.5399640338095821
vn 0.00016723409968558644 0.6570696133394307 0.7538298848272912
vn 0.00016723409968558644 0.6570696133394307 0.7538298848272912
vn -0.7077573253782459 0.48405035483841696 0.5145627487044067
vn -0.999392053635852 0.023475806253607682 -0.025776144984401807
vn -0.699575727617555 -0.45371130459051134 -0.5520324749642401
vn -0.002408200609415389 -0.6601142793725069 -0.7511613267057489
vn 0.6827446876084842 -0.42868349318604143 -0.5916841676200288
vn 0.9978785564448391 -0.06421422606742519 -0.010720063345218685
vn 0.7215621473407071 0.35034540305321554 0.5971651078927398
vn 0.0006680350586514505 0.5494706708705651 0.8355127381328254
vn 0.0006680350586514505 0.5494706708705651 0.8355127381328254
vn -0.7079195505560456 0.4158063902570978 0.570924649811066
vn -0.9989941146576645 0.03336433702593313 -0.029959637750968934
vn -0.6983567877683786 -0.37003283661465775 -0.6126773186635375
vn -0.0029580115186496943 -0.5525077465634531 -0.83350251358663
vn 0.6838121720716503 -0.35382561481606684 -0.6381287860821545
vn 0.9976770502056364 -0.06750020937083184 -0.009177430352458273
vn 0.7169862701059223 0.2675567759185925 0.64369562693842
vn 0.0013811036096511937 0.4380254326238001 0.8989615191583854
vn 0.0013811036096511937 0.4380254326238001 0.8989615191583854
vn -0.7049690514860983 0.3456393500728698 0.6193158129161528
vn -0.9985738624710694 0.04530860214598504 -0.02823777188778459
vn -0.6981384905128968 -0.281994622848604 -0.6580894169859044
vn -0.003393173192803537 -0.4399144915156129 -0.8980332546906284
vn 0.6851694483597366 -0.29180594409855276 -0.6673770433744083
vn 0.9974554917915444 -0.07090225915836774 -0.00744389287457055
vn 0.713059652695725 0.19806570831602782 0.6725443531000184
vn 0.0022045939415079475 0.3448989711773731 0.9386372246221341
vn 0.0022045939415079475 0.3448989711773731 0.9386372246221341
vn -0.7026576653866987 0.28595454534689374 0.6515383359931828
vn -0.9982075625484843 0.05420434115584875 -0.025368316279841714
vn -0.6977771578274169 -0.20922370427881637 -0.6850784477577313
vn -0.003745307313751515 -0.3465685936209085 -0.9380171547411866
vn 0.6867266693105082 -0.23343233083373258 -0.6884154476616766
vn 0.9972258254865605 -0.07392392202008254 -0.008712447177266398
vn 0.7116394342545964 0.13387852349442395 0.6896708320356538
vn 0.003138143717436444 0.2591389645790434 0.9658349491972787
vn 0.003138143717436444 0.2591389645790434 0.9658349491972787
vn -0.7033458561501076 0.2289267548533368 0.6729763350585164
vn -0.9979085094811635 0.05956638466287111 -0.02510881365730872
vn -0.6968386231199262 -0.14346468567948 -0.702733105304719
vn -0.004047756026278746 -0.26020276193053415 -0.9655455133523605
vn 0.6899460932599866 -0.15887227035850957 -0.7062110096185237
vn 0.997419910248369 -0.0717873926106177 -0.0003047987934889377
vn 0.7017324266307289 0.061402237765902284 0.709789663641482
vn -0.00028582382899352605 0.15590214703207253 0.9877724630984248
vn -0.00028582382899352605 0.15590214703207253 0.9877724630984248
vn -0.7019787419876619 0.15752172445663543 0.6945593942361067
vn -0.9978043802346734 0.06453329561008735 -0.014895386607951928
vn -0.7021985340389644 -0.06391710303622883 -0.7091063550222811
vn -0.010538077881934877 -0.1533107468513348 -0.988121836523432
vn 0.6914861693112164 -0.12060639373301962 -0.7122506408856475
vn 0.997854193873818 -0.06545370207843788 0.0016794798778293346
vn 0.6998472150766161 0.03234242246252436 0.7135599787395314
vn 0.006823698395684644 0.10959492417100185 0.9939529112267627
vn 0.006823698395684644 0.10959492417100185 0.9939529112267627
vn -0.6948143499515833 0.12250973429249531 0.7086779128101431
vn -0.9980322306736427 0.06178216381208381 -0.010706576076858354
vn -0.6956505548196721 -0.03275064644516126 -0.7176334027457936
vn -0.004423475212547574 -0.10488068711090572 -0.9944749742141268
vn 0.6892891110892342 -0.09525940738329271 -0.7181964679938195
vn 0.9984652768238981 -0.05536885433221297 0.0011751369770700976
vn 0.6967436086270611 0.020185398105771617 0.7170361870510109
vn 0.008862036709379552 0.08234121304045058 0.9965647941505805
vn 0.008862036709379552 0.08234121304045058 0.9965647941505805
vn -0.6903642322900775 0.09705063569797595 0.7169228695509375
vn -0.998555519080031 0.05272450439033669 -0.010344174766656599
vn -0.6878715007000332 -0.021592672441811903 -0.725511237005675
vn -0.0003066682183682118 -0.07947568406026462 -0.9968367577481063
vn 0.922282203808381 -0.38649662212892066 0.003987182124028312
vn 0.9999639805772875 0.00848749179431359 0.0000055738388427489186
vn 0.7071118226694147 0.7070774307871034 -0.005863199864159846
vn -9.753340206912542e-7 0.9999656413503915 -0.008289518547468094
vn -9.753340206912542e-7 0.9999656413503915 -0.008289518547468094
vn -0.7071618438796474 0.7070274354056594 -0.005859363824982077
vn -0.9999472282782135 0.010272091963910974 0.00015743380596077643
vn -0.9291092184718335 -0.36978239537886537 0.004127979957220371
vn 0.0000010261227658978612 -0.9990483259584693 0.04361699667018845
vn 0.0000010261227658978612 -0.9990483259584693 0.04361699667018845
vn -4.4228226198493696e-7 -0.6755902463734405 0.7372773012950272
vn 0.00037484941334855446 0.04976785839158991 0.99876074199932
vn 0.00281947856534408 0.7255634803252804 0.688149465275449
vn 0.008755326173635919 0.9990393408237649 -0.04293879073763643
vn 0.0027781875640179587 0.6634253073086894 -0.7482373575919811
vn 0.0003750613158557619 -0.03624202876142996 -0.9993429714969054
vn 0.0000019956215475598874 -0.7372753347283468 -0.6755923924950765
vn 0.04588822116339055 -0.9983167683912532 0.035466901574630984
vn 0.04588822116339055 -0.9983167683912532 0.035466901574630984
vn 0.045914552450485646 -0.6688394451044303 0.741987635035564
vn 0.011361080737351443 0.060920664673628735 0.9980779520960288
vn -0.08454548428720648 0.6693361291661513 0.7381335971756842
vn -0.2711396788057642 0.9611955791305703 -0.050856004925226246
vn -0.11757026731780738 0.5926570576757064 -0.7968279891105694
vn -0.03141472512068151 -0.024089960561030962 -0.9992160871632121
vn 0.018571548658046222 -0.7229929162712277 -0.6906057779964395
vn 0.7746918826490057 -0.6314110073267938 0.0342436385961379
vn 0.9999866255596258 -0.004915830100511224 0.0016072698266304374
vn 0.7070883282835851 0.7070958980732257 -0.006441035098740087
vn -0.00000176594546995509 0.9999584910828646 -0.009111317586496404
vn -0.00000176594546995509 0.9999584910828646 -0.009111317586496404
vn -0.7075518527614998 0.7066313186845868 -0.006523427615214749
vn -0.9999893637675804 -0.00418923182091658 0.0019294269772708397
vn -0.7763980844273111 -0.6291848597124079 0.036502421923481784
vn 0.0007343476349310092 -0.9951765180776192 0.09809769926179315
vn 0.7486148653181849 -0.6628362165028762 -0.014964408334046487
vn 0.0005136910536143185 -0.9988783057207186 -0.0473483524740611
vn -0.7497399316796621 -0.6615339330511972 -0.016213891167444976
vn -0.9999849490255032 -0.005478016398833356 -0.0003050553984711709
vn -0.7091067877411464 0.7050738186917929 0.006202723176611392
vn -0.0000024997509131052687 0.9999600168065006 0.008942302952498905
vn -0.0000024997509131052687 0.9999600168065006 0.008942302952498905
vn 0.7089990682129758 0.705182046202162 0.006213130230744945
vn 0.9999756468591949 -0.006973065195688166 -0.0002864442550627179
vn -0.008020340009776252 0.05075044858708276 -0.9986791607490052
vn -0.008020340009776252 0.05075044858708276 -0.9986791607490052
vn -0.7829153763309863 0.08732766164602532 -0.6159686623651788
vn -0.7829153763309863 0.08732766164602532 -0.6159686623651788
vn -0.999187417401832 0.040055820493225494 -0.0044761758758534885
vn -0.999187417401832 0.040055820493225494 -0.0044761758758534885
vn -0.8452446800288321 -0.03299709309348574 0.5333597498221411
vn -0.8452446800288321 -0.03299709309348574 0.5333597498221411
vn 0.00026208429626930184 -0.13535271359791193 0.9907974435945539
vn 0.00026208429626930184 -0.13535271359791193 0.9907974435945539
vn 0.8465563103097127 -0.05525800242097489 0.5294232396138738
vn 0.8465563103097127 -0.05525800242097489 0.5294232396138738
vn 0.999975487176598 0.004764004253555484 -0.005131209350392557
vn 0.999975487176598 0.004764004253555484 -0.005131209350392557
vn 0.7858283330349456 0.05858744912206734 -0.6156633347901168
vn 0.7858283330349456 0.05858744912206734 -0.6156633347901168
vn 0.9398511588395542 -0.34134948851923946 -0.012661987032080484
vn 0.999940465785506 0.010897168725855541 -0.0005626707966941551
vn 0.7094694878133871 0.7044371269034697 0.02052754495294626
vn -0.0000037982381052919968 0.9995903281404341 0.02862124863929875
vn -0.0000037982381052919968 0.9995903281404341 0.02862124863929875
vn -0.7095782287884633 0.7043269398392726 0.020549915962668554
vn -0.9999161337680587 0.012936960873487361 -0.0006003946167326468
vn -0.9477341362594163 -0.31885318573743315 -0.011517504664989013
vn 0.79082002364986 -0.6083517511909406 -0.0671702092995893
vn 0.9999766429182535 -0.005682470449017751 -0.003797781923144132
vn 0.7114066319298655 0.7020418483796167 0.032215635488626465
vn -0.000020437878849086632 0.998969022942508 0.04539703496467872
vn -0.000020437878849086632 0.998969022942508 0.04539703496467872
vn -0.7113928476840313 0.7020573302180648 0.03218262498753028
vn -0.9999808535865521 -0.004574999890624952 -0.004166753689824801
vn -0.7934208676147091 -0.6046084432267079 -0.07022789483174982
vn 0.0010052449066647112 -0.988773524439549 -0.14941856260207426
vn 0.0003155297406539089 0.216721223436288 -0.9762334821922782
vn 0.0025301574867828223 0.8337870574973462 -0.5520803755369404
vn 0.008422910635041556 0.9775022842867549 0.21075658658891366
vn 0.0025759579522451723 0.5243719418444462 0.8514854262093468
vn 0.00030672767379113006 -0.2107332422190233 0.9775435573630429
vn 0.000001219070918628381 -0.8433911958415292 0.5373000007216725
vn -3.958436893081449e-7 -0.976296221772072 -0.21643864570224164
vn -3.958436893081449e-7 -0.976296221772072 -0.21643864570224164
vn -0.000001104055962311308 -0.5373023718639395 -0.8433896852512283
vn 0.04587969100733096 -0.5303451322714859 -0.8465394820260967
vn 0.045880679577247986 -0.976875674218123 -0.2088273937069027
vn 0.045880679577247986 -0.976875674218123 -0.2088273937069027
vn 0.01867097444448586 -0.8326483433615305 0.5534872455717407
vn -0.030433702528512605 -0.198397718593743 0.9796489856102563
vn -0.11313974387472941 0.435233604714592 0.8931803332379766
vn -0.27569456221528116 0.9372190266372362 0.21357201238475942
vn -0.0804661144807181 0.781484906723494 -0.6187136211396576
vn 0.011930647787197884 0.22887202530058376 -0.9733834063092439
vn 0.7514494193236809 -0.6597501155192295 0.007318146655137327
vn 0.9999989596324428 -0.0010144748123541937 0.001025463254938739
vn 0.7069501803064541 0.7072015331120414 0.009350621832297608
vn -0.000005221899820845088 0.9999115913960849 0.013296968243960944
vn -0.000005221899820845088 0.9999115913960849 0.013296968243960944
vn -0.7070687836917807 0.7070826715748456 0.00937180277240142
vn -0.9999992611191562 0.00046063172377266786 0.001124979802835583
vn -0.7529154400389652 -0.6580492837067157 0.00945940611295548
vn 0.0002921670581937782 -0.9990380087212523 0.04385170200443015
vn 0.0030860269801318567 -0.28656210578250624 -0.9580566976786778
vn 0.0030860269801318567 -0.28656210578250624 -0.9580566976786778
vn -0.8942613303010406 -0.05763314110955582 -0.4438187627557661
vn -0.8942613303010406 -0.05763314110955582 -0.4438187627557661
vn -0.9957603446529443 0.08757386559184663 0.0281452319576618
vn -0.9957603446529443 0.08757386559184663 0.0281452319576618
vn -0.6983218562672537 0.08902372876236264 0.710226274349733
vn -0.6983218562672537 0.08902372876236264 0.710226274349733
vn -0.008472787202184954 0.02456949647146541 0.9996622188120171
vn -0.008472787202184954 0.02456949647146541 0.9996622188120171
vn 0.7011556371228747 0.05720245258303024 0.7107099633108445
vn 0.7011556371228747 0.05720245258303024 0.7107099633108445
vn 0.9990702903785248 0.034963194407817914 0.02522161612132177
vn 0.9990702903785248 0.034963194407817914 0.02522161612132177
vn 0.8939690118289779 -0.1078591659776851 -0.4349549473268684
vn 0.8939690118289779 -0.1078591659776851 -0.4349549473268684
vn -2.1863752892939225e-7 -0.819152677728025 -0.5735755317052484
vn 9.047782462325101e-7 -0.8191517198633598 -0.5735768996778735
vn 2.803376923964116e-7 -0.9063077001548736 0.4226184480591272
vn 1.4961743359691528e-7 -0.9063078683024111 0.4226180874656423
vn 0.8272897846808694 0.561202442720408 -0.025365930838984474
vn 0.9204097481074401 0.28960940527831497 -0.26262575647323533
vn 0.3426781813166474 0.839169376930607 -0.4223344893226358
vn 0.38124974192814426 0.5988619580591182 -0.704281896309512
vn -0.3812456663070056 0.5988650221494752 -0.7042814971075387
vn -0.3426734003322354 0.8391696306891749 -0.4223378643145048
vn -0.9204094393509352 0.2896130377843838 -0.2626228327830582
vn -0.827291738297788 0.5611994938747854 -0.025367455901390643
vn -0.9204074750058292 -0.14773523823012413 0.3619728986243065
vn -0.8272903947524546 0.16809321233986932 0.5360366356095371
vn -0.38124507293961235 -0.4569884196075836 0.8036253970002645
vn -0.34267477173265154 -0.10986251695712441 0.9330081608355958
vn 0.34267136505651574 -0.10985632791833895 0.9330101407737229
vn 0.38124380586578993 -0.45698953366455836 0.8036253645885113
vn 0.38124380586578993 -0.45698953366455836 0.8036253645885113
vn 0.8272893043179188 0.16810253969061745 0.536035393524288
vn 0.9204087228502891 -0.14773636053266906 0.3619692675872648
vn 0.8218672755649701 0.2701058247519621 -0.5015745455966399
vn 0.9200137046755492 -0.07823030978179786 -0.38399843989346494
vn 0.821866263193962 0.5578509901208616 0.11549077125366972
vn 0.9200135985498314 0.24387551632097842 0.3067567619834417
vn 0.34042701983536333 0.7613159014026475 0.5518220206166906
vn 0.3810807938834798 0.4716383065646982 0.7951947788522761
vn -0.38108217516384885 0.4716375516248008 0.79519456466311
vn -0.34042777362152343 0.7613144308055045 0.551823584485462
vn -0.9200128305645947 0.24387694865490192 0.3067579265663676
vn -0.8218679313012123 0.5578467171753466 0.1154995395460722
vn -0.9200136847283532 -0.07823041477607548 -0.3839984662944911
vn -0.8218680562134744 0.27010468479039634 -0.50157388033087
vn -0.3810827012398021 -0.30599410742025646 -0.872435430871452
vn -0.3404313431869797 0.06664225666578794 -0.937904744738185
vn 0.34043018997153457 0.06663888494593165 -0.9379054028893894
vn 0.3810824462710937 -0.30599266361968974 -0.8724360486333461
vn 0.3810824462710937 -0.30599266361968974 -0.8724360486333461
vn -0.9204096835862452 0.2896093143243417 -0.26262608289591594
vn -0.8272891318142347 0.5612033195079118 -0.025367825199461732
vn -0.9204097634374552 -0.14773738776218154 0.36196620232587284
vn -0.8272907058013613 0.1681060327753757 0.5360321350807337
vn -0.3812456698830238 -0.4569901194151191 0.8036241471934499
vn -0.3812456698830238 -0.4569901194151191 0.8036241471934499
vn -0.34267566318360376 -0.10986840207634309 0.9330071404265181
vn 0.34267483807234483 -0.10986942370021589 0.933007323169478
vn 0.3812459491036981 -0.45699131877211885 0.8036233326994308
vn 0.827289327753947 0.16809807131445664 0.536036758632076
vn 0.9204086102262454 -0.14774072229600654 0.36196777369932476
vn 0.8272903526027415 0.5612012911536145 -0.025372885093100924
vn 0.920409106314496 0.28960917122023877 -0.2626282638226074
vn 0.3426720466080836 0.8391688979072639 -0.42234041868916045
vn 0.38124526267427067 0.5988630765588594 -0.7042833699746746
vn -0.3812460879960249 0.5988633474287623 -0.7042826928827264
vn -0.3426741460018433 0.8391683208847871 -0.4223398618237624
vn -0.9200130892795417 -0.07823115005209835 -0.38399974311949764
vn -0.8218654996888961 0.2701076969527206 -0.5015764472819856
vn -0.9200140041721774 0.2438743658539914 0.3067564600890915
vn -0.8218668734599591 0.5578502036022366 0.11549022750906066
vn -0.38108010495686456 0.47163766077913327 0.7951954920274965
vn -0.3404256266668233 0.7613152626151631 0.5518237613746854
vn 0.3404305231218345 0.7613152228555087 0.5518207955264653
vn 0.38108370798126345 0.47163687505359453 0.7951942313679918
vn 0.8218661716095654 0.5578506107863693 0.11549325525376317
vn 0.920012433404752 0.24387640173398506 0.30675955251295894
vn 0.821867152781257 0.2701053169377257 -0.5015750202524053
vn 0.9200148883611233 -0.07822896289416514 -0.3839958783090949
vn 0.3404317593094797 0.06663797398143981 -0.9379048979918495
vn 0.38108299668367324 -0.3059925913030209 -0.8724358335753144
vn -0.381081724230058 -0.30599256289210136 -0.8724363993510184
vn -0.381081724230058 -0.30599256289210136 -0.8724363993510184
vn -0.34042998163460636 0.06663658277127092 -0.9379056420775116
vn 0.20832437995887967 -0.7485609312937042 -0.6294898608043267
vn 0.25395625419099277 -0.727261352701604 -0.6376497046372037
vn 0.9204091464119808 0.28961023796586893 -0.2626269469542713
vn 0.08629220595503216 -0.6785650748214735 -0.7294539700515328
vn 0.10519296823297453 -0.6419339411307728 -0.7595098779203927
vn 0.38124523480808303 0.5988630199955101 -0.7042834331559894
vn -0.08629055900666582 -0.6785665014075045 -0.7294528378133135
vn -0.3812464819305608 0.598864754134601 -0.7042812834875525
vn -0.10519217321145213 -0.641934059570341 -0.7595098879268086
vn -0.20832540778218048 -0.7485614603919354 -0.6294888914732978
vn -0.9204080961264067 0.28961489423885917 -0.26262549308850025
vn -0.25395866361744157 -0.7272607693322388 -0.6376494103846747
vn -0.20832463112098473 -0.8475495791808652 -0.4881194104915765
vn -0.920407353037974 -0.1477354166012788 0.36197313595801117
vn -0.25395660272434156 -0.8479330098953485 -0.4653124269375638
vn -0.08629040212598739 -0.917545415753469 -0.3881550933978956
vn -0.38124431169559087 -0.456988584940796 0.8036256641207797
vn -0.10519202051696828 -0.9332608578947911 -0.3434513210646256
vn 0.08629164060914109 -0.9175445396197175 -0.38815688912477586
vn 0.10519345295713266 -0.9332600340450505 -0.3434531209775021
vn 0.3812432411774389 -0.45698968454100863 0.8036255466818054
vn 0.3812432411774389 -0.45698968454100863 0.8036255466818054
vn 0.20832580514431406 -0.8475497440850368 -0.48811862309520787
vn 0.2539582996707632 -0.8479319310490363 -0.46531346674665147
vn 0.9204079928853979 -0.1477373756840142 0.3619707093932789
vn 0.20658793458421235 -0.9195213787038509 0.33436785041447725
vn 0.2516740386468094 -0.9160889242295349 0.3121558283536888
vn 0.9200143708387795 -0.0782295978022317 -0.38399698889161316
vn 0.20658438684392427 -0.8471939286224822 0.48947455339120977
vn 0.25167422241484316 -0.8279753898164367 0.5011155950778259
vn 0.9200125454232818 0.24387659444176596 0.30675906334982234
vn 0.08557306178250616 -0.7960521530584914 0.5991479122120912
vn 0.10424627571884287 -0.7656692468200387 0.6347309024088758
vn 0.3810803649308619 0.47163838854850837 0.7951949357934365
vn -0.08556807973140616 -0.7960512909071986 0.5991497692364258
vn -0.38108356516272796 0.4716372701484874 0.7951940654769425
vn -0.10424762603680347 -0.7656690164675174 0.6347309585071106
vn -0.2065845192954682 -0.8471940395242888 0.4894743055380723
vn -0.9200138032671275 0.2438759702222376 0.30675578714364554
vn -0.25167404786956016 -0.8279753654186137 0.501115723050937
vn -0.2065870199994713 -0.9195219430425968 0.334366863536005
vn -0.920014186430668 -0.0782299004180262 -0.383997369062474
vn -0.2516742393433507 -0.916089014611193 0.3121554012981982
vn -0.08557446401025366 -0.970665729537594 0.22468879057622854
vn -0.3810813197933079 -0.30599436717825546 -0.8724359431842372
vn -0.10424632251864424 -0.9783944879726317 0.17854111612205878
vn 0.08557094669763463 -0.9706664722479869 0.22468692159295545
vn 0.10424689619450378 -0.9783942986598823 0.17854181858502904
vn 0.38108201757238236 -0.3059927379474677 -0.872436209820738
vn 0.38108201757238236 -0.3059927379474677 -0.872436209820738
vn -0.2083252105292651 -0.7485605596713742 -0.6294900278498592
vn -0.9204086738388397 0.2896107271921746 -0.26262806365171304
vn -0.2539577888821029 -0.7272606797505413 -0.6376498609385043
vn -0.2083253878363383 -0.8475497437780415 -0.4881188017323398
vn -0.9204091106544603 -0.14773831209457194 0.36196748495370745
vn -0.25395880780946495 -0.8479328104209266 -0.46531158694756813
vn -0.0862907027382592 -0.9175456220973195 -0.3881545387999225
vn -0.3812466146129505 -0.4569898941565704 0.8036238271012944
vn -0.3812466146129505 -0.4569898941565704 0.8036238271012944
vn -0.10519232469651256 -0.9332602568622198 -0.3434528610834488
vn 0.08629140740531867 -0.9175457871616631 -0.3881539919540868
vn 0.10519313035394268 -0.9332609744466474 -0.3434506644355675
vn 0.3812474492953129 -0.45699097322159477 0.8036228174957437
vn 0.20832461056882148 -0.8475499724034382 -0.48811873648762966
vn 0.2539572995324942 -0.8479333458308004 -0.4653114344633571
vn 0.9204088752265714 -0.14774034446627177 0.36196725407299635
vn 0.20832460740628028 -0.7485608201446032 -0.6294899177059613
vn 0.25395709921876086 -0.7272602504620698 -0.6376506252284552
vn 0.9204082503768187 0.2896103565567101 -0.2626299564280102
vn 0.0862905110374534 -0.6785664767418604 -0.7294528664328033
vn 0.10519252755981923 -0.6419333243014715 -0.7595104602945496
vn 0.38124385587051374 0.5988634246132821 -0.7042838355531346
vn -0.08629042639736113 -0.6785657393669616 -0.7294535623804509
vn -0.38124633083998055 0.5988632479618754 -0.7042826460034389
vn -0.10519193991818898 -0.6419324956596736 -0.7595112420447714
vn -0.20658560421545472 -0.9195233795022442 0.3343637879312101
vn -0.9200137870314801 -0.07823044075854586 -0.3839982158952279
vn -0.2516742278178996 -0.9160890811386354 0.31215521535100843
vn -0.2065867742754879 -0.8471960280954172 0.4894699119188
vn -0.9200139506022114 0.24387442795694048 0.30675657138191303
vn -0.2516754118833981 -0.8279755003917654 0.5011148149918616
vn -0.0855699707396897 -0.7960509101811774 0.5991500050132086
vn -0.38108142999480976 0.47163745499864446 0.7951949790809248
vn -0.10424645584391463 -0.7656690180315773 0.6347311488106936
vn 0.08557246148517507 -0.796051348359125 0.5991490671034938
vn 0.10424864573178307 -0.7656681792865575 0.6347318009136592
vn 0.381084504223319 0.4716367681435087 0.7951939131909986
vn 0.20658648016155076 -0.8471961633364794 0.4894698019718991
vn 0.2516756027072546 -0.8279756802759409 0.5011144219372784
vn 0.9200132384747336 0.2438755761756531 0.306757794320252
vn 0.2065868752837388 -0.9195232734658799 0.3343632942101949
vn 0.2516753037201101 -0.9160891624604419 0.3121541092472057
vn 0.9200149040183482 -0.07822891713962334 -0.3839958501172528
vn 0.085571188195361 -0.9706663283619715 0.22468745121862826
vn 0.10424721098778571 -0.9783943162001859 0.1785415386638042
vn 0.3810825205116876 -0.305992645569396 -0.8724360225356935
vn -0.08557447937532317 -0.9706657347996591 0.22468876199196094
vn -0.3810814250852866 -0.3059926274684988 -0.8724365073688123
vn -0.3810814250852866 -0.3059926274684988 -0.8724365073688123
vn -0.10424639149991768 -0.9783944361226373 0.17854135998001328
vn -0.41055984552183494 0.4827508424593009 0.7735581667527803
vn -0.2569014668561433 0.5271137830705536 0.8100325277568866
vn -0.19180725782265032 -0.19417546960187865 0.9620321527118754
vn -0.11768258221617688 -0.18086397430556997 0.9764420272813572
vn 0.14729449074352663 -0.7894880729511236 0.595829602876969
vn 0.08864509370136933 -0.8112961529310252 0.5778759378984335
vn 0.39744639910660506 -0.9054297839040519 -0.1491082367163363
vn 0.39744639910660506 -0.9054297839040519 -0.1491082367163363
vn 0.23392951437112622 -0.9544318905370097 -0.18530177719611524
vn 0.23392951437112622 -0.9544318905370097 -0.18530177719611524
vn 0.1146432998656273 -0.5232170305249692 -0.8444529902632553
vn 0.043619351904564445 0.2463460870094683 -0.9681998541388803
vn -0.06627692603870926 0.8548430619284407 -0.5146364819439716
vn -0.1461856519887514 0.9633773602671672 0.22479727951487422
vn -0.14160591667906253 0.5370975848107383 0.8315491258800974
vn -0.06087059296082949 -0.1848112387544138 0.9808871377190425
vn 0.045322224344356114 -0.8254965515799654 0.5625845174816542
vn 0.11464172569520374 -0.9724776753513539 -0.20284093687629318
vn 0.11464172569520374 -0.9724776753513539 -0.20284093687629318
vn 0.3949620117693485 -0.8977267123416474 -0.19517110238804924
vn 0.9998711776602198 0.011064265398076874 -0.01162798845742169
vn 0.6650479966967886 0.7463198827280295 0.02679169151823847
vn -0.000002349115893895715 0.9988454542918177 0.048039134411997544
vn -0.000002349115893895715 0.9988454542918177 0.048039134411997544
vn -0.665063523969161 0.7463062073974067 0.026787196303834998
vn -0.9998710770652595 0.011076610556563421 -0.011624884813900813
vn -0.39487876361730734 -0.8977639500564754 -0.1951682659221555
vn 0.000009858354837063898 -0.9634563418841094 -0.267865408715091
vn 0.46157799296117147 -0.8729235742670444 0.15795629111493115
vn 0.9999184454886978 0.0008636712380476976 0.012741916789042785
vn 0.698706833224354 0.7154002471394173 0.003353743946018001
vn -0.000002660899835274215 0.9999672118474568 0.008097852983553814
vn -0.000002660899835274215 0.9999672118474568 0.008097852983553814
vn -0.6987709797987676 0.715337613500164 0.0033491047998050953
vn -0.9999184330253794 0.0008453278994567838 0.012744124795854616
vn -0.4614667797306163 -0.8729784308678449 0.15797806950513757
vn 0.00002913119064402962 -0.9742185121857468 0.22560649296056048
vn 0.7052867201542248 -0.7085121660776799 0.024107112933949
vn 0.9999935226886788 -0.003290086313887046 0.0014594220548029518
vn 0.7061670924019354 0.7080206181721388 -0.005902698682690042
vn -0.000005527796982708539 0.9999673832214054 -0.008076661610980673
vn -0.000005527796982708539 0.9999673832214054 -0.008076661610980673
vn -0.7062583725529461 0.7079296272256217 -0.005895260389186207
vn -0.99999414574703 -0.003061475091748039 0.0015283461420790546
vn -0.7052544935746846 -0.708536563727294 0.02433181362400662
vn 0.0002280061765132489 -0.9991496212971126 0.04123084130866274
vn 0.632394569013749 -0.7227403117297037 -0.2787894382554071
vn 0.9989212853639038 0.019070549856656845 0.04233886837282157
vn 0.6161114164702086 0.7263153416147978 0.3047503027562934
vn -0.000002565295029793674 0.9248493195531428 0.38033371677450317
vn -0.000002565295029793674 0.9248493195531428 0.38033371677450317
vn -0.6161457397723608 0.7262756343418255 0.3047755408850082
vn -0.9989214218384856 0.01907311691120422 0.042334491888644084
vn -0.6323913871411576 -0.7227435724135775 -0.27878820277146277
vn 0.000004806899071385405 -0.9242091043432178 -0.38188680446697876
vn 0.26491402869485847 -0.46730123697589215 0.8434750211603547
vn 0.49388058594361 -0.7021689218869747 0.5128750061799466
vn 0.6213499408838181 -0.7316587090455832 -0.28035653094127566
vn 0.6249013693305024 -0.7742892689815303 0.09987195076151567
vn 0.6249013693305024 -0.7742892689815303 0.09987195076151567
vn 0.3775997983302995 -0.13651264941368577 0.9158508005406628
vn 0.6570220838271829 -0.12417751275536057 0.7435737533622865
vn 0.9904102627385203 -0.060551047065929606 0.12418164985791956
vn 0.8732946469582588 -0.08884650283877726 0.47902271191183565
vn 0.8732946469582588 -0.08884650283877726 0.47902271191183565
vn 0.23117059858288985 0.15603709483500608 0.9603189987635774
vn 0.38276561554749416 0.32856758965492094 0.8634430048259718
vn 0.6020273406425344 0.6325014095849829 0.48734489634332656
vn 0.5038105216066965 0.4822337297477493 0.7166767668984135
vn 0.5038105216066965 0.4822337297477493 0.7166767668984135
vn 0.000013541429967862089 0.2455210190276592 0.9693912672560289
vn 0.000007823586122407078 0.45999109277092404 0.8879235296523021
vn 0.000001769512922829887 0.8225969220548065 0.5686249236736175
vn 0.000001769512922829887 0.8225969220548065 0.5686249236736175
vn 0.0000010984567004476503 0.6400179411223688 0.768359964495989
vn 0.0000010984567004476503 0.6400179411223688 0.768359964495989
vn 0.0000010984567004476503 0.6400179411223688 0.768359964495989
vn -0.23470561693441894 0.1536919357486904 0.9598396023634648
vn -0.3827448261698011 0.32788825655666376 0.8637104197892257
vn -0.602024394519905 0.6325044822411263 0.487344547879451
vn -0.5037962620689892 0.4822400642148863 0.7166825285936144
vn -0.5037962620689892 0.4822400642148863 0.7166825285936144
vn -0.3723597674131276 -0.13541544426739507 0.9181562291167585
vn -0.6561741556648001 -0.12481655796336553 0.7442152271324234
vn -0.990409843886585 -0.060551709825010507 0.12418466720903235
vn -0.8732935460204453 -0.08884328272049478 0.4790253162354603
vn -0.8732935460204453 -0.08884328272049478 0.4790253162354603
vn -0.2694562095423888 -0.46222824165347365 0.8448303994039195
vn -0.4937882328284145 -0.7001095875348421 0.5157710214445794
vn -0.6213414514771154 -0.7316658315199809 -0.28035675783274105
vn -0.6248912835866139 -0.7742979103448744 0.09986806162650093
vn -0.6248912835866139 -0.7742979103448744 0.09986806162650093
vn 0.0000442825230771674 -0.5906962392095492 0.8068940147397012
vn 0.00003252943090036713 -0.914051282057041 0.4055986349973529
vn 0.000005968380901792088 -0.9151077550126524 -0.40320937077414504
vn 0.0000179428235054658 -0.9984471332025506 -0.05570746698301195
vn 0.0000179428235054658 -0.9984471332025506 -0.05570746698301195
vn 0.8272888346389833 0.5612037564866235 -0.025367849474789938
vn 0.9238797946883578 0.21949829056071285 -0.31347507940428515
vn 0.8272893077946106 0.16810258231086683 0.5360353747926829
vn 0.9238795287428189 -0.2194974927790062 0.31347642181458724
vn 0.9238795287428189 -0.2194974927790062 0.31347642181458724
vn 0.3426739292599294 -0.1098557120097166 0.933009271521135
vn 0.38268320936244665 -0.5299151426766076 0.7567981916165554
vn -0.38268252933044544 -0.5299154482070482 0.7567983215472771
vn -0.34267554552829915 -0.10986233569773 0.9330078979793911
vn -0.9238795791735962 -0.2194985329406759 0.31347554485622947
vn -0.827291623423384 0.1680949389861974 0.5360341978836131
vn -0.9238790669809531 0.21949874805822883 -0.3134769037668864
vn -0.8272908777187642 0.5612006874242885 -0.02536911661494461
vn -0.382683990284274 0.5299156691755689 -0.7567974280759119
vn -0.3426767850284494 0.8391688379381138 -0.42233669321545037
vn 0.34267197561218754 0.8391708503428257 -0.42233659688089925
vn 0.38268351596598366 0.5299154938496354 -0.7567977906852066
vn 0.8218679258768624 0.27010650845067885 -0.5015731118266283
vn 0.9238804361788139 -0.16172144927226803 -0.34683009167504764
vn 0.9238804361788139 -0.16172144927226803 -0.34683009167504764
vn 0.8218666087860433 0.5578506434709029 0.115489986326212
vn 0.923879648095853 0.16173562839593472 0.3468255791340295
vn 0.34042806645961676 0.7613157234682363 0.5518216204233055
vn 0.3826832903157814 0.39045513961057954 0.8373161190761648
vn -0.382683227960656 0.3904549579903115 0.8373162322673535
vn -0.34043003645362124 0.7613140613385679 0.5518226982359111
vn -0.9238792251039863 0.16173594031208746 0.3468265604486232
vn -0.8218702632478545 0.5578443379889405 0.1154944369334857
vn -0.9238794475357661 -0.16172234765435783 -0.3468323062953778
vn -0.8218689819053959 0.27010563864387976 -0.5015718498426417
vn -0.38268306616352515 -0.3904414755049452 -0.8373225931964361
vn -0.34042298293637574 0.0666407916815795 -0.9379078833087781
vn 0.34043129351901985 0.06663908628025712 -0.9379049880306105
vn 0.3826857533880965 -0.3904410031808011 -0.8373215852878477
vn -0.923879203591962 0.21949803693681316 -0.3134769990783492
vn -0.8272876797340947 0.5612053314344448 -0.0253706706598928
vn -0.9238800176462659 -0.21949700390740043 0.3134753232227541
vn -0.9238800176462659 -0.21949700390740043 0.3134753232227541
vn -0.8272889545019897 0.16810355176728944 0.5360356160202668
vn -0.3826819088230293 -0.5299154556034357 0.7567986301336478
vn -0.34267262997031267 -0.1098691045546373 0.9330081717399862
vn 0.34267870421172547 -0.10986850676638422 0.9330060111814381
vn 0.38268627010698897 -0.5299151716280511 0.7567966236380905
vn 0.827291676288199 0.16810134511567212 0.5360321073541803
vn 0.9238796527788006 -0.21949777704781398 0.3134758572081606
vn 0.8272920569042146 0.5611989309625236 -0.025369518515622688
vn 0.9238798508178753 0.21949785686131107 -0.3134752176584805
vn 0.34267612273146913 0.839167927593546 -0.42233903940800976
vn 0.38268308213726887 0.5299157688915394 -0.7567978174691106
vn -0.38268384539485906 0.5299153355921923 -0.7567977349186622
vn -0.3426774303362759 0.8391675609114376 -0.42233870702562365
vn -0.9238800131872664 -0.16172176118854656 -0.34683107298967764
vn -0.9238800131872664 -0.16172176118854656 -0.34683107298967764
vn -0.8218664253844086 0.2701086508078169 -0.5015744167963864
vn -0.9238799881891899 0.16173529750076643 0.3468248274934778
vn -0.8218666108557301 0.5578504660617948 0.11549082853263393
vn -0.382684879189128 0.39045532796469395 0.8373153050697125
vn -0.3404307595335945 0.761314376859395 0.5518218168490362
vn 0.34042596596800745 0.7613159964904269 0.5518225395745784
vn 0.3826839779077222 0.39045535040881163 0.8373157065228468
vn 0.8218671335886142 0.5578496222917475 0.11549118423407793
vn 0.9238791652832887 0.16173613845601723 0.34682662739874764
vn 0.8218682758022736 0.2701065161325569 -0.5015725343083797
vn 0.9238809890490356 -0.1617216011596064 -0.34682854812161745
vn 0.3404269390209715 0.0666371335706646 -0.9379067073106456
vn 0.38268607398460885 -0.39044150184078 -0.8373212062396143
vn -0.38268381026799425 -0.3904408784854801 -0.8373225315051881
vn -0.34042772167163776 0.06663618887185957 -0.937906490355031
vn -0.9110889513501075 -0.2751931093827575 -0.30689684794082045
vn -0.9110889513501075 -0.2751931093827575 -0.30689684794082045
vn -0.3469204562711883 -0.43823135154091736 -0.8292161838430383
vn 0.415232058023978 -0.3268322847224192 -0.8489776178747559
vn 0.9200739662114789 -0.02729628548764531 -0.3907925402287707
vn 0.9200741336990792 0.2818183207410894 0.272106638273603
vn 0.41523296901599416 0.4402697220000825 0.7960804942542761
vn -0.3469187646339951 0.35352608857426415 0.8687155319448386
vn -0.9110885478197737 0.05820516253916663 0.40808065022179785
vn -0.873199338223234 -0.42420130618307333 -0.23995034394449324
vn -0.873199338223234 -0.42420130618307333 -0.23995034394449324
vn -0.7995885637069063 -0.5759995598801149 -0.16994892117057042
vn -0.7995885637069063 -0.5759995598801149 -0.16994892117057042
vn -0.3248188579949092 -0.493485999995829 -0.806823572597504
vn -0.294368710445597 -0.5482360611678944 -0.782805393150628
vn 0.4080057818720368 -0.25371037548720016 -0.8770190005519447
vn 0.3802910346222476 -0.1832013826639359 -0.906540667800382
vn 0.881777933859058 0.12450170302948749 -0.4549362607025381
vn 0.8113580540250794 0.26934267736446565 -0.5187992196589908
vn 0.8817777589722682 0.42852994753134466 0.19705346444715807
vn 0.8113569355704255 0.5705545183787141 0.12715134548797377
vn 0.40800543052390353 0.5087533397763015 0.7580907649677993
vn 0.38029045091200536 0.5766910040797755 0.7230537039242687
vn -0.32481770326438203 0.3008568456997265 0.8966485476716408
vn -0.2943661803766002 0.24726580516532426 0.9231512191653297
vn -0.8731990627860334 -0.08885878498806418 0.4791946505127514
vn -0.7995891865632505 -0.24005480995064038 0.5504823529875243
vn -0.6916810980396578 -0.7144868487731149 -0.10528913308085219
vn -0.6916810980396578 -0.7144868487731149 -0.10528913308085219
vn -0.5557937719743201 -0.8297199752706987 -0.05155623794797813
vn -0.5557937719743201 -0.8297199752706987 -0.05155623794797813
vn -0.25407531665775424 -0.5986516430505621 -0.7596459331413052
vn -0.20416356350922557 -0.640976778066099 -0.7399094602147059
vn 0.33145298821816066 -0.11765234225297681 -0.9361072817597565
vn 0.2663397649577418 -0.06243553803357829 -0.9618549439456621
vn 0.7045494210248494 0.40655766836576324 -0.5816536560759705
vn 0.5661474809651271 0.5239229564446267 -0.636381776536037
vn 0.7045504877034473 0.7069015332553032 0.06244063226886624
vn 0.5661471735315995 0.8242681117558095 0.007710891303417257
vn 0.33145429540644383 0.6414752958057128 0.691843548013271
vn 0.26634078572719316 0.6966921518357483 0.6660950618558105
vn -0.2540740685490568 0.19711690602727655 0.9468850474313992
vn -0.20416260862550703 0.1547925591460116 0.9666213803099208
vn -0.6916735385220489 -0.3786151227691951 0.6150108169120726
vn -0.5558035072472448 -0.49383428996736445 0.6687377328849412
vn -0.39744376485148775 -0.9175677837224265 -0.010383451034665505
vn -0.39744376485148775 -0.9175677837224265 -0.010383451034665505
vn -0.2339098712554145 -0.9721147828788764 0.016703922821617038
vn -0.2339098712554145 -0.9721147828788764 0.016703922821617038
vn -0.14690628148785073 -0.6742000946864505 -0.723790561408612
vn -0.08864565837839761 -0.6986239481860129 -0.7099764265605216
vn 0.19203042610199506 -0.02426934938002936 -0.9810888411004156
vn 0.11767954254845497 -0.008558429687096079 -0.9930147423612992
vn 0.41056038002047573 0.6097436261040162 -0.677977053286443
vn 0.25691548712645057 0.6598035282749712 -0.7061541875189002
vn 0.41056083278028027 0.9112960395493868 -0.03129426286661965
vn 0.2569041428218477 0.9650649566340624 -0.05147709080617072
vn 0.19203718137740008 0.7359554246796041 0.649223639321064
vn 0.11767980720580143 0.7551915933080652 0.6448543404311019
vn -0.14691069956239175 0.12109188183355095 0.9817097343451873
vn -0.08864591601681895 0.09480708394669238 0.9915409817083023
vn -0.39743161641230446 -0.5818121657396121 0.7096074365966615
vn -0.23391204884639938 -0.6376594849899478 0.7339451850150897
vn -0.11655452195220338 -0.9927125056148958 0.030609224235335
vn -0.11655452195220338 -0.9927125056148958 0.030609224235335
vn -0.04596441094331225 -0.7149029148929047 -0.697711326555806
vn 0.061117916094737476 -0.010794059434102854 -0.998072186073317
vn 0.14219712261658 0.6733086961238186 -0.7255586661625708
vn 0.14766061908501182 0.9875082776553288 -0.054988572755046546
vn 0.06642314091139032 0.7519766738745381 0.6558346196260548
vn -0.0449773290460983 0.07653926206516885 0.9960515956688181
vn -0.1165537771426555 -0.6615512437839888 0.740786857929889
vn -0.9110886884466948 0.1281844056116576 -0.39177309752261935
vn -0.34691990229876807 0.4990062829849647 -0.7941280192327571
vn 0.4152314614752939 0.5718197160174591 -0.7075344838061278
vn 0.9200737192170025 0.32478817294228185 -0.21903651276215735
vn 0.9200740704502153 -0.09474202632059622 0.38011531583697017
vn 0.41523160703826084 -0.46929072787444687 0.7793259428810869
vn -0.3469189011884603 -0.5755656697526301 0.7405210569594882
vn -0.9110886144794005 -0.3243050591292447 0.2544479616526401
vn -0.9110886144794005 -0.3243050591292447 0.2544479616526401
vn -0.8731993182008124 -0.004297335627757918 -0.4873443172954197
vn -0.7995885491716348 -0.1408214846180981 -0.5838043006894987
vn -0.32481812392297327 0.4519867273158998 -0.8307834764253694
vn -0.29436809546435017 0.40381119645494223 -0.8661893222560061
vn 0.408005361079809 0.6326655812046539 -0.658229357966592
vn 0.38029027742850513 0.693487061965994 -0.611927283081188
vn 0.88177734236019 0.4562380283970806 -0.11964773271794692
vn 0.8113575310493685 0.5839653251789813 -0.02614298755077222
vn 0.8817777582882239 0.043610818432930715 0.4696446332109039
vn 0.8113562027484923 0.17516222939036372 0.5576910485712903
vn 0.4080043492501967 -0.4021494747461648 0.8196390979902723
vn 0.38029018010799526 -0.33783772557862857 0.8609558932310574
vn -0.3248182401014248 -0.6260916310498065 0.7088740229595143
vn -0.2943666685237522 -0.6758395681150873 0.6757138023100013
vn -0.873199642029757 -0.4594227375310992 0.16264419263698046
vn -0.873199642029757 -0.4594227375310992 0.16264419263698046
vn -0.799588457197031 -0.5967601056207433 0.0673474235349132
vn -0.799588457197031 -0.5967601056207433 0.0673474235349132
vn -0.6916816067404512 -0.26606156778976975 -0.6714073257287243
vn -0.5557940533322812 -0.3702123119183472 -0.7443358209736688
vn -0.2540763364131909 0.358545518394976 -0.8982707423231199
vn -0.20416338371241638 0.32029157938206354 -0.9250570884697009
vn 0.3314535430364339 0.7518659484838319 -0.5699439834923278
vn 0.2663402702987962 0.8017725786821801 -0.5349986845689356
vn 0.7045517846574049 0.7070034430046973 0.06126103423522439
vn 0.566147767920941 0.8130841925386733 0.13553892696148212
vn 0.7045513128896886 0.29937465863208196 0.643414532999015
vn 0.5661477810900897 0.4054558538061529 0.7176923021609549
vn 0.33145440103134716 -0.27841696544956107 0.9014554749885368
vn 0.2663407069064388 -0.22851132211150313 0.9364001300253174
vn -0.2540726357036816 -0.7214684717809751 0.6441508674313874
vn -0.20416385453310698 -0.7597236229984298 0.6173630513403956
vn -0.691671940394467 -0.7219241004574392 -0.020384308908329665
vn -0.691671940394467 -0.7219241004574392 -0.020384308908329665
vn -0.5558025218066835 -0.8260617222231526 -0.09330373964129285
vn -0.5558025218066835 -0.8260617222231526 -0.09330373964129285
vn -0.3974448810113068 -0.4497929294233118 -0.7998274108823127
vn -0.2339301654755053 -0.50056453664767 -0.8334937446263805
vn -0.14690694582616562 0.2897193806940836 -0.9457700723316766
vn -0.0886460300456605 0.26554601075896833 -0.9600141652742119
vn 0.19203541289385215 0.8375104334258687 -0.5115649265709102
vn 0.11767952792343346 0.8556960859288746 -0.5039203679488674
vn 0.41056016283514823 0.8920173636136645 0.18906447499333143
vn 0.25690338384622663 0.9414645568676309 0.21827766612824526
vn 0.41056994969305033 0.4827942956362027 0.7735256844541032
vn 0.2569025278028399 0.5271140566016036 0.8100320132818903
vn 0.19203615460597334 -0.19426694787525628 0.9619680183287712
vn 0.11767912406015821 -0.18086306711487252 0.9764426120946561
vn -0.14690768401185056 -0.7896426745444685 0.5957202186568229
vn -0.08864454358543185 -0.8112961727451105 0.5778759944673827
vn -0.39744670229705475 -0.9054297443594996 -0.14910766869040534
vn -0.39744670229705475 -0.9054297443594996 -0.14910766869040534
vn -0.23392804366280787 -0.954432144958259 -0.18530232340277927
vn -0.23392804366280787 -0.954432144958259 -0.18530232340277927
vn -0.11464098623504144 -0.5232162376343763 -0.8444537956281474
vn -0.04362086523881232 0.24634658977883467 -0.9681996580355497
vn 0.06627688422850568 0.8548431223574303 -0.5146363869521478
vn 0.14618644459944882 0.9633772598339503 0.2247971944891691
vn 0.1416051884379622 0.5370981285190946 0.8315488987117567
vn 0.060871555013670926 -0.18481178932382195 0.9808869742825342
vn -0.045319750051336295 -0.8254968964524508 0.5625842107655137
vn -0.11464142206335733 -0.972477802991772 -0.2028404965375193
vn -0.11464142206335733 -0.972477802991772 -0.2028404965375193
vn -0.3949084583527559 -0.8977512725392179 -0.19516649859969448
vn -0.9998712465324021 0.01106516542998497 -0.0116212078437342
vn -0.6650481286457723 0.7463196586059896 0.02679465922521203
vn 0.0000016137718457523352 0.9988478505841513 0.047989284020671694
vn 0.0000016137718457523352 0.9988478505841513 0.047989284020671694
vn 0.6650637929628962 0.7463059960078099 0.02678640723570384
vn 0.9998719822726999 0.011073622997089569 -0.011549629421768662
vn 0.3948813619866771 -0.8977641929810731 -0.19516189114832186
vn -0.000007675028966616556 -0.9634562265332242 -0.26786582367942036
vn -0.46157607845465953 -0.872924756066203 0.15795535459482737
vn -0.9999184760731482 0.0008640316862851426 0.012739492014902425
vn -0.6987077665887518 0.7153993322745658 0.0033544432717925164
vn 0.0000016832250219318113 0.9999697796142986 0.007774307383816049
vn 0.0000016832250219318113 0.9999697796142986 0.007774307383816049
vn 0.698770950844581 0.7153376434641651 0.003348745869035331
vn 0.9999184891912305 0.0008445615345556967 0.012739768025418544
vn 0.46146670325407213 -0.8729788129568073 0.15797618148424006
vn -0.00002848559256470753 -0.9742291025049433 0.2255607568283628
vn -0.7052847201739838 -0.7085141594576296 0.024107039161907196
vn -0.9999933923188836 -0.0033398738878290353 0.0014354654243218452
vn -0.7061145565503993 0.7080723306194836 -0.005983948422689139
vn 0.000007368556043207186 0.9999669255224855 -0.008133130197669636
vn 0.000007368556043207186 0.9999669255224855 -0.008133130197669636
vn 0.706303988132151 0.7078848224635933 -0.00580986009344465
vn 0.9999941499219024 -0.003059517848496435 0.0015295334277852688
vn 0.705254719112927 -0.7085362527638028 0.024334331475815596
vn -0.00022735912999860788 -0.9991495806739421 0.04123182929378156
vn -0.6323931684376723 -0.7227418871471655 -0.278788531106134
vn -0.9989213559249552 0.01906809323696989 0.04233831004368119
vn -0.616113032340298 0.7263144445991204 0.3047491738251542
vn -5.82929875161923e-7 0.9248494644571117 0.3803333644226519
vn -5.82929875161923e-7 0.9248494644571117 0.3803333644226519
vn 0.6161499838554962 0.7262731942237579 0.30477277559993954
vn 0.9989214958286227 0.019067296419888632 0.0423353679415088
vn 0.6323904449001277 -0.7227442326155445 -0.2787886285700798
vn 0.000001937899843858597 -0.9242095456927099 -0.3818857363750566
vn -0.2649096355829984 -0.46729372809045366 0.8434805609275227
vn -0.4938774382189238 -0.7021710837503443 0.5128750775414808
vn -0.621345308599095 -0.7316639635459578 -0.28035308439557943
vn -0.6248998764405391 -0.7742905029928934 0.09987172472532599
vn -0.6248998764405391 -0.7742905029928934 0.09987172472532599
vn -0.3776035558985021 -0.13649901574637394 0.9158512833823391
vn -0.6570183047115442 -0.12416773668991773 0.7435787251120568
vn -0.9904098866927471 -0.06055605637401653 0.12418220636502941
vn -0.8732941307609623 -0.08884767602614556 0.47902343537994924
vn -0.8732941307609623 -0.08884767602614556 0.47902343537994924
vn -0.23117280192110543 0.1560346444573534 0.9603188665131038
vn -0.38275810582275127 0.3285711663287722 0.863444972817799
vn -0.6020281638639576 0.6325007391040832 0.48734474958429613
vn -0.5038118049983943 0.48223528255565634 0.7166748198469975
vn -0.5038118049983943 0.48223528255565634 0.7166748198469975
vn -0.000006128659553149732 0.24551810442200273 0.9693920055186477
vn -0.000012815931174801293 0.4599911414367038 0.887923504382844
vn -0.000004204733044626662 0.8225965276150811 0.5686254942736315
vn -0.000004204733044626662 0.8225965276150811 0.5686254942736315
vn -0.000012128567671031462 0.6400193659665021 0.7683587775516947
vn -0.000012128567671031462 0.6400193659665021 0.7683587775516947
vn -0.000012128567671031462 0.6400193659665021 0.7683587775516947
vn 0.23551631702419495 0.1529928195123344 0.9597527085624843
vn 0.3827419664650231 0.32788766163950306 0.8637119128801372
vn 0.6020284703407738 0.6325024169155784 0.48734219342788265
vn 0.5037949774600855 0.4822390466847484 0.7166841162873483
vn 0.5037949774600855 0.4822390466847484 0.7166841162873483
vn 0.37235327567634396 -0.1354198717920718 0.9181582088163867
vn 0.6561738202851548 -0.12481324279971737 0.7442160788334289
vn 0.990409785753916 -0.06055354656440104 0.12418423523682555
vn 0.8732940704850616 -0.08884634230390329 0.47902379263962414
vn 0.8732940704850616 -0.08884634230390329 0.47902379263962414
vn 0.2694448045333706 -0.4622338092848932 0.8448309907099472
vn 0.49378062542923545 -0.7001148043250933 0.5157712232332754
vn 0.6213437076112228 -0.7316635071094202 -0.28035782381856716
vn 0.6248886147723254 -0.7742999392492278 0.09986903026747793
vn 0.6248886147723254 -0.7742999392492278 0.09986903026747793
vn -0.000054210694729198246 -0.5906977772878057 0.8068928881632595
vn -0.00001942925071534146 -0.9140510761696571 0.40559909982098813
vn -0.000004816528890582914 -0.9151299631628675 -0.40315896430357323
vn -0.00001000929263488617 -0.998447087335813 -0.05570829103863498
vn -0.00001000929263488617 -0.998447087335813 -0.05570829103863498
vn 0.9110885284353889 -0.2751936143058963 -0.30689765068943614
vn 0.9110885284353889 -0.2751936143058963 -0.30689765068943614
vn 0.34692052105574334 -0.43823039656578777 -0.8292166614318623
vn -0.41523136951668294 -0.32683240152801224 -0.8489779096541513
vn -0.9200735879896924 -0.027296487716365142 -0.39079341657981403
vn -0.9200741750924699 0.2818188814070859 0.27210591763203124
vn -0.4152321184456208 0.4402715544647657 0.7960799244676007
vn 0.346919121832657 0.353526326555461 0.8687152924514795
vn 0.9110889867741889 0.05820553645590044 0.40807961686987365
vn 0.8731988089304279 -0.4242027410138557 -0.23994973348352294
vn 0.8731988089304279 -0.4242027410138557 -0.23994973348352294
vn 0.7995894295794153 -0.5759981090563182 -0.1699497645435584
vn 0.7995894295794153 -0.5759981090563182 -0.1699497645435584
vn 0.32482023928811926 -0.4934833180913321 -0.8068246568582161
vn 0.29436667940862654 -0.5482380197797581 -0.7828047851935425
vn -0.40800552761271214 -0.25371090207868346 -0.8770189665018042
vn -0.3802873140688168 -0.1831978986185033 -0.9065429326292769
vn -0.8817782663981693 0.12450123948156312 -0.4549357430180594
vn -0.8113567294394574 0.2693438550320822 -0.5188006797892267
vn -0.8817784389464332 0.42852799156338145 0.1970546752955793
vn -0.8113566193029622 0.5705551015956406 0.12715074658238
vn -0.40800444796198065 0.5087555462886189 0.7580898129930308
vn -0.3803790053842039 0.5765517710822003 0.7231181559917452
vn 0.3248191876517281 0.30085973121872894 0.896647041741769
vn 0.2942313432679507 0.24705300224120552 0.9232511742328543
vn 0.8731992058584643 -0.08885825704007641 0.4791944877019634
vn 0.7995881758728273 -0.24005549019407565 0.5504835243965495
vn 0.6916755133103687 -0.7144924087436713 -0.10528809113334868
vn 0.6916755133103687 -0.7144924087436713 -0.10528809113334868
vn 0.5558023012940135 -0.8297140235470993 -0.05156007181494459
vn 0.5558023012940135 -0.8297140235470993 -0.05156007181494459
vn 0.2540794656300652 -0.5986456977820983 -0.7596492306796112
vn 0.20417280154123307 -0.6409684780365288 -0.7399141012809122
vn -0.3314460163200176 -0.11764396100437674 -0.9361108036470849
vn -0.266336098389745 -0.0624328630684056 -0.9618561328512751
vn -0.7045510612303267 0.4065558980458029 -0.5816529067093114
vn -0.5661479349678407 0.5239226328445407 -0.6363816390538733
vn -0.7045572001078089 0.7068946557249425 0.0624427536529258
vn -0.5661403574264642 0.8242728168679803 0.007708376324528104
vn -0.3314586103664913 0.6414714091623077 0.6918450844237009
vn -0.2663397890269805 0.6966924932256455 0.6660951033179101
vn 0.25407545005745297 0.19712005017713138 0.9468840221992703
vn 0.20416055551629672 0.15479100828676745 0.9666220622998645
vn 0.6916806969156158 -0.37860600645270687 0.6150083783106216
vn 0.555794415836429 -0.4938400369800611 0.668741044949818
vn 0.3974465744380983 -0.9175665508822248 -0.010384852888647232
vn 0.3974465744380983 -0.9175665508822248 -0.010384852888647232
vn 0.23391144405332526 -0.9721143973023536 0.016704337711195453
vn 0.23391144405332526 -0.9721143973023536 0.016704337711195453
vn 0.14690732193941297 -0.6742002018273465 -0.7237902504293318
vn 0.08864328960539739 -0.6986245473785614 -0.7099761327030888
vn -0.19203124466439658 -0.024269639846705975 -0.9810886736958866
vn -0.11768099619298095 -0.008558424155983036 -0.9930145701403348
vn -0.41056032044416274 0.6097432685182371 -0.6779774109610758
vn -0.2569019936170122 0.6597668723154777 -0.7061933445386303
vn -0.4105622450265512 0.9112954029611083 -0.03129427265026574
vn -0.2569025674011787 0.9650653296725371 -0.05147795962079364
vn -0.19180810882788893 0.7360565256060096 0.6491767405727643
vn -0.11768368624200914 0.7551906104107261 0.6448547836063304
vn 0.1472912430060241 0.12126068020039779 0.9816318745696256
vn 0.08864596055686576 0.09480706142015785 0.991540979880219
vn 0.3974461377236056 -0.581847089182767 0.7095706676703385
vn 0.2339114538781763 -0.637659905161765 0.7339450095842921
vn 0.11655295155184618 -0.992712690963187 0.030609192821451112
vn 0.11655295155184618 -0.992712690963187 0.030609192821451112
vn 0.04596358948771782 -0.7149028242018391 -0.6977114735975313
vn -0.0611195601067866 -0.0107939094224674 -0.9980720870216403
vn -0.14219703249718396 0.6733088010067817 -0.7255585864944366
vn -0.14763173531874726 0.9875151562441931 -0.05494257834123085
vn -0.06642241505870602 0.7519768170681045 0.6558345289552018
vn 0.04497976590033593 0.07653923313819669 0.9960514878509884
vn 0.11655283403082833 -0.6615513210518132 0.7407869373132755
vn 0.9110884866842605 0.1281838659411683 -0.39177374330570014
vn 0.3469195253589462 0.49900708967181834 -0.7941276770028766
vn -0.41523183563838706 0.5718192619511092 -0.7075346311906326
vn -0.9200744496648376 0.32478877435157066 -0.21903255267003213
vn -0.920073514304558 -0.09474126301946192 0.38011685223985714
vn -0.4152303243384445 -0.4692899737001998 0.7793270804574007
vn 0.34691856795207743 -0.5755661870573143 0.7405208110015441
vn 0.911088539125229 -0.32430516010180516 0.25444810277539626
vn 0.911088539125229 -0.32430516010180516 0.25444810277539626
vn 0.8731983368934253 -0.0042994674614794375 -0.48734605674623427
vn 0.7995887463468201 -0.1408220391948029 -0.5838038968630973
vn 0.3248181054681093 0.45198909748966437 -0.8307821941463277
vn 0.2943230685419676 0.4038404087521627 -0.8661910040995153
vn -0.40800623160155597 0.6326646372285384 -0.6582297256845664
vn -0.38028811044632305 0.693490236672133 -0.6119250319226971
vn -0.88176079699824 0.4562572934912423 -0.1196961946474273
vn -0.8113567435174076 0.5839664652518067 -0.026141962629800553
vn -0.8817778817581344 0.04360990222223923 0.4696444864685462
vn -0.8113566721987082 0.1751618383321559 0.5576904884169512
vn -0.40800360980223493 -0.40214667842973145 0.8196408380603541
vn -0.3803777321908716 -0.33796321681405056 0.8608679602203979
vn 0.32481928102447205 -0.6260890042852033 0.7088758659934106
vn 0.2942329554974639 -0.6760323525175345 0.6755791783712958
vn 0.8731989687576128 -0.45942422149213036 0.16264361551254103
vn 0.8731989687576128 -0.45942422149213036 0.16264361551254103
vn 0.7995878841733939 -0.5967609572685395 0.06734668041597644
vn 0.7995878841733939 -0.5967609572685395 0.06734668041597644
vn 0.6916740854834247 -0.2660679114252053 -0.6714125601897075
vn 0.5558032425446128 -0.37020619926899123 -0.7443319995806322
vn 0.2540794580190043 0.3585517363017454 -0.8982673774593912
vn 0.2041643326913912 0.3202929066951482 -0.9250564194563766
vn -0.33144716534568736 0.7518732718694228 -0.5699380313969911
vn -0.26633779436867605 0.8017754326693675 -0.534995640037073
vn -0.7045516586552534 0.7070035551900659 0.06126118864941089
vn -0.5661510398492802 0.8130820040775203 0.1355383883734136
vn -0.7045574100824251 0.2993692420535855 0.6434103766727786
vn -0.5661406318549403 0.40546058186982714 0.7176952706495077
vn -0.3314582399528079 -0.27841997079857544 0.9014531352366063
vn -0.2663398250696846 -0.22850930181585397 0.9364008738598446
vn 0.2540752004444134 -0.7214657694932284 0.6441528824500243
vn 0.2041632818405869 -0.759723599002995 0.6173632702599154
vn 0.6916797564144906 -0.72191677463281 -0.020378544358007785
vn 0.6916797564144906 -0.72191677463281 -0.020378544358007785
vn 0.5557950278270067 -0.8260663954713686 -0.09330700571616994
vn 0.5557950278270067 -0.8260663954713686 -0.09330700571616994
vn 0.3974453878774035 -0.4497919501283001 -0.7998277097317655
vn 0.2339124785160946 -0.5005242412799017 -0.8335229068751717
vn 0.14690733928689714 0.2897213893426412 -0.9457693958999804
vn 0.08864325754577534 0.2655448160186497 -0.9600147517498338
vn -0.1920311075344612 0.8375125838873879 -0.5115630220895167
vn -0.1176802085959484 0.8556958614944712 -0.5039205900993219
vn -0.41057083188293664 0.8920013943161078 0.1891166426972335
vn -0.2569022021630223 0.9414647242184595 0.218278335104631
vn -0.0034510894632629164 -0.09530394768849644 0.9954422371672325
vn 0.003665751782576228 -0.09572977585702645 0.9954006089400549
f 287/287/287 295/295/295 296/296/296
f 287/287/287 296/296/296 286/286/286
f 287/287/287 286/286/286 299/299/299
f 287/287/287 299/299/299 300/300/300
f 286/286/286 296/296/296 297/297/297
f 286/286/286 297/297/297 288/288/288
f 286/286/286 288/288/288 298/298/298
f 286/286/286 298/298/298 299/299/299
f 649/649/649 288/288/288 297/297/297
f 649/649/649 297/297/297 650/650/650
f 648/648/648 298/298/298 288/288/288
f 648/648/648 288/288/288 649/649/649
f 1137/1137/1137 1111/1111/1111 1269/1269/1269
f 1137/1137/1137 1269/1269/1269 1270/1270/1270
f 1137/1137/1137 1138/1138/1138 1112/1112/1112
f 1137/1137/1137 1112/1112/1112 1111/1111/1111
f 718/718/718 1111/1111/1111 1112/1112/1112
f 718/718/718 1112/1112/1112 719/719/719
f 1138/1138/1138 1139/1139/1139 1113/1113/1113
f 1138/1138/1138 1113/1113/1113 1112/1112/1112
f 719/719/719 1112/1112/1112 1113/1113/1113
f 719/719/719 1113/1113/1113 720/720/720
f 1150/1150/1150 1149/1149/1149 1114/1114/1114
f 1150/1150/1150 1114/1114/1114 1115/1115/1115
f 738/738/738 1115/1115/1115 1114/1114/1114
f 738/738/738 1114/1114/1114 739/739/739
f 1149/1149/1149 1151/1151/1151 1116/1116/1116
f 1149/1149/1149 1116/1116/1116 1114/1114/1114
f 739/739/739 1114/1114/1114 1116/1116/1116
f 739/739/739 1116/1116/1116 740/740/740
f 334/334/334 289/289/289 595/595/595
f 334/334/334 595/595/595 596/596/596
f 335/335/335 290/290/290 289/289/289
f 335/335/335 289/289/289 334/334/334
f 289/289/289 290/290/290 518/518/518
f 289/289/289 518/518/518 519/519/519
f 336/336/336 291/291/291 290/290/290
f 336/336/336 290/290/290 335/335/335
f 290/290/290 291/291/291 517/517/517
f 290/290/290 517/517/517 518/518/518
f 338/338/338 292/292/292 293/293/293
f 338/338/338 293/293/293 337/337/337
f 293/293/293 292/292/292 172/172/172
f 293/293/293 172/172/172 171/171/171
f 339/339/339 294/294/294 292/292/292
f 339/339/339 292/292/292 338/338/338
f 292/292/292 294/294/294 173/173/173
f 292/292/292 173/173/173 172/172/172
f 63/63/63 296/296/296 295/295/295
f 63/63/63 295/295/295 62/62/62
f 297/297/297 296/296/296 63/63/63
f 297/297/297 63/63/63 64/64/64
f 647/647/647 307/307/307 298/298/298
f 647/647/647 298/298/298 648/648/648
f 300/300/300 299/299/299 308/308/308
f 300/300/300 308/308/308 309/309/309
f 299/299/299 298/298/298 307/307/307
f 299/299/299 307/307/307 308/308/308
f 303/303/303 302/302/302 46/46/46
f 303/303/303 46/46/46 47/47/47
f 46/46/46 302/302/302 301/301/301
f 46/46/46 301/301/301 45/45/45
f 302/302/302 305/305/305 304/304/304
f 302/302/302 304/304/304 301/301/301
f 305/305/305 302/302/302 303/303/303
f 305/305/305 303/303/303 306/306/306
f 646/646/646 313/313/313 307/307/307
f 646/646/646 307/307/307 647/647/647
f 309/309/309 308/308/308 314/314/314
f 309/309/309 314/314/314 315/315/315
f 308/308/308 307/307/307 313/313/313
f 308/308/308 313/313/313 314/314/314
f 304/304/304 305/305/305 311/311/311
f 304/304/304 311/311/311 310/310/310
f 311/311/311 305/305/305 306/306/306
f 311/311/311 306/306/306 312/312/312
f 645/645/645 319/319/319 313/313/313
f 645/645/645 313/313/313 646/646/646
f 315/315/315 314/314/314 320/320/320
f 315/315/315 320/320/320 321/321/321
f 314/314/314 313/313/313 319/319/319
f 314/314/314 319/319/319 320/320/320
f 310/310/310 311/311/311 317/317/317
f 310/310/310 317/317/317 316/316/316
f 317/317/317 311/311/311 312/312/312
f 317/317/317 312/312/312 318/318/318
f 708/708/708 1117/1117/1117 319/319/319
f 708/708/708 319/319/319 645/645/645
f 1119/1119/1119 321/321/321 320/320/320
f 1119/1119/1119 320/320/320 1118/1118/1118
f 1119/1119/1119 1118/1118/1118 2/2/2
f 1119/1119/1119 2/2/2 1/1/1
f 1118/1118/1118 320/320/320 319/319/319
f 1118/1118/1118 319/319/319 1117/1117/1117
f 2/2/2 1118/1118/1118 1117/1117/1117
f 2/2/2 1117/1117/1117 3/3/3
f 316/316/316 317/317/317 323/323/323
f 316/316/316 323/323/323 322/322/322
f 323/323/323 317/317/317 318/318/318
f 323/323/323 318/318/318 324/324/324
f 191/191/191 3/3/3 1117/1117/1117
f 191/191/191 1117/1117/1117 708/708/708
f 322/322/322 323/323/323 326/326/326
f 322/322/322 326/326/326 325/325/325
f 326/326/326 323/323/323 324/324/324
f 326/326/326 324/324/324 327/327/327
f 662/662/662 243/243/243 707/707/707
f 662/662/662 707/707/707 1487/1487/1487
f 1/1/1 2/2/2 1120/1120/1120
f 1/1/1 1120/1120/1120 1121/1121/1121
f 1121/1121/1121 1120/1120/1120 244/244/244
f 1121/1121/1121 244/244/244 226/226/226
f 1120/1120/1120 2/2/2 3/3/3
f 1120/1120/1120 3/3/3 707/707/707
f 244/244/244 1120/1120/1120 707/707/707
f 244/244/244 707/707/707 243/243/243
f 325/325/325 326/326/326 1123/1123/1123
f 325/325/325 1123/1123/1123 1122/1122/1122
f 1122/1122/1122 1123/1123/1123 5/5/5
f 1122/1122/1122 5/5/5 6/6/6
f 5/5/5 1123/1123/1123 1124/1124/1124
f 5/5/5 1124/1124/1124 4/4/4
f 1123/1123/1123 326/326/326 327/327/327
f 1123/1123/1123 327/327/327 1124/1124/1124
f 1125/1125/1125 6/6/6 5/5/5
f 1125/1125/1125 5/5/5 1126/1126/1126
f 1126/1126/1126 5/5/5 4/4/4
f 1126/1126/1126 4/4/4 1127/1127/1127
f 1125/1125/1125 1126/1126/1126 241/241/241
f 1125/1125/1125 241/241/241 242/242/242
f 241/241/241 1126/1126/1126 1127/1127/1127
f 241/241/241 1127/1127/1127 240/240/240
f 1129/1129/1129 1128/1128/1128 500/500/500
f 1129/1129/1129 500/500/500 501/501/501
f 1130/1130/1130 1129/1129/1129 501/501/501
f 1130/1130/1130 501/501/501 502/502/502
f 1128/1128/1128 1131/1131/1131 1272/1272/1272
f 1128/1128/1128 1272/1272/1272 1273/1273/1273
f 1131/1131/1131 1128/1128/1128 1129/1129/1129
f 1131/1131/1131 1129/1129/1129 1132/1132/1132
f 1132/1132/1132 1129/1129/1129 1130/1130/1130
f 1132/1132/1132 1130/1130/1130 1133/1133/1133
f 1131/1131/1131 1134/1134/1134 1271/1271/1271
f 1131/1131/1131 1271/1271/1271 1272/1272/1272
f 1134/1134/1134 1131/1131/1131 1132/1132/1132
f 1134/1134/1134 1132/1132/1132 1135/1135/1135
f 1135/1135/1135 1132/1132/1132 1133/1133/1133
f 1135/1135/1135 1133/1133/1133 1136/1136/1136
f 1134/1134/1134 1137/1137/1137 1270/1270/1270
f 1134/1134/1134 1270/1270/1270 1271/1271/1271
f 1137/1137/1137 1134/1134/1134 1135/1135/1135
f 1137/1137/1137 1135/1135/1135 1138/1138/1138
f 1138/1138/1138 1135/1135/1135 1136/1136/1136
f 1138/1138/1138 1136/1136/1136 1139/1139/1139
f 1141/1141/1141 1140/1140/1140 156/156/156
f 1141/1141/1141 156/156/156 155/155/155
f 1142/1142/1142 1141/1141/1141 155/155/155
f 1142/1142/1142 155/155/155 154/154/154
f 500/500/500 1128/1128/1128 1273/1273/1273
f 1144/1144/1144 1140/1140/1140 1141/1141/1141
f 1144/1144/1144 1141/1141/1141 1143/1143/1143
f 1143/1143/1143 1141/1141/1141 1142/1142/1142
f 1143/1143/1143 1142/1142/1142 1145/1145/1145
f 1147/1147/1147 1144/1144/1144 1143/1143/1143
f 1147/1147/1147 1143/1143/1143 1146/1146/1146
f 1146/1146/1146 1143/1143/1143 1145/1145/1145
f 1146/1146/1146 1145/1145/1145 1148/1148/1148
f 1150/1150/1150 1147/1147/1147 1146/1146/1146
f 1150/1150/1150 1146/1146/1146 1149/1149/1149
f 1149/1149/1149 1146/1146/1146 1148/1148/1148
f 1149/1149/1149 1148/1148/1148 1151/1151/1151
f 297/297/297 64/64/64 204/204/204
f 297/297/297 204/204/204 650/650/650
f 221/221/221 329/329/329 328/328/328
f 221/221/221 328/328/328 222/222/222
f 220/220/220 330/330/330 329/329/329
f 220/220/220 329/329/329 221/221/221
f 328/328/328 331/331/331 597/597/597
f 328/328/328 597/597/597 598/598/598
f 331/331/331 328/328/328 329/329/329
f 331/331/331 329/329/329 332/332/332
f 332/332/332 329/329/329 330/330/330
f 332/332/332 330/330/330 333/333/333
f 331/331/331 334/334/334 596/596/596
f 331/331/331 596/596/596 597/597/597
f 335/335/335 334/334/334 331/331/331
f 335/335/335 331/331/331 332/332/332
f 336/336/336 335/335/335 332/332/332
f 336/336/336 332/332/332 333/333/333
f 341/341/341 338/338/338 337/337/337
f 341/341/341 337/337/337 340/340/340
f 342/342/342 339/339/339 338/338/338
f 342/342/342 338/338/338 341/341/341
f 344/344/344 341/341/341 340/340/340
f 344/344/344 340/340/340 343/343/343
f 345/345/345 342/342/342 341/341/341
f 345/345/345 341/341/341 344/344/344
f 224/224/224 344/344/344 343/343/343
f 224/224/224 343/343/343 206/206/206
f 638/638/638 345/345/345 223/223/223
f 638/638/638 223/223/223 656/656/656
f 223/223/223 345/345/345 344/344/344
f 223/223/223 344/344/344 224/224/224
f 499/499/499 45/45/45 301/301/301
f 499/499/499 301/301/301 590/590/590
f 486/486/486 1152/1152/1152 1122/1122/1122
f 486/486/486 1122/1122/1122 6/6/6
f 1152/1152/1152 585/585/585 325/325/325
f 1152/1152/1152 325/325/325 1122/1122/1122
f 325/325/325 585/585/585 586/586/586
f 325/325/325 586/586/586 322/322/322
f 322/322/322 586/586/586 587/587/587
f 322/322/322 587/587/587 316/316/316
f 316/316/316 587/587/587 588/588/588
f 316/316/316 588/588/588 310/310/310
f 310/310/310 588/588/588 589/589/589
f 310/310/310 589/589/589 304/304/304
f 304/304/304 589/589/589 590/590/590
f 304/304/304 590/590/590 301/301/301
f 509/509/509 1258/1258/1258 1158/1158/1158
f 358/358/358 593/593/593 594/594/594
f 358/358/358 594/594/594 357/357/357
f 359/359/359 592/592/592 593/593/593
f 359/359/359 593/593/593 358/358/358
f 591/591/591 592/592/592 359/359/359
f 591/591/591 359/359/359 360/360/360
f 346/346/346 54/54/54 263/263/263
f 346/346/346 263/263/263 663/663/663
f 365/365/365 346/346/346 663/663/663
f 365/365/365 663/663/663 664/664/664
f 1154/1154/1154 1155/1155/1155 1261/1261/1261
f 1154/1154/1154 1261/1261/1261 1262/1262/1262
f 1155/1155/1155 1156/1156/1156 1260/1260/1260
f 1155/1155/1155 1260/1260/1260 1261/1261/1261
f 1156/1156/1156 1157/1157/1157 1259/1259/1259
f 1156/1156/1156 1259/1259/1259 1260/1260/1260
f 1157/1157/1157 1158/1158/1158 1258/1258/1258
f 1157/1157/1157 1258/1258/1258 1259/1259/1259
f 1498/1498/1498 657/657/657 690/690/690
f 353/353/353 354/354/354 632/632/632
f 353/353/353 632/632/632 631/631/631
f 354/354/354 355/355/355 633/633/633
f 354/354/354 633/633/633 632/632/632
f 355/355/355 356/356/356 634/634/634
f 355/355/355 634/634/634 633/633/633
f 356/356/356 164/164/164 634/634/634
f 591/591/591 360/360/360 213/213/213
f 591/591/591 213/213/213 653/653/653
f 659/659/659 233/233/233 1166/1166/1166
f 659/659/659 1166/1166/1166 1497/1497/1497
f 276/276/276 1497/1497/1497 1166/1166/1166
f 276/276/276 1166/1166/1166 8/8/8
f 276/276/276 8/8/8 1167/1167/1167
f 276/276/276 1167/1167/1167 1153/1153/1153
f 1153/1153/1153 1167/1167/1167 361/361/361
f 1153/1153/1153 361/361/361 668/668/668
f 361/361/361 362/362/362 667/667/667
f 361/361/361 667/667/667 668/668/668
f 362/362/362 363/363/363 666/666/666
f 362/362/362 666/666/666 667/667/667
f 363/363/363 364/364/364 665/665/665
f 363/363/363 665/665/665 666/666/666
f 364/364/364 365/365/365 664/664/664
f 364/364/364 664/664/664 665/665/665
f 367/367/367 366/366/366 365/365/365
f 367/367/367 365/365/365 364/364/364
f 346/346/346 365/365/365 366/366/366
f 346/346/346 366/366/366 371/371/371
f 368/368/368 367/367/367 364/364/364
f 368/368/368 364/364/364 363/363/363
f 369/369/369 368/368/368 363/363/363
f 369/369/369 363/363/363 362/362/362
f 370/370/370 369/369/369 362/362/362
f 370/370/370 362/362/362 361/361/361
f 1168/1168/1168 1167/1167/1167 8/8/8
f 1168/1168/1168 8/8/8 11/11/11
f 1168/1168/1168 370/370/370 361/361/361
f 1168/1168/1168 361/361/361 1167/1167/1167
f 1169/1169/1169 1166/1166/1166 233/233/233
f 1169/1169/1169 233/233/233 234/234/234
f 11/11/11 8/8/8 1166/1166/1166
f 11/11/11 1166/1166/1166 1169/1169/1169
f 1171/1171/1171 1170/1170/1170 1158/1158/1158
f 1171/1171/1171 1158/1158/1158 1157/1157/1157
f 1158/1158/1158 1170/1170/1170 508/508/508
f 1158/1158/1158 508/508/508 509/509/509
f 1172/1172/1172 1171/1171/1171 1157/1157/1157
f 1172/1172/1172 1157/1157/1157 1156/1156/1156
f 1173/1173/1173 1172/1172/1172 1156/1156/1156
f 1173/1173/1173 1156/1156/1156 1155/1155/1155
f 1174/1174/1174 1173/1173/1173 1155/1155/1155
f 1174/1174/1174 1155/1155/1155 1154/1154/1154
f 726/726/726 1174/1174/1174 1154/1154/1154
f 726/726/726 1154/1154/1154 727/727/727
f 53/53/53 54/54/54 346/346/346
f 53/53/53 346/346/346 371/371/371
f 211/211/211 372/372/372 353/353/353
f 211/211/211 353/353/353 212/212/212
f 353/353/353 372/372/372 373/373/373
f 353/353/353 373/373/373 354/354/354
f 354/354/354 373/373/373 374/374/374
f 354/354/354 374/374/374 355/355/355
f 355/355/355 374/374/374 375/375/375
f 355/355/355 375/375/375 356/356/356
f 164/164/164 356/356/356 375/375/375
f 164/164/164 375/375/375 165/165/165
f 231/231/231 232/232/232 1165/1165/1165
f 231/231/231 1165/1165/1165 1181/1181/1181
f 1160/1160/1160 1159/1159/1159 1175/1175/1175
f 1160/1160/1160 1175/1175/1175 1176/1176/1176
f 1161/1161/1161 1160/1160/1160 1176/1176/1176
f 1161/1161/1161 1176/1176/1176 1177/1177/1177
f 1162/1162/1162 1161/1161/1161 1177/1177/1177
f 1162/1162/1162 1177/1177/1177 1178/1178/1178
f 1163/1163/1163 1162/1162/1162 1178/1178/1178
f 1163/1163/1163 1178/1178/1178 1179/1179/1179
f 731/731/731 1163/1163/1163 1179/1179/1179
f 731/731/731 1179/1179/1179 732/732/732
f 376/376/376 347/347/347 55/55/55
f 376/376/376 55/55/55 56/56/56
f 348/348/348 347/347/347 376/376/376
f 348/348/348 376/376/376 377/377/377
f 349/349/349 348/348/348 377/377/377
f 349/349/349 377/377/377 378/378/378
f 350/350/350 349/349/349 378/378/378
f 350/350/350 378/378/378 379/379/379
f 351/351/351 350/350/350 379/379/379
f 351/351/351 379/379/379 380/380/380
f 352/352/352 351/351/351 380/380/380
f 352/352/352 380/380/380 381/381/381
f 1164/1164/1164 352/352/352 381/381/381
f 1164/1164/1164 381/381/381 1180/1180/1180
f 14/14/14 7/7/7 1164/1164/1164
f 14/14/14 1164/1164/1164 1180/1180/1180
f 1165/1165/1165 7/7/7 14/14/14
f 1165/1165/1165 14/14/14 1181/1181/1181
f 358/358/358 357/357/357 382/382/382
f 358/358/358 382/382/382 383/383/383
f 359/359/359 358/358/358 383/383/383
f 359/359/359 383/383/383 384/384/384
f 360/360/360 359/359/359 384/384/384
f 360/360/360 384/384/384 385/385/385
f 366/366/366 367/367/367 388/388/388
f 366/366/366 388/388/388 386/386/386
f 386/386/386 388/388/388 389/389/389
f 386/386/386 389/389/389 387/387/387
f 388/388/388 367/367/367 368/368/368
f 388/388/388 368/368/368 394/394/394
f 389/389/389 388/388/388 394/394/394
f 389/389/389 394/394/394 395/395/395
f 390/390/390 392/392/392 377/377/377
f 390/390/390 377/377/377 376/376/376
f 392/392/392 390/390/390 391/391/391
f 392/392/392 391/391/391 393/393/393
f 394/394/394 368/368/368 369/369/369
f 394/394/394 369/369/369 398/398/398
f 395/395/395 394/394/394 398/398/398
f 395/395/395 398/398/398 399/399/399
f 377/377/377 392/392/392 396/396/396
f 377/377/377 396/396/396 378/378/378
f 396/396/396 392/392/392 393/393/393
f 396/396/396 393/393/393 397/397/397
f 398/398/398 369/369/369 370/370/370
f 398/398/398 370/370/370 402/402/402
f 399/399/399 398/398/398 402/402/402
f 399/399/399 402/402/402 403/403/403
f 378/378/378 396/396/396 400/400/400
f 378/378/378 400/400/400 379/379/379
f 400/400/400 396/396/396 397/397/397
f 400/400/400 397/397/397 401/401/401
f 1182/1182/1182 402/402/402 370/370/370
f 1182/1182/1182 370/370/370 1168/1168/1168
f 1182/1182/1182 1168/1168/1168 11/11/11
f 1182/1182/1182 11/11/11 10/10/10
f 1183/1183/1183 403/403/403 402/402/402
f 1183/1183/1183 402/402/402 1182/1182/1182
f 1183/1183/1183 1182/1182/1182 10/10/10
f 1183/1183/1183 10/10/10 9/9/9
f 379/379/379 400/400/400 404/404/404
f 379/379/379 404/404/404 380/380/380
f 404/404/404 400/400/400 401/401/401
f 404/404/404 401/401/401 405/405/405
f 380/380/380 404/404/404 406/406/406
f 380/380/380 406/406/406 381/381/381
f 406/406/406 404/404/404 405/405/405
f 406/406/406 405/405/405 407/407/407
f 11/11/11 1169/1169/1169 1184/1184/1184
f 11/11/11 1184/1184/1184 10/10/10
f 1184/1184/1184 1169/1169/1169 234/234/234
f 1184/1184/1184 234/234/234 235/235/235
f 9/9/9 10/10/10 1184/1184/1184
f 9/9/9 1184/1184/1184 1185/1185/1185
f 1185/1185/1185 1184/1184/1184 235/235/235
f 1185/1185/1185 235/235/235 236/236/236
f 381/381/381 406/406/406 1186/1186/1186
f 381/381/381 1186/1186/1186 1180/1180/1180
f 14/14/14 1180/1180/1180 1186/1186/1186
f 14/14/14 1186/1186/1186 13/13/13
f 13/13/13 1186/1186/1186 1187/1187/1187
f 13/13/13 1187/1187/1187 12/12/12
f 1186/1186/1186 406/406/406 407/407/407
f 1186/1186/1186 407/407/407 1187/1187/1187
f 1181/1181/1181 14/14/14 13/13/13
f 1181/1181/1181 13/13/13 1188/1188/1188
f 1188/1188/1188 13/13/13 12/12/12
f 1188/1188/1188 12/12/12 1189/1189/1189
f 231/231/231 1181/1181/1181 1188/1188/1188
f 231/231/231 1188/1188/1188 230/230/230
f 230/230/230 1188/1188/1188 1189/1189/1189
f 230/230/230 1189/1189/1189 229/229/229
f 366/366/366 386/386/386 408/408/408
f 366/366/366 408/408/408 371/371/371
f 408/408/408 386/386/386 387/387/387
f 408/408/408 387/387/387 409/409/409
f 376/376/376 56/56/56 57/57/57
f 376/376/376 57/57/57 390/390/390
f 390/390/390 57/57/57 58/58/58
f 390/390/390 58/58/58 391/391/391
f 1192/1192/1192 1190/1190/1190 1170/1170/1170
f 1192/1192/1192 1170/1170/1170 1171/1171/1171
f 1193/1193/1193 1191/1191/1191 1190/1190/1190
f 1193/1193/1193 1190/1190/1190 1192/1192/1192
f 1194/1194/1194 1192/1192/1192 1171/1171/1171
f 1194/1194/1194 1171/1171/1171 1172/1172/1172
f 1195/1195/1195 1193/1193/1193 1192/1192/1192
f 1195/1195/1195 1192/1192/1192 1194/1194/1194
f 1196/1196/1196 1194/1194/1194 1172/1172/1172
f 1196/1196/1196 1172/1172/1172 1173/1173/1173
f 1197/1197/1197 1195/1195/1195 1194/1194/1194
f 1197/1197/1197 1194/1194/1194 1196/1196/1196
f 1198/1198/1198 1196/1196/1196 1173/1173/1173
f 1198/1198/1198 1173/1173/1173 1174/1174/1174
f 1199/1199/1199 1197/1197/1197 1196/1196/1196
f 1199/1199/1199 1196/1196/1196 1198/1198/1198
f 725/725/725 1198/1198/1198 1174/1174/1174
f 725/725/725 1174/1174/1174 726/726/726
f 724/724/724 1199/1199/1199 1198/1198/1198
f 724/724/724 1198/1198/1198 725/725/725
f 52/52/52 53/53/53 371/371/371
f 52/52/52 371/371/371 408/408/408
f 51/51/51 52/52/52 408/408/408
f 51/51/51 408/408/408 409/409/409
f 1190/1190/1190 507/507/507 508/508/508
f 1190/1190/1190 508/508/508 1170/1170/1170
f 1191/1191/1191 506/506/506 507/507/507
f 1191/1191/1191 507/507/507 1190/1190/1190
f 1200/1200/1200 1175/1175/1175 162/162/162
f 1200/1200/1200 162/162/162 161/161/161
f 1201/1201/1201 1200/1200/1200 161/161/161
f 1201/1201/1201 161/161/161 160/160/160
f 1176/1176/1176 1175/1175/1175 1200/1200/1200
f 1176/1176/1176 1200/1200/1200 1202/1202/1202
f 1202/1202/1202 1200/1200/1200 1201/1201/1201
f 1202/1202/1202 1201/1201/1201 1203/1203/1203
f 1177/1177/1177 1176/1176/1176 1202/1202/1202
f 1177/1177/1177 1202/1202/1202 1204/1204/1204
f 1204/1204/1204 1202/1202/1202 1203/1203/1203
f 1204/1204/1204 1203/1203/1203 1205/1205/1205
f 1178/1178/1178 1177/1177/1177 1204/1204/1204
f 1178/1178/1178 1204/1204/1204 1206/1206/1206
f 1206/1206/1206 1204/1204/1204 1205/1205/1205
f 1206/1206/1206 1205/1205/1205 1207/1207/1207
f 1179/1179/1179 1178/1178/1178 1206/1206/1206
f 1179/1179/1179 1206/1206/1206 1208/1208/1208
f 1208/1208/1208 1206/1206/1206 1207/1207/1207
f 1208/1208/1208 1207/1207/1207 1209/1209/1209
f 410/410/410 382/382/382 511/511/511
f 410/410/410 511/511/511 512/512/512
f 411/411/411 410/410/410 512/512/512
f 411/411/411 512/512/512 513/513/513
f 383/383/383 382/382/382 410/410/410
f 383/383/383 410/410/410 412/412/412
f 412/412/412 410/410/410 411/411/411
f 412/412/412 411/411/411 413/413/413
f 384/384/384 383/383/383 412/412/412
f 384/384/384 412/412/412 414/414/414
f 414/414/414 412/412/412 413/413/413
f 414/414/414 413/413/413 415/415/415
f 385/385/385 384/384/384 414/414/414
f 385/385/385 414/414/414 416/416/416
f 416/416/416 414/414/414 415/415/415
f 416/416/416 415/415/415 417/417/417
f 372/372/372 211/211/211 210/210/210
f 372/372/372 210/210/210 418/418/418
f 418/418/418 210/210/210 209/209/209
f 418/418/418 209/209/209 419/419/419
f 373/373/373 372/372/372 418/418/418
f 373/373/373 418/418/418 420/420/420
f 420/420/420 418/418/418 419/419/419
f 420/420/420 419/419/419 421/421/421
f 374/374/374 373/373/373 420/420/420
f 374/374/374 420/420/420 422/422/422
f 422/422/422 420/420/420 421/421/421
f 422/422/422 421/421/421 423/423/423
f 375/375/375 374/374/374 422/422/422
f 375/375/375 422/422/422 424/424/424
f 424/424/424 422/422/422 423/423/423
f 424/424/424 423/423/423 425/425/425
f 428/428/428 426/426/426 295/295/295
f 428/428/428 295/295/295 287/287/287
f 62/62/62 295/295/295 426/426/426
f 62/62/62 426/426/426 61/61/61
f 306/306/306 303/303/303 427/427/427
f 306/306/306 427/427/427 429/429/429
f 427/427/427 303/303/303 47/47/47
f 427/427/427 47/47/47 48/48/48
f 430/430/430 428/428/428 287/287/287
f 430/430/430 287/287/287 300/300/300
f 312/312/312 306/306/306 429/429/429
f 312/312/312 429/429/429 431/431/431
f 432/432/432 430/430/430 300/300/300
f 432/432/432 300/300/300 309/309/309
f 318/318/318 312/312/312 431/431/431
f 318/318/318 431/431/431 433/433/433
f 434/434/434 432/432/432 309/309/309
f 434/434/434 309/309/309 315/315/315
f 324/324/324 318/318/318 433/433/433
f 324/324/324 433/433/433 435/435/435
f 436/436/436 434/434/434 315/315/315
f 436/436/436 315/315/315 321/321/321
f 327/327/327 324/324/324 435/435/435
f 327/327/327 435/435/435 437/437/437
f 1210/1210/1210 1119/1119/1119 1/1/1
f 1210/1210/1210 1/1/1 18/18/18
f 1210/1210/1210 436/436/436 321/321/321
f 1210/1210/1210 321/321/321 1119/1119/1119
f 4/4/4 1124/1124/1124 1211/1211/1211
f 4/4/4 1211/1211/1211 15/15/15
f 1124/1124/1124 327/327/327 437/437/437
f 1124/1124/1124 437/437/437 1211/1211/1211
f 18/18/18 1/1/1 1121/1121/1121
f 18/18/18 1121/1121/1121 1212/1212/1212
f 1212/1212/1212 1121/1121/1121 226/226/226
f 1212/1212/1212 226/226/226 225/225/225
f 1127/1127/1127 4/4/4 15/15/15
f 1127/1127/1127 15/15/15 1213/1213/1213
f 240/240/240 1127/1127/1127 1213/1213/1213
f 240/240/240 1213/1213/1213 239/239/239
f 1214/1214/1214 1130/1130/1130 502/502/502
f 1214/1214/1214 502/502/502 503/503/503
f 1133/1133/1133 1130/1130/1130 1214/1214/1214
f 1133/1133/1133 1214/1214/1214 1215/1215/1215
f 1136/1136/1136 1133/1133/1133 1215/1215/1215
f 1136/1136/1136 1215/1215/1215 1216/1216/1216
f 1139/1139/1139 1136/1136/1136 1216/1216/1216
f 1139/1139/1139 1216/1216/1216 1217/1217/1217
f 1113/1113/1113 1139/1139/1139 1217/1217/1217
f 1113/1113/1113 1217/1217/1217 1218/1218/1218
f 720/720/720 1113/1113/1113 1218/1218/1218
f 720/720/720 1218/1218/1218 721/721/721
f 1220/1220/1220 1219/1219/1219 1140/1140/1140
f 1220/1220/1220 1140/1140/1140 1144/1144/1144
f 1221/1221/1221 1220/1220/1220 1144/1144/1144
f 1221/1221/1221 1144/1144/1144 1147/1147/1147
f 1222/1222/1222 1221/1221/1221 1147/1147/1147
f 1222/1222/1222 1147/1147/1147 1150/1150/1150
f 1223/1223/1223 1222/1222/1222 1150/1150/1150
f 1223/1223/1223 1150/1150/1150 1115/1115/1115
f 438/438/438 516/516/516 517/517/517
f 438/438/438 517/517/517 291/291/291
f 439/439/439 438/438/438 291/291/291
f 439/439/439 291/291/291 336/336/336
f 441/441/441 439/439/439 336/336/336
f 441/441/441 336/336/336 333/333/333
f 440/440/440 441/441/441 333/333/333
f 440/440/440 333/333/333 330/330/330
f 337/337/337 293/293/293 442/442/442
f 337/337/337 442/442/442 443/443/443
f 340/340/340 337/337/337 443/443/443
f 340/340/340 443/443/443 445/445/445
f 343/343/343 340/340/340 445/445/445
f 343/343/343 445/445/445 444/444/444
f 409/409/409 387/387/387 447/447/447
f 409/409/409 447/447/447 469/469/469
f 447/447/447 387/387/387 389/389/389
f 447/447/447 389/389/389 449/449/449
f 446/446/446 448/448/448 431/431/431
f 446/446/446 431/431/431 429/429/429
f 449/449/449 389/389/389 395/395/395
f 449/449/449 395/395/395 455/455/455
f 431/431/431 448/448/448 454/454/454
f 431/431/431 454/454/454 433/433/433
f 451/451/451 453/453/453 393/393/393
f 451/451/451 393/393/393 391/391/391
f 397/397/397 393/393/393 453/453/453
f 397/397/397 453/453/453 457/457/457
f 452/452/452 450/450/450 426/426/426
f 452/452/452 426/426/426 428/428/428
f 455/455/455 395/395/395 399/399/399
f 455/455/455 399/399/399 459/459/459
f 433/433/433 454/454/454 458/458/458
f 433/433/433 458/458/458 435/435/435
f 401/401/401 397/397/397 457/457/457
f 401/401/401 457/457/457 461/461/461
f 456/456/456 452/452/452 428/428/428
f 456/456/456 428/428/428 430/430/430
f 459/459/459 399/399/399 403/403/403
f 459/459/459 403/403/403 462/462/462
f 435/435/435 458/458/458 463/463/463
f 435/435/435 463/463/463 437/437/437
f 405/405/405 401/401/401 461/461/461
f 405/405/405 461/461/461 465/465/465
f 460/460/460 456/456/456 430/430/430
f 460/460/460 430/430/430 432/432/432
f 1224/1224/1224 462/462/462 403/403/403
f 1224/1224/1224 403/403/403 1183/1183/1183
f 1224/1224/1224 1183/1183/1183 9/9/9
f 1224/1224/1224 9/9/9 16/16/16
f 1211/1211/1211 437/437/437 463/463/463
f 1211/1211/1211 463/463/463 1225/1225/1225
f 15/15/15 1211/1211/1211 1225/1225/1225
f 15/15/15 1225/1225/1225 17/17/17
f 407/407/407 405/405/405 465/465/465
f 407/407/407 465/465/465 466/466/466
f 464/464/464 460/460/460 432/432/432
f 464/464/464 432/432/432 434/434/434
f 12/12/12 1187/1187/1187 1226/1226/1226
f 12/12/12 1226/1226/1226 19/19/19
f 1187/1187/1187 407/407/407 466/466/466
f 1187/1187/1187 466/466/466 1226/1226/1226
f 467/467/467 464/464/464 434/434/434
f 467/467/467 434/434/434 436/436/436
f 9/9/9 1185/1185/1185 1228/1228/1228
f 9/9/9 1228/1228/1228 16/16/16
f 1228/1228/1228 1185/1185/1185 236/236/236
f 1228/1228/1228 236/236/236 237/237/237
f 1213/1213/1213 15/15/15 17/17/17
f 1213/1213/1213 17/17/17 1229/1229/1229
f 239/239/239 1213/1213/1213 1229/1229/1229
f 239/239/239 1229/1229/1229 238/238/238
f 20/20/20 1227/1227/1227 1210/1210/1210
f 20/20/20 1210/1210/1210 18/18/18
f 1227/1227/1227 467/467/467 436/436/436
f 1227/1227/1227 436/436/436 1210/1210/1210
f 1189/1189/1189 12/12/12 19/19/19
f 1189/1189/1189 19/19/19 1230/1230/1230
f 1231/1231/1231 20/20/20 18/18/18
f 1231/1231/1231 18/18/18 1212/1212/1212
f 229/229/229 1189/1189/1189 1230/1230/1230
f 229/229/229 1230/1230/1230 227/227/227
f 228/228/228 1231/1231/1231 1212/1212/1212
f 228/228/228 1212/1212/1212 225/225/225
f 468/468/468 446/446/446 429/429/429
f 468/468/468 429/429/429 427/427/427
f 391/391/391 58/58/58 60/60/60
f 391/391/391 60/60/60 451/451/451
f 450/450/450 59/59/59 61/61/61
f 450/450/450 61/61/61 426/426/426
f 1237/1237/1237 1233/1233/1233 1193/1193/1193
f 1237/1237/1237 1193/1193/1193 1195/1195/1195
f 1216/1216/1216 1215/1215/1215 1232/1232/1232
f 1216/1216/1216 1232/1232/1232 1236/1236/1236
f 1233/1233/1233 1235/1235/1235 1191/1191/1191
f 1233/1233/1233 1191/1191/1191 1193/1193/1193
f 1234/1234/1234 1232/1232/1232 1215/1215/1215
f 1234/1234/1234 1215/1215/1215 1214/1214/1214
f 1239/1239/1239 1237/1237/1237 1195/1195/1195
f 1239/1239/1239 1195/1195/1195 1197/1197/1197
f 1217/1217/1217 1216/1216/1216 1236/1236/1236
f 1217/1217/1217 1236/1236/1236 1238/1238/1238
f 1241/1241/1241 1239/1239/1239 1197/1197/1197
f 1241/1241/1241 1197/1197/1197 1199/1199/1199
f 1218/1218/1218 1217/1217/1217 1238/1238/1238
f 1218/1218/1218 1238/1238/1238 1240/1240/1240
f 723/723/723 1241/1241/1241 1199/1199/1199
f 723/723/723 1199/1199/1199 724/724/724
f 721/721/721 1218/1218/1218 1240/1240/1240
f 721/721/721 1240/1240/1240 722/722/722
f 51/51/51 409/409/409 469/469/469
f 51/51/51 469/469/469 50/50/50
f 427/427/427 48/48/48 49/49/49
f 427/427/427 49/49/49 468/468/468
f 1243/1243/1243 1201/1201/1201 160/160/160
f 1243/1243/1243 160/160/160 159/159/159
f 1201/1201/1201 1243/1243/1243 1245/1245/1245
f 1201/1201/1201 1245/1245/1245 1203/1203/1203
f 1219/1219/1219 1242/1242/1242 158/158/158
f 1219/1219/1219 158/158/158 157/157/157
f 1235/1235/1235 505/505/505 506/506/506
f 1235/1235/1235 506/506/506 1191/1191/1191
f 1214/1214/1214 503/503/503 504/504/504
f 1214/1214/1214 504/504/504 1234/1234/1234
f 1203/1203/1203 1245/1245/1245 1247/1247/1247
f 1203/1203/1203 1247/1247/1247 1205/1205/1205
f 1244/1244/1244 1242/1242/1242 1219/1219/1219
f 1244/1244/1244 1219/1219/1219 1220/1220/1220
f 1205/1205/1205 1247/1247/1247 1249/1249/1249
f 1205/1205/1205 1249/1249/1249 1207/1207/1207
f 1246/1246/1246 1244/1244/1244 1220/1220/1220
f 1246/1246/1246 1220/1220/1220 1221/1221/1221
f 1207/1207/1207 1249/1249/1249 1251/1251/1251
f 1207/1207/1207 1251/1251/1251 1209/1209/1209
f 1248/1248/1248 1246/1246/1246 1221/1221/1221
f 1248/1248/1248 1221/1221/1221 1222/1222/1222
f 1250/1250/1250 1248/1248/1248 1222/1222/1222
f 1250/1250/1250 1222/1222/1222 1223/1223/1223
f 470/470/470 411/411/411 513/513/513
f 470/470/470 513/513/513 514/514/514
f 438/438/438 471/471/471 515/515/515
f 438/438/438 515/515/515 516/516/516
f 411/411/411 470/470/470 472/472/472
f 411/411/411 472/472/472 413/413/413
f 473/473/473 471/471/471 438/438/438
f 473/473/473 438/438/438 439/439/439
f 413/413/413 472/472/472 474/474/474
f 413/413/413 474/474/474 415/415/415
f 475/475/475 473/473/473 439/439/439
f 475/475/475 439/439/439 441/441/441
f 415/415/415 474/474/474 476/476/476
f 415/415/415 476/476/476 417/417/417
f 477/477/477 475/475/475 441/441/441
f 477/477/477 441/441/441 440/440/440
f 207/207/207 478/478/478 419/419/419
f 207/207/207 419/419/419 209/209/209
f 479/479/479 208/208/208 205/205/205
f 479/479/479 205/205/205 444/444/444
f 419/419/419 478/478/478 480/480/480
f 419/419/419 480/480/480 421/421/421
f 481/481/481 479/479/479 444/444/444
f 481/481/481 444/444/444 445/445/445
f 421/421/421 480/480/480 482/482/482
f 421/421/421 482/482/482 423/423/423
f 483/483/483 481/481/481 445/445/445
f 483/483/483 445/445/445 443/443/443
f 423/423/423 482/482/482 484/484/484
f 423/423/423 484/484/484 425/425/425
f 485/485/485 483/483/483 443/443/443
f 485/485/485 443/443/443 442/442/442
f 328/328/328 598/598/598 654/654/654
f 328/328/328 654/654/654 222/222/222
f 1267/1267/1267 1488/1488/1488 1264/1264/1264
f 1267/1267/1267 1264/1264/1264 520/520/520
f 486/486/486 21/21/21 1252/1252/1252
f 486/486/486 1252/1252/1252 1254/1254/1254
f 486/486/486 1254/1254/1254 1152/1152/1152
f 1152/1152/1152 1254/1254/1254 487/487/487
f 1152/1152/1152 487/487/487 585/585/585
f 586/586/586 585/585/585 487/487/487
f 586/586/586 487/487/487 489/489/489
f 587/587/587 586/586/586 489/489/489
f 587/587/587 489/489/489 491/491/491
f 588/588/588 587/587/587 491/491/491
f 588/588/588 491/491/491 493/493/493
f 589/589/589 588/588/588 493/493/493
f 589/589/589 493/493/493 495/495/495
f 590/590/590 589/589/589 495/495/495
f 590/590/590 495/495/495 497/497/497
f 499/499/499 590/590/590 497/497/497
f 499/499/499 497/497/497 1256/1256/1256
f 1256/1256/1256 43/43/43 499/499/499
f 575/575/575 500/500/500 1273/1273/1273
f 575/575/575 1273/1273/1273 1317/1317/1317
f 503/503/503 502/502/502 577/577/577
f 503/503/503 577/577/577 578/578/578
f 504/504/504 503/503/503 578/578/578
f 504/504/504 578/578/578 579/579/579
f 506/506/506 505/505/505 580/580/580
f 506/506/506 580/580/580 581/581/581
f 507/507/507 506/506/506 581/581/581
f 507/507/507 581/581/581 582/582/582
f 508/508/508 507/507/507 582/582/582
f 508/508/508 582/582/582 583/583/583
f 1261/1261/1261 1260/1260/1260 1304/1304/1304
f 1261/1261/1261 1304/1304/1304 1305/1305/1305
f 1262/1262/1262 1261/1261/1261 1305/1305/1305
f 1262/1262/1262 1305/1305/1305 1306/1306/1306
f 1101/1101/1101 1495/1495/1495 1263/1263/1263
f 1101/1101/1101 1263/1263/1263 279/279/279
f 611/611/611 591/591/591 653/653/653
f 611/611/611 653/653/653 652/652/652
f 592/592/592 591/591/591 611/611/611
f 592/592/592 611/611/611 612/612/612
f 593/593/593 592/592/592 612/612/612
f 593/593/593 612/612/612 613/613/613
f 594/594/594 593/593/593 613/613/613
f 594/594/594 613/613/613 614/614/614
f 594/594/594 510/510/510 357/357/357
f 357/357/357 510/510/510 511/511/511
f 357/357/357 511/511/511 382/382/382
f 512/512/512 511/511/511 90/90/90
f 512/512/512 90/90/90 91/91/91
f 513/513/513 512/512/512 91/91/91
f 513/513/513 91/91/91 92/92/92
f 514/514/514 513/513/513 92/92/92
f 514/514/514 92/92/92 93/93/93
f 516/516/516 515/515/515 94/94/94
f 516/516/516 94/94/94 95/95/95
f 517/517/517 516/516/516 95/95/95
f 517/517/517 95/95/95 96/96/96
f 289/289/289 519/519/519 595/595/595
f 596/596/596 595/595/595 615/615/615
f 596/596/596 615/615/615 616/616/616
f 597/597/597 596/596/596 616/616/616
f 597/597/597 616/616/616 617/617/617
f 598/598/598 597/597/597 617/617/617
f 598/598/598 617/617/617 618/618/618
f 1488/1488/1488 660/660/660 1264/1264/1264
f 1270/1270/1270 1269/1269/1269 1313/1313/1313
f 1270/1270/1270 1313/1313/1313 1314/1314/1314
f 1271/1271/1271 1270/1270/1270 1314/1314/1314
f 1271/1271/1271 1314/1314/1314 1315/1315/1315
f 1272/1272/1272 1271/1271/1271 1315/1315/1315
f 1272/1272/1272 1315/1315/1315 1316/1316/1316
f 1273/1273/1273 1272/1272/1272 1316/1316/1316
f 1273/1273/1273 1316/1316/1316 1317/1317/1317
f 1274/1274/1274 65/65/65 523/523/523
f 1274/1274/1274 523/523/523 1276/1276/1276
f 1276/1276/1276 523/523/523 68/68/68
f 1276/1276/1276 68/68/68 1278/1278/1278
f 599/599/599 524/524/524 1274/1274/1274
f 599/599/599 1274/1274/1274 1276/1276/1276
f 527/527/527 599/599/599 1276/1276/1276
f 527/527/527 1276/1276/1276 1278/1278/1278
f 600/600/600 528/528/528 524/524/524
f 600/600/600 524/524/524 599/599/599
f 531/531/531 600/600/600 599/599/599
f 531/531/531 599/599/599 527/527/527
f 601/601/601 532/532/532 528/528/528
f 601/601/601 528/528/528 600/600/600
f 535/535/535 601/601/601 600/600/600
f 535/535/535 600/600/600 531/531/531
f 602/602/602 536/536/536 532/532/532
f 602/602/602 532/532/532 601/601/601
f 539/539/539 602/602/602 601/601/601
f 539/539/539 601/601/601 535/535/535
f 603/603/603 540/540/540 536/536/536
f 603/603/603 536/536/536 602/602/602
f 543/543/543 603/603/603 602/602/602
f 543/543/543 602/602/602 539/539/539
f 604/604/604 544/544/544 540/540/540
f 604/604/604 540/540/540 603/603/603
f 547/547/547 604/604/604 603/603/603
f 547/547/547 603/603/603 543/543/543
f 69/69/69 1279/1279/1279 1281/1281/1281
f 69/69/69 1281/1281/1281 548/548/548
f 1281/1281/1281 1279/1279/1279 1283/1283/1283
f 1281/1281/1281 1283/1283/1283 1282/1282/1282
f 544/544/544 604/604/604 1282/1282/1282
f 544/544/544 1282/1282/1282 1283/1283/1283
f 604/604/604 547/547/547 1286/1286/1286
f 604/604/604 1286/1286/1286 1282/1282/1282
f 1281/1281/1281 1282/1282/1282 1286/1286/1286
f 1281/1281/1281 1286/1286/1286 1288/1288/1288
f 548/548/548 1281/1281/1281 1288/1288/1288
f 548/548/548 1288/1288/1288 72/72/72
f 598/598/598 618/618/618 655/655/655
f 598/598/598 655/655/655 654/654/654
f 549/549/549 25/25/25 1289/1289/1289
f 549/549/549 1289/1289/1289 1291/1291/1291
f 1291/1291/1291 1289/1289/1289 1292/1292/1292
f 1291/1291/1291 1292/1292/1292 1294/1294/1294
f 1294/1294/1294 1292/1292/1292 550/550/550
f 1294/1294/1294 550/550/550 605/605/605
f 1291/1291/1291 1294/1294/1294 1295/1295/1295
f 1291/1291/1291 1295/1295/1295 1297/1297/1297
f 1295/1295/1295 1294/1294/1294 605/605/605
f 1295/1295/1295 605/605/605 552/552/552
f 23/23/23 549/549/549 1291/1291/1291
f 23/23/23 1291/1291/1291 1297/1297/1297
f 605/605/605 550/550/550 554/554/554
f 605/605/605 554/554/554 606/606/606
f 552/552/552 605/605/605 606/606/606
f 552/552/552 606/606/606 556/556/556
f 606/606/606 554/554/554 558/558/558
f 606/606/606 558/558/558 607/607/607
f 556/556/556 606/606/606 607/607/607
f 556/556/556 607/607/607 560/560/560
f 607/607/607 558/558/558 562/562/562
f 607/607/607 562/562/562 608/608/608
f 560/560/560 607/607/607 608/608/608
f 560/560/560 608/608/608 564/564/564
f 608/608/608 562/562/562 566/566/566
f 608/608/608 566/566/566 609/609/609
f 564/564/564 608/608/608 609/609/609
f 564/564/564 609/609/609 568/568/568
f 609/609/609 566/566/566 570/570/570
f 609/609/609 570/570/570 610/610/610
f 568/568/568 609/609/609 610/610/610
f 568/568/568 610/610/610 572/572/572
f 610/610/610 570/570/570 1299/1299/1299
f 610/610/610 1299/1299/1299 1301/1301/1301
f 572/572/572 610/610/610 1301/1301/1301
f 572/572/572 1301/1301/1301 1302/1302/1302
f 1299/1299/1299 39/39/39 574/574/574
f 1299/1299/1299 574/574/574 1301/1301/1301
f 1301/1301/1301 574/574/574 41/41/41
f 1301/1301/1301 41/41/41 1302/1302/1302
f 154/154/154 575/575/575 1317/1317/1317
f 154/154/154 1317/1317/1317 699/699/699
f 500/500/500 575/575/575 576/576/576
f 500/500/500 576/576/576 501/501/501
f 501/501/501 576/576/576 577/577/577
f 501/501/501 577/577/577 502/502/502
f 578/578/578 577/577/577 156/156/156
f 578/578/578 156/156/156 157/157/157
f 579/579/579 578/578/578 157/157/157
f 579/579/579 157/157/157 158/158/158
f 581/581/581 580/580/580 159/159/159
f 581/581/581 159/159/159 160/160/160
f 582/582/582 581/581/581 160/160/160
f 582/582/582 160/160/160 161/161/161
f 583/583/583 582/582/582 161/161/161
f 583/583/583 161/161/161 162/162/162
f 508/508/508 583/583/583 584/584/584
f 508/508/508 584/584/584 509/509/509
f 1259/1259/1259 792/792/792 1304/1304/1304
f 1259/1259/1259 1304/1304/1304 1260/1260/1260
f 1305/1305/1305 1304/1304/1304 687/687/687
f 1305/1305/1305 687/687/687 688/688/688
f 1306/1306/1306 1305/1305/1305 688/688/688
f 1306/1306/1306 688/688/688 689/689/689
f 127/127/127 1496/1496/1496 1105/1105/1105
f 127/127/127 1105/1105/1105 77/77/77
f 658/658/658 1495/1495/1495 1307/1307/1307
f 631/631/631 611/611/611 652/652/652
f 631/631/631 652/652/652 651/651/651
f 612/612/612 611/611/611 631/631/631
f 612/612/612 631/631/631 632/632/632
f 613/613/613 612/612/612 632/632/632
f 613/613/613 632/632/632 633/633/633
f 614/614/614 613/613/613 633/633/633
f 614/614/614 633/633/633 634/634/634
f 614/614/614 89/89/89 510/510/510
f 614/614/614 510/510/510 594/594/594
f 510/510/510 89/89/89 90/90/90
f 510/510/510 90/90/90 511/511/511
f 91/91/91 90/90/90 165/165/165
f 91/91/91 165/165/165 166/166/166
f 92/92/92 91/91/91 166/166/166
f 92/92/92 166/166/166 167/167/167
f 93/93/93 92/92/92 167/167/167
f 93/93/93 167/167/167 168/168/168
f 95/95/95 94/94/94 169/169/169
f 95/95/95 169/169/169 170/170/170
f 96/96/96 95/95/95 170/170/170
f 96/96/96 170/170/170 171/171/171
f 517/517/517 96/96/96 97/97/97
f 517/517/517 97/97/97 518/518/518
f 518/518/518 97/97/97 98/98/98
f 518/518/518 98/98/98 519/519/519
f 519/519/519 98/98/98 615/615/615
f 519/519/519 615/615/615 595/595/595
f 616/616/616 615/615/615 635/635/635
f 616/616/616 635/635/635 636/636/636
f 617/617/617 616/616/616 636/636/636
f 617/617/617 636/636/636 637/637/637
f 618/618/618 617/617/617 637/637/637
f 618/618/618 637/637/637 638/638/638
f 1490/1490/1490 661/661/661 1308/1308/1308
f 1490/1490/1490 1311/1311/1311 25/25/25
f 1490/1490/1490 25/25/25 549/549/549
f 1314/1314/1314 1313/1313/1313 695/695/695
f 1314/1314/1314 695/695/695 696/696/696
f 1315/1315/1315 1314/1314/1314 696/696/696
f 1315/1315/1315 696/696/696 697/697/697
f 1316/1316/1316 1315/1315/1315 697/697/697
f 1316/1316/1316 697/697/697 698/698/698
f 1317/1317/1317 1316/1316/1316 698/698/698
f 1317/1317/1317 698/698/698 699/699/699
f 686/686/686 687/687/687 1304/1304/1304
f 686/686/686 1304/1304/1304 792/792/792
f 1318/1318/1318 73/73/73 102/102/102
f 1318/1318/1318 102/102/102 1320/1320/1320
f 1320/1320/1320 102/102/102 76/76/76
f 1320/1320/1320 76/76/76 1322/1322/1322
f 619/619/619 103/103/103 1318/1318/1318
f 619/619/619 1318/1318/1318 1320/1320/1320
f 106/106/106 619/619/619 1320/1320/1320
f 106/106/106 1320/1320/1320 1322/1322/1322
f 620/620/620 107/107/107 103/103/103
f 620/620/620 103/103/103 619/619/619
f 110/110/110 620/620/620 619/619/619
f 110/110/110 619/619/619 106/106/106
f 621/621/621 111/111/111 107/107/107
f 621/621/621 107/107/107 620/620/620
f 114/114/114 621/621/621 620/620/620
f 114/114/114 620/620/620 110/110/110
f 622/622/622 115/115/115 111/111/111
f 622/622/622 111/111/111 621/621/621
f 118/118/118 622/622/622 621/621/621
f 118/118/118 621/621/621 114/114/114
f 623/623/623 119/119/119 115/115/115
f 623/623/623 115/115/115 622/622/622
f 122/122/122 623/623/623 622/622/622
f 122/122/122 622/622/622 118/118/118
f 624/624/624 123/123/123 119/119/119
f 624/624/624 119/119/119 623/623/623
f 126/126/126 624/624/624 623/623/623
f 126/126/126 623/623/623 122/122/122
f 77/77/77 1323/1323/1323 1325/1325/1325
f 77/77/77 1325/1325/1325 127/127/127
f 1325/1325/1325 1323/1323/1323 1327/1327/1327
f 1325/1325/1325 1327/1327/1327 1326/1326/1326
f 123/123/123 624/624/624 1326/1326/1326
f 123/123/123 1326/1326/1326 1327/1327/1327
f 624/624/624 126/126/126 1330/1330/1330
f 624/624/624 1330/1330/1330 1326/1326/1326
f 1325/1325/1325 1326/1326/1326 1330/1330/1330
f 1325/1325/1325 1330/1330/1330 1332/1332/1332
f 127/127/127 1325/1325/1325 1332/1332/1332
f 127/127/127 1332/1332/1332 80/80/80
f 618/618/618 638/638/638 656/656/656
f 618/618/618 656/656/656 655/655/655
f 128/128/128 29/29/29 670/670/670
f 128/128/128 670/670/670 672/672/672
f 672/672/672 670/670/670 673/673/673
f 672/672/672 673/673/673 675/675/675
f 675/675/675 673/673/673 129/129/129
f 675/675/675 129/129/129 625/625/625
f 672/672/672 675/675/675 676/676/676
f 672/672/672 676/676/676 678/678/678
f 676/676/676 675/675/675 625/625/625
f 676/676/676 625/625/625 131/131/131
f 27/27/27 128/128/128 672/672/672
f 27/27/27 672/672/672 678/678/678
f 625/625/625 129/129/129 133/133/133
f 625/625/625 133/133/133 626/626/626
f 131/131/131 625/625/625 626/626/626
f 131/131/131 626/626/626 135/135/135
f 626/626/626 133/133/133 137/137/137
f 626/626/626 137/137/137 627/627/627
f 135/135/135 626/626/626 627/627/627
f 135/135/135 627/627/627 139/139/139
f 627/627/627 137/137/137 141/141/141
f 627/627/627 141/141/141 628/628/628
f 139/139/139 627/627/627 628/628/628
f 139/139/139 628/628/628 143/143/143
f 628/628/628 141/141/141 145/145/145
f 628/628/628 145/145/145 629/629/629
f 143/143/143 628/628/628 629/629/629
f 143/143/143 629/629/629 147/147/147
f 629/629/629 145/145/145 149/149/149
f 629/629/629 149/149/149 630/630/630
f 147/147/147 629/629/629 630/630/630
f 147/147/147 630/630/630 151/151/151
f 630/630/630 149/149/149 680/680/680
f 630/630/630 680/680/680 682/682/682
f 151/151/151 630/630/630 682/682/682
f 151/151/151 682/682/682 683/683/683
f 680/680/680 35/35/35 153/153/153
f 680/680/680 153/153/153 682/682/682
f 682/682/682 153/153/153 37/37/37
f 682/682/682 37/37/37 683/683/683
f 1142/1142/1142 154/154/154 699/699/699
f 575/575/575 154/154/154 155/155/155
f 575/575/575 155/155/155 576/576/576
f 576/576/576 155/155/155 156/156/156
f 576/576/576 156/156/156 577/577/577
f 1219/1219/1219 157/157/157 156/156/156
f 1219/1219/1219 156/156/156 1140/1140/1140
f 583/583/583 162/162/162 163/163/163
f 583/583/583 163/163/163 584/584/584
f 1159/1159/1159 685/685/685 163/163/163
f 1160/1160/1160 686/686/686 685/685/685
f 1160/1160/1160 685/685/685 1159/1159/1159
f 1161/1161/1161 687/687/687 686/686/686
f 1161/1161/1161 686/686/686 1160/1160/1160
f 1162/1162/1162 688/688/688 687/687/687
f 1162/1162/1162 687/687/687 1161/1161/1161
f 1163/1163/1163 689/689/689 688/688/688
f 1163/1163/1163 688/688/688 1162/1162/1162
f 690/690/690 283/283/283 1109/1109/1109
f 690/690/690 1109/1109/1109 1498/1498/1498
f 1496/1496/1496 658/658/658 1307/1307/1307
f 634/634/634 164/164/164 89/89/89
f 634/634/634 89/89/89 614/614/614
f 89/89/89 164/164/164 165/165/165
f 89/89/89 165/165/165 90/90/90
f 424/424/424 166/166/166 165/165/165
f 424/424/424 165/165/165 375/375/375
f 167/167/167 166/166/166 424/424/424
f 167/167/167 424/424/424 425/425/425
f 484/484/484 168/168/168 167/167/167
f 484/484/484 167/167/167 425/425/425
f 170/170/170 169/169/169 485/485/485
f 170/170/170 485/485/485 442/442/442
f 293/293/293 171/171/171 170/170/170
f 293/293/293 170/170/170 442/442/442
f 96/96/96 171/171/171 172/172/172
f 96/96/96 172/172/172 97/97/97
f 97/97/97 172/172/172 173/173/173
f 97/97/97 173/173/173 98/98/98
f 98/98/98 173/173/173 635/635/635
f 98/98/98 635/635/635 615/615/615
f 294/294/294 635/635/635 173/173/173
f 636/636/636 635/635/635 294/294/294
f 636/636/636 294/294/294 339/339/339
f 637/637/637 636/636/636 339/339/339
f 637/637/637 339/339/339 342/342/342
f 638/638/638 637/637/637 342/342/342
f 638/638/638 342/342/342 345/345/345
f 661/661/661 1489/1489/1489 1308/1308/1308
f 191/191/191 1487/1487/1487 707/707/707
f 191/191/191 707/707/707 3/3/3
f 669/669/669 174/174/174 693/693/693
f 669/669/669 693/693/693 1489/1489/1489
f 696/696/696 695/695/695 1116/1116/1116
f 696/696/696 1116/1116/1116 1151/1151/1151
f 697/697/697 696/696/696 1151/1151/1151
f 697/697/697 1151/1151/1151 1148/1148/1148
f 698/698/698 697/697/697 1148/1148/1148
f 698/698/698 1148/1148/1148 1145/1145/1145
f 699/699/699 698/698/698 1145/1145/1145
f 699/699/699 1145/1145/1145 1142/1142/1142
f 700/700/700 177/177/177 639/639/639
f 700/700/700 639/639/639 178/178/178
f 700/700/700 81/81/81 177/177/177
f 347/347/347 639/639/639 177/177/177
f 347/347/347 177/177/177 55/55/55
f 178/178/178 639/639/639 640/640/640
f 178/178/178 640/640/640 180/180/180
f 348/348/348 640/640/640 639/639/639
f 348/348/348 639/639/639 347/347/347
f 180/180/180 640/640/640 641/641/641
f 180/180/180 641/641/641 182/182/182
f 349/349/349 641/641/641 640/640/640
f 349/349/349 640/640/640 348/348/348
f 182/182/182 641/641/641 642/642/642
f 182/182/182 642/642/642 184/184/184
f 350/350/350 642/642/642 641/641/641
f 350/350/350 641/641/641 349/349/349
f 184/184/184 642/642/642 643/643/643
f 184/184/184 643/643/643 186/186/186
f 351/351/351 643/643/643 642/642/642
f 351/351/351 642/642/642 350/350/350
f 186/186/186 643/643/643 644/644/644
f 186/186/186 644/644/644 188/188/188
f 352/352/352 644/644/644 643/643/643
f 352/352/352 643/643/643 351/351/351
f 703/703/703 188/188/188 644/644/644
f 703/703/703 644/644/644 702/702/702
f 1164/1164/1164 702/702/702 644/644/644
f 1164/1164/1164 644/644/644 352/352/352
f 83/83/83 705/705/705 190/190/190
f 190/190/190 705/705/705 703/703/703
f 190/190/190 703/703/703 702/702/702
f 7/7/7 190/190/190 702/702/702
f 7/7/7 702/702/702 1164/1164/1164
f 708/708/708 709/709/709 711/711/711
f 708/708/708 711/711/711 191/191/191
f 709/709/709 708/708/708 645/645/645
f 709/709/709 645/645/645 192/192/192
f 31/31/31 191/191/191 711/711/711
f 192/192/192 645/645/645 646/646/646
f 192/192/192 646/646/646 194/194/194
f 194/194/194 646/646/646 647/647/647
f 194/194/194 647/647/647 196/196/196
f 196/196/196 647/647/647 648/648/648
f 196/196/196 648/648/648 198/198/198
f 198/198/198 648/648/648 649/649/649
f 198/198/198 649/649/649 200/200/200
f 200/200/200 649/649/649 650/650/650
f 200/200/200 650/650/650 202/202/202
f 202/202/202 650/650/650 204/204/204
f 202/202/202 204/204/204 713/713/713
f 204/204/204 33/33/33 713/713/713
f 1159/1159/1159 163/163/163 162/162/162
f 1159/1159/1159 162/162/162 1175/1175/1175
f 206/206/206 343/343/343 444/444/444
f 206/206/206 444/444/444 205/205/205
f 212/212/212 353/353/353 631/631/631
f 212/212/212 631/631/631 651/651/651
f 360/360/360 385/385/385 214/214/214
f 360/360/360 214/214/214 213/213/213
f 385/385/385 416/416/416 215/215/215
f 385/385/385 215/215/215 214/214/214
f 416/416/416 417/417/417 216/216/216
f 416/416/416 216/216/216 215/215/215
f 417/417/417 476/476/476 217/217/217
f 417/417/417 217/217/217 216/216/216
f 477/477/477 440/440/440 219/219/219
f 477/477/477 219/219/219 218/218/218
f 219/219/219 440/440/440 330/330/330
f 219/219/219 330/330/330 220/220/220
f 206/206/206 205/205/205 225/225/225
f 206/206/206 225/225/225 226/226/226
f 657/657/657 651/651/651 652/652/652
f 657/657/657 652/652/652 658/658/658
f 658/658/658 652/652/652 653/653/653
f 658/658/658 653/653/653 659/659/659
f 653/653/653 213/213/213 233/233/233
f 653/653/653 233/233/233 659/659/659
f 233/233/233 213/213/213 214/214/214
f 233/233/233 214/214/214 234/234/234
f 660/660/660 654/654/654 655/655/655
f 660/660/660 655/655/655 661/661/661
f 661/661/661 655/655/655 656/656/656
f 661/661/661 656/656/656 662/662/662
f 662/662/662 656/656/656 223/223/223
f 662/662/662 223/223/223 243/243/243
f 242/242/242 222/222/222 654/654/654
f 242/242/242 654/654/654 660/660/660
f 228/228/228 225/225/225 205/205/205
f 228/228/228 205/205/205 208/208/208
f 229/229/229 227/227/227 207/207/207
f 229/229/229 207/207/207 209/209/209
f 230/230/230 229/229/229 209/209/209
f 230/230/230 209/209/209 210/210/210
f 231/231/231 230/230/230 210/210/210
f 231/231/231 210/210/210 211/211/211
f 232/232/232 231/231/231 211/211/211
f 232/232/232 211/211/211 212/212/212
f 232/232/232 212/212/212 651/651/651
f 232/232/232 651/651/651 657/657/657
f 235/235/235 234/234/234 214/214/214
f 235/235/235 214/214/214 215/215/215
f 236/236/236 235/235/235 215/215/215
f 236/236/236 215/215/215 216/216/216
f 237/237/237 236/236/236 216/216/216
f 237/237/237 216/216/216 217/217/217
f 239/239/239 238/238/238 218/218/218
f 239/239/239 218/218/218 219/219/219
f 240/240/240 239/239/239 219/219/219
f 240/240/240 219/219/219 220/220/220
f 241/241/241 240/240/240 220/220/220
f 241/241/241 220/220/220 221/221/221
f 242/242/242 241/241/241 221/221/221
f 242/242/242 221/221/221 222/222/222
f 244/244/244 243/243/243 223/223/223
f 244/244/244 223/223/223 224/224/224
f 206/206/206 226/226/226 244/244/244
f 206/206/206 244/244/244 224/224/224
f 717/717/717 1269/1269/1269 1111/1111/1111
f 717/717/717 1111/1111/1111 718/718/718
f 727/727/727 1154/1154/1154 1262/1262/1262
f 727/727/727 1262/1262/1262 728/728/728
f 732/732/732 1179/1179/1179 1208/1208/1208
f 732/732/732 1208/1208/1208 733/733/733
f 733/733/733 1208/1208/1208 1209/1209/1209
f 733/733/733 1209/1209/1209 734/734/734
f 734/734/734 1209/1209/1209 1251/1251/1251
f 734/734/734 1251/1251/1251 736/736/736
f 735/735/735 1250/1250/1250 1223/1223/1223
f 735/735/735 1223/1223/1223 737/737/737
f 737/737/737 1223/1223/1223 1115/1115/1115
f 737/737/737 1115/1115/1115 738/738/738
f 716/716/716 715/715/715 695/695/695
f 716/716/716 695/695/695 1313/1313/1313
f 717/717/717 716/716/716 1313/1313/1313
f 717/717/717 1313/1313/1313 1269/1269/1269
f 729/729/729 728/728/728 1262/1262/1262
f 729/729/729 1262/1262/1262 1306/1306/1306
f 730/730/730 729/729/729 1306/1306/1306
f 730/730/730 1306/1306/1306 689/689/689
f 730/730/730 689/689/689 1163/1163/1163
f 730/730/730 1163/1163/1163 731/731/731
f 715/715/715 740/740/740 1116/1116/1116
f 715/715/715 1116/1116/1116 695/695/695
f 744/744/744 1484/1484/1484 746/746/746
f 744/744/744 746/746/746 245/245/245
f 1486/1486/1486 716/716/716 751/751/751
f 751/751/751 248/248/248 749/749/749
f 751/751/751 749/749/749 1486/1486/1486
f 755/755/755 1485/1485/1485 752/752/752
f 755/755/755 752/752/752 251/251/251
f 716/716/716 1485/1485/1485 751/751/751
f 757/757/757 45/45/45 499/499/499
f 757/757/757 499/499/499 1483/1483/1483
f 718/718/718 757/757/757 1483/1483/1483
f 718/718/718 1483/1483/1483 717/717/717
f 46/46/46 45/45/45 757/757/757
f 46/46/46 757/757/757 758/758/758
f 718/718/718 719/719/719 758/758/758
f 718/718/718 758/758/758 757/757/757
f 47/47/47 46/46/46 758/758/758
f 47/47/47 758/758/758 759/759/759
f 759/759/759 758/758/758 719/719/719
f 759/759/759 719/719/719 720/720/720
f 48/48/48 47/47/47 759/759/759
f 48/48/48 759/759/759 760/760/760
f 720/720/720 721/721/721 760/760/760
f 720/720/720 760/760/760 759/759/759
f 48/48/48 760/760/760 761/761/761
f 48/48/48 761/761/761 49/49/49
f 721/721/721 722/722/722 761/761/761
f 721/721/721 761/761/761 760/760/760
f 51/51/51 50/50/50 762/762/762
f 51/51/51 762/762/762 763/763/763
f 723/723/723 724/724/724 763/763/763
f 723/723/723 763/763/763 762/762/762
f 51/51/51 763/763/763 764/764/764
f 51/51/51 764/764/764 52/52/52
f 724/724/724 725/725/725 764/764/764
f 724/724/724 764/764/764 763/763/763
f 52/52/52 764/764/764 765/765/765
f 52/52/52 765/765/765 53/53/53
f 765/765/765 764/764/764 725/725/725
f 765/765/765 725/725/725 726/726/726
f 54/54/54 53/53/53 765/765/765
f 54/54/54 765/765/765 766/766/766
f 726/726/726 727/727/727 766/766/766
f 726/726/726 766/766/766 765/765/765
f 1494/1494/1494 728/728/728 771/771/771
f 771/771/771 254/254/254 770/770/770
f 771/771/771 770/770/770 1494/1494/1494
f 1492/1492/1492 729/729/729 776/776/776
f 776/776/776 257/257/257 775/775/775
f 776/776/776 775/775/775 1492/1492/1492
f 729/729/729 1491/1491/1491 776/776/776
f 1491/1491/1491 781/781/781 76/76/76
f 1491/1491/1491 76/76/76 102/102/102
f 782/782/782 1493/1493/1493 730/730/730
f 782/782/782 730/730/730 731/731/731
f 177/177/177 1493/1493/1493 782/782/782
f 177/177/177 782/782/782 55/55/55
f 56/56/56 55/55/55 782/782/782
f 56/56/56 782/782/782 783/783/783
f 731/731/731 732/732/732 783/783/783
f 731/731/731 783/783/783 782/782/782
f 56/56/56 783/783/783 784/784/784
f 56/56/56 784/784/784 57/57/57
f 732/732/732 733/733/733 784/784/784
f 732/732/732 784/784/784 783/783/783
f 57/57/57 784/784/784 785/785/785
f 57/57/57 785/785/785 58/58/58
f 785/785/785 784/784/784 733/733/733
f 785/785/785 733/733/733 734/734/734
f 58/58/58 785/785/785 787/787/787
f 58/58/58 787/787/787 60/60/60
f 734/734/734 736/736/736 787/787/787
f 734/734/734 787/787/787 785/785/785
f 59/59/59 786/786/786 788/788/788
f 59/59/59 788/788/788 61/61/61
f 788/788/788 786/786/786 735/735/735
f 788/788/788 735/735/735 737/737/737
f 62/62/62 61/61/61 788/788/788
f 62/62/62 788/788/788 789/789/789
f 737/737/737 738/738/738 789/789/789
f 737/737/737 789/789/789 788/788/788
f 63/63/63 62/62/62 789/789/789
f 63/63/63 789/789/789 790/790/790
f 738/738/738 739/739/739 790/790/790
f 738/738/738 790/790/790 789/789/789
f 64/64/64 63/63/63 790/790/790
f 64/64/64 790/790/790 741/741/741
f 739/739/739 740/740/740 741/741/741
f 739/739/739 741/741/741 790/790/790
f 1484/1484/1484 715/715/715 746/746/746
f 584/584/584 791/791/791 1258/1258/1258
f 584/584/584 1258/1258/1258 509/509/509
f 1258/1258/1258 791/791/791 792/792/792
f 1258/1258/1258 792/792/792 1259/1259/1259
f 163/163/163 685/685/685 791/791/791
f 163/163/163 791/791/791 584/584/584
f 685/685/685 686/686/686 792/792/792
f 685/685/685 792/792/792 791/791/791
f 40/40/40 793/793/793 1333/1333/1333
f 40/40/40 1333/1333/1333 748/748/748
f 1333/1333/1333 793/793/793 796/796/796
f 1333/1333/1333 796/796/796 1334/1334/1334
f 795/795/795 1333/1333/1333 1334/1334/1334
f 795/795/795 1334/1334/1334 798/798/798
f 748/748/748 1333/1333/1333 795/795/795
f 748/748/748 795/795/795 250/250/250
f 1334/1334/1334 796/796/796 944/944/944
f 1334/1334/1334 944/944/944 1401/1401/1401
f 798/798/798 1334/1334/1334 1401/1401/1401
f 798/798/798 1401/1401/1401 943/943/943
f 794/794/794 797/797/797 1335/1335/1335
f 794/794/794 1335/1335/1335 1336/1336/1336
f 1335/1335/1335 797/797/797 942/942/942
f 1335/1335/1335 942/942/942 1400/1400/1400
f 799/799/799 1335/1335/1335 1400/1400/1400
f 799/799/799 1400/1400/1400 941/941/941
f 1335/1335/1335 799/799/799 800/800/800
f 1335/1335/1335 800/800/800 1336/1336/1336
f 249/249/249 794/794/794 1336/1336/1336
f 249/249/249 1336/1336/1336 750/750/750
f 750/750/750 1336/1336/1336 800/800/800
f 750/750/750 800/800/800 38/38/38
f 38/38/38 800/800/800 1337/1337/1337
f 38/38/38 1337/1337/1337 684/684/684
f 1337/1337/1337 800/800/800 799/799/799
f 1337/1337/1337 799/799/799 1338/1338/1338
f 801/801/801 1337/1337/1337 1338/1338/1338
f 801/801/801 1338/1338/1338 802/802/802
f 1338/1338/1338 799/799/799 941/941/941
f 1338/1338/1338 941/941/941 1399/1399/1399
f 1337/1337/1337 801/801/801 152/152/152
f 1337/1337/1337 152/152/152 684/684/684
f 802/802/802 1338/1338/1338 1399/1399/1399
f 802/802/802 1399/1399/1399 940/940/940
f 803/803/803 801/801/801 802/802/802
f 803/803/803 802/802/802 804/804/804
f 801/801/801 803/803/803 148/148/148
f 801/801/801 148/148/148 152/152/152
f 804/804/804 802/802/802 940/940/940
f 804/804/804 940/940/940 939/939/939
f 805/805/805 803/803/803 804/804/804
f 805/805/805 804/804/804 806/806/806
f 803/803/803 805/805/805 144/144/144
f 803/803/803 144/144/144 148/148/148
f 806/806/806 804/804/804 939/939/939
f 806/806/806 939/939/939 938/938/938
f 807/807/807 805/805/805 806/806/806
f 807/807/807 806/806/806 808/808/808
f 805/805/805 807/807/807 140/140/140
f 805/805/805 140/140/140 144/144/144
f 808/808/808 806/806/806 938/938/938
f 808/808/808 938/938/938 937/937/937
f 809/809/809 807/807/807 808/808/808
f 809/809/809 808/808/808 810/810/810
f 807/807/807 809/809/809 136/136/136
f 807/807/807 136/136/136 140/140/140
f 810/810/810 808/808/808 937/937/937
f 810/810/810 937/937/937 936/936/936
f 811/811/811 809/809/809 810/810/810
f 811/811/811 810/810/810 812/812/812
f 809/809/809 811/811/811 132/132/132
f 809/809/809 132/132/132 136/136/136
f 812/812/812 810/810/810 936/936/936
f 812/812/812 936/936/936 935/935/935
f 1339/1339/1339 811/811/811 812/812/812
f 1339/1339/1339 812/812/812 1340/1340/1340
f 679/679/679 677/677/677 1339/1339/1339
f 679/679/679 1339/1339/1339 1342/1342/1342
f 811/811/811 1339/1339/1339 677/677/677
f 811/811/811 677/677/677 132/132/132
f 1341/1341/1341 1340/1340/1340 1398/1398/1398
f 1341/1341/1341 1398/1398/1398 1397/1397/1397
f 1339/1339/1339 1340/1340/1340 1341/1341/1341
f 1339/1339/1339 1341/1341/1341 1342/1342/1342
f 1340/1340/1340 812/812/812 935/935/935
f 1340/1340/1340 935/935/935 1398/1398/1398
f 813/813/813 1341/1341/1341 1397/1397/1397
f 813/813/813 1397/1397/1397 934/934/934
f 1341/1341/1341 813/813/813 814/814/814
f 1341/1341/1341 814/814/814 1342/1342/1342
f 679/679/679 1342/1342/1342 814/814/814
f 679/679/679 814/814/814 28/28/28
f 22/22/22 1268/1268/1268 1343/1343/1343
f 22/22/22 1343/1343/1343 817/817/817
f 1268/1268/1268 522/522/522 816/816/816
f 1268/1268/1268 816/816/816 1343/1343/1343
f 1343/1343/1343 816/816/816 821/821/821
f 1343/1343/1343 821/821/821 1346/1346/1346
f 817/817/817 1343/1343/1343 1346/1346/1346
f 817/817/817 1346/1346/1346 822/822/822
f 521/521/521 1266/1266/1266 1344/1344/1344
f 521/521/521 1344/1344/1344 815/815/815
f 1266/1266/1266 24/24/24 818/818/818
f 1266/1266/1266 818/818/818 1344/1344/1344
f 1344/1344/1344 818/818/818 819/819/819
f 1344/1344/1344 819/819/819 1345/1345/1345
f 815/815/815 1344/1344/1344 1345/1345/1345
f 815/815/815 1345/1345/1345 820/820/820
f 1253/1253/1253 22/22/22 817/817/817
f 1253/1253/1253 817/817/817 1347/1347/1347
f 1347/1347/1347 817/817/817 822/822/822
f 1347/1347/1347 822/822/822 1348/1348/1348
f 1349/1349/1349 1347/1347/1347 1348/1348/1348
f 1349/1349/1349 1348/1348/1348 1350/1350/1350
f 823/823/823 1349/1349/1349 1350/1350/1350
f 823/823/823 1350/1350/1350 824/824/824
f 1349/1349/1349 823/823/823 488/488/488
f 1349/1349/1349 488/488/488 1255/1255/1255
f 1347/1347/1347 1349/1349/1349 1255/1255/1255
f 1347/1347/1347 1255/1255/1255 1253/1253/1253
f 825/825/825 823/823/823 824/824/824
f 825/825/825 824/824/824 826/826/826
f 823/823/823 825/825/825 490/490/490
f 823/823/823 490/490/490 488/488/488
f 827/827/827 825/825/825 826/826/826
f 827/827/827 826/826/826 828/828/828
f 825/825/825 827/827/827 492/492/492
f 825/825/825 492/492/492 490/490/490
f 829/829/829 827/827/827 828/828/828
f 829/829/829 828/828/828 830/830/830
f 827/827/827 829/829/829 494/494/494
f 827/827/827 494/494/494 492/492/492
f 831/831/831 829/829/829 830/830/830
f 831/831/831 830/830/830 832/832/832
f 829/829/829 831/831/831 496/496/496
f 829/829/829 496/496/496 494/494/494
f 833/833/833 831/831/831 832/832/832
f 833/833/833 832/832/832 834/834/834
f 831/831/831 833/833/833 498/498/498
f 831/831/831 498/498/498 496/496/496
f 44/44/44 1257/1257/1257 1351/1351/1351
f 44/44/44 1351/1351/1351 835/835/835
f 833/833/833 1351/1351/1351 1257/1257/1257
f 833/833/833 1257/1257/1257 498/498/498
f 835/835/835 1351/1351/1351 1352/1352/1352
f 835/835/835 1352/1352/1352 836/836/836
f 1351/1351/1351 833/833/833 834/834/834
f 1351/1351/1351 834/834/834 1352/1352/1352
f 42/42/42 756/756/756 1353/1353/1353
f 42/42/42 1353/1353/1353 839/839/839
f 756/756/756 252/252/252 837/837/837
f 756/756/756 837/837/837 1353/1353/1353
f 1353/1353/1353 837/837/837 840/840/840
f 1353/1353/1353 840/840/840 1356/1356/1356
f 839/839/839 1353/1353/1353 1356/1356/1356
f 839/839/839 1356/1356/1356 842/842/842
f 253/253/253 754/754/754 1354/1354/1354
f 253/253/253 1354/1354/1354 838/838/838
f 754/754/754 44/44/44 835/835/835
f 754/754/754 835/835/835 1354/1354/1354
f 1354/1354/1354 835/835/835 836/836/836
f 1354/1354/1354 836/836/836 1355/1355/1355
f 838/838/838 1354/1354/1354 1355/1355/1355
f 838/838/838 1355/1355/1355 841/841/841
f 1355/1355/1355 836/836/836 964/964/964
f 1355/1355/1355 964/964/964 1411/1411/1411
f 841/841/841 1355/1355/1355 1411/1411/1411
f 841/841/841 1411/1411/1411 963/963/963
f 1356/1356/1356 840/840/840 962/962/962
f 1356/1356/1356 962/962/962 1410/1410/1410
f 842/842/842 1356/1356/1356 1410/1410/1410
f 842/842/842 1410/1410/1410 961/961/961
f 1303/1303/1303 42/42/42 839/839/839
f 1303/1303/1303 839/839/839 1357/1357/1357
f 1357/1357/1357 839/839/839 842/842/842
f 1357/1357/1357 842/842/842 1358/1358/1358
f 1358/1358/1358 842/842/842 961/961/961
f 1358/1358/1358 961/961/961 1409/1409/1409
f 843/843/843 1357/1357/1357 1358/1358/1358
f 843/843/843 1358/1358/1358 844/844/844
f 1357/1357/1357 843/843/843 573/573/573
f 1357/1357/1357 573/573/573 1303/1303/1303
f 844/844/844 1358/1358/1358 1409/1409/1409
f 844/844/844 1409/1409/1409 960/960/960
f 845/845/845 843/843/843 844/844/844
f 845/845/845 844/844/844 846/846/846
f 843/843/843 845/845/845 569/569/569
f 843/843/843 569/569/569 573/573/573
f 846/846/846 844/844/844 960/960/960
f 846/846/846 960/960/960 959/959/959
f 847/847/847 845/845/845 846/846/846
f 847/847/847 846/846/846 848/848/848
f 845/845/845 847/847/847 565/565/565
f 845/845/845 565/565/565 569/569/569
f 848/848/848 846/846/846 959/959/959
f 848/848/848 959/959/959 958/958/958
f 849/849/849 847/847/847 848/848/848
f 849/849/849 848/848/848 850/850/850
f 847/847/847 849/849/849 561/561/561
f 847/847/847 561/561/561 565/565/565
f 850/850/850 848/848/848 958/958/958
f 850/850/850 958/958/958 957/957/957
f 851/851/851 849/849/849 850/850/850
f 851/851/851 850/850/850 852/852/852
f 849/849/849 851/851/851 557/557/557
f 849/849/849 557/557/557 561/561/561
f 852/852/852 850/850/850 957/957/957
f 852/852/852 957/957/957 956/956/956
f 853/853/853 851/851/851 852/852/852
f 853/853/853 852/852/852 854/854/854
f 851/851/851 853/853/853 553/553/553
f 851/851/851 553/553/553 557/557/557
f 854/854/854 852/852/852 956/956/956
f 854/854/854 956/956/956 955/955/955
f 24/24/24 1298/1298/1298 1359/1359/1359
f 24/24/24 1359/1359/1359 818/818/818
f 1359/1359/1359 1298/1298/1298 1296/1296/1296
f 1359/1359/1359 1296/1296/1296 1360/1360/1360
f 1359/1359/1359 1360/1360/1360 1361/1361/1361
f 1359/1359/1359 1361/1361/1361 1362/1362/1362
f 819/819/819 818/818/818 1359/1359/1359
f 819/819/819 1359/1359/1359 1362/1362/1362
f 1360/1360/1360 853/853/853 854/854/854
f 1360/1360/1360 854/854/854 1361/1361/1361
f 853/853/853 1360/1360/1360 1296/1296/1296
f 853/853/853 1296/1296/1296 553/553/553
f 1362/1362/1362 1361/1361/1361 1408/1408/1408
f 1362/1362/1362 1408/1408/1408 1407/1407/1407
f 1361/1361/1361 854/854/854 955/955/955
f 1361/1361/1361 955/955/955 1408/1408/1408
f 819/819/819 1362/1362/1362 1407/1407/1407
f 819/819/819 1407/1407/1407 954/954/954
f 36/36/36 855/855/855 1363/1363/1363
f 36/36/36 1363/1363/1363 743/743/743
f 1363/1363/1363 855/855/855 858/858/858
f 1363/1363/1363 858/858/858 1364/1364/1364
f 856/856/856 1363/1363/1363 1364/1364/1364
f 856/856/856 1364/1364/1364 859/859/859
f 743/743/743 1363/1363/1363 856/856/856
f 743/743/743 856/856/856 246/246/246
f 1364/1364/1364 858/858/858 984/984/984
f 1364/1364/1364 984/984/984 1421/1421/1421
f 859/859/859 1364/1364/1364 1421/1421/1421
f 859/859/859 1421/1421/1421 982/982/982
f 857/857/857 860/860/860 1365/1365/1365
f 857/857/857 1365/1365/1365 1366/1366/1366
f 1365/1365/1365 860/860/860 983/983/983
f 1365/1365/1365 983/983/983 1420/1420/1420
f 861/861/861 1365/1365/1365 1420/1420/1420
f 861/861/861 1420/1420/1420 981/981/981
f 1365/1365/1365 861/861/861 862/862/862
f 1365/1365/1365 862/862/862 1366/1366/1366
f 247/247/247 857/857/857 1366/1366/1366
f 247/247/247 1366/1366/1366 745/745/745
f 745/745/745 1366/1366/1366 862/862/862
f 745/745/745 862/862/862 34/34/34
f 34/34/34 862/862/862 1367/1367/1367
f 34/34/34 1367/1367/1367 714/714/714
f 1367/1367/1367 862/862/862 861/861/861
f 1367/1367/1367 861/861/861 1368/1368/1368
f 863/863/863 1367/1367/1367 1368/1368/1368
f 863/863/863 1368/1368/1368 864/864/864
f 1368/1368/1368 861/861/861 981/981/981
f 1368/1368/1368 981/981/981 1419/1419/1419
f 1367/1367/1367 863/863/863 203/203/203
f 1367/1367/1367 203/203/203 714/714/714
f 864/864/864 1368/1368/1368 1419/1419/1419
f 864/864/864 1419/1419/1419 980/980/980
f 865/865/865 863/863/863 864/864/864
f 865/865/865 864/864/864 866/866/866
f 863/863/863 865/865/865 201/201/201
f 863/863/863 201/201/201 203/203/203
f 866/866/866 864/864/864 980/980/980
f 866/866/866 980/980/980 979/979/979
f 867/867/867 865/865/865 866/866/866
f 867/867/867 866/866/866 868/868/868
f 865/865/865 867/867/867 199/199/199
f 865/865/865 199/199/199 201/201/201
f 868/868/868 866/866/866 979/979/979
f 868/868/868 979/979/979 978/978/978
f 869/869/869 867/867/867 868/868/868
f 869/869/869 868/868/868 870/870/870
f 867/867/867 869/869/869 197/197/197
f 867/867/867 197/197/197 199/199/199
f 870/870/870 868/868/868 978/978/978
f 870/870/870 978/978/978 977/977/977
f 871/871/871 869/869/869 870/870/870
f 871/871/871 870/870/870 872/872/872
f 869/869/869 871/871/871 195/195/195
f 869/869/869 195/195/195 197/197/197
f 872/872/872 870/870/870 977/977/977
f 872/872/872 977/977/977 976/976/976
f 873/873/873 871/871/871 872/872/872
f 873/873/873 872/872/872 874/874/874
f 871/871/871 873/873/873 193/193/193
f 871/871/871 193/193/193 195/195/195
f 874/874/874 872/872/872 976/976/976
f 874/874/874 976/976/976 975/975/975
f 1369/1369/1369 873/873/873 874/874/874
f 1369/1369/1369 874/874/874 1370/1370/1370
f 712/712/712 710/710/710 1369/1369/1369
f 712/712/712 1369/1369/1369 1372/1372/1372
f 873/873/873 1369/1369/1369 710/710/710
f 873/873/873 710/710/710 193/193/193
f 1371/1371/1371 1370/1370/1370 1418/1418/1418
f 1371/1371/1371 1418/1418/1418 1417/1417/1417
f 1369/1369/1369 1370/1370/1370 1371/1371/1371
f 1369/1369/1369 1371/1371/1371 1372/1372/1372
f 1370/1370/1370 874/874/874 975/975/975
f 1370/1370/1370 975/975/975 1418/1418/1418
f 875/875/875 1371/1371/1371 1417/1417/1417
f 875/875/875 1417/1417/1417 974/974/974
f 1371/1371/1371 875/875/875 876/876/876
f 1371/1371/1371 876/876/876 1372/1372/1372
f 712/712/712 1372/1372/1372 876/876/876
f 712/712/712 876/876/876 32/32/32
f 1374/1374/1374 1300/1300/1300 571/571/571
f 1374/1374/1374 571/571/571 877/877/877
f 878/878/878 1373/1373/1373 1374/1374/1374
f 878/878/878 1374/1374/1374 877/877/877
f 1373/1373/1373 796/796/796 793/793/793
f 1373/1373/1373 793/793/793 1374/1374/1374
f 1300/1300/1300 1374/1374/1374 793/793/793
f 1300/1300/1300 793/793/793 40/40/40
f 877/877/877 571/571/571 567/567/567
f 877/877/877 567/567/567 879/879/879
f 880/880/880 878/878/878 877/877/877
f 880/880/880 877/877/877 879/879/879
f 879/879/879 567/567/567 563/563/563
f 879/879/879 563/563/563 881/881/881
f 882/882/882 880/880/880 879/879/879
f 882/882/882 879/879/879 881/881/881
f 881/881/881 563/563/563 559/559/559
f 881/881/881 559/559/559 883/883/883
f 884/884/884 882/882/882 881/881/881
f 884/884/884 881/881/881 883/883/883
f 883/883/883 559/559/559 555/555/555
f 883/883/883 555/555/555 885/885/885
f 886/886/886 884/884/884 883/883/883
f 886/886/886 883/883/883 885/885/885
f 885/885/885 555/555/555 551/551/551
f 885/885/885 551/551/551 887/887/887
f 888/888/888 886/886/886 885/885/885
f 888/888/888 885/885/885 887/887/887
f 887/887/887 551/551/551 1293/1293/1293
f 887/887/887 1293/1293/1293 1375/1375/1375
f 1375/1375/1375 1376/1376/1376 888/888/888
f 1375/1375/1375 888/888/888 887/887/887
f 26/26/26 889/889/889 1377/1377/1377
f 26/26/26 1377/1377/1377 1290/1290/1290
f 1377/1377/1377 889/889/889 890/890/890
f 1377/1377/1377 890/890/890 1378/1378/1378
f 1293/1293/1293 1290/1290/1290 1377/1377/1377
f 1293/1293/1293 1377/1377/1377 1375/1375/1375
f 1377/1377/1377 1378/1378/1378 1376/1376/1376
f 1377/1377/1377 1376/1376/1376 1375/1375/1375
f 28/28/28 814/814/814 1379/1379/1379
f 28/28/28 1379/1379/1379 1310/1310/1310
f 1379/1379/1379 814/814/814 813/813/813
f 1379/1379/1379 813/813/813 1380/1380/1380
f 891/891/891 1379/1379/1379 1380/1380/1380
f 891/891/891 1380/1380/1380 893/893/893
f 1310/1310/1310 1379/1379/1379 891/891/891
f 1310/1310/1310 891/891/891 100/100/100
f 892/892/892 894/894/894 1381/1381/1381
f 892/892/892 1381/1381/1381 1382/1382/1382
f 1381/1381/1381 890/890/890 889/889/889
f 1381/1381/1381 889/889/889 1382/1382/1382
f 101/101/101 892/892/892 1382/1382/1382
f 101/101/101 1382/1382/1382 1312/1312/1312
f 1312/1312/1312 1382/1382/1382 889/889/889
f 1312/1312/1312 889/889/889 26/26/26
f 1384/1384/1384 681/681/681 150/150/150
f 1384/1384/1384 150/150/150 895/895/895
f 896/896/896 1383/1383/1383 1384/1384/1384
f 896/896/896 1384/1384/1384 895/895/895
f 1383/1383/1383 858/858/858 855/855/855
f 1383/1383/1383 855/855/855 1384/1384/1384
f 681/681/681 1384/1384/1384 855/855/855
f 681/681/681 855/855/855 36/36/36
f 895/895/895 150/150/150 146/146/146
f 895/895/895 146/146/146 897/897/897
f 898/898/898 896/896/896 895/895/895
f 898/898/898 895/895/895 897/897/897
f 897/897/897 146/146/146 142/142/142
f 897/897/897 142/142/142 899/899/899
f 900/900/900 898/898/898 897/897/897
f 900/900/900 897/897/897 899/899/899
f 899/899/899 142/142/142 138/138/138
f 899/899/899 138/138/138 901/901/901
f 902/902/902 900/900/900 899/899/899
f 902/902/902 899/899/899 901/901/901
f 901/901/901 138/138/138 134/134/134
f 901/901/901 134/134/134 903/903/903
f 904/904/904 902/902/902 901/901/901
f 904/904/904 901/901/901 903/903/903
f 903/903/903 134/134/134 130/130/130
f 903/903/903 130/130/130 905/905/905
f 906/906/906 904/904/904 903/903/903
f 906/906/906 903/903/903 905/905/905
f 905/905/905 130/130/130 674/674/674
f 905/905/905 674/674/674 1385/1385/1385
f 1385/1385/1385 1386/1386/1386 906/906/906
f 1385/1385/1385 906/906/906 905/905/905
f 30/30/30 907/907/907 1387/1387/1387
f 30/30/30 1387/1387/1387 671/671/671
f 1387/1387/1387 907/907/907 908/908/908
f 1387/1387/1387 908/908/908 1388/1388/1388
f 674/674/674 671/671/671 1387/1387/1387
f 674/674/674 1387/1387/1387 1385/1385/1385
f 1387/1387/1387 1388/1388/1388 1386/1386/1386
f 1387/1387/1387 1386/1386/1386 1385/1385/1385
f 32/32/32 876/876/876 1389/1389/1389
f 32/32/32 1389/1389/1389 692/692/692
f 1389/1389/1389 876/876/876 875/875/875
f 1389/1389/1389 875/875/875 1390/1390/1390
f 909/909/909 1389/1389/1389 1390/1390/1390
f 909/909/909 1390/1390/1390 911/911/911
f 692/692/692 1389/1389/1389 909/909/909
f 692/692/692 909/909/909 175/175/175
f 910/910/910 912/912/912 1391/1391/1391
f 910/910/910 1391/1391/1391 1392/1392/1392
f 1391/1391/1391 908/908/908 907/907/907
f 1391/1391/1391 907/907/907 1392/1392/1392
f 176/176/176 910/910/910 1392/1392/1392
f 176/176/176 1392/1392/1392 694/694/694
f 694/694/694 1392/1392/1392 907/907/907
f 694/694/694 907/907/907 30/30/30
f 1442/1442/1442 913/913/913 526/526/526
f 1442/1442/1442 526/526/526 1277/1277/1277
f 526/526/526 913/913/913 914/914/914
f 526/526/526 914/914/914 530/530/530
f 915/915/915 916/916/916 914/914/914
f 915/915/915 914/914/914 913/913/913
f 1441/1441/1441 915/915/915 913/913/913
f 1441/1441/1441 913/913/913 1442/1442/1442
f 1462/1462/1462 917/917/917 264/264/264
f 1462/1462/1462 264/264/264 1093/1093/1093
f 264/264/264 917/917/917 918/918/918
f 264/264/264 918/918/918 266/266/266
f 919/919/919 920/920/920 918/918/918
f 919/919/919 918/918/918 917/917/917
f 1461/1461/1461 919/919/919 917/917/917
f 1461/1461/1461 917/917/917 1462/1462/1462
f 1482/1482/1482 921/921/921 105/105/105
f 1482/1482/1482 105/105/105 1321/1321/1321
f 105/105/105 921/921/921 922/922/922
f 105/105/105 922/922/922 109/109/109
f 923/923/923 924/924/924 922/922/922
f 923/923/923 922/922/922 921/921/921
f 1481/1481/1481 923/923/923 921/921/921
f 1481/1481/1481 921/921/921 1482/1482/1482
f 1275/1275/1275 525/525/525 1048/1048/1048
f 1275/1275/1275 1048/1048/1048 1456/1456/1456
f 1284/1284/1284 1280/1280/1280 1453/1453/1453
f 1284/1284/1284 1453/1453/1453 1454/1454/1454
f 1319/1319/1319 104/104/104 1012/1012/1012
f 1319/1319/1319 1012/1012/1012 1436/1436/1436
f 1012/1012/1012 104/104/104 108/108/108
f 1012/1012/1012 108/108/108 1010/1010/1010
f 1010/1010/1010 108/108/108 112/112/112
f 1010/1010/1010 112/112/112 1008/1008/1008
f 1008/1008/1008 112/112/112 116/116/116
f 1008/1008/1008 116/116/116 1006/1006/1006
f 1006/1006/1006 116/116/116 120/120/120
f 1006/1006/1006 120/120/120 1004/1004/1004
f 1004/1004/1004 120/120/120 124/124/124
f 1004/1004/1004 124/124/124 1002/1002/1002
f 1328/1328/1328 1324/1324/1324 1433/1433/1433
f 1328/1328/1328 1433/1433/1433 1434/1434/1434
f 1002/1002/1002 124/124/124 1328/1328/1328
f 1002/1002/1002 1328/1328/1328 1434/1434/1434
f 701/701/701 179/179/179 1084/1084/1084
f 701/701/701 1084/1084/1084 1476/1476/1476
f 704/704/704 706/706/706 1473/1473/1473
f 704/704/704 1473/1473/1473 1474/1474/1474
f 1402/1402/1402 925/925/925 915/915/915
f 1402/1402/1402 915/915/915 1441/1441/1441
f 925/925/925 926/926/926 916/916/916
f 925/925/925 916/916/916 915/915/915
f 880/880/880 926/926/926 925/925/925
f 880/880/880 925/925/925 878/878/878
f 926/926/926 927/927/927 985/985/985
f 926/926/926 985/985/985 916/916/916
f 882/882/882 927/927/927 926/926/926
f 882/882/882 926/926/926 880/880/880
f 927/927/927 928/928/928 987/987/987
f 927/927/927 987/987/987 985/985/985
f 884/884/884 928/928/928 927/927/927
f 884/884/884 927/927/927 882/882/882
f 928/928/928 929/929/929 989/989/989
f 928/928/928 989/989/989 987/987/987
f 886/886/886 929/929/929 928/928/928
f 886/886/886 928/928/928 884/884/884
f 929/929/929 930/930/930 991/991/991
f 929/929/929 991/991/991 989/989/989
f 888/888/888 930/930/930 929/929/929
f 888/888/888 929/929/929 886/886/886
f 930/930/930 1393/1393/1393 1423/1423/1423
f 930/930/930 1423/1423/1423 991/991/991
f 1376/1376/1376 1393/1393/1393 930/930/930
f 1376/1376/1376 930/930/930 888/888/888
f 1378/1378/1378 1394/1394/1394 1393/1393/1393
f 1378/1378/1378 1393/1393/1393 1376/1376/1376
f 1393/1393/1393 1394/1394/1394 1425/1425/1425
f 1393/1393/1393 1425/1425/1425 1423/1423/1423
f 890/890/890 931/931/931 1394/1394/1394
f 890/890/890 1394/1394/1394 1378/1378/1378
f 1394/1394/1394 931/931/931 993/993/993
f 1394/1394/1394 993/993/993 1425/1425/1425
f 1381/1381/1381 1395/1395/1395 931/931/931
f 1381/1381/1381 931/931/931 890/890/890
f 894/894/894 933/933/933 1395/1395/1395
f 894/894/894 1395/1395/1395 1381/1381/1381
f 1395/1395/1395 933/933/933 996/996/996
f 1395/1395/1395 996/996/996 1427/1427/1427
f 993/993/993 931/931/931 1395/1395/1395
f 993/993/993 1395/1395/1395 1427/1427/1427
f 1380/1380/1380 1396/1396/1396 932/932/932
f 1380/1380/1380 932/932/932 893/893/893
f 813/813/813 934/934/934 1396/1396/1396
f 813/813/813 1396/1396/1396 1380/1380/1380
f 1396/1396/1396 934/934/934 997/997/997
f 1396/1396/1396 997/997/997 1428/1428/1428
f 932/932/932 1396/1396/1396 1428/1428/1428
f 932/932/932 1428/1428/1428 995/995/995
f 1397/1397/1397 1398/1398/1398 1432/1432/1432
f 1397/1397/1397 1432/1432/1432 1431/1431/1431
f 997/997/997 934/934/934 1397/1397/1397
f 997/997/997 1397/1397/1397 1431/1431/1431
f 1398/1398/1398 935/935/935 1001/1001/1001
f 1398/1398/1398 1001/1001/1001 1432/1432/1432
f 935/935/935 936/936/936 1003/1003/1003
f 935/935/935 1003/1003/1003 1001/1001/1001
f 936/936/936 937/937/937 1005/1005/1005
f 936/936/936 1005/1005/1005 1003/1003/1003
f 937/937/937 938/938/938 1007/1007/1007
f 937/937/937 1007/1007/1007 1005/1005/1005
f 938/938/938 939/939/939 1009/1009/1009
f 938/938/938 1009/1009/1009 1007/1007/1007
f 939/939/939 940/940/940 1011/1011/1011
f 939/939/939 1011/1011/1011 1009/1009/1009
f 940/940/940 1399/1399/1399 1435/1435/1435
f 940/940/940 1435/1435/1435 1011/1011/1011
f 1399/1399/1399 941/941/941 1013/1013/1013
f 1399/1399/1399 1013/1013/1013 1435/1435/1435
f 1400/1400/1400 942/942/942 1015/1015/1015
f 1400/1400/1400 1015/1015/1015 1437/1437/1437
f 1013/1013/1013 941/941/941 1400/1400/1400
f 1013/1013/1013 1400/1400/1400 1437/1437/1437
f 1401/1401/1401 944/944/944 1017/1017/1017
f 1401/1401/1401 1017/1017/1017 1438/1438/1438
f 943/943/943 1401/1401/1401 1438/1438/1438
f 943/943/943 1438/1438/1438 1016/1016/1016
f 1373/1373/1373 1402/1402/1402 944/944/944
f 1373/1373/1373 944/944/944 796/796/796
f 878/878/878 925/925/925 1402/1402/1402
f 878/878/878 1402/1402/1402 1373/1373/1373
f 1017/1017/1017 944/944/944 1402/1402/1402
f 1017/1017/1017 1402/1402/1402 1441/1441/1441
f 1412/1412/1412 945/945/945 919/919/919
f 1412/1412/1412 919/919/919 1461/1461/1461
f 945/945/945 946/946/946 920/920/920
f 945/945/945 920/920/920 919/919/919
f 832/832/832 946/946/946 945/945/945
f 832/832/832 945/945/945 834/834/834
f 946/946/946 947/947/947 1021/1021/1021
f 946/946/946 1021/1021/1021 920/920/920
f 830/830/830 947/947/947 946/946/946
f 830/830/830 946/946/946 832/832/832
f 947/947/947 948/948/948 1023/1023/1023
f 947/947/947 1023/1023/1023 1021/1021/1021
f 828/828/828 948/948/948 947/947/947
f 828/828/828 947/947/947 830/830/830
f 948/948/948 949/949/949 1025/1025/1025
f 948/948/948 1025/1025/1025 1023/1023/1023
f 826/826/826 949/949/949 948/948/948
f 826/826/826 948/948/948 828/828/828
f 949/949/949 950/950/950 1027/1027/1027
f 949/949/949 1027/1027/1027 1025/1025/1025
f 824/824/824 950/950/950 949/949/949
f 824/824/824 949/949/949 826/826/826
f 950/950/950 1403/1403/1403 1443/1443/1443
f 950/950/950 1443/1443/1443 1027/1027/1027
f 1350/1350/1350 1403/1403/1403 950/950/950
f 1350/1350/1350 950/950/950 824/824/824
f 1348/1348/1348 1404/1404/1404 1403/1403/1403
f 1348/1348/1348 1403/1403/1403 1350/1350/1350
f 1403/1403/1403 1404/1404/1404 1445/1445/1445
f 1403/1403/1403 1445/1445/1445 1443/1443/1443
f 822/822/822 951/951/951 1404/1404/1404
f 822/822/822 1404/1404/1404 1348/1348/1348
f 1404/1404/1404 951/951/951 1029/1029/1029
f 1404/1404/1404 1029/1029/1029 1445/1445/1445
f 1346/1346/1346 1405/1405/1405 951/951/951
f 1346/1346/1346 951/951/951 822/822/822
f 821/821/821 953/953/953 1405/1405/1405
f 821/821/821 1405/1405/1405 1346/1346/1346
f 1405/1405/1405 953/953/953 1032/1032/1032
f 1405/1405/1405 1032/1032/1032 1447/1447/1447
f 1029/1029/1029 951/951/951 1405/1405/1405
f 1029/1029/1029 1405/1405/1405 1447/1447/1447
f 1345/1345/1345 1406/1406/1406 952/952/952
f 1345/1345/1345 952/952/952 820/820/820
f 819/819/819 954/954/954 1406/1406/1406
f 819/819/819 1406/1406/1406 1345/1345/1345
f 1406/1406/1406 954/954/954 1033/1033/1033
f 1406/1406/1406 1033/1033/1033 1448/1448/1448
f 952/952/952 1406/1406/1406 1448/1448/1448
f 952/952/952 1448/1448/1448 1031/1031/1031
f 1407/1407/1407 1408/1408/1408 1452/1452/1452
f 1407/1407/1407 1452/1452/1452 1451/1451/1451
f 1033/1033/1033 954/954/954 1407/1407/1407
f 1033/1033/1033 1407/1407/1407 1451/1451/1451
f 1408/1408/1408 955/955/955 1037/1037/1037
f 1408/1408/1408 1037/1037/1037 1452/1452/1452
f 955/955/955 956/956/956 1039/1039/1039
f 955/955/955 1039/1039/1039 1037/1037/1037
f 956/956/956 957/957/957 1041/1041/1041
f 956/956/956 1041/1041/1041 1039/1039/1039
f 957/957/957 958/958/958 1043/1043/1043
f 957/957/957 1043/1043/1043 1041/1041/1041
f 958/958/958 959/959/959 1045/1045/1045
f 958/958/958 1045/1045/1045 1043/1043/1043
f 959/959/959 960/960/960 1047/1047/1047
f 959/959/959 1047/1047/1047 1045/1045/1045
f 960/960/960 1409/1409/1409 1455/1455/1455
f 960/960/960 1455/1455/1455 1047/1047/1047
f 1409/1409/1409 961/961/961 1049/1049/1049
f 1409/1409/1409 1049/1049/1049 1455/1455/1455
f 1410/1410/1410 962/962/962 1051/1051/1051
f 1410/1410/1410 1051/1051/1051 1457/1457/1457
f 1049/1049/1049 961/961/961 1410/1410/1410
f 1049/1049/1049 1410/1410/1410 1457/1457/1457
f 1411/1411/1411 964/964/964 1053/1053/1053
f 1411/1411/1411 1053/1053/1053 1458/1458/1458
f 963/963/963 1411/1411/1411 1458/1458/1458
f 963/963/963 1458/1458/1458 1052/1052/1052
f 1352/1352/1352 1412/1412/1412 964/964/964
f 1352/1352/1352 964/964/964 836/836/836
f 834/834/834 945/945/945 1412/1412/1412
f 834/834/834 1412/1412/1412 1352/1352/1352
f 1053/1053/1053 964/964/964 1412/1412/1412
f 1053/1053/1053 1412/1412/1412 1461/1461/1461
f 1422/1422/1422 965/965/965 923/923/923
f 1422/1422/1422 923/923/923 1481/1481/1481
f 965/965/965 966/966/966 924/924/924
f 965/965/965 924/924/924 923/923/923
f 898/898/898 966/966/966 965/965/965
f 898/898/898 965/965/965 896/896/896
f 966/966/966 967/967/967 1057/1057/1057
f 966/966/966 1057/1057/1057 924/924/924
f 900/900/900 967/967/967 966/966/966
f 900/900/900 966/966/966 898/898/898
f 967/967/967 968/968/968 1059/1059/1059
f 967/967/967 1059/1059/1059 1057/1057/1057
f 902/902/902 968/968/968 967/967/967
f 902/902/902 967/967/967 900/900/900
f 968/968/968 969/969/969 1061/1061/1061
f 968/968/968 1061/1061/1061 1059/1059/1059
f 904/904/904 969/969/969 968/968/968
f 904/904/904 968/968/968 902/902/902
f 969/969/969 970/970/970 1063/1063/1063
f 969/969/969 1063/1063/1063 1061/1061/1061
f 906/906/906 970/970/970 969/969/969
f 906/906/906 969/969/969 904/904/904
f 970/970/970 1413/1413/1413 1463/1463/1463
f 970/970/970 1463/1463/1463 1063/1063/1063
f 1386/1386/1386 1413/1413/1413 970/970/970
f 1386/1386/1386 970/970/970 906/906/906
f 1388/1388/1388 1414/1414/1414 1413/1413/1413
f 1388/1388/1388 1413/1413/1413 1386/1386/1386
f 1413/1413/1413 1414/1414/1414 1465/1465/1465
f 1413/1413/1413 1465/1465/1465 1463/1463/1463
f 908/908/908 971/971/971 1414/1414/1414
f 908/908/908 1414/1414/1414 1388/1388/1388
f 1414/1414/1414 971/971/971 1065/1065/1065
f 1414/1414/1414 1065/1065/1065 1465/1465/1465
f 1391/1391/1391 1415/1415/1415 971/971/971
f 1391/1391/1391 971/971/971 908/908/908
f 912/912/912 973/973/973 1415/1415/1415
f 912/912/912 1415/1415/1415 1391/1391/1391
f 1415/1415/1415 973/973/973 1068/1068/1068
f 1415/1415/1415 1068/1068/1068 1467/1467/1467
f 1065/1065/1065 971/971/971 1415/1415/1415
f 1065/1065/1065 1415/1415/1415 1467/1467/1467
f 1390/1390/1390 1416/1416/1416 972/972/972
f 1390/1390/1390 972/972/972 911/911/911
f 875/875/875 974/974/974 1416/1416/1416
f 875/875/875 1416/1416/1416 1390/1390/1390
f 1416/1416/1416 974/974/974 1069/1069/1069
f 1416/1416/1416 1069/1069/1069 1468/1468/1468
f 972/972/972 1416/1416/1416 1468/1468/1468
f 972/972/972 1468/1468/1468 1067/1067/1067
f 1417/1417/1417 1418/1418/1418 1472/1472/1472
f 1417/1417/1417 1472/1472/1472 1471/1471/1471
f 1069/1069/1069 974/974/974 1417/1417/1417
f 1069/1069/1069 1417/1417/1417 1471/1471/1471
f 1418/1418/1418 975/975/975 1073/1073/1073
f 1418/1418/1418 1073/1073/1073 1472/1472/1472
f 975/975/975 976/976/976 1075/1075/1075
f 975/975/975 1075/1075/1075 1073/1073/1073
f 976/976/976 977/977/977 1077/1077/1077
f 976/976/976 1077/1077/1077 1075/1075/1075
f 977/977/977 978/978/978 1079/1079/1079
f 977/977/977 1079/1079/1079 1077/1077/1077
f 978/978/978 979/979/979 1081/1081/1081
f 978/978/978 1081/1081/1081 1079/1079/1079
f 979/979/979 980/980/980 1083/1083/1083
f 979/979/979 1083/1083/1083 1081/1081/1081
f 980/980/980 1419/1419/1419 1475/1475/1475
f 980/980/980 1475/1475/1475 1083/1083/1083
f 1419/1419/1419 981/981/981 1085/1085/1085
f 1419/1419/1419 1085/1085/1085 1475/1475/1475
f 1420/1420/1420 983/983/983 1088/1088/1088
f 1420/1420/1420 1088/1088/1088 1477/1477/1477
f 1085/1085/1085 981/981/981 1420/1420/1420
f 1085/1085/1085 1420/1420/1420 1477/1477/1477
f 1421/1421/1421 984/984/984 1089/1089/1089
f 1421/1421/1421 1089/1089/1089 1478/1478/1478
f 982/982/982 1421/1421/1421 1478/1478/1478
f 982/982/982 1478/1478/1478 1087/1087/1087
f 1383/1383/1383 1422/1422/1422 984/984/984
f 1383/1383/1383 984/984/984 858/858/858
f 896/896/896 965/965/965 1422/1422/1422
f 896/896/896 1422/1422/1422 1383/1383/1383
f 1089/1089/1089 984/984/984 1422/1422/1422
f 1089/1089/1089 1422/1422/1422 1481/1481/1481
f 530/530/530 914/914/914 986/986/986
f 530/530/530 986/986/986 534/534/534
f 914/914/914 916/916/916 985/985/985
f 914/914/914 985/985/985 986/986/986
f 534/534/534 986/986/986 988/988/988
f 534/534/534 988/988/988 538/538/538
f 986/986/986 985/985/985 987/987/987
f 986/986/986 987/987/987 988/988/988
f 538/538/538 988/988/988 990/990/990
f 538/538/538 990/990/990 542/542/542
f 988/988/988 987/987/987 989/989/989
f 988/988/988 989/989/989 990/990/990
f 542/542/542 990/990/990 992/992/992
f 542/542/542 992/992/992 546/546/546
f 990/990/990 989/989/989 991/991/991
f 990/990/990 991/991/991 992/992/992
f 1424/1424/1424 992/992/992 991/991/991
f 1424/1424/1424 991/991/991 1423/1423/1423
f 1426/1426/1426 1424/1424/1424 1423/1423/1423
f 1426/1426/1426 1423/1423/1423 1425/1425/1425
f 1426/1426/1426 994/994/994 71/71/71
f 1426/1426/1426 71/71/71 1287/1287/1287
f 994/994/994 1426/1426/1426 1425/1425/1425
f 994/994/994 1425/1425/1425 993/993/993
f 1429/1429/1429 999/999/999 281/281/281
f 1429/1429/1429 281/281/281 1103/1103/1103
f 1427/1427/1427 1429/1429/1429 994/994/994
f 1427/1427/1427 994/994/994 993/993/993
f 1430/1430/1430 1000/1000/1000 78/78/78
f 1430/1430/1430 78/78/78 1106/1106/1106
f 1427/1427/1427 996/996/996 999/999/999
f 1427/1427/1427 999/999/999 1429/1429/1429
f 1000/1000/1000 1430/1430/1430 1428/1428/1428
f 1000/1000/1000 1428/1428/1428 997/997/997
f 1430/1430/1430 998/998/998 995/995/995
f 1430/1430/1430 995/995/995 1428/1428/1428
f 1000/1000/1000 1433/1433/1433 1324/1324/1324
f 1000/1000/1000 1324/1324/1324 78/78/78
f 1433/1433/1433 1000/1000/1000 997/997/997
f 1433/1433/1433 997/997/997 1431/1431/1431
f 1434/1434/1434 1433/1433/1433 1431/1431/1431
f 1434/1434/1434 1431/1431/1431 1432/1432/1432
f 1434/1434/1434 1432/1432/1432 1001/1001/1001
f 1434/1434/1434 1001/1001/1001 1002/1002/1002
f 1002/1002/1002 1001/1001/1001 1003/1003/1003
f 1002/1002/1002 1003/1003/1003 1004/1004/1004
f 1004/1004/1004 1003/1003/1003 1005/1005/1005
f 1004/1004/1004 1005/1005/1005 1006/1006/1006
f 1006/1006/1006 1005/1005/1005 1007/1007/1007
f 1006/1006/1006 1007/1007/1007 1008/1008/1008
f 1008/1008/1008 1007/1007/1007 1009/1009/1009
f 1008/1008/1008 1009/1009/1009 1010/1010/1010
f 1010/1010/1010 1009/1009/1009 1011/1011/1011
f 1010/1010/1010 1011/1011/1011 1012/1012/1012
f 1436/1436/1436 1012/1012/1012 1011/1011/1011
f 1436/1436/1436 1011/1011/1011 1435/1435/1435
f 1319/1319/1319 1436/1436/1436 1014/1014/1014
f 1319/1319/1319 1014/1014/1014 74/74/74
f 1014/1014/1014 1436/1436/1436 1435/1435/1435
f 1014/1014/1014 1435/1435/1435 1013/1013/1013
f 74/74/74 1014/1014/1014 1439/1439/1439
f 74/74/74 1439/1439/1439 773/773/773
f 773/773/773 1439/1439/1439 1018/1018/1018
f 773/773/773 1018/1018/1018 258/258/258
f 1437/1437/1437 1439/1439/1439 1014/1014/1014
f 1437/1437/1437 1014/1014/1014 1013/1013/1013
f 774/774/774 1440/1440/1440 1020/1020/1020
f 774/774/774 1020/1020/1020 67/67/67
f 259/259/259 1019/1019/1019 1440/1440/1440
f 259/259/259 1440/1440/1440 774/774/774
f 1437/1437/1437 1015/1015/1015 1018/1018/1018
f 1437/1437/1437 1018/1018/1018 1439/1439/1439
f 1020/1020/1020 1440/1440/1440 1438/1438/1438
f 1020/1020/1020 1438/1438/1438 1017/1017/1017
f 1440/1440/1440 1019/1019/1019 1016/1016/1016
f 1440/1440/1440 1016/1016/1016 1438/1438/1438
f 1441/1441/1441 1442/1442/1442 1020/1020/1020
f 1441/1441/1441 1020/1020/1020 1017/1017/1017
f 266/266/266 918/918/918 1022/1022/1022
f 266/266/266 1022/1022/1022 268/268/268
f 918/918/918 920/920/920 1021/1021/1021
f 918/918/918 1021/1021/1021 1022/1022/1022
f 268/268/268 1022/1022/1022 1024/1024/1024
f 268/268/268 1024/1024/1024 270/270/270
f 1022/1022/1022 1021/1021/1021 1023/1023/1023
f 1022/1022/1022 1023/1023/1023 1024/1024/1024
f 270/270/270 1024/1024/1024 1026/1026/1026
f 270/270/270 1026/1026/1026 272/272/272
f 1024/1024/1024 1023/1023/1023 1025/1025/1025
f 1024/1024/1024 1025/1025/1025 1026/1026/1026
f 272/272/272 1026/1026/1026 1028/1028/1028
f 272/272/272 1028/1028/1028 274/274/274
f 1026/1026/1026 1025/1025/1025 1027/1027/1027
f 1026/1026/1026 1027/1027/1027 1028/1028/1028
f 1444/1444/1444 1028/1028/1028 1027/1027/1027
f 1444/1444/1444 1027/1027/1027 1443/1443/1443
f 1446/1446/1446 1444/1444/1444 1443/1443/1443
f 1446/1446/1446 1443/1443/1443 1445/1445/1445
f 1446/1446/1446 1030/1030/1030 87/87/87
f 1446/1446/1446 87/87/87 1097/1097/1097
f 1030/1030/1030 1446/1446/1446 1445/1445/1445
f 1030/1030/1030 1445/1445/1445 1029/1029/1029
f 1449/1449/1449 1035/1035/1035 278/278/278
f 1449/1449/1449 278/278/278 1099/1099/1099
f 1447/1447/1447 1449/1449/1449 1030/1030/1030
f 1447/1447/1447 1030/1030/1030 1029/1029/1029
f 1450/1450/1450 1036/1036/1036 70/70/70
f 1450/1450/1450 70/70/70 1102/1102/1102
f 1447/1447/1447 1032/1032/1032 1035/1035/1035
f 1447/1447/1447 1035/1035/1035 1449/1449/1449
f 1036/1036/1036 1450/1450/1450 1448/1448/1448
f 1036/1036/1036 1448/1448/1448 1033/1033/1033
f 1450/1450/1450 1034/1034/1034 1031/1031/1031
f 1450/1450/1450 1031/1031/1031 1448/1448/1448
f 1280/1280/1280 70/70/70 1036/1036/1036
f 1280/1280/1280 1036/1036/1036 1453/1453/1453
f 1453/1453/1453 1036/1036/1036 1033/1033/1033
f 1453/1453/1453 1033/1033/1033 1451/1451/1451
f 1454/1454/1454 1453/1453/1453 1451/1451/1451
f 1454/1454/1454 1451/1451/1451 1452/1452/1452
f 1284/1284/1284 1454/1454/1454 1038/1038/1038
f 1284/1284/1284 1038/1038/1038 545/545/545
f 1454/1454/1454 1452/1452/1452 1037/1037/1037
f 1454/1454/1454 1037/1037/1037 1038/1038/1038
f 545/545/545 1038/1038/1038 1040/1040/1040
f 545/545/545 1040/1040/1040 541/541/541
f 1038/1038/1038 1037/1037/1037 1039/1039/1039
f 1038/1038/1038 1039/1039/1039 1040/1040/1040
f 541/541/541 1040/1040/1040 1042/1042/1042
f 541/541/541 1042/1042/1042 537/537/537
f 1040/1040/1040 1039/1039/1039 1041/1041/1041
f 1040/1040/1040 1041/1041/1041 1042/1042/1042
f 537/537/537 1042/1042/1042 1044/1044/1044
f 537/537/537 1044/1044/1044 533/533/533
f 1042/1042/1042 1041/1041/1041 1043/1043/1043
f 1042/1042/1042 1043/1043/1043 1044/1044/1044
f 533/533/533 1044/1044/1044 1046/1046/1046
f 533/533/533 1046/1046/1046 529/529/529
f 1044/1044/1044 1043/1043/1043 1045/1045/1045
f 1044/1044/1044 1045/1045/1045 1046/1046/1046
f 529/529/529 1046/1046/1046 1048/1048/1048
f 529/529/529 1048/1048/1048 525/525/525
f 1046/1046/1046 1045/1045/1045 1047/1047/1047
f 1046/1046/1046 1047/1047/1047 1048/1048/1048
f 1456/1456/1456 1048/1048/1048 1047/1047/1047
f 1456/1456/1456 1047/1047/1047 1455/1455/1455
f 1275/1275/1275 1456/1456/1456 1050/1050/1050
f 1275/1275/1275 1050/1050/1050 66/66/66
f 1050/1050/1050 1456/1456/1456 1455/1455/1455
f 1050/1050/1050 1455/1455/1455 1049/1049/1049
f 768/768/768 66/66/66 1050/1050/1050
f 768/768/768 1050/1050/1050 1459/1459/1459
f 768/768/768 1459/1459/1459 1054/1054/1054
f 768/768/768 1054/1054/1054 255/255/255
f 1457/1457/1457 1459/1459/1459 1050/1050/1050
f 1457/1457/1457 1050/1050/1050 1049/1049/1049
f 769/769/769 1460/1460/1460 1056/1056/1056
f 769/769/769 1056/1056/1056 85/85/85
f 769/769/769 256/256/256 1055/1055/1055
f 769/769/769 1055/1055/1055 1460/1460/1460
f 1457/1457/1457 1051/1051/1051 1054/1054/1054
f 1457/1457/1457 1054/1054/1054 1459/1459/1459
f 1056/1056/1056 1460/1460/1460 1458/1458/1458
f 1056/1056/1056 1458/1458/1458 1053/1053/1053
f 1460/1460/1460 1055/1055/1055 1052/1052/1052
f 1460/1460/1460 1052/1052/1052 1458/1458/1458
f 1461/1461/1461 1462/1462/1462 1056/1056/1056
f 1461/1461/1461 1056/1056/1056 1053/1053/1053
f 109/109/109 922/922/922 1058/1058/1058
f 109/109/109 1058/1058/1058 113/113/113
f 922/922/922 924/924/924 1057/1057/1057
f 922/922/922 1057/1057/1057 1058/1058/1058
f 113/113/113 1058/1058/1058 1060/1060/1060
f 113/113/113 1060/1060/1060 117/117/117
f 1058/1058/1058 1057/1057/1057 1059/1059/1059
f 1058/1058/1058 1059/1059/1059 1060/1060/1060
f 117/117/117 1060/1060/1060 1062/1062/1062
f 117/117/117 1062/1062/1062 121/121/121
f 1060/1060/1060 1059/1059/1059 1061/1061/1061
f 1060/1060/1060 1061/1061/1061 1062/1062/1062
f 121/121/121 1062/1062/1062 1064/1064/1064
f 121/121/121 1064/1064/1064 125/125/125
f 1062/1062/1062 1061/1061/1061 1063/1063/1063
f 1062/1062/1062 1063/1063/1063 1064/1064/1064
f 1464/1464/1464 1064/1064/1064 1063/1063/1063
f 1464/1464/1464 1063/1063/1063 1463/1463/1463
f 1466/1466/1466 1464/1464/1464 1463/1463/1463
f 1466/1466/1466 1463/1463/1463 1465/1465/1465
f 1466/1466/1466 1066/1066/1066 79/79/79
f 1466/1466/1466 79/79/79 1331/1331/1331
f 1066/1066/1066 1466/1466/1466 1465/1465/1465
f 1066/1066/1066 1465/1465/1465 1065/1065/1065
f 1469/1469/1469 1071/1071/1071 285/285/285
f 1469/1469/1469 285/285/285 1107/1107/1107
f 1467/1467/1467 1469/1469/1469 1066/1066/1066
f 1467/1467/1467 1066/1066/1066 1065/1065/1065
f 1470/1470/1470 1072/1072/1072 84/84/84
f 1470/1470/1470 84/84/84 1110/1110/1110
f 1467/1467/1467 1068/1068/1068 1071/1071/1071
f 1467/1467/1467 1071/1071/1071 1469/1469/1469
f 1072/1072/1072 1470/1470/1470 1468/1468/1468
f 1072/1072/1072 1468/1468/1468 1069/1069/1069
f 1470/1470/1470 1070/1070/1070 1067/1067/1067
f 1470/1470/1470 1067/1067/1067 1468/1468/1468
f 706/706/706 84/84/84 1072/1072/1072
f 706/706/706 1072/1072/1072 1473/1473/1473
f 1473/1473/1473 1072/1072/1072 1069/1069/1069
f 1473/1473/1473 1069/1069/1069 1471/1471/1471
f 1474/1474/1474 1473/1473/1473 1471/1471/1471
f 1474/1474/1474 1471/1471/1471 1472/1472/1472
f 704/704/704 1474/1474/1474 1074/1074/1074
f 704/704/704 1074/1074/1074 189/189/189
f 1474/1474/1474 1472/1472/1472 1073/1073/1073
f 1474/1474/1474 1073/1073/1073 1074/1074/1074
f 189/189/189 1074/1074/1074 1076/1076/1076
f 189/189/189 1076/1076/1076 187/187/187
f 1074/1074/1074 1073/1073/1073 1075/1075/1075
f 1074/1074/1074 1075/1075/1075 1076/1076/1076
f 187/187/187 1076/1076/1076 1078/1078/1078
f 187/187/187 1078/1078/1078 185/185/185
f 1076/1076/1076 1075/1075/1075 1077/1077/1077
f 1076/1076/1076 1077/1077/1077 1078/1078/1078
f 185/185/185 1078/1078/1078 1080/1080/1080
f 185/185/185 1080/1080/1080 183/183/183
f 1078/1078/1078 1077/1077/1077 1079/1079/1079
f 1078/1078/1078 1079/1079/1079 1080/1080/1080
f 183/183/183 1080/1080/1080 1082/1082/1082
f 183/183/183 1082/1082/1082 181/181/181
f 1080/1080/1080 1079/1079/1079 1081/1081/1081
f 1080/1080/1080 1081/1081/1081 1082/1082/1082
f 181/181/181 1082/1082/1082 1084/1084/1084
f 181/181/181 1084/1084/1084 179/179/179
f 1082/1082/1082 1081/1081/1081 1083/1083/1083
f 1082/1082/1082 1083/1083/1083 1084/1084/1084
f 1476/1476/1476 1084/1084/1084 1083/1083/1083
f 1476/1476/1476 1083/1083/1083 1475/1475/1475
f 701/701/701 1476/1476/1476 1086/1086/1086
f 701/701/701 1086/1086/1086 82/82/82
f 1086/1086/1086 1476/1476/1476 1475/1475/1475
f 1086/1086/1086 1475/1475/1475 1085/1085/1085
f 779/779/779 82/82/82 1086/1086/1086
f 779/779/779 1086/1086/1086 1479/1479/1479
f 779/779/779 1479/1479/1479 1091/1091/1091
f 779/779/779 1091/1091/1091 261/261/261
f 1477/1477/1477 1479/1479/1479 1086/1086/1086
f 1477/1477/1477 1086/1086/1086 1085/1085/1085
f 780/780/780 1480/1480/1480 1092/1092/1092
f 780/780/780 1092/1092/1092 75/75/75
f 780/780/780 260/260/260 1090/1090/1090
f 780/780/780 1090/1090/1090 1480/1480/1480
f 1477/1477/1477 1088/1088/1088 1091/1091/1091
f 1477/1477/1477 1091/1091/1091 1479/1479/1479
f 1092/1092/1092 1480/1480/1480 1478/1478/1478
f 1092/1092/1092 1478/1478/1478 1089/1089/1089
f 1480/1480/1480 1090/1090/1090 1087/1087/1087
f 1480/1480/1480 1087/1087/1087 1478/1478/1478
f 1481/1481/1481 1482/1482/1482 1092/1092/1092
f 1481/1481/1481 1092/1092/1092 1089/1089/1089
f 1442/1442/1442 1277/1277/1277 67/67/67
f 1442/1442/1442 67/67/67 1020/1020/1020
f 1285/1285/1285 546/546/546 992/992/992
f 1285/1285/1285 992/992/992 1424/1424/1424
f 1426/1426/1426 1287/1287/1287 1285/1285/1285
f 1426/1426/1426 1285/1285/1285 1424/1424/1424
f 1482/1482/1482 1321/1321/1321 75/75/75
f 1482/1482/1482 75/75/75 1092/1092/1092
f 1329/1329/1329 125/125/125 1064/1064/1064
f 1329/1329/1329 1064/1064/1064 1464/1464/1464
f 1466/1466/1466 1331/1331/1331 1329/1329/1329
f 1466/1466/1466 1329/1329/1329 1464/1464/1464
f 263/263/263 86/86/86 1094/1094/1094
f 1462/1462/1462 1093/1093/1093 85/85/85
f 1462/1462/1462 85/85/85 1056/1056/1056
f 1094/1094/1094 265/265/265 663/663/663
f 1094/1094/1094 663/663/663 263/263/263
f 265/265/265 267/267/267 664/664/664
f 265/265/265 664/664/664 663/663/663
f 267/267/267 269/269/269 665/665/665
f 267/267/267 665/665/665 664/664/664
f 269/269/269 271/271/271 666/666/666
f 269/269/269 666/666/666 665/665/665
f 271/271/271 273/273/273 667/667/667
f 271/271/271 667/667/667 666/666/666
f 273/273/273 275/275/275 668/668/668
f 273/273/273 668/668/668 667/667/667
f 1095/1095/1095 274/274/274 1028/1028/1028
f 1095/1095/1095 1028/1028/1028 1444/1444/1444
f 668/668/668 275/275/275 1096/1096/1096
f 668/668/668 1096/1096/1096 1153/1153/1153
f 276/276/276 1153/1153/1153 1096/1096/1096
f 276/276/276 1096/1096/1096 1098/1098/1098
f 276/276/276 1098/1098/1098 88/88/88
f 1446/1446/1446 1097/1097/1097 1095/1095/1095
f 1446/1446/1446 1095/1095/1095 1444/1444/1444
f 1450/1450/1450 1102/1102/1102 277/277/277
f 1450/1450/1450 277/277/277 1034/1034/1034
f 1449/1449/1449 1099/1099/1099 87/87/87
f 1449/1449/1449 87/87/87 1030/1030/1030
f 1430/1430/1430 1106/1106/1106 280/280/280
f 1430/1430/1430 280/280/280 998/998/998
f 1429/1429/1429 1103/1103/1103 71/71/71
f 1429/1429/1429 71/71/71 994/994/994
f 1470/1470/1470 1110/1110/1110 284/284/284
f 1470/1470/1470 284/284/284 1070/1070/1070
f 1469/1469/1469 1107/1107/1107 79/79/79
f 1469/1469/1469 79/79/79 1066/1066/1066
f 1483/1483/1483 499/499/499 43/43/43
f 1483/1483/1483 43/43/43 753/753/753
f 741/741/741 1484/1484/1484 204/204/204
f 741/741/741 204/204/204 64/64/64
f 1483/1483/1483 753/753/753 251/251/251
f 1483/1483/1483 251/251/251 752/752/752
f 204/204/204 1484/1484/1484 744/744/744
f 204/204/204 744/744/744 33/33/33
f 747/747/747 1485/1485/1485 574/574/574
f 747/747/747 574/574/574 39/39/39
f 153/153/153 35/35/35 742/742/742
f 153/153/153 742/742/742 1486/1486/1486
f 574/574/574 1485/1485/1485 755/755/755
f 574/574/574 755/755/755 41/41/41
f 1486/1486/1486 742/742/742 245/245/245
f 1486/1486/1486 245/245/245 746/746/746
f 715/715/715 716/716/716 1486/1486/1486
f 715/715/715 1486/1486/1486 746/746/746
f 717/717/717 752/752/752 1485/1485/1485
f 717/717/717 1485/1485/1485 716/716/716
f 1486/1486/1486 749/749/749 37/37/37
f 1486/1486/1486 37/37/37 153/153/153
f 751/751/751 1485/1485/1485 747/747/747
f 751/751/751 747/747/747 248/248/248
f 191/191/191 31/31/31 691/691/691
f 191/191/191 691/691/691 1487/1487/1487
f 486/486/486 6/6/6 1125/1125/1125
f 486/486/486 1125/1125/1125 1488/1488/1488
f 1489/1489/1489 1309/1309/1309 99/99/99
f 1489/1489/1489 99/99/99 1308/1308/1308
f 1490/1490/1490 549/549/549 23/23/23
f 1490/1490/1490 23/23/23 1265/1265/1265
f 1489/1489/1489 693/693/693 29/29/29
f 1489/1489/1489 29/29/29 128/128/128
f 1489/1489/1489 128/128/128 27/27/27
f 1489/1489/1489 27/27/27 1309/1309/1309
f 1490/1490/1490 1265/1265/1265 520/520/520
f 1490/1490/1490 520/520/520 1264/1264/1264
f 1308/1308/1308 99/99/99 1311/1311/1311
f 1308/1308/1308 1311/1311/1311 1490/1490/1490
f 660/660/660 661/661/661 1490/1490/1490
f 660/660/660 1490/1490/1490 1264/1264/1264
f 661/661/661 662/662/662 669/669/669
f 661/661/661 669/669/669 1489/1489/1489
f 662/662/662 1487/1487/1487 669/669/669
f 242/242/242 660/660/660 1488/1488/1488
f 242/242/242 1488/1488/1488 1125/1125/1125
f 717/717/717 1483/1483/1483 752/752/752
f 740/740/740 715/715/715 1484/1484/1484
f 740/740/740 1484/1484/1484 741/741/741
f 1491/1491/1491 102/102/102 73/73/73
f 1491/1491/1491 73/73/73 772/772/772
f 1492/1492/1492 767/767/767 254/254/254
f 1492/1492/1492 254/254/254 771/771/771
f 771/771/771 728/728/728 729/729/729
f 771/771/771 729/729/729 1492/1492/1492
f 777/777/777 1491/1491/1491 729/729/729
f 777/777/777 729/729/729 730/730/730
f 778/778/778 1493/1493/1493 177/177/177
f 778/778/778 177/177/177 81/81/81
f 1494/1494/1494 263/263/263 54/54/54
f 1494/1494/1494 54/54/54 766/766/766
f 777/777/777 1493/1493/1493 778/778/778
f 777/777/777 778/778/778 262/262/262
f 1494/1494/1494 770/770/770 86/86/86
f 1494/1494/1494 86/86/86 263/263/263
f 730/730/730 1493/1493/1493 777/777/777
f 766/766/766 727/727/727 728/728/728
f 766/766/766 728/728/728 1494/1494/1494
f 1491/1491/1491 772/772/772 257/257/257
f 1491/1491/1491 257/257/257 776/776/776
f 777/777/777 262/262/262 781/781/781
f 777/777/777 781/781/781 1491/1491/1491
f 1492/1492/1492 775/775/775 68/68/68
f 1492/1492/1492 68/68/68 523/523/523
f 1492/1492/1492 523/523/523 65/65/65
f 1492/1492/1492 65/65/65 767/767/767
f 1307/1307/1307 1495/1495/1495 1104/1104/1104
f 1307/1307/1307 1104/1104/1104 282/282/282
f 1108/1108/1108 1496/1496/1496 127/127/127
f 1108/1108/1108 127/127/127 80/80/80
f 1100/1100/1100 1497/1497/1497 276/276/276
f 1100/1100/1100 276/276/276 88/88/88
f 1498/1498/1498 190/190/190 7/7/7
f 1498/1498/1498 7/7/7 1165/1165/1165
f 1263/1263/1263 1497/1497/1497 1100/1100/1100
f 1263/1263/1263 1100/1100/1100 279/279/279
f 659/659/659 1497/1497/1497 1263/1263/1263
f 1498/1498/1498 1109/1109/1109 83/83/83
f 1498/1498/1498 83/83/83 190/190/190
f 1165/1165/1165 232/232/232 657/657/657
f 1165/1165/1165 657/657/657 1498/1498/1498
f 548/548/548 1495/1495/1495 1101/1101/1101
f 548/548/548 1101/1101/1101 69/69/69
f 1104/1104/1104 1495/1495/1495 548/548/548
f 1104/1104/1104 548/548/548 72/72/72
f 690/690/690 1496/1496/1496 1108/1108/1108
f 690/690/690 1108/1108/1108 283/283/283
f 1105/1105/1105 1496/1496/1496 1307/1307/1307
f 1105/1105/1105 1307/1307/1307 282/282/282
f 690/690/690 657/657/657 658/658/658
f 690/690/690 658/658/658 1496/1496/1496
f 1263/1263/1263 1495/1495/1495 658/658/658
f 1263/1263/1263 658/658/658 659/659/659
f 1487/1487/1487 691/691/691 174/174/174
f 1487/1487/1487 174/174/174 669/669/669
f 486/486/486 1488/1488/1488 1267/1267/1267
f 486/486/486 1267/1267/1267 21/21/21
f 1522/1522/1522 1500/1500/1500 1502/1502/1502
f 1522/1522/1522 1502/1502/1502 1525/1525/1525
f 1525/1525/1525 1502/1502/1502 1504/1504/1504
f 1525/1525/1525 1504/1504/1504 1528/1528/1528
f 1528/1528/1528 1504/1504/1504 1506/1506/1506
f 1528/1528/1528 1506/1506/1506 1531/1531/1531
f 1531/1531/1531 1506/1506/1506 1508/1508/1508
f 1531/1531/1531 1508/1508/1508 1533/1533/1533
f 1532/1532/1532 1507/1507/1507 1510/1510/1510
f 1532/1532/1532 1510/1510/1510 1535/1535/1535
f 1535/1535/1535 1510/1510/1510 1512/1512/1512
f 1535/1535/1535 1512/1512/1512 1538/1538/1538
f 1538/1538/1538 1512/1512/1512 1514/1514/1514
f 1538/1538/1538 1514/1514/1514 1541/1541/1541
f 1541/1541/1541 1514/1514/1514 1516/1516/1516
f 1541/1541/1541 1516/1516/1516 1544/1544/1544
f 1544/1544/1544 1516/1516/1516 1519/1519/1519
f 1544/1544/1544 1519/1519/1519 1548/1548/1548
f 1548/1548/1548 1519/1519/1519 1500/1500/1500
f 1548/1548/1548 1500/1500/1500 1522/1522/1522
f 1554/1554/1554 1521/1521/1521 1524/1524/1524
f 1552/1552/1552 1523/1523/1523 1527/1527/1527
f 1551/1551/1551 1526/1526/1526 1529/1529/1529
f 1552/1552/1552 1530/1530/1530 1534/1534/1534
f 1552/1552/1552 1534/1534/1534 1536/1536/1536
f 1553/1553/1553 1537/1537/1537 1540/1540/1540
f 1552/1552/1552 1539/1539/1539 1543/1543/1543
f 1550/1550/1550 1542/1542/1542 1545/1545/1545
f 1552/1552/1552 1546/1546/1546 1547/1547/1547
f 1552/1552/1552 1547/1547/1547 1520/1520/1520
f 1549/1549/1549 1499/1499/1499 1518/1518/1518
f 1501/1501/1501 1499/1499/1499 1549/1549/1549
f 1503/1503/1503 1501/1501/1501 1549/1549/1549
f 1505/1505/1505 1503/1503/1503 1549/1549/1549
f 1509/1509/1509 1505/1505/1505 1549/1549/1549
f 1511/1511/1511 1509/1509/1509 1549/1549/1549
f 1513/1513/1513 1511/1511/1511 1549/1549/1549
f 1515/1515/1515 1513/1513/1513 1549/1549/1549
f 1517/1517/1517 1515/1515/1515 1549/1549/1549
f 1518/1518/1518 1517/1517/1517 1549/1549/1549
f 1578/1578/1578 1556/1556/1556 1558/1558/1558
f 1578/1578/1578 1558/1558/1558 1581/1581/1581
f 1581/1581/1581 1558/1558/1558 1560/1560/1560
f 1581/1581/1581 1560/1560/1560 1584/1584/1584
f 1584/1584/1584 1560/1560/1560 1562/1562/1562
f 1584/1584/1584 1562/1562/1562 1587/1587/1587
f 1587/1587/1587 1562/1562/1562 1563/1563/1563
f 1587/1587/1587 1563/1563/1563 1590/1590/1590
f 1590/1590/1590 1563/1563/1563 1565/1565/1565
f 1590/1590/1590 1565/1565/1565 1591/1591/1591
f 1591/1591/1591 1565/1565/1565 1567/1567/1567
f 1591/1591/1591 1567/1567/1567 1594/1594/1594
f 1594/1594/1594 1567/1567/1567 1569/1569/1569
f 1594/1594/1594 1569/1569/1569 1597/1597/1597
f 1597/1597/1597 1569/1569/1569 1571/1571/1571
f 1597/1597/1597 1571/1571/1571 1600/1600/1600
f 1600/1600/1600 1571/1571/1571 1573/1573/1573
f 1600/1600/1600 1573/1573/1573 1604/1604/1604
f 1605/1605/1605 1574/1574/1574 1556/1556/1556
f 1605/1605/1605 1556/1556/1556 1578/1578/1578
f 1609/1609/1609 1576/1576/1576 1579/1579/1579
f 1611/1611/1611 1580/1580/1580 1582/1582/1582
f 1614/1614/1614 1583/1583/1583 1586/1586/1586
f 1611/1611/1611 1585/1585/1585 1589/1589/1589
f 1608/1608/1608 1588/1588/1588 1592/1592/1592
f 1613/1613/1613 1593/1593/1593 1596/1596/1596
f 1611/1611/1611 1595/1595/1595 1599/1599/1599
f 1610/1610/1610 1598/1598/1598 1601/1601/1601
f 1611/1611/1611 1602/1602/1602 1603/1603/1603
f 1612/1612/1612 1606/1606/1606 1577/1577/1577
f 1607/1607/1607 1555/1555/1555 1575/1575/1575
f 1557/1557/1557 1555/1555/1555 1607/1607/1607
f 1559/1559/1559 1557/1557/1557 1607/1607/1607
f 1561/1561/1561 1559/1559/1559 1607/1607/1607
f 1564/1564/1564 1561/1561/1561 1607/1607/1607
f 1566/1566/1566 1564/1564/1564 1607/1607/1607
f 1568/1568/1568 1566/1566/1566 1607/1607/1607
f 1570/1570/1570 1568/1568/1568 1607/1607/1607
f 1572/1572/1572 1570/1570/1570 1607/1607/1607
f 1575/1575/1575 1572/1572/1572 1607/1607/1607
f 1639/1639/1639 1617/1617/1617 1619/1619/1619
f 1639/1639/1639 1619/1619/1619 1642/1642/1642
f 1642/1642/1642 1619/1619/1619 1621/1621/1621
f 1642/1642/1642 1621/1621/1621 1645/1645/1645
f 1645/1645/1645 1621/1621/1621 1623/1623/1623
f 1645/1645/1645 1623/1623/1623 1648/1648/1648
f 1648/1648/1648 1623/1623/1623 1624/1624/1624
f 1648/1648/1648 1624/1624/1624 1650/1650/1650
f 1650/1650/1650 1624/1624/1624 1626/1626/1626
f 1650/1650/1650 1626/1626/1626 1652/1652/1652
f 1652/1652/1652 1626/1626/1626 1628/1628/1628
f 1652/1652/1652 1628/1628/1628 1655/1655/1655
f 1655/1655/1655 1628/1628/1628 1630/1630/1630
f 1655/1655/1655 1630/1630/1630 1658/1658/1658
f 1658/1658/1658 1630/1630/1630 1632/1632/1632
f 1658/1658/1658 1632/1632/1632 1660/1660/1660
f 1660/1660/1660 1632/1632/1632 1635/1635/1635
f 1660/1660/1660 1635/1635/1635 1665/1665/1665
f 1664/1664/1664 1634/1634/1634 1617/1617/1617
f 1664/1664/1664 1617/1617/1617 1639/1639/1639
f 1669/1669/1669 1637/1637/1637 1640/1640/1640
f 1671/1671/1671 1641/1641/1641 1643/1643/1643
f 1674/1674/1674 1644/1644/1644 1647/1647/1647
f 1668/1668/1668 1646/1646/1646 1649/1649/1649
f 1675/1675/1675 1651/1651/1651 1654/1654/1654
f 1671/1671/1671 1653/1653/1653 1656/1656/1656
f 1672/1672/1672 1657/1657/1657 1659/1659/1659
f 1672/1672/1672 1659/1659/1659 1661/1661/1661
f 1673/1673/1673 1662/1662/1662 1666/1666/1666
f 1670/1670/1670 1663/1663/1663 1638/1638/1638
f 1667/1667/1667 1616/1616/1616 1636/1636/1636
f 1618/1618/1618 1615/1615/1615 1667/1667/1667
f 1620/1620/1620 1618/1618/1618 1667/1667/1667
f 1622/1622/1622 1620/1620/1620 1667/1667/1667
f 1625/1625/1625 1622/1622/1622 1667/1667/1667
f 1627/1627/1627 1625/1625/1625 1667/1667/1667
f 1629/1629/1629 1627/1627/1627 1667/1667/1667
f 1631/1631/1631 1629/1629/1629 1667/1667/1667
f 1633/1633/1633 1631/1631/1631 1667/1667/1667
f 1636/1636/1636 1633/1633/1633 1667/1667/1667
f 1699/1699/1699 1677/1677/1677 1679/1679/1679
f 1699/1699/1699 1679/1679/1679 1702/1702/1702
f 1702/1702/1702 1679/1679/1679 1681/1681/1681
f 1702/1702/1702 1681/1681/1681 1705/1705/1705
f 1705/1705/1705 1681/1681/1681 1683/1683/1683
f 1705/1705/1705 1683/1683/1683 1708/1708/1708
f 1708/1708/1708 1683/1683/1683 1685/1685/1685
f 1708/1708/1708 1685/1685/1685 1710/1710/1710
f 1709/1709/1709 1684/1684/1684 1687/1687/1687
f 1709/1709/1709 1687/1687/1687 1712/1712/1712
f 1712/1712/1712 1687/1687/1687 1689/1689/1689
f 1712/1712/1712 1689/1689/1689 1715/1715/1715
f 1715/1715/1715 1689/1689/1689 1691/1691/1691
f 1715/1715/1715 1691/1691/1691 1718/1718/1718
f 1718/1718/1718 1691/1691/1691 1693/1693/1693
f 1718/1718/1718 1693/1693/1693 1721/1721/1721
f 1721/1721/1721 1693/1693/1693 1696/1696/1696
f 1721/1721/1721 1696/1696/1696 1725/1725/1725
f 1725/1725/1725 1696/1696/1696 1677/1677/1677
f 1725/1725/1725 1677/1677/1677 1699/1699/1699
f 1731/1731/1731 1698/1698/1698 1701/1701/1701
f 1729/1729/1729 1700/1700/1700 1704/1704/1704
f 1728/1728/1728 1703/1703/1703 1706/1706/1706
f 1729/1729/1729 1707/1707/1707 1711/1711/1711
f 1729/1729/1729 1711/1711/1711 1713/1713/1713
f 1730/1730/1730 1714/1714/1714 1717/1717/1717
f 1729/1729/1729 1716/1716/1716 1720/1720/1720
f 1727/1727/1727 1719/1719/1719 1722/1722/1722
f 1729/1729/1729 1723/1723/1723 1724/1724/1724
f 1729/1729/1729 1724/1724/1724 1697/1697/1697
f 1726/1726/1726 1676/1676/1676 1695/1695/1695
f 1678/1678/1678 1676/1676/1676 1726/1726/1726
f 1680/1680/1680 1678/1678/1678 1726/1726/1726
f 1682/1682/1682 1680/1680/1680 1726/1726/1726
f 1686/1686/1686 1682/1682/1682 1726/1726/1726
f 1688/1688/1688 1686/1686/1686 1726/1726/1726
f 1690/1690/1690 1688/1688/1688 1726/1726/1726
f 1692/1692/1692 1690/1690/1690 1726/1726/1726
f 1694/1694/1694 1692/1692/1692 1726/1726/1726
f 1695/1695/1695 1694/1694/1694 1726/1726/1726
f 1732/1732/1732 1734/1734/1734 2915/2915/2915
f 1732/1732/1732 2915/2915/2915 2900/2900/2900
f 1734/1734/1734 1735/1735/1735 2914/2914/2914
f 1734/1734/1734 2914/2914/2914 2915/2915/2915
f 1735/1735/1735 1736/1736/1736 2912/2912/2912
f 1735/1735/1735 2912/2912/2912 2914/2914/2914
f 1736/1736/1736 1737/1737/1737 2910/2910/2910
f 1736/1736/1736 2910/2910/2910 2912/2912/2912
f 1737/1737/1737 1738/1738/1738 2908/2908/2908
f 1737/1737/1737 2908/2908/2908 2910/2910/2910
f 1738/1738/1738 1739/1739/1739 2905/2905/2905
f 1738/1738/1738 2905/2905/2905 2908/2908/2908
f 1739/1739/1739 1740/1740/1740 2903/2903/2903
f 1739/1739/1739 2903/2903/2903 2905/2905/2905
f 1740/1740/1740 1733/1733/1733 2901/2901/2901
f 1740/1740/1740 2901/2901/2901 2903/2903/2903
f 2917/2917/2917 2919/2919/2919 1734/1734/1734
f 2917/2917/2917 1734/1734/1734 1732/1732/1732
f 2926/2926/2926 2930/2930/2930 2919/2919/2919
f 2926/2926/2926 2919/2919/2919 2917/2917/2917
f 2919/2919/2919 2920/2920/2920 1735/1735/1735
f 2919/2919/2919 1735/1735/1735 1734/1734/1734
f 2930/2930/2930 2932/2932/2932 2920/2920/2920
f 2930/2930/2930 2920/2920/2920 2919/2919/2919
f 2920/2920/2920 2921/2921/2921 1736/1736/1736
f 2920/2920/2920 1736/1736/1736 1735/1735/1735
f 2932/2932/2932 2934/2934/2934 2921/2921/2921
f 2932/2932/2932 2921/2921/2921 2920/2920/2920
f 2921/2921/2921 2922/2922/2922 1737/1737/1737
f 2921/2921/2921 1737/1737/1737 1736/1736/1736
f 2934/2934/2934 2936/2936/2936 2922/2922/2922
f 2934/2934/2934 2922/2922/2922 2921/2921/2921
f 2922/2922/2922 2923/2923/2923 1738/1738/1738
f 2922/2922/2922 1738/1738/1738 1737/1737/1737
f 2936/2936/2936 2938/2938/2938 2923/2923/2923
f 2936/2936/2936 2923/2923/2923 2922/2922/2922
f 2923/2923/2923 2924/2924/2924 1739/1739/1739
f 2923/2923/2923 1739/1739/1739 1738/1738/1738
f 2938/2938/2938 2940/2940/2940 2924/2924/2924
f 2938/2938/2938 2924/2924/2924 2923/2923/2923
f 2924/2924/2924 2925/2925/2925 1740/1740/1740
f 2924/2924/2924 1740/1740/1740 1739/1739/1739
f 2940/2940/2940 2942/2942/2942 2925/2925/2925
f 2940/2940/2940 2925/2925/2925 2924/2924/2924
f 2925/2925/2925 2918/2918/2918 1733/1733/1733
f 2925/2925/2925 1733/1733/1733 1740/1740/1740
f 2942/2942/2942 2927/2927/2927 2918/2918/2918
f 2942/2942/2942 2918/2918/2918 2925/2925/2925
f 2928/2928/2928 2931/2931/2931 2930/2930/2930
f 2928/2928/2928 2930/2930/2930 2926/2926/2926
f 2944/2944/2944 2948/2948/2948 2931/2931/2931
f 2944/2944/2944 2931/2931/2931 2928/2928/2928
f 2931/2931/2931 2933/2933/2933 2932/2932/2932
f 2931/2931/2931 2932/2932/2932 2930/2930/2930
f 2948/2948/2948 2950/2950/2950 2933/2933/2933
f 2948/2948/2948 2933/2933/2933 2931/2931/2931
f 2933/2933/2933 2935/2935/2935 2934/2934/2934
f 2933/2933/2933 2934/2934/2934 2932/2932/2932
f 2950/2950/2950 2952/2952/2952 2935/2935/2935
f 2950/2950/2950 2935/2935/2935 2933/2933/2933
f 2935/2935/2935 2937/2937/2937 2936/2936/2936
f 2935/2935/2935 2936/2936/2936 2934/2934/2934
f 2952/2952/2952 2954/2954/2954 2937/2937/2937
f 2952/2952/2952 2937/2937/2937 2935/2935/2935
f 2937/2937/2937 2939/2939/2939 2938/2938/2938
f 2937/2937/2937 2938/2938/2938 2936/2936/2936
f 2954/2954/2954 2956/2956/2956 2939/2939/2939
f 2954/2954/2954 2939/2939/2939 2937/2937/2937
f 2939/2939/2939 2941/2941/2941 2940/2940/2940
f 2939/2939/2939 2940/2940/2940 2938/2938/2938
f 2956/2956/2956 2958/2958/2958 2941/2941/2941
f 2956/2956/2956 2941/2941/2941 2939/2939/2939
f 2941/2941/2941 2943/2943/2943 2942/2942/2942
f 2941/2941/2941 2942/2942/2942 2940/2940/2940
f 2958/2958/2958 2960/2960/2960 2943/2943/2943
f 2958/2958/2958 2943/2943/2943 2941/2941/2941
f 2943/2943/2943 2929/2929/2929 2927/2927/2927
f 2943/2943/2943 2927/2927/2927 2942/2942/2942
f 2960/2960/2960 2945/2945/2945 2929/2929/2929
f 2960/2960/2960 2929/2929/2929 2943/2943/2943
f 2946/2946/2946 2949/2949/2949 2948/2948/2948
f 2946/2946/2946 2948/2948/2948 2944/2944/2944
f 2962/2962/2962 2966/2966/2966 2949/2949/2949
f 2962/2962/2962 2949/2949/2949 2946/2946/2946
f 2949/2949/2949 2951/2951/2951 2950/2950/2950
f 2949/2949/2949 2950/2950/2950 2948/2948/2948
f 2966/2966/2966 2968/2968/2968 2951/2951/2951
f 2966/2966/2966 2951/2951/2951 2949/2949/2949
f 2951/2951/2951 2953/2953/2953 2952/2952/2952
f 2951/2951/2951 2952/2952/2952 2950/2950/2950
f 2968/2968/2968 2970/2970/2970 2953/2953/2953
f 2968/2968/2968 2953/2953/2953 2951/2951/2951
f 2953/2953/2953 2955/2955/2955 2954/2954/2954
f 2953/2953/2953 2954/2954/2954 2952/2952/2952
f 2970/2970/2970 2972/2972/2972 2955/2955/2955
f 2970/2970/2970 2955/2955/2955 2953/2953/2953
f 2955/2955/2955 2957/2957/2957 2956/2956/2956
f 2955/2955/2955 2956/2956/2956 2954/2954/2954
f 2972/2972/2972 2974/2974/2974 2957/2957/2957
f 2972/2972/2972 2957/2957/2957 2955/2955/2955
f 2957/2957/2957 2959/2959/2959 2958/2958/2958
f 2957/2957/2957 2958/2958/2958 2956/2956/2956
f 2974/2974/2974 2976/2976/2976 2959/2959/2959
f 2974/2974/2974 2959/2959/2959 2957/2957/2957
f 2959/2959/2959 2961/2961/2961 2960/2960/2960
f 2959/2959/2959 2960/2960/2960 2958/2958/2958
f 2976/2976/2976 2978/2978/2978 2961/2961/2961
f 2976/2976/2976 2961/2961/2961 2959/2959/2959
f 2961/2961/2961 2947/2947/2947 2945/2945/2945
f 2961/2961/2961 2945/2945/2945 2960/2960/2960
f 2978/2978/2978 2963/2963/2963 2947/2947/2947
f 2978/2978/2978 2947/2947/2947 2961/2961/2961
f 2964/2964/2964 2967/2967/2967 2966/2966/2966
f 2964/2964/2964 2966/2966/2966 2962/2962/2962
f 2980/2980/2980 2982/2982/2982 2967/2967/2967
f 2980/2980/2980 2967/2967/2967 2964/2964/2964
f 2967/2967/2967 2969/2969/2969 2968/2968/2968
f 2967/2967/2967 2968/2968/2968 2966/2966/2966
f 2982/2982/2982 2983/2983/2983 2969/2969/2969
f 2982/2982/2982 2969/2969/2969 2967/2967/2967
f 2969/2969/2969 2971/2971/2971 2970/2970/2970
f 2969/2969/2969 2970/2970/2970 2968/2968/2968
f 2983/2983/2983 2984/2984/2984 2971/2971/2971
f 2983/2983/2983 2971/2971/2971 2969/2969/2969
f 2971/2971/2971 2973/2973/2973 2972/2972/2972
f 2971/2971/2971 2972/2972/2972 2970/2970/2970
f 2984/2984/2984 2985/2985/2985 2973/2973/2973
f 2984/2984/2984 2973/2973/2973 2971/2971/2971
f 2973/2973/2973 2975/2975/2975 2974/2974/2974
f 2973/2973/2973 2974/2974/2974 2972/2972/2972
f 2985/2985/2985 2986/2986/2986 2975/2975/2975
f 2985/2985/2985 2975/2975/2975 2973/2973/2973
f 2975/2975/2975 2977/2977/2977 2976/2976/2976
f 2975/2975/2975 2976/2976/2976 2974/2974/2974
f 2986/2986/2986 2987/2987/2987 2977/2977/2977
f 2986/2986/2986 2977/2977/2977 2975/2975/2975
f 2977/2977/2977 2979/2979/2979 2978/2978/2978
f 2977/2977/2977 2978/2978/2978 2976/2976/2976
f 2987/2987/2987 2988/2988/2988 2979/2979/2979
f 2987/2987/2987 2979/2979/2979 2977/2977/2977
f 2979/2979/2979 2965/2965/2965 2963/2963/2963
f 2979/2979/2979 2963/2963/2963 2978/2978/2978
f 2988/2988/2988 2981/2981/2981 2965/2965/2965
f 2988/2988/2988 2965/2965/2965 2979/2979/2979
f 1743/1743/1743 2061/2061/2061 2053/2053/2053
f 1743/1743/1743 2053/2053/2053 1741/1741/1741
f 1743/1743/1743 1744/1744/1744 2060/2060/2060
f 1743/1743/1743 2060/2060/2060 2061/2061/2061
f 1744/1744/1744 1745/1745/1745 2059/2059/2059
f 1744/1744/1744 2059/2059/2059 2060/2060/2060
f 1746/1746/1746 1747/1747/1747 2056/2056/2056
f 1746/1746/1746 2056/2056/2056 2057/2057/2057
f 1747/1747/1747 1748/1748/1748 2055/2055/2055
f 1747/1747/1747 2055/2055/2055 2056/2056/2056
f 1748/1748/1748 1742/1742/1742 2054/2054/2054
f 1748/1748/1748 2054/2054/2054 2055/2055/2055
f 2898/2898/2898 2883/2883/2883 1749/1749/1749
f 2898/2898/2898 1749/1749/1749 1750/1750/1750
f 2897/2897/2897 2898/2898/2898 1750/1750/1750
f 2897/2897/2897 1750/1750/1750 1751/1751/1751
f 2895/2895/2895 2897/2897/2897 1751/1751/1751
f 2895/2895/2895 1751/1751/1751 1752/1752/1752
f 2893/2893/2893 2895/2895/2895 1752/1752/1752
f 2893/2893/2893 1752/1752/1752 1753/1753/1753
f 2891/2891/2891 2893/2893/2893 1753/1753/1753
f 2891/2891/2891 1753/1753/1753 1754/1754/1754
f 2888/2888/2888 2891/2891/2891 1754/1754/1754
f 2888/2888/2888 1754/1754/1754 1755/1755/1755
f 2886/2886/2886 2888/2888/2888 1755/1755/1755
f 2886/2886/2886 1755/1755/1755 1757/1757/1757
f 2883/2883/2883 2885/2885/2885 1756/1756/1756
f 2883/2883/2883 1756/1756/1756 1749/1749/1749
f 2989/2989/2989 2990/2990/2990 1750/1750/1750
f 2989/2989/2989 1750/1750/1750 1749/1749/1749
f 2998/2998/2998 3000/3000/3000 2990/2990/2990
f 2998/2998/2998 2990/2990/2990 2989/2989/2989
f 2990/2990/2990 2991/2991/2991 1751/1751/1751
f 2990/2990/2990 1751/1751/1751 1750/1750/1750
f 3000/3000/3000 3002/3002/3002 2991/2991/2991
f 3000/3000/3000 2991/2991/2991 2990/2990/2990
f 2991/2991/2991 2992/2992/2992 1752/1752/1752
f 2991/2991/2991 1752/1752/1752 1751/1751/1751
f 3002/3002/3002 3004/3004/3004 2992/2992/2992
f 3002/3002/3002 2992/2992/2992 2991/2991/2991
f 2992/2992/2992 2993/2993/2993 1753/1753/1753
f 2992/2992/2992 1753/1753/1753 1752/1752/1752
f 3004/3004/3004 3006/3006/3006 2993/2993/2993
f 3004/3004/3004 2993/2993/2993 2992/2992/2992
f 2993/2993/2993 2994/2994/2994 1754/1754/1754
f 2993/2993/2993 1754/1754/1754 1753/1753/1753
f 3006/3006/3006 3008/3008/3008 2994/2994/2994
f 3006/3006/3006 2994/2994/2994 2993/2993/2993
f 2994/2994/2994 2995/2995/2995 1755/1755/1755
f 2994/2994/2994 1755/1755/1755 1754/1754/1754
f 3008/3008/3008 3010/3010/3010 2995/2995/2995
f 3008/3008/3008 2995/2995/2995 2994/2994/2994
f 2995/2995/2995 2997/2997/2997 1757/1757/1757
f 2995/2995/2995 1757/1757/1757 1755/1755/1755
f 3010/3010/3010 3013/3013/3013 2997/2997/2997
f 3010/3010/3010 2997/2997/2997 2995/2995/2995
f 2996/2996/2996 2989/2989/2989 1749/1749/1749
f 2996/2996/2996 1749/1749/1749 1756/1756/1756
f 3012/3012/3012 2998/2998/2998 2989/2989/2989
f 3012/3012/3012 2989/2989/2989 2996/2996/2996
f 2999/2999/2999 3001/3001/3001 3000/3000/3000
f 2999/2999/2999 3000/3000/3000 2998/2998/2998
f 3016/3016/3016 3018/3018/3018 3001/3001/3001
f 3016/3016/3016 3001/3001/3001 2999/2999/2999
f 3001/3001/3001 3003/3003/3003 3002/3002/3002
f 3001/3001/3001 3002/3002/3002 3000/3000/3000
f 3018/3018/3018 3020/3020/3020 3003/3003/3003
f 3018/3018/3018 3003/3003/3003 3001/3001/3001
f 3003/3003/3003 3005/3005/3005 3004/3004/3004
f 3003/3003/3003 3004/3004/3004 3002/3002/3002
f 3020/3020/3020 3022/3022/3022 3005/3005/3005
f 3020/3020/3020 3005/3005/3005 3003/3003/3003
f 3005/3005/3005 3007/3007/3007 3006/3006/3006
f 3005/3005/3005 3006/3006/3006 3004/3004/3004
f 3022/3022/3022 3024/3024/3024 3007/3007/3007
f 3022/3022/3022 3007/3007/3007 3005/3005/3005
f 3007/3007/3007 3009/3009/3009 3008/3008/3008
f 3007/3007/3007 3008/3008/3008 3006/3006/3006
f 3024/3024/3024 3026/3026/3026 3009/3009/3009
f 3024/3024/3024 3009/3009/3009 3007/3007/3007
f 3009/3009/3009 3011/3011/3011 3010/3010/3010
f 3009/3009/3009 3010/3010/3010 3008/3008/3008
f 3026/3026/3026 3028/3028/3028 3011/3011/3011
f 3026/3026/3026 3011/3011/3011 3009/3009/3009
f 3011/3011/3011 3015/3015/3015 3013/3013/3013
f 3011/3011/3011 3013/3013/3013 3010/3010/3010
f 3028/3028/3028 3031/3031/3031 3015/3015/3015
f 3028/3028/3028 3015/3015/3015 3011/3011/3011
f 3014/3014/3014 2999/2999/2999 2998/2998/2998
f 3014/3014/3014 2998/2998/2998 3012/3012/3012
f 3030/3030/3030 3016/3016/3016 2999/2999/2999
f 3030/3030/3030 2999/2999/2999 3014/3014/3014
f 3017/3017/3017 3019/3019/3019 3018/3018/3018
f 3017/3017/3017 3018/3018/3018 3016/3016/3016
f 3034/3034/3034 3036/3036/3036 3019/3019/3019
f 3034/3034/3034 3019/3019/3019 3017/3017/3017
f 3019/3019/3019 3021/3021/3021 3020/3020/3020
f 3019/3019/3019 3020/3020/3020 3018/3018/3018
f 3036/3036/3036 3038/3038/3038 3021/3021/3021
f 3036/3036/3036 3021/3021/3021 3019/3019/3019
f 3021/3021/3021 3023/3023/3023 3022/3022/3022
f 3021/3021/3021 3022/3022/3022 3020/3020/3020
f 3038/3038/3038 3040/3040/3040 3023/3023/3023
f 3038/3038/3038 3023/3023/3023 3021/3021/3021
f 3023/3023/3023 3025/3025/3025 3024/3024/3024
f 3023/3023/3023 3024/3024/3024 3022/3022/3022
f 3040/3040/3040 3042/3042/3042 3025/3025/3025
f 3040/3040/3040 3025/3025/3025 3023/3023/3023
f 3025/3025/3025 3027/3027/3027 3026/3026/3026
f 3025/3025/3025 3026/3026/3026 3024/3024/3024
f 3042/3042/3042 3044/3044/3044 3027/3027/3027
f 3042/3042/3042 3027/3027/3027 3025/3025/3025
f 3027/3027/3027 3029/3029/3029 3028/3028/3028
f 3027/3027/3027 3028/3028/3028 3026/3026/3026
f 3044/3044/3044 3046/3046/3046 3029/3029/3029
f 3044/3044/3044 3029/3029/3029 3027/3027/3027
f 3029/3029/3029 3033/3033/3033 3031/3031/3031
f 3029/3029/3029 3031/3031/3031 3028/3028/3028
f 3046/3046/3046 3049/3049/3049 3033/3033/3033
f 3046/3046/3046 3033/3033/3033 3029/3029/3029
f 3032/3032/3032 3017/3017/3017 3016/3016/3016
f 3032/3032/3032 3016/3016/3016 3030/3030/3030
f 3048/3048/3048 3034/3034/3034 3017/3017/3017
f 3048/3048/3048 3017/3017/3017 3032/3032/3032
f 3035/3035/3035 3037/3037/3037 3036/3036/3036
f 3035/3035/3035 3036/3036/3036 3034/3034/3034
f 3052/3052/3052 3053/3053/3053 3037/3037/3037
f 3052/3052/3052 3037/3037/3037 3035/3035/3035
f 3037/3037/3037 3039/3039/3039 3038/3038/3038
f 3037/3037/3037 3038/3038/3038 3036/3036/3036
f 3053/3053/3053 3054/3054/3054 3039/3039/3039
f 3053/3053/3053 3039/3039/3039 3037/3037/3037
f 3039/3039/3039 3041/3041/3041 3040/3040/3040
f 3039/3039/3039 3040/3040/3040 3038/3038/3038
f 3054/3054/3054 3055/3055/3055 3041/3041/3041
f 3054/3054/3054 3041/3041/3041 3039/3039/3039
f 3041/3041/3041 3043/3043/3043 3042/3042/3042
f 3041/3041/3041 3042/3042/3042 3040/3040/3040
f 3055/3055/3055 3056/3056/3056 3043/3043/3043
f 3055/3055/3055 3043/3043/3043 3041/3041/3041
f 3043/3043/3043 3045/3045/3045 3044/3044/3044
f 3043/3043/3043 3044/3044/3044 3042/3042/3042
f 3056/3056/3056 3057/3057/3057 3045/3045/3045
f 3056/3056/3056 3045/3045/3045 3043/3043/3043
f 3045/3045/3045 3047/3047/3047 3046/3046/3046
f 3045/3045/3045 3046/3046/3046 3044/3044/3044
f 3057/3057/3057 3058/3058/3058 3047/3047/3047
f 3057/3057/3057 3047/3047/3047 3045/3045/3045
f 3047/3047/3047 3051/3051/3051 3049/3049/3049
f 3047/3047/3047 3049/3049/3049 3046/3046/3046
f 3058/3058/3058 3060/3060/3060 3051/3051/3051
f 3058/3058/3058 3051/3051/3051 3047/3047/3047
f 3050/3050/3050 3035/3035/3035 3034/3034/3034
f 3050/3050/3050 3034/3034/3034 3048/3048/3048
f 3059/3059/3059 3052/3052/3052 3035/3035/3035
f 3059/3059/3059 3035/3035/3035 3050/3050/3050
f 1758/1758/1758 1759/1759/1759 2139/2139/2139
f 1758/1758/1758 2139/2139/2139 2131/2131/2131
f 1759/1759/1759 1760/1760/1760 2138/2138/2138
f 1759/1759/1759 2138/2138/2138 2139/2139/2139
f 1761/1761/1761 1762/1762/1762 2135/2135/2135
f 1761/1761/1761 2135/2135/2135 2136/2136/2136
f 1762/1762/1762 1763/1763/1763 2134/2134/2134
f 1762/1762/1762 2134/2134/2134 2135/2135/2135
f 1763/1763/1763 1765/1765/1765 2133/2133/2133
f 1763/1763/1763 2133/2133/2133 2134/2134/2134
f 1764/1764/1764 1758/1758/1758 2131/2131/2131
f 1764/1764/1764 2131/2131/2131 2132/2132/2132
f 1782/1782/1782 1766/1766/1766 2018/2018/2018
f 1782/1782/1782 2018/2018/2018 2019/2019/2019
f 1766/1766/1766 1768/1768/1768 2026/2026/2026
f 1766/1766/1766 2026/2026/2026 2018/2018/2018
f 1768/1768/1768 1770/1770/1770 2025/2025/2025
f 1768/1768/1768 2025/2025/2025 2026/2026/2026
f 1770/1770/1770 1772/1772/1772 2024/2024/2024
f 1770/1770/1770 2024/2024/2024 2025/2025/2025
f 1772/1772/1772 1774/1774/1774 2023/2023/2023
f 1772/1772/1772 2023/2023/2023 2024/2024/2024
f 1774/1774/1774 1777/1777/1777 2022/2022/2022
f 1774/1774/1774 2022/2022/2022 2023/2023/2023
f 1776/1776/1776 1780/1780/1780 2020/2020/2020
f 1776/1776/1776 2020/2020/2020 2021/2021/2021
f 1780/1780/1780 1782/1782/1782 2019/2019/2019
f 1780/1780/1780 2019/2019/2019 2020/2020/2020
f 1829/1829/1829 1767/1767/1767 1783/1783/1783
f 1829/1829/1829 1783/1783/1783 1837/1837/1837
f 1784/1784/1784 1829/1829/1829 1837/1837/1837
f 1784/1784/1784 1837/1837/1837 1792/1792/1792
f 1829/1829/1829 1830/1830/1830 1769/1769/1769
f 1829/1829/1829 1769/1769/1769 1767/1767/1767
f 1785/1785/1785 1830/1830/1830 1829/1829/1829
f 1785/1785/1785 1829/1829/1829 1784/1784/1784
f 1830/1830/1830 1831/1831/1831 1771/1771/1771
f 1830/1830/1830 1771/1771/1771 1769/1769/1769
f 1786/1786/1786 1831/1831/1831 1830/1830/1830
f 1786/1786/1786 1830/1830/1830 1785/1785/1785
f 1831/1831/1831 1832/1832/1832 1773/1773/1773
f 1831/1831/1831 1773/1773/1773 1771/1771/1771
f 1787/1787/1787 1832/1832/1832 1831/1831/1831
f 1787/1787/1787 1831/1831/1831 1786/1786/1786
f 1832/1832/1832 1833/1833/1833 1775/1775/1775
f 1832/1832/1832 1775/1775/1775 1773/1773/1773
f 1788/1788/1788 1833/1833/1833 1832/1832/1832
f 1788/1788/1788 1832/1832/1832 1787/1787/1787
f 1833/1833/1833 1835/1835/1835 1779/1779/1779
f 1833/1833/1833 1779/1779/1779 1775/1775/1775
f 1790/1790/1790 1835/1835/1835 1833/1833/1833
f 1790/1790/1790 1833/1833/1833 1788/1788/1788
f 1834/1834/1834 1836/1836/1836 1781/1781/1781
f 1834/1834/1834 1781/1781/1781 1778/1778/1778
f 1791/1791/1791 1836/1836/1836 1834/1834/1834
f 1791/1791/1791 1834/1834/1834 1789/1789/1789
f 1836/1836/1836 1837/1837/1837 1783/1783/1783
f 1836/1836/1836 1783/1783/1783 1781/1781/1781
f 1792/1792/1792 1837/1837/1837 1836/1836/1836
f 1792/1792/1792 1836/1836/1836 1791/1791/1791
f 1838/1838/1838 1784/1784/1784 1792/1792/1792
f 1838/1838/1838 1792/1792/1792 1846/1846/1846
f 1793/1793/1793 1838/1838/1838 1846/1846/1846
f 1793/1793/1793 1846/1846/1846 1801/1801/1801
f 1838/1838/1838 1839/1839/1839 1785/1785/1785
f 1838/1838/1838 1785/1785/1785 1784/1784/1784
f 1794/1794/1794 1839/1839/1839 1838/1838/1838
f 1794/1794/1794 1838/1838/1838 1793/1793/1793
f 1839/1839/1839 1840/1840/1840 1786/1786/1786
f 1839/1839/1839 1786/1786/1786 1785/1785/1785
f 1795/1795/1795 1840/1840/1840 1839/1839/1839
f 1795/1795/1795 1839/1839/1839 1794/1794/1794
f 1840/1840/1840 1841/1841/1841 1787/1787/1787
f 1840/1840/1840 1787/1787/1787 1786/1786/1786
f 1796/1796/1796 1841/1841/1841 1840/1840/1840
f 1796/1796/1796 1840/1840/1840 1795/1795/1795
f 1841/1841/1841 1842/1842/1842 1788/1788/1788
f 1841/1841/1841 1788/1788/1788 1787/1787/1787
f 1797/1797/1797 1842/1842/1842 1841/1841/1841
f 1797/1797/1797 1841/1841/1841 1796/1796/1796
f 1842/1842/1842 1844/1844/1844 1790/1790/1790
f 1842/1842/1842 1790/1790/1790 1788/1788/1788
f 1799/1799/1799 1844/1844/1844 1842/1842/1842
f 1799/1799/1799 1842/1842/1842 1797/1797/1797
f 1843/1843/1843 1845/1845/1845 1791/1791/1791
f 1843/1843/1843 1791/1791/1791 1789/1789/1789
f 1800/1800/1800 1845/1845/1845 1843/1843/1843
f 1800/1800/1800 1843/1843/1843 1798/1798/1798
f 1845/1845/1845 1846/1846/1846 1792/1792/1792
f 1845/1845/1845 1792/1792/1792 1791/1791/1791
f 1801/1801/1801 1846/1846/1846 1845/1845/1845
f 1801/1801/1801 1845/1845/1845 1800/1800/1800
f 1847/1847/1847 1793/1793/1793 1801/1801/1801
f 1847/1847/1847 1801/1801/1801 1855/1855/1855
f 1802/1802/1802 1847/1847/1847 1855/1855/1855
f 1802/1802/1802 1855/1855/1855 1810/1810/1810
f 1847/1847/1847 1848/1848/1848 1794/1794/1794
f 1847/1847/1847 1794/1794/1794 1793/1793/1793
f 1803/1803/1803 1848/1848/1848 1847/1847/1847
f 1803/1803/1803 1847/1847/1847 1802/1802/1802
f 1848/1848/1848 1849/1849/1849 1795/1795/1795
f 1848/1848/1848 1795/1795/1795 1794/1794/1794
f 1804/1804/1804 1849/1849/1849 1848/1848/1848
f 1804/1804/1804 1848/1848/1848 1803/1803/1803
f 1849/1849/1849 1850/1850/1850 1796/1796/1796
f 1849/1849/1849 1796/1796/1796 1795/1795/1795
f 1805/1805/1805 1850/1850/1850 1849/1849/1849
f 1805/1805/1805 1849/1849/1849 1804/1804/1804
f 1850/1850/1850 1851/1851/1851 1797/1797/1797
f 1850/1850/1850 1797/1797/1797 1796/1796/1796
f 1806/1806/1806 1851/1851/1851 1850/1850/1850
f 1806/1806/1806 1850/1850/1850 1805/1805/1805
f 1851/1851/1851 1853/1853/1853 1799/1799/1799
f 1851/1851/1851 1799/1799/1799 1797/1797/1797
f 1808/1808/1808 1853/1853/1853 1851/1851/1851
f 1808/1808/1808 1851/1851/1851 1806/1806/1806
f 1852/1852/1852 1854/1854/1854 1800/1800/1800
f 1852/1852/1852 1800/1800/1800 1798/1798/1798
f 1809/1809/1809 1854/1854/1854 1852/1852/1852
f 1809/1809/1809 1852/1852/1852 1807/1807/1807
f 1854/1854/1854 1855/1855/1855 1801/1801/1801
f 1854/1854/1854 1801/1801/1801 1800/1800/1800
f 1810/1810/1810 1855/1855/1855 1854/1854/1854
f 1810/1810/1810 1854/1854/1854 1809/1809/1809
f 1856/1856/1856 1802/1802/1802 1810/1810/1810
f 1856/1856/1856 1810/1810/1810 1864/1864/1864
f 1811/1811/1811 1856/1856/1856 1864/1864/1864
f 1811/1811/1811 1864/1864/1864 1819/1819/1819
f 1856/1856/1856 1857/1857/1857 1803/1803/1803
f 1856/1856/1856 1803/1803/1803 1802/1802/1802
f 1812/1812/1812 1857/1857/1857 1856/1856/1856
f 1812/1812/1812 1856/1856/1856 1811/1811/1811
f 1857/1857/1857 1858/1858/1858 1804/1804/1804
f 1857/1857/1857 1804/1804/1804 1803/1803/1803
f 1813/1813/1813 1858/1858/1858 1857/1857/1857
f 1813/1813/1813 1857/1857/1857 1812/1812/1812
f 1858/1858/1858 1859/1859/1859 1805/1805/1805
f 1858/1858/1858 1805/1805/1805 1804/1804/1804
f 1814/1814/1814 1859/1859/1859 1858/1858/1858
f 1814/1814/1814 1858/1858/1858 1813/1813/1813
f 1859/1859/1859 1860/1860/1860 1806/1806/1806
f 1859/1859/1859 1806/1806/1806 1805/1805/1805
f 1815/1815/1815 1860/1860/1860 1859/1859/1859
f 1815/1815/1815 1859/1859/1859 1814/1814/1814
f 1860/1860/1860 1862/1862/1862 1808/1808/1808
f 1860/1860/1860 1808/1808/1808 1806/1806/1806
f 1817/1817/1817 1862/1862/1862 1860/1860/1860
f 1817/1817/1817 1860/1860/1860 1815/1815/1815
f 1861/1861/1861 1863/1863/1863 1809/1809/1809
f 1861/1861/1861 1809/1809/1809 1807/1807/1807
f 1818/1818/1818 1863/1863/1863 1861/1861/1861
f 1818/1818/1818 1861/1861/1861 1816/1816/1816
f 1863/1863/1863 1864/1864/1864 1810/1810/1810
f 1863/1863/1863 1810/1810/1810 1809/1809/1809
f 1819/1819/1819 1864/1864/1864 1863/1863/1863
f 1819/1819/1819 1863/1863/1863 1818/1818/1818
f 1865/1865/1865 1811/1811/1811 1819/1819/1819
f 1865/1865/1865 1819/1819/1819 1873/1873/1873
f 1820/1820/1820 1865/1865/1865 1873/1873/1873
f 1820/1820/1820 1873/1873/1873 1828/1828/1828
f 1865/1865/1865 1866/1866/1866 1812/1812/1812
f 1865/1865/1865 1812/1812/1812 1811/1811/1811
f 1821/1821/1821 1866/1866/1866 1865/1865/1865
f 1821/1821/1821 1865/1865/1865 1820/1820/1820
f 1866/1866/1866 1867/1867/1867 1813/1813/1813
f 1866/1866/1866 1813/1813/1813 1812/1812/1812
f 1822/1822/1822 1867/1867/1867 1866/1866/1866
f 1822/1822/1822 1866/1866/1866 1821/1821/1821
f 1867/1867/1867 1868/1868/1868 1814/1814/1814
f 1867/1867/1867 1814/1814/1814 1813/1813/1813
f 1823/1823/1823 1868/1868/1868 1867/1867/1867
f 1823/1823/1823 1867/1867/1867 1822/1822/1822
f 1868/1868/1868 1869/1869/1869 1815/1815/1815
f 1868/1868/1868 1815/1815/1815 1814/1814/1814
f 1824/1824/1824 1869/1869/1869 1868/1868/1868
f 1824/1824/1824 1868/1868/1868 1823/1823/1823
f 1869/1869/1869 1871/1871/1871 1817/1817/1817
f 1869/1869/1869 1817/1817/1817 1815/1815/1815
f 1826/1826/1826 1871/1871/1871 1869/1869/1869
f 1826/1826/1826 1869/1869/1869 1824/1824/1824
f 1870/1870/1870 1872/1872/1872 1818/1818/1818
f 1870/1870/1870 1818/1818/1818 1816/1816/1816
f 1827/1827/1827 1872/1872/1872 1870/1870/1870
f 1827/1827/1827 1870/1870/1870 1825/1825/1825
f 1872/1872/1872 1873/1873/1873 1819/1819/1819
f 1872/1872/1872 1819/1819/1819 1818/1818/1818
f 1828/1828/1828 1873/1873/1873 1872/1872/1872
f 1828/1828/1828 1872/1872/1872 1827/1827/1827
f 1875/1875/1875 1874/1874/1874 3088/3088/3088
f 1875/1875/1875 3088/3088/3088 3089/3089/3089
f 1876/1876/1876 1875/1875/1875 3089/3089/3089
f 1876/1876/1876 3089/3089/3089 3090/3090/3090
f 1877/1877/1877 1876/1876/1876 3090/3090/3090
f 1877/1877/1877 3090/3090/3090 3091/3091/3091
f 1879/1879/1879 1878/1878/1878 3092/3092/3092
f 1879/1879/1879 3092/3092/3092 3093/3093/3093
f 1880/1880/1880 1879/1879/1879 3093/3093/3093
f 1880/1880/1880 3093/3093/3093 3094/3094/3094
f 1881/1881/1881 1880/1880/1880 3094/3094/3094
f 1881/1881/1881 3094/3094/3094 3095/3095/3095
f 1882/1882/1882 1881/1881/1881 3095/3095/3095
f 1882/1882/1882 3095/3095/3095 3096/3096/3096
f 1874/1874/1874 1882/1882/1882 3096/3096/3096
f 1874/1874/1874 3096/3096/3096 3088/3088/3088
f 3061/3061/3061 1874/1874/1874 1875/1875/1875
f 3061/3061/3061 1875/1875/1875 3062/3062/3062
f 1883/1883/1883 3061/3061/3061 3062/3062/3062
f 1883/1883/1883 3062/3062/3062 1884/1884/1884
f 3062/3062/3062 1875/1875/1875 1876/1876/1876
f 3062/3062/3062 1876/1876/1876 3063/3063/3063
f 1884/1884/1884 3062/3062/3062 3063/3063/3063
f 1884/1884/1884 3063/3063/3063 1885/1885/1885
f 3063/3063/3063 1876/1876/1876 1877/1877/1877
f 3063/3063/3063 1877/1877/1877 3064/3064/3064
f 1885/1885/1885 3063/3063/3063 3064/3064/3064
f 1885/1885/1885 3064/3064/3064 1886/1886/1886
f 3065/3065/3065 1878/1878/1878 1879/1879/1879
f 3065/3065/3065 1879/1879/1879 3066/3066/3066
f 1887/1887/1887 3065/3065/3065 3066/3066/3066
f 1887/1887/1887 3066/3066/3066 1888/1888/1888
f 3066/3066/3066 1879/1879/1879 1880/1880/1880
f 3066/3066/3066 1880/1880/1880 3067/3067/3067
f 1888/1888/1888 3066/3066/3066 3067/3067/3067
f 1888/1888/1888 3067/3067/3067 1889/1889/1889
f 3067/3067/3067 1880/1880/1880 1881/1881/1881
f 3067/3067/3067 1881/1881/1881 3068/3068/3068
f 1889/1889/1889 3067/3067/3067 3068/3068/3068
f 1889/1889/1889 3068/3068/3068 1890/1890/1890
f 3068/3068/3068 1881/1881/1881 1882/1882/1882
f 3068/3068/3068 1882/1882/1882 3069/3069/3069
f 1890/1890/1890 3068/3068/3068 3069/3069/3069
f 1890/1890/1890 3069/3069/3069 1891/1891/1891
f 3069/3069/3069 1882/1882/1882 1874/1874/1874
f 3069/3069/3069 1874/1874/1874 3061/3061/3061
f 1891/1891/1891 3069/3069/3069 3061/3061/3061
f 1891/1891/1891 3061/3061/3061 1883/1883/1883
f 3070/3070/3070 1883/1883/1883 1884/1884/1884
f 3070/3070/3070 1884/1884/1884 3071/3071/3071
f 1892/1892/1892 3070/3070/3070 3071/3071/3071
f 1892/1892/1892 3071/3071/3071 1893/1893/1893
f 3071/3071/3071 1884/1884/1884 1885/1885/1885
f 3071/3071/3071 1885/1885/1885 3072/3072/3072
f 1893/1893/1893 3071/3071/3071 3072/3072/3072
f 1893/1893/1893 3072/3072/3072 1894/1894/1894
f 3072/3072/3072 1885/1885/1885 1886/1886/1886
f 3072/3072/3072 1886/1886/1886 3073/3073/3073
f 1894/1894/1894 3072/3072/3072 3073/3073/3073
f 1894/1894/1894 3073/3073/3073 1895/1895/1895
f 3074/3074/3074 1887/1887/1887 1888/1888/1888
f 3074/3074/3074 1888/1888/1888 3075/3075/3075
f 1896/1896/1896 3074/3074/3074 3075/3075/3075
f 1896/1896/1896 3075/3075/3075 1897/1897/1897
f 3075/3075/3075 1888/1888/1888 1889/1889/1889
f 3075/3075/3075 1889/1889/1889 3076/3076/3076
f 1897/1897/1897 3075/3075/3075 3076/3076/3076
f 1897/1897/1897 3076/3076/3076 1898/1898/1898
f 3076/3076/3076 1889/1889/1889 1890/1890/1890
f 3076/3076/3076 1890/1890/1890 3077/3077/3077
f 1898/1898/1898 3076/3076/3076 3077/3077/3077
f 1898/1898/1898 3077/3077/3077 1899/1899/1899
f 3077/3077/3077 1890/1890/1890 1891/1891/1891
f 3077/3077/3077 1891/1891/1891 3078/3078/3078
f 1899/1899/1899 3077/3077/3077 3078/3078/3078
f 1899/1899/1899 3078/3078/3078 1900/1900/1900
f 3078/3078/3078 1891/1891/1891 1883/1883/1883
f 3078/3078/3078 1883/1883/1883 3070/3070/3070
f 1900/1900/1900 3078/3078/3078 3070/3070/3070
f 1900/1900/1900 3070/3070/3070 1892/1892/1892
f 3079/3079/3079 1892/1892/1892 1893/1893/1893
f 3079/3079/3079 1893/1893/1893 3080/3080/3080
f 3080/3080/3080 1893/1893/1893 1894/1894/1894
f 3080/3080/3080 1894/1894/1894 3081/3081/3081
f 3081/3081/3081 1894/1894/1894 1895/1895/1895
f 3081/3081/3081 1895/1895/1895 3082/3082/3082
f 3083/3083/3083 1896/1896/1896 1897/1897/1897
f 3083/3083/3083 1897/1897/1897 3084/3084/3084
f 3084/3084/3084 1897/1897/1897 1898/1898/1898
f 3084/3084/3084 1898/1898/1898 3085/3085/3085
f 3085/3085/3085 1898/1898/1898 1899/1899/1899
f 3085/3085/3085 1899/1899/1899 3086/3086/3086
f 3086/3086/3086 1899/1899/1899 1900/1900/1900
f 3086/3086/3086 1900/1900/1900 3087/3087/3087
f 3087/3087/3087 1900/1900/1900 1892/1892/1892
f 3087/3087/3087 1892/1892/1892 3079/3079/3079
f 2079/2079/2079 2071/2071/2071 2027/2027/2027
f 2079/2079/2079 2027/2027/2027 2028/2028/2028
f 2078/2078/2078 2079/2079/2079 2028/2028/2028
f 2078/2078/2078 2028/2028/2028 2029/2029/2029
f 2077/2077/2077 2078/2078/2078 2029/2029/2029
f 2077/2077/2077 2029/2029/2029 2030/2030/2030
f 2075/2075/2075 2076/2076/2076 2031/2031/2031
f 2075/2075/2075 2031/2031/2031 2032/2032/2032
f 2074/2074/2074 2075/2075/2075 2032/2032/2032
f 2074/2074/2074 2032/2032/2032 2033/2033/2033
f 2073/2073/2073 2074/2074/2074 2033/2033/2033
f 2073/2073/2073 2033/2033/2033 2034/2034/2034
f 2096/2096/2096 2097/2097/2097 2105/2105/2105
f 2096/2096/2096 2105/2105/2105 2104/2104/2104
f 2097/2097/2097 2098/2098/2098 2106/2106/2106
f 2097/2097/2097 2106/2106/2106 2105/2105/2105
f 2098/2098/2098 2100/2100/2100 2108/2108/2108
f 2098/2098/2098 2108/2108/2108 2106/2106/2106
f 2099/2099/2099 2101/2101/2101 2109/2109/2109
f 2099/2099/2099 2109/2109/2109 2107/2107/2107
f 2101/2101/2101 2102/2102/2102 2110/2110/2110
f 2101/2101/2101 2110/2110/2110 2109/2109/2109
f 2102/2102/2102 2103/2103/2103 2111/2111/2111
f 2102/2102/2102 2111/2111/2111 2110/2110/2110
f 1902/1902/1902 1901/1901/1901 2104/2104/2104
f 1902/1902/1902 2104/2104/2104 2105/2105/2105
f 1903/1903/1903 1902/1902/1902 2105/2105/2105
f 1903/1903/1903 2105/2105/2105 2106/2106/2106
f 1905/1905/1905 1903/1903/1903 2106/2106/2106
f 1905/1905/1905 2106/2106/2106 2108/2108/2108
f 1906/1906/1906 1904/1904/1904 2107/2107/2107
f 1906/1906/1906 2107/2107/2107 2109/2109/2109
f 1907/1907/1907 1906/1906/1906 2109/2109/2109
f 1907/1907/1907 2109/2109/2109 2110/2110/2110
f 1908/1908/1908 1907/1907/1907 2110/2110/2110
f 1908/1908/1908 2110/2110/2110 2111/2111/2111
f 1909/1909/1909 1908/1908/1908 2111/2111/2111
f 1909/1909/1909 2111/2111/2111 2112/2112/2112
f 1901/1901/1901 1909/1909/1909 2112/2112/2112
f 1901/1901/1901 2112/2112/2112 2104/2104/2104
f 1910/1910/1910 1901/1901/1901 1902/1902/1902
f 1910/1910/1910 1902/1902/1902 1911/1911/1911
f 1911/1911/1911 1902/1902/1902 1903/1903/1903
f 1911/1911/1911 1903/1903/1903 1912/1912/1912
f 1912/1912/1912 1903/1903/1903 1905/1905/1905
f 1912/1912/1912 1905/1905/1905 1914/1914/1914
f 1913/1913/1913 1904/1904/1904 1906/1906/1906
f 1913/1913/1913 1906/1906/1906 1915/1915/1915
f 1915/1915/1915 1906/1906/1906 1907/1907/1907
f 1915/1915/1915 1907/1907/1907 1916/1916/1916
f 1916/1916/1916 1907/1907/1907 1908/1908/1908
f 1916/1916/1916 1908/1908/1908 1917/1917/1917
f 1917/1917/1917 1908/1908/1908 1909/1909/1909
f 1917/1917/1917 1909/1909/1909 1918/1918/1918
f 1918/1918/1918 1909/1909/1909 1901/1901/1901
f 1918/1918/1918 1901/1901/1901 1910/1910/1910
f 1919/1919/1919 1910/1910/1910 1911/1911/1911
f 1919/1919/1919 1911/1911/1911 1920/1920/1920
f 1920/1920/1920 1911/1911/1911 1912/1912/1912
f 1920/1920/1920 1912/1912/1912 1921/1921/1921
f 1921/1921/1921 1912/1912/1912 1914/1914/1914
f 1921/1921/1921 1914/1914/1914 1922/1922/1922
f 1923/1923/1923 1913/1913/1913 1915/1915/1915
f 1923/1923/1923 1915/1915/1915 1924/1924/1924
f 1924/1924/1924 1915/1915/1915 1916/1916/1916
f 1924/1924/1924 1916/1916/1916 1925/1925/1925
f 1925/1925/1925 1916/1916/1916 1917/1917/1917
f 1925/1925/1925 1917/1917/1917 1926/1926/1926
f 1926/1926/1926 1917/1917/1917 1918/1918/1918
f 1926/1926/1926 1918/1918/1918 1927/1927/1927
f 1927/1927/1927 1918/1918/1918 1910/1910/1910
f 1927/1927/1927 1910/1910/1910 1919/1919/1919
f 1928/1928/1928 1919/1919/1919 1920/1920/1920
f 1928/1928/1928 1920/1920/1920 1929/1929/1929
f 1929/1929/1929 1920/1920/1920 1921/1921/1921
f 1929/1929/1929 1921/1921/1921 1930/1930/1930
f 1930/1930/1930 1921/1921/1921 1922/1922/1922
f 1930/1930/1930 1922/1922/1922 1931/1931/1931
f 1932/1932/1932 1923/1923/1923 1924/1924/1924
f 1932/1932/1932 1924/1924/1924 1933/1933/1933
f 1933/1933/1933 1924/1924/1924 1925/1925/1925
f 1933/1933/1933 1925/1925/1925 1934/1934/1934
f 1934/1934/1934 1925/1925/1925 1926/1926/1926
f 1934/1934/1934 1926/1926/1926 1935/1935/1935
f 1935/1935/1935 1926/1926/1926 1927/1927/1927
f 1935/1935/1935 1927/1927/1927 1936/1936/1936
f 1936/1936/1936 1927/1927/1927 1919/1919/1919
f 1936/1936/1936 1919/1919/1919 1928/1928/1928
f 1937/1937/1937 1928/1928/1928 1929/1929/1929
f 1937/1937/1937 1929/1929/1929 1938/1938/1938
f 1938/1938/1938 1929/1929/1929 1930/1930/1930
f 1938/1938/1938 1930/1930/1930 1939/1939/1939
f 1939/1939/1939 1930/1930/1930 1931/1931/1931
f 1939/1939/1939 1931/1931/1931 1940/1940/1940
f 1941/1941/1941 1932/1932/1932 1933/1933/1933
f 1941/1941/1941 1933/1933/1933 1942/1942/1942
f 1942/1942/1942 1933/1933/1933 1934/1934/1934
f 1942/1942/1942 1934/1934/1934 1943/1943/1943
f 1943/1943/1943 1934/1934/1934 1935/1935/1935
f 1943/1943/1943 1935/1935/1935 1944/1944/1944
f 1944/1944/1944 1935/1935/1935 1936/1936/1936
f 1944/1944/1944 1936/1936/1936 1945/1945/1945
f 1945/1945/1945 1936/1936/1936 1928/1928/1928
f 1945/1945/1945 1928/1928/1928 1937/1937/1937
f 1946/1946/1946 1937/1937/1937 1938/1938/1938
f 1946/1946/1946 1938/1938/1938 1947/1947/1947
f 1947/1947/1947 1938/1938/1938 1939/1939/1939
f 1947/1947/1947 1939/1939/1939 1948/1948/1948
f 1948/1948/1948 1939/1939/1939 1940/1940/1940
f 1948/1948/1948 1940/1940/1940 1949/1949/1949
f 1950/1950/1950 1941/1941/1941 1942/1942/1942
f 1950/1950/1950 1942/1942/1942 1951/1951/1951
f 1951/1951/1951 1942/1942/1942 1943/1943/1943
f 1951/1951/1951 1943/1943/1943 1952/1952/1952
f 1952/1952/1952 1943/1943/1943 1944/1944/1944
f 1952/1952/1952 1944/1944/1944 1953/1953/1953
f 1953/1953/1953 1944/1944/1944 1945/1945/1945
f 1953/1953/1953 1945/1945/1945 1954/1954/1954
f 1954/1954/1954 1945/1945/1945 1937/1937/1937
f 1954/1954/1954 1937/1937/1937 1946/1946/1946
f 1955/1955/1955 1946/1946/1946 1947/1947/1947
f 1955/1955/1955 1947/1947/1947 1956/1956/1956
f 1956/1956/1956 1947/1947/1947 1948/1948/1948
f 1956/1956/1956 1948/1948/1948 1957/1957/1957
f 1957/1957/1957 1948/1948/1948 1949/1949/1949
f 1957/1957/1957 1949/1949/1949 1958/1958/1958
f 1959/1959/1959 1950/1950/1950 1951/1951/1951
f 1959/1959/1959 1951/1951/1951 1960/1960/1960
f 1960/1960/1960 1951/1951/1951 1952/1952/1952
f 1960/1960/1960 1952/1952/1952 1961/1961/1961
f 1961/1961/1961 1952/1952/1952 1953/1953/1953
f 1961/1961/1961 1953/1953/1953 1962/1962/1962
f 1962/1962/1962 1953/1953/1953 1954/1954/1954
f 1962/1962/1962 1954/1954/1954 1963/1963/1963
f 1963/1963/1963 1954/1954/1954 1946/1946/1946
f 1963/1963/1963 1946/1946/1946 1955/1955/1955
f 1964/1964/1964 1955/1955/1955 1956/1956/1956
f 1964/1964/1964 1956/1956/1956 1965/1965/1965
f 1965/1965/1965 1956/1956/1956 1957/1957/1957
f 1965/1965/1965 1957/1957/1957 1966/1966/1966
f 1966/1966/1966 1957/1957/1957 1958/1958/1958
f 1966/1966/1966 1958/1958/1958 1968/1968/1968
f 1967/1967/1967 1959/1959/1959 1960/1960/1960
f 1967/1967/1967 1960/1960/1960 1969/1969/1969
f 1969/1969/1969 1960/1960/1960 1961/1961/1961
f 1969/1969/1969 1961/1961/1961 1970/1970/1970
f 1970/1970/1970 1961/1961/1961 1962/1962/1962
f 1970/1970/1970 1962/1962/1962 1971/1971/1971
f 1971/1971/1971 1962/1962/1962 1963/1963/1963
f 1971/1971/1971 1963/1963/1963 1972/1972/1972
f 1972/1972/1972 1963/1963/1963 1955/1955/1955
f 1972/1972/1972 1955/1955/1955 1964/1964/1964
f 1973/1973/1973 1964/1964/1964 1965/1965/1965
f 1973/1973/1973 1965/1965/1965 1974/1974/1974
f 1974/1974/1974 1965/1965/1965 1966/1966/1966
f 1974/1974/1974 1966/1966/1966 1975/1975/1975
f 1975/1975/1975 1966/1966/1966 1968/1968/1968
f 1975/1975/1975 1968/1968/1968 1977/1977/1977
f 1976/1976/1976 1967/1967/1967 1969/1969/1969
f 1976/1976/1976 1969/1969/1969 1978/1978/1978
f 1978/1978/1978 1969/1969/1969 1970/1970/1970
f 1978/1978/1978 1970/1970/1970 1979/1979/1979
f 1979/1979/1979 1970/1970/1970 1971/1971/1971
f 1979/1979/1979 1971/1971/1971 1980/1980/1980
f 1980/1980/1980 1971/1971/1971 1972/1972/1972
f 1980/1980/1980 1972/1972/1972 1981/1981/1981
f 1981/1981/1981 1972/1972/1972 1964/1964/1964
f 1981/1981/1981 1964/1964/1964 1973/1973/1973
f 1982/1982/1982 1973/1973/1973 1974/1974/1974
f 1982/1982/1982 1974/1974/1974 1983/1983/1983
f 1983/1983/1983 1974/1974/1974 1975/1975/1975
f 1983/1983/1983 1975/1975/1975 1984/1984/1984
f 1984/1984/1984 1975/1975/1975 1977/1977/1977
f 1984/1984/1984 1977/1977/1977 1986/1986/1986
f 1985/1985/1985 1976/1976/1976 1978/1978/1978
f 1985/1985/1985 1978/1978/1978 1987/1987/1987
f 1987/1987/1987 1978/1978/1978 1979/1979/1979
f 1987/1987/1987 1979/1979/1979 1988/1988/1988
f 1988/1988/1988 1979/1979/1979 1980/1980/1980
f 1988/1988/1988 1980/1980/1980 1989/1989/1989
f 1989/1989/1989 1980/1980/1980 1981/1981/1981
f 1989/1989/1989 1981/1981/1981 1990/1990/1990
f 1990/1990/1990 1981/1981/1981 1973/1973/1973
f 1990/1990/1990 1973/1973/1973 1982/1982/1982
f 1991/1991/1991 1982/1982/1982 1983/1983/1983
f 1991/1991/1991 1983/1983/1983 1992/1992/1992
f 1992/1992/1992 1983/1983/1983 1984/1984/1984
f 1992/1992/1992 1984/1984/1984 1993/1993/1993
f 1993/1993/1993 1984/1984/1984 1986/1986/1986
f 1993/1993/1993 1986/1986/1986 1995/1995/1995
f 1994/1994/1994 1985/1985/1985 1987/1987/1987
f 1994/1994/1994 1987/1987/1987 1996/1996/1996
f 1996/1996/1996 1987/1987/1987 1988/1988/1988
f 1996/1996/1996 1988/1988/1988 1997/1997/1997
f 1997/1997/1997 1988/1988/1988 1989/1989/1989
f 1997/1997/1997 1989/1989/1989 1998/1998/1998
f 1998/1998/1998 1989/1989/1989 1990/1990/1990
f 1998/1998/1998 1990/1990/1990 1999/1999/1999
f 1999/1999/1999 1990/1990/1990 1982/1982/1982
f 1999/1999/1999 1982/1982/1982 1991/1991/1991
f 2000/2000/2000 1991/1991/1991 1992/1992/1992
f 2000/2000/2000 1992/1992/1992 2001/2001/2001
f 2001/2001/2001 1992/1992/1992 1993/1993/1993
f 2001/2001/2001 1993/1993/1993 2002/2002/2002
f 2002/2002/2002 1993/1993/1993 1995/1995/1995
f 2002/2002/2002 1995/1995/1995 2004/2004/2004
f 2003/2003/2003 1994/1994/1994 1996/1996/1996
f 2003/2003/2003 1996/1996/1996 2005/2005/2005
f 2005/2005/2005 1996/1996/1996 1997/1997/1997
f 2005/2005/2005 1997/1997/1997 2006/2006/2006
f 2006/2006/2006 1997/1997/1997 1998/1998/1998
f 2006/2006/2006 1998/1998/1998 2007/2007/2007
f 2007/2007/2007 1998/1998/1998 1999/1999/1999
f 2007/2007/2007 1999/1999/1999 2008/2008/2008
f 2008/2008/2008 1999/1999/1999 1991/1991/1991
f 2008/2008/2008 1991/1991/1991 2000/2000/2000
f 2009/2009/2009 2000/2000/2000 2001/2001/2001
f 2009/2009/2009 2001/2001/2001 2010/2010/2010
f 2010/2010/2010 2001/2001/2001 2002/2002/2002
f 2010/2010/2010 2002/2002/2002 2011/2011/2011
f 2011/2011/2011 2002/2002/2002 2004/2004/2004
f 2011/2011/2011 2004/2004/2004 2013/2013/2013
f 2012/2012/2012 2003/2003/2003 2005/2005/2005
f 2012/2012/2012 2005/2005/2005 2014/2014/2014
f 2014/2014/2014 2005/2005/2005 2006/2006/2006
f 2014/2014/2014 2006/2006/2006 2015/2015/2015
f 2015/2015/2015 2006/2006/2006 2007/2007/2007
f 2015/2015/2015 2007/2007/2007 2016/2016/2016
f 2016/2016/2016 2007/2007/2007 2008/2008/2008
f 2016/2016/2016 2008/2008/2008 2017/2017/2017
f 2017/2017/2017 2008/2008/2008 2000/2000/2000
f 2017/2017/2017 2000/2000/2000 2009/2009/2009
f 2018/2018/2018 2009/2009/2009 2010/2010/2010
f 2018/2018/2018 2010/2010/2010 2019/2019/2019
f 2019/2019/2019 2010/2010/2010 2011/2011/2011
f 2019/2019/2019 2011/2011/2011 2020/2020/2020
f 2020/2020/2020 2011/2011/2011 2013/2013/2013
f 2020/2020/2020 2013/2013/2013 2021/2021/2021
f 2022/2022/2022 2012/2012/2012 2014/2014/2014
f 2022/2022/2022 2014/2014/2014 2023/2023/2023
f 2023/2023/2023 2014/2014/2014 2015/2015/2015
f 2023/2023/2023 2015/2015/2015 2024/2024/2024
f 2024/2024/2024 2015/2015/2015 2016/2016/2016
f 2024/2024/2024 2016/2016/2016 2025/2025/2025
f 2025/2025/2025 2016/2016/2016 2017/2017/2017
f 2025/2025/2025 2017/2017/2017 2026/2026/2026
f 2026/2026/2026 2017/2017/2017 2009/2009/2009
f 2026/2026/2026 2009/2009/2009 2018/2018/2018
f 3098/3098/3098 3097/3097/3097 3102/3102/3102
f 3098/3098/3098 3102/3102/3102 3103/3103/3103
f 3088/3088/3088 3099/3099/3099 3104/3104/3104
f 3088/3088/3088 3104/3104/3104 3089/3089/3089
f 3099/3099/3099 3101/3101/3101 3105/3105/3105
f 3099/3099/3099 3105/3105/3105 3104/3104/3104
f 3100/3100/3100 3098/3098/3098 3103/3103/3103
f 3100/3100/3100 3103/3103/3103 3106/3106/3106
f 3103/3103/3103 3102/3102/3102 3107/3107/3107
f 3103/3103/3103 3107/3107/3107 3108/3108/3108
f 3089/3089/3089 3104/3104/3104 3109/3109/3109
f 3089/3089/3089 3109/3109/3109 3090/3090/3090
f 3104/3104/3104 3105/3105/3105 3110/3110/3110
f 3104/3104/3104 3110/3110/3110 3109/3109/3109
f 3106/3106/3106 3103/3103/3103 3108/3108/3108
f 3106/3106/3106 3108/3108/3108 3111/3111/3111
f 3108/3108/3108 3107/3107/3107 3112/3112/3112
f 3108/3108/3108 3112/3112/3112 3113/3113/3113
f 3090/3090/3090 3109/3109/3109 3114/3114/3114
f 3090/3090/3090 3114/3114/3114 3091/3091/3091
f 3109/3109/3109 3110/3110/3110 3118/3118/3118
f 3109/3109/3109 3118/3118/3118 3114/3114/3114
f 3111/3111/3111 3108/3108/3108 3113/3113/3113
f 3111/3111/3111 3113/3113/3113 3116/3116/3116
f 3113/3113/3113 3112/3112/3112 3119/3119/3119
f 3113/3113/3113 3119/3119/3119 3120/3120/3120
f 3092/3092/3092 3115/3115/3115 3121/3121/3121
f 3092/3092/3092 3121/3121/3121 3093/3093/3093
f 3115/3115/3115 3117/3117/3117 3123/3123/3123
f 3115/3115/3115 3123/3123/3123 3121/3121/3121
f 3116/3116/3116 3113/3113/3113 3120/3120/3120
f 3116/3116/3116 3120/3120/3120 3122/3122/3122
f 3120/3120/3120 3119/3119/3119 3124/3124/3124
f 3120/3120/3120 3124/3124/3124 3125/3125/3125
f 3093/3093/3093 3121/3121/3121 3126/3126/3126
f 3093/3093/3093 3126/3126/3126 3094/3094/3094
f 3121/3121/3121 3123/3123/3123 3128/3128/3128
f 3121/3121/3121 3128/3128/3128 3126/3126/3126
f 3122/3122/3122 3120/3120/3120 3125/3125/3125
f 3122/3122/3122 3125/3125/3125 3127/3127/3127
f 3125/3125/3125 3124/3124/3124 3129/3129/3129
f 3125/3125/3125 3129/3129/3129 3130/3130/3130
f 3094/3094/3094 3126/3126/3126 3131/3131/3131
f 3094/3094/3094 3131/3131/3131 3095/3095/3095
f 3126/3126/3126 3128/3128/3128 3133/3133/3133
f 3126/3126/3126 3133/3133/3133 3131/3131/3131
f 3127/3127/3127 3125/3125/3125 3130/3130/3130
f 3127/3127/3127 3130/3130/3130 3132/3132/3132
f 3130/3130/3130 3129/3129/3129 3134/3134/3134
f 3130/3130/3130 3134/3134/3134 3135/3135/3135
f 3095/3095/3095 3131/3131/3131 3136/3136/3136
f 3095/3095/3095 3136/3136/3136 3096/3096/3096
f 3131/3131/3131 3133/3133/3133 3138/3138/3138
f 3131/3131/3131 3138/3138/3138 3136/3136/3136
f 3132/3132/3132 3130/3130/3130 3135/3135/3135
f 3132/3132/3132 3135/3135/3135 3137/3137/3137
f 3135/3135/3135 3134/3134/3134 3097/3097/3097
f 3135/3135/3135 3097/3097/3097 3098/3098/3098
f 3096/3096/3096 3136/3136/3136 3099/3099/3099
f 3096/3096/3096 3099/3099/3099 3088/3088/3088
f 3136/3136/3136 3138/3138/3138 3101/3101/3101
f 3136/3136/3136 3101/3101/3101 3099/3099/3099
f 3137/3137/3137 3135/3135/3135 3098/3098/3098
f 3137/3137/3137 3098/3098/3098 3100/3100/3100
f 2130/2130/2130 1758/1758/1758 1764/1764/1764
f 2130/2130/2130 1764/1764/1764 2127/2127/2127
f 2128/2128/2128 1765/1765/1765 1763/1763/1763
f 2128/2128/2128 1763/1763/1763 2124/2124/2124
f 2124/2124/2124 1763/1763/1763 1762/1762/1762
f 2124/2124/2124 1762/1762/1762 2122/2122/2122
f 2122/2122/2122 1762/1762/1762 1761/1761/1761
f 2122/2122/2122 1761/1761/1761 2120/2120/2120
f 2116/2116/2116 1760/1760/1760 1759/1759/1759
f 2116/2116/2116 1759/1759/1759 2114/2114/2114
f 2114/2114/2114 1759/1759/1759 1758/1758/1758
f 2114/2114/2114 1758/1758/1758 2130/2130/2130
f 2028/2028/2028 2027/2027/2027 2062/2062/2062
f 2028/2028/2028 2062/2062/2062 2063/2063/2063
f 2029/2029/2029 2028/2028/2028 2063/2063/2063
f 2029/2029/2029 2063/2063/2063 2064/2064/2064
f 2030/2030/2030 2029/2029/2029 2064/2064/2064
f 2030/2030/2030 2064/2064/2064 2065/2065/2065
f 2032/2032/2032 2031/2031/2031 2066/2066/2066
f 2032/2032/2032 2066/2066/2066 2067/2067/2067
f 2033/2033/2033 2032/2032/2032 2067/2067/2067
f 2033/2033/2033 2067/2067/2067 2068/2068/2068
f 2034/2034/2034 2033/2033/2033 2068/2068/2068
f 2034/2034/2034 2068/2068/2068 2069/2069/2069
f 2038/2038/2038 1742/1742/1742 1748/1748/1748
f 2038/2038/2038 1748/1748/1748 2040/2040/2040
f 2040/2040/2040 1748/1748/1748 1747/1747/1747
f 2040/2040/2040 1747/1747/1747 2042/2042/2042
f 2042/2042/2042 1747/1747/1747 1746/1746/1746
f 2042/2042/2042 1746/1746/1746 2044/2044/2044
f 2048/2048/2048 1745/1745/1745 1744/1744/1744
f 2048/2048/2048 1744/1744/1744 2050/2050/2050
f 2050/2050/2050 1744/1744/1744 1743/1743/1743
f 2050/2050/2050 1743/1743/1743 2052/2052/2052
f 2052/2052/2052 1743/1743/1743 1741/1741/1741
f 2052/2052/2052 1741/1741/1741 2037/2037/2037
f 2054/2054/2054 2981/2981/2981 2988/2988/2988
f 2054/2054/2054 2988/2988/2988 2055/2055/2055
f 2055/2055/2055 2988/2988/2988 2987/2987/2987
f 2055/2055/2055 2987/2987/2987 2056/2056/2056
f 2056/2056/2056 2987/2987/2987 2986/2986/2986
f 2056/2056/2056 2986/2986/2986 2057/2057/2057
f 2057/2057/2057 2986/2986/2986 2985/2985/2985
f 2057/2057/2057 2985/2985/2985 2058/2058/2058
f 2058/2058/2058 2985/2985/2985 2984/2984/2984
f 2058/2058/2058 2984/2984/2984 2059/2059/2059
f 2059/2059/2059 2984/2984/2984 2983/2983/2983
f 2059/2059/2059 2983/2983/2983 2060/2060/2060
f 2060/2060/2060 2983/2983/2983 2982/2982/2982
f 2060/2060/2060 2982/2982/2982 2061/2061/2061
f 2053/2053/2053 2061/2061/2061 2982/2982/2982
f 2053/2053/2053 2982/2982/2982 2980/2980/2980
f 2062/2062/2062 3079/3079/3079 3080/3080/3080
f 2062/2062/2062 3080/3080/3080 2063/2063/2063
f 2063/2063/2063 3080/3080/3080 3081/3081/3081
f 2063/2063/2063 3081/3081/3081 2064/2064/2064
f 2064/2064/2064 3081/3081/3081 3082/3082/3082
f 2064/2064/2064 3082/3082/3082 2065/2065/2065
f 2066/2066/2066 3083/3083/3083 3084/3084/3084
f 2066/2066/2066 3084/3084/3084 2067/2067/2067
f 2067/2067/2067 3084/3084/3084 3085/3085/3085
f 2067/2067/2067 3085/3085/3085 2068/2068/2068
f 2068/2068/2068 3085/3085/3085 3086/3086/3086
f 2068/2068/2068 3086/3086/3086 2069/2069/2069
f 2069/2069/2069 3086/3086/3086 3087/3087/3087
f 2069/2069/2069 3087/3087/3087 2070/2070/2070
f 2070/2070/2070 3087/3087/3087 3079/3079/3079
f 2070/2070/2070 3079/3079/3079 2062/2062/2062
f 2093/2093/2093 2095/2095/2095 2048/2048/2048
f 2093/2093/2093 2048/2048/2048 2046/2046/2046
f 2091/2091/2091 2093/2093/2093 2046/2046/2046
f 2091/2091/2091 2046/2046/2046 2044/2044/2044
f 2089/2089/2089 2091/2091/2091 2044/2044/2044
f 2089/2089/2089 2044/2044/2044 1746/1746/1746
f 2087/2087/2087 2089/2089/2089 1746/1746/1746
f 2087/2087/2087 1746/1746/1746 2057/2057/2057
f 2085/2085/2085 2087/2087/2087 2057/2057/2057
f 2085/2085/2085 2057/2057/2057 2058/2058/2058
f 2083/2083/2083 2085/2085/2085 2058/2058/2058
f 2083/2083/2083 2058/2058/2058 2059/2059/2059
f 2081/2081/2081 2083/2083/2083 2059/2059/2059
f 2081/2081/2081 2059/2059/2059 1745/1745/1745
f 2081/2081/2081 1745/1745/1745 2048/2048/2048
f 2081/2081/2081 2048/2048/2048 2095/2095/2095
f 2071/2071/2071 2072/2072/2072 2080/2080/2080
f 2071/2071/2071 2080/2080/2080 2094/2094/2094
f 2072/2072/2072 2073/2073/2073 2082/2082/2082
f 2072/2072/2072 2082/2082/2082 2080/2080/2080
f 2073/2073/2073 2034/2034/2034 2084/2084/2084
f 2073/2073/2073 2084/2084/2084 2082/2082/2082
f 2034/2034/2034 2069/2069/2069 2086/2086/2086
f 2034/2034/2034 2086/2086/2086 2084/2084/2084
f 2069/2069/2069 2070/2070/2070 2088/2088/2088
f 2069/2069/2069 2088/2088/2088 2086/2086/2086
f 2070/2070/2070 2062/2062/2062 2090/2090/2090
f 2070/2070/2070 2090/2090/2090 2088/2088/2088
f 2062/2062/2062 2027/2027/2027 2092/2092/2092
f 2062/2062/2062 2092/2092/2092 2090/2090/2090
f 2027/2027/2027 2071/2071/2071 2094/2094/2094
f 2027/2027/2027 2094/2094/2094 2092/2092/2092
f 2097/2097/2097 2096/2096/2096 2140/2140/2140
f 2097/2097/2097 2140/2140/2140 2141/2141/2141
f 2098/2098/2098 2097/2097/2097 2141/2141/2141
f 2098/2098/2098 2141/2141/2141 2142/2142/2142
f 2100/2100/2100 2098/2098/2098 2142/2142/2142
f 2100/2100/2100 2142/2142/2142 2144/2144/2144
f 2101/2101/2101 2099/2099/2099 2143/2143/2143
f 2101/2101/2101 2143/2143/2143 2145/2145/2145
f 2102/2102/2102 2101/2101/2101 2145/2145/2145
f 2102/2102/2102 2145/2145/2145 2146/2146/2146
f 2103/2103/2103 2102/2102/2102 2146/2146/2146
f 2103/2103/2103 2146/2146/2146 2147/2147/2147
f 2131/2131/2131 3052/3052/3052 3059/3059/3059
f 2131/2131/2131 3059/3059/3059 2132/2132/2132
f 2133/2133/2133 3060/3060/3060 3058/3058/3058
f 2133/2133/2133 3058/3058/3058 2134/2134/2134
f 2134/2134/2134 3058/3058/3058 3057/3057/3057
f 2134/2134/2134 3057/3057/3057 2135/2135/2135
f 2135/2135/2135 3057/3057/3057 3056/3056/3056
f 2135/2135/2135 3056/3056/3056 2136/2136/2136
f 2136/2136/2136 3056/3056/3056 3055/3055/3055
f 2136/2136/2136 3055/3055/3055 2137/2137/2137
f 2137/2137/2137 3055/3055/3055 3054/3054/3054
f 2137/2137/2137 3054/3054/3054 2138/2138/2138
f 2138/2138/2138 3054/3054/3054 3053/3053/3053
f 2138/2138/2138 3053/3053/3053 2139/2139/2139
f 2131/2131/2131 2139/2139/2139 3053/3053/3053
f 2131/2131/2131 3053/3053/3053 3052/3052/3052
f 2140/2140/2140 2071/2071/2071 2079/2079/2079
f 2140/2140/2140 2079/2079/2079 2141/2141/2141
f 2141/2141/2141 2079/2079/2079 2078/2078/2078
f 2141/2141/2141 2078/2078/2078 2142/2142/2142
f 2142/2142/2142 2078/2078/2078 2077/2077/2077
f 2142/2142/2142 2077/2077/2077 2144/2144/2144
f 2143/2143/2143 2076/2076/2076 2075/2075/2075
f 2143/2143/2143 2075/2075/2075 2145/2145/2145
f 2145/2145/2145 2075/2075/2075 2074/2074/2074
f 2145/2145/2145 2074/2074/2074 2146/2146/2146
f 2146/2146/2146 2074/2074/2074 2073/2073/2073
f 2146/2146/2146 2073/2073/2073 2147/2147/2147
f 2147/2147/2147 2073/2073/2073 2072/2072/2072
f 2147/2147/2147 2072/2072/2072 2148/2148/2148
f 2148/2148/2148 2072/2072/2072 2071/2071/2071
f 2148/2148/2148 2071/2071/2071 2140/2140/2140
f 2162/2162/2162 2164/2164/2164 2116/2116/2116
f 2162/2162/2162 2116/2116/2116 2118/2118/2118
f 2160/2160/2160 2162/2162/2162 2118/2118/2118
f 2160/2160/2160 2118/2118/2118 2120/2120/2120
f 2158/2158/2158 2160/2160/2160 2120/2120/2120
f 2158/2158/2158 2120/2120/2120 1761/1761/1761
f 2156/2156/2156 2158/2158/2158 1761/1761/1761
f 2156/2156/2156 1761/1761/1761 2136/2136/2136
f 2154/2154/2154 2156/2156/2156 2136/2136/2136
f 2154/2154/2154 2136/2136/2136 2137/2137/2137
f 2152/2152/2152 2154/2154/2154 2137/2137/2137
f 2152/2152/2152 2137/2137/2137 2138/2138/2138
f 2150/2150/2150 2152/2152/2152 2138/2138/2138
f 2150/2150/2150 2138/2138/2138 1760/1760/1760
f 2150/2150/2150 1760/1760/1760 2116/2116/2116
f 2150/2150/2150 2116/2116/2116 2164/2164/2164
f 2104/2104/2104 2112/2112/2112 2149/2149/2149
f 2104/2104/2104 2149/2149/2149 2163/2163/2163
f 2112/2112/2112 2111/2111/2111 2151/2151/2151
f 2112/2112/2112 2151/2151/2151 2149/2149/2149
f 2111/2111/2111 2103/2103/2103 2153/2153/2153
f 2111/2111/2111 2153/2153/2153 2151/2151/2151
f 2103/2103/2103 2147/2147/2147 2155/2155/2155
f 2103/2103/2103 2155/2155/2155 2153/2153/2153
f 2147/2147/2147 2148/2148/2148 2157/2157/2157
f 2147/2147/2147 2157/2157/2157 2155/2155/2155
f 2148/2148/2148 2140/2140/2140 2159/2159/2159
f 2148/2148/2148 2159/2159/2159 2157/2157/2157
f 2140/2140/2140 2096/2096/2096 2161/2161/2161
f 2140/2140/2140 2161/2161/2161 2159/2159/2159
f 2096/2096/2096 2104/2104/2104 2163/2163/2163
f 2096/2096/2096 2163/2163/2163 2161/2161/2161
f 3140/3140/3140 2166/2166/2166 2167/2167/2167
f 3140/3140/3140 2167/2167/2167 3141/3141/3141
f 3141/3141/3141 2167/2167/2167 2168/2168/2168
f 3141/3141/3141 2168/2168/2168 3142/3142/3142
f 3142/3142/3142 2168/2168/2168 2169/2169/2169
f 3142/3142/3142 2169/2169/2169 3143/3143/3143
f 3143/3143/3143 2169/2169/2169 2170/2170/2170
f 3143/3143/3143 2170/2170/2170 3144/3144/3144
f 3144/3144/3144 2170/2170/2170 2171/2171/2171
f 3144/3144/3144 2171/2171/2171 3145/3145/3145
f 3145/3145/3145 2171/2171/2171 2172/2172/2172
f 3145/3145/3145 2172/2172/2172 3146/3146/3146
f 3146/3146/3146 2172/2172/2172 2173/2173/2173
f 3146/3146/3146 2173/2173/2173 3147/3147/3147
f 3147/3147/3147 2173/2173/2173 2165/2165/2165
f 3147/3147/3147 2165/2165/2165 3139/3139/3139
f 3149/3149/3149 3140/3140/3140 3141/3141/3141
f 3149/3149/3149 3141/3141/3141 3152/3152/3152
f 3151/3151/3151 3149/3149/3149 3152/3152/3152
f 3151/3151/3151 3152/3152/3152 3153/3153/3153
f 3152/3152/3152 3141/3141/3141 3142/3142/3142
f 3152/3152/3152 3142/3142/3142 3154/3154/3154
f 3153/3153/3153 3152/3152/3152 3154/3154/3154
f 3153/3153/3153 3154/3154/3154 3155/3155/3155
f 3154/3154/3154 3142/3142/3142 3143/3143/3143
f 3154/3154/3154 3143/3143/3143 3156/3156/3156
f 3155/3155/3155 3154/3154/3154 3156/3156/3156
f 3155/3155/3155 3156/3156/3156 3157/3157/3157
f 3156/3156/3156 3143/3143/3143 3144/3144/3144
f 3156/3156/3156 3144/3144/3144 3158/3158/3158
f 3157/3157/3157 3156/3156/3156 3158/3158/3158
f 3157/3157/3157 3158/3158/3158 3159/3159/3159
f 3158/3158/3158 3144/3144/3144 3145/3145/3145
f 3158/3158/3158 3145/3145/3145 3160/3160/3160
f 3159/3159/3159 3158/3158/3158 3160/3160/3160
f 3159/3159/3159 3160/3160/3160 3161/3161/3161
f 3160/3160/3160 3145/3145/3145 3146/3146/3146
f 3160/3160/3160 3146/3146/3146 3162/3162/3162
f 3161/3161/3161 3160/3160/3160 3162/3162/3162
f 3161/3161/3161 3162/3162/3162 3163/3163/3163
f 3162/3162/3162 3146/3146/3146 3147/3147/3147
f 3162/3162/3162 3147/3147/3147 3164/3164/3164
f 3163/3163/3163 3162/3162/3162 3164/3164/3164
f 3163/3163/3163 3164/3164/3164 3165/3165/3165
f 3164/3164/3164 3147/3147/3147 3139/3139/3139
f 3164/3164/3164 3139/3139/3139 3148/3148/3148
f 3165/3165/3165 3164/3164/3164 3148/3148/3148
f 3165/3165/3165 3148/3148/3148 3150/3150/3150
f 3167/3167/3167 3151/3151/3151 3153/3153/3153
f 3167/3167/3167 3153/3153/3153 3170/3170/3170
f 3169/3169/3169 3167/3167/3167 3170/3170/3170
f 3169/3169/3169 3170/3170/3170 3171/3171/3171
f 3170/3170/3170 3153/3153/3153 3155/3155/3155
f 3170/3170/3170 3155/3155/3155 3172/3172/3172
f 3171/3171/3171 3170/3170/3170 3172/3172/3172
f 3171/3171/3171 3172/3172/3172 3173/3173/3173
f 3172/3172/3172 3155/3155/3155 3157/3157/3157
f 3172/3172/3172 3157/3157/3157 3174/3174/3174
f 3173/3173/3173 3172/3172/3172 3174/3174/3174
f 3173/3173/3173 3174/3174/3174 3175/3175/3175
f 3174/3174/3174 3157/3157/3157 3159/3159/3159
f 3174/3174/3174 3159/3159/3159 3176/3176/3176
f 3175/3175/3175 3174/3174/3174 3176/3176/3176
f 3175/3175/3175 3176/3176/3176 3177/3177/3177
f 3176/3176/3176 3159/3159/3159 3161/3161/3161
f 3176/3176/3176 3161/3161/3161 3178/3178/3178
f 3177/3177/3177 3176/3176/3176 3178/3178/3178
f 3177/3177/3177 3178/3178/3178 3179/3179/3179
f 3178/3178/3178 3161/3161/3161 3163/3163/3163
f 3178/3178/3178 3163/3163/3163 3180/3180/3180
f 3179/3179/3179 3178/3178/3178 3180/3180/3180
f 3179/3179/3179 3180/3180/3180 3181/3181/3181
f 3180/3180/3180 3163/3163/3163 3165/3165/3165
f 3180/3180/3180 3165/3165/3165 3182/3182/3182
f 3181/3181/3181 3180/3180/3180 3182/3182/3182
f 3181/3181/3181 3182/3182/3182 3183/3183/3183
f 3182/3182/3182 3165/3165/3165 3150/3150/3150
f 3182/3182/3182 3150/3150/3150 3166/3166/3166
f 3183/3183/3183 3182/3182/3182 3166/3166/3166
f 3183/3183/3183 3166/3166/3166 3168/3168/3168
f 3185/3185/3185 3169/3169/3169 3171/3171/3171
f 3185/3185/3185 3171/3171/3171 3188/3188/3188
f 3187/3187/3187 3185/3185/3185 3188/3188/3188
f 3187/3187/3187 3188/3188/3188 3189/3189/3189
f 3188/3188/3188 3171/3171/3171 3173/3173/3173
f 3188/3188/3188 3173/3173/3173 3190/3190/3190
f 3189/3189/3189 3188/3188/3188 3190/3190/3190
f 3189/3189/3189 3190/3190/3190 3191/3191/3191
f 3190/3190/3190 3173/3173/3173 3175/3175/3175
f 3190/3190/3190 3175/3175/3175 3192/3192/3192
f 3191/3191/3191 3190/3190/3190 3192/3192/3192
f 3191/3191/3191 3192/3192/3192 3193/3193/3193
f 3192/3192/3192 3175/3175/3175 3177/3177/3177
f 3192/3192/3192 3177/3177/3177 3194/3194/3194
f 3193/3193/3193 3192/3192/3192 3194/3194/3194
f 3193/3193/3193 3194/3194/3194 3195/3195/3195
f 3194/3194/3194 3177/3177/3177 3179/3179/3179
f 3194/3194/3194 3179/3179/3179 3196/3196/3196
f 3195/3195/3195 3194/3194/3194 3196/3196/3196
f 3195/3195/3195 3196/3196/3196 3197/3197/3197
f 3196/3196/3196 3179/3179/3179 3181/3181/3181
f 3196/3196/3196 3181/3181/3181 3198/3198/3198
f 3197/3197/3197 3196/3196/3196 3198/3198/3198
f 3197/3197/3197 3198/3198/3198 3199/3199/3199
f 3198/3198/3198 3181/3181/3181 3183/3183/3183
f 3198/3198/3198 3183/3183/3183 3200/3200/3200
f 3199/3199/3199 3198/3198/3198 3200/3200/3200
f 3199/3199/3199 3200/3200/3200 3201/3201/3201
f 3200/3200/3200 3183/3183/3183 3168/3168/3168
f 3200/3200/3200 3168/3168/3168 3184/3184/3184
f 3201/3201/3201 3200/3200/3200 3184/3184/3184
f 3201/3201/3201 3184/3184/3184 3186/3186/3186
f 3203/3203/3203 3187/3187/3187 3189/3189/3189
f 3203/3203/3203 3189/3189/3189 3204/3204/3204
f 2478/2478/2478 3203/3203/3203 3204/3204/3204
f 2478/2478/2478 3204/3204/3204 2485/2485/2485
f 3204/3204/3204 3189/3189/3189 3191/3191/3191
f 3204/3204/3204 3191/3191/3191 3205/3205/3205
f 2485/2485/2485 3204/3204/3204 3205/3205/3205
f 2485/2485/2485 3205/3205/3205 2484/2484/2484
f 3205/3205/3205 3191/3191/3191 3193/3193/3193
f 3205/3205/3205 3193/3193/3193 3206/3206/3206
f 2484/2484/2484 3205/3205/3205 3206/3206/3206
f 2484/2484/2484 3206/3206/3206 2483/2483/2483
f 3206/3206/3206 3193/3193/3193 3195/3195/3195
f 3206/3206/3206 3195/3195/3195 3207/3207/3207
f 2483/2483/2483 3206/3206/3206 3207/3207/3207
f 2483/2483/2483 3207/3207/3207 2482/2482/2482
f 3207/3207/3207 3195/3195/3195 3197/3197/3197
f 3207/3207/3207 3197/3197/3197 3208/3208/3208
f 2482/2482/2482 3207/3207/3207 3208/3208/3208
f 2482/2482/2482 3208/3208/3208 2481/2481/2481
f 3208/3208/3208 3197/3197/3197 3199/3199/3199
f 3208/3208/3208 3199/3199/3199 3209/3209/3209
f 2481/2481/2481 3208/3208/3208 3209/3209/3209
f 2481/2481/2481 3209/3209/3209 2480/2480/2480
f 3209/3209/3209 3199/3199/3199 3201/3201/3201
f 3209/3209/3209 3201/3201/3201 3210/3210/3210
f 2480/2480/2480 3209/3209/3209 3210/3210/3210
f 2480/2480/2480 3210/3210/3210 2479/2479/2479
f 3210/3210/3210 3201/3201/3201 3186/3186/3186
f 3210/3210/3210 3186/3186/3186 3202/3202/3202
f 2479/2479/2479 3210/3210/3210 3202/3202/3202
f 2479/2479/2479 3202/3202/3202 2477/2477/2477
f 3211/3211/3211 2182/2182/2182 2183/2183/2183
f 3211/3211/3211 2183/2183/2183 3212/3212/3212
f 3212/3212/3212 2183/2183/2183 2184/2184/2184
f 3212/3212/3212 2184/2184/2184 3213/3213/3213
f 3213/3213/3213 2184/2184/2184 2185/2185/2185
f 3213/3213/3213 2185/2185/2185 3214/3214/3214
f 3214/3214/3214 2185/2185/2185 2186/2186/2186
f 3214/3214/3214 2186/2186/2186 3215/3215/3215
f 3215/3215/3215 2186/2186/2186 2187/2187/2187
f 3215/3215/3215 2187/2187/2187 3216/3216/3216
f 3216/3216/3216 2187/2187/2187 2188/2188/2188
f 3216/3216/3216 2188/2188/2188 3217/3217/3217
f 3217/3217/3217 2188/2188/2188 2190/2190/2190
f 3217/3217/3217 2190/2190/2190 3219/3219/3219
f 3218/3218/3218 2189/2189/2189 2182/2182/2182
f 3218/3218/3218 2182/2182/2182 3211/3211/3211
f 3220/3220/3220 3211/3211/3211 3212/3212/3212
f 3220/3220/3220 3212/3212/3212 3222/3222/3222
f 3221/3221/3221 3220/3220/3220 3222/3222/3222
f 3221/3221/3221 3222/3222/3222 3223/3223/3223
f 3222/3222/3222 3212/3212/3212 3213/3213/3213
f 3222/3222/3222 3213/3213/3213 3224/3224/3224
f 3223/3223/3223 3222/3222/3222 3224/3224/3224
f 3223/3223/3223 3224/3224/3224 3225/3225/3225
f 3224/3224/3224 3213/3213/3213 3214/3214/3214
f 3224/3224/3224 3214/3214/3214 3226/3226/3226
f 3225/3225/3225 3224/3224/3224 3226/3226/3226
f 3225/3225/3225 3226/3226/3226 3227/3227/3227
f 3226/3226/3226 3214/3214/3214 3215/3215/3215
f 3226/3226/3226 3215/3215/3215 3228/3228/3228
f 3227/3227/3227 3226/3226/3226 3228/3228/3228
f 3227/3227/3227 3228/3228/3228 3229/3229/3229
f 3228/3228/3228 3215/3215/3215 3216/3216/3216
f 3228/3228/3228 3216/3216/3216 3230/3230/3230
f 3229/3229/3229 3228/3228/3228 3230/3230/3230
f 3229/3229/3229 3230/3230/3230 3231/3231/3231
f 3230/3230/3230 3216/3216/3216 3217/3217/3217
f 3230/3230/3230 3217/3217/3217 3232/3232/3232
f 3231/3231/3231 3230/3230/3230 3232/3232/3232
f 3231/3231/3231 3232/3232/3232 3233/3233/3233
f 3232/3232/3232 3217/3217/3217 3219/3219/3219
f 3232/3232/3232 3219/3219/3219 3235/3235/3235
f 3233/3233/3233 3232/3232/3232 3235/3235/3235
f 3233/3233/3233 3235/3235/3235 3237/3237/3237
f 3234/3234/3234 3218/3218/3218 3211/3211/3211
f 3234/3234/3234 3211/3211/3211 3220/3220/3220
f 3236/3236/3236 3234/3234/3234 3220/3220/3220
f 3236/3236/3236 3220/3220/3220 3221/3221/3221
f 3238/3238/3238 3221/3221/3221 3223/3223/3223
f 3238/3238/3238 3223/3223/3223 3240/3240/3240
f 3239/3239/3239 3238/3238/3238 3240/3240/3240
f 3239/3239/3239 3240/3240/3240 3241/3241/3241
f 3240/3240/3240 3223/3223/3223 3225/3225/3225
f 3240/3240/3240 3225/3225/3225 3242/3242/3242
f 3241/3241/3241 3240/3240/3240 3242/3242/3242
f 3241/3241/3241 3242/3242/3242 3243/3243/3243
f 3242/3242/3242 3225/3225/3225 3227/3227/3227
f 3242/3242/3242 3227/3227/3227 3244/3244/3244
f 3243/3243/3243 3242/3242/3242 3244/3244/3244
f 3243/3243/3243 3244/3244/3244 3245/3245/3245
f 3244/3244/3244 3227/3227/3227 3229/3229/3229
f 3244/3244/3244 3229/3229/3229 3246/3246/3246
f 3245/3245/3245 3244/3244/3244 3246/3246/3246
f 3245/3245/3245 3246/3246/3246 3247/3247/3247
f 3246/3246/3246 3229/3229/3229 3231/3231/3231
f 3246/3246/3246 3231/3231/3231 3248/3248/3248
f 3247/3247/3247 3246/3246/3246 3248/3248/3248
f 3247/3247/3247 3248/3248/3248 3249/3249/3249
f 3248/3248/3248 3231/3231/3231 3233/3233/3233
f 3248/3248/3248 3233/3233/3233 3250/3250/3250
f 3249/3249/3249 3248/3248/3248 3250/3250/3250
f 3249/3249/3249 3250/3250/3250 3251/3251/3251
f 3250/3250/3250 3233/3233/3233 3237/3237/3237
f 3250/3250/3250 3237/3237/3237 3253/3253/3253
f 3251/3251/3251 3250/3250/3250 3253/3253/3253
f 3251/3251/3251 3253/3253/3253 3255/3255/3255
f 3252/3252/3252 3236/3236/3236 3221/3221/3221
f 3252/3252/3252 3221/3221/3221 3238/3238/3238
f 3254/3254/3254 3252/3252/3252 3238/3238/3238
f 3254/3254/3254 3238/3238/3238 3239/3239/3239
f 3256/3256/3256 3239/3239/3239 3241/3241/3241
f 3256/3256/3256 3241/3241/3241 3258/3258/3258
f 3257/3257/3257 3256/3256/3256 3258/3258/3258
f 3257/3257/3257 3258/3258/3258 3259/3259/3259
f 3258/3258/3258 3241/3241/3241 3243/3243/3243
f 3258/3258/3258 3243/3243/3243 3260/3260/3260
f 3259/3259/3259 3258/3258/3258 3260/3260/3260
f 3259/3259/3259 3260/3260/3260 3261/3261/3261
f 3260/3260/3260 3243/3243/3243 3245/3245/3245
f 3260/3260/3260 3245/3245/3245 3262/3262/3262
f 3261/3261/3261 3260/3260/3260 3262/3262/3262
f 3261/3261/3261 3262/3262/3262 3263/3263/3263
f 3262/3262/3262 3245/3245/3245 3247/3247/3247
f 3262/3262/3262 3247/3247/3247 2752/2752/2752
f 3263/3263/3263 3262/3262/3262 2752/2752/2752
f 3263/3263/3263 2752/2752/2752 2753/2753/2753
f 2752/2752/2752 3247/3247/3247 3249/3249/3249
f 2752/2752/2752 3249/3249/3249 2754/2754/2754
f 2753/2753/2753 2752/2752/2752 2754/2754/2754
f 2753/2753/2753 2754/2754/2754 2755/2755/2755
f 2754/2754/2754 3249/3249/3249 3251/3251/3251
f 2754/2754/2754 3251/3251/3251 2756/2756/2756
f 2755/2755/2755 2754/2754/2754 2756/2756/2756
f 2755/2755/2755 2756/2756/2756 2757/2757/2757
f 2756/2756/2756 3251/3251/3251 3255/3255/3255
f 2756/2756/2756 3255/3255/3255 2759/2759/2759
f 2757/2757/2757 2756/2756/2756 2759/2759/2759
f 2757/2757/2757 2759/2759/2759 2761/2761/2761
f 2758/2758/2758 3254/3254/3254 3239/3239/3239
f 2758/2758/2758 3239/3239/3239 3256/3256/3256
f 2760/2760/2760 2758/2758/2758 3256/3256/3256
f 2760/2760/2760 3256/3256/3256 3257/3257/3257
f 2762/2762/2762 3257/3257/3257 3259/3259/3259
f 2762/2762/2762 3259/3259/3259 2763/2763/2763
f 2554/2554/2554 2546/2546/2546 2762/2762/2762
f 2554/2554/2554 2762/2762/2762 2763/2763/2763
f 2763/2763/2763 3259/3259/3259 3261/3261/3261
f 2763/2763/2763 3261/3261/3261 2764/2764/2764
f 2553/2553/2553 2554/2554/2554 2763/2763/2763
f 2553/2553/2553 2763/2763/2763 2764/2764/2764
f 2764/2764/2764 3261/3261/3261 3263/3263/3263
f 2764/2764/2764 3263/3263/3263 2765/2765/2765
f 2553/2553/2553 2764/2764/2764 2765/2765/2765
f 2553/2553/2553 2765/2765/2765 2552/2552/2552
f 2765/2765/2765 3263/3263/3263 2753/2753/2753
f 2765/2765/2765 2753/2753/2753 2766/2766/2766
f 2552/2552/2552 2765/2765/2765 2766/2766/2766
f 2552/2552/2552 2766/2766/2766 2551/2551/2551
f 2766/2766/2766 2753/2753/2753 2755/2755/2755
f 2766/2766/2766 2755/2755/2755 2767/2767/2767
f 2550/2550/2550 2551/2551/2551 2766/2766/2766
f 2550/2550/2550 2766/2766/2766 2767/2767/2767
f 2767/2767/2767 2755/2755/2755 2757/2757/2757
f 2767/2767/2767 2757/2757/2757 2768/2768/2768
f 2549/2549/2549 2550/2550/2550 2767/2767/2767
f 2549/2549/2549 2767/2767/2767 2768/2768/2768
f 2768/2768/2768 2757/2757/2757 2761/2761/2761
f 2768/2768/2768 2761/2761/2761 2770/2770/2770
f 2548/2548/2548 2549/2549/2549 2768/2768/2768
f 2548/2548/2548 2768/2768/2768 2770/2770/2770
f 2769/2769/2769 2760/2760/2760 3257/3257/3257
f 2769/2769/2769 3257/3257/3257 2762/2762/2762
f 2546/2546/2546 2547/2547/2547 2769/2769/2769
f 2546/2546/2546 2769/2769/2769 2762/2762/2762
f 2199/2199/2199 2451/2451/2451 2459/2459/2459
f 2199/2199/2199 2459/2459/2459 2201/2201/2201
f 2201/2201/2201 2459/2459/2459 2458/2458/2458
f 2201/2201/2201 2458/2458/2458 2203/2203/2203
f 2203/2203/2203 2458/2458/2458 2457/2457/2457
f 2203/2203/2203 2457/2457/2457 2205/2205/2205
f 2205/2205/2205 2457/2457/2457 2456/2456/2456
f 2205/2205/2205 2456/2456/2456 2207/2207/2207
f 2207/2207/2207 2456/2456/2456 2454/2454/2454
f 2207/2207/2207 2454/2454/2454 2209/2209/2209
f 2210/2210/2210 2455/2455/2455 2453/2453/2453
f 2210/2210/2210 2453/2453/2453 2213/2213/2213
f 2213/2213/2213 2453/2453/2453 2452/2452/2452
f 2213/2213/2213 2452/2452/2452 2215/2215/2215
f 2215/2215/2215 2452/2452/2452 2451/2451/2451
f 2215/2215/2215 2451/2451/2451 2199/2199/2199
f 2262/2262/2262 2200/2200/2200 2202/2202/2202
f 2262/2262/2262 2202/2202/2202 2263/2263/2263
f 2217/2217/2217 2262/2262/2262 2263/2263/2263
f 2217/2217/2217 2263/2263/2263 2218/2218/2218
f 2263/2263/2263 2202/2202/2202 2204/2204/2204
f 2263/2263/2263 2204/2204/2204 2264/2264/2264
f 2218/2218/2218 2263/2263/2263 2264/2264/2264
f 2218/2218/2218 2264/2264/2264 2219/2219/2219
f 2264/2264/2264 2204/2204/2204 2206/2206/2206
f 2264/2264/2264 2206/2206/2206 2265/2265/2265
f 2219/2219/2219 2264/2264/2264 2265/2265/2265
f 2219/2219/2219 2265/2265/2265 2220/2220/2220
f 2265/2265/2265 2206/2206/2206 2208/2208/2208
f 2265/2265/2265 2208/2208/2208 2266/2266/2266
f 2220/2220/2220 2265/2265/2265 2266/2266/2266
f 2220/2220/2220 2266/2266/2266 2221/2221/2221
f 2266/2266/2266 2208/2208/2208 2212/2212/2212
f 2266/2266/2266 2212/2212/2212 2268/2268/2268
f 2221/2221/2221 2266/2266/2266 2268/2268/2268
f 2221/2221/2221 2268/2268/2268 2223/2223/2223
f 2267/2267/2267 2211/2211/2211 2214/2214/2214
f 2267/2267/2267 2214/2214/2214 2269/2269/2269
f 2222/2222/2222 2267/2267/2267 2269/2269/2269
f 2222/2222/2222 2269/2269/2269 2224/2224/2224
f 2269/2269/2269 2214/2214/2214 2216/2216/2216
f 2269/2269/2269 2216/2216/2216 2270/2270/2270
f 2224/2224/2224 2269/2269/2269 2270/2270/2270
f 2224/2224/2224 2270/2270/2270 2225/2225/2225
f 2262/2262/2262 2270/2270/2270 2216/2216/2216
f 2262/2262/2262 2216/2216/2216 2200/2200/2200
f 2225/2225/2225 2270/2270/2270 2262/2262/2262
f 2225/2225/2225 2262/2262/2262 2217/2217/2217
f 2271/2271/2271 2217/2217/2217 2218/2218/2218
f 2271/2271/2271 2218/2218/2218 2272/2272/2272
f 2226/2226/2226 2271/2271/2271 2272/2272/2272
f 2226/2226/2226 2272/2272/2272 2227/2227/2227
f 2272/2272/2272 2218/2218/2218 2219/2219/2219
f 2272/2272/2272 2219/2219/2219 2273/2273/2273
f 2227/2227/2227 2272/2272/2272 2273/2273/2273
f 2227/2227/2227 2273/2273/2273 2228/2228/2228
f 2273/2273/2273 2219/2219/2219 2220/2220/2220
f 2273/2273/2273 2220/2220/2220 2274/2274/2274
f 2228/2228/2228 2273/2273/2273 2274/2274/2274
f 2228/2228/2228 2274/2274/2274 2229/2229/2229
f 2274/2274/2274 2220/2220/2220 2221/2221/2221
f 2274/2274/2274 2221/2221/2221 2275/2275/2275
f 2229/2229/2229 2274/2274/2274 2275/2275/2275
f 2229/2229/2229 2275/2275/2275 2230/2230/2230
f 2275/2275/2275 2221/2221/2221 2223/2223/2223
f 2275/2275/2275 2223/2223/2223 2277/2277/2277
f 2230/2230/2230 2275/2275/2275 2277/2277/2277
f 2230/2230/2230 2277/2277/2277 2232/2232/2232
f 2276/2276/2276 2222/2222/2222 2224/2224/2224
f 2276/2276/2276 2224/2224/2224 2278/2278/2278
f 2231/2231/2231 2276/2276/2276 2278/2278/2278
f 2231/2231/2231 2278/2278/2278 2233/2233/2233
f 2278/2278/2278 2224/2224/2224 2225/2225/2225
f 2278/2278/2278 2225/2225/2225 2279/2279/2279
f 2233/2233/2233 2278/2278/2278 2279/2279/2279
f 2233/2233/2233 2279/2279/2279 2234/2234/2234
f 2271/2271/2271 2279/2279/2279 2225/2225/2225
f 2271/2271/2271 2225/2225/2225 2217/2217/2217
f 2234/2234/2234 2279/2279/2279 2271/2271/2271
f 2234/2234/2234 2271/2271/2271 2226/2226/2226
f 2280/2280/2280 2226/2226/2226 2227/2227/2227
f 2280/2280/2280 2227/2227/2227 2281/2281/2281
f 2235/2235/2235 2280/2280/2280 2281/2281/2281
f 2235/2235/2235 2281/2281/2281 2236/2236/2236
f 2281/2281/2281 2227/2227/2227 2228/2228/2228
f 2281/2281/2281 2228/2228/2228 2282/2282/2282
f 2236/2236/2236 2281/2281/2281 2282/2282/2282
f 2236/2236/2236 2282/2282/2282 2237/2237/2237
f 2282/2282/2282 2228/2228/2228 2229/2229/2229
f 2282/2282/2282 2229/2229/2229 2283/2283/2283
f 2237/2237/2237 2282/2282/2282 2283/2283/2283
f 2237/2237/2237 2283/2283/2283 2238/2238/2238
f 2283/2283/2283 2229/2229/2229 2230/2230/2230
f 2283/2283/2283 2230/2230/2230 2284/2284/2284
f 2238/2238/2238 2283/2283/2283 2284/2284/2284
f 2238/2238/2238 2284/2284/2284 2239/2239/2239
f 2284/2284/2284 2230/2230/2230 2232/2232/2232
f 2284/2284/2284 2232/2232/2232 2286/2286/2286
f 2239/2239/2239 2284/2284/2284 2286/2286/2286
f 2239/2239/2239 2286/2286/2286 2241/2241/2241
f 2285/2285/2285 2231/2231/2231 2233/2233/2233
f 2285/2285/2285 2233/2233/2233 2287/2287/2287
f 2240/2240/2240 2285/2285/2285 2287/2287/2287
f 2240/2240/2240 2287/2287/2287 2242/2242/2242
f 2287/2287/2287 2233/2233/2233 2234/2234/2234
f 2287/2287/2287 2234/2234/2234 2288/2288/2288
f 2242/2242/2242 2287/2287/2287 2288/2288/2288
f 2242/2242/2242 2288/2288/2288 2243/2243/2243
f 2280/2280/2280 2288/2288/2288 2234/2234/2234
f 2280/2280/2280 2234/2234/2234 2226/2226/2226
f 2243/2243/2243 2288/2288/2288 2280/2280/2280
f 2243/2243/2243 2280/2280/2280 2235/2235/2235
f 2289/2289/2289 2235/2235/2235 2236/2236/2236
f 2289/2289/2289 2236/2236/2236 2290/2290/2290
f 2244/2244/2244 2289/2289/2289 2290/2290/2290
f 2244/2244/2244 2290/2290/2290 2245/2245/2245
f 2290/2290/2290 2236/2236/2236 2237/2237/2237
f 2290/2290/2290 2237/2237/2237 2291/2291/2291
f 2245/2245/2245 2290/2290/2290 2291/2291/2291
f 2245/2245/2245 2291/2291/2291 2246/2246/2246
f 2291/2291/2291 2237/2237/2237 2238/2238/2238
f 2291/2291/2291 2238/2238/2238 2292/2292/2292
f 2246/2246/2246 2291/2291/2291 2292/2292/2292
f 2246/2246/2246 2292/2292/2292 2247/2247/2247
f 2292/2292/2292 2238/2238/2238 2239/2239/2239
f 2292/2292/2292 2239/2239/2239 2293/2293/2293
f 2247/2247/2247 2292/2292/2292 2293/2293/2293
f 2247/2247/2247 2293/2293/2293 2248/2248/2248
f 2293/2293/2293 2239/2239/2239 2241/2241/2241
f 2293/2293/2293 2241/2241/2241 2295/2295/2295
f 2248/2248/2248 2293/2293/2293 2295/2295/2295
f 2248/2248/2248 2295/2295/2295 2250/2250/2250
f 2294/2294/2294 2240/2240/2240 2242/2242/2242
f 2294/2294/2294 2242/2242/2242 2296/2296/2296
f 2249/2249/2249 2294/2294/2294 2296/2296/2296
f 2249/2249/2249 2296/2296/2296 2251/2251/2251
f 2296/2296/2296 2242/2242/2242 2243/2243/2243
f 2296/2296/2296 2243/2243/2243 2297/2297/2297
f 2251/2251/2251 2296/2296/2296 2297/2297/2297
f 2251/2251/2251 2297/2297/2297 2252/2252/2252
f 2289/2289/2289 2297/2297/2297 2243/2243/2243
f 2289/2289/2289 2243/2243/2243 2235/2235/2235
f 2252/2252/2252 2297/2297/2297 2289/2289/2289
f 2252/2252/2252 2289/2289/2289 2244/2244/2244
f 2298/2298/2298 2244/2244/2244 2245/2245/2245
f 2298/2298/2298 2245/2245/2245 2299/2299/2299
f 2253/2253/2253 2298/2298/2298 2299/2299/2299
f 2253/2253/2253 2299/2299/2299 2254/2254/2254
f 2299/2299/2299 2245/2245/2245 2246/2246/2246
f 2299/2299/2299 2246/2246/2246 2300/2300/2300
f 2254/2254/2254 2299/2299/2299 2300/2300/2300
f 2254/2254/2254 2300/2300/2300 2255/2255/2255
f 2300/2300/2300 2246/2246/2246 2247/2247/2247
f 2300/2300/2300 2247/2247/2247 2301/2301/2301
f 2255/2255/2255 2300/2300/2300 2301/2301/2301
f 2255/2255/2255 2301/2301/2301 2256/2256/2256
f 2301/2301/2301 2247/2247/2247 2248/2248/2248
f 2301/2301/2301 2248/2248/2248 2302/2302/2302
f 2256/2256/2256 2301/2301/2301 2302/2302/2302
f 2256/2256/2256 2302/2302/2302 2257/2257/2257
f 2302/2302/2302 2248/2248/2248 2250/2250/2250
f 2302/2302/2302 2250/2250/2250 2304/2304/2304
f 2257/2257/2257 2302/2302/2302 2304/2304/2304
f 2257/2257/2257 2304/2304/2304 2259/2259/2259
f 2303/2303/2303 2249/2249/2249 2251/2251/2251
f 2303/2303/2303 2251/2251/2251 2305/2305/2305
f 2258/2258/2258 2303/2303/2303 2305/2305/2305
f 2258/2258/2258 2305/2305/2305 2260/2260/2260
f 2305/2305/2305 2251/2251/2251 2252/2252/2252
f 2305/2305/2305 2252/2252/2252 2306/2306/2306
f 2260/2260/2260 2305/2305/2305 2306/2306/2306
f 2260/2260/2260 2306/2306/2306 2261/2261/2261
f 2298/2298/2298 2306/2306/2306 2252/2252/2252
f 2298/2298/2298 2252/2252/2252 2244/2244/2244
f 2261/2261/2261 2306/2306/2306 2298/2298/2298
f 2261/2261/2261 2298/2298/2298 2253/2253/2253
f 1822/1822/1822 1821/1821/1821 2254/2254/2254
f 1822/1822/1822 2254/2254/2254 2255/2255/2255
f 1823/1823/1823 1822/1822/1822 2255/2255/2255
f 1823/1823/1823 2255/2255/2255 2256/2256/2256
f 1824/1824/1824 1823/1823/1823 2256/2256/2256
f 1824/1824/1824 2256/2256/2256 2257/2257/2257
f 1826/1826/1826 1824/1824/1824 2257/2257/2257
f 1826/1826/1826 2257/2257/2257 2259/2259/2259
f 1827/1827/1827 1825/1825/1825 2258/2258/2258
f 1827/1827/1827 2258/2258/2258 2260/2260/2260
f 1828/1828/1828 1827/1827/1827 2260/2260/2260
f 1828/1828/1828 2260/2260/2260 2261/2261/2261
f 1820/1820/1820 1828/1828/1828 2261/2261/2261
f 1820/1820/1820 2261/2261/2261 2253/2253/2253
f 2771/2771/2771 2772/2772/2772 2308/2308/2308
f 2771/2771/2771 2308/2308/2308 2307/2307/2307
f 2317/2317/2317 2772/2772/2772 2771/2771/2771
f 2317/2317/2317 2771/2771/2771 2316/2316/2316
f 2772/2772/2772 2773/2773/2773 2309/2309/2309
f 2772/2772/2772 2309/2309/2309 2308/2308/2308
f 2318/2318/2318 2773/2773/2773 2772/2772/2772
f 2318/2318/2318 2772/2772/2772 2317/2317/2317
f 2773/2773/2773 2775/2775/2775 2311/2311/2311
f 2773/2773/2773 2311/2311/2311 2309/2309/2309
f 2320/2320/2320 2775/2775/2775 2773/2773/2773
f 2320/2320/2320 2773/2773/2773 2318/2318/2318
f 2774/2774/2774 2776/2776/2776 2312/2312/2312
f 2774/2774/2774 2312/2312/2312 2310/2310/2310
f 2321/2321/2321 2776/2776/2776 2774/2774/2774
f 2321/2321/2321 2774/2774/2774 2319/2319/2319
f 2776/2776/2776 2777/2777/2777 2313/2313/2313
f 2776/2776/2776 2313/2313/2313 2312/2312/2312
f 2322/2322/2322 2777/2777/2777 2776/2776/2776
f 2322/2322/2322 2776/2776/2776 2321/2321/2321
f 2777/2777/2777 2778/2778/2778 2314/2314/2314
f 2777/2777/2777 2314/2314/2314 2313/2313/2313
f 2323/2323/2323 2778/2778/2778 2777/2777/2777
f 2323/2323/2323 2777/2777/2777 2322/2322/2322
f 2778/2778/2778 2779/2779/2779 2315/2315/2315
f 2778/2778/2778 2315/2315/2315 2314/2314/2314
f 2324/2324/2324 2779/2779/2779 2778/2778/2778
f 2324/2324/2324 2778/2778/2778 2323/2323/2323
f 2779/2779/2779 2771/2771/2771 2307/2307/2307
f 2779/2779/2779 2307/2307/2307 2315/2315/2315
f 2316/2316/2316 2771/2771/2771 2779/2779/2779
f 2316/2316/2316 2779/2779/2779 2324/2324/2324
f 2780/2780/2780 2781/2781/2781 2317/2317/2317
f 2780/2780/2780 2317/2317/2317 2316/2316/2316
f 2326/2326/2326 2781/2781/2781 2780/2780/2780
f 2326/2326/2326 2780/2780/2780 2325/2325/2325
f 2781/2781/2781 2782/2782/2782 2318/2318/2318
f 2781/2781/2781 2318/2318/2318 2317/2317/2317
f 2327/2327/2327 2782/2782/2782 2781/2781/2781
f 2327/2327/2327 2781/2781/2781 2326/2326/2326
f 2782/2782/2782 2784/2784/2784 2320/2320/2320
f 2782/2782/2782 2320/2320/2320 2318/2318/2318
f 2329/2329/2329 2784/2784/2784 2782/2782/2782
f 2329/2329/2329 2782/2782/2782 2327/2327/2327
f 2783/2783/2783 2785/2785/2785 2321/2321/2321
f 2783/2783/2783 2321/2321/2321 2319/2319/2319
f 2330/2330/2330 2785/2785/2785 2783/2783/2783
f 2330/2330/2330 2783/2783/2783 2328/2328/2328
f 2785/2785/2785 2786/2786/2786 2322/2322/2322
f 2785/2785/2785 2322/2322/2322 2321/2321/2321
f 2331/2331/2331 2786/2786/2786 2785/2785/2785
f 2331/2331/2331 2785/2785/2785 2330/2330/2330
f 2786/2786/2786 2787/2787/2787 2323/2323/2323
f 2786/2786/2786 2323/2323/2323 2322/2322/2322
f 2332/2332/2332 2787/2787/2787 2786/2786/2786
f 2332/2332/2332 2786/2786/2786 2331/2331/2331
f 2787/2787/2787 2788/2788/2788 2324/2324/2324
f 2787/2787/2787 2324/2324/2324 2323/2323/2323
f 2333/2333/2333 2788/2788/2788 2787/2787/2787
f 2333/2333/2333 2787/2787/2787 2332/2332/2332
f 2788/2788/2788 2780/2780/2780 2316/2316/2316
f 2788/2788/2788 2316/2316/2316 2324/2324/2324
f 2325/2325/2325 2780/2780/2780 2788/2788/2788
f 2325/2325/2325 2788/2788/2788 2333/2333/2333
f 2789/2789/2789 2790/2790/2790 2326/2326/2326
f 2789/2789/2789 2326/2326/2326 2325/2325/2325
f 2790/2790/2790 2791/2791/2791 2327/2327/2327
f 2790/2790/2790 2327/2327/2327 2326/2326/2326
f 2791/2791/2791 2793/2793/2793 2329/2329/2329
f 2791/2791/2791 2329/2329/2329 2327/2327/2327
f 2792/2792/2792 2794/2794/2794 2330/2330/2330
f 2792/2792/2792 2330/2330/2330 2328/2328/2328
f 2794/2794/2794 2795/2795/2795 2331/2331/2331
f 2794/2794/2794 2331/2331/2331 2330/2330/2330
f 2795/2795/2795 2796/2796/2796 2332/2332/2332
f 2795/2795/2795 2332/2332/2332 2331/2331/2331
f 2796/2796/2796 2797/2797/2797 2333/2333/2333
f 2796/2796/2796 2333/2333/2333 2332/2332/2332
f 2797/2797/2797 2789/2789/2789 2325/2325/2325
f 2797/2797/2797 2325/2325/2325 2333/2333/2333
f 2487/2487/2487 2486/2486/2486 2460/2460/2460
f 2487/2487/2487 2460/2460/2460 2461/2461/2461
f 2488/2488/2488 2487/2487/2487 2461/2461/2461
f 2488/2488/2488 2461/2461/2461 2462/2462/2462
f 2490/2490/2490 2488/2488/2488 2462/2462/2462
f 2490/2490/2490 2462/2462/2462 2464/2464/2464
f 2491/2491/2491 2489/2489/2489 2463/2463/2463
f 2491/2491/2491 2463/2463/2463 2465/2465/2465
f 2492/2492/2492 2491/2491/2491 2465/2465/2465
f 2492/2492/2492 2465/2465/2465 2466/2466/2466
f 2493/2493/2493 2492/2492/2492 2466/2466/2466
f 2493/2493/2493 2466/2466/2466 2467/2467/2467
f 2335/2335/2335 2529/2529/2529 2528/2528/2528
f 2335/2335/2335 2528/2528/2528 2334/2334/2334
f 2336/2336/2336 2530/2530/2530 2529/2529/2529
f 2336/2336/2336 2529/2529/2529 2335/2335/2335
f 2337/2337/2337 2531/2531/2531 2530/2530/2530
f 2337/2337/2337 2530/2530/2530 2336/2336/2336
f 2339/2339/2339 2533/2533/2533 2532/2532/2532
f 2339/2339/2339 2532/2532/2532 2338/2338/2338
f 2340/2340/2340 2534/2534/2534 2533/2533/2533
f 2340/2340/2340 2533/2533/2533 2339/2339/2339
f 2341/2341/2341 2535/2535/2535 2534/2534/2534
f 2341/2341/2341 2534/2534/2534 2340/2340/2340
f 2342/2342/2342 2536/2536/2536 2535/2535/2535
f 2342/2342/2342 2535/2535/2535 2341/2341/2341
f 2334/2334/2334 2528/2528/2528 2536/2536/2536
f 2334/2334/2334 2536/2536/2536 2342/2342/2342
f 2344/2344/2344 2335/2335/2335 2334/2334/2334
f 2344/2344/2344 2334/2334/2334 2343/2343/2343
f 2345/2345/2345 2336/2336/2336 2335/2335/2335
f 2345/2345/2345 2335/2335/2335 2344/2344/2344
f 2346/2346/2346 2337/2337/2337 2336/2336/2336
f 2346/2346/2346 2336/2336/2336 2345/2345/2345
f 2348/2348/2348 2339/2339/2339 2338/2338/2338
f 2348/2348/2348 2338/2338/2338 2347/2347/2347
f 2349/2349/2349 2340/2340/2340 2339/2339/2339
f 2349/2349/2349 2339/2339/2339 2348/2348/2348
f 2350/2350/2350 2341/2341/2341 2340/2340/2340
f 2350/2350/2350 2340/2340/2340 2349/2349/2349
f 2351/2351/2351 2342/2342/2342 2341/2341/2341
f 2351/2351/2351 2341/2341/2341 2350/2350/2350
f 2343/2343/2343 2334/2334/2334 2342/2342/2342
f 2343/2343/2343 2342/2342/2342 2351/2351/2351
f 2353/2353/2353 2344/2344/2344 2343/2343/2343
f 2353/2353/2353 2343/2343/2343 2352/2352/2352
f 2354/2354/2354 2345/2345/2345 2344/2344/2344
f 2354/2354/2354 2344/2344/2344 2353/2353/2353
f 2356/2356/2356 2346/2346/2346 2345/2345/2345
f 2356/2356/2356 2345/2345/2345 2354/2354/2354
f 2357/2357/2357 2348/2348/2348 2347/2347/2347
f 2357/2357/2357 2347/2347/2347 2355/2355/2355
f 2358/2358/2358 2349/2349/2349 2348/2348/2348
f 2358/2358/2358 2348/2348/2348 2357/2357/2357
f 2359/2359/2359 2350/2350/2350 2349/2349/2349
f 2359/2359/2359 2349/2349/2349 2358/2358/2358
f 2360/2360/2360 2351/2351/2351 2350/2350/2350
f 2360/2360/2360 2350/2350/2350 2359/2359/2359
f 2352/2352/2352 2343/2343/2343 2351/2351/2351
f 2352/2352/2352 2351/2351/2351 2360/2360/2360
f 2362/2362/2362 2353/2353/2353 2352/2352/2352
f 2362/2362/2362 2352/2352/2352 2361/2361/2361
f 2363/2363/2363 2354/2354/2354 2353/2353/2353
f 2363/2363/2363 2353/2353/2353 2362/2362/2362
f 2365/2365/2365 2356/2356/2356 2354/2354/2354
f 2365/2365/2365 2354/2354/2354 2363/2363/2363
f 2366/2366/2366 2357/2357/2357 2355/2355/2355
f 2366/2366/2366 2355/2355/2355 2364/2364/2364
f 2367/2367/2367 2358/2358/2358 2357/2357/2357
f 2367/2367/2367 2357/2357/2357 2366/2366/2366
f 2368/2368/2368 2359/2359/2359 2358/2358/2358
f 2368/2368/2368 2358/2358/2358 2367/2367/2367
f 2369/2369/2369 2360/2360/2360 2359/2359/2359
f 2369/2369/2369 2359/2359/2359 2368/2368/2368
f 2361/2361/2361 2352/2352/2352 2360/2360/2360
f 2361/2361/2361 2360/2360/2360 2369/2369/2369
f 2371/2371/2371 2362/2362/2362 2361/2361/2361
f 2371/2371/2371 2361/2361/2361 2370/2370/2370
f 2372/2372/2372 2363/2363/2363 2362/2362/2362
f 2372/2372/2372 2362/2362/2362 2371/2371/2371
f 2374/2374/2374 2365/2365/2365 2363/2363/2363
f 2374/2374/2374 2363/2363/2363 2372/2372/2372
f 2375/2375/2375 2366/2366/2366 2364/2364/2364
f 2375/2375/2375 2364/2364/2364 2373/2373/2373
f 2376/2376/2376 2367/2367/2367 2366/2366/2366
f 2376/2376/2376 2366/2366/2366 2375/2375/2375
f 2377/2377/2377 2368/2368/2368 2367/2367/2367
f 2377/2377/2377 2367/2367/2367 2376/2376/2376
f 2378/2378/2378 2369/2369/2369 2368/2368/2368
f 2378/2378/2378 2368/2368/2368 2377/2377/2377
f 2370/2370/2370 2361/2361/2361 2369/2369/2369
f 2370/2370/2370 2369/2369/2369 2378/2378/2378
f 2380/2380/2380 2371/2371/2371 2370/2370/2370
f 2380/2380/2380 2370/2370/2370 2379/2379/2379
f 2381/2381/2381 2372/2372/2372 2371/2371/2371
f 2381/2381/2381 2371/2371/2371 2380/2380/2380
f 2383/2383/2383 2374/2374/2374 2372/2372/2372
f 2383/2383/2383 2372/2372/2372 2381/2381/2381
f 2384/2384/2384 2375/2375/2375 2373/2373/2373
f 2384/2384/2384 2373/2373/2373 2382/2382/2382
f 2385/2385/2385 2376/2376/2376 2375/2375/2375
f 2385/2385/2385 2375/2375/2375 2384/2384/2384
f 2386/2386/2386 2377/2377/2377 2376/2376/2376
f 2386/2386/2386 2376/2376/2376 2385/2385/2385
f 2387/2387/2387 2378/2378/2378 2377/2377/2377
f 2387/2387/2387 2377/2377/2377 2386/2386/2386
f 2379/2379/2379 2370/2370/2370 2378/2378/2378
f 2379/2379/2379 2378/2378/2378 2387/2387/2387
f 2389/2389/2389 2380/2380/2380 2379/2379/2379
f 2389/2389/2389 2379/2379/2379 2388/2388/2388
f 2390/2390/2390 2381/2381/2381 2380/2380/2380
f 2390/2390/2390 2380/2380/2380 2389/2389/2389
f 2392/2392/2392 2383/2383/2383 2381/2381/2381
f 2392/2392/2392 2381/2381/2381 2390/2390/2390
f 2393/2393/2393 2384/2384/2384 2382/2382/2382
f 2393/2393/2393 2382/2382/2382 2391/2391/2391
f 2394/2394/2394 2385/2385/2385 2384/2384/2384
f 2394/2394/2394 2384/2384/2384 2393/2393/2393
f 2395/2395/2395 2386/2386/2386 2385/2385/2385
f 2395/2395/2395 2385/2385/2385 2394/2394/2394
f 2396/2396/2396 2387/2387/2387 2386/2386/2386
f 2396/2396/2396 2386/2386/2386 2395/2395/2395
f 2388/2388/2388 2379/2379/2379 2387/2387/2387
f 2388/2388/2388 2387/2387/2387 2396/2396/2396
f 2398/2398/2398 2389/2389/2389 2388/2388/2388
f 2398/2398/2398 2388/2388/2388 2397/2397/2397
f 2399/2399/2399 2390/2390/2390 2389/2389/2389
f 2399/2399/2399 2389/2389/2389 2398/2398/2398
f 2401/2401/2401 2392/2392/2392 2390/2390/2390
f 2401/2401/2401 2390/2390/2390 2399/2399/2399
f 2402/2402/2402 2393/2393/2393 2391/2391/2391
f 2402/2402/2402 2391/2391/2391 2400/2400/2400
f 2403/2403/2403 2394/2394/2394 2393/2393/2393
f 2403/2403/2403 2393/2393/2393 2402/2402/2402
f 2404/2404/2404 2395/2395/2395 2394/2394/2394
f 2404/2404/2404 2394/2394/2394 2403/2403/2403
f 2405/2405/2405 2396/2396/2396 2395/2395/2395
f 2405/2405/2405 2395/2395/2395 2404/2404/2404
f 2397/2397/2397 2388/2388/2388 2396/2396/2396
f 2397/2397/2397 2396/2396/2396 2405/2405/2405
f 2407/2407/2407 2398/2398/2398 2397/2397/2397
f 2407/2407/2407 2397/2397/2397 2406/2406/2406
f 2408/2408/2408 2399/2399/2399 2398/2398/2398
f 2408/2408/2408 2398/2398/2398 2407/2407/2407
f 2409/2409/2409 2401/2401/2401 2399/2399/2399
f 2409/2409/2409 2399/2399/2399 2408/2408/2408
f 2411/2411/2411 2402/2402/2402 2400/2400/2400
f 2411/2411/2411 2400/2400/2400 2410/2410/2410
f 2412/2412/2412 2403/2403/2403 2402/2402/2402
f 2412/2412/2412 2402/2402/2402 2411/2411/2411
f 2413/2413/2413 2404/2404/2404 2403/2403/2403
f 2413/2413/2413 2403/2403/2403 2412/2412/2412
f 2414/2414/2414 2405/2405/2405 2404/2404/2404
f 2414/2414/2414 2404/2404/2404 2413/2413/2413
f 2406/2406/2406 2397/2397/2397 2405/2405/2405
f 2406/2406/2406 2405/2405/2405 2414/2414/2414
f 2416/2416/2416 2407/2407/2407 2406/2406/2406
f 2416/2416/2416 2406/2406/2406 2415/2415/2415
f 2417/2417/2417 2408/2408/2408 2407/2407/2407
f 2417/2417/2417 2407/2407/2407 2416/2416/2416
f 2418/2418/2418 2409/2409/2409 2408/2408/2408
f 2418/2418/2418 2408/2408/2408 2417/2417/2417
f 2420/2420/2420 2411/2411/2411 2410/2410/2410
f 2420/2420/2420 2410/2410/2410 2419/2419/2419
f 2421/2421/2421 2412/2412/2412 2411/2411/2411
f 2421/2421/2421 2411/2411/2411 2420/2420/2420
f 2422/2422/2422 2413/2413/2413 2412/2412/2412
f 2422/2422/2422 2412/2412/2412 2421/2421/2421
f 2423/2423/2423 2414/2414/2414 2413/2413/2413
f 2423/2423/2423 2413/2413/2413 2422/2422/2422
f 2415/2415/2415 2406/2406/2406 2414/2414/2414
f 2415/2415/2415 2414/2414/2414 2423/2423/2423
f 2425/2425/2425 2416/2416/2416 2415/2415/2415
f 2425/2425/2425 2415/2415/2415 2424/2424/2424
f 2426/2426/2426 2417/2417/2417 2416/2416/2416
f 2426/2426/2426 2416/2416/2416 2425/2425/2425
f 2427/2427/2427 2418/2418/2418 2417/2417/2417
f 2427/2427/2427 2417/2417/2417 2426/2426/2426
f 2429/2429/2429 2420/2420/2420 2419/2419/2419
f 2429/2429/2429 2419/2419/2419 2428/2428/2428
f 2430/2430/2430 2421/2421/2421 2420/2420/2420
f 2430/2430/2430 2420/2420/2420 2429/2429/2429
f 2431/2431/2431 2422/2422/2422 2421/2421/2421
f 2431/2431/2431 2421/2421/2421 2430/2430/2430
f 2432/2432/2432 2423/2423/2423 2422/2422/2422
f 2432/2432/2432 2422/2422/2422 2431/2431/2431
f 2424/2424/2424 2415/2415/2415 2423/2423/2423
f 2424/2424/2424 2423/2423/2423 2432/2432/2432
f 2434/2434/2434 2425/2425/2425 2424/2424/2424
f 2434/2434/2434 2424/2424/2424 2433/2433/2433
f 2435/2435/2435 2426/2426/2426 2425/2425/2425
f 2435/2435/2435 2425/2425/2425 2434/2434/2434
f 2436/2436/2436 2427/2427/2427 2426/2426/2426
f 2436/2436/2436 2426/2426/2426 2435/2435/2435
f 2438/2438/2438 2429/2429/2429 2428/2428/2428
f 2438/2438/2438 2428/2428/2428 2437/2437/2437
f 2439/2439/2439 2430/2430/2430 2429/2429/2429
f 2439/2439/2439 2429/2429/2429 2438/2438/2438
f 2440/2440/2440 2431/2431/2431 2430/2430/2430
f 2440/2440/2440 2430/2430/2430 2439/2439/2439
f 2441/2441/2441 2432/2432/2432 2431/2431/2431
f 2441/2441/2441 2431/2431/2431 2440/2440/2440
f 2433/2433/2433 2424/2424/2424 2432/2432/2432
f 2433/2433/2433 2432/2432/2432 2441/2441/2441
f 2443/2443/2443 2434/2434/2434 2433/2433/2433
f 2443/2443/2443 2433/2433/2433 2442/2442/2442
f 2444/2444/2444 2435/2435/2435 2434/2434/2434
f 2444/2444/2444 2434/2434/2434 2443/2443/2443
f 2445/2445/2445 2436/2436/2436 2435/2435/2435
f 2445/2445/2445 2435/2435/2435 2444/2444/2444
f 2447/2447/2447 2438/2438/2438 2437/2437/2437
f 2447/2447/2447 2437/2437/2437 2446/2446/2446
f 2448/2448/2448 2439/2439/2439 2438/2438/2438
f 2448/2448/2448 2438/2438/2438 2447/2447/2447
f 2449/2449/2449 2440/2440/2440 2439/2439/2439
f 2449/2449/2449 2439/2439/2439 2448/2448/2448
f 2450/2450/2450 2441/2441/2441 2440/2440/2440
f 2450/2450/2450 2440/2440/2440 2449/2449/2449
f 2442/2442/2442 2433/2433/2433 2441/2441/2441
f 2442/2442/2442 2441/2441/2441 2450/2450/2450
f 2451/2451/2451 2452/2452/2452 2443/2443/2443
f 2451/2451/2451 2443/2443/2443 2442/2442/2442
f 2452/2452/2452 2453/2453/2453 2444/2444/2444
f 2452/2452/2452 2444/2444/2444 2443/2443/2443
f 2453/2453/2453 2455/2455/2455 2445/2445/2445
f 2453/2453/2453 2445/2445/2445 2444/2444/2444
f 2454/2454/2454 2456/2456/2456 2447/2447/2447
f 2454/2454/2454 2447/2447/2447 2446/2446/2446
f 2456/2456/2456 2457/2457/2457 2448/2448/2448
f 2456/2456/2456 2448/2448/2448 2447/2447/2447
f 2457/2457/2457 2458/2458/2458 2449/2449/2449
f 2457/2457/2457 2449/2449/2449 2448/2448/2448
f 2458/2458/2458 2459/2459/2459 2450/2450/2450
f 2458/2458/2458 2450/2450/2450 2449/2449/2449
f 2459/2459/2459 2451/2451/2451 2442/2442/2442
f 2459/2459/2459 2442/2442/2442 2450/2450/2450
f 1821/1821/1821 1820/1820/1820 2253/2253/2253
f 1821/1821/1821 2253/2253/2253 2254/2254/2254
f 2798/2798/2798 2799/2799/2799 2814/2814/2814
f 2798/2798/2798 2814/2814/2814 2809/2809/2809
f 2307/2307/2307 2308/2308/2308 2799/2799/2799
f 2307/2307/2307 2799/2799/2799 2798/2798/2798
f 2799/2799/2799 2800/2800/2800 2819/2819/2819
f 2799/2799/2799 2819/2819/2819 2814/2814/2814
f 2308/2308/2308 2309/2309/2309 2800/2800/2800
f 2308/2308/2308 2800/2800/2800 2799/2799/2799
f 2800/2800/2800 2802/2802/2802 2825/2825/2825
f 2800/2800/2800 2825/2825/2825 2819/2819/2819
f 2309/2309/2309 2311/2311/2311 2802/2802/2802
f 2309/2309/2309 2802/2802/2802 2800/2800/2800
f 2801/2801/2801 2803/2803/2803 2831/2831/2831
f 2801/2801/2801 2831/2831/2831 2824/2824/2824
f 2310/2310/2310 2312/2312/2312 2803/2803/2803
f 2310/2310/2310 2803/2803/2803 2801/2801/2801
f 2803/2803/2803 2804/2804/2804 2836/2836/2836
f 2803/2803/2803 2836/2836/2836 2831/2831/2831
f 2312/2312/2312 2313/2313/2313 2804/2804/2804
f 2312/2312/2312 2804/2804/2804 2803/2803/2803
f 2804/2804/2804 2805/2805/2805 2841/2841/2841
f 2804/2804/2804 2841/2841/2841 2836/2836/2836
f 2313/2313/2313 2314/2314/2314 2805/2805/2805
f 2313/2313/2313 2805/2805/2805 2804/2804/2804
f 2805/2805/2805 2806/2806/2806 2846/2846/2846
f 2805/2805/2805 2846/2846/2846 2841/2841/2841
f 2314/2314/2314 2315/2315/2315 2806/2806/2806
f 2314/2314/2314 2806/2806/2806 2805/2805/2805
f 2806/2806/2806 2798/2798/2798 2809/2809/2809
f 2806/2806/2806 2809/2809/2809 2846/2846/2846
f 2315/2315/2315 2307/2307/2307 2798/2798/2798
f 2315/2315/2315 2798/2798/2798 2806/2806/2806
f 2808/2808/2808 2813/2813/2813 2812/2812/2812
f 2808/2808/2808 2812/2812/2812 2807/2807/2807
f 2811/2811/2811 2816/2816/2816 2813/2813/2813
f 2811/2811/2811 2813/2813/2813 2808/2808/2808
f 2809/2809/2809 2814/2814/2814 2815/2815/2815
f 2809/2809/2809 2815/2815/2815 2810/2810/2810
f 2813/2813/2813 2818/2818/2818 2817/2817/2817
f 2813/2813/2813 2817/2817/2817 2812/2812/2812
f 2816/2816/2816 2821/2821/2821 2818/2818/2818
f 2816/2816/2816 2818/2818/2818 2813/2813/2813
f 2814/2814/2814 2819/2819/2819 2820/2820/2820
f 2814/2814/2814 2820/2820/2820 2815/2815/2815
f 2818/2818/2818 2823/2823/2823 2822/2822/2822
f 2818/2818/2818 2822/2822/2822 2817/2817/2817
f 2821/2821/2821 2828/2828/2828 2823/2823/2823
f 2821/2821/2821 2823/2823/2823 2818/2818/2818
f 2819/2819/2819 2825/2825/2825 2826/2826/2826
f 2819/2819/2819 2826/2826/2826 2820/2820/2820
f 2823/2823/2823 2830/2830/2830 2829/2829/2829
f 2823/2823/2823 2829/2829/2829 2822/2822/2822
f 2828/2828/2828 2833/2833/2833 2830/2830/2830
f 2828/2828/2828 2830/2830/2830 2823/2823/2823
f 2824/2824/2824 2831/2831/2831 2832/2832/2832
f 2824/2824/2824 2832/2832/2832 2827/2827/2827
f 2830/2830/2830 2835/2835/2835 2834/2834/2834
f 2830/2830/2830 2834/2834/2834 2829/2829/2829
f 2833/2833/2833 2838/2838/2838 2835/2835/2835
f 2833/2833/2833 2835/2835/2835 2830/2830/2830
f 2831/2831/2831 2836/2836/2836 2837/2837/2837
f 2831/2831/2831 2837/2837/2837 2832/2832/2832
f 2835/2835/2835 2840/2840/2840 2839/2839/2839
f 2835/2835/2835 2839/2839/2839 2834/2834/2834
f 2838/2838/2838 2843/2843/2843 2840/2840/2840
f 2838/2838/2838 2840/2840/2840 2835/2835/2835
f 2836/2836/2836 2841/2841/2841 2842/2842/2842
f 2836/2836/2836 2842/2842/2842 2837/2837/2837
f 2840/2840/2840 2845/2845/2845 2844/2844/2844
f 2840/2840/2840 2844/2844/2844 2839/2839/2839
f 2843/2843/2843 2848/2848/2848 2845/2845/2845
f 2843/2843/2843 2845/2845/2845 2840/2840/2840
f 2841/2841/2841 2846/2846/2846 2847/2847/2847
f 2841/2841/2841 2847/2847/2847 2842/2842/2842
f 2845/2845/2845 2808/2808/2808 2807/2807/2807
f 2845/2845/2845 2807/2807/2807 2844/2844/2844
f 2848/2848/2848 2811/2811/2811 2808/2808/2808
f 2848/2848/2848 2808/2808/2808 2845/2845/2845
f 2846/2846/2846 2809/2809/2809 2810/2810/2810
f 2846/2846/2846 2810/2810/2810 2847/2847/2847
f 2051/2051/2051 2036/2036/2036 2469/2469/2469
f 2051/2051/2051 2469/2469/2469 2476/2476/2476
f 2035/2035/2035 2039/2039/2039 2470/2470/2470
f 2035/2035/2035 2470/2470/2470 2468/2468/2468
f 2039/2039/2039 2041/2041/2041 2471/2471/2471
f 2039/2039/2039 2471/2471/2471 2470/2470/2470
f 2041/2041/2041 2043/2043/2043 2472/2472/2472
f 2041/2041/2041 2472/2472/2472 2471/2471/2471
f 2043/2043/2043 2045/2045/2045 2473/2473/2473
f 2043/2043/2043 2473/2473/2473 2472/2472/2472
f 2045/2045/2045 2047/2047/2047 2474/2474/2474
f 2045/2045/2045 2474/2474/2474 2473/2473/2473
f 2047/2047/2047 2049/2049/2049 2475/2475/2475
f 2047/2047/2047 2475/2475/2475 2474/2474/2474
f 2049/2049/2049 2051/2051/2051 2476/2476/2476
f 2049/2049/2049 2476/2476/2476 2475/2475/2475
f 2503/2503/2503 2461/2461/2461 2460/2460/2460
f 2503/2503/2503 2460/2460/2460 2495/2495/2495
f 2502/2502/2502 2462/2462/2462 2461/2461/2461
f 2502/2502/2502 2461/2461/2461 2503/2503/2503
f 2500/2500/2500 2464/2464/2464 2462/2462/2462
f 2500/2500/2500 2462/2462/2462 2502/2502/2502
f 2499/2499/2499 2465/2465/2465 2463/2463/2463
f 2499/2499/2499 2463/2463/2463 2501/2501/2501
f 2498/2498/2498 2466/2466/2466 2465/2465/2465
f 2498/2498/2498 2465/2465/2465 2499/2499/2499
f 2467/2467/2467 2466/2466/2466 2498/2498/2498
f 2467/2467/2467 2498/2498/2498 2497/2497/2497
f 2176/2176/2176 2485/2485/2485 2484/2484/2484
f 2176/2176/2176 2484/2484/2484 2177/2177/2177
f 2177/2177/2177 2484/2484/2484 2483/2483/2483
f 2177/2177/2177 2483/2483/2483 2178/2178/2178
f 2179/2179/2179 2481/2481/2481 2480/2480/2480
f 2179/2179/2179 2480/2480/2480 2180/2180/2180
f 2180/2180/2180 2480/2480/2480 2479/2479/2479
f 2180/2180/2180 2479/2479/2479 2181/2181/2181
f 2181/2181/2181 2479/2479/2479 2477/2477/2477
f 2181/2181/2181 2477/2477/2477 2174/2174/2174
f 2175/2175/2175 2478/2478/2478 2485/2485/2485
f 2175/2175/2175 2485/2485/2485 2176/2176/2176
f 2476/2476/2476 2469/2469/2469 2175/2175/2175
f 2476/2476/2476 2175/2175/2175 2176/2176/2176
f 2468/2468/2468 2470/2470/2470 2181/2181/2181
f 2468/2468/2468 2181/2181/2181 2174/2174/2174
f 2470/2470/2470 2471/2471/2471 2180/2180/2180
f 2470/2470/2470 2180/2180/2180 2181/2181/2181
f 2471/2471/2471 2472/2472/2472 2179/2179/2179
f 2471/2471/2471 2179/2179/2179 2180/2180/2180
f 2474/2474/2474 2475/2475/2475 2177/2177/2177
f 2474/2474/2474 2177/2177/2177 2178/2178/2178
f 2475/2475/2475 2476/2476/2476 2176/2176/2176
f 2475/2475/2475 2176/2176/2176 2177/2177/2177
f 2486/2486/2486 2487/2487/2487 2790/2790/2790
f 2486/2486/2486 2790/2790/2790 2789/2789/2789
f 2487/2487/2487 2488/2488/2488 2791/2791/2791
f 2487/2487/2487 2791/2791/2791 2790/2790/2790
f 2488/2488/2488 2490/2490/2490 2793/2793/2793
f 2488/2488/2488 2793/2793/2793 2791/2791/2791
f 2489/2489/2489 2491/2491/2491 2794/2794/2794
f 2489/2489/2489 2794/2794/2794 2792/2792/2792
f 2491/2491/2491 2492/2492/2492 2795/2795/2795
f 2491/2491/2491 2795/2795/2795 2794/2794/2794
f 2492/2492/2492 2493/2493/2493 2796/2796/2796
f 2492/2492/2492 2796/2796/2796 2795/2795/2795
f 2494/2494/2494 2797/2797/2797 2796/2796/2796
f 2494/2494/2494 2796/2796/2796 2493/2493/2493
f 2486/2486/2486 2789/2789/2789 2797/2797/2797
f 2486/2486/2486 2797/2797/2797 2494/2494/2494
f 2555/2555/2555 2495/2495/2495 2496/2496/2496
f 2555/2555/2555 2496/2496/2496 2563/2563/2563
f 2563/2563/2563 2496/2496/2496 2497/2497/2497
f 2563/2563/2563 2497/2497/2497 2562/2562/2562
f 2561/2561/2561 2562/2562/2562 2497/2497/2497
f 2561/2561/2561 2497/2497/2497 2498/2498/2498
f 2560/2560/2560 2561/2561/2561 2498/2498/2498
f 2560/2560/2560 2498/2498/2498 2499/2499/2499
f 2559/2559/2559 2560/2560/2560 2499/2499/2499
f 2559/2559/2559 2499/2499/2499 2501/2501/2501
f 2557/2557/2557 2558/2558/2558 2500/2500/2500
f 2557/2557/2557 2500/2500/2500 2502/2502/2502
f 2556/2556/2556 2557/2557/2557 2502/2502/2502
f 2556/2556/2556 2502/2502/2502 2503/2503/2503
f 2555/2555/2555 2556/2556/2556 2503/2503/2503
f 2555/2555/2555 2503/2503/2503 2495/2495/2495
f 2519/2519/2519 2474/2474/2474 2178/2178/2178
f 2519/2519/2519 2178/2178/2178 2505/2505/2505
f 2517/2517/2517 2473/2473/2473 2474/2474/2474
f 2517/2517/2517 2474/2474/2474 2519/2519/2519
f 2515/2515/2515 2472/2472/2472 2473/2473/2473
f 2515/2515/2515 2473/2473/2473 2517/2517/2517
f 2513/2513/2513 2179/2179/2179 2472/2472/2472
f 2513/2513/2513 2472/2472/2472 2515/2515/2515
f 2511/2511/2511 2481/2481/2481 2179/2179/2179
f 2511/2511/2511 2179/2179/2179 2513/2513/2513
f 2509/2509/2509 2482/2482/2482 2481/2481/2481
f 2509/2509/2509 2481/2481/2481 2511/2511/2511
f 2507/2507/2507 2483/2483/2483 2482/2482/2482
f 2507/2507/2507 2482/2482/2482 2509/2509/2509
f 2505/2505/2505 2178/2178/2178 2483/2483/2483
f 2505/2505/2505 2483/2483/2483 2507/2507/2507
f 2496/2496/2496 2504/2504/2504 2506/2506/2506
f 2496/2496/2496 2506/2506/2506 2497/2497/2497
f 2467/2467/2467 2497/2497/2497 2506/2506/2506
f 2467/2467/2467 2506/2506/2506 2508/2508/2508
f 2493/2493/2493 2467/2467/2467 2508/2508/2508
f 2493/2493/2493 2508/2508/2508 2510/2510/2510
f 2494/2494/2494 2493/2493/2493 2510/2510/2510
f 2494/2494/2494 2510/2510/2510 2512/2512/2512
f 2486/2486/2486 2494/2494/2494 2512/2512/2512
f 2486/2486/2486 2512/2512/2512 2514/2514/2514
f 2460/2460/2460 2486/2486/2486 2514/2514/2514
f 2460/2460/2460 2514/2514/2514 2516/2516/2516
f 2495/2495/2495 2460/2460/2460 2516/2516/2516
f 2495/2495/2495 2516/2516/2516 2518/2518/2518
f 2495/2495/2495 2518/2518/2518 2504/2504/2504
f 2495/2495/2495 2504/2504/2504 2496/2496/2496
f 2521/2521/2521 2556/2556/2556 2555/2555/2555
f 2521/2521/2521 2555/2555/2555 2520/2520/2520
f 2522/2522/2522 2557/2557/2557 2556/2556/2556
f 2522/2522/2522 2556/2556/2556 2521/2521/2521
f 2523/2523/2523 2558/2558/2558 2557/2557/2557
f 2523/2523/2523 2557/2557/2557 2522/2522/2522
f 2525/2525/2525 2560/2560/2560 2559/2559/2559
f 2525/2525/2525 2559/2559/2559 2524/2524/2524
f 2526/2526/2526 2561/2561/2561 2560/2560/2560
f 2526/2526/2526 2560/2560/2560 2525/2525/2525
f 2562/2562/2562 2561/2561/2561 2526/2526/2526
f 2562/2562/2562 2526/2526/2526 2527/2527/2527
f 2528/2528/2528 2529/2529/2529 2521/2521/2521
f 2528/2528/2528 2521/2521/2521 2520/2520/2520
f 2521/2521/2521 2529/2529/2529 2530/2530/2530
f 2521/2521/2521 2530/2530/2530 2522/2522/2522
f 2522/2522/2522 2530/2530/2530 2531/2531/2531
f 2522/2522/2522 2531/2531/2531 2523/2523/2523
f 2524/2524/2524 2532/2532/2532 2533/2533/2533
f 2524/2524/2524 2533/2533/2533 2525/2525/2525
f 2525/2525/2525 2533/2533/2533 2534/2534/2534
f 2525/2525/2525 2534/2534/2534 2526/2526/2526
f 2526/2526/2526 2534/2534/2534 2535/2535/2535
f 2526/2526/2526 2535/2535/2535 2527/2527/2527
f 2545/2545/2545 2191/2191/2191 2192/2192/2192
f 2545/2545/2545 2192/2192/2192 2537/2537/2537
f 2543/2543/2543 2197/2197/2197 2191/2191/2191
f 2543/2543/2543 2191/2191/2191 2545/2545/2545
f 2542/2542/2542 2196/2196/2196 2198/2198/2198
f 2542/2542/2542 2198/2198/2198 2544/2544/2544
f 2541/2541/2541 2195/2195/2195 2196/2196/2196
f 2541/2541/2541 2196/2196/2196 2542/2542/2542
f 2540/2540/2540 2194/2194/2194 2195/2195/2195
f 2540/2540/2540 2195/2195/2195 2541/2541/2541
f 2537/2537/2537 2192/2192/2192 2193/2193/2193
f 2537/2537/2537 2193/2193/2193 2538/2538/2538
f 2115/2115/2115 2113/2113/2113 2537/2537/2537
f 2115/2115/2115 2537/2537/2537 2538/2538/2538
f 2117/2117/2117 2115/2115/2115 2538/2538/2538
f 2117/2117/2117 2538/2538/2538 2539/2539/2539
f 2119/2119/2119 2117/2117/2117 2539/2539/2539
f 2119/2119/2119 2539/2539/2539 2540/2540/2540
f 2121/2121/2121 2119/2119/2119 2540/2540/2540
f 2121/2121/2121 2540/2540/2540 2541/2541/2541
f 2123/2123/2123 2121/2121/2121 2541/2541/2541
f 2123/2123/2123 2541/2541/2541 2542/2542/2542
f 2126/2126/2126 2123/2123/2123 2542/2542/2542
f 2126/2126/2126 2542/2542/2542 2544/2544/2544
f 2129/2129/2129 2125/2125/2125 2543/2543/2543
f 2129/2129/2129 2543/2543/2543 2545/2545/2545
f 2113/2113/2113 2129/2129/2129 2545/2545/2545
f 2113/2113/2113 2545/2545/2545 2537/2537/2537
f 2192/2192/2192 2191/2191/2191 2546/2546/2546
f 2192/2192/2192 2546/2546/2546 2554/2554/2554
f 2191/2191/2191 2197/2197/2197 2547/2547/2547
f 2191/2191/2191 2547/2547/2547 2546/2546/2546
f 2198/2198/2198 2196/2196/2196 2549/2549/2549
f 2198/2198/2198 2549/2549/2549 2548/2548/2548
f 2196/2196/2196 2195/2195/2195 2550/2550/2550
f 2196/2196/2196 2550/2550/2550 2549/2549/2549
f 2195/2195/2195 2194/2194/2194 2551/2551/2551
f 2195/2195/2195 2551/2551/2551 2550/2550/2550
f 2193/2193/2193 2192/2192/2192 2554/2554/2554
f 2193/2193/2193 2554/2554/2554 2553/2553/2553
f 2579/2579/2579 2538/2538/2538 2193/2193/2193
f 2579/2579/2579 2193/2193/2193 2565/2565/2565
f 2577/2577/2577 2539/2539/2539 2538/2538/2538
f 2577/2577/2577 2538/2538/2538 2579/2579/2579
f 2575/2575/2575 2540/2540/2540 2539/2539/2539
f 2575/2575/2575 2539/2539/2539 2577/2577/2577
f 2573/2573/2573 2194/2194/2194 2540/2540/2540
f 2573/2573/2573 2540/2540/2540 2575/2575/2575
f 2571/2571/2571 2551/2551/2551 2194/2194/2194
f 2571/2571/2571 2194/2194/2194 2573/2573/2573
f 2569/2569/2569 2552/2552/2552 2551/2551/2551
f 2569/2569/2569 2551/2551/2551 2571/2571/2571
f 2567/2567/2567 2553/2553/2553 2552/2552/2552
f 2567/2567/2567 2552/2552/2552 2569/2569/2569
f 2565/2565/2565 2193/2193/2193 2553/2553/2553
f 2565/2565/2565 2553/2553/2553 2567/2567/2567
f 2535/2535/2535 2536/2536/2536 2564/2564/2564
f 2535/2535/2535 2564/2564/2564 2566/2566/2566
f 2527/2527/2527 2535/2535/2535 2566/2566/2566
f 2527/2527/2527 2566/2566/2566 2568/2568/2568
f 2562/2562/2562 2527/2527/2527 2568/2568/2568
f 2562/2562/2562 2568/2568/2568 2570/2570/2570
f 2563/2563/2563 2562/2562/2562 2570/2570/2570
f 2563/2563/2563 2570/2570/2570 2572/2572/2572
f 2555/2555/2555 2563/2563/2563 2572/2572/2572
f 2555/2555/2555 2572/2572/2572 2574/2574/2574
f 2520/2520/2520 2555/2555/2555 2574/2574/2574
f 2520/2520/2520 2574/2574/2574 2576/2576/2576
f 2528/2528/2528 2520/2520/2520 2576/2576/2576
f 2528/2528/2528 2576/2576/2576 2578/2578/2578
f 2536/2536/2536 2528/2528/2528 2578/2578/2578
f 2536/2536/2536 2578/2578/2578 2564/2564/2564
f 2850/2850/2850 2182/2182/2182 2189/2189/2189
f 2850/2850/2850 2189/2189/2189 2852/2852/2852
f 2853/2853/2853 2190/2190/2190 2188/2188/2188
f 2853/2853/2853 2188/2188/2188 2855/2855/2855
f 2855/2855/2855 2188/2188/2188 2187/2187/2187
f 2855/2855/2855 2187/2187/2187 2856/2856/2856
f 2856/2856/2856 2187/2187/2187 2186/2186/2186
f 2856/2856/2856 2186/2186/2186 2858/2858/2858
f 2858/2858/2858 2186/2186/2186 2185/2185/2185
f 2858/2858/2858 2185/2185/2185 2860/2860/2860
f 2860/2860/2860 2185/2185/2185 2184/2184/2184
f 2860/2860/2860 2184/2184/2184 2862/2862/2862
f 2862/2862/2862 2184/2184/2184 2183/2183/2183
f 2862/2862/2862 2183/2183/2183 2865/2865/2865
f 2865/2865/2865 2183/2183/2183 2182/2182/2182
f 2865/2865/2865 2182/2182/2182 2850/2850/2850
f 2167/2167/2167 2166/2166/2166 2868/2868/2868
f 2167/2167/2167 2868/2868/2868 2882/2882/2882
f 2165/2165/2165 2173/2173/2173 2870/2870/2870
f 2165/2165/2165 2870/2870/2870 2867/2867/2867
f 2173/2173/2173 2172/2172/2172 2872/2872/2872
f 2173/2173/2173 2872/2872/2872 2870/2870/2870
f 2172/2172/2172 2171/2171/2171 2873/2873/2873
f 2172/2172/2172 2873/2873/2873 2872/2872/2872
f 2171/2171/2171 2170/2170/2170 2875/2875/2875
f 2171/2171/2171 2875/2875/2875 2873/2873/2873
f 2170/2170/2170 2169/2169/2169 2877/2877/2877
f 2170/2170/2170 2877/2877/2877 2875/2875/2875
f 2169/2169/2169 2168/2168/2168 2879/2879/2879
f 2169/2169/2169 2879/2879/2879 2877/2877/2877
f 2168/2168/2168 2167/2167/2167 2882/2882/2882
f 2168/2168/2168 2882/2882/2882 2879/2879/2879
f 2864/2864/2864 2849/2849/2849 2584/2584/2584
f 2864/2864/2864 2584/2584/2584 2586/2586/2586
f 2866/2866/2866 2601/2601/2601 2615/2615/2615
f 2866/2866/2866 2615/2615/2615 2881/2881/2881
f 2884/2884/2884 2619/2619/2619 2621/2621/2621
f 2884/2884/2884 2621/2621/2621 2887/2887/2887
f 2863/2863/2863 2864/2864/2864 2586/2586/2586
f 2863/2863/2863 2586/2586/2586 2589/2589/2589
f 2861/2861/2861 2863/2863/2863 2589/2589/2589
f 2861/2861/2861 2589/2589/2589 2591/2591/2591
f 2859/2859/2859 2861/2861/2861 2591/2591/2591
f 2859/2859/2859 2591/2591/2591 2593/2593/2593
f 2857/2857/2857 2859/2859/2859 2593/2593/2593
f 2857/2857/2857 2593/2593/2593 2595/2595/2595
f 2854/2854/2854 2857/2857/2857 2595/2595/2595
f 2854/2854/2854 2595/2595/2595 2596/2596/2596
f 2851/2851/2851 2854/2854/2854 2596/2596/2596
f 2851/2851/2851 2596/2596/2596 2599/2599/2599
f 2849/2849/2849 2851/2851/2851 2599/2599/2599
f 2849/2849/2849 2599/2599/2599 2584/2584/2584
f 2866/2866/2866 2869/2869/2869 2603/2603/2603
f 2866/2866/2866 2603/2603/2603 2601/2601/2601
f 2603/2603/2603 2869/2869/2869 2871/2871/2871
f 2603/2603/2603 2871/2871/2871 2605/2605/2605
f 2605/2605/2605 2871/2871/2871 2874/2874/2874
f 2605/2605/2605 2874/2874/2874 2608/2608/2608
f 2608/2608/2608 2874/2874/2874 2876/2876/2876
f 2608/2608/2608 2876/2876/2876 2610/2610/2610
f 2610/2610/2610 2876/2876/2876 2878/2878/2878
f 2610/2610/2610 2878/2878/2878 2612/2612/2612
f 2612/2612/2612 2878/2878/2878 2880/2880/2880
f 2612/2612/2612 2880/2880/2880 2614/2614/2614
f 2614/2614/2614 2880/2880/2880 2881/2881/2881
f 2614/2614/2614 2881/2881/2881 2615/2615/2615
f 2887/2887/2887 2621/2621/2621 2624/2624/2624
f 2887/2887/2887 2624/2624/2624 2889/2889/2889
f 2889/2889/2889 2624/2624/2624 2625/2625/2625
f 2889/2889/2889 2625/2625/2625 2890/2890/2890
f 2890/2890/2890 2625/2625/2625 2627/2627/2627
f 2890/2890/2890 2627/2627/2627 2892/2892/2892
f 2892/2892/2892 2627/2627/2627 2629/2629/2629
f 2892/2892/2892 2629/2629/2629 2894/2894/2894
f 2894/2894/2894 2629/2629/2629 2631/2631/2631
f 2894/2894/2894 2631/2631/2631 2896/2896/2896
f 2896/2896/2896 2631/2631/2631 2634/2634/2634
f 2896/2896/2896 2634/2634/2634 2899/2899/2899
f 2899/2899/2899 2634/2634/2634 2619/2619/2619
f 2899/2899/2899 2619/2619/2619 2884/2884/2884
f 2636/2636/2636 2638/2638/2638 2904/2904/2904
f 2636/2636/2636 2904/2904/2904 2902/2902/2902
f 2904/2904/2904 2638/2638/2638 2640/2640/2640
f 2904/2904/2904 2640/2640/2640 2906/2906/2906
f 2906/2906/2906 2640/2640/2640 2641/2641/2641
f 2906/2906/2906 2641/2641/2641 2907/2907/2907
f 2907/2907/2907 2641/2641/2641 2643/2643/2643
f 2907/2907/2907 2643/2643/2643 2909/2909/2909
f 2909/2909/2909 2643/2643/2643 2645/2645/2645
f 2909/2909/2909 2645/2645/2645 2911/2911/2911
f 2911/2911/2911 2645/2645/2645 2647/2647/2647
f 2911/2911/2911 2647/2647/2647 2913/2913/2913
f 2913/2913/2913 2647/2647/2647 2651/2651/2651
f 2913/2913/2913 2651/2651/2651 2916/2916/2916
f 2636/2636/2636 2902/2902/2902 2916/2916/2916
f 2636/2636/2636 2916/2916/2916 2651/2651/2651
f 2674/2674/2674 2652/2652/2652 2653/2653/2653
f 2674/2674/2674 2653/2653/2653 2675/2675/2675
f 2653/2653/2653 2652/2652/2652 2655/2655/2655
f 2653/2653/2653 2655/2655/2655 2656/2656/2656
f 2656/2656/2656 2655/2655/2655 2658/2658/2658
f 2656/2656/2656 2658/2658/2658 2660/2660/2660
f 2660/2660/2660 2658/2658/2658 2661/2661/2661
f 2660/2660/2660 2661/2661/2661 2663/2663/2663
f 2663/2663/2663 2661/2661/2661 2664/2664/2664
f 2663/2663/2663 2664/2664/2664 2666/2666/2666
f 2666/2666/2666 2664/2664/2664 2667/2667/2667
f 2666/2666/2666 2667/2667/2667 2669/2669/2669
f 2669/2669/2669 2667/2667/2667 2670/2670/2670
f 2669/2669/2669 2670/2670/2670 2671/2671/2671
f 2671/2671/2671 2670/2670/2670 2674/2674/2674
f 2671/2671/2671 2674/2674/2674 2675/2675/2675
f 2698/2698/2698 2699/2699/2699 2678/2678/2678
f 2698/2698/2698 2678/2678/2678 2677/2677/2677
f 2678/2678/2678 2681/2681/2681 2680/2680/2680
f 2678/2678/2678 2680/2680/2680 2677/2677/2677
f 2681/2681/2681 2684/2684/2684 2683/2683/2683
f 2681/2681/2681 2683/2683/2683 2680/2680/2680
f 2684/2684/2684 2688/2688/2688 2686/2686/2686
f 2684/2684/2684 2686/2686/2686 2683/2683/2683
f 2688/2688/2688 2691/2691/2691 2689/2689/2689
f 2688/2688/2688 2689/2689/2689 2686/2686/2686
f 2691/2691/2691 2694/2694/2694 2692/2692/2692
f 2691/2691/2691 2692/2692/2692 2689/2689/2689
f 2694/2694/2694 2697/2697/2697 2695/2695/2695
f 2694/2694/2694 2695/2695/2695 2692/2692/2692
f 2697/2697/2697 2699/2699/2699 2698/2698/2698
f 2697/2697/2697 2698/2698/2698 2695/2695/2695
f 2724/2724/2724 2702/2702/2702 2704/2704/2704
f 2724/2724/2724 2704/2704/2704 2726/2726/2726
f 2707/2707/2707 2704/2704/2704 2702/2702/2702
f 2707/2707/2707 2702/2702/2702 2705/2705/2705
f 2711/2711/2711 2707/2707/2707 2705/2705/2705
f 2711/2711/2711 2705/2705/2705 2708/2708/2708
f 2713/2713/2713 2711/2711/2711 2708/2708/2708
f 2713/2713/2713 2708/2708/2708 2712/2712/2712
f 2716/2716/2716 2713/2713/2713 2712/2712/2712
f 2716/2716/2716 2712/2712/2712 2715/2715/2715
f 2719/2719/2719 2716/2716/2716 2715/2715/2715
f 2719/2719/2719 2715/2715/2715 2718/2718/2718
f 2722/2722/2722 2719/2719/2719 2718/2718/2718
f 2722/2722/2722 2718/2718/2718 2721/2721/2721
f 2726/2726/2726 2722/2722/2722 2721/2721/2721
f 2726/2726/2726 2721/2721/2721 2724/2724/2724
f 2751/2751/2751 2748/2748/2748 2727/2727/2727
f 2751/2751/2751 2727/2727/2727 2729/2729/2729
f 2727/2727/2727 2730/2730/2730 2732/2732/2732
f 2727/2727/2727 2732/2732/2732 2729/2729/2729
f 2730/2730/2730 2733/2733/2733 2735/2735/2735
f 2730/2730/2730 2735/2735/2735 2732/2732/2732
f 2733/2733/2733 2736/2736/2736 2737/2737/2737
f 2733/2733/2733 2737/2737/2737 2735/2735/2735
f 2736/2736/2736 2739/2739/2739 2740/2740/2740
f 2736/2736/2736 2740/2740/2740 2737/2737/2737
f 2739/2739/2739 2742/2742/2742 2743/2743/2743
f 2739/2739/2739 2743/2743/2743 2740/2740/2740
f 2742/2742/2742 2745/2745/2745 2746/2746/2746
f 2742/2742/2742 2746/2746/2746 2743/2743/2743
f 2745/2745/2745 2748/2748/2748 2751/2751/2751
f 2745/2745/2745 2751/2751/2751 2746/2746/2746
f 2580/2580/2580 2702/2702/2702 2724/2724/2724
f 2580/2580/2580 2724/2724/2724 2721/2721/2721
f 2580/2580/2580 2721/2721/2721 2718/2718/2718
f 2580/2580/2580 2718/2718/2718 2715/2715/2715
f 2580/2580/2580 2715/2715/2715 2712/2712/2712
f 2580/2580/2580 2712/2712/2712 2708/2708/2708
f 2580/2580/2580 2708/2708/2708 2705/2705/2705
f 2580/2580/2580 2705/2705/2705 2702/2702/2702
f 2677/2677/2677 2583/2583/2583 2698/2698/2698
f 2583/2583/2583 2677/2677/2677 2680/2680/2680
f 2583/2583/2583 2680/2680/2680 2683/2683/2683
f 2583/2583/2583 2683/2683/2683 2686/2686/2686
f 2583/2583/2583 2686/2686/2686 2689/2689/2689
f 2583/2583/2583 2689/2689/2689 2692/2692/2692
f 2583/2583/2583 2692/2692/2692 2695/2695/2695
f 2583/2583/2583 2695/2695/2695 2698/2698/2698
f 2655/2655/2655 2652/2652/2652 2581/2581/2581
f 2658/2658/2658 2655/2655/2655 2581/2581/2581
f 2661/2661/2661 2658/2658/2658 2581/2581/2581
f 2664/2664/2664 2661/2661/2661 2581/2581/2581
f 2667/2667/2667 2664/2664/2664 2581/2581/2581
f 2670/2670/2670 2667/2667/2667 2581/2581/2581
f 2674/2674/2674 2670/2670/2670 2581/2581/2581
f 2674/2674/2674 2581/2581/2581 2652/2652/2652
f 2748/2748/2748 2582/2582/2582 2727/2727/2727
f 2582/2582/2582 2730/2730/2730 2727/2727/2727
f 2730/2730/2730 2582/2582/2582 2733/2733/2733
f 2733/2733/2733 2582/2582/2582 2736/2736/2736
f 2736/2736/2736 2582/2582/2582 2739/2739/2739
f 2739/2739/2739 2582/2582/2582 2742/2742/2742
f 2742/2742/2742 2582/2582/2582 2745/2745/2745
f 2745/2745/2745 2582/2582/2582 2748/2748/2748
f 2587/2587/2587 2585/2585/2585 2654/2654/2654
f 2587/2587/2587 2654/2654/2654 2657/2657/2657
f 2588/2588/2588 2587/2587/2587 2657/2657/2657
f 2588/2588/2588 2657/2657/2657 2659/2659/2659
f 2590/2590/2590 2588/2588/2588 2659/2659/2659
f 2590/2590/2590 2659/2659/2659 2662/2662/2662
f 2592/2592/2592 2590/2590/2590 2662/2662/2662
f 2592/2592/2592 2662/2662/2662 2665/2665/2665
f 2594/2594/2594 2592/2592/2592 2665/2665/2665
f 2594/2594/2594 2665/2665/2665 2668/2668/2668
f 2598/2598/2598 2594/2594/2594 2668/2668/2668
f 2598/2598/2598 2668/2668/2668 2673/2673/2673
f 2600/2600/2600 2597/2597/2597 2672/2672/2672
f 2600/2600/2600 2672/2672/2672 2676/2676/2676
f 2585/2585/2585 2600/2600/2600 2676/2676/2676
f 2585/2585/2585 2676/2676/2676 2654/2654/2654
f 2602/2602/2602 2679/2679/2679 2701/2701/2701
f 2602/2602/2602 2701/2701/2701 2617/2617/2617
f 2682/2682/2682 2679/2679/2679 2602/2602/2602
f 2682/2682/2682 2602/2602/2602 2604/2604/2604
f 2685/2685/2685 2682/2682/2682 2604/2604/2604
f 2685/2685/2685 2604/2604/2604 2606/2606/2606
f 2687/2687/2687 2685/2685/2685 2606/2606/2606
f 2687/2687/2687 2606/2606/2606 2607/2607/2607
f 2690/2690/2690 2687/2687/2687 2607/2607/2607
f 2690/2690/2690 2607/2607/2607 2609/2609/2609
f 2693/2693/2693 2690/2690/2690 2609/2609/2609
f 2693/2693/2693 2609/2609/2609 2611/2611/2611
f 2696/2696/2696 2693/2693/2693 2611/2611/2611
f 2696/2696/2696 2611/2611/2611 2613/2613/2613
f 2700/2700/2700 2696/2696/2696 2613/2613/2613
f 2700/2700/2700 2613/2613/2613 2616/2616/2616
f 2620/2620/2620 2618/2618/2618 2703/2703/2703
f 2620/2620/2620 2703/2703/2703 2706/2706/2706
f 2622/2622/2622 2620/2620/2620 2706/2706/2706
f 2622/2622/2622 2706/2706/2706 2709/2709/2709
f 2626/2626/2626 2623/2623/2623 2710/2710/2710
f 2626/2626/2626 2710/2710/2710 2714/2714/2714
f 2628/2628/2628 2626/2626/2626 2714/2714/2714
f 2628/2628/2628 2714/2714/2714 2717/2717/2717
f 2630/2630/2630 2628/2628/2628 2717/2717/2717
f 2630/2630/2630 2717/2717/2717 2720/2720/2720
f 2632/2632/2632 2630/2630/2630 2720/2720/2720
f 2632/2632/2632 2720/2720/2720 2723/2723/2723
f 2633/2633/2633 2632/2632/2632 2723/2723/2723
f 2633/2633/2633 2723/2723/2723 2725/2725/2725
f 2618/2618/2618 2633/2633/2633 2725/2725/2725
f 2618/2618/2618 2725/2725/2725 2703/2703/2703
f 2649/2649/2649 2749/2749/2749 2728/2728/2728
f 2649/2649/2649 2728/2728/2728 2635/2635/2635
f 2728/2728/2728 2731/2731/2731 2637/2637/2637
f 2728/2728/2728 2637/2637/2637 2635/2635/2635
f 2637/2637/2637 2731/2731/2731 2734/2734/2734
f 2637/2637/2637 2734/2734/2734 2639/2639/2639
f 2639/2639/2639 2734/2734/2734 2738/2738/2738
f 2639/2639/2639 2738/2738/2738 2642/2642/2642
f 2642/2642/2642 2738/2738/2738 2741/2741/2741
f 2642/2642/2642 2741/2741/2741 2644/2644/2644
f 2644/2644/2644 2741/2741/2741 2744/2744/2744
f 2644/2644/2644 2744/2744/2744 2646/2646/2646
f 2646/2646/2646 2744/2744/2744 2747/2747/2747
f 2646/2646/2646 2747/2747/2747 2648/2648/2648
f 2648/2648/2648 2747/2747/2747 2750/2750/2750
f 2648/2648/2648 2750/2750/2750 2650/2650/2650
f 3264/3264/3264 3102/3102/3102 3097/3097/3097
f 3264/3264/3264 3107/3107/3107 3102/3102/3102
f 3264/3264/3264 3112/3112/3112 3107/3107/3107
f 3264/3264/3264 3119/3119/3119 3112/3112/3112
f 3264/3264/3264 3124/3124/3124 3119/3119/3119
f 3264/3264/3264 3129/3129/3129 3124/3124/3124
f 3264/3264/3264 3134/3134/3134 3129/3129/3129
f 3264/3264/3264 3097/3097/3097 3134/3134/3134
f 3265/3265/3265 2812/2812/2812 2817/2817/2817
f 3265/3265/3265 2817/2817/2817 2822/2822/2822
f 3265/3265/3265 2822/2822/2822 2829/2829/2829
f 3265/3265/3265 2829/2829/2829 2834/2834/2834
f 3265/3265/3265 2834/2834/2834 2839/2839/2839
f 3265/3265/3265 2839/2839/2839 2844/2844/2844
f 3265/3265/3265 2844/2844/2844 2807/2807/2807
f 2807/2807/2807 2812/2812/2812 3265/3265/3265
